<?xml version="1.0" encoding="UTF-8"?><CentresDeContact xmlns:xsi="http://www.w3.org/2001/XMLSchema-instance" xsi:noNamespaceSchemaLocation="../Schemas/3.4/indexes/CentresDeContact.xsd" xmlns:dc="http://purl.org/dc/elements/1.1/"><dc:date>2024-02-02T14:23:20</dc:date><Audience>Particuliers</Audience><FilDAriane><Niveau ID="Particuliers">Accueil particuliers</Niveau><Niveau type="vosQuestions">Vos questions</Niveau><Niveau ID="centresDeContact" type="Liste - Centres de contact">Centres d'appel et de contact</Niveau></FilDAriane><Contact ID="R167"><Titre>116 006 - Numéro d'aide aux victimes</Titre></Contact><Contact ID="R15451"><Titre>33 700 - Spam vocal ou par SMS</Titre></Contact><Contact ID="R49205"><Titre>34 00 - Informations sur la carte grise ou le permis de conduire</Titre></Contact><Contact ID="R20702"><Titre>39 89 - Tabac info service</Titre></Contact><Contact ID="R20150"><Titre>Agence de services et de paiement (ASP)</Titre></Contact><Contact ID="R15462"><Titre>Agence française de l'adoption (Afa)</Titre></Contact><Contact ID="R20799"><Titre>Agence nationale des chèques-vacances (ANCV)</Titre></Contact><Contact ID="R23383"><Titre>Agence nationale des titres sécurisés (ANTS) - Carte grise particuliers</Titre></Contact><Contact ID="R19419"><Titre>Agence nationale des titres sécurisés (ANTS) - Certificat d'immatriculation (professionnels)</Titre></Contact><Contact ID="R33823"><Titre>Agence nationale des titres sécurisés (ANTS) - Permis de conduire</Titre></Contact><Contact ID="R20704"><Titre>Agence nationale de traitement automatisé des infractions (ANTAI)</Titre></Contact><Contact ID="R43845"><Titre>Agence pour l'enseignement français à l'étranger (AEFE)</Titre></Contact><Contact ID="R33472"><Titre>Aide au logement étudiant (APL, ALS, ALF)</Titre></Contact><Contact ID="R39366"><Titre>Aide aux utilisateurs du site Mon compte formation</Titre></Contact><Contact ID="R14610"><Titre>Aide - Handicap - École</Titre></Contact><Contact ID="R20694"><Titre>Alcool info service</Titre></Contact><Contact ID="R19672"><Titre>Armée de l'air - Centre d'information et de recrutement des forces armées (Cirfa)</Titre></Contact><Contact ID="R66530"><Titre>Arrêtons les violences : violences au sein du couple</Titre></Contact><Contact ID="R12042"><Titre>Association pour la gestion des informations sur le risque en assurance (Agira)</Titre></Contact><Contact ID="R17334"><Titre>Association pour le développement du service notarial (ADSN)</Titre></Contact><Contact ID="R19040"><Titre>Assurance maladie - 3646</Titre></Contact><Contact ID="R198"><Titre>Assurance retraite - 39 60</Titre></Contact><Contact ID="R14329"><Titre>Autorité de contrôle prudentiel et de résolution (ACPR)</Titre></Contact><Contact ID="R51"><Titre>Bureau central de tarification</Titre></Contact><Contact ID="R24280"><Titre>Bureau de la protection des détenus - Ministère des affaires étrangères</Titre></Contact><Contact ID="R57787"><Titre>Bureau des transcriptions pour l'Europe - Ministère des affaires étrangères</Titre></Contact><Contact ID="R2298"><Titre>Bureau des transcriptions pour le Maghreb - Ministère des affaires étrangères</Titre></Contact><Contact ID="R14325"><Titre>Bureau du recouvrement des créances alimentaires (RCA)</Titre></Contact><Contact ID="R52140"><Titre>Caisse d'assurance vieillesse, invalidité et maladie des cultes (Cavimac)</Titre></Contact><Contact ID="R38511"><Titre>Caisse des dépôts ou consignations (CDC)</Titre></Contact><Contact ID="R14262"><Titre>Caisse nationale d'assurance vieillesse des professions libérales (Cnavpl)</Titre></Contact><Contact ID="R36160"><Titre>Caisse nationale militaire de sécurité sociale (CNMSS)</Titre></Contact><Contact ID="R20695"><Titre>Canicule info service</Titre></Contact><Contact ID="R178"><Titre>Casier judiciaire national</Titre></Contact><Contact ID="R43334"><Titre>Centre automatisé de constatation des infractions routières (Cacir)</Titre></Contact><Contact ID="R13996"><Titre>Centre d'appel pour payer son amende par téléphone</Titre></Contact><Contact ID="R254"><Titre>Centre d'information et de documentation jeunesse (CIDJ)</Titre></Contact><Contact ID="R244"><Titre>Centre médical de l'Institut Pasteur</Titre></Contact><Contact ID="R57"><Titre>Centre national d'enseignement à distance (Cned)</Titre></Contact><Contact ID="R47889"><Titre>Centre national des retraités français de l'étranger (CNAREFE)</Titre></Contact><Contact ID="R284"><Titre>Commission d'accès aux documents administratifs (Cada)</Titre></Contact><Contact ID="R13994"><Titre>Commission nationale de l'informatique et des libertés (Cnil)</Titre></Contact><Contact ID="R39006"><Titre>Compte professionnel prévention - 3682</Titre></Contact><Contact ID="R55315"><Titre>Conseillers spécialisés en travaux de rénovation de l'habitat (France Rénov')</Titre></Contact><Contact ID="R134"><Titre>Conseil national pour l'accès aux origines personnelles (CNAOP)</Titre></Contact><Contact ID="R34137"><Titre>Contrôleur général des lieux de privation de liberté</Titre></Contact><Contact ID="R37857"><Titre>Défenseur des droits</Titre></Contact><Contact ID="R49255"><Titre>Direction de l'information légale et administrative (Dila) - Associations</Titre></Contact><Contact ID="R55754"><Titre>Direction de l'information légale et administrative (Dila) - Légalisation</Titre></Contact><Contact ID="R20582"><Titre>Direction générale de l'aviation civile (DGAC)</Titre></Contact><Contact ID="R57529"><Titre>Direction générale des douanes et des droits indirects (DGDDI)</Titre></Contact><Contact ID="R57867"><Titre>Direction générale des douanes et des droits indirects (DGDDI) - Lutte contre la fraude</Titre></Contact><Contact ID="R20696"><Titre>Drogues info service</Titre></Contact><Contact ID="R20697"><Titre>Écoute dopage</Titre></Contact><Contact ID="R14356"><Titre>Énergie-Info</Titre></Contact><Contact ID="R20576"><Titre>Enfance en danger - 119</Titre></Contact><Contact ID="R10386"><Titre>Enfants Disparus - 116 000</Titre></Contact><Contact ID="R100"><Titre>Europe Direct</Titre></Contact><Contact ID="R11668"><Titre>Fédération française des véhicules d'époque (FFVE)</Titre></Contact><Contact ID="R238"><Titre>Fil santé jeunes</Titre></Contact><Contact ID="R52"><Titre>Fonds de garantie des assurances obligatoires de dommages (FGAO)</Titre></Contact><Contact ID="R166"><Titre>Fonds de garantie des victimes des actes de terrorisme et d'autres infractions</Titre></Contact><Contact ID="R11617"><Titre>France éducation international</Titre></Contact><Contact ID="R22319"><Titre>France Travail (anciennement Pôle emploi) pour les employeurs - 3995</Titre></Contact><Contact ID="R36931"><Titre>France Travail (anciennement Pôle emploi) services - Service expatriés</Titre></Contact><Contact ID="R20839"><Titre>France Travail pour demandeurs d'emploi (anciennement Pôle emploi) - 3949</Titre></Contact><Contact ID="R1756"><Titre>Guichet unique du spectacle occasionnel (Guso)</Titre></Contact><Contact ID="R20698"><Titre>Hépatites Info Service</Titre></Contact><Contact ID="R31835"><Titre>I-CAD, identification des carnivores domestiques</Titre></Contact><Contact ID="R46306"><Titre>Imprimerie Nationale</Titre></Contact><Contact ID="R13147"><Titre>Info Escroqueries</Titre></Contact><Contact ID="R54478"><Titre>Info logement indigne (insalubre, péril...)</Titre></Contact><Contact ID="R20656"><Titre>Informations notariales</Titre></Contact><Contact ID="R16283"><Titre>Infos Douane Service</Titre></Contact><Contact ID="R34104"><Titre>Ircantec</Titre></Contact><Contact ID="R2428"><Titre>Joueurs info service</Titre></Contact><Contact ID="R18303"><Titre>Maltraitance des personnes âgées et des personnes handicapées - 3977</Titre></Contact><Contact ID="R33439"><Titre>Médiateur de l'eau</Titre></Contact><Contact ID="R1230"><Titre>Médiateur de la SNCF</Titre></Contact><Contact ID="R48207"><Titre>Médiateur du commerce coopératif et associé</Titre></Contact><Contact ID="R33441"><Titre>Médiateur national de l'énergie</Titre></Contact><Contact ID="R61287"><Titre>Mon espace santé - 3422</Titre></Contact><Contact ID="R16856"><Titre>Non au harcèlement</Titre></Contact><Contact ID="R55261"><Titre>Numéro d'appel pour étudiants en situation d'urgence sociale</Titre></Contact><Contact ID="R12069"><Titre>Numéro d'urgence européen - 112</Titre></Contact><Contact ID="R2948"><Titre>Numéro national pour les victimes de violences numériques</Titre></Contact><Contact ID="R89"><Titre>Office français de protection des réfugiés et apatrides (Ofpra)</Titre></Contact><Contact ID="R20699"><Titre>Oniam - Informations sur l'indemnisation des victimes d'accidents médicaux</Titre></Contact><Contact ID="R1201"><Titre>Police secours - 17</Titre></Contact><Contact ID="R61185"><Titre>Police secours - 17 (par téléphone)</Titre></Contact><Contact ID="R1206"><Titre>Pompiers - 18</Titre></Contact><Contact ID="R38220"><Titre>Préfecture de police de Paris - Service des objets trouvés</Titre></Contact><Contact ID="R22478"><Titre>RATP</Titre></Contact><Contact ID="R1200"><Titre>Recrutement dans la gendarmerie</Titre></Contact><Contact ID="R54544"><Titre>Réduction sociale téléphonique Orange</Titre></Contact><Contact ID="R45771"><Titre>Réserve au sein de la direction du renseignement militaire</Titre></Contact><Contact ID="R45769"><Titre>Réserve de la cyberdéfense</Titre></Contact><Contact ID="R40657"><Titre>Reviens te former</Titre></Contact><Contact ID="R15892"><Titre>Samu - 15</Titre></Contact><Contact ID="R20687"><Titre>Samu social - 115</Titre></Contact><Contact ID="R14639"><Titre>Santé Info Droits</Titre></Contact><Contact ID="R10706"><Titre>Secours en mer</Titre></Contact><Contact ID="R19821"><Titre>Serveur dédié aux demandes de relevé d'identité opérateur (RIO) - 3179</Titre></Contact><Contact ID="R86"><Titre>Serveur interbancaire d'opposition à carte bancaire</Titre></Contact><Contact ID="R1897"><Titre>Service central d'état civil - Répertoire civil</Titre></Contact><Contact ID="R20684"><Titre>Service d'information des impôts</Titre></Contact><Contact ID="R50191"><Titre>Service d'information sur l'Ada</Titre></Contact><Contact ID="R17338"><Titre>Service des fichiers d'incidents de paiement relatifs aux particuliers (SFIPRP)</Titre></Contact><Contact ID="R122"><Titre>Service des impôts des particuliers non résidents</Titre></Contact><Contact ID="R32141"><Titre>Service des musées de France - Bureau de l'inventaire des collections et de la circulation des biens culturels</Titre></Contact><Contact ID="R61066"><Titre>Service des pensions et des risques professionnels</Titre></Contact><Contact ID="R42337"><Titre>Service des retraites de l'État (SRE)</Titre></Contact><Contact ID="R179"><Titre>Service du casier judiciaire du tribunal de Nouvelle-Calédonie</Titre></Contact><Contact ID="R24642"><Titre>Service du casier judiciaire du tribunal de Wallis et Futuna</Titre></Contact><Contact ID="R20701"><Titre>Sida Info Service</Titre></Contact><Contact ID="R20526"><Titre>SNCF</Titre></Contact><Contact ID="R10876"><Titre>SOS loyers impayés</Titre></Contact><Contact ID="R42389"><Titre>Sous-Direction de la planification de la PMI et des familles</Titre></Contact><Contact ID="R14971"><Titre>Urssaf service Cesu</Titre></Contact><Contact ID="R40454"><Titre>Urssaf service Pajemploi</Titre></Contact><Contact ID="R17892"><Titre>Violences Femmes Info - 3919</Titre></Contact></CentresDeContact>