<?xml version="1.0" encoding="UTF-8"?><Publication xmlns:dc="http://purl.org/dc/elements/1.1/" xmlns:xsi="http://www.w3.org/2001/XMLSchema-instance" ID="F1004" type="Fiche Question-réponse conditionnée" xsi:noNamespaceSchemaLocation="../Schemas/3.4/Publication.xsd" spUrl="https://www.service-public.fr/particuliers/vosdroits/F1004"><dc:title>Que faire en cas de pension alimentaire impayée lorsque le débiteur est à l'étranger ?</dc:title><dc:creator>Direction de l'information légale et administrative</dc:creator><dc:subject>Famille - Scolarité</dc:subject><dc:description>Si la personne qui vous doit une pension alimentaire vit à l'étranger et ne la paie pas, il faut contacter le ministère des affaires étrangères.</dc:description><dc:publisher>Direction de l'information légale et administrative</dc:publisher><dc:contributor>Direction de l'information légale et administrative (Premier ministre)</dc:contributor><dc:date>modified 2023-06-16</dc:date><dc:type>Question-réponse</dc:type><dc:format>text/xml</dc:format><dc:identifier>F1004</dc:identifier><dc:source>http://eur-lex.europa.eu/LexUriServ/LexUriServ.do?uri=OJ:L:2009:007:0001:0079:FR:PDF</dc:source><dc:language>Fr</dc:language><dc:relation>isPartOf N18775</dc:relation><dc:coverage>France entière</dc:coverage><dc:rights>https://www.service-public.fr/a-propos/mentions-legales</dc:rights><SurTitre>Question-réponse</SurTitre><Audience>Particuliers</Audience><Canal>www.service-public.fr</Canal><FilDAriane><Niveau ID="Particuliers">Accueil particuliers</Niveau><Niveau ID="N19805">Famille - Scolarité</Niveau><Niveau ID="N18775">Séparation des parents</Niveau><Niveau ID="F1004" type="Fiche Question-réponse conditionnée">Que faire en cas de pension alimentaire impayée lorsque le débiteur est à l'étranger ?</Niveau></FilDAriane><Theme ID="N19805"><Titre>Famille - Scolarité</Titre></Theme><SousThemePere ID="N127">Enfant</SousThemePere><DossierPere ID="N18775"><Titre>Séparation des parents</Titre><SousDossier ID="N18775-1"><Titre>Relations avec l'enfant</Titre><Fiche ID="F3133">Autorité parentale</Fiche><Fiche ID="F18786">Droit de visite et d'hébergement</Fiche><Fiche ID="F18785">Résidence de l'enfant</Fiche><Fiche ID="F1774">Opposition et interdiction de sortie du territoire de l'enfant</Fiche><Fiche ID="F1223">Relations de l'enfant avec sa famille ou ses proches</Fiche></SousDossier><SousDossier ID="N18775-2"><Titre>Pension alimentaire</Titre><Fiche ID="F991">Fixation et versement</Fiche><Fiche ID="F2010">Réévaluation</Fiche><Fiche ID="F21023">Révision</Fiche></SousDossier></DossierPere><Texte><Paragraphe>Vous touchez une <LienInterne LienPublication="F991" type="Fiche d'information conditionnée" audience="Particuliers">pension alimentaire</LienInterne> de l'autre parent pour l'entretien et l'éducation de votre enfant ? Votre ex-époux ou ex-épouse vous verse une <LienInterne LienPublication="F1760" type="Fiche d'information conditionnée" audience="Particuliers">prestation compensatoire</LienInterne> ? Vous recevez une aide appelée <LienInterne LienPublication="F1196" type="Fiche d'information conditionnée" audience="Particuliers">obligation alimentaire</LienInterne> de la part d'un <LienIntra LienID="R12668" type="Définition de glossaire">ascendant</LienIntra> ou d'un <LienIntra LienID="R12574" type="Définition de glossaire">descendant </LienIntra> ?</Paragraphe><Paragraphe>Si la personne qui vous doit cette pension alimentaire ne vous la verse pas et vit à l'étranger, vous pouvez engager une <Expression>procédure de recouvrement de créances alimentaires à l'étranger</Expression>.</Paragraphe><Paragraphe>Cette demande vise à récupérer les sommes dues, avec l'aide du bureau du recouvrement des créances alimentaires à l'étranger (RCA) du ministère de l'Europe et des affaires étrangères.</Paragraphe><TitreFlottant><Paragraphe>Étape n°1</Paragraphe></TitreFlottant><Paragraphe>Vous devez <MiseEnEvidence>faire parvenir votre <LienExterne URL="https://www.diplomatie.gouv.fr/fr/services-aux-citoyens/conseils-aux-familles/recouvrement-de-creances-alimentaires-a-l-etranger/article/personne-creanciere">dossier de demande complet</LienExterne></MiseEnEvidence> par courrier ou par mail au <MiseEnEvidence>bureau du recouvrement des créances alimentaires à l'étranger</MiseEnEvidence>.</Paragraphe><Paragraphe>En cas de besoin, ce service peut vous aider pour constituer votre dossier de demande.</Paragraphe><OuSAdresser ID="R14325" sve="non" type="Centre de contact"><Titre>Bureau du recouvrement des créances alimentaires (RCA)</Titre><Texte><Chapitre><Titre><Paragraphe>Par téléphone</Paragraphe></Titre><Paragraphe><MiseEnEvidence>+33 (0)1 43 17 90 01</MiseEnEvidence></Paragraphe></Chapitre><Chapitre><Titre><Paragraphe>Par courrier</Paragraphe></Titre><Paragraphe>Ministère de l'Europe et des affaires étrangères</Paragraphe><Paragraphe>Bureau du recouvrement des créances alimentaires à l'étranger (RCA)</Paragraphe><Paragraphe>27, rue de la Convention</Paragraphe><Paragraphe>CS 91 533</Paragraphe><Paragraphe>75732 Paris Cedex 15</Paragraphe></Chapitre><Chapitre><Titre><Paragraphe>Par courriel</Paragraphe></Titre><Paragraphe>obligation.alimentaire@diplomatie.gouv.fr</Paragraphe></Chapitre></Texte></OuSAdresser><TitreFlottant><Paragraphe>Étape n°2</Paragraphe></TitreFlottant><Paragraphe>Après réception de votre dossier, <MiseEnEvidence>le bureau du RCA l'envoie à l'autorité centrale de l’État</MiseEnEvidence> dans lequel réside la personne qui vous doit la pension alimentaire.</Paragraphe><Paragraphe>Si vous ignorez le lieu où réside le parent qui vous doit de l'argent et l'adresse de ses employeurs, le RCA entreprend, si besoin, des recherches avec les autorités des pays concernés.</Paragraphe><Paragraphe>Si ces premières recherches n'aboutissent pas, vous pourrez <LienInterne LienPublication="F1435" type="Fiche d'information conditionnée" audience="Particuliers">porter plainte</LienInterne> pour abandon de famille.</Paragraphe><Paragraphe>En cas de difficultés financières, et sous certaines conditions, vous pouvez faire une demande <LienInterne LienPublication="F18074" type="Fiche d'information conditionnée" audience="Particuliers">d'aide juridictionnelle</LienInterne> pour obtenir la pension alimentaire qui vous est due.</Paragraphe></Texte><QuiPeutMAider ID="R14325" sve="non" type="Centre de contact"><Titre>Bureau du recouvrement des créances alimentaires (RCA)</Titre><Texte><Chapitre><Titre><Paragraphe>Par téléphone</Paragraphe></Titre><Paragraphe><MiseEnEvidence>+33 (0)1 43 17 90 01</MiseEnEvidence></Paragraphe></Chapitre><Chapitre><Titre><Paragraphe>Par courrier</Paragraphe></Titre><Paragraphe>Ministère de l'Europe et des affaires étrangères</Paragraphe><Paragraphe>Bureau du recouvrement des créances alimentaires à l'étranger (RCA)</Paragraphe><Paragraphe>27, rue de la Convention</Paragraphe><Paragraphe>CS 91 533</Paragraphe><Paragraphe>75732 Paris Cedex 15</Paragraphe></Chapitre><Chapitre><Titre><Paragraphe>Par courriel</Paragraphe></Titre><Paragraphe>obligation.alimentaire@diplomatie.gouv.fr</Paragraphe></Chapitre></Texte></QuiPeutMAider><QuiPeutMAider ID="R34" sve="non" type="Local personnalisable"><Titre>Permanence juridique</Titre><PivotLocal>permanence_juridique</PivotLocal><RessourceWeb URL="http://www.annuaires.justice.gouv.fr/annuaires-12162/annuaire-des-permanences-juridiques-21770.html"/><Source ID="R30663">Ministère chargé de la justice</Source></QuiPeutMAider><QuiPeutMAider ID="R125" sve="non" type="National"><Titre>Département de l'entraide, du droit international privé et européen</Titre><RessourceWeb URL="https://lannuaire.service-public.fr/gouvernement/fda1940c-d351-4d14-b7af-1067d0664d3b"/></QuiPeutMAider><Reference type="Texte de référence" URL="http://eur-lex.europa.eu/LexUriServ/LexUriServ.do?uri=OJ:L:2009:007:0001:0079:FR:PDF" ID="R19926" format="application/pdf" poids="554.6 KB"><Titre>Règlement (CE) n°4/2009 du 18/12/2008 relatif à la compétence, la loi applicable, la reconnaissance et l'exécution des décisions et la coopération en matière d'obligations alimentaires</Titre><Complement>Débiteur résidant dans un pays de l'Union européenne</Complement></Reference><ServiceEnLigne ID="R1444" URL="https://www.service-public.fr/simulateur/calcul/16146" audience="Particuliers" numerocerfa="16146*03" type="Formulaire"><Titre>Demande d'aide juridictionnelle</Titre><Source ID="R30663">Ministère chargé de la justice</Source><NoticeLiee ID="R12015" URL="https://www.formulaires.service-public.fr/gf/getNotice.do?cerfaNotice=51505&amp;cerfaFormulaire=16146" type="Notice" numerocerfa="52347#03" format="application/pdf" poids="178.7 KB">Notice - Demande d'aide juridictionnelle</NoticeLiee></ServiceEnLigne><PourEnSavoirPlus type="Information pratique" ID="R1905" URL="http://www.diplomatie.gouv.fr/fr/les-francais-etranger_1296/conseils-aux-familles_3104/pensions-alimentaires-etranger_1425/presentation-generale_82911.html" audience="Particuliers"><Titre>Pensions alimentaires à l'étranger</Titre><Source ID="R30604">Ministère chargé de l'Europe et des affaires étrangères</Source></PourEnSavoirPlus><PourEnSavoirPlus type="Information pratique" ID="R51158" URL="https://www.diplomatie.gouv.fr/fr/services-aux-citoyens/conseils-aux-familles/recouvrement-de-creances-alimentaires-a-l-etranger/article/personne-creanciere" audience="Particuliers"><Titre>Contenu du dossier de demande pour recouvrer une créance à l'étranger</Titre><Source ID="R30604">Ministère chargé de l'Europe et des affaires étrangères</Source></PourEnSavoirPlus><PourEnSavoirPlus type="Information pratique" ID="R14324" URL="http://ec.europa.eu/civiljustice/maintenance_claim/maintenance_claim_int_fr.htm" audience="Particuliers"><Titre>Créances alimentaires - Droit international</Titre><Source ID="R30669">Commission européenne</Source></PourEnSavoirPlus><Definition ID="R12668"><Titre>Ascendant</Titre><Texte><Paragraphe>Personne dont on est issu : parent, grand-parent, arrière-grand-parent,...</Paragraphe></Texte></Definition><Definition ID="R12574"><Titre>Descendant</Titre><Texte><Paragraphe>Enfant, petit-enfant, arrière petit-enfant</Paragraphe></Texte></Definition></Publication>