<?xml version="1.0" encoding="UTF-8"?><Publication xmlns:dc="http://purl.org/dc/elements/1.1/" xmlns:xsi="http://www.w3.org/2001/XMLSchema-instance" ID="F10252" type="Fiche d'information conditionnée" xsi:noNamespaceSchemaLocation="../Schemas/3.4/Publication.xsd" dateDerniereModificationImportante="2024-01-11T00:00:00" spUrl="https://www.service-public.fr/particuliers/vosdroits/F10252"><dc:title>Compte épargne-temps (CET) dans la fonction publique territoriale (FPT)</dc:title><dc:creator>Direction de l'information légale et administrative</dc:creator><dc:subject>Travail - Formation</dc:subject><dc:description>Vous êtes agent public territorial et vous n'avez pas pris tous vos jours de congé ou de RTT au 31 décembre ? Le compte épargne-temps (CET) vous permet d'épargner les jours non utilisés, dans certaines limites. Nous vous présentons les informations à retenir.</dc:description><dc:publisher>Direction de l'information légale et administrative</dc:publisher><dc:contributor>Direction de l'information légale et administrative (Premier ministre)</dc:contributor><dc:date>modified 2024-01-11</dc:date><dc:type>Fiche pratique</dc:type><dc:format>text/xml</dc:format><dc:identifier>F10252</dc:identifier><dc:source>https://www.legifrance.gouv.fr/codes/article_lc/LEGIARTI000044425000/, https://www.legifrance.gouv.fr/loda/id/JORFTEXT000000446192/, https://www.collectivites-locales.gouv.fr/sites/default/files/migration/pdf_circulaire_CET.pdf</dc:source><dc:language>Fr</dc:language><dc:relation>isPartOf N20276</dc:relation><dc:coverage>France entière</dc:coverage><dc:rights>https://www.service-public.fr/a-propos/mentions-legales</dc:rights><SurTitre>Fiche pratique</SurTitre><Audience>Particuliers</Audience><Canal>www.service-public.fr</Canal><FilDAriane><Niveau ID="Particuliers">Accueil particuliers</Niveau><Niveau ID="N19806">Travail - Formation</Niveau><Niveau ID="N20276">Temps de travail dans la fonction publique</Niveau><Niveau ID="F10252" type="Fiche d'information conditionnée">Compte épargne-temps (CET) dans la fonction publique territoriale (FPT)</Niveau></FilDAriane><Theme ID="N19806"><Titre>Travail - Formation</Titre></Theme><SousThemePere ID="N31777">Temps de travail</SousThemePere><DossierPere ID="N20276"><Titre>Temps de travail dans la fonction publique</Titre><SousDossier ID="N20276-1"><Titre>Durée du travail</Titre><Fiche ID="F471">Fonction publique d'État (FPE)</Fiche><Fiche ID="F571">Fonction publique territoriale (FPT)</Fiche><Fiche ID="F573">Fonction publique hospitalière (FPH)</Fiche><Fiche ID="F34996">Réduction du temps de travail (RTT)</Fiche></SousDossier><SousDossier ID="N20276-2"><Titre>Compte épargne-temps (CET)</Titre><Fiche ID="F585">Fonction publique d'État (FPE)</Fiche><Fiche ID="F10252">Fonction publique territoriale (FPT)</Fiche><Fiche ID="F587">Fonction publique hospitalière (FPH)</Fiche></SousDossier><SousDossier ID="N20276-3"><Titre>Travail à temps partiel</Titre><Fiche ID="F486">Pour un fonctionnaire</Fiche><Fiche ID="F18029">Pour un agent contractuel</Fiche></SousDossier><SousDossier ID="N20276-4"><Titre>Astreintes et permanences</Titre><Fiche ID="F589">Astreintes</Fiche><Fiche ID="F21423">Permanences</Fiche></SousDossier><SousDossier ID="N20276-5"><Titre>Heures supplémentaires</Titre><Fiche ID="F593">Fonction publique d'État (FPE)</Fiche><Fiche ID="F32390">Fonction publique territoriale (FPT)</Fiche><Fiche ID="F595">Fonction publique hospitalière (FPH)</Fiche></SousDossier></DossierPere><SousDossierPere>Compte épargne-temps (CET)</SousDossierPere><Avertissement ID="R66647" date="2023-12-11"><Titre>Valeur de service du point RAFP</Titre><Texte><Paragraphe>Les informations concernant le nombre de points accordés en cas de demande de conversion des jours épargnés en points de retraite RAFP seront mises à jour lorsque la valeur de service du point RAFP sera fixée.</Paragraphe><Paragraphe>Cette valeur est déterminée par le conseil d'administration de l'Établissement de retraite additionnelle de la fonction publique (ERAFP).</Paragraphe></Texte></Avertissement><Introduction><Texte><Paragraphe>Vous êtes agent public territorial et vous n'avez pas pris tous vos jours de congé ou de RTT au 31 décembre ? Le compte épargne-temps (CET) vous permet d'épargner les jours non utilisés, dans certaines limites. Nous vous présentons les informations à retenir.</Paragraphe></Texte></Introduction><ListeSituations affichage="onglet"><Situation><Titre>Fonctionnaire</Titre><Texte><Chapitre><Titre><Paragraphe>Qui peut ouvrir un compte épargne-temps (CET) ?</Paragraphe></Titre><BlocCas affichage="onglet"><Cas><Titre>Titulaire</Titre><Paragraphe>Vous pouvez demander l’ouverture d'un CET, que vous occupiez un emploi <LienInterne LienPublication="F13975" type="Fiche Question-réponse conditionnée" audience="Particuliers">à temps complet ou non complet</LienInterne>, si vous remplissez <MiseEnEvidence>toutes les conditions</MiseEnEvidence> suivantes :</Paragraphe><Liste type="puce"><Item><Paragraphe>Être employé de manière continue depuis au moins 1 an</Paragraphe></Item><Item><Paragraphe>Ne pas être soumis à un régime d'obligation de service différent du régime général (35 heures par semaine) en application du <LienIntra LienID="R17710" type="Définition de glossaire">statut particulier</LienIntra> de votre <LienIntra LienID="R53649" type="Définition de glossaire">cadre d'emplois</LienIntra>. C'est, par exemple, le cas si vous êtes professeur ou assistant d'enseignement artistique.</Paragraphe></Item></Liste></Cas><Cas><Titre>Stagiaire</Titre><Paragraphe>Vous <MiseEnEvidence>ne pouvez pas ouvrir</MiseEnEvidence> de CET.</Paragraphe><Paragraphe>Si avant d'être nommé stagiaire vous aviez un CET, en tant que fonctionnaire titulaire ou contractuel, vous ne pouvez pas utiliser les jours épargnés, ni en accumuler de nouveaux, pendant votre stage.</Paragraphe><Paragraphe>À votre titularisation, vous pourrez de nouveau utiliser les jours épargnés sur votre CET et en épargner de nouveaux.</Paragraphe></Cas></BlocCas><Paragraphe>Les règles d'ouverture, de fonctionnement, de gestion et de fermeture du compte épargne-temps sont fixées par délibération.</Paragraphe></Chapitre><Chapitre><Titre><Paragraphe>Combien de jours peut-on mettre sur un CET ?</Paragraphe></Titre><Paragraphe>Le CET peut comporter <MiseEnEvidence>60 jours maximum</MiseEnEvidence>.</Paragraphe><Paragraphe><MiseEnEvidence>Exceptionnellement</MiseEnEvidence>, en 2024, le plafond de jours pouvant être épargnés sur votre CET est porté à <MiseEnEvidence>70 jours</MiseEnEvidence>.</Paragraphe><Paragraphe>Et si vous avez épargnés des jours en 2023 au-delà de 60 jours, vous pouvez les maintenir sur votre compte dans la limite de 70 jours.</Paragraphe><Paragraphe>Vous êtes informé chaque année des jours épargnés et consommés.</Paragraphe></Chapitre><Chapitre><Titre><Paragraphe>Quels jours peut-on mettre sur un CET ?</Paragraphe></Titre><Paragraphe>Le CET peut être alimenté par les jours suivants :</Paragraphe><Liste type="puce"><Item><Paragraphe>Jours de congés annuels (y compris les <Expression>jours de fractionnement</Expression>). Toutefois, vous devez prendre au moins 20 jours de congés par an</Paragraphe></Item><Item><Paragraphe>Jours de réduction du temps de travail (RTT)</Paragraphe></Item><Item><Paragraphe>Une partie des jours de repos accordés en compensation d'astreintes ou d'heures supplémentaires si une délibération le prévoit.</Paragraphe></Item></Liste></Chapitre><Chapitre><Titre><Paragraphe>Comment utiliser les jours épargnés sur un CET ?</Paragraphe></Titre><BlocCas affichage="radio"><Cas><Titre>Votre CET ne dépasse pas 15 jours</Titre><Paragraphe>Si le nombre de jours comptabilisés en fin d'année sur votre CET est inférieur ou égal à 15, vous pouvez soit utiliser ces jours sous forme de congés, soit les laisser sur votre CET.</Paragraphe><Paragraphe>Les conditions d'utilisation des jours épargnés sont fixées par délibération.</Paragraphe><Paragraphe>En cas de refus d'une demande de congés provenant du CET, votre administration doit vous communiquer le motif de ce refus. Vous pouvez faire un recours auprès de l'autorité territoriale qui se prononce après avis de la <LienInterne LienPublication="R41267" type="Sigle">CAP</LienInterne>.</Paragraphe><Paragraphe>Vous pouvez demander à bénéficier de tous vos jours de congé épargnés sur votre CET à la fin des congés suivants :</Paragraphe><Liste type="puce"><Item><Paragraphe>Congé de maternité ou d'adoption</Paragraphe></Item><Item><Paragraphe>Congé de paternité et d'accueil de l'enfant</Paragraphe></Item><Item><Paragraphe>Congé de proche aidant</Paragraphe></Item><Item><Paragraphe>Congé de solidarité familiale</Paragraphe></Item></Liste><Paragraphe>L'administration ne peut pas le refuser.</Paragraphe></Cas><Cas><Titre>Votre CET compte plus de 15 jours</Titre><Paragraphe>Si une délibération le prévoit, les jours épargnés sur votre CET au-delà de 15 jours peuvent être indemnisés et/ou convertis en points de retraite complémentaire.</Paragraphe><Paragraphe>Si aucune délibération ne prévoit l'indemnisation et/ou la conversion en points de retraite complémentaire des jours épargnés sur un CET, vous ne pouvez utiliser vos jours épargnés que sous forme de congés.</Paragraphe><Paragraphe>Les conditions d'utilisation des jours épargnés sont fixées par délibération.</Paragraphe><Paragraphe>En cas de refus d'une demande de congés provenant du CET, votre administration doit vous communiquer le motif de ce refus. Vous pouvez faire un recours auprès de l'autorité territoriale qui se prononce après avis de la <LienInterne LienPublication="R41267" type="Sigle">CAP</LienInterne>.</Paragraphe><ANoter><Titre>À noter</Titre><Paragraphe>Si votre CET compte plus de 60 jours <MiseEnEvidence>fin 2024</MiseEnEvidence>, les jours épargnés au-delà de 60 jours peuvent être, les années suivantes, maintenus sur votre CET ou utilisés selon ce qui est prévu par la délibération.</Paragraphe></ANoter><Paragraphe>Si une délibération prévoit l'indemnisation et/ou la conversion en points de retraite complémentaire des jours épargnés sur un CET, vous devez utiliser sous forme de congés ou maintenir sur votre CET au moins 15 jours.</Paragraphe><Paragraphe>Et vous pouvez demander à ce que les jours épargnés au-delà de 15 jours soient maintenus sur votre CET ou indemnisés et/ou convertis en points de retraite complémentaire.</Paragraphe><Paragraphe>Si vous choisissez de maintenir les jours sur votre CET, vous ne pourrez les utiliser que sous forme de congés.</Paragraphe><Paragraphe>Selon ce que prévoit la délibération, vous pouvez demander que vos jours au-delà de 15 jours soient pour une 1<Exposant>re</Exposant> part indemnisés, pour une 2<Exposant>e</Exposant> part convertis en points de retraite complémentaire et pour une 3<Exposant>e</Exposant> part maintenus sur votre CET selon la répartition que vous voulez.</Paragraphe><Paragraphe>Vous devez formuler votre choix avant le 1<Exposant>er</Exposant> février de l'année suivante.</Paragraphe><Paragraphe>En l'absence de toute demande, les jours comptabilisés sur votre CET au-delà de 15 sont d'office convertis en points de retraite complémentaire.</Paragraphe><Paragraphe>En cas de refus d'une demande de congés provenant du CET, votre administration doit vous communiquer le motif de ce refus. Vous pouvez faire un recours auprès de l'autorité territoriale qui se prononce après avis de la <LienInterne LienPublication="R41267" type="Sigle">CAP</LienInterne>.</Paragraphe><Paragraphe>Vous pouvez demander à bénéficier de tous vos jours de congé épargnés sur votre CET à la fin des congés suivants :</Paragraphe><Liste type="puce"><Item><Paragraphe>Congé de maternité ou d'adoption</Paragraphe></Item><Item><Paragraphe>Congé de paternité et d'accueil de l'enfant</Paragraphe></Item><Item><Paragraphe>Congé de proche aidant</Paragraphe></Item><Item><Paragraphe>Congé de solidarité familiale</Paragraphe></Item></Liste><Paragraphe>L'administration ne peut pas le refuser.</Paragraphe><TitreFlottant><Paragraphe>Indemnisation des jours épargnés</Paragraphe></TitreFlottant><Paragraphe>Il vous est versé une indemnité par jour épargné.</Paragraphe><Paragraphe>Son montant dépend de votre catégorie au jour de votre demande d'indemnisation.</Paragraphe><Tableau><Titre>Montant net par catégorie de l'indemnité par jour épargné</Titre><Colonne largeur="22" type="header"/><Colonne largeur="23" type="normal"/><Colonne largeur="23" type="normal"/><Colonne largeur="23" type="normal"/><Rangée type="header"><Cellule><Paragraphe>Catégories</Paragraphe></Cellule><Cellule><Paragraphe>A</Paragraphe></Cellule><Cellule><Paragraphe>B</Paragraphe></Cellule><Cellule><Paragraphe>C</Paragraphe></Cellule></Rangée><Rangée type="normal"><Cellule><Paragraphe>Montant brut de l'indemnité par jour épargné</Paragraphe></Cellule><Cellule><Paragraphe><Valeur>150 €</Valeur></Paragraphe></Cellule><Cellule><Paragraphe><Valeur>100 €</Valeur></Paragraphe></Cellule><Cellule><Paragraphe><Valeur>83 €</Valeur></Paragraphe></Cellule></Rangée><Rangée type="normal"><Cellule><Paragraphe>Assiette CSG / CRDS (<Valeur>98,25 %</Valeur> du montant brut)</Paragraphe></Cellule><Cellule><Paragraphe><Valeur>147,38 €</Valeur></Paragraphe></Cellule><Cellule><Paragraphe><Valeur>98,25 €</Valeur></Paragraphe></Cellule><Cellule><Paragraphe><Valeur>81,55 €</Valeur></Paragraphe></Cellule></Rangée><Rangée type="normal"><Cellule><Paragraphe>CSG (<Valeur>9,2 %</Valeur>)</Paragraphe></Cellule><Cellule><Paragraphe><Valeur>13,56 €</Valeur></Paragraphe></Cellule><Cellule><Paragraphe><Valeur>9,04 €</Valeur></Paragraphe></Cellule><Cellule><Paragraphe><Valeur>7,50 €</Valeur></Paragraphe></Cellule></Rangée><Rangée type="normal"><Cellule><Paragraphe>CRDS (<Valeur>0,5 %</Valeur>)</Paragraphe></Cellule><Cellule><Paragraphe><Valeur>0,74 €</Valeur></Paragraphe></Cellule><Cellule><Paragraphe><Valeur>0,49 €</Valeur></Paragraphe></Cellule><Cellule><Paragraphe><Valeur>0,41 €</Valeur></Paragraphe></Cellule></Rangée><Rangée type="normal"><Cellule><Paragraphe>Montant net</Paragraphe></Cellule><Cellule><Paragraphe><Valeur>135,70 €</Valeur></Paragraphe></Cellule><Cellule><Paragraphe><Valeur>90,47 €</Valeur></Paragraphe></Cellule><Cellule><Paragraphe><Valeur>75,09 €</Valeur></Paragraphe></Cellule></Rangée></Tableau><Paragraphe>L'indemnité est également soumise à cotisation à la <LienInterne LienPublication="R40036" type="Sigle">RAFP</LienInterne> au taux de <Valeur>5 %</Valeur> si, cumulée avec vos autres primes et indemnités, elles ne dépassent pas <Valeur>20 %</Valeur> de votre traitement indiciaire brut.</Paragraphe><Paragraphe>L'indemnité est imposable sur le revenu.</Paragraphe><TitreFlottant><Paragraphe>Conversion en points de retraite complémentaire</Paragraphe></TitreFlottant><Paragraphe>Vous pouvez demander à ce que vos jours de congé épargnés soient convertis en points de retraite RAFP.</Paragraphe><Paragraphe>Le nombre de points est calculé à partir du montant de l'indemnité qui vous est versée quand vous demandez l’indemnisation de vos jours épargnés.</Paragraphe><Paragraphe>Le montant net de l'indemnité est divisé par la valeur d'achat du point retraite.</Paragraphe><Tableau><Titre>Nombre de points retraite par jour par catégorie</Titre><Colonne largeur="11" type="normal"/><Colonne largeur="56" type="normal"/><Colonne largeur="20" type="normal"/><Rangée type="header"><Cellule><Paragraphe>Catégorie</Paragraphe></Cellule><Cellule><Paragraphe>Montant brut</Paragraphe><Paragraphe>de l'indemnité</Paragraphe></Cellule><Cellule><Paragraphe>Nombre de points</Paragraphe><Paragraphe>par jour de congé</Paragraphe></Cellule></Rangée><Rangée type="normal"><Cellule><Paragraphe>A</Paragraphe></Cellule><Cellule><Paragraphe><Valeur>150 €</Valeur></Paragraphe></Cellule><Cellule><Paragraphe>96</Paragraphe></Cellule></Rangée><Rangée type="normal"><Cellule><Paragraphe>B</Paragraphe></Cellule><Cellule><Paragraphe><Valeur>100 €</Valeur></Paragraphe></Cellule><Cellule><Paragraphe>64</Paragraphe></Cellule></Rangée><Rangée type="normal"><Cellule><Paragraphe>C</Paragraphe></Cellule><Cellule><Paragraphe><Valeur>83 €</Valeur></Paragraphe></Cellule><Cellule><Paragraphe>53</Paragraphe></Cellule></Rangée></Tableau></Cas></BlocCas><Paragraphe><MiseEnEvidence>En cas de décès </MiseEnEvidence>d'un agent ayant ouvert un CET, ses <LienIntra LienID="R52183" type="Définition de glossaire">ayants droits</LienIntra> bénéficient de l'indemnisation des jours épargnés.</Paragraphe></Chapitre><Chapitre><Titre><Paragraphe>Que devient le CET en cas de changement d'employeur ?</Paragraphe></Titre><Paragraphe>Vous <MiseEnEvidence>conservez les jours épargnés </MiseEnEvidence>sur votre CET dans les cas suivants :</Paragraphe><Liste type="puce"><Item><Paragraphe><LienInterne LienPublication="F459" type="Fiche d'information conditionnée" audience="Particuliers">Mutation</LienInterne></Paragraphe></Item><Item><Paragraphe><LienInterne LienPublication="F543" type="Fiche d'information conditionnée" audience="Particuliers">Détachement dans la fonction publique</LienInterne></Paragraphe></Item><Item><Paragraphe><LienInterne LienPublication="F544" type="Fiche d'information conditionnée" audience="Particuliers">Disponibilité</LienInterne></Paragraphe></Item><Item><Paragraphe><LienInterne LienPublication="F517" type="Fiche d'information conditionnée" audience="Particuliers">Congé parental</LienInterne></Paragraphe></Item><Item><Paragraphe><LienInterne LienPublication="F551" type="Fiche d'information conditionnée" audience="Particuliers">Mise à disposition dans la fonction publique</LienInterne></Paragraphe></Item><Item><Paragraphe>Mise à disposition ou auprès d'un organisation syndicale</Paragraphe></Item><Item><Paragraphe><LienInterne LienPublication="F11683" type="Fiche d'information conditionnée" audience="Particuliers">Intégration directe</LienInterne></Paragraphe></Item></Liste><Paragraphe>En revanche, les conditions d'utilisation de vos jours varient selon votre situation.</Paragraphe><BlocCas affichage="radio"><Cas><Titre>Mutation</Titre><Paragraphe>Vous pouvez utilisez utiliser votre CET.</Paragraphe><Paragraphe>La gestion de votre CET est assurée par votre administration d'accueil.</Paragraphe></Cas><Cas><Titre>Détachement dans la fonction publique</Titre><Paragraphe>En cas de détachement dans la fonction publique territoriale, vous pouvez utilisez utiliser votre CET. Sa gestion est assurée par votre administration d'accueil.</Paragraphe><Paragraphe>En cas de détachement dans la fonction publique d’État ou hospitalière, vous pouvez utiliser votre CET selon les règles applicables dans votre administration ou établissement hospitalier d'accueil.</Paragraphe></Cas><Cas><Titre>Disponibilité</Titre><Paragraphe>Vous ne pouvez utiliser les jours épargnés sur votre CET que sur autorisation de votre collectivité d'origine.</Paragraphe></Cas><Cas><Titre>Congé parental</Titre><Paragraphe>Vous ne pouvez utiliser les jours épargnés sur votre CET que sur autorisation de votre collectivité d'origine.</Paragraphe></Cas><Cas><Titre>Mise à disposition dans la fonction publique</Titre><Paragraphe>Vous ne pouvez utiliser les jours épargnés sur votre CET que sur autorisation de votre collectivité d'origine et de administration d'accueil.</Paragraphe></Cas><Cas><Titre>Mise à disposition auprès d'une organisation syndicale</Titre><Paragraphe>Vous pouvez utiliser vos jours épargnés et la gestion de votre CET est assurée par votre collectivité d'origine.</Paragraphe></Cas><Cas><Titre>Intégration directe</Titre><Paragraphe>En cas d'intégration directe dans la fonction publique territoriale, vous pouvez utilisez utiliser votre CET. Sa gestion est assurée par votre administration d'accueil.</Paragraphe><Paragraphe>En cas d'intégration directe dans la fonction publique d’État ou hospitalière, vous pouvez utiliser votre CET selon les règles applicables dans votre administration ou établissement hospitalier d'accueil.</Paragraphe></Cas></BlocCas><ANoter><Titre>À noter</Titre><Paragraphe>Si vous quittez <MiseEnEvidence>définitivement</MiseEnEvidence> la fonction publique (démission, licenciement, retraite...), vous devez solder votre CET avant de partir. Sinon les jours sont perdus.</Paragraphe></ANoter></Chapitre></Texte></Situation><Situation><Titre>Contractuel</Titre><Texte><Chapitre><Titre><Paragraphe>Qui peut ouvrir un compte épargne-temps (CET) ?</Paragraphe></Titre><Paragraphe>Vous pouvez demander l’ouverture d'un CET, que vous occupiez un emploi <LienInterne LienPublication="F13975" type="Fiche Question-réponse conditionnée" audience="Particuliers">à temps complet ou non complet</LienInterne>, si vous remplissez <MiseEnEvidence>toutes les conditions </MiseEnEvidence>suivantes :</Paragraphe><Liste type="puce"><Item><Paragraphe>Être employé de manière continue depuis au moins 1 an</Paragraphe></Item><Item><Paragraphe>Ne pas être soumis à un régime d'obligation de service différent du régime général (35 heures par semaine). C'est par exemple le cas si vous êtes professeur ou assistant d'enseignement artistique.</Paragraphe></Item></Liste><Paragraphe>Les règles d'ouverture, de fonctionnement, de gestion et de fermeture du compte épargne-temps sont fixées par délibération.</Paragraphe><ANoter><Titre>À noter</Titre><Paragraphe>Les salariés en contrat aidé et les personnels engagés à la <LienInterne LienPublication="F31245" type="Fiche Question-réponse conditionnée" audience="Particuliers">vacation</LienInterne> ne peuvent pas ouvrir de CET.</Paragraphe></ANoter></Chapitre><Chapitre><Titre><Paragraphe>Combien de jours peut-on mettre sur un CET ?</Paragraphe></Titre><Paragraphe>Le CET peut comporter <MiseEnEvidence>60 jours maximum</MiseEnEvidence>.</Paragraphe><Paragraphe><MiseEnEvidence>Exceptionnellement</MiseEnEvidence>, en 2024, le plafond de jours pouvant être épargnés sur votre CET est porté à <MiseEnEvidence>70 jours.</MiseEnEvidence></Paragraphe><Paragraphe>Et si vous avez épargnés des jours en 2023 au-delà de 60 jours, vous pouvez les maintenir sur votre compte dans la limite de 70 jours.</Paragraphe><Paragraphe>Vous êtes informé chaque année des jours épargnés et consommés.</Paragraphe></Chapitre><Chapitre><Titre><Paragraphe>Quels jours peut-on mettre sur un CET ?</Paragraphe></Titre><Paragraphe>Le CET peut être alimenté par les jours suivants :</Paragraphe><Liste type="puce"><Item><Paragraphe>Jours de congés annuels (y compris les <Expression>jours de fractionnement</Expression>). Toutefois, vous devez prendre au moins 20 jours de congés par an</Paragraphe></Item><Item><Paragraphe>Jours de réduction du temps de travail (RTT)</Paragraphe></Item><Item><Paragraphe>Une partie des jours de repos accordés en compensation d'astreintes ou d'heures supplémentaires si une délibération le prévoit</Paragraphe></Item></Liste></Chapitre><Chapitre><Titre><Paragraphe>Comment utiliser les jours épargnés sur un CET ?</Paragraphe></Titre><BlocCas affichage="radio"><Cas><Titre>Votre CET ne dépasse pas 15 jours</Titre><Paragraphe>Si le nombre de jours comptabilisés en fin d'année sur votre CET est inférieur ou égal à 15, vous pouvez soit utiliser ces jours sous forme de congés, soit les laisser sur votre CET.</Paragraphe><Paragraphe>Les conditions d'utilisation des jours épargnés sont fixées par délibération.</Paragraphe><Paragraphe>En cas de refus d'une demande de congés provenant du CET, votre administration doit vous communiquer le motif de ce refus.</Paragraphe><Paragraphe>Vous pouvez demander à bénéficier de tous vos jours de congé épargnés sur votre CET à la fin des congés suivants :</Paragraphe><Liste type="puce"><Item><Paragraphe>Congé de maternité ou d'adoption</Paragraphe></Item><Item><Paragraphe>Congé de paternité et d'accueil de l'enfant</Paragraphe></Item><Item><Paragraphe>Congé de proche aidant</Paragraphe></Item><Item><Paragraphe>Congé de solidarité familiale</Paragraphe></Item></Liste><Paragraphe>L'administration ne peut pas le refuser.</Paragraphe></Cas><Cas><Titre>Votre CET compte plus de 15 jours</Titre><Paragraphe>Si une délibération le prévoit, les jours épargnés sur votre CET au-delà de 15 jours peuvent être indemnisés.</Paragraphe><Paragraphe>Si aucune délibération ne prévoit l'indemnisation des jours épargnés sur un CET, vous ne pouvez utiliser vos jours épargnés que sous forme de congés.</Paragraphe><Paragraphe>Les conditions d'utilisation des jours épargnés sont fixées par délibération.</Paragraphe><Paragraphe>En cas de refus d'une demande de congés provenant du CET, votre administration doit vous communiquer le motif de ce refus. Vous pouvez faire un recours auprès de l'autorité territoriale qui se prononce après avis de la <LienInterne LienPublication="R41267" type="Sigle">CAP</LienInterne>.</Paragraphe><ANoter><Titre>À noter</Titre><Paragraphe>Si votre CET compte plus de 60 jours <MiseEnEvidence>fin 2024</MiseEnEvidence>, les jours épargnés au-delà de 60 jours peuvent être, les années suivantes, maintenus sur votre CET ou indemnisés si la délibération le prévoit.</Paragraphe></ANoter><Paragraphe>Si une délibération prévoit l'indemnisation des jours épargnés sur un CET, vous devez utiliser sous forme de congés ou maintenir sur votre CET au moins 15 jours.</Paragraphe><Paragraphe>Et vous pouvez demander à ce que les jours épargnés au-delà de 15 jours soient maintenus sur votre CET ou indemnisés.</Paragraphe><Paragraphe>Si vous choisissez de maintenir les jours sur votre CET, vous ne pourrez les utiliser que sous forme de congés.</Paragraphe><Paragraphe>Selon ce que prévoit la délibération, vous pouvez demander que vos jours au-delà de 15 jours soient pour une 1<Exposant>re</Exposant> part indemnisés, pour une 2<Exposant>e</Exposant> part maintenus sur votre CET selon la répartition que vous voulez.</Paragraphe><Paragraphe>Vous devez formuler votre choix avant le 1<Exposant>er</Exposant> février de l'année suivante.</Paragraphe><Paragraphe>En l'absence de toute demande, les jours comptabilisés sur votre CET au-delà de 15 sont d'office indemnisés.</Paragraphe><Paragraphe>En cas de refus d'une demande de congés provenant du CET, votre administration doit vous communiquer le motif de ce refus. Vous pouvez faire un recours auprès de l'autorité territoriale qui se prononce après avis de la <LienInterne LienPublication="R41267" type="Sigle">CAP</LienInterne>.</Paragraphe><Paragraphe>Vous pouvez demander à bénéficier de tous vos jours de congé épargnés sur votre CET à la fin des congés suivants :</Paragraphe><Liste type="puce"><Item><Paragraphe>Congé de maternité ou d'adoption</Paragraphe></Item><Item><Paragraphe>Congé de paternité et d'accueil de l'enfant</Paragraphe></Item><Item><Paragraphe>Congé de proche aidant</Paragraphe></Item><Item><Paragraphe>Congé de solidarité familiale</Paragraphe></Item></Liste><Paragraphe>L'administration ne peut pas le refuser.</Paragraphe><TitreFlottant><Paragraphe>Indemnisation des jours épargnés</Paragraphe></TitreFlottant><Paragraphe>Il vous est versé une indemnité par jour épargné.</Paragraphe><Paragraphe>Son montant dépend de votre catégorie au jour de votre demande d'indemnisation.</Paragraphe><Tableau><Titre>Montant net par catégorie de l'indemnité par jour épargné</Titre><Colonne largeur="22" type="header"/><Colonne largeur="23" type="normal"/><Colonne largeur="23" type="normal"/><Colonne largeur="23" type="normal"/><Rangée type="header"><Cellule><Paragraphe>Catégories</Paragraphe></Cellule><Cellule><Paragraphe>A</Paragraphe></Cellule><Cellule><Paragraphe>B</Paragraphe></Cellule><Cellule><Paragraphe>C</Paragraphe></Cellule></Rangée><Rangée type="normal"><Cellule><Paragraphe>Montant brut de l'indemnité par jour épargné</Paragraphe></Cellule><Cellule><Paragraphe><Valeur>150 €</Valeur></Paragraphe></Cellule><Cellule><Paragraphe><Valeur>100 €</Valeur></Paragraphe></Cellule><Cellule><Paragraphe><Valeur>83 €</Valeur></Paragraphe></Cellule></Rangée><Rangée type="normal"><Cellule><Paragraphe>Assiette CSG / CRDS (<Valeur>98,25 %</Valeur> du montant brut)</Paragraphe></Cellule><Cellule><Paragraphe><Valeur>147,38 €</Valeur></Paragraphe></Cellule><Cellule><Paragraphe><Valeur>98,25 €</Valeur></Paragraphe></Cellule><Cellule><Paragraphe><Valeur>81,55 €</Valeur></Paragraphe></Cellule></Rangée><Rangée type="normal"><Cellule><Paragraphe>CSG (<Valeur>9,2 %</Valeur>)</Paragraphe></Cellule><Cellule><Paragraphe><Valeur>13,56 €</Valeur></Paragraphe></Cellule><Cellule><Paragraphe><Valeur>9,04 €</Valeur></Paragraphe></Cellule><Cellule><Paragraphe><Valeur>7,50 €</Valeur></Paragraphe></Cellule></Rangée><Rangée type="normal"><Cellule><Paragraphe>CRDS (<Valeur>0,5 %</Valeur>)</Paragraphe></Cellule><Cellule><Paragraphe><Valeur>0,74 €</Valeur></Paragraphe></Cellule><Cellule><Paragraphe><Valeur>0,49 €</Valeur></Paragraphe></Cellule><Cellule><Paragraphe><Valeur>0,41 €</Valeur></Paragraphe></Cellule></Rangée><Rangée type="normal"><Cellule><Paragraphe>Montant net</Paragraphe></Cellule><Cellule><Paragraphe><Valeur>135,70 €</Valeur></Paragraphe></Cellule><Cellule><Paragraphe><Valeur>90,47 €</Valeur></Paragraphe></Cellule><Cellule><Paragraphe><Valeur>75,09 €</Valeur></Paragraphe></Cellule></Rangée></Tableau><Paragraphe>L'indemnité est également soumise à cotisation à la <LienInterne LienPublication="R40036" type="Sigle">RAFP</LienInterne> au taux de <Valeur>5 %</Valeur> si, cumulée avec vos autres primes et indemnités, elles ne dépassent pas <Valeur>20 %</Valeur> de votre traitement indiciaire brut.</Paragraphe><Paragraphe>L'indemnité est imposable sur le revenu.</Paragraphe></Cas></BlocCas><Paragraphe><MiseEnEvidence>En cas de décès </MiseEnEvidence>d'un agent ayant ouvert un CET, ses <LienIntra LienID="R52183" type="Définition de glossaire">ayants droits</LienIntra> bénéficient de l'indemnisation des jours épargnés.</Paragraphe></Chapitre><Chapitre><Titre><Paragraphe>Que devient le CET en cas de changement d'employeur ?</Paragraphe></Titre><Paragraphe>Vous conservez les jours épargnés sur votre CET dans les cas suivants :</Paragraphe><Liste type="puce"><Item><Paragraphe><LienInterne LienPublication="F517" type="Fiche d'information conditionnée" audience="Particuliers">Congé parental</LienInterne></Paragraphe></Item><Item><Paragraphe><LienInterne LienPublication="F551" type="Fiche d'information conditionnée" audience="Particuliers">Mise à disposition dans la fonction publique</LienInterne></Paragraphe></Item></Liste><Paragraphe>En revanche, les conditions d'utilisation de vos jours varient selon votre situation.</Paragraphe><BlocCas affichage="radio"><Cas><Titre>Congé parental</Titre><Paragraphe>Vous ne pouvez utiliser les jours épargnés sur votre CET que sur autorisation de votre collectivité d'origine.</Paragraphe></Cas><Cas><Titre>Mise à disposition dans la fonction publique</Titre><Paragraphe>Vous ne pouvez utiliser les jours épargnés sur votre CET que sur autorisation de votre collectivité d'origine et de administration d'accueil.</Paragraphe></Cas><Cas><Titre>Mise à disposition auprès d'une organisation syndicale</Titre><Paragraphe>Vous pouvez utiliser vos jours épargnés et la gestion de votre CET est assurée par votre collectivité d'origine.</Paragraphe></Cas></BlocCas><ANoter><Titre>À noter</Titre><Paragraphe>Si vous quittez <MiseEnEvidence>définitivement</MiseEnEvidence> la fonction publique (démission, licenciement, retraite...), vous devez solder votre CET avant de partir. Sinon les jours sont perdus.</Paragraphe></ANoter></Chapitre></Texte></Situation></ListeSituations><Reference type="Texte de référence" URL="https://www.legifrance.gouv.fr/codes/article_lc/LEGIARTI000044425000/" ID="R57657"><Titre>Code de la fonction publique : article L621-4</Titre></Reference><Reference type="Texte de référence" URL="https://www.legifrance.gouv.fr/loda/id/JORFTEXT000000446192/" ID="R17812"><Titre>Décret n°2004-878 du 26 août 2004 relatif au compte épargne-temps dans la fonction publique territoriale</Titre></Reference><Reference type="Texte de référence" URL="https://www.collectivites-locales.gouv.fr/sites/default/files/migration/pdf_circulaire_CET.pdf" ID="R49927" format="application/pdf" poids="3.9 MB"><Titre>Circulaire du 31 mai 2010 relatif au compte épargne temps dans la fonction territoriale</Titre></Reference><PourEnSavoirPlus type="Information pratique" ID="R66643" URL="https://www.rafp.fr/employeur/compte-epargne-temps" audience="Particuliers"><Titre>Retraite additionnelle de la Fonction publique : le compte épargne-temps</Titre><Source ID="R30687">Établissement de retraite additionnelle de la fonction publique (ERAFP)</Source></PourEnSavoirPlus><Definition ID="R17710"><Titre>Statut particulier</Titre><Texte><Paragraphe>Ensemble des règles applicables en matière de recrutement, d'avancement, de promotion, de rémunération, etc., à tous les fonctionnaires membres d'un même corps ou cadre d'emplois</Paragraphe></Texte></Definition><Definition ID="R53649"><Titre>Corps ou cadre d'emplois de la fonction publique</Titre><Texte><Paragraphe>Ensemble de fonctionnaires soumis à un même ensemble de règles, appelé <Expression>statut particulier</Expression>, fixé par décret, et ayant vocation à occuper les mêmes emplois</Paragraphe></Texte></Definition><Definition ID="R52183"><Titre>Ayant droit</Titre><Texte><Paragraphe>Celui qui bénéficie d'un droit par le biais d'un parent ou d'un proche</Paragraphe></Texte></Definition><Abreviation ID="R41267" type="Sigle"><Titre>CAP</Titre><Texte><Paragraphe>Certificat d'aptitude professionnelle</Paragraphe></Texte></Abreviation><Abreviation ID="R40036" type="Sigle"><Titre>RAFP</Titre><Texte><Paragraphe>Retraite additionnelle de la fonction publique</Paragraphe></Texte></Abreviation></Publication>