<?xml version="1.0" encoding="UTF-8"?><Publication xmlns:dc="http://purl.org/dc/elements/1.1/" xmlns:xsi="http://www.w3.org/2001/XMLSchema-instance" ID="F10409" type="Fiche d'information conditionnée" xsi:noNamespaceSchemaLocation="../Schemas/3.4/Publication.xsd" spUrl="https://www.service-public.fr/particuliers/vosdroits/F10409"><dc:title>Comparution sur reconnaissance préalable de culpabilité (CRPC)</dc:title><dc:creator>Direction de l'information légale et administrative</dc:creator><dc:subject>Justice</dc:subject><dc:description>La comparution sur reconnaissance préalable de culpabilité (CRPC) est une procédure qui permet de juger rapidement l'auteur d'une infraction qui reconnaît sa culpabilité. Elle est appelée également plaider-coupable. Elle est appliquée pour certains délits et doit respecter certaines conditions. Nous vous expliquons comment la CRPC se déroule.</dc:description><dc:publisher>Direction de l'information légale et administrative</dc:publisher><dc:contributor>Direction de l'information légale et administrative (Premier ministre)</dc:contributor><dc:date>modified 2023-08-29</dc:date><dc:type>Fiche pratique</dc:type><dc:format>text/xml</dc:format><dc:identifier>F10409</dc:identifier><dc:source>https://www.legifrance.gouv.fr/codes/id/LEGISCTA000006167486/, http://circulaires.legifrance.gouv.fr/pdf/2019/04/cir_44603.pdf</dc:source><dc:language>Fr</dc:language><dc:relation>isPartOf N263</dc:relation><dc:coverage>France entière</dc:coverage><dc:rights>https://www.service-public.fr/a-propos/mentions-legales</dc:rights><SurTitre>Fiche pratique</SurTitre><Audience>Particuliers</Audience><Canal>www.service-public.fr</Canal><FilDAriane><Niveau ID="Particuliers">Accueil particuliers</Niveau><Niveau ID="N19807">Justice</Niveau><Niveau ID="N263">Affaire pénale</Niveau><Niveau ID="F10409" type="Fiche d'information conditionnée">Comparution sur reconnaissance préalable de culpabilité (CRPC)</Niveau></FilDAriane><Theme ID="N19807"><Titre>Justice</Titre></Theme><SousThemePere ID="N271">Procédures judiciaires</SousThemePere><DossierPere ID="N263"><Titre>Affaire pénale</Titre><SousDossier ID="N263-1"><Titre>Procédures alternatives</Titre><Fiche ID="F1824">Médiation pénale</Fiche><Fiche ID="F1461">Composition pénale</Fiche><Fiche ID="F36141">Ordonnance pénale</Fiche></SousDossier><SousDossier ID="N263-2"><Titre>Lancement des poursuites</Titre><Fiche ID="F1435">Plainte simple</Fiche><Fiche ID="F20798">Plainte avec constitution de partie civile</Fiche><Fiche ID="F1455">Citation directe</Fiche></SousDossier><SousDossier ID="N263-3"><Titre>Procédures rapides</Titre><Fiche ID="F10409">Comparution sur reconnaissance préalable de culpabilité (CRPC)</Fiche><Fiche ID="F32129">Comparution immédiate</Fiche></SousDossier><SousDossier ID="N263-4"><Titre>Enquête</Titre><Fiche ID="F14837">Garde à vue</Fiche><Fiche ID="F32326">Perquisition</Fiche><Fiche ID="F1456">Information judiciaire</Fiche><Fiche ID="F1470">Mise en examen</Fiche><Fiche ID="F1807">Témoin assisté</Fiche><Fiche ID="F1489">Audition des témoins</Fiche></SousDossier><SousDossier ID="N263-5"><Titre>Mesures de sureté</Titre><Fiche ID="F2902">Contrôle judiciaire</Fiche><Fiche ID="F2007">Assignation à résidence avec surveillance électronique</Fiche><Fiche ID="F1042">Détention provisoire</Fiche></SousDossier><SousDossier ID="N263-6"><Titre>Déroulement d'un procès</Titre><Fiche ID="F1457">Devant le tribunal de police</Fiche><Fiche ID="F1485">Devant le tribunal correctionnel</Fiche><Fiche ID="F1487">Devant la cour d'assises</Fiche><Fiche ID="F34165">Audition des témoins</Fiche></SousDossier></DossierPere><SousDossierPere>Procédures rapides</SousDossierPere><Introduction><Texte><Paragraphe>La comparution sur reconnaissance préalable de culpabilité (CRPC) est une procédure qui permet de juger <MiseEnEvidence>rapidement</MiseEnEvidence> <MiseEnEvidence>l'auteur d'une infraction qui reconnaît sa culpabilité</MiseEnEvidence><MiseEnEvidence/>. Elle est appelée également <Expression>plaider-coupable</Expression>.</Paragraphe><Paragraphe>Elle est appliquée pour <MiseEnEvidence>certains <LienIntra LienID="R49229" type="Définition de glossaire">délits</LienIntra></MiseEnEvidence><LienIntra LienID="R49229" type="Définition de glossaire"/> et doit respecter <MiseEnEvidence>certaines conditions</MiseEnEvidence>.</Paragraphe><Paragraphe>Nous vous expliquons comment la CRPC se déroule.</Paragraphe></Texte></Introduction><Texte><Chapitre><Titre><Paragraphe>Qu'est-ce que la CRPC ?</Paragraphe></Titre><Paragraphe>La comparution sur reconnaissance préalable de culpabilité (CRPC) est une procédure qui permet de juger <MiseEnEvidence>rapidement </MiseEnEvidence>l'auteur de l'<LienIntra LienID="R10272" type="Définition de glossaire">infraction</LienIntra>, à condition qu'il <MiseEnEvidence>reconnaisse</MiseEnEvidence> les faits reprochés.</Paragraphe><Paragraphe>Elle est appliquée pour certains <LienIntra LienID="R49229" type="Définition de glossaire">délits</LienIntra> à la demande du <LienIntra LienID="R1123" type="Définition de glossaire">procureur de la République</LienIntra>, de l'auteur des faits ou de son avocat.</Paragraphe><Paragraphe>Cette procédure se déroule en <MiseEnEvidence>2 étapes obligatoires</MiseEnEvidence> : la proposition de peine par le procureur et l'audience d'homologation.</Paragraphe><Paragraphe>La peine proposée par le procureur peut être <MiseEnEvidence>acceptée ou refusée </MiseEnEvidence>par l'auteur de l'infraction.</Paragraphe><Paragraphe><MiseEnEvidence>Si la peine est acceptée</MiseEnEvidence>, l'affaire est transmise au juge pour <LienIntra LienID="R55691" type="Définition de glossaire">homologation</LienIntra>.</Paragraphe><Paragraphe><MiseEnEvidence>Si l'auteur la refuse</MiseEnEvidence>, il reçoit une nouvelle convocation pour être jugé lors d'un procès devant le <LienInterne LienPublication="F1485" type="Fiche d'information conditionnée" audience="Particuliers">tribunal correctionnel</LienInterne>.</Paragraphe><Paragraphe>La victime de l'infraction est informée de cette procédure. Elle est <MiseEnEvidence>avisée de la date d'audience</MiseEnEvidence> afin de lui permettre de se constituer <LienInterne LienPublication="F1454" type="Fiche Question-réponse conditionnée" audience="Particuliers">partie civile</LienInterne>.</Paragraphe><ASavoir><Titre>À savoir</Titre><Paragraphe>La CRPC n'est pas applicable aux mineurs.</Paragraphe></ASavoir></Chapitre><Chapitre><Titre><Paragraphe>Quelles sont les conditions de la CRPC ?</Paragraphe></Titre><Paragraphe>La procédure de CRPC permet de juger des <MiseEnEvidence>affaires simples</MiseEnEvidence> et <MiseEnEvidence>en état d'être jugées</MiseEnEvidence>, par exemple en l'absence de toute demande d'expertise ou d'auteurs multiples.</Paragraphe><Paragraphe>La personne mise en cause<MiseEnEvidence> <MiseEnEvidence>doit être majeure</MiseEnEvidence> </MiseEnEvidence>au moment des faits.</Paragraphe><Paragraphe>Elle <MiseEnEvidence>doit reconnaître les faits</MiseEnEvidence> qui lui sont reprochés, sinon c'est la <LienInterne LienPublication="F1485" type="Fiche d'information conditionnée" audience="Particuliers">procédure devant le tribunal correctionnel</LienInterne> qui doit s'appliquer.</Paragraphe><Paragraphe>La procédure de CRPC s'applique pour <MiseEnEvidence>tous les <LienIntra LienID="R49229" type="Définition de glossaire">délits</LienIntra></MiseEnEvidence>. Toutefois, elle ne s'applique <MiseEnEvidence>pas </MiseEnEvidence>aux délits suivants :</Paragraphe><Liste type="puce"><Item><Paragraphe>Délits d'atteintes à l'intégrité des personnes et d'agressions sexuelles lorsqu'ils sont punis par une peine de prison de plus de 5 ans (par exemple, <LienInterne LienPublication="F1524" type="Fiche d'information conditionnée" audience="Particuliers">violences</LienInterne>, <LienInterne LienPublication="F33891" type="Fiche d'information conditionnée" audience="Particuliers">agressions sexuelles</LienInterne>)</Paragraphe></Item><Item><Paragraphe>Délits <LienIntra LienID="R51083" type="Définition de glossaire">d'homicide involontaire</LienIntra></Paragraphe></Item><Item><Paragraphe>Délits de presse (par exemple, <LienInterne LienPublication="F32077" type="Fiche d'information conditionnée" audience="Particuliers">injure</LienInterne>, <LienInterne LienPublication="F32079" type="Fiche d'information conditionnée" audience="Particuliers">diffamation</LienInterne>)</Paragraphe></Item><Item><Paragraphe>Délits politiques</Paragraphe></Item></Liste><Paragraphe>Les <LienIntra LienID="R49230" type="Définition de glossaire">crimes</LienIntra> et les <LienIntra LienID="R52095" type="Définition de glossaire">contraventions</LienIntra> ne peuvent pas être jugés en CRPC.</Paragraphe></Chapitre><Chapitre><Titre><Paragraphe>Quelles sont les peines applicables dans le cadre d'une procédure de CRPC ?</Paragraphe></Titre><Paragraphe>La procédure de CRPC permet au procureur de la République de proposer <MiseEnEvidence>toutes les peines applicables</MiseEnEvidence> à l'infraction considérée.</Paragraphe><Paragraphe>Le procureur peut proposer une peine de <MiseEnEvidence>prison</MiseEnEvidence> <MiseEnEvidence>et/ou</MiseEnEvidence> une peine <MiseEnEvidence>d'amende</MiseEnEvidence>.</Paragraphe><SousChapitre><Titre><Paragraphe>Peine d'emprisonnement</Paragraphe></Titre><Paragraphe>La durée de l'emprisonnement ne peut pas être <MiseEnEvidence>supérieure à 3 ans,</MiseEnEvidence> <MiseEnEvidence>ni dépasser la moitié</MiseEnEvidence> de la peine encourue. Par exemple, si la peine encourue est de 4 ans, la peine proposée ne peut pas dépasser 2 ans.</Paragraphe><Paragraphe>Cette peine peut être assortie <MiseEnEvidence>d'un <LienInterne LienPublication="F1531" type="Fiche d'information conditionnée" audience="Particuliers">sursis</LienInterne></MiseEnEvidence>.</Paragraphe><Paragraphe>Si le procureur propose une peine de <LienInterne LienPublication="F35705" type="Fiche d'information conditionnée" audience="Particuliers">prison ferme</LienInterne>, il doit préciser si elle est exécutable immédiatement.</Paragraphe><Paragraphe>Il peut proposer que la peine de prison soit <MiseEnEvidence>aménagée</MiseEnEvidence>. La personne sera alors convoquée devant le <LienInterne LienPublication="R65648" type="Sigle">Jap</LienInterne>, qui déterminera les conditions d'exécution (<LienInterne LienPublication="F35705" type="Fiche d'information conditionnée" audience="Particuliers">bracelet électronique</LienInterne>, <LienIntra LienID="R53873" type="Définition de glossaire">semi-liberté</LienIntra>...).</Paragraphe></SousChapitre><SousChapitre><Titre><Paragraphe>Peine d'amende</Paragraphe></Titre><Paragraphe>Le montant de l'amende proposé <MiseEnEvidence>ne peut pas être supérieur </MiseEnEvidence>à celui de l'amende encourue.</Paragraphe><Paragraphe>Cette peine peut être assortie d'un <LienInterne LienPublication="F1531" type="Fiche d'information conditionnée" audience="Particuliers">sursis</LienInterne>. Dans ce cas, la personne ne paie pas l'amende.</Paragraphe><Attention><Titre>Attention</Titre><Paragraphe>Le relevé de condamnation pénale remis à l'audience précise comment payer l'amende.</Paragraphe></Attention></SousChapitre><SousChapitre><Titre><Paragraphe>Peines complémentaires</Paragraphe></Titre><Paragraphe>Le procureur peut également proposer d'appliquer, <MiseEnEvidence>en plus de la peine principale</MiseEnEvidence>, une ou plusieurs des <LienInterne LienPublication="F1406" type="Fiche d'information conditionnée" audience="Particuliers">peines complémentaires</LienInterne> prévues pour le délit reproché.</Paragraphe><Paragraphe>Ces peines varient en fonction de la nature et de la gravité de l'infraction commise. Par exemple, le retrait du permis de conduire, un stage de citoyenneté.</Paragraphe></SousChapitre></Chapitre><Chapitre><Titre><Paragraphe>Quelles sont les étapes de la procédure de CRPC ?</Paragraphe></Titre><SousChapitre><Titre><Paragraphe>Convocation</Paragraphe></Titre><Paragraphe>La personne mise en cause est <MiseEnEvidence>convoquée </MiseEnEvidence>devant le procureur de la République, soit par une <LienInterne LienPublication="F1455" type="Fiche d'information conditionnée" audience="Particuliers">citation directe</LienInterne>, soit par une convocation remise par la police ou la gendarmerie.</Paragraphe><Paragraphe>Si la personne est en <LienInterne LienPublication="F14837" type="Fiche d'information conditionnée" audience="Particuliers">garde à vue</LienInterne>, elle peut également <MiseEnEvidence>être <Expression>déférée</Expression></MiseEnEvidence>, c'est-à-dire être transportée au tribunal pour être présentée au procureur.</Paragraphe></SousChapitre><SousChapitre><Titre><Paragraphe>Déroulement de la procédure</Paragraphe></Titre><Paragraphe>La procédure de CRPC de déroule en <MiseEnEvidence>plusieurs étapes</MiseEnEvidence>.</Paragraphe><Paragraphe><MiseEnEvidence>La première étape</MiseEnEvidence> est la proposition de peine du procureur de la République lors d'un entretien avec la personne mise en cause et son avocat.</Paragraphe><Paragraphe><MiseEnEvidence>La deuxième étape</MiseEnEvidence> est l'audience d'homologation devant le président du tribunal correctionnel.</Paragraphe><Paragraphe>La personne mise en cause doit <MiseEnEvidence>obligatoirement être assistée d'un avocat</MiseEnEvidence> à toutes les étapes de la procédure.</Paragraphe><Paragraphe>Si la personne n'a pas de revenus suffisants, elle peut demander à bénéficier de <LienInterne LienPublication="F18074" type="Fiche d'information conditionnée" audience="Particuliers">l'aide juridictionnelle</LienInterne>.</Paragraphe><OuSAdresser ID="R14218" sve="non" type="Local personnalisable"><Titre>Avocat</Titre><PivotLocal>avocat_conseil_national</PivotLocal><RessourceWeb URL="https://www.cnb.avocat.fr/annuaire-des-avocats-de-france"/><Source ID="R30762">Conseil national des barreaux</Source></OuSAdresser></SousChapitre></Chapitre><Chapitre><Titre><Paragraphe>Comment se déroule la phase de proposition de la peine ?</Paragraphe></Titre><Paragraphe>La personne mise en cause doit <MiseEnEvidence>obligatoirement se faire assister par un avocat</MiseEnEvidence>.</Paragraphe><Paragraphe>Elle s'entretient librement avec lui avant de faire connaître sa décision. Lors de cet entretien, l'avocat réunit tous les éléments personnels du <LienIntra LienID="R52097" type="Définition de glossaire">prévenu</LienIntra> (avis d'imposition, certificat médical, attestation de travail...) <MiseEnEvidence>pour négocier la peine</MiseEnEvidence> avec le procureur.</Paragraphe><Paragraphe>L'avocat vérifie si la peine proposée est adaptée ou non aux faits commis.</Paragraphe><Paragraphe><MiseEnEvidence>Trois choix</MiseEnEvidence> sont possibles pour la personne mise en cause : elle peut <MiseEnEvidence>accepter</MiseEnEvidence> la proposition de peine immédiatement, la<MiseEnEvidence> refuser</MiseEnEvidence> ou <MiseEnEvidence>demander un délai de réflexion</MiseEnEvidence> de 10 jours maximum.</Paragraphe><BlocCas affichage="radio"><Cas><Titre>Proposition acceptée</Titre><Paragraphe>Le procureur de la République, assisté d'un greffier, <MiseEnEvidence>rédige un procès-verbal</MiseEnEvidence>.</Paragraphe><Paragraphe>Il contient la <MiseEnEvidence>reconnaissance des faits</MiseEnEvidence>, la <MiseEnEvidence>proposition et l'acceptation de la peine</MiseEnEvidence>.</Paragraphe><Paragraphe>Ce procès-verbal est signé par le prévenu, le procureur de la République et le greffier.</Paragraphe><Paragraphe>Le prévenu est <MiseEnEvidence>immédiatement présentée</MiseEnEvidence> devant le juge pour une audience publique <LienIntra LienID="R55691" type="Définition de glossaire">d'homologation</LienIntra>.</Paragraphe></Cas><Cas><Titre>Proposition rejetée</Titre><Paragraphe>La personne peut reconnaître les faits qui lui sont reprochés, <MiseEnEvidence>mais refuser</MiseEnEvidence> la peine proposée.</Paragraphe><Paragraphe>Ce refus peut-être motivé par une volonté d'indiquer au tribunal correctionnel des moyens de défense ou des vices de procédure.</Paragraphe><Paragraphe>Lorsque la personne <MiseEnEvidence>refuse la peine proposée</MiseEnEvidence> ou que le juge rend <MiseEnEvidence>une ordonnance de refus d'homologation</MiseEnEvidence>, le procureur doit saisir le <LienInterne LienPublication="F1485" type="Fiche d'information conditionnée" audience="Particuliers">tribunal correctionnel</LienInterne> pour un procès.</Paragraphe><Paragraphe>La personne peut <MiseEnEvidence>comparaitre volontairement</MiseEnEvidence> ou être<LienInterne LienPublication="F1455" type="Fiche d'information conditionnée" audience="Particuliers"> citée</LienInterne> par un <LienInterne LienPublication="F2158" type="Fiche d'information conditionnée" audience="Particuliers">commissaire de justice</LienInterne> ou être convoquée par procès-verbal.</Paragraphe><ASavoir><Titre>À savoir</Titre><Paragraphe>Avant le commencement de la procédure, le procureur de la République peut faire délivrer une double convocation. La personne se verra remettre une convocation pour l'audience de CRPC et une convocation devant le tribunal correctionnel. Cette anticipation vise à prévenir l'absence de la personne ou le refus de la peine proposée.</Paragraphe></ASavoir></Cas><Cas><Titre>Délai de réflexion demandé</Titre><Paragraphe>La personne mise en cause peut demander<MiseEnEvidence> un délai de réflexion de <LienInterne LienPublication="F35697" type="Fiche Question-réponse conditionnée" audience="Particuliers">10 jours francs</LienInterne> </MiseEnEvidence>avant d'accepter ou de refuser la peine proposée par le procureur. Elle sera convoquée à une date d'audience ultérieure.</Paragraphe><Paragraphe>Dans ce cas, le procureur peut décider de <MiseEnEvidence>présenter</MiseEnEvidence> la personne devant <MiseEnEvidence>le juge des libertés et de la détention (<LienInterne LienPublication="R65618" type="Sigle">JLD</LienInterne>)</MiseEnEvidence>.</Paragraphe><Paragraphe>Celui-ci peut ordonner un placement sous <LienInterne LienPublication="F2902" type="Fiche d'information conditionnée" audience="Particuliers">contrôle judiciaire</LienInterne> ou sous <LienInterne LienPublication="F35705" type="Fiche d'information conditionnée" audience="Particuliers">bracelet électronique.</LienInterne> Il peut aussi décider d'un placement en <LienInterne LienPublication="F1042" type="Fiche d'information conditionnée" audience="Particuliers">détention provisoire</LienInterne> si l'une des peines proposée est égale ou supérieure à 2 mois d'emprisonnement ferme et que le procureur a demandé sa mise à exécution immédiate.</Paragraphe><Paragraphe>Dans ces cas-là, <MiseEnEvidence>la nouvelle comparution</MiseEnEvidence> de la personne devant le procureur doit avoir lieu <MiseEnEvidence>dans un délai compris entre 10 et 20 jours</MiseEnEvidence> à partir de la décision du JLD.</Paragraphe></Cas></BlocCas></Chapitre><Chapitre><Titre><Paragraphe>Comment se déroule l'audience d'homologation ?</Paragraphe></Titre><Paragraphe>Lors de cette audience publique, <MiseEnEvidence>la présence du procureur n'est pas obligatoire</MiseEnEvidence>, car il n'y a pas de débats sur la culpabilité et la peine.</Paragraphe><Paragraphe>Le juge vérifie la réalité des faits. S'ils constituent une infraction. Il entend la personne et son avocat sur la peine proposée.</Paragraphe><Paragraphe>Le juge peut <MiseEnEvidence>décider d'homologuer</MiseEnEvidence> (c'est-à-dire valider) ou <MiseEnEvidence>refuser</MiseEnEvidence> la proposition du procureur. Il ne peut ni la modifier, ni la compléter.</Paragraphe><Paragraphe>L'audience publique et la décision du juge doivent<MiseEnEvidence> avoir lieu le même jour</MiseEnEvidence>.</Paragraphe><BlocCas affichage="radio"><Cas><Titre>Le juge valide la proposition</Titre><Paragraphe>Le juge rend une <MiseEnEvidence>ordonnance d'<LienIntra LienID="R55691" type="Définition de glossaire">homologation</LienIntra></MiseEnEvidence>.</Paragraphe><Paragraphe>Ce document <MiseEnEvidence>valide l'accord</MiseEnEvidence> passé avec le procureur. Il a la même valeur qu'un jugement classique.</Paragraphe><Paragraphe>La décision du juge précise que la personne est <MiseEnEvidence>coupable des faits</MiseEnEvidence> qui lui sont reprochés et qu'elle les reconnaît.</Paragraphe><Paragraphe>Elle mentionne que <MiseEnEvidence>les peines proposées sont justifiées</MiseEnEvidence> au regard des circonstances de l'infraction et de la personnalité de son auteur.</Paragraphe><Paragraphe>Elle indique enfin que la personne <MiseEnEvidence>accepte la ou les peines proposées</MiseEnEvidence> par le procureur de la République.</Paragraphe><Paragraphe>L'ordonnance doit être <LienIntra LienID="R14732" type="Définition de glossaire">notifiée</LienIntra> à l'intéressé.</Paragraphe></Cas><Cas><Titre>Le juge ne valide pas la proposition</Titre><Paragraphe>Le juge peut <MiseEnEvidence>refuser l'homologation </MiseEnEvidence>s'il constate que la personne ne reconnaît pas les faits et n'accepte pas les peines proposées.</Paragraphe><Paragraphe>Il peut aussi refuser s'il estime que les faits reprochés, la situation de la victime ou la personnalité de l'auteur <MiseEnEvidence>justifient une audience devant le tribunal correctionnel</MiseEnEvidence>. C'est le cas par exemple lorsque les déclarations de la victime apportent de nouveaux éléments sur les faits ou sur la personnalité de l'auteur.</Paragraphe><Paragraphe>En cas de refus d'homologation, <MiseEnEvidence>le procureur saisit</MiseEnEvidence>, sauf élément nouveau, le <LienInterne LienPublication="F2189" type="Fiche avec liens externes" audience="Particuliers">tribunal correctionnel</LienInterne> en vue d'un procès.</Paragraphe><Paragraphe>La personne peut comparaitre volontairement, être <LienInterne LienPublication="F1455" type="Fiche d'information conditionnée" audience="Particuliers">citée</LienInterne> par un commissaire de justice ou être convoquée par procès-verbal.</Paragraphe></Cas></BlocCas></Chapitre><Chapitre><Titre><Paragraphe>Comment s'exécute l'ordonnance d'homologation ?</Paragraphe></Titre><Paragraphe>L'ordonnance est <MiseEnEvidence>immédiatement <Expression>exécutoire</Expression></MiseEnEvidence>, aussi bien pour les peines principales que les peines complémentaires. Ce qui veut dire qu'elle peut être <MiseEnEvidence>appliquée dès son prononcé</MiseEnEvidence>.</Paragraphe><Paragraphe>Le procureur de la République peut procéder immédiatement aux <MiseEnEvidence>mesures d'exécution</MiseEnEvidence> de certaines peines, comme la suspension du permis de conduire.</Paragraphe><Paragraphe>Si la sanction est une peine d'<MiseEnEvidence>emprisonnement ferme</MiseEnEvidence>, le condamné peut partir en prison après l'audience, même s'il peut contester cette décision.</Paragraphe><Paragraphe>Si la sanction est une peine d'<MiseEnEvidence>emprisonnement aménageable</MiseEnEvidence>, le condamné reçoit immédiatement une convocation devant le <LienInterne LienPublication="R65648" type="Sigle">Jap</LienInterne>.</Paragraphe><Paragraphe>Si la sanction est une peine d'<MiseEnEvidence>amende</MiseEnEvidence>, un relevé de condamnation pénale est transmis au condamné pour lui indiquer comment la payer. Le condamné bénéficie d'une minoration de 20% si l'amende est payée dans les 30 jours à compter de sa<LienIntra LienID="R60392" type="Définition de glossaire"> notification</LienIntra>.</Paragraphe><ANoter><Titre>À noter</Titre><Paragraphe>La décision de condamnation fait l'objet d'une inscription au <LienInterne LienPublication="F14710" type="Fiche d'information conditionnée" audience="Particuliers">casier judiciaire</LienInterne> de l'auteur des faits.</Paragraphe></ANoter></Chapitre><Chapitre><Titre><Paragraphe>Comment contester l'ordonnance d'homologation ?</Paragraphe></Titre><Paragraphe>Le condamné dispose d'un délai de<MiseEnEvidence> 10 jours </MiseEnEvidence><MiseEnEvidence><MiseEnEvidence>à compter de la <LienIntra LienID="R14732" type="Définition de glossaire">notification</LienIntra></MiseEnEvidence> </MiseEnEvidence>de la décision, pour <LienInterne LienPublication="F1384" type="Fiche d'information conditionnée" audience="Particuliers">faire appel</LienInterne> de l'ordonnance d'homologation. On parle alors d'<MiseEnEvidence>appel principal</MiseEnEvidence>.</Paragraphe><Paragraphe>La cour d'appel va rejuger l'affaire.</Paragraphe><Paragraphe><MiseEnEvidence>Si le condamné est le seul à faire appel</MiseEnEvidence>, la cour d'appel ne peut pas aggraver la peine validée lors de l'audience d'homologation.</Paragraphe><Paragraphe>La cour d'appel peut aggraver la peine, uniquement si le procureur fait un<MiseEnEvidence> appel incident</MiseEnEvidence>. C'est à dire si le procureur fait également appel après celui formé par le condamné.</Paragraphe></Chapitre><Chapitre><Titre><Paragraphe>Que doit faire la victime pour être indemnisée ?</Paragraphe></Titre><Paragraphe>La victime identifiée doit <MiseEnEvidence>être informée</MiseEnEvidence> sans délai de la mise en œuvre de la procédure de CRPC avant l'audience d'homologation.</Paragraphe><Paragraphe>La procédure de CRPC n'empêche pas la victime d'obtenir une indemnisation en se<MiseEnEvidence> <LienInterne LienPublication="F1454" type="Fiche Question-réponse conditionnée" audience="Particuliers">constituant partie civile</LienInterne></MiseEnEvidence>.</Paragraphe><Paragraphe>Elle peut demander <LienInterne LienPublication="F1422" type="Fiche d'information conditionnée" audience="Particuliers">l'indemnisation de son préjudice</LienInterne>, par le paiement de <LienIntra LienID="R12532" type="Définition de glossaire">dommages et intérêts</LienIntra> avant ou au cours de l'audience d'homologation.</Paragraphe><Paragraphe>Elle est<MiseEnEvidence> invitée à comparaître</MiseEnEvidence> en même temps que l'auteur des faits, à l'audience d'homologation. Elle peut être entendue. Sa présence n'est cependant pas obligatoire.</Paragraphe><Paragraphe>En cas d'absence, elle doit <MiseEnEvidence>faire parvenir sa constitution de partie civile</MiseEnEvidence> et <MiseEnEvidence>sa demande d'indemnisation</MiseEnEvidence> au plus tard le jour de l'audience. Le juge peut accepter ses demandes ou les refuser. Il décide du montant de l'indemnisation.</Paragraphe><Paragraphe>Si elle le souhaite, la partie civile peut être assistée par un avocat.</Paragraphe><OuSAdresser ID="R14218" sve="non" type="Local personnalisable"><Titre>Avocat</Titre><PivotLocal>avocat_conseil_national</PivotLocal><RessourceWeb URL="https://www.cnb.avocat.fr/annuaire-des-avocats-de-france"/><Source ID="R30762">Conseil national des barreaux</Source></OuSAdresser><Paragraphe>Elle peut demander à bénéficier de <LienInterne LienPublication="F18074" type="Fiche d'information conditionnée" audience="Particuliers">l'aide juridictionnelle</LienInterne> si ses revenus sont insuffisants.</Paragraphe><Paragraphe>La partie civile peut <LienInterne LienPublication="F1384" type="Fiche d'information conditionnée" audience="Particuliers">faire appel</LienInterne> de cette décision dans les <MiseEnEvidence>10 jours</MiseEnEvidence> à compter du prononcé du jugement contradictoire, c'est-à-dire en présence des parties ou de leurs avocats.</Paragraphe><ASavoir><Titre>À savoir</Titre><Paragraphe>Si la partie civile n'a pas pu demander une indemnisation lors de l'audience d'homologation, le procureur doit l'informer qu'elle peut faire <LienIntra LienID="R52112" type="Définition de glossaire">citer</LienIntra> l'auteur des faits devant le tribunal correctionnel. Dans ce cas, il s'agit d'une audience sur <LienIntra LienID="R55945" type="Définition de glossaire">intérêts civils</LienIntra>. C'est-à-dire que le tribunal ne prononce pas de peine, mais il prend une décision uniquement sur son indemnisation.</Paragraphe></ASavoir></Chapitre></Texte><VoirAussi important="non"><Fiche ID="F1455" audience="Particuliers"><Titre>Citation directe</Titre><Theme ID="N19807"><Titre>Justice</Titre></Theme></Fiche><Fiche ID="F1485" audience="Particuliers"><Titre>Déroulement d'une affaire devant le tribunal correctionnel</Titre><Theme ID="N19807"><Titre>Justice</Titre></Theme></Fiche></VoirAussi><QuiPeutMAider ID="R11621" sve="non" type="Local personnalisé sur SP"><Titre>Maison de justice et du droit</Titre><PivotLocal>mjd</PivotLocal><RessourceWeb URL="http://www.annuaires.justice.gouv.fr/lieux-dacces-aux-droits-10111/"/><Source ID="R30663">Ministère chargé de la justice</Source></QuiPeutMAider><QuiPeutMAider ID="R34" sve="non" type="Local personnalisable"><Titre>Permanence juridique</Titre><PivotLocal>permanence_juridique</PivotLocal><RessourceWeb URL="http://www.annuaires.justice.gouv.fr/annuaires-12162/annuaire-des-permanences-juridiques-21770.html"/><Source ID="R30663">Ministère chargé de la justice</Source></QuiPeutMAider><Reference type="Texte de référence" URL="https://www.legifrance.gouv.fr/codes/id/LEGISCTA000006167486/" ID="R12000"><Titre>Code de procédure pénale : articles 495-7 à 495-16</Titre><Complement>Procédure de CRPC</Complement></Reference><Reference type="Texte de référence" URL="http://circulaires.legifrance.gouv.fr/pdf/2019/04/cir_44603.pdf" ID="R56251" format="application/pdf" poids="631.0 KB"><Titre>Circulaire du 8 avril 2019 relative aux alternatives aux poursuites, aux poursuites et au jugement</Titre><Complement>(pages 7, 8 et 9)</Complement></Reference><Definition ID="R49229"><Titre>Délit</Titre><Texte><Paragraphe>Acte interdit par la loi et puni d'une amende et/ou d'une peine d'emprisonnement inférieure à 10 ans</Paragraphe></Texte></Definition><Definition ID="R10272"><Titre>Infraction</Titre><Texte><Paragraphe>Acte interdit par la loi et passible de sanctions pénales</Paragraphe></Texte></Definition><Definition ID="R1123"><Titre>Procureur de la République</Titre><Texte><Paragraphe>Magistrat à la tête du parquet (ou ministère public). Il est destinataire des plaintes et signalements. Il dirige les enquêtes, décide des poursuites et veille à l'application de la loi.</Paragraphe></Texte></Definition><Definition ID="R55691"><Titre>Homologation</Titre><Texte><Paragraphe>Approbation d'un acte ou d'une convention par le juge</Paragraphe></Texte></Definition><Definition ID="R51083"><Titre>Homicide involontaire</Titre><Texte><Paragraphe>Fait de causer la mort d'une personne par maladresse, imprudence, inattention, négligence ou non respect d'une obligation de prudence ou de sécurité imposée par la loi ou le règlement.</Paragraphe></Texte><Reference type="Texte de référence" URL="https://www.legifrance.gouv.fr/codes/section_lc/LEGITEXT000006070719/LEGISCTA000006165277/#LEGISCTA000006165277" ID="R50381"><Titre>Code pénal : articles 221-6 à 221-7</Titre></Reference></Definition><Definition ID="R49230"><Titre>Crime</Titre><Texte><Paragraphe>Infraction la plus grave punissable par une peine de prison (homicide volontaire ou viol par exemple)</Paragraphe></Texte></Definition><Definition ID="R52095"><Titre>Contravention</Titre><Texte><Paragraphe>Infraction la moins grave, qui est punie par une peine d'amende</Paragraphe></Texte></Definition><Definition ID="R53873"><Titre>Semi-liberté</Titre><Texte><Paragraphe>Régime de détention qui permet au détenu de quitter la prison pendant la journée et d'y retourner passer la nuit, dans le but de favoriser sa bonne insertion sociale après la libération</Paragraphe></Texte></Definition><Definition ID="R52097"><Titre>Prévenu</Titre><Texte><Paragraphe>Personne soupçonnée d'avoir commis un délit ou une contravention et poursuivie devant le tribunal de police ou devant le tribunal correctionnel</Paragraphe></Texte></Definition><Definition ID="R14732"><Titre>Notification</Titre><Texte><Paragraphe>Formalité par laquelle un acte de procédure ou une décision est porté à la connaissance d’une personne</Paragraphe></Texte></Definition><Definition ID="R60392"><Titre>Notification</Titre><Texte><Paragraphe>Formalité pour tenir officiellement informé une personne du contenu d'un acte auquel elle ne fait pas partie</Paragraphe></Texte></Definition><Definition ID="R12532"><Titre>Dommages et intérêts</Titre><Texte><Paragraphe>Somme d'argent destinée à réparer le préjudice subi</Paragraphe></Texte></Definition><Definition ID="R52112"><Titre>Citation</Titre><Texte><Paragraphe>Acte de procédure par lequel une personne est convoquée devant une juridiction à une date précise</Paragraphe></Texte></Definition><Definition ID="R55945"><Titre>Intérêts civils</Titre><Texte><Paragraphe>Dommages et intérêts accordés à la victime qui s'est constituée partie civile.</Paragraphe></Texte></Definition><Abreviation ID="R65648" type="Sigle"><Titre>Jap</Titre><Texte><Paragraphe>Juge d'application des peines</Paragraphe></Texte></Abreviation><Abreviation ID="R65618" type="Sigle"><Titre>JLD</Titre><Texte><Paragraphe>Juge des libertés et de la détention</Paragraphe></Texte></Abreviation><QuestionReponse ID="F1157" audience="Particuliers"><Titre>Quelles sont les différences entre une contravention, un délit et un crime ?</Titre></QuestionReponse><QuestionReponse ID="F35248" audience="Particuliers"><Titre>L'avocat est-il obligatoire dans un procès pénal ?</Titre></QuestionReponse></Publication>