<?xml version="1.0" encoding="UTF-8"?><Publication xmlns:dc="http://purl.org/dc/elements/1.1/" xmlns:xsi="http://www.w3.org/2001/XMLSchema-instance" ID="F11001" type="Fiche d'information conditionnée" xsi:noNamespaceSchemaLocation="../Schemas/3.4/Publication.xsd" spUrl="https://www.service-public.fr/particuliers/vosdroits/F11001"><dc:title>Indemnisation en cas de surbooking (surréservation)</dc:title><dc:creator>Direction de l'information légale et administrative</dc:creator><dc:subject>Transports - Mobilité</dc:subject><dc:description>La compagnie qui doit vous transporter refuse de vous embarquer car elle a vendu plus de billets que de places disponibles dans l'avion ? Vous êtes victime de surbooking (ou surréservation). La compagnie doit vous indemniser.</dc:description><dc:publisher>Direction de l'information légale et administrative</dc:publisher><dc:contributor>Direction de l'information légale et administrative (Premier ministre)</dc:contributor><dc:date>modified 2022-06-21</dc:date><dc:type>Fiche pratique</dc:type><dc:format>text/xml</dc:format><dc:identifier>F11001</dc:identifier><dc:source>https://eur-lex.europa.eu/legal-content/FR/TXT/HTML/?uri=CELEX:32004R0261&amp;from=FR</dc:source><dc:language>Fr</dc:language><dc:relation>isPartOf N84</dc:relation><dc:coverage>France entière</dc:coverage><dc:rights>https://www.service-public.fr/a-propos/mentions-legales</dc:rights><SurTitre>Fiche pratique</SurTitre><Audience>Particuliers</Audience><Canal>www.service-public.fr</Canal><FilDAriane><Niveau ID="Particuliers">Accueil particuliers</Niveau><Niveau ID="N19812">Transports - Mobilité</Niveau><Niveau ID="N84">Voyage en avion</Niveau><Niveau ID="F11001" type="Fiche d'information conditionnée">Indemnisation en cas de surbooking (surréservation)</Niveau></FilDAriane><Theme ID="N19812"><Titre>Transports - Mobilité</Titre></Theme><DossierPere ID="N84"><Titre>Voyage en avion</Titre><Fiche ID="F591">Documents d'identité nécessaires</Fiche><Fiche ID="F11001">Surréservation (surbooking)</Fiche><Fiche ID="F10977">Vol retardé</Fiche><Fiche ID="F35000">Vol annulé</Fiche><Fiche ID="F11370">Bagages perdus, retardés ou détériorés</Fiche></DossierPere><Introduction><Texte><Paragraphe>La compagnie qui doit vous transporter refuse de vous embarquer car elle a vendu plus de billets que de places disponibles dans l'avion ? Vous êtes victime de <Expression>surbooking</Expression> (ou surréservation). La compagnie doit vous indemniser.</Paragraphe></Texte></Introduction><Texte><Chapitre><Titre><Paragraphe>Qu'est-ce que le surbooking (surréservation) ?</Paragraphe></Titre><Paragraphe>On parle de <Expression>surbooking</Expression> ou surréservation lorsqu'une compagnie aérienne vend plus de billets que le nombre de places disponibles dans l'avion.</Paragraphe><Paragraphe>Cela permet à la compagnie de remplir l'avion même en cas de désistement de passagers.</Paragraphe><Paragraphe>Si aucun passager ne se désiste, la compagnie peut refuser de vous embarquer.</Paragraphe><Paragraphe>Cette pratique n'est pas interdite, mais la compagnie doit vous indemniser.</Paragraphe><Attention><Titre>Attention</Titre><Paragraphe>si la compagnie demande des volontaires et que vous proposez <MiseEnEvidence>vous-même</MiseEnEvidence> de ne pas embarquer, vous ne serez pas indemnisé pour du surbooking. Il s'agit alors d'un accord avec la compagnie. Chacune propose ses propres conditions d'indemnisation.</Paragraphe></Attention></Chapitre><Chapitre><Titre><Paragraphe>La compagnie doit-elle proposer un autre vol en cas de refus d'embarquement ?</Paragraphe></Titre><Paragraphe>Si la compagnie refuse de vous embarquer, elle doit vous proposer un autre vol vers la même destination.</Paragraphe><BlocCas affichage="radio"><Cas><Titre>Vous souhaitez attendre le prochain vol</Titre><Paragraphe>La compagnie aérienne doit vous prendre en charge.</Paragraphe><Paragraphe>La compagnie doit prendre en charge <MiseEnEvidence>gratuitemen</MiseEnEvidence>t en attendant le prochain vol les services suivants :</Paragraphe><Liste type="puce"><Item><Paragraphe>Rafraîchissements</Paragraphe></Item><Item><Paragraphe>Restauration</Paragraphe></Item><Item><Paragraphe>2 communications (appels téléphoniques, SMS, mails)</Paragraphe></Item><Item><Paragraphe>Frais d'hôtel et de transfert entre l'hôtel et l'aéroport si le départ ne peut avoir lieu avant le lendemain</Paragraphe></Item></Liste></Cas><Cas><Titre>Vous ne souhaitez pas prendre le prochain vol</Titre><Paragraphe>La compagnie doit vous rembourser votre billet si vous ne souhaitez pas ou ne pouvez pas attendre le prochain vol.</Paragraphe><Paragraphe>Elle doit vous rembourser dans un délai de 7 <LienIntra LienID="R1008" type="Définition de glossaire">jours francs</LienIntra>.</Paragraphe></Cas></BlocCas></Chapitre><Chapitre><Titre><Paragraphe>À quelle indemnisation a-t-on droit en cas de refus d'embarquement ?</Paragraphe></Titre><Paragraphe>La compagnie aérienne doit vous donner un document indiquant comment réclamer une indemnisation.</Paragraphe><Paragraphe>Cette indemnité vous est due même si la compagnie vous a remboursé votre billet.</Paragraphe><Paragraphe>Vous devez adresser votre réclamation (par lettre <LienInterne LienPublication="R46090" type="Acronyme">RAR</LienInterne>) au service clientèle de la compagnie aérienne.</Paragraphe><Paragraphe>Ses coordonnées sont indiquées sur le document remis par la compagnie aérienne.</Paragraphe><Paragraphe>Un modèle de lettre est disponible :</Paragraphe><ServiceEnLigne ID="R24278" URL="https://www.inc-conso.fr/content/vous-demandez-une-indemnisation-parce-que-vous-navez-pas-pu-embarquer-dans-lavion" audience="Particuliers" type="Modèle de document"><Titre>Demander une indemnisation en cas de refus d'embarquement</Titre><Source ID="R30643">Institut national de la consommation (INC)</Source></ServiceEnLigne><Paragraphe>Le montant de l'indemnisation varie selon la longueur du trajet.</Paragraphe><BlocCas affichage="radio"><Cas><Titre>Jusqu'à 1 500 km</Titre><Paragraphe><Valeur>250 €</Valeur> (<Valeur>125 €</Valeur> si le retard est de 2 heures au plus)</Paragraphe></Cas><Cas><Titre>De 1 500 à 3 500 km</Titre><Paragraphe><Valeur>400 €</Valeur> (<Valeur>200 €</Valeur> si le retard est de 3 heures au plus)</Paragraphe></Cas><Cas><Titre>Plus de 3 500 km</Titre><Liste type="puce"><Item><Paragraphe>Trajet dans <LienExterne URL="http://europa.eu/about-eu/countries/index_fr.htm">l'Union européenne (UE)</LienExterne> : <Valeur>400 €</Valeur> (<Valeur>200 €</Valeur> si le retard est de 3 heures au plus)</Paragraphe></Item><Item><Paragraphe>Trajet entre l'UE et un pays hors UE : <Valeur>600 €</Valeur> (<Valeur>300 €</Valeur> si le retard est de 4 heures au plus)</Paragraphe></Item></Liste></Cas></BlocCas><Paragraphe>Vous pouvez faire un signalement auprès de la Direction générale de l'aviation civile (DGAC) dans les cas suivants :</Paragraphe><Liste type="puce"><Item><Paragraphe>La compagnie refuse de vous indemniser</Paragraphe></Item><Item><Paragraphe>Vous trouvez que l'indemnisation est insuffisante.</Paragraphe></Item></Liste><Paragraphe>Vous devez remplir un formulaire en ligne :</Paragraphe><ServiceEnLigne ID="R54138" URL="https://droits-passagers-aeriens.aviation-civile.gouv.fr/" audience="Particuliers" type="Formulaire"><Titre>Signaler à la DGAC un litige suite à un refus d'embarquement, un retard ou une annulation de vol</Titre><Source ID="R30696">Direction générale de l'aviation civile (DGAC)</Source></ServiceEnLigne><ANoter><Titre>À noter</Titre><Paragraphe>une personne qui voyage gratuitement (par exemple un enfant sur les genoux de son parent) n'a pas droit à une indemnisation.</Paragraphe></ANoter></Chapitre></Texte><QuiPeutMAider ID="R20582" sve="non" type="Centre de contact"><Titre>Direction générale de l'aviation civile (DGAC)</Titre><Texte><Chapitre><Titre><Paragraphe>Par courrier</Paragraphe></Titre><Paragraphe>Direction générale de l'aviation civile</Paragraphe><Paragraphe>50 rue Henry Farman</Paragraphe><Paragraphe>75720 Paris Cedex 15</Paragraphe></Chapitre><Chapitre><Titre><Paragraphe>Par téléphone</Paragraphe></Titre><Paragraphe>01 58 09 43 21</Paragraphe></Chapitre></Texte></QuiPeutMAider><QuiPeutMAider ID="R59248" sve="non" type="National"><Titre>0809 540 550 DGCCRF - RéponseConso</Titre><Texte><Paragraphe>Vous rencontrez une difficulté suite à un achat ? Vous avez une interrogation sur un point de droit avant d'acheter ou commander ?</Paragraphe><Paragraphe>Vous pouvez obtenir une réponse par un agent de la <LienInterne LienPublication="R31769" type="Sigle">DGCCRF</LienInterne> en appelant le <MiseEnEvidence>0809 540 550</MiseEnEvidence>.</Paragraphe><Liste type="puce"><Item><Paragraphe>Horaires d'ouverture du service :</Paragraphe></Item><Item><Paragraphe>Lundi et mardi : de 8h30 à 12h30 et de 13h15 à 17h15</Paragraphe></Item><Item><Paragraphe>Mercredi : de 13h15 à 17h15</Paragraphe></Item><Item><Paragraphe>Jeudi : de 8h30 à 12h30</Paragraphe></Item><Item><Paragraphe>Vendredi : de 8h30 à 16h</Paragraphe></Item></Liste><Paragraphe>Numéro non surtaxé</Paragraphe></Texte></QuiPeutMAider><OuSAdresser ID="R20582" sve="non" type="Centre de contact"><Titre>Direction générale de l'aviation civile (DGAC)</Titre><Texte><Chapitre><Titre><Paragraphe>Par courrier</Paragraphe></Titre><Paragraphe>Direction générale de l'aviation civile</Paragraphe><Paragraphe>50 rue Henry Farman</Paragraphe><Paragraphe>75720 Paris Cedex 15</Paragraphe></Chapitre><Chapitre><Titre><Paragraphe>Par téléphone</Paragraphe></Titre><Paragraphe>01 58 09 43 21</Paragraphe></Chapitre></Texte></OuSAdresser><OuSAdresser ID="R59248" sve="non" type="National"><Titre>0809 540 550 DGCCRF - RéponseConso</Titre><Complement>Pour des informations générales</Complement><Texte><Paragraphe>Vous rencontrez une difficulté suite à un achat ? Vous avez une interrogation sur un point de droit avant d'acheter ou commander ?</Paragraphe><Paragraphe>Vous pouvez obtenir une réponse par un agent de la <LienInterne LienPublication="R31769" type="Sigle">DGCCRF</LienInterne> en appelant le <MiseEnEvidence>0809 540 550</MiseEnEvidence>.</Paragraphe><Liste type="puce"><Item><Paragraphe>Horaires d'ouverture du service :</Paragraphe></Item><Item><Paragraphe>Lundi et mardi : de 8h30 à 12h30 et de 13h15 à 17h15</Paragraphe></Item><Item><Paragraphe>Mercredi : de 13h15 à 17h15</Paragraphe></Item><Item><Paragraphe>Jeudi : de 8h30 à 12h30</Paragraphe></Item><Item><Paragraphe>Vendredi : de 8h30 à 16h</Paragraphe></Item></Liste><Paragraphe>Numéro non surtaxé</Paragraphe></Texte></OuSAdresser><Reference type="Texte de référence" URL="https://eur-lex.europa.eu/legal-content/FR/TXT/HTML/?uri=CELEX:32004R0261&amp;from=FR" ID="R35462"><Titre>Règlement européen du 11 février 2004 relatif à l'indemnisation et l'assistance des passagers en cas de refus d'embarquement et d'annulation ou de retard important d'un vol</Titre></Reference><ServiceEnLigne ID="R54138" URL="https://droits-passagers-aeriens.aviation-civile.gouv.fr/" audience="Particuliers" type="Formulaire"><Titre>Signaler à la DGAC un litige suite à un refus d'embarquement, un retard ou une annulation de vol</Titre><Source ID="R30696">Direction générale de l'aviation civile (DGAC)</Source></ServiceEnLigne><PourEnSavoirPlus type="Information pratique" ID="R2369" URL="https://europa.eu/youreurope/citizens/travel/passenger-rights/air/index_fr.htm" audience="Particuliers"><Titre>Droits des passagers voyageant avec une compagnie aérienne de l'Union européenne</Titre><Source ID="R30669">Commission européenne</Source></PourEnSavoirPlus><PourEnSavoirPlus type="Information pratique" ID="R10772" URL="https://www.ecologie.gouv.fr/faire-en-cas-retard-au-depart-annulation-dun-vol-refus-dembarquement-ou-declassement" audience="Particuliers"><Titre>Retard, refus d'embarquement, annulation et réclamations</Titre><Source ID="R30611">Ministère chargé des transports</Source></PourEnSavoirPlus><PourEnSavoirPlus type="Information pratique" ID="R51426" URL="https://www.inc-conso.fr/content/nos-conseils-pour-bien-voyager-avion-train" audience="Particuliers"><Titre>Guide pratique du voyage en avion, train</Titre><Source ID="R30643">Institut national de la consommation (INC)</Source></PourEnSavoirPlus><Definition ID="R1008"><Titre>Jour franc</Titre><Texte><Paragraphe>Jour qui dure de 0h à 24h. Un délai ainsi calculé ne tient pas compte du jour de la décision à l'origine du délai, ni du jour de l'échéance. Si le délai s'achève un samedi ou un dimanche, il est reporté au lundi. Si le délai s'achève un jour férié, il est reporté d'un jour. Ainsi, par exemple, si un délai s'achève un samedi et le lundi suivant est un jour férié, il est reporté au mardi.</Paragraphe></Texte></Definition><Abreviation ID="R46090" type="Acronyme"><Titre>RAR</Titre><Texte><Paragraphe>Recommandé avec avis de réception</Paragraphe></Texte></Abreviation><Abreviation ID="R31769" type="Sigle"><Titre>DGCCRF</Titre><Texte><Paragraphe>Direction générale de la concurrence, de la consommation et de la répression des fraudes</Paragraphe></Texte></Abreviation></Publication>