<?xml version="1.0" encoding="UTF-8"?><Publication xmlns:dc="http://purl.org/dc/elements/1.1/" xmlns:xsi="http://www.w3.org/2001/XMLSchema-instance" ID="F111" type="Fiche d'information conditionnée" xsi:noNamespaceSchemaLocation="../Schemas/3.4/Publication.xsd" spUrl="https://www.service-public.fr/particuliers/vosdroits/F111"><dc:title>Orientation au lycée général ou technologique</dc:title><dc:creator>Direction de l'information légale et administrative</dc:creator><dc:subject>Famille - Scolarité</dc:subject><dc:description>Votre enfant est au lycée et vous vous posez des questions sur son orientation ? Accompagnement, décisions d'orientation : voici les informations à connaître sur l'orientation de votre enfant de la seconde à la terminale.</dc:description><dc:publisher>Direction de l'information légale et administrative</dc:publisher><dc:contributor>Direction de l'information légale et administrative (Premier ministre)</dc:contributor><dc:date>modified 2023-07-31</dc:date><dc:type>Fiche pratique</dc:type><dc:format>text/xml</dc:format><dc:identifier>F111</dc:identifier><dc:source>https://www.legifrance.gouv.fr/codes/id/LEGISCTA000006182413, https://www.legifrance.gouv.fr/codes/article_lc/LEGIARTI000038348655, https://www.legifrance.gouv.fr/codes/id/LEGISCTA000029781614, https://www.legifrance.gouv.fr/codes/id/LEGISCTA000036626398</dc:source><dc:language>Fr</dc:language><dc:relation>isPartOf N56</dc:relation><dc:coverage>France entière</dc:coverage><dc:rights>https://www.service-public.fr/a-propos/mentions-legales</dc:rights><SurTitre>Fiche pratique</SurTitre><Audience>Particuliers</Audience><Canal>www.service-public.fr</Canal><FilDAriane><Niveau ID="Particuliers">Accueil particuliers</Niveau><Niveau ID="N19805">Famille - Scolarité</Niveau><Niveau ID="N56">Collège et lycée</Niveau><Niveau ID="F111" type="Fiche d'information conditionnée">Orientation au lycée général ou technologique</Niveau></FilDAriane><Theme ID="N19805"><Titre>Famille - Scolarité</Titre></Theme><SousThemePere ID="N20265">Scolarité</SousThemePere><DossierPere ID="N56"><Titre>Collège et lycée</Titre><SousDossier ID="N56-1"><Titre>Inscription au collège et au lycée</Titre><Fiche ID="F2322">Inscription au collège</Fiche><Fiche ID="F2323">Inscription au lycée</Fiche><Fiche ID="F20393">Changement de collège ou de lycée en cours d'année</Fiche><Fiche ID="F1867">Internat</Fiche></SousDossier><SousDossier ID="N56-2"><Titre>Vie quotidienne</Titre><Fiche ID="F1409">Règlement intérieur</Fiche><Fiche ID="F24569">Restauration scolaire</Fiche><Fiche ID="F21766">Surveillance et sécurité des élèves</Fiche><Fiche ID="F22575">Sorties et voyages scolaires</Fiche><Fiche ID="F197">Santé</Fiche></SousDossier><SousDossier ID="N56-3"><Titre>Parcours scolaire et orientation</Titre><Fiche ID="F112">Collège</Fiche><Fiche ID="F111">Lycée général ou technologique</Fiche><Fiche ID="F20395">Lycée professionnel</Fiche><Fiche ID="F232">3ème "prépa-métiers" (ancienne Prépa-pro ou Dima)</Fiche><Fiche ID="F23476">Parcoursup</Fiche></SousDossier><SousDossier ID="N56-4"><Titre>Fonctionnement de l'établissement</Titre><Fiche ID="F1394">Conseil de classe</Fiche><Fiche ID="F1393">Conseil d'administration</Fiche><Fiche ID="F1396">Discipline</Fiche><Fiche ID="F315">Commission éducative</Fiche></SousDossier><SousDossier ID="N56-5"><Titre>Participation des élèves et des parents à la vie scolaire</Titre><Fiche ID="F1370">Délégués de classe</Fiche><Fiche ID="F21287">Information des parents</Fiche><Fiche ID="F1389">Représentants des parents d'élèves</Fiche></SousDossier></DossierPere><SousDossierPere>Parcours scolaire et orientation</SousDossierPere><Introduction><Texte><Paragraphe>Votre enfant est au lycée et vous vous posez des questions sur son orientation ? Accompagnement, décisions d'orientation : voici les informations à connaître sur l'orientation de votre enfant de la seconde à la terminale.</Paragraphe></Texte></Introduction><ListeSituations affichage="onglet"><Situation><Titre>Seconde</Titre><Texte><Chapitre><Titre><Paragraphe>Comment votre enfant est-il accompagné pour construire son orientation ?</Paragraphe></Titre><Paragraphe>L'<LienInterne LienPublication="F32761" type="Fiche Question-réponse conditionnée" audience="Particuliers">accompagnement personnalisé</LienInterne> permet d'aider votre enfant à acquérir des méthodes de travail et à construire ses choix d'orientation.</Paragraphe><Paragraphe>Il se déroule sur 72 heures annuelles, soit 2 heures par semaine en moyenne.</Paragraphe><Paragraphe>L'équipe pédagogique (enseignants, chef d'établissement) définit, pour chaque élève, l'organisation de l'accompagnement personnalisé. Tous les professeurs peuvent y participer.</Paragraphe></Chapitre><Chapitre><Titre><Paragraphe>À qui vous adresser pour obtenir des conseils en orientation ?</Paragraphe></Titre><SousChapitre><Titre><Paragraphe>Dans l'établissement scolaire</Paragraphe></Titre><Paragraphe>Votre enfant peut obtenir des conseils auprès de son <MiseEnEvidence>professeur principal</MiseEnEvidence>. Il le conseillera utilement en fonction de ses motivations et de ses possibilités.</Paragraphe><Paragraphe>Votre enfant peut aussi prendre rendez-vous avec le <MiseEnEvidence>conseiller d'orientation-psychologue de l'éducation nationale</MiseEnEvidence> qui intervient régulièrement dans les lycées.</Paragraphe></SousChapitre><SousChapitre><Titre><Paragraphe>À l'extérieur de l'établissement scolaire</Paragraphe></Titre><Paragraphe>Votre enfant peut se rendre dans un <MiseEnEvidence>centre d'information et d'orientation</MiseEnEvidence> (CIO).</Paragraphe><OuSAdresser ID="R16794" sve="non" type="Local personnalisé sur SP"><Titre>Centre d'information et d'orientation (CIO)</Titre><PivotLocal>cio</PivotLocal><RessourceWeb URL="https://www.education.gouv.fr/annuaire?keywords=Centre+d%27information+et+d%27orientation&amp;department=&amp;academy=&amp;status=All&amp;establishment=All&amp;geo_point"/><Source ID="R30638">Ministère chargé de l'éducation</Source></OuSAdresser><Paragraphe>Votre enfant peut aussi se rendre dans un <MiseEnEvidence>centre d'information et de documentation jeunesse</MiseEnEvidence> (CIDJ). Cette structure accueille et informe gratuitement les jeunes sur tous les sujets qui les intéressent, notamment sur les choix d'orientation et la vie professionnelle.</Paragraphe><OuSAdresser ID="R254" sve="non" type="Centre de contact"><Titre>Centre d'information et de documentation jeunesse (CIDJ)</Titre><RessourceWeb URL="https://www.cidj.com/nous-rencontrer"/></OuSAdresser></SousChapitre></Chapitre><Chapitre><Titre><Paragraphe>Quelles sont les décisions d'orientation prises au conseil de classe du 2e trimestre?</Paragraphe></Titre><Paragraphe>Au 2<Exposant>e</Exposant> trimestre, vous pouvez demander le passage de votre enfant en classe de 1<Exposant>re</Exposant> en précisant la série souhaitée (générale ou technologique). Vous pouvez également demander le redoublement.</Paragraphe><Paragraphe>Le conseil de classe y répond de façon provisoire.</Paragraphe><Paragraphe>Si la réponse ne vous satisfait pas, un dialogue s'engage entre vous et le professeur principal.</Paragraphe></Chapitre><Chapitre><Titre><Paragraphe>Quelles sont les décisions d'orientation prises au conseil de classe du 3e trimestre ?</Paragraphe></Titre><Paragraphe>Au 3<Exposant>e</Exposant> trimestre , vous formulez des vœux définitifs d'orientation.</Paragraphe><Paragraphe>Le conseil de classe y répond en prenant en compte le bilan de votre enfant. Deux types de décisions peuvent être prises :</Paragraphe><Liste type="puce"><Item><Paragraphe>Le conseil est en accord avec votre demande. La proposition vous est alors <LienIntra LienID="R14732" type="Définition de glossaire">notifiée</LienIntra>.</Paragraphe></Item><Item><Paragraphe>Le conseil est en désaccord avec votre demande. Un entretien avec le chef d'établissement vous est alors proposé. Si cet entretien ne permet pas d'obtenir un accord, le chef d'établissement vous notifie sa décision en y indiquant les motifs. Vous avez 3 <LienIntra LienID="R17508" type="Définition de glossaire">jours ouvrables</LienIntra> pour faire appel de cette décision devant une commission d'appel.</Paragraphe></Item></Liste><Paragraphe>La commission d'appel est présidée par le <LienInterne LienPublication="R31460" type="Acronyme">Dasen</LienInterne> et comprend des chefs d'établissement, des enseignants, des parents d'élèves et des personnels d'éducation et d'orientation.</Paragraphe><Paragraphe>Vous et votre enfant pouvez demander à être entendus par la commission.</Paragraphe><Paragraphe><MiseEnEvidence>La décision prise par la commission d'appel vaut décision d'orientation définitive.</MiseEnEvidence></Paragraphe><Paragraphe>Le redoublement doit être exceptionnel. Il peut être prononcé lorsqu'un dispositif d'accompagnement pédagogique n'a pas permis de mettre fin aux difficultés importantes d'apprentissage d'un élève.</Paragraphe><Paragraphe>Un redoublement doit être accompagné de mesures pédagogiques spécifiques pour l'élève (mise en place d'un <LienInterne LienPublication="F1441" type="Fiche Question-réponse conditionnée" audience="Particuliers">programme personnalisé de réussite éducative</LienInterne> par exemple).</Paragraphe><ANoter><Titre>À noter</Titre><Paragraphe>le chef d'établissement peut conseiller exceptionnellement à votre enfant de s'orienter vers la <MiseEnEvidence>voie professionnelle. </MiseEnEvidence>Ce conseil doit s'accompagner d'une proposition d'orientation vers une série de 1<Exposant>re</Exposant> générale ou technologique. L'orientation de votre enfant vers la voie professionnelle est décidée si vous en faites la <MiseEnEvidence>demande par écrit.</MiseEnEvidence></Paragraphe></ANoter></Chapitre></Texte></Situation><Situation><Titre>Première</Titre><Texte><Chapitre><Titre><Paragraphe>Comment votre enfant est-il accompagné pour construire son orientation ?</Paragraphe></Titre><SousChapitre><Titre><Paragraphe>Accompagnement personnalisé</Paragraphe></Titre><Paragraphe><LienInterne LienPublication="F32761" type="Fiche Question-réponse conditionnée" audience="Particuliers">L'accompagnement personnalisé</LienInterne> permet à votre enfant de s'adapter à la voie de formation qu'il a choisie. Il lui permet aussi de construire son projet post-bac.</Paragraphe><Paragraphe>Il se déroule sur 72 heures annuelles, soit 2 heures par semaine en moyenne.</Paragraphe><Paragraphe>L'équipe pédagogique (enseignants, chef d'établissement) définit, pour chaque élève, l'organisation de l'accompagnement personnalisé. Tous les professeurs peuvent y participer.</Paragraphe></SousChapitre><SousChapitre><Titre><Paragraphe>Entretien personnalisé d'orientation</Paragraphe></Titre><Paragraphe>Un entretien personnalisé d'orientation est organisé par le professeur principal.</Paragraphe><Paragraphe>Il permet à votre enfant de prendre connaissance des débouchés possibles selon la spécialité dans laquelle il se trouve (enseignement supérieur ou insertion par exemple). Cet entretien lui permet aussi de déterminer les démarches à effectuer et le calendrier à venir.</Paragraphe><ASavoir><Titre>À savoir</Titre><Paragraphe>votre enfant peut changer d'orientation <MiseEnEvidence>en cours ou en fin d'année.</MiseEnEvidence> Vous (ou votre enfant s'il est majeur) devez alors adresser une demande écrite au chef d'établissement, après avis du conseil de classe.</Paragraphe></ASavoir></SousChapitre></Chapitre><Chapitre><Titre><Paragraphe>À qui vous adresser pour obtenir des conseils en orientation ?</Paragraphe></Titre><SousChapitre><Titre><Paragraphe>Dans l'établissement scolaire</Paragraphe></Titre><Paragraphe>Votre enfant peut obtenir des conseils auprès de son <MiseEnEvidence>professeur principal</MiseEnEvidence>. Il le conseillera utilement en fonction de ses motivations et de ses possibilités.</Paragraphe><Paragraphe>Votre enfant peut aussi prendre rendez-vous avec le <MiseEnEvidence>conseiller d'orientation-psychologue de l'éducation nationale</MiseEnEvidence> qui intervient régulièrement dans les lycées.</Paragraphe></SousChapitre><SousChapitre><Titre><Paragraphe>À l'extérieur de l'établissement scolaire</Paragraphe></Titre><Paragraphe>Votre enfant peut se rendre dans un <MiseEnEvidence>centre d'information et d'orientation</MiseEnEvidence> (CIO).</Paragraphe><OuSAdresser ID="R16794" sve="non" type="Local personnalisé sur SP"><Titre>Centre d'information et d'orientation (CIO)</Titre><PivotLocal>cio</PivotLocal><RessourceWeb URL="https://www.education.gouv.fr/annuaire?keywords=Centre+d%27information+et+d%27orientation&amp;department=&amp;academy=&amp;status=All&amp;establishment=All&amp;geo_point"/><Source ID="R30638">Ministère chargé de l'éducation</Source></OuSAdresser><Paragraphe>Votre enfant peut aussi se rendre dans un <MiseEnEvidence>centre d'information et de documentation jeunesse</MiseEnEvidence> (CIDJ). Cette structure accueille et informe gratuitement les jeunes sur tous les sujets qui les intéressent, notamment sur les choix d'orientation et la vie professionnelle.</Paragraphe><OuSAdresser ID="R254" sve="non" type="Centre de contact"><Titre>Centre d'information et de documentation jeunesse (CIDJ)</Titre><RessourceWeb URL="https://www.cidj.com/nous-rencontrer"/></OuSAdresser></SousChapitre></Chapitre><Chapitre><Titre><Paragraphe>Quelles sont les décisions d'orientation prises au conseil de classe du 2e trimestre?</Paragraphe></Titre><Paragraphe>Au 2<Exposant>e</Exposant> trimestre, vous demandez le passage de votre enfant en classe de terminale. Vous pouvez également demander le redoublement.</Paragraphe><Paragraphe>Le conseil de classe y répond de façon provisoire. Si la réponse ne vous satisfait pas, un dialogue s'engage entre vous et le professeur principal.</Paragraphe><ASavoir><Titre>À savoir</Titre><Paragraphe>votre enfant peut changer d'orientation en cours ou en fin d'année. Vous (ou votre enfant s'il est majeur) devez alors adresser <MiseEnEvidence>une demande écrite </MiseEnEvidence>au chef d'établissement, après avis du conseil de classe.</Paragraphe></ASavoir></Chapitre><Chapitre><Titre><Paragraphe>Quelles sont les décisions d'orientation prises au conseil de classe du 3e trimestre?</Paragraphe></Titre><Paragraphe>Au 3<Exposant>e</Exposant> trimestre , vous formulez des vœux définitifs d'orientation.</Paragraphe><Paragraphe>Le conseil de classe y répond en prenant en compte le bilan de votre enfant. Deux types de décisions peuvent être prises :</Paragraphe><Liste type="puce"><Item><Paragraphe>Le conseil est en accord avec votre demande. La proposition vous est alors <LienIntra LienID="R14732" type="Définition de glossaire">notifiée</LienIntra>.</Paragraphe></Item><Item><Paragraphe>Le conseil est en désaccord avec votre demande. Un entretien avec le chef d'établissement vous est alors proposé. Si cet entretien ne permet pas d'obtenir un accord, le chef d'établissement vous notifie sa décision en y indiquant les motifs. Vous avez 3 <LienIntra LienID="R17508" type="Définition de glossaire">jours ouvrables</LienIntra> pour faire appel de cette décision devant une commission d'appel.</Paragraphe></Item></Liste><Paragraphe>La commission d'appel est présidée par le <LienInterne LienPublication="R31460" type="Acronyme">Dasen</LienInterne> et comprend des chefs d'établissement, des enseignants, des parents d'élèves et des personnels d'éducation et d'orientation.</Paragraphe><Paragraphe>Vous et votre enfant pouvez demander à être entendus par la commission.</Paragraphe><Paragraphe><MiseEnEvidence>La décision prise par la commission d'appel vaut décision d'orientation définitive.</MiseEnEvidence></Paragraphe><Paragraphe>Le redoublement doit être exceptionnel.</Paragraphe><ASavoir><Titre>À savoir</Titre><Paragraphe>votre enfant peut changer d'orientation en cours ou en fin d'année. Vous (ou votre enfant s'il est majeur) devez alors adresser une <MiseEnEvidence>demande écrite</MiseEnEvidence> au chef d'établissement, après avis du conseil de classe.</Paragraphe></ASavoir></Chapitre></Texte></Situation><Situation><Titre>Terminale</Titre><Texte><Chapitre><Titre><Paragraphe>Comment votre enfant est-il accompagné pour construire son orientation ?</Paragraphe></Titre><SousChapitre><Titre><Paragraphe>Accompagnement personnalisé</Paragraphe></Titre><Paragraphe>L'<LienInterne LienPublication="F32761" type="Fiche Question-réponse conditionnée" audience="Particuliers">accompagnement personnalisé</LienInterne> permet d'aider votre enfant à finaliser son projet d'orientation. Il lui permet aussi de se préparer aux méthodes de l'enseignement supérieur.</Paragraphe><Paragraphe>L'accompagnement personnalisé se déroule sur 72 heures annuelles, soit 2 heures par semaine en moyenne.</Paragraphe><Paragraphe>L'équipe pédagogique (enseignants, chef d'établissement) définit, pour chaque élève, l'organisation de l'accompagnement personnalisé. Tous les professeurs peuvent y participer.</Paragraphe></SousChapitre><SousChapitre><Titre><Paragraphe>Entretien personnalisé d'orientation</Paragraphe></Titre><Paragraphe>Un entretien personnalisé d'orientation est organisé par le professeur principal. Il permet d'aider votre enfant à déterminer ses choix d'orientation. L'entretien lui permet aussi de déterminer les démarches à effectuer et le calendrier à venir.</Paragraphe><Paragraphe>L'entretien permet de préparer le conseil de classe du 1<Exposant>er</Exposant> trimestre consacré à l'orientation.</Paragraphe></SousChapitre></Chapitre><Chapitre><Titre><Paragraphe>Quelles sont les décisions d'orientation prises au conseil de classe du 1er trimestre?</Paragraphe></Titre><Paragraphe>Avant le 1<Exposant>er</Exposant> conseil de classe de terminale, votre enfant remplit une <Expression>fiche dialogue</Expression> pour indiquer ses projets d'orientation.</Paragraphe><Paragraphe>Le conseil de classe du 1<Exposant>er</Exposant> trimestre donne un avis sur l'orientation envisagée par votre enfant.</Paragraphe></Chapitre><Chapitre><Titre><Paragraphe>Quelles sont les décisions d'orientation prises aux conseils de classe des 2e et 3e trimestres ?</Paragraphe></Titre><Paragraphe>Le conseil de classe se prononce sur les vœux de poursuite d'études de l'élève dans l'enseignement supérieur. Le chef d'établissement doit donner <MiseEnEvidence>un avis sur chacun de ces vœux.</MiseEnEvidence></Paragraphe><Paragraphe>Les enseignants et le chef d'établissement remplissent une <Expression><LienExterne URL="http://cache.media.eduscol.education.fr/file/plan_Etudiants/03/7/Fiches_Avenir_mode_emploi-VD_880037.pdf" format="application/pdf" poids="670.1 KB">fiche avenir</LienExterne></Expression> qui comporte des avis sur l'orientation demandée par votre enfant. La fiche est transmise automatiquement aux établissements d'enseignement supérieur via la plateforme <Expression>Parcoursup</Expression>.</Paragraphe><ASavoir><Titre>À savoir</Titre><Paragraphe>si votre enfant a échoué au bac, il est autorisé à s'inscrire à nouveau dans son établissement. Il peut demander à conserver les notes égales ou supérieures à 10 sur 20, pendant les 5 sessions suivantes.</Paragraphe></ASavoir></Chapitre><Chapitre><Titre><Paragraphe>Parcoursup : comment s'inscrire dans l'enseignement supérieur ?</Paragraphe></Titre><Paragraphe>Votre enfant souhaite intégrer l'enseignement supérieur. Au 2<Exposant>e</Exposant> trimestre de terminale, Il doit alors s'inscrire sur le site <LienInterne LienPublication="F23476" type="Fiche d'information conditionnée" audience="Particuliers">Parcoursup</LienInterne>.</Paragraphe><Paragraphe><Expression>Parcoursup</Expression> permet au lycéen d'effectuer les démarches suivantes :</Paragraphe><Liste type="puce"><Item><Paragraphe>Obtenir des informations sur les caractéristiques des formations. En particulier les compétences attendues, les contenus et l'organisation des enseignements, les taux de réussite, les débouchés</Paragraphe></Item><Item><Paragraphe>Obtenir des informations sur les établissements proposant les formations et notamment sur leur capacité d'accueil</Paragraphe></Item><Item><Paragraphe>Obtenir des conseils sur l'orientation</Paragraphe></Item><Item><Paragraphe>Faire des vœux de poursuite d'études</Paragraphe></Item><Item><Paragraphe>Créer et suivre son dossier de candidature</Paragraphe></Item></Liste><Attention><Titre>Attention</Titre><Paragraphe>la procédure <Expression>Parcoursup</Expression> se déroule en plusieurs phases, selon un calendrier qu'il faut impérativement respecter.</Paragraphe></Attention><ServiceEnLigne ID="R19176" URL="https://dossier.parcoursup.fr/Candidat/authentification" audience="Particuliers" type="Téléservice"><Titre>Accéder à votre dossier d'inscription dans l'enseignement supérieur</Titre><Source ID="R30775">Ministère chargé de l'enseignement supérieur, de la recherche et de l'innovation</Source></ServiceEnLigne></Chapitre></Texte></Situation></ListeSituations><VoirAussi important="non"><Fiche ID="F112" audience="Particuliers"><Titre>Orientation au collège</Titre><Theme ID="N19805"><Titre>Famille - Scolarité</Titre></Theme></Fiche><Fiche ID="F23476" audience="Particuliers"><Titre>Parcoursup</Titre><Theme ID="N19805"><Titre>Famille - Scolarité</Titre></Theme></Fiche></VoirAussi><QuiPeutMAider ID="R12125" sve="non" type="Local personnalisable"><Titre>Établissement scolaire</Titre><PivotLocal>etablissement_scolaire</PivotLocal><RessourceWeb URL="https://www.education.gouv.fr/annuaire"/></QuiPeutMAider><QuiPeutMAider ID="R16794" sve="non" type="Local personnalisé sur SP"><Titre>Centre d'information et d'orientation (CIO)</Titre><PivotLocal>cio</PivotLocal><RessourceWeb URL="https://www.education.gouv.fr/annuaire?keywords=Centre+d%27information+et+d%27orientation&amp;department=&amp;academy=&amp;status=All&amp;establishment=All&amp;geo_point"/><Source ID="R30638">Ministère chargé de l'éducation</Source></QuiPeutMAider><QuiPeutMAider ID="R254" sve="non" type="Centre de contact"><Titre>Centre d'information et de documentation jeunesse (CIDJ)</Titre><RessourceWeb URL="https://www.cidj.com/nous-rencontrer"/></QuiPeutMAider><Reference type="Texte de référence" URL="https://www.legifrance.gouv.fr/codes/id/LEGISCTA000006182413" ID="R19463"><Titre>Code de l'éducation : articles L331-7 et L331-8</Titre><Complement>Orientation</Complement></Reference><Reference type="Texte de référence" URL="https://www.legifrance.gouv.fr/codes/article_lc/LEGIARTI000038348655" ID="R44744"><Titre>Code de l'éducation : articles D331-23 à D331-45</Titre><Complement>Procédure d'orientation dans les lycées publics</Complement></Reference><Reference type="Texte de référence" URL="https://www.legifrance.gouv.fr/codes/id/LEGISCTA000029781614" ID="R42727"><Titre>Code de l'éducation : articles D331-62 à D331-64</Titre><Complement>Redoublement</Complement></Reference><Reference type="Texte de référence" URL="https://www.legifrance.gouv.fr/codes/id/LEGISCTA000036626398" ID="R50213"><Titre>Code l'éducation : article D331-64-1</Titre><Complement>Avis sur les vœux</Complement></Reference><ServiceEnLigne ID="R42572" URL="https://www.parcoursup.gouv.fr" audience="Particuliers" type="Téléservice"><Titre>Plateforme Parcoursup</Titre><Source ID="R30638">Ministère chargé de l'éducation</Source></ServiceEnLigne><ServiceEnLigne ID="R19176" URL="https://dossier.parcoursup.fr/Candidat/authentification" audience="Particuliers" type="Téléservice"><Titre>Accéder à votre dossier d'inscription dans l'enseignement supérieur</Titre><Source ID="R30775">Ministère chargé de l'enseignement supérieur, de la recherche et de l'innovation</Source></ServiceEnLigne><PourEnSavoirPlus type="Information pratique" ID="R49932" URL="http://eduscol.education.fr/cid54928/presentation-du-dispositif-accompagnement-personnalise.html" audience="Particuliers"><Titre>L'accompagnement personnalisé au lycée</Titre><Source ID="R30638">Ministère chargé de l'éducation</Source></PourEnSavoirPlus><PourEnSavoirPlus type="Information pratique" ID="R49940" URL="http://eduscol.education.fr/cid102219/le-redoublement-faq.html" audience="Particuliers"><Titre>Le redoublement</Titre><Source ID="R30638">Ministère chargé de l'éducation</Source></PourEnSavoirPlus><PourEnSavoirPlus type="Information pratique" ID="R49942" URL="https://eduscol.education.fr/cid146486/parcoursup.html" audience="Particuliers"><Titre>L'orientation du lycée à l'enseignement supérieur</Titre><Source ID="R30638">Ministère chargé de l'éducation</Source></PourEnSavoirPlus><PourEnSavoirPlus type="Information pratique" ID="R49943" URL="http://cache.media.eduscol.education.fr/file/plan_Etudiants/03/7/Fiches_Avenir_mode_emploi-VD_880037.pdf" audience="Particuliers" format="application/pdf" poids="670.1 KB"><Titre>Fiche Avenir : mode d'emploi</Titre><Source ID="R30638">Ministère chargé de l'éducation</Source></PourEnSavoirPlus><Definition ID="R14732"><Titre>Notification</Titre><Texte><Paragraphe>Formalité par laquelle un acte de procédure ou une décision est porté à la connaissance d’une personne</Paragraphe></Texte></Definition><Definition ID="R17508"><Titre>Jour ouvrable</Titre><Texte><Paragraphe>Correspond à tous les jours de la semaine, à l'exception du jour de repos hebdomadaire (généralement le dimanche) et des jours fériés habituellement non travaillés dans l'entreprise</Paragraphe></Texte></Definition><Abreviation ID="R31460" type="Acronyme"><Titre>Dasen</Titre><Texte><Paragraphe>Directeur académique des services de l'éducation nationale</Paragraphe></Texte></Abreviation><QuestionReponse ID="F32761" audience="Particuliers"><Titre>Qu'est-ce que l'accompagnement personnalisé de l'élève au collège ou au lycée ?</Titre></QuestionReponse><QuestionReponse ID="F23487" audience="Particuliers"><Titre>Peut-on passer un examen de l'Éducation nationale en candidat libre ?</Titre></QuestionReponse><QuestionReponse ID="F857" audience="Particuliers"><Titre>Collège et lycée : qu'est-ce qu'un projet d'établissement ?</Titre></QuestionReponse></Publication>