<?xml version="1.0" encoding="UTF-8"?><Publication xmlns:dc="http://purl.org/dc/elements/1.1/" xmlns:xsi="http://www.w3.org/2001/XMLSchema-instance" ID="F1120" type="Fiche d'information conditionnée" xsi:noNamespaceSchemaLocation="../Schemas/3.4/Publication.xsd" spUrl="https://www.service-public.fr/particuliers/vosdroits/F1120"><dc:title>Rédaction des statuts d'une association</dc:title><dc:creator>Direction de l'information légale et administrative</dc:creator><dc:subject>Formalités administratives d'une association, Associations</dc:subject><dc:description>Les statuts d'une association sont librement établis par les fondateurs sauf restriction prévue par la loi ou fixée par les statuts eux-mêmes.</dc:description><dc:publisher>Direction de l'information légale et administrative</dc:publisher><dc:contributor>Direction de l'information légale et administrative (Premier ministre)</dc:contributor><dc:date>modified 2022-10-13</dc:date><dc:type>Fiche pratique</dc:type><dc:format>text/xml</dc:format><dc:identifier>F1120</dc:identifier><dc:source>https://www.legifrance.gouv.fr/loda/id/LEGITEXT000006069570/, https://www.legifrance.gouv.fr/loda/id/LEGITEXT000006069620/, https://idl-am.org/documents-sur-le-droit-local/code-civil-local-extraits-articles-21-a-79-iv/</dc:source><dc:language>Fr</dc:language><dc:relation>isPartOf N19554</dc:relation><dc:coverage>France entière</dc:coverage><dc:rights>https://www.service-public.fr/a-propos/mentions-legales</dc:rights><SurTitre>Fiche pratique</SurTitre><Audience>Associations</Audience><Audience>Particuliers</Audience><Canal>www.service-public.fr</Canal><FilDAriane><Niveau ID="Particuliers">Accueil particuliers</Niveau><Niveau ID="N31931">Associations</Niveau><Niveau ID="N19554">Création d'une association</Niveau><Niveau ID="F1120" type="Fiche d'information conditionnée">Rédaction des statuts d'une association</Niveau></FilDAriane><Theme ID="N31931"><Titre>Associations</Titre></Theme><SousThemePere ID="N31975">Formalités administratives d'une association</SousThemePere><DossierPere ID="N19554"><Titre>Création d'une association</Titre><Fiche ID="F1120">Rédaction des statuts</Fiche><Fiche ID="F1119">Déclaration initiale</Fiche><Fiche ID="F1926">Identification et immatriculation d'une association</Fiche><Fiche ID="F11966">Agrément d'une association</Fiche></DossierPere><Introduction><Texte><Paragraphe>Les statuts sont<MiseEnEvidence> l'acte fondateur</MiseEnEvidence> d'une association. Il s'agit d'un <MiseEnEvidence>contrat</MiseEnEvidence> signé par au moins 2 personnes (7 minimum en Alsace-Moselle). Ce contrat est établi <MiseEnEvidence>librement</MiseEnEvidence>. Néanmoins, les statuts peuvent être soumis à des obligations particulières pour certaines associations. Nous vous présentons les informations à connaître.</Paragraphe></Texte></Introduction><ListeSituations affichage="onglet"><Situation><Titre>Cas général</Titre><Texte><Chapitre><Titre><Paragraphe>Que sont les statuts d'une association ?</Paragraphe></Titre><Paragraphe>Les statuts sont l'acte de naissance de l'association.</Paragraphe><Paragraphe>Ils comportent les informations décrivant l'objet (ou le but) de l'association et ses règles de fonctionnement.</Paragraphe><Paragraphe>Les statuts peuvent être complétés par un <LienInterne LienPublication="F35042" type="Fiche Question-réponse conditionnée" audience="Particuliers">règlement intérieur</LienInterne>.</Paragraphe><Paragraphe>Une copie des statuts doit être fournie en accompagnement de la <LienInterne LienPublication="F1119" type="Fiche d'information conditionnée" audience="Particuliers">déclaration de l'association</LienInterne> en préfecture.</Paragraphe></Chapitre><Chapitre><Titre><Paragraphe>Quelle forme doit revêtir les statuts d'une association ?</Paragraphe></Titre><Paragraphe>Les statuts doivent être rédigés<MiseEnEvidence> en français</MiseEnEvidence> par les fondateurs de l'association (2 personnes minimum). Ils sont écrits librement, <MiseEnEvidence>sans forme particulière</MiseEnEvidence>.</Paragraphe><Paragraphe>Il peut arriver que les statuts doivent respecter certaines obligations lorsque la loi le prévoit. C'est le cas, par exemple, pour les fédérations de chasseurs.</Paragraphe></Chapitre><Chapitre><Titre><Paragraphe>Quels éléments faire figurer dans les statuts d'une association ?</Paragraphe></Titre><Paragraphe>Il est vivement conseillé de mentionner dans les statuts les éléments suivants :</Paragraphe><Liste type="puce"><Item><Paragraphe>Titre de l'association, objet, durée et siège social</Paragraphe></Item><Item><Paragraphe>Conditions d'admission et de radiation de ses membres</Paragraphe></Item><Item><Paragraphe>Règles d'organisation, de fonctionnement de l'association, et détermination des pouvoirs attribués aux membres chargés de l'administrer</Paragraphe></Item><Item><Paragraphe>Conditions de modification des statuts et conditions de dissolution de l'association</Paragraphe></Item><Item><Paragraphe>Règles d'attribution des biens de l'association en cas de dissolution (volontaire, statutaire, judiciaire ou par décret)</Paragraphe></Item></Liste><Paragraphe>Un exemple est disponible :</Paragraphe><ServiceEnLigne ID="R2631" audience="Particuliers" type="Modèle de document"><Titre>Exemple de statuts d'une association loi 1901</Titre><Source ID="R30678">Ministère chargé de la vie associative</Source></ServiceEnLigne><Paragraphe>Il est recommandé de ne pas faire figurer dans les statuts des informations qui risquent de devenir rapidement obsolètes. Par exemple, le montant des cotisations ou des informations personnelles (telles que les nom, prénom, adresse des membres ou l'état civil des fondateurs).</Paragraphe><Attention><Titre>Attention</Titre><Paragraphe>les statuts initiaux peuvent affirmer que l'association a vocation à être propriétaire d'un bien immobilier, mais non qu'elle est propriétaire. Il en est ainsi car, tant que sa création n’est pas encore publiée au <LienInterne LienPublication="R49635" type="Acronyme">JOAFE</LienInterne>, elle ne possède pas encore la personnalité juridique (c'est-à-dire la possibilité d'agir en justice, de signer un contrat,...).</Paragraphe></Attention></Chapitre><Chapitre><Titre><Paragraphe>La loi impose-t-elle des obligations particulières à certaines associations ?</Paragraphe></Titre><Paragraphe>Dans certains cas, les statuts doivent respecter les règles suivantes :</Paragraphe><Liste type="puce"><Item><Paragraphe>Mentionner qu'elles fournissent des services ou vendent des produits de manière habituelle</Paragraphe></Item><Item><Paragraphe>Se conformer à des statuts types (exemple : fédération des chasseurs)</Paragraphe></Item><Item><Paragraphe>Soumettre les statuts à une autorité de tutelle telle qu'un ministère (exemple : association agréée de pêcheurs professionnels en eau douce)</Paragraphe></Item></Liste><Paragraphe>À titre d'exemple, les fédérations ou associations concernées par ces règles sont les suivantes :</Paragraphe><Liste type="puce"><Item><Paragraphe>Fédérations de chasseurs</Paragraphe></Item><Item><Paragraphe>Associations agréées de pêcheurs professionnels en eau douce</Paragraphe></Item><Item><Paragraphe>Associations de vente de produits ou de fourniture de service</Paragraphe></Item></Liste></Chapitre></Texte></Situation><Situation><Titre>Alsace-Moselle</Titre><Texte><Chapitre><Titre><Paragraphe>Que sont les statuts d'une association ?</Paragraphe></Titre><Paragraphe>Les statuts sont l'acte de naissance de l'association.</Paragraphe><Paragraphe>Ils comportent les informations décrivant l'objet (ou le but) de l'association et ses règles de fonctionnement.</Paragraphe><Paragraphe>Les statuts peuvent être complétés par un <LienInterne LienPublication="F35042" type="Fiche Question-réponse conditionnée" audience="Particuliers">règlement intérieur</LienInterne>.</Paragraphe><Paragraphe>Les statuts doivent être déposés au tribunal judiciaire du lieu où est établi l'association.</Paragraphe></Chapitre><Chapitre><Titre><Paragraphe>Quelle forme doit avoir les statuts d'une association ?</Paragraphe></Titre><Paragraphe>Les statuts doivent être rédigés <MiseEnEvidence>en français</MiseEnEvidence> par les fondateurs de l'association (7 personnes minimum). Ils sont écrits librement, <MiseEnEvidence>sans forme particulière</MiseEnEvidence>.</Paragraphe></Chapitre><Chapitre><Titre><Paragraphe>Quels éléments doivent figurer dans les statuts d'une association ?</Paragraphe></Titre><Paragraphe>Les statuts de l'association doivent obligatoirement comporter les informations suivantes :</Paragraphe><Liste type="puce"><Item><Paragraphe>Nom, objet, durée et siège de l'association</Paragraphe></Item><Item><Paragraphe>Conditions d'adhésion et d'exclusion des membres</Paragraphe></Item><Item><Paragraphe>Obligations des membres vis à vis de l'association (participation, cotisation, ...)</Paragraphe></Item><Item><Paragraphe>Organes dirigeants de l'association</Paragraphe></Item><Item><Paragraphe>Conditions de convocation de l'assemblée générale, formalités pour l'effectuer</Paragraphe></Item><Item><Paragraphe>Modes de constatation des décisions de l'assemblée générale</Paragraphe></Item></Liste><Paragraphe>Il est recommandé de ne pas faire figurer dans les statuts des informations qui risquent de devenir rapidement obsolètes. Par exemple, le montant des cotisations ou des informations personnelles (telles que les nom, prénom, adresse des membres ou l'état civil des fondateurs).</Paragraphe><Attention><Titre>Attention</Titre><Paragraphe>les statuts initiaux peuvent affirmer que l'association a vocation à être propriétaire d'un bien immobilier, mais non que l'association est propriétaire. Il en est ainsi car, tant qu'elle n'est pas encore inscrite au registre des associations, elle ne possède pas encore la personnalité juridique (c'est à dire la possibilité d'agir en justice, de signer des contrats,...).</Paragraphe></Attention></Chapitre></Texte></Situation></ListeSituations><VoirAussi important="non"><Fiche ID="F1121" audience="Particuliers"><Titre>Instances dirigeantes d'une association</Titre><Theme ID="N31404"><Titre>Fonctionnement d'une association</Titre></Theme></Fiche><Fiche ID="F1123" audience="Particuliers"><Titre>Modification des statuts d'une association</Titre><Theme ID="N31403"><Titre>Formalités administratives d'une association</Titre></Theme></Fiche><Fiche ID="F1122" audience="Particuliers"><Titre>Dissolution d'une association</Titre><Theme ID="N31403"><Titre>Formalités administratives d'une association</Titre></Theme></Fiche></VoirAussi><QuiPeutMAider ID="R17216" sve="non" type="Local"><Titre>Point ressource à la vie associative</Titre><RessourceWeb URL="http://www.associations.gouv.fr/les-centres-de-ressources-pour-les-responsables-ou-createurs-d-association.html"/><Source ID="R30678">Ministère chargé de la vie associative</Source></QuiPeutMAider><Reference type="Texte de référence" URL="https://www.legifrance.gouv.fr/loda/id/LEGITEXT000006069570/" ID="R1751"><Titre>Loi du 1er juillet 1901 relative au contrat d'association</Titre></Reference><Reference type="Texte de référence" URL="https://www.legifrance.gouv.fr/loda/id/LEGITEXT000006069620/" ID="R12101"><Titre>Décret du 16 août 1901 pris relatif au contrat d'association</Titre></Reference><Reference type="Texte de référence" URL="https://idl-am.org/documents-sur-le-droit-local/code-civil-local-extraits-articles-21-a-79-iv/" ID="R24669"><Titre>Code civil local d'Alsace-Moselle : articles 21 à 79-IV</Titre><Complement>Articles 40, 56, 58</Complement></Reference><ServiceEnLigne ID="R2631" selfPrincipal="true" audience="Particuliers" type="Modèle de document"><Titre>Exemple de statuts d'une association loi 1901</Titre><Source ID="R30678">Ministère chargé de la vie associative</Source></ServiceEnLigne><PourEnSavoirPlus type="Information pratique" ID="R45685" URL="https://www.alsacemouvementassociatif.org/index.php/component/phocadownload/category/2-guides-pratiques?download=115:guide-creer-une-association-2018-nv" audience="Particuliers"><Titre>Guide pratique : créer une association en Alsace-Moselle</Titre><Source ID="R45686">Alsace Mouvement associatif</Source></PourEnSavoirPlus><Abreviation ID="R49635" type="Acronyme"><Titre>JOAFE</Titre><Texte><Paragraphe>Journal officiel des associations et fondations d'entreprises</Paragraphe></Texte></Abreviation><QuestionReponse ID="F17554" audience="Particuliers"><Titre>Le siège d'une association peut-il être le domicile d'un de ses membres ?</Titre></QuestionReponse><QuestionReponse ID="F1174" audience="Particuliers"><Titre>Une mairie peut-elle être le siège social d'une association ?</Titre></QuestionReponse><QuestionReponse ID="F35042" audience="Particuliers"><Titre>Une association doit-elle avoir un règlement intérieur ?</Titre></QuestionReponse><CommentFaireSi ID="F3109" audience="Particuliers" pictogramme="icone-creation-association"><Titre>Je crée une association</Titre></CommentFaireSi></Publication>