<?xml version="1.0" encoding="UTF-8"?><Publication xmlns:dc="http://purl.org/dc/elements/1.1/" xmlns:xsi="http://www.w3.org/2001/XMLSchema-instance" ID="F1127" type="Fiche d'information conditionnée" xsi:noNamespaceSchemaLocation="../Schemas/3.4/Publication.xsd" dateDerniereModificationImportante="2017-06-22T00:00:00" spUrl="https://www.service-public.fr/particuliers/vosdroits/F1127"><dc:title>Constitution de partie civile par une association</dc:title><dc:creator>Direction de l'information légale et administrative</dc:creator><dc:subject>Fonctionnement d'une association, Associations</dc:subject><dc:description>La constitution de partie civile est une demande d'indemnisation des préjudices subis pour une personne qui a été victime d'une ou plusieurs infractions. Une association qui défend des intérêts collectifs de portée générale (par exemple, racisme, aide aux victimes) peut se constituer partie civile sous certaines conditions. Elle peut également se constituer partie civile pour soutenir une ou plusieurs victimes nommément désignées suite à des infractions entrant dans son objet.</dc:description><dc:publisher>Direction de l'information légale et administrative</dc:publisher><dc:contributor>Direction de l'information légale et administrative (Premier ministre)</dc:contributor><dc:date>modified 2021-10-11</dc:date><dc:type>Fiche pratique</dc:type><dc:format>text/xml</dc:format><dc:identifier>F1127</dc:identifier><dc:source>https://www.legifrance.gouv.fr/codes/section_lc/LEGITEXT000006071154/LEGISCTA000024458637, https://www.legifrance.gouv.fr/codes/article_lc/LEGIARTI000045293956, https://www.legifrance.gouv.fr/codes/article_lc/LEGIARTI000006687565, https://www.legifrance.gouv.fr/codes/article_lc/LEGIARTI000006688140, https://www.legifrance.gouv.fr/codes/article_lc/LEGIARTI000032549545, https://www.legifrance.gouv.fr/codes/article_lc/LEGIARTI000006901591, https://www.legifrance.gouv.fr/loda/article_lc/LEGIARTI000006657067, https://www.legifrance.gouv.fr/loda/article_lc/LEGIARTI000022206519/2023-06-27, https://www.legifrance.gouv.fr/loda/id/JORFTEXT000000877119/</dc:source><dc:language>Fr</dc:language><dc:relation>isPartOf N31331</dc:relation><dc:coverage>France entière</dc:coverage><dc:rights>https://www.service-public.fr/a-propos/mentions-legales</dc:rights><SurTitre>Fiche pratique</SurTitre><Audience>Associations</Audience><Audience>Particuliers</Audience><Canal>www.service-public.fr</Canal><FilDAriane><Niveau ID="Particuliers">Accueil particuliers</Niveau><Niveau ID="N31931">Associations</Niveau><Niveau ID="N31331">Assurance et responsabilité d'une association</Niveau><Niveau ID="F1127" type="Fiche d'information conditionnée">Constitution de partie civile par une association</Niveau></FilDAriane><Theme ID="N31931"><Titre>Associations</Titre></Theme><SousThemePere ID="N31976">Fonctionnement d'une association</SousThemePere><DossierPere ID="N31331"><Titre>Assurance et responsabilité d'une association</Titre><Fiche ID="F1124">Assurance</Fiche><Fiche ID="F1127">Constitution de partie civile</Fiche></DossierPere><Introduction><Texte><Paragraphe>La constitution de partie civile est une demande d'indemnisation des préjudices subis pour une personne qui a été victime d'une ou plusieurs <LienIntra LienID="R10272" type="Définition de glossaire">infractions</LienIntra>. Une association qui défend des intérêts collectifs de portée générale (par exemple, racisme, aide aux victimes) peut se constituer <LienIntra LienID="R53960" type="Définition de glossaire">partie civile</LienIntra> sous certaines conditions. Elle peut également se constituer partie civile pour soutenir une ou plusieurs victimes nommément désignées suite à des infractions entrant dans son objet.</Paragraphe></Texte></Introduction><Texte><Chapitre><Titre><Paragraphe>Associations pouvant se constituer partie civile</Paragraphe></Titre><Paragraphe>Les associations ayant pour objet l'un des buts suivants peuvent se constituer partie civile :</Paragraphe><Liste type="puce"><Item><Paragraphe>Lutte contre le racisme ou les discrimination fondées sur l'origine nationale, ethnique, raciale ou religieuse, le sexe, les mœurs, l'orientation sexuelle ou l'identité de genre</Paragraphe></Item><Item><Paragraphe>Lutte contre les violences sexuelles et le harcèlement sexuel</Paragraphe></Item><Item><Paragraphe>Défense des enfants victimes de maltraitances</Paragraphe></Item><Item><Paragraphe>Lutte contre les crimes contre l'humanité ou les crimes de guerre</Paragraphe></Item><Item><Paragraphe>Défense des personnes malades, handicapées ou âgées</Paragraphe></Item><Item><Paragraphe>Assistance des victimes de terrorisme</Paragraphe></Item><Item><Paragraphe>Lutte contre l'exclusion et la pauvreté</Paragraphe></Item><Item><Paragraphe>Défense des anciens combattants et victimes de guerre</Paragraphe></Item><Item><Paragraphe>Lutte contre la délinquance routière</Paragraphe></Item><Item><Paragraphe>Défense et protection des animaux</Paragraphe></Item><Item><Paragraphe>Défense de la langue française</Paragraphe></Item><Item><Paragraphe>Défense des victimes d'un accident collectifs</Paragraphe></Item><Item><Paragraphe>Lutte contre la toxicomanie ou le trafic de stupéfiants</Paragraphe></Item><Item><Paragraphe>Défense des victimes des dérives sectaires</Paragraphe></Item><Item><Paragraphe>Défense des victimes d'accidents du travail ou de maladies professionnelles</Paragraphe></Item><Item><Paragraphe>Défense des locataires, propriétaires et bailleurs d'immeubles d'habitation</Paragraphe></Item><Item><Paragraphe>Protection du patrimoine mobilier, immobilier et immatériel</Paragraphe></Item><Item><Paragraphe>Défense des entreprises et des salariés</Paragraphe></Item><Item><Paragraphe>Lutte contre l'esclavage, la traite des êtres humains et le proxénétisme</Paragraphe></Item><Item><Paragraphe>Lutte contre la corruption</Paragraphe></Item><Item><Paragraphe>Défense des victimes de bizutage</Paragraphe></Item><Item><Paragraphe>Défense de la mémoire de l’esclavage</Paragraphe></Item><Item><Paragraphe>Lutte contre le racisme, la xénophobie et l'antisémitisme</Paragraphe></Item><Item><Paragraphe>Prévention de la violence à l'occasion de manifestations sportives</Paragraphe></Item><Item><Paragraphe>Lutte contre l'alcoolisme</Paragraphe></Item><Item><Paragraphe>Lutte contre le tabagisme</Paragraphe></Item><Item><Paragraphe>Lutte contre les addictions aux jeux d'argent et de hasard</Paragraphe></Item><Item><Paragraphe>Défense des droits des femmes à accéder à la contraception et à l'interruption de grossesse</Paragraphe></Item></Liste><Paragraphe>Les associations suivantes peuvent également se constituer partie civile <MiseEnEvidence>pour défendre un intérêt collectif</MiseEnEvidence> :</Paragraphe><Liste type="puce"><Item><Paragraphe>Association de consommateurs</Paragraphe></Item><Item><Paragraphe>Association familiales</Paragraphe></Item><Item><Paragraphe>Association départementale des maires dans toutes les instances introduites par les élus municipaux à la suite d'injures, d'outrages, de diffamations, de menaces ou de coups et blessures du fait de leurs fonctions</Paragraphe></Item></Liste><Paragraphe>Toute fondation reconnue d'utilité publique peut se porter partie civile dans les mêmes conditions et sous les mêmes réserves que l'ensemble de ces associations.</Paragraphe></Chapitre><Chapitre><Titre><Paragraphe>Conditions pour qu'une association se constitue partie civile pour elle-même</Paragraphe></Titre><Paragraphe>Pour pouvoir se constituer partie civile, l'association doit, dans certains cas, remplir une ou plusieurs conditions.</Paragraphe><SousChapitre><Titre><Paragraphe>Ancienneté</Paragraphe></Titre><BlocCas affichage="radio"><Cas><Titre>Cas général</Titre><Paragraphe>En principe, si une association subit un préjudice direct et personnel (par exemple, dégradation de ses locaux, vol de matériel), elle peut se constituer partie civile <MiseEnEvidence>sans condition d'ancienneté.</MiseEnEvidence></Paragraphe><Paragraphe>Toutefois, lorsque l'objet de l'association vise à protéger certains domaines (racisme, agressions sexuelles,...), l'association doit être <LienInterne LienPublication="F1119" type="Fiche d'information conditionnée" audience="Particuliers">déclarée</LienInterne> depuis <MiseEnEvidence>au moins 5 ans à la date des faits</MiseEnEvidence> pour lesquels elle se constitue partie civile.</Paragraphe></Cas><Cas><Titre>Lutte contre la corruption</Titre><Paragraphe>Pour une association de lutte contre la corruption, la durée de <MiseEnEvidence>5 ans</MiseEnEvidence> doit être justifiée à la date de la constitution de partie civile.</Paragraphe></Cas><Cas><Titre>Syndicat professionnel et de salarié ou défense des intérêts collectifs des entreprises et des salariés</Titre><Paragraphe>Pour les syndicats professionnels et de salariés et toute association de défense des intérêts collectifs des entreprises et des salariés, l'ancienneté exigée à la date des faits est de <MiseEnEvidence>2 ans</MiseEnEvidence>.</Paragraphe></Cas><Cas><Titre>Lutte contre le racisme, la xénophobie et l'antisémitisme</Titre><Paragraphe>Une association de lutte contre le racisme, la xénophobie et l'antisémitisme doit être déclarée depuis <MiseEnEvidence>au moins 3 ans au moment des faits</MiseEnEvidence>.</Paragraphe></Cas><Cas><Titre>Protection de l'eau et des milieux aquatiques et marins</Titre><Paragraphe>Une association non agréée déclarée depuis <MiseEnEvidence>au moins 5 ans</MiseEnEvidence>, ayant pour objet la protection de l'eau et des milieux aquatiques et marins, peut se constituer partie civile pour des faits constituant une infraction aux dispositions applicables à l'eau ou aux installations classées.</Paragraphe></Cas><Cas><Titre>Protection du patrimoine</Titre><Paragraphe>Une association de protection du patrimoine doit être déclarée depuis <MiseEnEvidence>au moins 3 ans</MiseEnEvidence>.</Paragraphe></Cas></BlocCas></SousChapitre><SousChapitre><Titre><Paragraphe>Agrément</Paragraphe></Titre><Paragraphe>Dans certains cas, il est exigé de l'association qu'elle ait un <LienInterne LienPublication="F11966" type="Fiche d'information conditionnée" audience="Particuliers">agrément</LienInterne>. C'est le cas pour les associations suivantes :</Paragraphe><Liste type="puce"><Item><Paragraphe>Association de victimes de terrorisme (agrément du ministère de la justice)</Paragraphe></Item><Item><Paragraphe>Association de défense de la langue française (agrément des ministères de la justice et chargé de la francophonie)</Paragraphe></Item><Item><Paragraphe>Association de victimes d'accidents collectifs (agrément du ministère de la justice)</Paragraphe></Item><Item><Paragraphe>Association de protection du patrimoine (agrément des ministères de la justice et de la culture)</Paragraphe></Item><Item><Paragraphe>Association de lutte contre la corruption doivent être (agrément du ministère de la justice)</Paragraphe></Item><Item><Paragraphe>Association de prévention des violences lors des manifestations sportives (agrément du ministère chargé des sports)</Paragraphe></Item></Liste></SousChapitre><SousChapitre><Titre><Paragraphe>Inscription auprès d'un ministère ou d'un organisme</Paragraphe></Titre><Paragraphe>Dans certains cas, l'association doit être inscrite auprès d'un ministère ou d'un organisme. C'est le cas pour les associations ou organismes suivants :</Paragraphe><Liste type="puce"><Item><Paragraphe>Association d'anciens combattants et victimes de guerre doit être inscrite auprès de l'Office national des anciens combattants et victimes de guerre (ONACVG)</Paragraphe></Item><Item><Paragraphe>Associations de défense d'enfants victimes de maltraitances doit être inscrite auprès du ministère de la justice pour pouvoir se constituer partie civile en cas de viol ou de diffusion d'images pornographiques impliquant des mineurs</Paragraphe></Item><Item><Paragraphe>Fédération d'associations de défense des victimes d'accidents collectifs doit être inscrite auprès du ministère de la justice</Paragraphe></Item></Liste></SousChapitre></Chapitre><Chapitre><Titre><Paragraphe>Conditions pour qu'une association se constitue partie civile pour une victime</Paragraphe></Titre><SousChapitre><Titre><Paragraphe>Accord de la victime</Paragraphe></Titre><Paragraphe>Lorsque l'infraction a été commise envers une personne en particulier, l'association doit avoir l'accord de cette personne pour pouvoir se constituer partie civile.</Paragraphe><Paragraphe>Si elle est mineure, l'association doit avoir l'accord de ses parents ou du <LienIntra LienID="R10398" type="Définition de glossaire">représentant légal</LienIntra>.</Paragraphe><Paragraphe>Si la personne est décédée, l'association doit avoir l'accord de ses <LienIntra LienID="R52183" type="Définition de glossaire">ayant-droits</LienIntra>.</Paragraphe><ANoter><Titre>À noter</Titre><Paragraphe>la constitution de partie civile de l'association n‘empêche pas la victime de se constituer également partie civile.</Paragraphe></ANoter></SousChapitre><SousChapitre><Titre><Paragraphe>Procès pénal</Paragraphe></Titre><Paragraphe>Dans certains cas, l'association ne peut pas être à l'origine du procès pénal mais peut s'y associer. C'est à dire que le procureur de la République doit, au préalable, avoir engagé lui-même, ou suite à une plainte d'une victime, des poursuites pour que l'association puisse se constituer partie civile. C'est le cas, par exemple, des <MiseEnEvidence>associations de défense</MiseEnEvidence> des victimes d'une infraction, d'accidents collectifs, d'accident du travail ou de maladie professionnelle.</Paragraphe></SousChapitre></Chapitre><Chapitre><Titre><Paragraphe>Infractions concernées</Paragraphe></Titre><Paragraphe>Une association peut se constituer partie civile, <MiseEnEvidence>uniquement</MiseEnEvidence>, pour des infractions limitativement énumérées par la loi.</Paragraphe><Paragraphe>Par exemple, une association de parents d'élèves peut se constituer partie civile en cas d'installation d'un commerce d'objets pornographiques à moins de 200 mètres d'un établissement scolaire.</Paragraphe></Chapitre><Chapitre><Titre><Paragraphe>Comment se constituer partie civile ?</Paragraphe></Titre><Paragraphe>L'association peut porter plainte avec constitution de partie civile auprès du <LienInterne LienPublication="F20851" type="Fiche d'information conditionnée" audience="Particuliers">tribunal</LienInterne> du lieu de l'infraction ou du domicile de la personne mise en cause.</Paragraphe><Paragraphe>Elle peut aussi se constituer partie civile auprès des juridictions d'instruction ou de jugement lorsque l'action publique, c'est-à-dire la poursuite contre l'auteur de l'infraction, a été mise en œuvre.</Paragraphe><OuSAdresser ID="R30" sve="non" type="Local"><Titre>Tribunal judiciaire</Titre><RessourceWeb URL="http://www.annuaires.justice.gouv.fr/"/><Source ID="R30663">Ministère chargé de la justice</Source></OuSAdresser></Chapitre><Chapitre><Titre><Paragraphe>Quelle association peut bénéficier de l'aide juridictionnelle ?</Paragraphe></Titre><Paragraphe>Une association à but non lucratif peut demander à bénéficier de <LienIntra LienID="R1032" type="Définition de glossaire">l'aide juridictionnelle</LienIntra>.</Paragraphe></Chapitre></Texte><OuSAdresser ID="R11621" sve="non" type="Local personnalisé sur SP"><Titre>Maison de justice et du droit</Titre><Complement>Pour s'informer</Complement><PivotLocal>mjd</PivotLocal><RessourceWeb URL="http://www.annuaires.justice.gouv.fr/lieux-dacces-aux-droits-10111/"/><Source ID="R30663">Ministère chargé de la justice</Source></OuSAdresser><OuSAdresser ID="R30" sve="non" type="Local"><Titre>Tribunal judiciaire</Titre><Complement>Pour porter plainte avec constitution de partie civile</Complement><RessourceWeb URL="http://www.annuaires.justice.gouv.fr/"/><Source ID="R30663">Ministère chargé de la justice</Source></OuSAdresser><Reference type="Texte de référence" URL="https://www.legifrance.gouv.fr/codes/section_lc/LEGITEXT000006071154/LEGISCTA000024458637" ID="R15905"><Titre>Code de procédure pénale : articles 1 à 10</Titre><Complement>Action publique et action civile</Complement></Reference><Reference type="Texte de référence" URL="https://www.legifrance.gouv.fr/codes/article_lc/LEGIARTI000045293956" ID="R48251"><Titre>Code du sport : article L332-17</Titre><Complement>Associations de prévention de la violence à l'occasion de manifestations sportives et de lutte contre le racisme, la xénophobie et l'antisémitisme</Complement></Reference><Reference type="Texte de référence" URL="https://www.legifrance.gouv.fr/codes/article_lc/LEGIARTI000006687565" ID="R48262"><Titre>Code de la santé publique : article L2223-1</Titre><Complement>Associations de défense des droits des femmes à accéder à la contraception et à l'interruption de grossesse</Complement></Reference><Reference type="Texte de référence" URL="https://www.legifrance.gouv.fr/codes/article_lc/LEGIARTI000006688140" ID="R48252"><Titre>Code de la santé publique : article L3355-1</Titre><Complement>Associations de lutte contre l'alcoolisme</Complement></Reference><Reference type="Texte de référence" URL="https://www.legifrance.gouv.fr/codes/article_lc/LEGIARTI000032549545" ID="R48255"><Titre>Code de la santé publique : article L3515-7</Titre><Complement>Associations de lutte contre le tabagisme</Complement></Reference><Reference type="Texte de référence" URL="https://www.legifrance.gouv.fr/codes/article_lc/LEGIARTI000006901591" ID="R48257"><Titre>Code du travail : article L2132-3</Titre><Complement>Capacité civile des syndicats professionnels</Complement></Reference><Reference type="Texte de référence" URL="https://www.legifrance.gouv.fr/loda/article_lc/LEGIARTI000006657067" ID="R48261"><Titre>Loi n°87-588 portant diverses mesures d'ordre social : article 99</Titre><Complement>Associations de parents d'élèves, de jeunesse et de défense de l'enfance en danger</Complement></Reference><Reference type="Texte de référence" URL="https://www.legifrance.gouv.fr/loda/article_lc/LEGIARTI000022206519/2023-06-27" ID="R48256"><Titre>Loi n°2010-476 relative à l'ouverture à la concurrence et à la régulation du secteur des jeux d'argent et de hasard en ligne : article 9</Titre><Complement>Associations de lutte contre les addictions aux jeux d'argent et de hasard</Complement></Reference><Reference type="Texte de référence" URL="https://www.legifrance.gouv.fr/loda/id/JORFTEXT000000877119/" ID="R10699"><Titre>Loi du 29 juillet 1881 sur la liberté de la presse</Titre><Complement>Articles 48-1 à 50</Complement></Reference><Definition ID="R10272"><Titre>Infraction</Titre><Texte><Paragraphe>Acte interdit par la loi et passible de sanctions pénales</Paragraphe></Texte></Definition><Definition ID="R53960"><Titre>Partie civile</Titre><Texte><Paragraphe>Personne qui demande au juge chargé de la répression d'une infraction la réparation du préjudice que cette infraction lui a causée</Paragraphe></Texte></Definition><Definition ID="R10398"><Titre>Représentant légal</Titre><Texte><Paragraphe>Personne désignée par la loi pour représenter et défendre les intérêts d'une autre personne. Par exemple, le père ou la mère d'un enfant mineur ou le dirigeant d'un organisme.</Paragraphe></Texte></Definition><Definition ID="R52183"><Titre>Ayant droit</Titre><Texte><Paragraphe>Celui qui bénéficie d'un droit par le biais d'un parent ou d'un proche</Paragraphe></Texte></Definition><Definition ID="R1032"><Titre>Aide juridictionnelle</Titre><Texte><Paragraphe>Aide financière qui permet aux personnes sans ressources ou ayant des revenus modestes d’obtenir la prise en charge de tout ou partie des frais d’un procès (avocat, huissier...)</Paragraphe></Texte></Definition><QuestionReponse ID="F1454" audience="Particuliers"><Titre>Procès pénal : qu'est-ce qu'une partie civile ?</Titre></QuestionReponse><QuestionReponse ID="F31654" audience="Particuliers"><Titre>Que faire face à une association qui s'apparente à une secte ?</Titre></QuestionReponse></Publication>