<?xml version="1.0" encoding="UTF-8"?><Publication xmlns:dc="http://purl.org/dc/elements/1.1/" xmlns:xsi="http://www.w3.org/2001/XMLSchema-instance" ID="F11389" type="Fiche Question-réponse conditionnée" xsi:noNamespaceSchemaLocation="../Schemas/3.4/Publication.xsd" spUrl="https://www.service-public.fr/particuliers/vosdroits/F11389"><dc:title>Autorité parentale : un parent séparé peut-il déménager librement ?</dc:title><dc:creator>Direction de l'information légale et administrative</dc:creator><dc:subject>Famille - Scolarité</dc:subject><dc:description>En tant que parent séparé, vous avez le droit de déménager. Toutefois, vous devez informer préalablement l'autre parent du changement de résidence</dc:description><dc:publisher>Direction de l'information légale et administrative</dc:publisher><dc:contributor>Direction de l'information légale et administrative (Premier ministre)</dc:contributor><dc:date>modified 2023-10-11</dc:date><dc:type>Question-réponse</dc:type><dc:format>text/xml</dc:format><dc:identifier>F11389</dc:identifier><dc:source>https://www.legifrance.gouv.fr/codes/id/LEGISCTA000006165499, https://www.legifrance.gouv.fr/codes/section_lc/LEGITEXT000006070719/LEGISCTA000006165319</dc:source><dc:language>Fr</dc:language><dc:relation>isPartOf N18775</dc:relation><dc:coverage>France entière</dc:coverage><dc:rights>https://www.service-public.fr/a-propos/mentions-legales</dc:rights><SurTitre>Question-réponse</SurTitre><Audience>Particuliers</Audience><Canal>www.service-public.fr</Canal><FilDAriane><Niveau ID="Particuliers">Accueil particuliers</Niveau><Niveau ID="N19805">Famille - Scolarité</Niveau><Niveau ID="N18775">Séparation des parents</Niveau><Niveau ID="F11389" type="Fiche Question-réponse conditionnée">Autorité parentale : un parent séparé peut-il déménager librement ?</Niveau></FilDAriane><Theme ID="N19805"><Titre>Famille - Scolarité</Titre></Theme><SousThemePere ID="N127">Enfant</SousThemePere><DossierPere ID="N18775"><Titre>Séparation des parents</Titre><SousDossier ID="N18775-1"><Titre>Relations avec l'enfant</Titre><Fiche ID="F3133">Autorité parentale</Fiche><Fiche ID="F18786">Droit de visite et d'hébergement</Fiche><Fiche ID="F18785">Résidence de l'enfant</Fiche><Fiche ID="F1774">Opposition et interdiction de sortie du territoire de l'enfant</Fiche><Fiche ID="F1223">Relations de l'enfant avec sa famille ou ses proches</Fiche></SousDossier><SousDossier ID="N18775-2"><Titre>Pension alimentaire</Titre><Fiche ID="F991">Fixation et versement</Fiche><Fiche ID="F2010">Réévaluation</Fiche><Fiche ID="F21023">Révision</Fiche></SousDossier></DossierPere><Texte><Paragraphe>En tant que parent séparé, <MiseEnEvidence>vous avez le droit de déménager</MiseEnEvidence> pour des raisons professionnelles ou personnelles.</Paragraphe><Paragraphe>Toutefois, <MiseEnEvidence>vous devez informer <MiseEnEvidence>préalablement</MiseEnEvidence> l'autre parent du changement de résidence</MiseEnEvidence>, si ce changement influe sur les conditions d'exercice de l'autorité parentale. C'est par exemple le cas si votre déménagement dans une région éloignée rend les droits de visite et d'hébergement de l'autre parent impossibles.</Paragraphe><Paragraphe>Cette information doit être donnée le plus tôt possible à l'autre parent pour vous permettre de trouver ensemble une nouvelle organisation de la vie de l'enfant (résidence, droits de visite et d'hébergement ...).</Paragraphe><Paragraphe>En cas de désaccord, vous pouvez faire appel à un <LienInterne LienPublication="F34355" type="Fiche Question-réponse conditionnée" audience="Particuliers">médiateur familial</LienInterne> ou saisir le juge aux affaires familiales (Jaf) à l'aide du formulaire suivant :</Paragraphe><ServiceEnLigne ID="R15764" URL="https://www.service-public.fr/simulateur/calcul/11530" audience="Particuliers" numerocerfa="11530*11" type="Formulaire"><Titre>Demande au juge aux affaires familiales (autorité parentale, droit de visite, pension alimentaire...)</Titre><Source ID="R30663">Ministère chargé de la justice</Source><NoticeLiee ID="R2908" URL="https://www.formulaires.service-public.fr/gf/getNotice.do?cerfaNotice=50720&amp;cerfaFormulaire=11530" type="Notice" numerocerfa="50720#10" format="application/pdf" poids="267.0 KB">Notice - Demande au juge aux affaires familiales (autorité parentale, droit de visite, pension alimentaire...)</NoticeLiee></ServiceEnLigne><Paragraphe>Le formulaire doit être adressé <MiseEnEvidence>au tribunal du<MiseEnEvidence> lieu de résidence de l'enfant</MiseEnEvidence>.</MiseEnEvidence></Paragraphe><OuSAdresser ID="R30" sve="non" type="Local"><Titre>Tribunal judiciaire</Titre><RessourceWeb URL="http://www.annuaires.justice.gouv.fr/"/><Source ID="R30663">Ministère chargé de la justice</Source></OuSAdresser><Paragraphe>L'avocat n'est pas obligatoire pour cette procédure.</Paragraphe><Paragraphe>Le Jaf statue toujours selon <MiseEnEvidence>l'intérêt de l'enfant</MiseEnEvidence>. Par exemple, le juge peut fixer la résidence de l'enfant chez l'autre parent.</Paragraphe><Paragraphe>Le juge peut également revoir les charges financières entre vous et l'autre parent, c'est-à-dire :</Paragraphe><Liste type="puce"><Item><Paragraphe>Répartir les frais de déplacement</Paragraphe></Item><Item><Paragraphe>Ajuster la <LienInterne LienPublication="F991" type="Fiche d'information conditionnée" audience="Particuliers">pension alimentaire.</LienInterne></Paragraphe></Item></Liste><Paragraphe>Si votre enfant réside chez vous en vertu d'un jugement ou d'une convention (de divorce ou parentale) vous devez informer l'autre parent de votre nouvelle adresse <MiseEnEvidence>au plus tard 1 mois</MiseEnEvidence><MiseEnEvidence> après le déménagement</MiseEnEvidence>. Si vous ne le faites pas, c'est une<LienIntra LienID="R10272" type="Définition de glossaire"> infraction</LienIntra><MiseEnEvidence> punie de 6 mois d'emprisonnement et d'une amende de <Valeur>7 500 €</Valeur>.</MiseEnEvidence></Paragraphe><ASavoir><Titre>À savoir</Titre><Paragraphe>Si vous déménagez avec vos enfants en secret, l'autre parent peut saisir le Jaf. A cette occasion, le juge peut constater que vous ne respectez pas la place de l'autre parent et lui confier la résidence des enfants.</Paragraphe></ASavoir></Texte><VoirAussi important="non"><Fiche ID="F18785" audience="Particuliers"><Titre>Résidence de l'enfant en cas de séparation des parents</Titre><Theme ID="N19805"><Titre>Famille - Scolarité</Titre></Theme></Fiche><Fiche ID="F18786" audience="Particuliers"><Titre>Droit de visite et d'hébergement en cas de séparation des parents</Titre><Theme ID="N19805"><Titre>Famille - Scolarité</Titre></Theme></Fiche><Fiche ID="F991" audience="Particuliers"><Titre>Pension alimentaire pour un enfant : montant, versement et révision</Titre><Theme ID="N19805"><Titre>Famille - Scolarité</Titre></Theme></Fiche></VoirAussi><Reference type="Texte de référence" URL="https://www.legifrance.gouv.fr/codes/id/LEGISCTA000006165499" ID="R18793"><Titre>Code civil : articles 373-2 à 373-2-5</Titre><Complement>Avertissement de l'autre parent en cas de déménagement</Complement></Reference><Reference type="Texte de référence" URL="https://www.legifrance.gouv.fr/codes/section_lc/LEGITEXT000006070719/LEGISCTA000006165319" ID="R2671"><Titre>Code pénal : articles 227-5 à 227-11</Titre><Complement>Peines prévues en cas d'atteinte à l'autorité parentale</Complement></Reference><ServiceEnLigne ID="R15764" URL="https://www.service-public.fr/simulateur/calcul/11530" audience="Particuliers" numerocerfa="11530*11" type="Formulaire"><Titre>Demande au juge aux affaires familiales (autorité parentale, droit de visite, pension alimentaire...)</Titre><Source ID="R30663">Ministère chargé de la justice</Source><NoticeLiee ID="R2908" URL="https://www.formulaires.service-public.fr/gf/getNotice.do?cerfaNotice=50720&amp;cerfaFormulaire=11530" type="Notice" numerocerfa="50720#10" format="application/pdf" poids="267.0 KB">Notice - Demande au juge aux affaires familiales (autorité parentale, droit de visite, pension alimentaire...)</NoticeLiee></ServiceEnLigne><Definition ID="R10272"><Titre>Infraction</Titre><Texte><Paragraphe>Acte interdit par la loi et passible de sanctions pénales</Paragraphe></Texte></Definition></Publication>