<?xml version="1.0" encoding="UTF-8"?><Publication xmlns:dc="http://purl.org/dc/elements/1.1/" xmlns:xsi="http://www.w3.org/2001/XMLSchema-instance" ID="F1169" type="Fiche d'information conditionnée" xsi:noNamespaceSchemaLocation="../Schemas/3.4/Publication.xsd" spUrl="https://www.service-public.fr/particuliers/vosdroits/F1169"><dc:title>Futur locataire d'un logement privé : justificatifs à donner au propriétaire</dc:title><dc:creator>Direction de l'information légale et administrative</dc:creator><dc:subject>Logement</dc:subject><dc:description>Vous souhaitez connaître les justificatifs que le propriétaire (ou son représentant) peut réclamer au futur locataire et à sa caution pour signer le bail d'habitation ? Sachez qu'il existe une liste de justificatifs autorisés et que le propriétaire a interdiction d'en exiger d'autres. La liste des justificatifs autorisés est différente selon qu'elle concerne le locataire ou sa caution.</dc:description><dc:publisher>Direction de l'information légale et administrative</dc:publisher><dc:contributor>Direction de l'information légale et administrative (Premier ministre)</dc:contributor><dc:date>modified 2022-10-20</dc:date><dc:type>Fiche pratique</dc:type><dc:format>text/xml</dc:format><dc:identifier>F1169</dc:identifier><dc:source>https://www.legifrance.gouv.fr/loda/id/JORFTEXT000031444493, https://www.legifrance.gouv.fr/loda/article_lc/LEGIARTI000028806691/</dc:source><dc:language>Fr</dc:language><dc:relation>isPartOf N292</dc:relation><dc:coverage>France entière</dc:coverage><dc:rights>https://www.service-public.fr/a-propos/mentions-legales</dc:rights><SurTitre>Fiche pratique</SurTitre><Audience>Particuliers</Audience><Canal>www.service-public.fr</Canal><FilDAriane><Niveau ID="Particuliers">Accueil particuliers</Niveau><Niveau ID="N19808">Logement</Niveau><Niveau ID="N292">Devenir locataire d'un logement privé</Niveau><Niveau ID="F1169" type="Fiche d'information conditionnée">Futur locataire d'un logement privé : justificatifs à donner au propriétaire</Niveau></FilDAriane><Theme ID="N19808"><Titre>Logement</Titre></Theme><SousThemePere ID="N289">Location immobilière</SousThemePere><DossierPere ID="N292"><Titre>Devenir locataire d'un logement privé</Titre><Fiche ID="F1169">Dossier de location du futur locataire</Fiche><Fiche ID="F31267">Caution du locataire (ou du colocataire)</Fiche><Fiche ID="F375">Frais d'agence immobilière</Fiche></DossierPere><Introduction><Texte><Paragraphe>Vous souhaitez connaître les justificatifs que le propriétaire (ou son représentant) peut réclamer au futur locataire et à sa caution pour signer le bail d'habitation ?</Paragraphe><Paragraphe>Sachez qu'il existe une liste de justificatifs autorisés et que le propriétaire a interdiction d'en exiger d'autres.</Paragraphe><Paragraphe>La liste des justificatifs autorisés est différente selon qu'elle concerne le locataire ou sa caution.</Paragraphe></Texte></Introduction><Texte><ANoter><Titre>À noter</Titre><Paragraphe>il existe un <LienInterne LienPublication="R51424" type="Téléservice" audience="Particuliers">téléservice « Dossier Facile (locataire) »</LienInterne> où le locataire peut déposer les justificatifs autorisés et les faire parvenir au propriétaire. Le propriétaire peut se créer un compte sur <LienInterne LienPublication="R51423" type="Téléservice" audience="Particuliers">« Dossier Facile (propriétaire) »</LienInterne> pour inciter son futur locataire à utiliser ce téléservice.</Paragraphe></ANoter></Texte><ListeSituations affichage="onglet"><Situation><Titre>Locataire</Titre><Texte><Paragraphe>Le propriétaire est autorisé à vérifier certaines informations sur le futur locataire (identité, domicile, situation professionnelle, revenus). Seuls certains justificatifs sont autorisés.</Paragraphe><ASavoir><Titre>À savoir</Titre><Paragraphe>Si le propriétaire réclame un justificatif non autorisé, il encourt une amende pouvant aller jusqu'à <Valeur>3 000 €</Valeur> (ou <Valeur>15 000 €</Valeur> s'il s'agit d'une personne morale).</Paragraphe></ASavoir><Chapitre><Titre><Paragraphe>Justificatif d'identité</Paragraphe></Titre><Paragraphe>Le propriétaire <MiseEnEvidence>peut exiger 1 pièce d'identité en cours de validité</MiseEnEvidence> parmi les documents suivants :</Paragraphe><Liste type="puce"><Item><Paragraphe>Carte d'identité française ou étrangère (avec photo)</Paragraphe></Item><Item><Paragraphe>Passeport français ou étranger (avec photo)</Paragraphe></Item><Item><Paragraphe>Permis de conduire français ou étranger (avec photo)</Paragraphe></Item><Item><Paragraphe>Carte de séjour temporaire</Paragraphe></Item><Item><Paragraphe>Carte de résident</Paragraphe></Item><Item><Paragraphe>Carte de ressortissant d'un État membre de l'<LienInterne LienPublication="R24621" type="Sigle">UE</LienInterne> ou de <LienIntra LienID="R42218" type="Définition de glossaire">l'EEE</LienIntra></Paragraphe></Item></Liste><Paragraphe>Le locataire peut fournir une copie du document original. Mais le propriétaire a le droit d'exiger la présentation de l'original. Le document doit être rédigé ou traduit en français.</Paragraphe></Chapitre><Chapitre><Titre><Paragraphe>Justificatif de domicile</Paragraphe></Titre><Paragraphe>Le propriétaire <MiseEnEvidence>peut exiger 1 seul justificatif</MiseEnEvidence> parmi les documents suivants :</Paragraphe><Liste type="puce"><Item><Paragraphe>3 dernières quittances de loyer ou, si nécessaire, une attestation du précédent propriétaire (ou de son mandataire) indiquant que le locataire est à jour de ses loyers et charges</Paragraphe></Item><Item><Paragraphe>Attestation sur l'honneur de l'hébergeant indiquant que le candidat à la location réside à son domicile</Paragraphe></Item><Item><Paragraphe>Attestation d'élection de domicile</Paragraphe></Item><Item><Paragraphe>Dernier avis de taxe foncière ou, si nécessaire, titre de propriété de la résidence principale</Paragraphe></Item></Liste><Paragraphe>Le locataire peut fournir une copie du document original. Toutefois, le propriétaire a le droit d'exiger la présentation de l'original. Le document doit être rédigé ou traduit en français, les montants inscrits doivent être convertis en euros.</Paragraphe></Chapitre><Chapitre><Titre><Paragraphe>Justificatif de situation professionnelle</Paragraphe></Titre><Paragraphe>Le propriétaire <MiseEnEvidence>peut exiger 1 ou plusieurs justificatifs</MiseEnEvidence> parmi les documents suivants :</Paragraphe><Liste type="puce"><Item><Paragraphe>Contrat de travail ou de stage ou, si nécessaire, attestation de l'employeur précisant l'emploi et la rémunération proposée, la date d'entrée en fonctions envisagée et, si nécessaire, la durée de la période d'essai</Paragraphe></Item><Item><Paragraphe>Carte d'étudiant ou certificat de scolarité pour l'année en cours</Paragraphe></Item><Item><Paragraphe>Copie de la carte professionnelle (profession libérale)</Paragraphe></Item><Item><Paragraphe>Copie du certificat d'identification de l'<LienInterne LienPublication="R12417" type="Acronyme">Insee</LienInterne> comportant les numéros d'identification (travailleur indépendant)</Paragraphe></Item><Item><Paragraphe>Extrait D1 original du registre des métiers de moins de 3 mois (artisan)</Paragraphe></Item><Item><Paragraphe>Extrait K ou K bis du registre du commerce et des sociétés de moins de 3 mois (entreprise commerciale)</Paragraphe></Item><Item><Paragraphe>Toute pièce récente attestant de l'activité professionnelle (autres cas)</Paragraphe></Item></Liste><Paragraphe>Le locataire peut fournir une copie du document original. Toutefois, le propriétaire a le droit d'exiger la présentation de l'original. Le document doit être rédigé ou traduit en français.</Paragraphe></Chapitre><Chapitre><Titre><Paragraphe>Justificatif de ressources</Paragraphe></Titre><Paragraphe>Le propriétaire <MiseEnEvidence>peut exiger 1 ou plusieurs documents</MiseEnEvidence> parmi les documents suivants :</Paragraphe><Liste type="puce"><Item><Paragraphe>3 derniers bulletins de salaires</Paragraphe></Item><Item><Paragraphe>Justificatif de versement des indemnités de stage</Paragraphe></Item><Item><Paragraphe>2 derniers bilans comptables ou, si nécessaire, attestation des ressources pour l'exercice en cours délivrés par un comptable (non-salarié)</Paragraphe></Item><Item><Paragraphe>Justificatif de versement des indemnités, retraites, pensions, prestations sociales et familiales et allocations perçues lors des 3 derniers mois ou justificatif de l'ouverture des droits établis par l'organisme payeur (caisse de retraite, <LienInterne LienPublication="R24582" type="Acronyme">Caf</LienInterne>...)</Paragraphe></Item><Item><Paragraphe>Titre de propriété d'un bien immobilier ou dernier avis de taxe foncière</Paragraphe></Item><Item><Paragraphe>Avis d'attribution de bourse (étudiant boursier)</Paragraphe></Item><Item><Paragraphe>Justification de revenus fonciers, de rentes viagères ou de revenus de valeurs et capitaux mobiliers</Paragraphe></Item><Item><Paragraphe>Attestation de simulation pour les aides au logement établie par la <LienInterne LienPublication="R24582" type="Acronyme">Caf</LienInterne> ou par la <LienInterne LienPublication="R24583" type="Sigle">MSA</LienInterne> ou par le locataire</Paragraphe></Item><Item><Paragraphe>Dernier ou avant-dernier avis d'imposition ou de non-imposition.</Paragraphe><Paragraphe>Lorsque tout ou partie des revenus perçus n'a pas été imposé en France, il faut fournir le dernier ou avant-dernier document équivalent fait par l'administration fiscale de l'État ou territoire concerné.</Paragraphe></Item></Liste><Paragraphe>Le locataire peut fournir une copie du document original. Mais le propriétaire a le droit d'exiger la présentation de l'original. Le document doit être rédigé ou traduit en français.</Paragraphe></Chapitre></Texte></Situation><Situation><Titre>Caution</Titre><Texte><Paragraphe>La liste des pièces autorisées est différente selon que la <LienIntra LienID="R51564" type="Définition de glossaire">caution</LienIntra> est une personne physique ou morale.</Paragraphe><ASavoir><Titre>À savoir</Titre><Paragraphe>Si le propriétaire réclame un justificatif non autorisé, il encourt une amende pouvant aller jusqu'à <Valeur>3 000 €</Valeur> (ou <Valeur>15 000 €</Valeur> s'il s'agit d'une personne morale).</Paragraphe></ASavoir><BlocCas affichage="radio"><Cas><Titre>Personne physique (parent, ami...)</Titre><TitreFlottant><Paragraphe>Justificatif d'identité</Paragraphe></TitreFlottant><Paragraphe>Le propriétaire<MiseEnEvidence> peut exiger 1 pièce d'identité en cours de validité</MiseEnEvidence> parmi les documents suivants :</Paragraphe><Liste type="puce"><Item><Paragraphe>Carte d'identité française ou étrangère (avec photo)</Paragraphe></Item><Item><Paragraphe>Passeport française ou étranger (avec photo)</Paragraphe></Item><Item><Paragraphe>Permis de conduire français ou étranger (avec photo)</Paragraphe></Item></Liste><TitreFlottant><Paragraphe>Justificatif de domicile</Paragraphe></TitreFlottant><Paragraphe>Le propriétaire <MiseEnEvidence>peut exiger 1 seul justificatif</MiseEnEvidence> parmi les documents suivants :</Paragraphe><Liste type="puce"><Item><Paragraphe>Dernière quittance de loyer</Paragraphe></Item><Item><Paragraphe>Facture d'eau, de gaz ou d'électricité de moins de 3 mois</Paragraphe></Item><Item><Paragraphe>Attestation d'assurance logement de moins de 3 mois</Paragraphe></Item><Item><Paragraphe>Dernier avis de taxe foncière ou, si nécessaire, titre de propriété de la résidence principale</Paragraphe></Item></Liste><TitreFlottant><Paragraphe>Justificatif de situation professionnelle</Paragraphe></TitreFlottant><Paragraphe>Le propriétaire <MiseEnEvidence>peut exiger 1 ou plusieurs justificatifs</MiseEnEvidence> parmi les documents suivants :</Paragraphe><Liste type="puce"><Item><Paragraphe>Contrat de travail ou de stage ou, si nécessaire, attestation de l'employeur précisant l'emploi et la rémunération proposée, la date d'entrée en fonctions envisagée et si nécessaire la durée de la période d'essai</Paragraphe></Item><Item><Paragraphe>Copie de la carte professionnelle (profession libérale)</Paragraphe></Item><Item><Paragraphe>Copie du certificat d'identification de l'<LienInterne LienPublication="R12417" type="Acronyme">Insee</LienInterne> comportant les numéros d'identification (travailleur indépendant)</Paragraphe></Item><Item><Paragraphe>Extrait D1 original du registre des métiers de moins de 3 mois (artisan)</Paragraphe></Item><Item><Paragraphe>Extrait K ou K bis du registre du commerce et des sociétés de moins de 3 mois (entreprises commerciale)</Paragraphe></Item><Item><Paragraphe>Toute pièce récente attestant de l'activité professionnelle (autres cas)</Paragraphe></Item></Liste><TitreFlottant><Paragraphe>Justificatif de ressources</Paragraphe></TitreFlottant><Paragraphe>Le propriétaire <MiseEnEvidence>peut exiger 1 ou plusieurs documents</MiseEnEvidence> parmi les documents suivants :</Paragraphe><Liste type="puce"><Item><Paragraphe>3 derniers bulletins de salaires</Paragraphe></Item><Item><Paragraphe>2 derniers bilans ou, si nécessaire, attestation des ressources pour l'exercice en cours délivrés par un comptable (non-salariés)</Paragraphe></Item><Item><Paragraphe>Justificatif de versement des indemnités, retraites, pensions, prestations sociales et familiales et allocations perçues lors des 3 derniers mois ou justificatif de l'ouverture des droits établis par l'organisme payeur</Paragraphe></Item><Item><Paragraphe>Titre de propriété d'un bien immobilier ou dernier avis de taxe foncière</Paragraphe></Item><Item><Paragraphe>Justification de revenus fonciers, de rentes viagères ou de revenus de valeurs et capitaux mobiliers</Paragraphe></Item><Item><Paragraphe>Dernier avis d'imposition ou de non-imposition</Paragraphe><Paragraphe>Lorsque tout ou partie des revenus perçus n'a pas été imposé en France, il faut fournir le dernier ou avant-dernier document équivalent fait par l'administration fiscale de l'État ou territoire concerné.</Paragraphe></Item></Liste><ASavoir><Titre>À savoir</Titre><Paragraphe>La caution peut fournir une copie du document original. Toutefois, le propriétaire a le droit d'exiger la présentation de l'original. Le document doit être rédigé ou traduit en français.</Paragraphe></ASavoir></Cas><Cas><Titre>Personne morale (Action Logement, banque, entreprise...)</Titre><BlocCas affichage="radio"><Cas><Titre>Action logement</Titre><Paragraphe>Lorsque le futur locataire a pour caution <LienIntra LienID="R59599" type="Définition de glossaire">Action logement</LienIntra>, Action logement lui fournit un Visa attestant qu'il bénéficie de la <LienInterne LienPublication="F33453" type="Fiche d'information conditionnée" audience="Particuliers">garantie Visale</LienInterne>. C'est ce Visa que le futur locataire doit fournir au propriétaire du logement.</Paragraphe></Cas><Cas><Titre>Banque, entreprise...</Titre><Paragraphe>Le propriétaire <MiseEnEvidence>peut exiger les 2 documents suivants</MiseEnEvidence> :</Paragraphe><Liste type="puce"><Item><Paragraphe>Extrait K bis original de moins de 3 mois de l'entreprise ou les statuts ou tout autre document justifiant l'existence légale de la personne morale, mentionnant le nom du responsable et l'adresse de l'organisme ainsi que la preuve qu'une déclaration a été faite auprès d'une administration, une juridiction ou un organisme professionnel</Paragraphe></Item><Item><Paragraphe>Justificatif d'identité du représentant de la personne morale figurant sur l'extrait K bis ou les statuts</Paragraphe></Item></Liste><ASavoir><Titre>À savoir</Titre><Paragraphe>La caution peut fournir une copie du document original. Toutefois, le propriétaire a le droit d'exiger la présentation de l'original.</Paragraphe></ASavoir></Cas></BlocCas></Cas></BlocCas></Texte></Situation></ListeSituations><VoirAussi important="non"><Fiche ID="F31267" audience="Particuliers"><Titre>Caution du locataire (ou colocataire) dans un logement privé</Titre><Theme ID="N19808"><Titre>Logement</Titre></Theme></Fiche></VoirAussi><QuiPeutMAider ID="R5" sve="non" type="Local personnalisé sur SP"><Titre>Agence départementale pour l'information sur le logement (Adil)</Titre><PivotLocal>adil</PivotLocal><RessourceWeb URL="https://www.anil.org/lanil-et-les-adil/votre-adil/"/><Source ID="R30676">Agence nationale pour l'information sur le logement (Anil)</Source></QuiPeutMAider><Reference type="Texte de référence" URL="https://www.legifrance.gouv.fr/loda/id/JORFTEXT000031444493" ID="R42256"><Titre>Décret n°2015-1437 du 5 novembre 2015 listant les justificatifs pouvant être demandés au futur locataire et à sa caution</Titre><Complement>Liste des documents exigibles</Complement></Reference><Reference type="Texte de référence" URL="https://www.legifrance.gouv.fr/loda/article_lc/LEGIARTI000028806691/" ID="R35453"><Titre>Loi n°89-462 du 6 juillet 1989 sur les rapports locatifs : article 22-2</Titre><Complement>Sanctions</Complement></Reference><ServiceEnLigne ID="R51424" selfPrincipal="true" URL="https://www.dossierfacile.logement.gouv.fr/" audience="Particuliers" type="Téléservice"><Titre>"DossierFacile" (locataire) : pour signaler la qualité de son dossier au propriétaire</Titre><Source ID="R30685">Ministère chargé du logement</Source></ServiceEnLigne><ServiceEnLigne ID="R51423" selfPrincipal="true" URL="https://proprietaire.dossierfacile.logement.gouv.fr/#error=login_required&amp;state=c89afa1a-86ba-4efa-8c06-b831cff984c7" audience="Particuliers" type="Téléservice"><Titre>"DossierFacile" (propriétaire) : pour évaluer les dossiers des potentiels locataires</Titre><Source ID="R30685">Ministère chargé du logement</Source></ServiceEnLigne><ServiceEnLigne ID="R42281" URL="https://www.service-public.fr/simulateur/calcul/ActeCautionnement" audience="Particuliers" type="Modèle de document"><Titre>Acte de caution solidaire (ou simple) d'un locataire</Titre><Source ID="R30608">Direction de l'information légale et administrative (Dila) - Premier ministre</Source></ServiceEnLigne><PourEnSavoirPlus type="Information pratique" ID="R35188" URL="https://www.inc-conso.fr/content/se-porter-caution-pour-un-locataire-les-points-cles" audience="Particuliers"><Titre>Se porter caution pour un locataire</Titre><Source ID="R30643">Institut national de la consommation (INC)</Source></PourEnSavoirPlus><PourEnSavoirPlus type="Information pratique" ID="R59006" URL="https://www.ecologie.gouv.fr/des-demarches-location-simplifiees-dossierfacile" audience="Particuliers"><Titre>Des démarches de location simplifiées avec DossierFacile</Titre><Source ID="R42058">Ministère chargé des collectivités locales</Source></PourEnSavoirPlus><Definition ID="R42218"><Titre>Espace économique européen (EEE)</Titre><Texte><Paragraphe>Allemagne, Autriche, Belgique, Bulgarie, Chypre, Croatie, Danemark, Espagne, Estonie, Finlande, France, Grèce, Hongrie, Irlande, Islande, Italie, Lettonie, Liechtenstein, Lituanie, Luxembourg, Malte, Norvège, Pays-Bas, Pologne, Portugal, République tchèque, Roumanie, Slovaquie, Slovénie, Suède</Paragraphe></Texte></Definition><Definition ID="R51564"><Titre>Caution locative</Titre><Texte><Paragraphe>Personne physique (particulier) ou morale (organisme) qui s'engage par écrit (<Expression>acte de cautionnement</Expression>) à payer au propriétaire, notamment le loyer, les charges et les réparations locatives lorsque le locataire ne le fait pas</Paragraphe></Texte></Definition><Definition ID="R59599"><Titre>Action logement (1% logement)</Titre><Texte><Paragraphe>Organisme qui finance la construction de logements et qui verse des aides financières aux salariés pour se loger. Les sommes versées proviennent des entreprises qui paient la participation des employeurs à l'effort de construction (PEEC).</Paragraphe></Texte></Definition><Abreviation ID="R24621" type="Sigle"><Titre>UE</Titre><Texte><Paragraphe>Union européenne</Paragraphe></Texte></Abreviation><Abreviation ID="R12417" type="Acronyme"><Titre>Insee</Titre><Texte><Paragraphe>Institut national de la statistique et des études économiques</Paragraphe></Texte></Abreviation><Abreviation ID="R24582" type="Acronyme"><Titre>Caf</Titre><Texte><Paragraphe>Caisse d'allocations familiales</Paragraphe></Texte></Abreviation><Abreviation ID="R24583" type="Sigle"><Titre>MSA</Titre><Texte><Paragraphe>Mutualité sociale agricole</Paragraphe></Texte></Abreviation><QuestionReponse ID="F1626" audience="Particuliers"><Titre>Le propriétaire choisit-il librement le locataire en cas de convention Anah ?</Titre></QuestionReponse><QuestionReponse ID="F1351" audience="Particuliers"><Titre>Logement à louer : dans quel cas signer une convention avec l'Anah ?</Titre></QuestionReponse><QuestionReponse ID="F17317" audience="Particuliers"><Titre>Sans domicile stable ou fixe (SDF) : comment obtenir une domiciliation ?</Titre></QuestionReponse></Publication>