<?xml version="1.0" encoding="UTF-8"?><Publication xmlns:dc="http://purl.org/dc/elements/1.1/" xmlns:xsi="http://www.w3.org/2001/XMLSchema-instance" ID="F11860" type="Fiche Question-réponse conditionnée" xsi:noNamespaceSchemaLocation="../Schemas/3.4/Publication.xsd" spUrl="https://www.service-public.fr/particuliers/vosdroits/F11860"><dc:title>Le permis de conduire est-il une pièce d'identité officielle ?</dc:title><dc:creator>Direction de l'information légale et administrative</dc:creator><dc:subject>Transports - Mobilité</dc:subject><dc:description>Oui, mais les administrations et les organismes privés peuvent choisir les pièces acceptées pour justifier de l'identité.</dc:description><dc:publisher>Direction de l'information légale et administrative</dc:publisher><dc:contributor>Direction de l'information légale et administrative (Premier ministre)</dc:contributor><dc:date>modified 2023-10-10</dc:date><dc:type>Question-réponse</dc:type><dc:format>text/xml</dc:format><dc:identifier>F11860</dc:identifier><dc:source>http://questions.assemblee-nationale.fr/q13/13-84003QE.htm</dc:source><dc:language>Fr</dc:language><dc:relation>isPartOf N530</dc:relation><dc:coverage>France entière</dc:coverage><dc:rights>https://www.service-public.fr/a-propos/mentions-legales</dc:rights><SurTitre>Question-réponse</SurTitre><Audience>Particuliers</Audience><Canal>www.service-public.fr</Canal><FilDAriane><Niveau ID="Particuliers">Accueil particuliers</Niveau><Niveau ID="N19812">Transports - Mobilité</Niveau><Niveau ID="N530">Permis de conduire</Niveau><Niveau ID="F11860" type="Fiche Question-réponse conditionnée">Le permis de conduire est-il une pièce d'identité officielle ?</Niveau></FilDAriane><Theme ID="N19812"><Titre>Transports - Mobilité</Titre></Theme><DossierPere ID="N530"><Titre>Permis de conduire</Titre><SousDossier ID="N530-1"><Titre>Attestation et brevet de sécurité routière</Titre><Fiche ID="F16511">Attestation de sécurité routière (ASR)</Fiche><Fiche ID="F16548">Attestation scolaire de sécurité routière (ASSR)</Fiche><Fiche ID="F2890">Brevet de sécurité routière (BSR), catégorie AM du permis de conduire</Fiche></SousDossier><SousDossier ID="N530-2"><Titre>Permis moto</Titre><Fiche ID="F2832">Permis A1 (permis 125 cm3)</Fiche><Fiche ID="F31083">Permis A2 (- de 35 kw)</Fiche><Fiche ID="F2830">Permis A (+ de 35 kw)</Fiche></SousDossier><SousDossier ID="N530-3"><Titre>Permis B (voiture ou quadricycle lourd)</Titre><Fiche ID="F2826">Apprentissage anticipé de la conduite à partir de 15 ans (AAC)</Fiche><Fiche ID="F10036">Conduite encadrée à partir de 16 ans</Fiche><Fiche ID="F21012">Conduite supervisée à partir de 18 ans</Fiche><Fiche ID="F2825">Permis B en candidat libre</Fiche><Fiche ID="F2828">Permis B : voiture ou camionnette</Fiche><Fiche ID="F2833">Permis B1 : quadricycle lourd à moteur</Fiche><Fiche ID="F2845">Permis BE : voiture + remorque de plus de 750 kg</Fiche></SousDossier><SousDossier ID="N530-4"><Titre>Permis pour le transport de marchandises et de personnes</Titre><Fiche ID="F2843">Permis C (+ de 3,5 t)</Fiche><Fiche ID="F2846">Permis CE (+ de 3,5 t avec remorque)</Fiche><Fiche ID="F31121">Permis C1 (entre 3,5 t et 7,5 t)</Fiche><Fiche ID="F31124">Permis C1E (entre 3,5 t et 7,5 t avec remorque)</Fiche><Fiche ID="F2844">Permis D (transport + de 8 passagers)</Fiche><Fiche ID="F2848">Permis DE (transport + 8 passagers avec remorque)</Fiche><Fiche ID="F31128">Permis D1 (transport de 16 passagers maximum)</Fiche><Fiche ID="F31129">Permis D1E (transport de 16 passagers maximum avec remorque)</Fiche></SousDossier><SousDossier ID="N530-5"><Titre>Perte, vol ou détérioration du permis de conduire</Titre><Fiche ID="F1450">Vol</Fiche><Fiche ID="F1727">Perte</Fiche><Fiche ID="F20109">Détérioration</Fiche></SousDossier><SousDossier ID="N530-6"><Titre>Contrôle médical</Titre><Fiche ID="F2686">Pour raison de santé</Fiche><Fiche ID="F1255">Pour un permis professionnel</Fiche></SousDossier></DossierPere><Texte><Paragraphe>Oui, le <MiseEnEvidence>permis de conduire</MiseEnEvidence> est une <MiseEnEvidence>pièce d'identité officielle</MiseEnEvidence> car il est <MiseEnEvidence>délivré par l'État français</MiseEnEvidence>.</Paragraphe><Paragraphe>Il peut permettre de <MiseEnEvidence>justifier son identité</MiseEnEvidence> à condition que la <MiseEnEvidence>photographie d'identité</MiseEnEvidence> soit <MiseEnEvidence>ressemblante</MiseEnEvidence>.</Paragraphe><Exemple><Titre>Exemple</Titre><Paragraphe>Pour <LienInterne LienPublication="F31057" type="Fiche Question-réponse conditionnée" audience="Particuliers">justifier de votre identité lors d'une demande de permis de conduire</LienInterne> , le permis de conduire édité après le 19 janvier 2013 est accepté si votre photographie est ressemblante.</Paragraphe></Exemple><Paragraphe>Toutefois, chaque <LienIntra LienID="R65261" type="Définition de glossaire">administration publique</LienIntra> ou <LienIntra LienID="R40703" type="Définition de glossaire">personne morale</LienIntra> publique ou privée peut <MiseEnEvidence>choisir la liste des pièces</MiseEnEvidence> qu'elle <MiseEnEvidence>accepte</MiseEnEvidence> <MiseEnEvidence>pour justifier de l'identité</MiseEnEvidence>.</Paragraphe><ASavoir><Titre>À savoir</Titre><Paragraphe>Le <MiseEnEvidence>permis de conduire</MiseEnEvidence> n'a <MiseEnEvidence>pas la même valeur</MiseEnEvidence> que la <MiseEnEvidence>carte nationale d'identité</MiseEnEvidence> ou le <MiseEnEvidence>passeport</MiseEnEvidence>. En effet, la carte nationale d'identité et le passeport sont les seuls documents qui <MiseEnEvidence>certifient à la fois l'identité et la nationalité</MiseEnEvidence> de leur titulaire.</Paragraphe></ASavoir></Texte><VoirAussi important="non"><Dossier ID="N358" audience="Particuliers"><Titre>Carte d'identité</Titre><Theme ID="N19810"><Titre>Papiers - Citoyenneté - Élections</Titre></Theme></Dossier><Dossier ID="N360" audience="Particuliers"><Titre>Passeport</Titre><Theme ID="N19810"><Titre>Papiers - Citoyenneté - Élections</Titre></Theme></Dossier><Dossier ID="N530" audience="Particuliers"><Titre>Permis de conduire</Titre><Theme ID="N19812"><Titre>Transports - Mobilité</Titre></Theme></Dossier><Fiche ID="F591" audience="Particuliers"><Titre>Documents d'identité nécessaires pour voyager en avion</Titre><Theme ID="N19812"><Titre>Transports - Mobilité</Titre></Theme></Fiche></VoirAussi><QuiPeutMAider ID="R11621" sve="non" type="Local personnalisé sur SP"><Titre>Maison de justice et du droit</Titre><PivotLocal>mjd</PivotLocal><RessourceWeb URL="http://www.annuaires.justice.gouv.fr/lieux-dacces-aux-droits-10111/"/><Source ID="R30663">Ministère chargé de la justice</Source></QuiPeutMAider><Reference type="Texte de référence" URL="http://questions.assemblee-nationale.fr/q13/13-84003QE.htm" ID="R35355"><Titre>Réponse ministérielle du 26 octobre 2010 relative à la réglementation en matière de pièces d'identité</Titre></Reference><Definition ID="R65261"><Titre>Administration</Titre><Texte><Paragraphe>Administrations de l'Etat, collectivités territoriales, leurs établissements publics administratifs, organismes chargés d'une mission de service public administratif, y compris les organismes de sécurité sociale. Exemples : ministère, préfecture, conseil régional, conseil départemental, mairie, caisse d'allocations familiales (Caf), France Travail (anciennement Pôle emploi), Assurance maladie (Ameli), service des impôts.</Paragraphe></Texte></Definition><Definition ID="R40703"><Titre>Personne morale</Titre><Texte><Paragraphe>Groupement de personnes physiques réunies pour accomplir quelque chose en commun (entreprises, sociétés civiles, associations, État, collectivités territoriales, etc.). Ce groupe peut aussi réunir des personnes physiques et des personnes morales. Il peut aussi n'être constitué que d'un seul membre (entreprise unipersonnelle à responsabilité limitée - EURL - par exemple).</Paragraphe></Texte></Definition><QuestionReponse ID="F18713" audience="Particuliers"><Titre>Carte d'identité / Passeport : comment prouver sa nationalité française ?</Titre></QuestionReponse><QuestionReponse ID="F11601" audience="Particuliers"><Titre>Est-on obligé d'avoir une carte d'identité ?</Titre></QuestionReponse><QuestionReponse ID="F32303" audience="Particuliers"><Titre>Peut-on voyager avec une carte d'identité de plus de 10 ans ?</Titre></QuestionReponse></Publication>