<?xml version="1.0" encoding="UTF-8"?><Publication xmlns:dc="http://purl.org/dc/elements/1.1/" xmlns:xsi="http://www.w3.org/2001/XMLSchema-instance" ID="F11992" type="Fiche d'information conditionnée" xsi:noNamespaceSchemaLocation="../Schemas/3.4/Publication.xsd" dateDerniereModificationImportante="2022-05-13T00:00:00" spUrl="https://www.service-public.fr/particuliers/vosdroits/F11992"><dc:title>Évaluation professionnelle dans la fonction publique d'État</dc:title><dc:creator>Direction de l'information légale et administrative</dc:creator><dc:subject>Travail - Formation</dc:subject><dc:description>L'appréciation de la valeur professionnelle des agents est fondée sur un entretien professionnel annuel.</dc:description><dc:publisher>Direction de l'information légale et administrative</dc:publisher><dc:contributor>Direction de l'information légale et administrative (Premier ministre)</dc:contributor><dc:date>modified 2022-05-13</dc:date><dc:type>Fiche pratique</dc:type><dc:format>text/xml</dc:format><dc:identifier>F11992</dc:identifier><dc:source>https://www.legifrance.gouv.fr/codes/section_lc/LEGITEXT000044416551/LEGISCTA000044422999/, https://www.legifrance.gouv.fr/loda/id/JORFTEXT000000699956/, https://www.legifrance.gouv.fr/loda/id/JORFTEXT000022593931/, http://circulaires.legifrance.gouv.fr/pdf/2012/04/cir_35118.pdf</dc:source><dc:language>Fr</dc:language><dc:relation>isPartOf N505</dc:relation><dc:coverage>France entière</dc:coverage><dc:rights>https://www.service-public.fr/a-propos/mentions-legales</dc:rights><SurTitre>Fiche pratique</SurTitre><Audience>Particuliers</Audience><Canal>www.service-public.fr</Canal><FilDAriane><Niveau ID="Particuliers">Accueil particuliers</Niveau><Niveau ID="N19806">Travail - Formation</Niveau><Niveau ID="N505">Carrière dans la fonction publique</Niveau><Niveau ID="F11992" type="Fiche d'information conditionnée">Évaluation professionnelle dans la fonction publique d'État</Niveau></FilDAriane><Theme ID="N19806"><Titre>Travail - Formation</Titre></Theme><SousThemePere ID="N19962">Contrats et carrière</SousThemePere><DossierPere ID="N505"><Titre>Carrière dans la fonction publique</Titre><SousDossier ID="N505-1"><Titre>Déroulement de carrière</Titre><Fiche ID="F18933">Stage et titularisation</Fiche><Fiche ID="F568">Avancements d'échelon et de grade</Fiche><Fiche ID="F17757">Promotion interne</Fiche><Fiche ID="F35275">Promotion par détachement d'un fonctionnaire handicapé</Fiche><Fiche ID="F3030">Suppression d'emploi d'un fonctionnaire : accompagnement et réaffectation</Fiche><Fiche ID="F13117">Conditions d'emploi d'un agent contractuel</Fiche></SousDossier><SousDossier ID="N505-2"><Titre>Évaluation professionnelle</Titre><Fiche ID="F11992">Dans la fonction publique d'État (FPE)</Fiche><Fiche ID="F566">Dans la fonction publique territoriale (FPT)</Fiche><Fiche ID="F31255">Dans la fonction publique hospitalière (FPH)</Fiche></SousDossier></DossierPere><SousDossierPere>Évaluation professionnelle</SousDossierPere><Introduction><Texte><Paragraphe>L'appréciation de la valeur professionnelle des agents est fondée sur un entretien professionnel annuel. L'entretien donne lieu à un compte-rendu auquel l'agent peut apporter des observations et dont il peut demander la révision. L'entretien professionnel est pris en compte pour l'avancement des fonctionnaires et la réévaluation de la rémunération des agents non titulaires en <LienInterne LienPublication="R24389" type="Sigle">CDI</LienInterne> ou en <LienInterne LienPublication="R2454" type="Sigle">CDD</LienInterne> de plus d'un an.</Paragraphe></Texte></Introduction><ListeSituations affichage="onglet"><Situation><Titre>Fonctionnaire</Titre><Texte><Chapitre><Titre><Paragraphe>Agents concernés</Paragraphe></Titre><Paragraphe>Un entretien professionnel est organisé chaque année avec le fonctionnaire titulaire.</Paragraphe><Paragraphe>Le fonctionnaire doit justifier d'une durée de présence effective suffisante au cours de l'année pour permettre à son supérieur hiérarchique d'apprécier sa valeur professionnelle. Cette durée est appréciée au cas par cas. Elle peut notamment varier selon la nature des fonctions exercées.</Paragraphe><Paragraphe>Lorsque le fonctionnaire change de poste en cours d'année, l'évaluation est effectuée au regard du poste qu'il a occupé le plus longtemps.</Paragraphe><Rappel><Titre>Rappel</Titre><Paragraphe>le fonctionnaire stagiaire fait l'objet d'un suivi en cours de stage en vue de sa titularisation.</Paragraphe></Rappel></Chapitre><Chapitre><Titre><Paragraphe>Objet de l'entretien et critères d'évaluation</Paragraphe></Titre><Paragraphe>L'entretien professionnel est un moment d'échange entre le fonctionnaire et son supérieur hiérarchique direct sur le bilan de l'année écoulée et les objectifs pour l‘année suivante.</Paragraphe><Paragraphe>L'entretien porte principalement sur les points suivants :</Paragraphe><Liste type="puce"><Item><Paragraphe>Résultats professionnels obtenus par le fonctionnaire au regard des objectifs fixés et des conditions d'organisation et de fonctionnement du service</Paragraphe></Item><Item><Paragraphe>Objectifs pour l'année à venir et perspectives d'amélioration des résultats professionnels</Paragraphe></Item><Item><Paragraphe>Manière de servir</Paragraphe></Item><Item><Paragraphe>Acquis de l'expérience professionnelle</Paragraphe></Item><Item><Paragraphe>Besoins de formation</Paragraphe></Item><Item><Paragraphe>Qualités d'encadrement s'il y a lieu</Paragraphe></Item><Item><Paragraphe>Perspectives d'évolution professionnelle.</Paragraphe></Item></Liste><Paragraphe>Le fonctionnaire est informé, au cours de l'entretien, des conditions d'ouverture et d'utilisation du <LienInterne LienPublication="F18090" type="Fiche d'information conditionnée" audience="Particuliers">compte personnel de formation</LienInterne>.</Paragraphe><Paragraphe>Des arrêtés ministériels peuvent fixer d'autres thèmes sur lesquels peut porter l'entretien professionnel en fonction de la nature des tâches confiées et du niveau de leurs responsabilités</Paragraphe><Paragraphe>Les perspectives d'avancement du fonctionnaire au grade supérieur peuvent également faire l'objet d'une appréciation particulière complémentaire.</Paragraphe><Paragraphe>C'est le cas si le fonctionnaire a atteint, depuis au moins 3 ans au 31 décembre de l'année du tableau d'avancement, le dernier échelon de son grade et s'il n'a pas accédé à ce grade par avancement de grade, concours ou promotion internes.</Paragraphe><Paragraphe>Cela concerne les agents en détachement, intégrés à la suite d'un détachement ou directement intégrés, qui n'ont bénéficié, depuis leur nomination dans leur administration d'origine, d'aucune promotion par <LienInterne LienPublication="F568" type="Fiche d'information conditionnée" audience="Particuliers">avancement de grade</LienInterne>, <LienInterne LienPublication="F434" type="Fiche d'information conditionnée" audience="Particuliers">concours interne</LienInterne> ou <LienInterne LienPublication="F17757" type="Fiche d'information conditionnée" audience="Particuliers">promotion interne</LienInterne>.</Paragraphe><Paragraphe>L'entretien professionnel peut porter sur d'autres thèmes fixés par arrêté en fonction de la nature des tâches confiées aux fonctionnaires et du niveau de leurs responsabilités.</Paragraphe></Chapitre><Chapitre><Titre><Paragraphe>Déroulement de l'entretien</Paragraphe></Titre><Paragraphe>Le fonctionnaire est informé de la date de l'entretien au moins 8 jours à l'avance.</Paragraphe><Paragraphe>L'entretien est conduit par le supérieur hiérarchique direct du fonctionnaire.</Paragraphe><Paragraphe>Des arrêtés ministériels précisent les conditions d'organisation de l'entretien professionnel, le contenu du compte rendu et les critères d'appréciation de la valeur professionnelle du fonctionnaire. Ces critères dépendent de la nature des tâches confiées et du niveau de responsabilités.</Paragraphe></Chapitre><Chapitre><Titre><Paragraphe>Compte-rendu</Paragraphe></Titre><Paragraphe>Le supérieur hiérarchique établit un compte-rendu de l'entretien professionnel.</Paragraphe><Paragraphe>Il comporte une appréciation générale exprimant la valeur professionnelle du fonctionnaire.</Paragraphe><Paragraphe>Le compte-rendu est communiqué au fonctionnaire qui peut y apporter des observations.</Paragraphe><Paragraphe>Il est ensuite signé par l'autorité hiérarchique qui peut formuler, si elle l'estime utile, ses propres observations.</Paragraphe><Paragraphe>Enfin, il est <LienIntra LienID="R14732" type="Définition de glossaire">notifié</LienIntra> au fonctionnaire.</Paragraphe><Paragraphe>Le fonctionnaire le signe pour attester qu'il en a pris connaissance, puis le retourne à l'autorité hiérarchique.</Paragraphe><Paragraphe>Le compte-rendu est conservé dans le <LienInterne LienPublication="F31546" type="Fiche Question-réponse conditionnée" audience="Particuliers">dossier</LienInterne> du fonctionnaire.</Paragraphe></Chapitre><Chapitre><Titre><Paragraphe>Recours</Paragraphe></Titre><Paragraphe>Le fonctionnaire peut demander la révision du compte-rendu de l'entretien professionnel à son autorité hiérarchique dans les 15 <LienIntra LienID="R1008" type="Définition de glossaire">jours francs</LienIntra> suivant sa notification.</Paragraphe><Paragraphe>L'autorité hiérarchique a 15 jours francs pour répondre à partir de la date de réception de la demande de révision.</Paragraphe><Paragraphe>En cas de réponse défavorable, le fonctionnaire peut saisir la <LienInterne LienPublication="R24436" type="Sigle">CAP</LienInterne> dans le mois suivant la notification de la réponse.</Paragraphe><Paragraphe>Après avis de la CAP, l'autorité hiérarchique communique au fonctionnaire le compte-rendu définitif de l'entretien. Le compte-rendu est conservé dans son dossier individuel.</Paragraphe><Paragraphe>Le compte-rendu d'entretien peut également faire l'objet d'un <LienInterne LienPublication="N560" type="Dossier" audience="Particuliers">recours contentieux</LienInterne> devant le tribunal administratif.</Paragraphe></Chapitre><Chapitre><Titre><Paragraphe>Prise en compte des entretiens professionnels</Paragraphe></Titre><Paragraphe>Les comptes rendus d'entretiens professionnels font partie des éléments pris en compte pour préparer les tableaux <LienInterne LienPublication="F568" type="Fiche d'information conditionnée" audience="Particuliers">d'avancement de grade</LienInterne>.</Paragraphe></Chapitre></Texte></Situation><Situation><Titre>Contractuel</Titre><Texte><Chapitre><Titre><Paragraphe>Qui est concerné ?</Paragraphe></Titre><Paragraphe>Vous bénéficiez chaque année d'un entretien professionnel si vous êtes recruté en <LienInterne LienPublication="R2454" type="Sigle">CDD</LienInterne> de plus d'un an ou en <LienInterne LienPublication="R24389" type="Sigle">CDI</LienInterne> pour répondre à un besoin permanent.</Paragraphe><Paragraphe>Vous n'êtes pas concerné si vous être recruté pour répondre à un accroissement temporaire ou saisonnier d'activité.</Paragraphe></Chapitre><Chapitre><Titre><Paragraphe>Quel est l'objet de l'entretien ?</Paragraphe></Titre><Paragraphe>L'entretien porte principalement sur les points suivants :</Paragraphe><Liste type="puce"><Item><Paragraphe>Vos résultats professionnels obtenus au cours de l'année écoulée au regard des objectifs qui vous ont été fixés et des conditions d'organisation et de fonctionnement de votre service</Paragraphe></Item><Item><Paragraphe>Vos objectifs pour l'année à venir et les perspectives d'amélioration de vos résultats professionnels, compte tenu, éventuellement, des perspectives d'évolution des conditions d'organisation et de fonctionnement de votre</Paragraphe></Item><Item><Paragraphe>Votre manière de servir</Paragraphe></Item><Item><Paragraphe>Les acquis de votre expérience professionnelle</Paragraphe></Item><Item><Paragraphe>S'il y a lieu, vos capacités d'encadrement</Paragraphe></Item><Item><Paragraphe>Vos besoins de formation au regard, notamment, de vos missions, des compétences que vous devez acquérir et de votre projet professionnel</Paragraphe></Item><Item><Paragraphe>Vos perspectives d'évolution professionnelle, et notamment vos projets de préparation aux concours d'accès aux corps et cadres d'emplois de la fonction publique</Paragraphe></Item></Liste><Paragraphe>L'administration peut fixer d'autres thèmes sur lesquels peut porter l'entretien professionnel.</Paragraphe><Paragraphe>Elle fixe aussi les critères d'appréciation de la valeur professionnelle.</Paragraphe></Chapitre><Chapitre><Titre><Paragraphe>Comment se déroule l'entretien ?</Paragraphe></Titre><Paragraphe>L'entretien professionnel est conduit par votre supérieur hiérarchique direct.</Paragraphe><Paragraphe>Vous êtes informé de la date de l'entretien au moins 8 jours à l'avance.</Paragraphe><Paragraphe>Votre supérieur hiérarchique établit un compte-rendu de l'entretien professionnel.</Paragraphe><Paragraphe>Le compte-rendu comporte une appréciation générale exprimant votre valeur professionnelle.</Paragraphe><Paragraphe>Il vous est communiqué et vous pouvez y apporter des observations.</Paragraphe><Paragraphe>Le compte-rendu est ensuite signé par l'autorité hiérarchique qui peut formuler, si elle l'estime utile, ses propres observations.</Paragraphe><Paragraphe>Puis il vous est <LienIntra LienID="R14732" type="Définition de glossaire">notifié</LienIntra>.</Paragraphe><Paragraphe>Vous le signez pour attester que vous en avez pris connaissance, puis le retournez à l'autorité hiérarchique.</Paragraphe><Paragraphe>Le compte-rendu est conservé dans votre <LienInterne LienPublication="F31546" type="Fiche Question-réponse conditionnée" audience="Particuliers">dossier administratif individuel</LienInterne>.</Paragraphe></Chapitre><Chapitre><Titre><Paragraphe>Peut-on contester le compte-rendu de l'entretien ?</Paragraphe></Titre><Paragraphe>Vous pouvez demander la révision du compte-rendu de l'entretien professionnel à votre autorité hiérarchique dans les 15 <LienIntra LienID="R1008" type="Définition de glossaire">jours francs</LienIntra> suivant sa notification.</Paragraphe><Paragraphe>L'autorité hiérarchique a 15 jours francs pour vous répondre à partir de la date de réception de votre demande de révision.</Paragraphe><Paragraphe>En cas de réponse défavorable, vous pouvez saisir la <LienInterne LienPublication="R44305" type="Sigle">CCP</LienInterne> dans le mois suivant la notification de la réponse.</Paragraphe><Paragraphe>Après avis de la commission, l'autorité hiérarchique vous communique le compte-rendu définitif de l'entretien.</Paragraphe><Paragraphe>Le compte-rendu définitif est conservé dans votre dossier administratif individuel.</Paragraphe><Paragraphe>Le compte-rendu d'entretien peut également faire l'objet d'un <LienInterne LienPublication="N560" type="Dossier" audience="Particuliers">recours contentieux</LienInterne> devant le tribunal administratif.</Paragraphe></Chapitre><Chapitre><Titre><Paragraphe>Prise en compte des entretiens professionnels</Paragraphe></Titre><Paragraphe>Les comptes rendus d'entretiens professionnels font partie des éléments pris en compte lors de la réévaluation de la rémunération des contractuels.</Paragraphe><Paragraphe>La réévaluation de la rémunération est prévue au moins tous les 3 ans pour les agents en <LienInterne LienPublication="R24389" type="Sigle">CDI</LienInterne> et les agents en <LienInterne LienPublication="R2454" type="Sigle">CDD</LienInterne> pendant plus de 3 ans auprès de la même administration employeur.</Paragraphe></Chapitre></Texte></Situation></ListeSituations><Reference type="Texte de référence" URL="https://www.legifrance.gouv.fr/codes/section_lc/LEGITEXT000044416551/LEGISCTA000044422999/" ID="R2469"><Titre>Code de la fonction publique : articles L521-1 à L521-5</Titre></Reference><Reference type="Texte de référence" URL="https://www.legifrance.gouv.fr/loda/id/JORFTEXT000000699956/" ID="R13139"><Titre>Décret n°86-83 du 17 janvier 1986 relatif aux agents contractuels de la FPE</Titre><Complement>Articles 1-3, 1-4</Complement></Reference><Reference type="Texte de référence" URL="https://www.legifrance.gouv.fr/loda/id/JORFTEXT000022593931/" ID="R17711"><Titre>Décret n°2010-888 du 28 juillet 2010 relatif à l'appréciation de la valeur professionnelle des fonctionnaires de l'État</Titre></Reference><Reference type="Texte de référence" URL="http://circulaires.legifrance.gouv.fr/pdf/2012/04/cir_35118.pdf" ID="R11227" format="application/pdf" poids="105.5 KB"><Titre>Circulaire du 23 avril 2012 relative aux conditions générales de l'appréciation de la valeur professionnelle des fonctionnaires de l'État</Titre></Reference><Definition ID="R14732"><Titre>Notification</Titre><Texte><Paragraphe>Formalité par laquelle un acte de procédure ou une décision est porté à la connaissance d’une personne</Paragraphe></Texte></Definition><Definition ID="R1008"><Titre>Jour franc</Titre><Texte><Paragraphe>Jour qui dure de 0h à 24h. Un délai ainsi calculé ne tient pas compte du jour de la décision à l'origine du délai, ni du jour de l'échéance. Si le délai s'achève un samedi ou un dimanche, il est reporté au lundi. Si le délai s'achève un jour férié, il est reporté d'un jour. Ainsi, par exemple, si un délai s'achève un samedi et le lundi suivant est un jour férié, il est reporté au mardi.</Paragraphe></Texte></Definition><Abreviation ID="R24389" type="Sigle"><Titre>CDI</Titre><Texte><Paragraphe>Contrat de travail à durée indéterminée</Paragraphe></Texte></Abreviation><Abreviation ID="R2454" type="Sigle"><Titre>CDD</Titre><Texte><Paragraphe>Contrat à durée déterminée</Paragraphe></Texte></Abreviation><Abreviation ID="R24436" type="Sigle"><Titre>CAP</Titre><Texte><Paragraphe>Commission administrative paritaire</Paragraphe></Texte></Abreviation><Abreviation ID="R44305" type="Sigle"><Titre>CCP</Titre><Texte><Paragraphe>Commission consultative paritaire</Paragraphe></Texte></Abreviation></Publication>