<?xml version="1.0" encoding="UTF-8"?><Publication xmlns:dc="http://purl.org/dc/elements/1.1/" xmlns:xsi="http://www.w3.org/2001/XMLSchema-instance" ID="F12384" type="Fiche Question-réponse conditionnée" xsi:noNamespaceSchemaLocation="../Schemas/3.4/Publication.xsd" dateDerniereModificationImportante="2024-01-10T00:00:00" spUrl="https://www.service-public.fr/particuliers/vosdroits/F12384"><dc:title>Emploi à domicile : l'employeur peut-il être exonéré des cotisations sociales ?</dc:title><dc:creator>Direction de l'information légale et administrative</dc:creator><dc:subject>Travail - Formation</dc:subject><dc:description>Selon votre situation ou en fonction de votre âge, vous pouvez bénéficier d'exonérations de cotisations sociales ou d'une déduction forfaitaire.</dc:description><dc:publisher>Direction de l'information légale et administrative</dc:publisher><dc:contributor>Direction de l'information légale et administrative (Premier ministre)</dc:contributor><dc:date>modified 2024-01-10</dc:date><dc:type>Question-réponse</dc:type><dc:format>text/xml</dc:format><dc:identifier>F12384</dc:identifier><dc:source>https://www.legifrance.gouv.fr/codes/article_lc/LEGIARTI000042674277/, https://www.legifrance.gouv.fr/codes/section_lc/LEGITEXT000006073189/LEGISCTA000006185722?</dc:source><dc:language>Fr</dc:language><dc:relation>isPartOf N19602</dc:relation><dc:coverage>France entière</dc:coverage><dc:rights>https://www.service-public.fr/a-propos/mentions-legales</dc:rights><SurTitre>Question-réponse</SurTitre><Audience>Particuliers</Audience><Canal>www.service-public.fr</Canal><FilDAriane><Niveau ID="Particuliers">Accueil particuliers</Niveau><Niveau ID="N19806">Travail - Formation</Niveau><Niveau ID="N19602">Particulier employeur : aide à domicile (services à la personne)</Niveau><Niveau ID="F12384" type="Fiche Question-réponse conditionnée">Emploi à domicile : l'employeur peut-il être exonéré des cotisations sociales ?</Niveau></FilDAriane><Theme ID="N19806"><Titre>Travail - Formation</Titre></Theme><SousThemePere ID="N453">Particulier employeur</SousThemePere><DossierPere ID="N19602"><Titre>Particulier employeur : aide à domicile (services à la personne)</Titre><Fiche ID="F1692">Embauche directe ou recours à un organisme</Fiche><Fiche ID="F12202">Contrat de travail</Fiche><Fiche ID="F104">Temps du travail</Fiche><Fiche ID="F13897">Congés</Fiche><Fiche ID="F142">Rémunération</Fiche><Fiche ID="F1745">Licenciement</Fiche><Fiche ID="F32431">Démission</Fiche></DossierPere><Introduction><Texte><Paragraphe>Oui, selon votre situation ou votre âge, vous pouvez bénéficier de certaines exonérations partielles de charges sociales ou d'une déduction forfaitaire si vous employez une personne à votre domicile.</Paragraphe></Texte></Introduction><Texte><BlocCas affichage="radio"><Cas><Titre>Vous avez 70 ans ou plus</Titre><TitreFlottant><Paragraphe>Exonérations partielles de cotisations patronales de Sécurité sociale</Paragraphe></TitreFlottant><Paragraphe>Vous êtes exonéré <MiseEnEvidence>partiellement</MiseEnEvidence> des cotisations patronales de sécurité sociale.</Paragraphe><Paragraphe>Cette exonération est plafonnée par mois et par <LienIntra LienID="R61307" type="Définition de glossaire">ménage</LienIntra></Paragraphe><Liste type="puce"><Item><Paragraphe>À <Valeur>240,16 €</Valeur> congés payés inclus</Paragraphe></Item><Item><Paragraphe>Ou à <Valeur>218,24 €</Valeur> hors congés payés</Paragraphe></Item></Liste><Paragraphe>Elle est calculée sur une rémunération plafonnée à <Valeur>757,25 €</Valeur>.</Paragraphe><Paragraphe>Les cotisations suivantes sont dues :</Paragraphe><Liste type="puce"><Item><Paragraphe>Cotisations de retraite complémentaire, de prévoyance et de contribution à l'indemnité de départ en retaite (Ircem)</Paragraphe></Item></Liste><Liste type="puce"><Item><Paragraphe>Cotisations versées à l'association pour la gestion du fonds de financement de <LienInterne LienPublication="R40033" type="Acronyme">Agirc-Arrco</LienInterne> (AGFF)</Paragraphe></Item></Liste><Liste type="puce"><Item><Paragraphe>Cotisations d'assurance chômage et d'accidents du travail</Paragraphe></Item></Liste><Liste type="puce"><Item><Paragraphe>Contribution au <LienInterne LienPublication="R58515" type="Acronyme">Fnal</LienInterne></Paragraphe></Item></Liste><Liste type="puce"><Item><Paragraphe>Contribution de solidarité autonomie (CSA)</Paragraphe></Item></Liste><Liste type="puce"><Item><Paragraphe>Contribution à la formation professionnelle</Paragraphe></Item></Liste><Liste type="puce"><Item><Paragraphe>Contribution au dialogue social</Paragraphe></Item></Liste><Liste type="puce"><Item><Paragraphe>Intégralité des cotisations salariales</Paragraphe></Item></Liste><Paragraphe>Un simulateur permet d'estimer le montant de vos exonérations :</Paragraphe><ServiceEnLigne ID="R65832" URL="https://www.cesu.urssaf.fr/decla/index.html?page=page_estimer&amp;LANG=FR" audience="Particuliers" type="Téléservice"><Titre>Cesu - Estimer le coût du salaire et connaitre le montant des éxonérations éventuelles de cotisations</Titre><Source ID="R30863">Urssaf</Source></ServiceEnLigne><TitreFlottant><Paragraphe>Démarche à accomplir</Paragraphe></TitreFlottant><Paragraphe>Vous n'avez aucune démarche à effectuer, ni document à fournir.</Paragraphe><Paragraphe>L'exonération vous est accordée automatiquement.</Paragraphe><TitreFlottant><Paragraphe>Déduction forfaitaire de cotisations patronales de Sécurité sociale</Paragraphe></TitreFlottant><Paragraphe>Non, vous ne pouvez pas bénéficier de la <LienExterne URL="https://www.urssaf.fr/portail/home/services-a-la-personne/urssaf-service-cesu/les-emplois-familiaux/exonerations.html">déduction forfaitaire de cotisations</LienExterne>.</Paragraphe><Paragraphe>Elle ne se cumule pas avec les exonérations de cotisations patronales de Sécurité sociale.</Paragraphe></Cas><Cas><Titre>Vous vivez en couple avec une personne de 70 ans ou plus</Titre><TitreFlottant><Paragraphe>Exonérations partielles de cotisations patronales de Sécurité sociale</Paragraphe></TitreFlottant><Paragraphe>Vous êtes exonéré <MiseEnEvidence>partiellement</MiseEnEvidence> des cotisations patronales de sécurité sociale.</Paragraphe><Paragraphe>Cette exonération est plafonnée par mois et par <LienIntra LienID="R61307" type="Définition de glossaire">ménage</LienIntra></Paragraphe><Liste type="puce"><Item><Paragraphe>À <Valeur>240,16 €</Valeur> congés payés inclus</Paragraphe></Item><Item><Paragraphe>Ou à <Valeur>218,24 €</Valeur> hors congés payés</Paragraphe></Item></Liste><Paragraphe>Elle est calculée sur une rémunération plafonnée à <Valeur>757,25 €</Valeur>.</Paragraphe><ANoter><Titre>À noter</Titre><Paragraphe>Dans le cas d’un <LienIntra LienID="R61307" type="Définition de glossaire">ménage</LienIntra> où les 2 personnes ont plus de 70 ans, 1 seule exonération est accordée.</Paragraphe></ANoter><Paragraphe>Les cotisations suivantes sont dues :</Paragraphe><Liste type="puce"><Item><Paragraphe>Cotisations de retraite complémentaire, de prévoyance et de contribution à l'indemnité de départ en retaite (Ircem)</Paragraphe></Item></Liste><Liste type="puce"><Item><Paragraphe>Cotisations versées à l'association pour la gestion du fonds de financement de <LienInterne LienPublication="R40033" type="Acronyme">Agirc-Arrco</LienInterne> (AGFF)</Paragraphe></Item></Liste><Liste type="puce"><Item><Paragraphe>Cotisations d'assurance chômage et d'accidents du travail</Paragraphe></Item></Liste><Liste type="puce"><Item><Paragraphe>Contribution au <LienInterne LienPublication="R58515" type="Acronyme">Fnal</LienInterne></Paragraphe></Item></Liste><Liste type="puce"><Item><Paragraphe>Contribution de solidarité autonomie (CSA)</Paragraphe></Item></Liste><Liste type="puce"><Item><Paragraphe>Contribution à la formation professionnelle</Paragraphe></Item></Liste><Liste type="puce"><Item><Paragraphe>Contribution au dialogue social</Paragraphe></Item></Liste><Liste type="puce"><Item><Paragraphe>Intégralité des cotisations salariales</Paragraphe></Item></Liste><Paragraphe>Un simulateur permet d'estimer le montant de vos exonérations :</Paragraphe><ServiceEnLigne ID="R65832" URL="https://www.cesu.urssaf.fr/decla/index.html?page=page_estimer&amp;LANG=FR" audience="Particuliers" type="Téléservice"><Titre>Cesu - Estimer le coût du salaire et connaitre le montant des éxonérations éventuelles de cotisations</Titre><Source ID="R30863">Urssaf</Source></ServiceEnLigne><TitreFlottant><Paragraphe>Démarche à accomplir</Paragraphe></TitreFlottant><Paragraphe>Si vous utilisez le Cesu pour rémunérer votre salarié, vous devez adresser une demande écrite au Centre national du chèque emploi-service universel (CNCesu).</Paragraphe><Paragraphe>Dans les autres cas, vous devez adresser une demande écrite à l'Urssaf.</Paragraphe><Paragraphe>Vous devez joindre une copie de la pièce d'identité comportant la date de naissance de la personne âgée de 70 ans ou plus (livret de famille, carte d'identité, passeport, copie ou extrait de l'acte de naissance).</Paragraphe><OuSAdresser ID="R14971" sve="non" type="Centre de contact"><Titre>Urssaf service Cesu</Titre><Texte><Paragraphe>Pour s'informer si vous êtes un particulier employeur utilisant le Cesu ou un salarié déclaré avec le dispositif Cesu</Paragraphe><Chapitre><Titre><Paragraphe>Par téléphone</Paragraphe></Titre><Paragraphe>0 806 802 378 - (Service gratuit + Prix d'appel variable selon l’opérateur téléphonique).</Paragraphe><Paragraphe>Du lundi au vendredi de 9h à 17h</Paragraphe><Paragraphe>En Martinique et Guadeloupe : jusqu'à 11h</Paragraphe><Paragraphe>En Guyane : jusqu'à 12h</Paragraphe><Paragraphe>À la Réunion : de 11h à 19h</Paragraphe><Paragraphe>Depuis l'étranger : 00 33 806 802 378 (Service gratuit + Prix d'appel variable selon l'opérateur téléphonique).</Paragraphe></Chapitre><Chapitre><Titre><Paragraphe>Par courriel</Paragraphe></Titre><Paragraphe>Accès au <LienExterne URL="https://www.cesu.urssaf.fr/cesweb/mail.jsp">formulaire de contact</LienExterne></Paragraphe></Chapitre><Chapitre><Titre><Paragraphe>Par courrier</Paragraphe></Titre><Paragraphe>Urssaf service Cesu</Paragraphe><Paragraphe>63, rue de la Montat</Paragraphe><Paragraphe>42 961 Saint-Étienne cedex 9</Paragraphe></Chapitre></Texte></OuSAdresser><OuSAdresser ID="R45" sve="non" type="National"><Titre>Joindre un conseiller Urssaf par mail</Titre><RessourceWeb URL="http://www.contact.urssaf.fr/categorie.do"/><Source ID="R30607">Urssaf Caisse nationale (ex-Acoss)</Source></OuSAdresser><TitreFlottant><Paragraphe>Déduction forfaitaire de cotisations patronales de Sécurité sociale</Paragraphe></TitreFlottant><Paragraphe>Non, vous ne pouvez pas bénéficier de la <LienExterne URL="https://www.urssaf.fr/portail/home/services-a-la-personne/urssaf-service-cesu/les-emplois-familiaux/exonerations.html">déduction forfaitaire de cotisations</LienExterne>.</Paragraphe><Paragraphe>Elle ne se cumule pas avec les exonérations de cotisations patronales de Sécurité sociale.</Paragraphe></Cas><Cas><Titre>Vous avez un enfant âgé de moins de 20 ans en situation de handicap</Titre><TitreFlottant><Paragraphe>Exonérations partielles de cotisations patronales de Sécurité sociale</Paragraphe></TitreFlottant><Paragraphe>Vous êtes exonéré partiellement des cotisations patronales de sécurité sociale si vous êtes dans l'une des situations suivantes :</Paragraphe><Liste type="puce"><Item><Paragraphe>Vous avez à votre charge un enfant de moins de 20 ans qui touche l'allocation d'éducation de l'enfant handicapé (AEEH) ou la prestation de compensation du handicap (PCH)</Paragraphe></Item><Item><Paragraphe>Votre enfant présente un taux d'invalidité supérieur à <Valeur>80 %</Valeur></Paragraphe></Item></Liste><Paragraphe>Les cotisations suivantes sont dues :</Paragraphe><Liste type="puce"><Item><Paragraphe>Cotisations de retraite complémentaire, de prévoyance et de contribution à l'indemnité de départ en retaite (Ircem)</Paragraphe></Item></Liste><Liste type="puce"><Item><Paragraphe>Cotisations versées à l'association pour la gestion du fonds de financement de <LienInterne LienPublication="R40033" type="Acronyme">Agirc-Arrco</LienInterne> (AGFF)</Paragraphe></Item></Liste><Liste type="puce"><Item><Paragraphe>Cotisations d'assurance chômage et d'accidents du travail</Paragraphe></Item></Liste><Liste type="puce"><Item><Paragraphe>Contribution au <LienInterne LienPublication="R58515" type="Acronyme">Fnal</LienInterne></Paragraphe></Item></Liste><Liste type="puce"><Item><Paragraphe>Contribution de solidarité autonomie (CSA)</Paragraphe></Item></Liste><Liste type="puce"><Item><Paragraphe>Contribution à la formation professionnelle</Paragraphe></Item></Liste><Liste type="puce"><Item><Paragraphe>Contribution au dialogue social</Paragraphe></Item></Liste><Liste type="puce"><Item><Paragraphe>Intégralité des cotisations salariales</Paragraphe></Item></Liste><Paragraphe>Le simulateur ci-dessous vous permet d'estimer le montant de vos exonérations :</Paragraphe><ServiceEnLigne ID="R65832" URL="https://www.cesu.urssaf.fr/decla/index.html?page=page_estimer&amp;LANG=FR" audience="Particuliers" type="Téléservice"><Titre>Cesu - Estimer le coût du salaire et connaitre le montant des éxonérations éventuelles de cotisations</Titre><Source ID="R30863">Urssaf</Source></ServiceEnLigne><TitreFlottant><Paragraphe>Démarche à accomplir</Paragraphe></TitreFlottant><Paragraphe>Si vous utilisez le Cesu pour rémunérer votre salarié, vous devez adresser une demande écrite au Centre national du chèque emploi-service universel (CNCesu).</Paragraphe><Paragraphe>Dans les autres cas, vous devez adresser une demande écrite à l'Urssaf.</Paragraphe><Paragraphe>Vous devez joindre une copie d'un justificatif d'attribution de cette allocation ou de cette prestation en cours de validité.</Paragraphe><OuSAdresser ID="R14971" sve="non" type="Centre de contact"><Titre>Urssaf service Cesu</Titre><Texte><Paragraphe>Pour s'informer si vous êtes un particulier employeur utilisant le Cesu ou un salarié déclaré avec le dispositif Cesu</Paragraphe><Chapitre><Titre><Paragraphe>Par téléphone</Paragraphe></Titre><Paragraphe>0 806 802 378 - (Service gratuit + Prix d'appel variable selon l’opérateur téléphonique).</Paragraphe><Paragraphe>Du lundi au vendredi de 9h à 17h</Paragraphe><Paragraphe>En Martinique et Guadeloupe : jusqu'à 11h</Paragraphe><Paragraphe>En Guyane : jusqu'à 12h</Paragraphe><Paragraphe>À la Réunion : de 11h à 19h</Paragraphe><Paragraphe>Depuis l'étranger : 00 33 806 802 378 (Service gratuit + Prix d'appel variable selon l'opérateur téléphonique).</Paragraphe></Chapitre><Chapitre><Titre><Paragraphe>Par courriel</Paragraphe></Titre><Paragraphe>Accès au <LienExterne URL="https://www.cesu.urssaf.fr/cesweb/mail.jsp">formulaire de contact</LienExterne></Paragraphe></Chapitre><Chapitre><Titre><Paragraphe>Par courrier</Paragraphe></Titre><Paragraphe>Urssaf service Cesu</Paragraphe><Paragraphe>63, rue de la Montat</Paragraphe><Paragraphe>42 961 Saint-Étienne cedex 9</Paragraphe></Chapitre></Texte></OuSAdresser><OuSAdresser ID="R45" sve="non" type="National"><Titre>Joindre un conseiller Urssaf par mail</Titre><RessourceWeb URL="http://www.contact.urssaf.fr/categorie.do"/><Source ID="R30607">Urssaf Caisse nationale (ex-Acoss)</Source></OuSAdresser><TitreFlottant><Paragraphe>Déduction forfaitaire de cotisations patronales de Sécurité sociale</Paragraphe></TitreFlottant><Paragraphe>Non, vous ne pouvez pas bénéficier de la <LienExterne URL="https://www.urssaf.fr/portail/home/services-a-la-personne/urssaf-service-cesu/les-emplois-familiaux/exonerations.html">déduction forfaitaire de cotisations</LienExterne>.</Paragraphe><Paragraphe>Elle ne se cumule pas avec les exonérations de cotisations patronales de Sécurité sociale.</Paragraphe></Cas><Cas><Titre>Vous touchez la prestation de compensation du handicap (PCH) ou l'allocation compensatrice pour tierce personne (ACTP) ou la majoration pour tierce personne (MTP) </Titre><TitreFlottant><Paragraphe>Exonérations partielles de cotisations patronales de Sécurité sociale</Paragraphe></TitreFlottant><Paragraphe>Vous êtes exonéré partiellement des cotisations patronales de sécurité sociale si vous percevez l'une de ces prestations.</Paragraphe><Paragraphe>Les cotisations suivantes sont dues :</Paragraphe><Liste type="puce"><Item><Paragraphe>Cotisations de retraite complémentaire, de prévoyance et de contribution à l'indemnité de départ en retaite (Ircem)</Paragraphe></Item></Liste><Liste type="puce"><Item><Paragraphe>Cotisations versées à l'association pour la gestion du fonds de financement de <LienInterne LienPublication="R40033" type="Acronyme">Agirc-Arrco</LienInterne> (AGFF)</Paragraphe></Item></Liste><Liste type="puce"><Item><Paragraphe>Cotisations d'assurance chômage et d'accidents du travail</Paragraphe></Item></Liste><Liste type="puce"><Item><Paragraphe>Contribution au <LienInterne LienPublication="R58515" type="Acronyme">Fnal</LienInterne></Paragraphe></Item></Liste><Liste type="puce"><Item><Paragraphe>Contribution de solidarité autonomie (CSA)</Paragraphe></Item></Liste><Liste type="puce"><Item><Paragraphe>Contribution à la formation professionnelle</Paragraphe></Item></Liste><Liste type="puce"><Item><Paragraphe>Contribution au dialogue social</Paragraphe></Item></Liste><Liste type="puce"><Item><Paragraphe>Intégralité des cotisations salariales</Paragraphe></Item></Liste><Paragraphe>Le simulateur ci-dessous vous permet d'estimer le montant de vos exonérations :</Paragraphe><ServiceEnLigne ID="R65832" URL="https://www.cesu.urssaf.fr/decla/index.html?page=page_estimer&amp;LANG=FR" audience="Particuliers" type="Téléservice"><Titre>Cesu - Estimer le coût du salaire et connaitre le montant des éxonérations éventuelles de cotisations</Titre><Source ID="R30863">Urssaf</Source></ServiceEnLigne><TitreFlottant><Paragraphe>Démarche à accomplir</Paragraphe></TitreFlottant><Paragraphe>Si vous utilisez le Cesu pour rémunérer votre salarié, vous devez adresser une demande écrite au Centre national du chèque emploi-service universel (CNCesu).</Paragraphe><Paragraphe>Dans les autres cas, vous devez adresser une demande écrite à l'Urssaf.</Paragraphe><Paragraphe>Vous devez joindre une copie d'un justificatif d'attribution de cette prestation ou de cette majoration en cours de validité.</Paragraphe><OuSAdresser ID="R14971" sve="non" type="Centre de contact"><Titre>Urssaf service Cesu</Titre><Texte><Paragraphe>Pour s'informer si vous êtes un particulier employeur utilisant le Cesu ou un salarié déclaré avec le dispositif Cesu</Paragraphe><Chapitre><Titre><Paragraphe>Par téléphone</Paragraphe></Titre><Paragraphe>0 806 802 378 - (Service gratuit + Prix d'appel variable selon l’opérateur téléphonique).</Paragraphe><Paragraphe>Du lundi au vendredi de 9h à 17h</Paragraphe><Paragraphe>En Martinique et Guadeloupe : jusqu'à 11h</Paragraphe><Paragraphe>En Guyane : jusqu'à 12h</Paragraphe><Paragraphe>À la Réunion : de 11h à 19h</Paragraphe><Paragraphe>Depuis l'étranger : 00 33 806 802 378 (Service gratuit + Prix d'appel variable selon l'opérateur téléphonique).</Paragraphe></Chapitre><Chapitre><Titre><Paragraphe>Par courriel</Paragraphe></Titre><Paragraphe>Accès au <LienExterne URL="https://www.cesu.urssaf.fr/cesweb/mail.jsp">formulaire de contact</LienExterne></Paragraphe></Chapitre><Chapitre><Titre><Paragraphe>Par courrier</Paragraphe></Titre><Paragraphe>Urssaf service Cesu</Paragraphe><Paragraphe>63, rue de la Montat</Paragraphe><Paragraphe>42 961 Saint-Étienne cedex 9</Paragraphe></Chapitre></Texte></OuSAdresser><OuSAdresser ID="R45" sve="non" type="National"><Titre>Joindre un conseiller Urssaf par mail</Titre><RessourceWeb URL="http://www.contact.urssaf.fr/categorie.do"/><Source ID="R30607">Urssaf Caisse nationale (ex-Acoss)</Source></OuSAdresser><TitreFlottant><Paragraphe>Déduction forfaitaire de cotisations patronales de Sécurité sociale</Paragraphe></TitreFlottant><Paragraphe>Non, vous ne pouvez pas bénéficier de la <LienExterne URL="https://www.urssaf.fr/portail/home/services-a-la-personne/urssaf-service-cesu/les-emplois-familiaux/exonerations.html">déduction forfaitaire de cotisations</LienExterne>.</Paragraphe><Paragraphe>Elle ne se cumule pas avec les exonérations de cotisations patronales de Sécurité sociale.</Paragraphe></Cas><Cas><Titre>Vous touchez l'allocation personnalisée d'autonomie (Apa)</Titre><TitreFlottant><Paragraphe>Exonérations partielles de cotisations patronales de Sécurité sociale</Paragraphe></TitreFlottant><Paragraphe>Vous êtes exonéré partiellement des cotisations patronales de sécurité sociale si vous percevez l'<LienInterne LienPublication="R58464" type="Acronyme">Apa</LienInterne>.</Paragraphe><Paragraphe>Les cotisations suivantes sont dues :</Paragraphe><Liste type="puce"><Item><Paragraphe>Cotisations de retraite complémentaire, de prévoyance et de contribution à l'indemnité de départ en retaite (Ircem)</Paragraphe></Item></Liste><Liste type="puce"><Item><Paragraphe>Cotisations versées à l'association pour la gestion du fonds de financement de <LienInterne LienPublication="R40033" type="Acronyme">Agirc-Arrco</LienInterne> (AGFF)</Paragraphe></Item></Liste><Liste type="puce"><Item><Paragraphe>Cotisations d'assurance chômage et d'accidents du travail</Paragraphe></Item></Liste><Liste type="puce"><Item><Paragraphe>Contribution au <LienInterne LienPublication="R58515" type="Acronyme">Fnal</LienInterne></Paragraphe></Item></Liste><Liste type="puce"><Item><Paragraphe>Contribution de solidarité autonomie (CSA)</Paragraphe></Item></Liste><Liste type="puce"><Item><Paragraphe>Contribution à la formation professionnelle</Paragraphe></Item></Liste><Liste type="puce"><Item><Paragraphe>Contribution au dialogue social</Paragraphe></Item></Liste><Liste type="puce"><Item><Paragraphe>Intégralité des cotisations salariales</Paragraphe></Item></Liste><Paragraphe>Le simulateur ci-dessous vous permet d'estimer le montant de vos exonérations :</Paragraphe><ServiceEnLigne ID="R65832" URL="https://www.cesu.urssaf.fr/decla/index.html?page=page_estimer&amp;LANG=FR" audience="Particuliers" type="Téléservice"><Titre>Cesu - Estimer le coût du salaire et connaitre le montant des éxonérations éventuelles de cotisations</Titre><Source ID="R30863">Urssaf</Source></ServiceEnLigne><TitreFlottant><Paragraphe>Démarche à accomplir</Paragraphe></TitreFlottant><Paragraphe>Si vous utilisez le Cesu pour rémunérer votre salarié, vous devez adresser une demande écrite au Centre national du chèque emploi-service universel (CNCesu).</Paragraphe><Paragraphe>Dans les autres cas, vous devez adresser une demande écrite à l'Urssaf.</Paragraphe><Paragraphe>Vous devez joindre une copie de la notification d'attribution de l'Apa.</Paragraphe><OuSAdresser ID="R14971" sve="non" type="Centre de contact"><Titre>Urssaf service Cesu</Titre><Texte><Paragraphe>Pour s'informer si vous êtes un particulier employeur utilisant le Cesu ou un salarié déclaré avec le dispositif Cesu</Paragraphe><Chapitre><Titre><Paragraphe>Par téléphone</Paragraphe></Titre><Paragraphe>0 806 802 378 - (Service gratuit + Prix d'appel variable selon l’opérateur téléphonique).</Paragraphe><Paragraphe>Du lundi au vendredi de 9h à 17h</Paragraphe><Paragraphe>En Martinique et Guadeloupe : jusqu'à 11h</Paragraphe><Paragraphe>En Guyane : jusqu'à 12h</Paragraphe><Paragraphe>À la Réunion : de 11h à 19h</Paragraphe><Paragraphe>Depuis l'étranger : 00 33 806 802 378 (Service gratuit + Prix d'appel variable selon l'opérateur téléphonique).</Paragraphe></Chapitre><Chapitre><Titre><Paragraphe>Par courriel</Paragraphe></Titre><Paragraphe>Accès au <LienExterne URL="https://www.cesu.urssaf.fr/cesweb/mail.jsp">formulaire de contact</LienExterne></Paragraphe></Chapitre><Chapitre><Titre><Paragraphe>Par courrier</Paragraphe></Titre><Paragraphe>Urssaf service Cesu</Paragraphe><Paragraphe>63, rue de la Montat</Paragraphe><Paragraphe>42 961 Saint-Étienne cedex 9</Paragraphe></Chapitre></Texte></OuSAdresser><OuSAdresser ID="R45" sve="non" type="National"><Titre>Joindre un conseiller Urssaf par mail</Titre><RessourceWeb URL="http://www.contact.urssaf.fr/categorie.do"/><Source ID="R30607">Urssaf Caisse nationale (ex-Acoss)</Source></OuSAdresser><TitreFlottant><Paragraphe>Déduction forfaitaire de cotisations patronales de Sécurité sociale</Paragraphe></TitreFlottant><Paragraphe>Non, vous ne pouvez pas bénéficier de la <LienExterne URL="https://www.urssaf.fr/portail/home/services-a-la-personne/urssaf-service-cesu/les-emplois-familiaux/exonerations.html">déduction forfaitaire de cotisations</LienExterne>.</Paragraphe><Paragraphe>Elle ne se cumule pas avec les exonérations de cotisations patronales de Sécurité sociale.</Paragraphe></Cas><Cas><Titre>Vous avez 62 ans ou plus et vous avez recours à l'assistance d'une tierce personne pour les actes ordinaires de la vie</Titre><TitreFlottant><Paragraphe>Exonérations partielles de cotisations patronales de Sécurité sociale</Paragraphe></TitreFlottant><Paragraphe>Vous êtes exonéré partiellement des cotisations patronales de sécurité sociale.</Paragraphe><Paragraphe>Les cotisations suivantes sont dues :</Paragraphe><Liste type="puce"><Item><Paragraphe>Cotisations de retraite complémentaire, de prévoyance et de contribution à l'indemnité de départ en retaite (Ircem)</Paragraphe></Item></Liste><Liste type="puce"><Item><Paragraphe>Cotisations versées à l'association pour la gestion du fonds de financement de <LienInterne LienPublication="R40033" type="Acronyme">Agirc-Arrco</LienInterne> (AGFF)</Paragraphe></Item></Liste><Liste type="puce"><Item><Paragraphe>Cotisations d'assurance chômage et d'accidents du travail</Paragraphe></Item></Liste><Liste type="puce"><Item><Paragraphe>Contribution au <LienInterne LienPublication="R58515" type="Acronyme">Fnal</LienInterne></Paragraphe></Item></Liste><Liste type="puce"><Item><Paragraphe>Contribution de solidarité autonomie (CSA)</Paragraphe></Item></Liste><Liste type="puce"><Item><Paragraphe>Contribution à la formation professionnelle</Paragraphe></Item></Liste><Liste type="puce"><Item><Paragraphe>Contribution au dialogue social</Paragraphe></Item></Liste><Liste type="puce"><Item><Paragraphe>Intégralité des cotisations salariales</Paragraphe></Item></Liste><Paragraphe>Le simulateur ci-dessous vous permet d'estimer le montant de vos exonérations :</Paragraphe><ServiceEnLigne ID="R65832" URL="https://www.cesu.urssaf.fr/decla/index.html?page=page_estimer&amp;LANG=FR" audience="Particuliers" type="Téléservice"><Titre>Cesu - Estimer le coût du salaire et connaitre le montant des éxonérations éventuelles de cotisations</Titre><Source ID="R30863">Urssaf</Source></ServiceEnLigne><TitreFlottant><Paragraphe>Démarche à accomplir</Paragraphe></TitreFlottant><Paragraphe>Si vous utilisez le Cesu pour rémunérer votre salarié, vous devez adresser une demande écrite au Centre national du chèque emploi-service universel (CNCesu).</Paragraphe><Paragraphe>Dans les autres cas, vous devez adresser une demande écrite à l'Urssaf.</Paragraphe><Paragraphe>Vous devez joindre une attestation d'incapacité à accomplir les actes ordinaires de la vie remplie par votre médecin traitant.</Paragraphe><OuSAdresser ID="R14971" sve="non" type="Centre de contact"><Titre>Urssaf service Cesu</Titre><Texte><Paragraphe>Pour s'informer si vous êtes un particulier employeur utilisant le Cesu ou un salarié déclaré avec le dispositif Cesu</Paragraphe><Chapitre><Titre><Paragraphe>Par téléphone</Paragraphe></Titre><Paragraphe>0 806 802 378 - (Service gratuit + Prix d'appel variable selon l’opérateur téléphonique).</Paragraphe><Paragraphe>Du lundi au vendredi de 9h à 17h</Paragraphe><Paragraphe>En Martinique et Guadeloupe : jusqu'à 11h</Paragraphe><Paragraphe>En Guyane : jusqu'à 12h</Paragraphe><Paragraphe>À la Réunion : de 11h à 19h</Paragraphe><Paragraphe>Depuis l'étranger : 00 33 806 802 378 (Service gratuit + Prix d'appel variable selon l'opérateur téléphonique).</Paragraphe></Chapitre><Chapitre><Titre><Paragraphe>Par courriel</Paragraphe></Titre><Paragraphe>Accès au <LienExterne URL="https://www.cesu.urssaf.fr/cesweb/mail.jsp">formulaire de contact</LienExterne></Paragraphe></Chapitre><Chapitre><Titre><Paragraphe>Par courrier</Paragraphe></Titre><Paragraphe>Urssaf service Cesu</Paragraphe><Paragraphe>63, rue de la Montat</Paragraphe><Paragraphe>42 961 Saint-Étienne cedex 9</Paragraphe></Chapitre></Texte></OuSAdresser><OuSAdresser ID="R45" sve="non" type="National"><Titre>Joindre un conseiller Urssaf par mail</Titre><RessourceWeb URL="http://www.contact.urssaf.fr/categorie.do"/><Source ID="R30607">Urssaf Caisse nationale (ex-Acoss)</Source></OuSAdresser><TitreFlottant><Paragraphe>Déduction forfaitaire de cotisations patronales de Sécurité sociale</Paragraphe></TitreFlottant><Paragraphe>Non, vous ne pouvez pas bénéficier de la <LienExterne URL="https://www.urssaf.fr/portail/home/services-a-la-personne/urssaf-service-cesu/les-emplois-familiaux/exonerations.html">déduction forfaitaire de cotisations</LienExterne>.</Paragraphe><Paragraphe>Elle ne se cumule pas avec les exonérations de cotisations patronales de Sécurité sociale.</Paragraphe></Cas><Cas><Titre>Vous avez une carte d'invalidité à 80 % ou une carte mobilité inclusion invalidité</Titre><TitreFlottant><Paragraphe>Exonérations partielles de cotisations patronales de Sécurité sociale</Paragraphe></TitreFlottant><Paragraphe>Les cotisations suivantes sont dues :</Paragraphe><Liste type="puce"><Item><Paragraphe>Cotisations de retraite complémentaire, de prévoyance et de contribution à l'indemnité de départ en retaite (Ircem)</Paragraphe></Item></Liste><Liste type="puce"><Item><Paragraphe>Cotisations versées à l'association pour la gestion du fonds de financement de <LienInterne LienPublication="R40033" type="Acronyme">Agirc-Arrco</LienInterne> (AGFF)</Paragraphe></Item></Liste><Liste type="puce"><Item><Paragraphe>Cotisations d'assurance chômage et d'accidents du travail</Paragraphe></Item></Liste><Liste type="puce"><Item><Paragraphe>Contribution au <LienInterne LienPublication="R58515" type="Acronyme">Fnal</LienInterne></Paragraphe></Item></Liste><Liste type="puce"><Item><Paragraphe>Contribution de solidarité autonomie (CSA)</Paragraphe></Item></Liste><Liste type="puce"><Item><Paragraphe>Contribution à la formation professionnelle</Paragraphe></Item></Liste><Liste type="puce"><Item><Paragraphe>Contribution au dialogue social</Paragraphe></Item></Liste><Liste type="puce"><Item><Paragraphe>Intégralité des cotisations salariales</Paragraphe></Item></Liste><Paragraphe>Le simulateur ci-dessous vous permet d'estimer le montant de vos exonérations :</Paragraphe><ServiceEnLigne ID="R65832" URL="https://www.cesu.urssaf.fr/decla/index.html?page=page_estimer&amp;LANG=FR" audience="Particuliers" type="Téléservice"><Titre>Cesu - Estimer le coût du salaire et connaitre le montant des éxonérations éventuelles de cotisations</Titre><Source ID="R30863">Urssaf</Source></ServiceEnLigne><TitreFlottant><Paragraphe>Démarche à accomplir</Paragraphe></TitreFlottant><Paragraphe>Si vous utilisez le Cesu pour rémunérer votre salarié, vous devez adresser une demande écrite au Centre national du chèque emploi-service universel (CNCesu).</Paragraphe><Paragraphe>Dans les autres cas, vous devez adresser une demande écrite à l'Urssaf.</Paragraphe><Paragraphe>Vous devez joindre une copie recto-verso de la carte d'invalidité ou de la carte mobilité inclusion invalidité.</Paragraphe><OuSAdresser ID="R14971" sve="non" type="Centre de contact"><Titre>Urssaf service Cesu</Titre><Texte><Paragraphe>Pour s'informer si vous êtes un particulier employeur utilisant le Cesu ou un salarié déclaré avec le dispositif Cesu</Paragraphe><Chapitre><Titre><Paragraphe>Par téléphone</Paragraphe></Titre><Paragraphe>0 806 802 378 - (Service gratuit + Prix d'appel variable selon l’opérateur téléphonique).</Paragraphe><Paragraphe>Du lundi au vendredi de 9h à 17h</Paragraphe><Paragraphe>En Martinique et Guadeloupe : jusqu'à 11h</Paragraphe><Paragraphe>En Guyane : jusqu'à 12h</Paragraphe><Paragraphe>À la Réunion : de 11h à 19h</Paragraphe><Paragraphe>Depuis l'étranger : 00 33 806 802 378 (Service gratuit + Prix d'appel variable selon l'opérateur téléphonique).</Paragraphe></Chapitre><Chapitre><Titre><Paragraphe>Par courriel</Paragraphe></Titre><Paragraphe>Accès au <LienExterne URL="https://www.cesu.urssaf.fr/cesweb/mail.jsp">formulaire de contact</LienExterne></Paragraphe></Chapitre><Chapitre><Titre><Paragraphe>Par courrier</Paragraphe></Titre><Paragraphe>Urssaf service Cesu</Paragraphe><Paragraphe>63, rue de la Montat</Paragraphe><Paragraphe>42 961 Saint-Étienne cedex 9</Paragraphe></Chapitre></Texte></OuSAdresser><OuSAdresser ID="R45" sve="non" type="National"><Titre>Joindre un conseiller Urssaf par mail</Titre><RessourceWeb URL="http://www.contact.urssaf.fr/categorie.do"/><Source ID="R30607">Urssaf Caisse nationale (ex-Acoss)</Source></OuSAdresser><TitreFlottant><Paragraphe>Déduction forfaitaire de cotisations patronales de Sécurité sociale</Paragraphe></TitreFlottant><Paragraphe>Non, vous ne pouvez pas bénéficier de la <LienExterne URL="https://www.urssaf.fr/portail/home/services-a-la-personne/urssaf-service-cesu/les-emplois-familiaux/exonerations.html">déduction forfaitaire de cotisations</LienExterne>.</Paragraphe><Paragraphe>Elle ne se cumule pas avec les exonérations de cotisations patronales de Sécurité sociale.</Paragraphe></Cas><Cas><Titre>Autres cas</Titre><Paragraphe>Vous ne pouvez pas bénéficier d'éxonérations partielles de cotisations patronales de Sécurité sociale.</Paragraphe><Paragraphe>Vous <LienExterne URL="https://www.urssaf.fr/portail/home/services-a-la-personne/urssaf-service-cesu/les-emplois-familiaux/exonerations.html">bénéficiez d'une déduction forfaitaire de cotisations patronales de Sécurité sociale</LienExterne><MiseEnEvidence/> de <Valeur>2 €</Valeur> si vous employez un salarié à votre domicile.</Paragraphe><Paragraphe>Cette déduction s'applique à chaque heure de travail effectuée par le salarié (cela ne concerne pas les heures de congés payés).</Paragraphe><Paragraphe>L'Urssaf calcule automatiquement la déduction forfaitaire dont vous bénéficiez.</Paragraphe></Cas></BlocCas></Texte><VoirAussi important="non"><Dossier ID="N19602" audience="Particuliers"><Titre>Particulier employeur : aide à domicile (services à la personne)</Titre><Theme ID="N19806"><Titre>Travail - Formation</Titre></Theme></Dossier></VoirAussi><QuiPeutMAider ID="R14971" sve="non" type="Centre de contact"><Titre>Urssaf service Cesu</Titre><Texte><Paragraphe>Pour s'informer si vous êtes un particulier employeur utilisant le Cesu ou un salarié déclaré avec le dispositif Cesu</Paragraphe><Chapitre><Titre><Paragraphe>Par téléphone</Paragraphe></Titre><Paragraphe>0 806 802 378 - (Service gratuit + Prix d'appel variable selon l’opérateur téléphonique).</Paragraphe><Paragraphe>Du lundi au vendredi de 9h à 17h</Paragraphe><Paragraphe>En Martinique et Guadeloupe : jusqu'à 11h</Paragraphe><Paragraphe>En Guyane : jusqu'à 12h</Paragraphe><Paragraphe>À la Réunion : de 11h à 19h</Paragraphe><Paragraphe>Depuis l'étranger : 00 33 806 802 378 (Service gratuit + Prix d'appel variable selon l'opérateur téléphonique).</Paragraphe></Chapitre><Chapitre><Titre><Paragraphe>Par courriel</Paragraphe></Titre><Paragraphe>Accès au <LienExterne URL="https://www.cesu.urssaf.fr/cesweb/mail.jsp">formulaire de contact</LienExterne></Paragraphe></Chapitre><Chapitre><Titre><Paragraphe>Par courrier</Paragraphe></Titre><Paragraphe>Urssaf service Cesu</Paragraphe><Paragraphe>63, rue de la Montat</Paragraphe><Paragraphe>42 961 Saint-Étienne cedex 9</Paragraphe></Chapitre></Texte></QuiPeutMAider><Reference type="Texte de référence" URL="https://www.legifrance.gouv.fr/codes/article_lc/LEGIARTI000042674277/" ID="R35334"><Titre>Code de la sécurité sociale : article L241-10</Titre><Complement>Cas d'exonération des cotisations patronales</Complement></Reference><Reference type="Texte de référence" URL="https://www.legifrance.gouv.fr/codes/section_lc/LEGITEXT000006073189/LEGISCTA000006185722?" ID="R35336"><Titre>Code de la sécurité sociale : articles D241-5 à D241-5-6</Titre><Complement>Services à la personne</Complement></Reference><PourEnSavoirPlus type="Information pratique" ID="R2016" URL="https://www.urssaf.fr/portail/home/services-a-la-personne/urssaf-service-cesu/les-emplois-familiaux/exonerations.html" audience="Particuliers"><Titre>Particulier employeur : exonération de cotisations</Titre><Source ID="R30607">Urssaf Caisse nationale (ex-Acoss)</Source></PourEnSavoirPlus><Definition ID="R61307"><Titre>Ménage</Titre><Texte><Paragraphe>Ensemble des personnes qui partagent de manière habituelle un même logement et qui ont un budget en commun</Paragraphe></Texte></Definition><Abreviation ID="R40033" type="Acronyme"><Titre>Agirc-Arrco</Titre><Texte><Paragraphe>Association générale des institutions de retraite des cadres - Association pour le régime de retraite complémentaire des salariés</Paragraphe></Texte></Abreviation><Abreviation ID="R58515" type="Acronyme"><Titre>Fnal</Titre><Texte><Paragraphe>Fonds national d'aide au logement</Paragraphe></Texte></Abreviation><Abreviation ID="R58464" type="Acronyme"><Titre>Apa</Titre><Texte><Paragraphe>Allocation personnalisée d'autonomie</Paragraphe></Texte></Abreviation><QuestionReponse ID="F2912" audience="Particuliers"><Titre>Particulier employeur : à quoi sert le Cesu déclaratif et comment y adhérer ?</Titre></QuestionReponse><QuestionReponse ID="F2107" audience="Particuliers"><Titre>Un particulier employeur peut-il payer son salarié avec un Cesu préfinancé ?</Titre></QuestionReponse><QuestionReponse ID="F1849" audience="Particuliers"><Titre>Un particulier employeur peut-il embaucher un salarié étranger ?</Titre></QuestionReponse></Publication>