<?xml version="1.0" encoding="UTF-8"?><Publication xmlns:dc="http://purl.org/dc/elements/1.1/" xmlns:xsi="http://www.w3.org/2001/XMLSchema-instance" ID="F12598" type="Fiche Question-réponse conditionnée" xsi:noNamespaceSchemaLocation="../Schemas/3.4/Publication.xsd" spUrl="https://www.service-public.fr/particuliers/vosdroits/F12598"><dc:title>Un salarié peut-il démissionner pendant ses congés payés ?</dc:title><dc:creator>Direction de l'information légale et administrative</dc:creator><dc:subject>Travail - Formation</dc:subject><dc:description>Vous pouvez démissionner pendant vos congés payés. Votre préavis débute à la fin de vos congés (sauf accord avec de votre employeur).</dc:description><dc:publisher>Direction de l'information légale et administrative</dc:publisher><dc:contributor>Direction de l'information légale et administrative (Premier ministre)</dc:contributor><dc:date>modified 2022-12-02</dc:date><dc:type>Question-réponse</dc:type><dc:format>text/xml</dc:format><dc:identifier>F12598</dc:identifier><dc:source>https://www.legifrance.gouv.fr/codes/id/LEGIARTI000019071194, https://www.legifrance.gouv.fr/codes/article_lc/LEGIARTI000006901174</dc:source><dc:language>Fr</dc:language><dc:relation>isPartOf N19611</dc:relation><dc:coverage>France entière</dc:coverage><dc:rights>https://www.service-public.fr/a-propos/mentions-legales</dc:rights><SurTitre>Question-réponse</SurTitre><Audience>Particuliers</Audience><Canal>www.service-public.fr</Canal><FilDAriane><Niveau ID="Particuliers">Accueil particuliers</Niveau><Niveau ID="N19806">Travail - Formation</Niveau><Niveau ID="N19611">Rupture du contrat de travail dans le secteur privé</Niveau><Niveau ID="F12598" type="Fiche Question-réponse conditionnée">Un salarié peut-il démissionner pendant ses congés payés ?</Niveau></FilDAriane><Theme ID="N19806"><Titre>Travail - Formation</Titre></Theme><SousThemePere ID="N19967">Quitter son emploi</SousThemePere><DossierPere ID="N19611"><Titre>Rupture du contrat de travail dans le secteur privé</Titre><SousDossier ID="N19611-1"><Titre>Formes de rupture</Titre><Fiche ID="F2883">Démission</Fiche><Fiche ID="F19030">Rupture conventionnelle</Fiche><Fiche ID="F24409">Prise d'acte</Fiche><Fiche ID="F24410">Résiliation judiciaire</Fiche><Fiche ID="F24411">Départ négocié (difficultés économiques)</Fiche><Fiche ID="F24412">Rupture pour cas de force majeure</Fiche><Fiche ID="F37509">Rupture conventionnelle collective</Fiche></SousDossier><SousDossier ID="N19611-2"><Titre>Documents à remettre au salarié</Titre><Fiche ID="F21789">Fin de contrat : documents à remettre au salarié</Fiche><Fiche ID="F87">Certificat de travail</Fiche><Fiche ID="F2867">Attestation employeur destinée à France Travail (anciennement Pôle emploi)</Fiche><Fiche ID="F86">Solde de tout compte</Fiche></SousDossier></DossierPere><Texte><Paragraphe>Oui, si vous êtes salarié dans le secteur privé, vous pouvez démissionner pendant vos congés payés.</Paragraphe><Paragraphe>Vous devez respecter les règles habituelles de la <LienInterne LienPublication="F2883" type="Fiche d'information conditionnée" audience="Particuliers">démission</LienInterne>.</Paragraphe><Paragraphe>Votre contrat de travail prend fin suite à votre <LienInterne LienPublication="F2855" type="Fiche d'information conditionnée" audience="Particuliers">préavis</LienInterne>.</Paragraphe><Paragraphe>Votre préavis commence à la fin de vos congés payés.</Paragraphe><Paragraphe>Si vous souhaitez réduire la durée de votre préavis ou ne pas l'effectuer, vous devez obtenir l'accord de votre employeur. Votre employeur n'est pas obligé d'accepter votre demande.</Paragraphe></Texte><Reference type="Texte de référence" URL="https://www.legifrance.gouv.fr/codes/id/LEGIARTI000019071194" ID="R33873"><Titre>Code du travail : articles L1231-1 à L1231-7</Titre><Complement>Démission</Complement></Reference><Reference type="Texte de référence" URL="https://www.legifrance.gouv.fr/codes/article_lc/LEGIARTI000006901174" ID="R33874"><Titre>Code du travail : article L1237-1</Titre><Complement>Préavis</Complement></Reference></Publication>