<?xml version="1.0" encoding="UTF-8"?><Publication xmlns:dc="http://purl.org/dc/elements/1.1/" xmlns:xsi="http://www.w3.org/2001/XMLSchema-instance" ID="F12734" type="Fiche Question-réponse conditionnée" xsi:noNamespaceSchemaLocation="../Schemas/3.4/Publication.xsd" dateDerniereModificationImportante="2018-01-22T00:00:00" spUrl="https://www.service-public.fr/particuliers/vosdroits/F12734"><dc:title>L'employeur peut-il exiger un justificatif du salarié pour une journée d'absence ?</dc:title><dc:creator>Direction de l'information légale et administrative</dc:creator><dc:subject>Travail - Formation</dc:subject><dc:description>L'employeur est en droit d'exiger un justificatif en cas d'interruption de travail, même pour une seule journée d'absence.</dc:description><dc:publisher>Direction de l'information légale et administrative</dc:publisher><dc:contributor>Direction de l'information légale et administrative (Premier ministre)</dc:contributor><dc:date>modified 2023-08-25</dc:date><dc:type>Question-réponse</dc:type><dc:format>text/xml</dc:format><dc:identifier>F12734</dc:identifier><dc:source>https://www.legifrance.gouv.fr/codes/article_lc/LEGIARTI000042686361, https://www.legifrance.gouv.fr/juri/id/JURITEXT000045545578?page=1&amp;pageSize=10&amp;query=20-22.055&amp;searchField=ALL&amp;searchType=ALL&amp;sortValue=DATE_DESC&amp;tab_selection=juri&amp;typePagination=DEFAULT</dc:source><dc:language>Fr</dc:language><dc:relation>isPartOf N526</dc:relation><dc:coverage>France entière</dc:coverage><dc:rights>https://www.service-public.fr/a-propos/mentions-legales</dc:rights><SurTitre>Question-réponse</SurTitre><Audience>Particuliers</Audience><Canal>www.service-public.fr</Canal><FilDAriane><Niveau ID="Particuliers">Accueil particuliers</Niveau><Niveau ID="N19806">Travail - Formation</Niveau><Niveau ID="N526">Maladie ou accident du travail dans le secteur privé</Niveau><Niveau ID="F12734" type="Fiche Question-réponse conditionnée">L'employeur peut-il exiger un justificatif du salarié pour une journée d'absence ?</Niveau></FilDAriane><Theme ID="N19806"><Titre>Travail - Formation</Titre></Theme><SousThemePere ID="N19965">Santé, sécurité et conditions de travail</SousThemePere><DossierPere ID="N526"><Titre>Maladie ou accident du travail dans le secteur privé</Titre><SousDossier ID="N526-1"><Titre>Arrêt maladie</Titre><Fiche ID="F303">Démarches à effectuer</Fiche><Fiche ID="F3053">Indemnités journalières versées au salarié</Fiche><Fiche ID="F144">Reprise du travail</Fiche><Fiche ID="F726">Inaptitude du salarié</Fiche></SousDossier><SousDossier ID="N526-2"><Titre>Accident du travail</Titre><Fiche ID="F171">Démarches à effectuer</Fiche><Fiche ID="F175">Indemnités journalières pendant l'arrêt de travail</Fiche><Fiche ID="F14840">Indemnisation en cas d'incapacité permanente</Fiche><Fiche ID="F32157">Reprise du travail</Fiche><Fiche ID="F15341">Inaptitude du salarié</Fiche></SousDossier><SousDossier ID="N526-3"><Titre>Maladie professionnelle</Titre><Fiche ID="F176">Démarches à effectuer</Fiche><Fiche ID="F32148">Indemnités journalières pendant l'arrêt de travail</Fiche><Fiche ID="F348">Indemnisation en cas d'incapacité permanente</Fiche><Fiche ID="F32158">Reprise du travail</Fiche><Fiche ID="F32161">Inaptitude du salarié</Fiche></SousDossier></DossierPere><Texte><Paragraphe><MiseEnEvidence>Oui</MiseEnEvidence>, l'employeur est en droit d'exiger du salarié un justificatif (preuve d'un rendez-vous médical par exemple) s'il s'absente du travail, <MiseEnEvidence>même pour une seule journée</MiseEnEvidence>.</Paragraphe><Paragraphe>Toute absence doit être justifiée, quelles qu'en soient la durée et la raison.</Paragraphe><Paragraphe>Si votre absence n'est <MiseEnEvidence>pas justifiée</MiseEnEvidence>, vous vous mettez en <MiseEnEvidence>faute</MiseEnEvidence> vis-à-vis de votre employeur.</Paragraphe><Paragraphe>Cette faute peut entraîner une <LienInterne LienPublication="F2234" type="Fiche d'information conditionnée" audience="Particuliers">sanction disciplinaire</LienInterne> (avertissement, blâme, voire un licenciement en cas d'absences injustifiées répétées).</Paragraphe><Paragraphe>En cas d'absence, vous devez prévenir, par tous moyens (appel téléphonique, mail, sms,...), votre employeur ou la direction des ressources humaines, et ce <MiseEnEvidence>dans les meilleurs délais</MiseEnEvidence>.</Paragraphe><Paragraphe>Quant à votre organisme de Sécurité sociale (<LienInterne LienPublication="R15469" type="Sigle">CPAM</LienInterne>, <LienInterne LienPublication="R24583" type="Sigle">MSA</LienInterne>), il doit être prévenu dans les <MiseEnEvidence>48 heures</MiseEnEvidence> qui suivent votre absence.,</Paragraphe><Paragraphe>L'interruption de travail peut être justifiée par un congé exceptionnel (décès, maladie de votre enfant), validé par votre employeur, ou par une maladie.</Paragraphe><ASavoir><Titre>À savoir</Titre><Paragraphe>Si vous souhaitez prendre un congé payé, vous devez obtenir l'autorisation préalable de votre employeur.</Paragraphe><Paragraphe>En l'absence d'autorisation, vous risquez une sanction (avertissement ou licenciement pour faute).</Paragraphe><Paragraphe>Selon les règles en vigueur dans l'entreprise (exemple : le règlement intérieur), l'autorisation de l'employeur pourra être expresse (c'est-à-dire prévue par écrit) ou tacite (c'est-à-dire sans un accord explicite).</Paragraphe><Paragraphe>S'il n'y a pas de règles dans l'entreprise, les juges considèrent que l'absence d'autorisation vaut accord de l'employeur. Plus précisément, les juges considèrent que le salarié qui, de <MiseEnEvidence>bonne foi</MiseEnEvidence>, part en congé payé sans avoir eu l'accord de l'employeur ne peut pas être sanctionné.</Paragraphe></ASavoir><Paragraphe>L'envoi de ces documents est obligatoire pour toucher, si vous y avez droit, les <LienInterne LienPublication="F3053" type="Fiche d'information conditionnée" audience="Particuliers">indemnités versées par la CPAM ou la MSA</LienInterne> et l'éventuel complément de salaire par votre employeur.</Paragraphe><Paragraphe>En l'absence de justification ou de congé posé, l'employeur peut également retenir le salaire correspondant à la journée non travaillée (congé sans solde).</Paragraphe><Paragraphe>Si vous êtes malade, <LienInterne LienPublication="F303" type="Fiche d'information conditionnée" audience="Particuliers">vous devez adresser votre arrêt maladie</LienInterne> (feuillet 1 et 2) à votre organisme de Sécurité sociale (la <LienInterne LienPublication="R15469" type="Sigle">CPAM</LienInterne>ou la <LienInterne LienPublication="R59075" type="Sigle">MSA</LienInterne>) et le feuillet 3 à votre employeur.</Paragraphe><BlocCas affichage="radio"><Cas><Titre>Vous dépendez de la CPAM</Titre><Introduction><Paragraphe>Votre caisse diffère selon la région dans laquelle vous résidez.</Paragraphe></Introduction><BlocCas affichage="radio"><Cas><Titre>Vous habitez en Ile-de-France (sauf en Seine-et-Marne)</Titre><OuSAdresser ID="R11156" sve="non" type="Local personnalisable"><Titre>Caisse régionale d'assurance maladie d'Île-de-France (Cramif)</Titre><PivotLocal>cramif</PivotLocal><RessourceWeb URL="https://www.cramif.fr/"/></OuSAdresser></Cas><Cas><Titre>Vous habitez ailleurs ou en Seine-et-Marne</Titre><OuSAdresser ID="R40" sve="non" type="Local personnalisé sur SP"><Titre>Caisse primaire d'assurance maladie (CPAM)</Titre><PivotLocal>cpam</PivotLocal><RessourceWeb URL="https://www.ameli.fr/assure/adresses-et-contacts"/><Source ID="R30675">Caisse nationale d'assurance maladie (Cnam)</Source></OuSAdresser></Cas></BlocCas></Cas><Cas><Titre>Vous dépendez de la MSA</Titre><OuSAdresser ID="R39" sve="non" type="Local personnalisé sur SP"><Titre>Mutualité sociale agricole (MSA)</Titre><PivotLocal>msa</PivotLocal><RessourceWeb URL="https://www.msa.fr/lfy/web/msa/contact/coordonnees-msa"/><Source ID="R30660">Caisse centrale de la mutualité sociale agricole (MSA)</Source></OuSAdresser></Cas></BlocCas></Texte><VoirAussi important="non"><Fiche ID="F303" audience="Particuliers"><Titre>Arrêt maladie : démarches à effectuer par le salarié</Titre><Theme ID="N19806"><Titre>Travail - Formation</Titre></Theme></Fiche><Fiche ID="F3053" audience="Particuliers"><Titre>Arrêt maladie : indemnités journalières versées au salarié</Titre><Theme ID="N19806"><Titre>Travail - Formation</Titre></Theme></Fiche></VoirAussi><QuiPeutMAider ID="R40" sve="non" type="Local personnalisé sur SP"><Titre>Caisse primaire d'assurance maladie (CPAM)</Titre><Complement>Si vous dépendez du régime général</Complement><PivotLocal>cpam</PivotLocal><RessourceWeb URL="https://www.ameli.fr/assure/adresses-et-contacts"/><Source ID="R30675">Caisse nationale d'assurance maladie (Cnam)</Source></QuiPeutMAider><QuiPeutMAider ID="R11156" sve="non" type="Local personnalisable"><Titre>Caisse régionale d'assurance maladie d'Île-de-France (Cramif)</Titre><Complement>Si vous dépendez du régime général et que vous habitez en Ile-de-France (sauf en Seine-et-Marne)</Complement><PivotLocal>cramif</PivotLocal><RessourceWeb URL="https://www.cramif.fr/"/></QuiPeutMAider><QuiPeutMAider ID="R39" sve="non" type="Local personnalisé sur SP"><Titre>Mutualité sociale agricole (MSA)</Titre><Complement>Si vous dépendez du régime agricole</Complement><PivotLocal>msa</PivotLocal><RessourceWeb URL="https://www.msa.fr/lfy/web/msa/contact/coordonnees-msa"/><Source ID="R30660">Caisse centrale de la mutualité sociale agricole (MSA)</Source></QuiPeutMAider><Reference type="Texte de référence" URL="https://www.legifrance.gouv.fr/codes/article_lc/LEGIARTI000042686361" ID="R42877"><Titre>Code de la sécurité sociale  : article L321-2</Titre><Complement>Envoi de l'avis d'interruption de travail</Complement></Reference><Reference type="Texte de référence" URL="https://www.legifrance.gouv.fr/juri/id/JURITEXT000045545578?page=1&amp;pageSize=10&amp;query=20-22.055&amp;searchField=ALL&amp;searchType=ALL&amp;sortValue=DATE_DESC&amp;tab_selection=juri&amp;typePagination=DEFAULT" ID="R62357"><Titre>Cour de cassation, civile, Chambre sociale, 6 avril 2022, 20-22.055, Inédit</Titre><Complement>L'absence de refus exprès à la demande de congé du salarié vaut acceptation</Complement></Reference><Abreviation ID="R15469" type="Sigle"><Titre>CPAM</Titre><Texte><Paragraphe>Caisse primaire d'assurance maladie</Paragraphe></Texte></Abreviation><Abreviation ID="R24583" type="Sigle"><Titre>MSA</Titre><Texte><Paragraphe>Mutualité sociale agricole</Paragraphe></Texte></Abreviation><Abreviation ID="R59075" type="Sigle"><Titre>MSA</Titre><Texte><Paragraphe>Mutualité sociale agricole</Paragraphe></Texte></Abreviation><QuestionReponse ID="F2614" audience="Particuliers"><Titre>Arrêt maladie pendant le préavis : quelles conséquences ?</Titre></QuestionReponse><QuestionReponse ID="F21050" audience="Particuliers"><Titre>Quels sont les droits du salarié dont le contrat de travail est suspendu ?</Titre></QuestionReponse></Publication>