<?xml version="1.0" encoding="UTF-8"?><Publication xmlns:dc="http://purl.org/dc/elements/1.1/" xmlns:xsi="http://www.w3.org/2001/XMLSchema-instance" ID="F1270" type="Fiche d'information conditionnée" xsi:noNamespaceSchemaLocation="../Schemas/3.4/Publication.xsd" spUrl="https://www.service-public.fr/particuliers/vosdroits/F1270"><dc:title>Règles en matière d'héritage : défunt ayant eu des enfants</dc:title><dc:creator>Direction de l'information légale et administrative</dc:creator><dc:subject>Famille - Scolarité</dc:subject><dc:description>L'un de vos proches vient de décéder. Vous voulez savoir si vous héritez et calculer votre part d'héritage ? Quand le défunt n'a pas fait de testament, ses biens vont à ses descendants, et à son époux s'il était marié. Quand le défunt a fait un testament, il doit réserver une partie de son patrimoine à ses descendants. Il peut attribuer la part restante librement (au profit d'un héritier ou d'un tiers). Nous vous présentons les informations à connaître.</dc:description><dc:publisher>Direction de l'information légale et administrative</dc:publisher><dc:contributor>Direction de l'information légale et administrative (Premier ministre)</dc:contributor><dc:date>modified 2023-04-06</dc:date><dc:type>Fiche pratique</dc:type><dc:format>text/xml</dc:format><dc:identifier>F1270</dc:identifier><dc:source>https://www.legifrance.gouv.fr/codes/article_lc/LEGIARTI000006430946, https://www.legifrance.gouv.fr/codes/article_lc/LEGIARTI000006430967, https://www.legifrance.gouv.fr/codes/article_lc/LEGIARTI000006431069, https://www.legifrance.gouv.fr/codes/id/LEGISCTA000006165517, https://www.legifrance.gouv.fr/codes/id/LEGISCTA000006150536, https://www.legifrance.gouv.fr/codes/id/LEGISCTA000006199106/</dc:source><dc:language>Fr</dc:language><dc:relation>isPartOf N173</dc:relation><dc:coverage>France entière</dc:coverage><dc:rights>https://www.service-public.fr/a-propos/mentions-legales</dc:rights><SurTitre>Fiche pratique</SurTitre><Audience>Particuliers</Audience><Canal>www.service-public.fr</Canal><FilDAriane><Niveau ID="Particuliers">Accueil particuliers</Niveau><Niveau ID="N19805">Famille - Scolarité</Niveau><Niveau ID="N173">Héritage : ordre et droits des héritiers</Niveau><Niveau ID="F1270" type="Fiche d'information conditionnée">Règles en matière d'héritage : défunt ayant eu des enfants</Niveau></FilDAriane><Theme ID="N19805"><Titre>Famille - Scolarité</Titre></Theme><SousThemePere ID="N20090">Succession</SousThemePere><DossierPere ID="N173"><Titre>Héritage : ordre et droits des héritiers</Titre><Fiche ID="F1270">Défunt ayant eu des enfants</Fiche><Fiche ID="F1632">Défunt sans enfant</Fiche></DossierPere><Introduction><Texte><Paragraphe>L'un de vos proches vient de décéder. Vous voulez savoir si vous héritez et calculer votre part d'héritage ?</Paragraphe><Paragraphe>Quand le défunt n'a pas fait de testament, ses biens vont à ses <LienIntra LienID="R12574" type="Définition de glossaire">descendants</LienIntra>, et à son époux s'il était marié.</Paragraphe><Paragraphe>Quand le défunt a fait un testament, il doit réserver une partie de son patrimoine à ses descendants. Il peut attribuer la part restante librement (au profit d'un héritier ou d'un tiers).</Paragraphe><Paragraphe>Nous vous présentons les informations à connaître.</Paragraphe></Texte></Introduction><ListeSituations affichage="onglet"><Situation><Titre>Pas de testament</Titre><Texte><Chapitre><Titre><Paragraphe>Qui sont les héritiers ?</Paragraphe></Titre><Paragraphe>Les héritiers sont les <MiseEnEvidence><LienIntra LienID="R12574" type="Définition de glossaire">descendants</LienIntra></MiseEnEvidence><LienIntra LienID="R12574" type="Définition de glossaire"/> du défunt.<MiseEnEvidence/></Paragraphe><Paragraphe><MiseEnEvidence>L'époux survivant</MiseEnEvidence> hérite aussi dans tous les cas.</Paragraphe><SousChapitre><Titre><Paragraphe>Enfants</Paragraphe></Titre><Paragraphe><MiseEnEvidence>Tous les enfants</MiseEnEvidence> ont les mêmes droits dans la succession. Le partage est effectué entre eux <MiseEnEvidence>à parts égales</MiseEnEvidence>.</Paragraphe><Exemple><Titre>Exemple</Titre><Paragraphe>Si le défunt a eu 2 enfants pendant son mariage, dont l'un avec une femme autre que son épouse, chaque enfant recevra la moitié des biens de son père, après la part attribuée à l'épouse.</Paragraphe></Exemple><Paragraphe>Si l'enfant a été adopté, ses droits diffèrent selon qu'il a été adopté en <LienInterne LienPublication="F15246" type="Fiche Question-réponse conditionnée" audience="Particuliers">adoption simple ou en adoption plénière</LienInterne>.</Paragraphe><BlocCas affichage="radio"><Cas><Titre>Adoption simple</Titre><Paragraphe>L'adopté hérite des 2 familles, c'est-à-dire de sa famille d'origine et de sa famille adoptive.</Paragraphe><Paragraphe>L'adopté a les mêmes droits dans la succession de ses parents adoptifs que ses frères et sœurs non adoptés.</Paragraphe></Cas><Cas><Titre>Adoption plénière</Titre><Paragraphe>L'enfant adopté a droit à la succession de ses parents adoptifs. Il a les mêmes droits dans la succession que ses frères et sœurs non adoptés.</Paragraphe><Paragraphe>Toutefois, cette adoption lui fait perdre ses droits sur la succession de ses parents biologiques.</Paragraphe></Cas></BlocCas></SousChapitre><SousChapitre><Titre><Paragraphe>Petits-enfants</Paragraphe></Titre><Paragraphe>En principe, un petit-enfant n'hérite pas de ses grands-parents.</Paragraphe><Paragraphe>Toutefois, il hérite <Expression>par représentation</Expression>, c'est-à-dire à la place de ses parents,<LienInterne LienPublication="F2128" type="Fiche Question-réponse conditionnée" audience="Particuliers"/> dans les 3 cas suivants :</Paragraphe><Liste type="puce"><Item><Paragraphe>Son <LienIntra LienID="R34101" type="Définition de glossaire">parent</LienIntra> est décédé</Paragraphe></Item><Item><Paragraphe>Son parent renonce à la succession de son propre parent</Paragraphe></Item><Item><Paragraphe>Son parent est <LienInterne LienPublication="F2527" type="Fiche Question-réponse conditionnée" audience="Particuliers">indigne de succéder</LienInterne></Paragraphe></Item></Liste></SousChapitre><SousChapitre><Titre><Paragraphe>Époux ou partenaire</Paragraphe></Titre><Paragraphe>L'époux du défunt hérite dans tous les cas.</Paragraphe><Paragraphe>Toutefois, sa part sur la succession varie en fonction du régime matrimonial des époux (<LienInterne LienPublication="F835" type="Fiche d'information conditionnée" audience="Particuliers">communauté réduite aux acquêts</LienInterne> ou <LienInterne LienPublication="F948" type="Fiche d'information conditionnée" audience="Particuliers">contrat de mariage</LienInterne>). Sa part varie aussi selon la présence d'enfants communs au couple ou non.</Paragraphe><ANoter><Titre>À noter</Titre><Paragraphe>L'époux bénéficie également d'un <LienInterne LienPublication="F1725" type="Fiche Question-réponse conditionnée" audience="Particuliers">droit particulier sur son logement</LienInterne>.</Paragraphe></ANoter><Paragraphe>Par contre, le partenaire de Pacs ou le concubin du défunt n'ont aucun droit sur sa succession.</Paragraphe><Tableau><Titre>Personne avec qui vivait le défunt : droit à la succession</Titre><Colonne largeur="45" type="normal"/><Colonne largeur="45" type="normal"/><Rangée type="header"><Cellule><Paragraphe>Situation de la personne qui vivait avec le défunt</Paragraphe></Cellule><Cellule><Paragraphe>Droit à la succession du défunt</Paragraphe></Cellule></Rangée><Rangée type="normal"><Cellule><Paragraphe><MiseEnEvidence>Époux</MiseEnEvidence></Paragraphe></Cellule><Cellule><Paragraphe>Oui</Paragraphe></Cellule></Rangée><Rangée type="normal"><Cellule><Paragraphe><MiseEnEvidence>Époux séparé de corps</MiseEnEvidence></Paragraphe></Cellule><Cellule><Paragraphe>Oui, sauf en cas de clause de renonciation des époux à leurs droits successoraux dans leur convention de séparation</Paragraphe></Cellule></Rangée><Rangée type="normal"><Cellule><Paragraphe><MiseEnEvidence>Ex-époux</MiseEnEvidence></Paragraphe></Cellule><Cellule><Paragraphe>Non</Paragraphe></Cellule></Rangée><Rangée type="normal"><Cellule><Paragraphe><MiseEnEvidence>Partenaire de pacs</MiseEnEvidence></Paragraphe></Cellule><Cellule><Paragraphe>Non</Paragraphe></Cellule></Rangée><Rangée type="normal"><Cellule><Paragraphe><MiseEnEvidence>Concubin</MiseEnEvidence></Paragraphe></Cellule><Cellule><Paragraphe>Non</Paragraphe></Cellule></Rangée></Tableau></SousChapitre></Chapitre><Chapitre><Titre><Paragraphe>Quelle part reçoit chacun des héritiers ?</Paragraphe></Titre><Paragraphe>Les parts d'héritage sont attribuées différemment selon que le défunt était marié ou non.</Paragraphe><BlocCas affichage="radio"><Cas><Titre>Le défunt était marié</Titre><Introduction><Paragraphe>Les parts d'héritage sont attribuées différemment selon que le défunt laisse uniquement des enfants issus du couple ou non.</Paragraphe></Introduction><BlocCas affichage="radio"><Cas><Titre>Le défunt ne laisse que des enfants issus du couple</Titre><Paragraphe>Si le défunt ne laisse que des enfants issus du couple, l'époux survivant a le choix entre les 2 options suivantes :</Paragraphe><Liste type="puce"><Item><Paragraphe><LienInterne LienPublication="F934" type="Fiche Question-réponse conditionnée" audience="Particuliers">Usufruit</LienInterne> de la <MiseEnEvidence>totalité</MiseEnEvidence> de la succession</Paragraphe></Item><Item><Paragraphe><LienIntra LienID="R56655" type="Définition de glossaire">Pleine propriété</LienIntra> du <MiseEnEvidence>1/4</MiseEnEvidence> de la succession</Paragraphe></Item></Liste><Paragraphe>Si l'époux choisit l'usufruit de la totalité de la succession, les enfants héritent de la <LienIntra LienID="R59216" type="Définition de glossaire">nue-propriété</LienIntra> de toute la succession.</Paragraphe><Paragraphe>Si l'époux choisit la pleine propriété du <MiseEnEvidence>1/4</MiseEnEvidence> de la succession, les enfants héritent de la pleine propriété des <MiseEnEvidence>3/4</MiseEnEvidence> de la succession.</Paragraphe><Paragraphe>Tout héritier peut demander, par écrit, à l'époux survivant de choisir une des 2 options. Si l'époux survivant ne fait pas connaître son choix par écrit dans les <MiseEnEvidence>3 mois</MiseEnEvidence>, l'usufruit de la totalité de la succession lui est attribué.</Paragraphe><Paragraphe>Si l'époux survivant décède sans avoir fait son choix, il est réputé avoir opté pour l'usufruit de la totalité de la succession.</Paragraphe><Attention><Titre>Attention</Titre><Paragraphe>La part d'héritage de l'époux peut être différente si le défunt lui a fait une <LienInterne LienPublication="F2767" type="Fiche Question-réponse conditionnée" audience="Particuliers">donation au dernier vivant</LienInterne>.</Paragraphe></Attention></Cas><Cas><Titre>Le défunt laisse des enfants non communs au couple</Titre><Paragraphe>Si le défunt laisse des enfants qui ne sont pas communs au couple, l'époux survivant hérite du <MiseEnEvidence>1/4</MiseEnEvidence> de la succession en <LienIntra LienID="R56655" type="Définition de glossaire">pleine propriété</LienIntra>.</Paragraphe><Paragraphe>Dans ce cas, les enfants héritent des <MiseEnEvidence>3/4</MiseEnEvidence> de la succession en pleine propriété.</Paragraphe><Attention><Titre>Attention</Titre><Paragraphe>La part d'héritage de l'époux peut être différente si le défunt lui a fait une <LienInterne LienPublication="F2767" type="Fiche Question-réponse conditionnée" audience="Particuliers">donation au dernier vivant</LienInterne>.</Paragraphe></Attention></Cas></BlocCas></Cas><Cas><Titre>Défunt non marié</Titre><Paragraphe>Ses biens vont à ses enfants.</Paragraphe><Paragraphe>Ses enfants reçoivent la totalité de ses biens <MiseEnEvidence>à parts égales</MiseEnEvidence>.</Paragraphe><Rappel><Titre>Rappel</Titre><Paragraphe>Si le défunt vivait en couple, son partenaire de Pacs ou son concubin n'ont aucun droit sur sa succession.</Paragraphe></Rappel></Cas></BlocCas></Chapitre></Texte></Situation><Situation><Titre>Testament</Titre><Texte><Chapitre><Titre><Paragraphe>Qui sont les héritiers ?</Paragraphe></Titre><SousChapitre><Titre><Paragraphe>Héritiers réservataires</Paragraphe></Titre><Paragraphe>Certains héritiers ne peuvent pas être exclus de la succession. Il s'agit des <LienIntra LienID="R12674" type="Définition de glossaire">héritiers réservataires</LienIntra>. Il reçoivent obligatoirement une part de l'héritage du défunt : c'est la <LienIntra LienID="R31592" type="Définition de glossaire">réserve héréditaire</LienIntra>.</Paragraphe><Paragraphe>Ce sont les enfants du défunt (y compris les enfants adoptés) et leurs descendants qui sont héritiers réservataires.</Paragraphe><ASavoir><Titre>À savoir</Titre><Paragraphe>l'enfant adopté en <LienInterne LienPublication="F15246" type="Fiche Question-réponse conditionnée" audience="Particuliers">adoption simple</LienInterne> n'est pas héritier réservataire des <LienIntra LienID="R12668" type="Définition de glossaire">ascendants</LienIntra> de ses parents adoptifs. Ses grands-parents et ses arrières grands-parents adoptifs peuvent donc le déshériter dans leur testament.</Paragraphe></ASavoir></SousChapitre><SousChapitre><Titre><Paragraphe>Quotité disponible</Paragraphe></Titre><Paragraphe>La réserve héréditaire ne représente jamais la totalité de l'héritage du défunt.</Paragraphe><Paragraphe>La part du patrimoine restant s'appelle la <LienIntra LienID="R16243" type="Définition de glossaire">quotité disponible</LienIntra>. Elle peut être distribuée librement (au profit d'un héritier ou d'un tiers) par le défunt dans son testament.</Paragraphe></SousChapitre></Chapitre><Chapitre><Titre><Paragraphe>Quelle part reçoit chacun des héritiers ?</Paragraphe></Titre><Paragraphe>La part d'héritage réservée aux enfants est la suivante :</Paragraphe><Liste type="puce"><Item><Paragraphe>La <MiseEnEvidence>moitié</MiseEnEvidence> des biens pour 1 enfant</Paragraphe></Item><Item><Paragraphe>Les <MiseEnEvidence>2/3</MiseEnEvidence> des biens pour 2 enfants</Paragraphe></Item><Item><Paragraphe>Les <MiseEnEvidence>3/4</MiseEnEvidence> des biens pour 3 enfants et plus</Paragraphe></Item></Liste><Paragraphe>La <LienIntra LienID="R16243" type="Définition de glossaire">quotité disponible</LienIntra>, c'est-à-dire la part du patrimoine restant, peut être attribuée librement par le défunt dans son testament.</Paragraphe><Exemple><Titre>Exemple</Titre><Paragraphe>Le défunt a un patrimoine de <Valeur>200 000 €</Valeur> et 3 enfants. Ses enfants se partageront les 3/4 de ce patrimoine soit <Valeur>150 000 €</Valeur> à parts égales. Chaque enfant recevra donc <Valeur>50 000 €</Valeur>. Le défunt peut attribuer le 1/4 restant soit <Valeur>50 000 €</Valeur> aux personnes de son choix (héritiers ou tiers).</Paragraphe></Exemple><ASavoir><Titre>À savoir</Titre><Paragraphe>les parents ont un <LienInterne LienPublication="F16276" type="Fiche Question-réponse conditionnée" audience="Particuliers">droit de retour</LienInterne>, c'est-à-dire le droit de reprendre les biens qu'ils avaient donnés à leurs enfants avant leur décès. La valeur de ces biens vient s'imputer sur les droits successoraux des père et mère.</Paragraphe></ASavoir><Paragraphe>L'héritier qui n'a pas reçu un lot égal à sa part de réserve peut exercer une <LienIntra LienID="R188" type="Définition de glossaire">action en réduction</LienIntra>.</Paragraphe></Chapitre></Texte></Situation></ListeSituations><VoirAussi important="non"><Dossier ID="N171" audience="Particuliers"><Titre>Règlement d'une succession</Titre><Theme ID="N19805"><Titre>Famille - Scolarité</Titre></Theme></Dossier><Dossier ID="N31162" audience="Particuliers"><Titre>Préparer sa succession : donation</Titre><Theme ID="N19805"><Titre>Famille - Scolarité</Titre></Theme></Dossier><Dossier ID="N16265" audience="Particuliers"><Titre>Testament</Titre><Theme ID="N19805"><Titre>Famille - Scolarité</Titre></Theme></Dossier></VoirAussi><QuiPeutMAider ID="R18478" sve="non" type="Local personnalisable"><Titre>Notaire</Titre><PivotLocal>notaire</PivotLocal><RessourceWeb URL="https://www.notaires.fr/fr/directory"/><Source ID="R64485">Conseil supérieur du notariat</Source></QuiPeutMAider><Reference type="Texte de référence" URL="https://www.legifrance.gouv.fr/codes/article_lc/LEGIARTI000006430946" ID="R490"><Titre>Code civil : article 733</Titre><Complement>Droits des parents en l'absence d'époux (se) successible</Complement></Reference><Reference type="Texte de référence" URL="https://www.legifrance.gouv.fr/codes/article_lc/LEGIARTI000006430967" ID="R491"><Titre>Code civil : articles 734 à 740</Titre><Complement>Ordre des héritiers</Complement></Reference><Reference type="Texte de référence" URL="https://www.legifrance.gouv.fr/codes/article_lc/LEGIARTI000006431069" ID="R514"><Titre>Code civil : articles 751 à 755</Titre><Complement>Représentation</Complement></Reference><Reference type="Texte de référence" URL="https://www.legifrance.gouv.fr/codes/id/LEGISCTA000006165517" ID="R506"><Titre>Code civil : articles 756 à 758-6</Titre><Complement>Droits de l'époux successible (article 757)</Complement></Reference><Reference type="Texte de référence" URL="https://www.legifrance.gouv.fr/codes/id/LEGISCTA000006150536" ID="R34121"><Titre>Code civil : articles 804 à 808</Titre><Complement>Renonciation à la succession (article 805)</Complement></Reference><Reference type="Texte de référence" URL="https://www.legifrance.gouv.fr/codes/id/LEGISCTA000006199106/" ID="R35056"><Titre>Code général des impôts : articles 779 à 787 C</Titre></Reference><PourEnSavoirPlus type="Information pratique" ID="R47295" URL="https://notaires.fr/" audience="Particuliers"><Titre>Portail des services en ligne des notaires de France</Titre><Source ID="R30632">Notaires de France</Source></PourEnSavoirPlus><Definition ID="R12574"><Titre>Descendant</Titre><Texte><Paragraphe>Enfant, petit-enfant, arrière petit-enfant</Paragraphe></Texte></Definition><Definition ID="R34101"><Titre>Parent</Titre><Texte><Paragraphe>C'est celui qui est indiqué comme tel dans l'acte de naissance de l'enfant, quelque soit son sexe</Paragraphe></Texte></Definition><Definition ID="R56655"><Titre>Pleine propriété</Titre><Texte><Paragraphe>Composée de l'usufruit et de la nue-propriété. Permet de disposer, d'utiliser et de percevoir des revenus d'un bien.</Paragraphe></Texte></Definition><Definition ID="R59216"><Titre>Nue-propriété</Titre><Texte><Paragraphe>Droit de propriété qui permet de disposer d'un bien (par exemple : le vendre ou le donner)</Paragraphe></Texte></Definition><Definition ID="R12674"><Titre>Héritier réservataire</Titre><Texte><Paragraphe>Enfant, ou en l'absence d'enfant, l'époux, à qui la loi attribue une part d'héritage minimale</Paragraphe></Texte><Reference type="Texte de référence" URL="https://www.legifrance.gouv.fr/codes/id/LEGISCTA000006150544/" ID="R31562"><Titre>Code civil : articles 912 à 917</Titre></Reference></Definition><Definition ID="R31592"><Titre>Réserve héréditaire</Titre><Texte><Paragraphe>Fraction du patrimoine du défunt qui doit obligatoirement revenir aux héritiers réservataires (descendants) ou conjoint survivant si le défunt ne laisse pas de descendants</Paragraphe></Texte><Reference type="Texte de référence" URL="https://www.legifrance.gouv.fr/codes/id/LEGISCTA000006150544/" ID="R31562"><Titre>Code civil : articles 912 à 917</Titre></Reference></Definition><Definition ID="R12668"><Titre>Ascendant</Titre><Texte><Paragraphe>Personne dont on est issu : parent, grand-parent, arrière-grand-parent,...</Paragraphe></Texte></Definition><Definition ID="R16243"><Titre>Quotité disponible</Titre><Texte><Paragraphe>Part des biens d'une personne qu'elle peut donner librement par donation ou testament</Paragraphe></Texte><Reference type="Texte de référence" URL="https://www.legifrance.gouv.fr/codes/id/LEGISCTA000006150544/" ID="R31562"><Titre>Code civil : articles 912 à 917</Titre></Reference></Definition><Definition ID="R188"><Titre>Action en réduction</Titre><Texte><Paragraphe>Recours permettant à un héritier réservataire de remettre en cause les donations et legs effectués par le défunt dès lors qu'ils le privent de la part d'héritage lui revenant de par la loi</Paragraphe></Texte><Reference type="Texte de référence" URL="https://www.legifrance.gouv.fr/codes/id/LEGISCTA000006165578" ID="R40962"><Titre>Code civil : articles 921 à 928</Titre></Reference></Definition><QuestionReponse ID="F33076" audience="Particuliers"><Titre>Usufruit, nue-propriété, pleine propriété : quelles différences ?</Titre></QuestionReponse><QuestionReponse ID="F2529" audience="Particuliers"><Titre>Quelles sont les règles pour hériter ?</Titre></QuestionReponse><QuestionReponse ID="F2128" audience="Particuliers"><Titre>Héritage : qu'est-ce que la règle de la représentation ?</Titre></QuestionReponse><QuestionReponse ID="F16276" audience="Particuliers"><Titre>Succession : en quoi consiste le droit de retour légal des parents ?</Titre></QuestionReponse><QuestionReponse ID="F934" audience="Particuliers"><Titre>En quoi consiste l'usufruit ?</Titre></QuestionReponse><QuestionReponse ID="F322" audience="Particuliers"><Titre>L'époux survivant peut-il réclamer une pension alimentaire aux héritiers ?</Titre></QuestionReponse><QuestionReponse ID="F2132" audience="Particuliers"><Titre>L'usufruit du conjoint survivant peut-il être transformé en rente ou en capital ?</Titre></QuestionReponse><QuestionReponse ID="F16251" audience="Particuliers"><Titre>Peut-on renoncer par avance à une partie de son héritage ?</Titre></QuestionReponse></Publication>