<?xml version="1.0" encoding="UTF-8"?><Publication xmlns:dc="http://purl.org/dc/elements/1.1/" xmlns:xsi="http://www.w3.org/2001/XMLSchema-instance" ID="F13218" type="Fiche Question-réponse conditionnée" xsi:noNamespaceSchemaLocation="../Schemas/3.4/Publication.xsd" spUrl="https://www.service-public.fr/particuliers/vosdroits/F13218"><dc:title>Que comprend la prestation d'accueil du jeune enfant (Paje) ?</dc:title><dc:creator>Direction de l'information légale et administrative</dc:creator><dc:subject>Famille - Scolarité</dc:subject><dc:description>La prestation d'accueil du jeune enfant (Paje) comprend plusieurs aides destinées aux parents, de la naissance au 6e anniversaire de l'enfant.</dc:description><dc:publisher>Direction de l'information légale et administrative</dc:publisher><dc:contributor>Direction de l'information légale et administrative (Premier ministre)</dc:contributor><dc:date>modified 2023-05-30</dc:date><dc:type>Question-réponse</dc:type><dc:format>text/xml</dc:format><dc:identifier>F13218</dc:identifier><dc:language>Fr</dc:language><dc:relation>isPartOf N156</dc:relation><dc:coverage>France entière</dc:coverage><dc:rights>https://www.service-public.fr/a-propos/mentions-legales</dc:rights><SurTitre>Question-réponse</SurTitre><Audience>Particuliers</Audience><Canal>www.service-public.fr</Canal><FilDAriane><Niveau ID="Particuliers">Accueil particuliers</Niveau><Niveau ID="N19805">Famille - Scolarité</Niveau><Niveau ID="N156">Allocations destinées aux familles</Niveau><Niveau ID="F13218" type="Fiche Question-réponse conditionnée">Que comprend la prestation d'accueil du jeune enfant (Paje) ?</Niveau></FilDAriane><Theme ID="N19805"><Titre>Famille - Scolarité</Titre></Theme><SousThemePere ID="N127">Enfant</SousThemePere><DossierPere ID="N156"><Titre>Allocations destinées aux familles</Titre><SousDossier ID="N156-1"><Titre>Allocations versées à partir du 1er enfant</Titre><Fiche ID="F2550">Prime à la naissance</Fiche><Fiche ID="F2552">Allocation de base (après la naissance)</Fiche><Fiche ID="F13220">Prime à l'adoption</Fiche><Fiche ID="F31430">Allocation de base (enfant adopté)</Fiche><Fiche ID="F35558">Allocation versée en cas de décès d'un enfant</Fiche></SousDossier><SousDossier ID="N156-2"><Titre>Allocations versées à partir du 2e enfant</Titre><Fiche ID="F13213">À partir de 2 enfants : allocations familiales</Fiche><Fiche ID="F13214">À partir de 3 enfants : complément familial</Fiche><Fiche ID="F2008">À partir de 3 enfants : prime de déménagement</Fiche></SousDossier><SousDossier ID="N156-3"><Titre>Enfant gardé par un tiers</Titre><Fiche ID="F345">Complément de libre choix du mode de garde (CMG) - Assistante maternelle</Fiche><Fiche ID="F31101">Complément de libre choix du mode de garde (CMG) - Garde à domicile</Fiche><Fiche ID="F33648">Complément de libre choix du mode de garde (CMG) - Micro-crèche</Fiche></SousDossier><SousDossier ID="N156-4"><Titre>Enfant gardé par un parent</Titre><Fiche ID="F32485">Prestation partagée d'éducation de l'enfant (PreParE)</Fiche><Fiche ID="F15132">Allocation journalière de présence parentale (AJPP)</Fiche></SousDossier><SousDossier ID="N156-5"><Titre>Allocation de soutien familial (ASF)</Titre><Fiche ID="F815">Parents séparés</Fiche><Fiche ID="F33645">Enfant non reconnu</Fiche><Fiche ID="F33646">Enfant orphelin</Fiche><Fiche ID="F33647">Enfant recueilli</Fiche></SousDossier></DossierPere><ListeSituations affichage="onglet"><Situation><Titre>Cas général</Titre><Texte><Paragraphe>La prestation d'accueil du jeune enfant (Paje) comprend plusieurs aides destinées aux parents en métropole et dans les <LienIntra LienID="R41207" type="Définition de glossaire">Dom</LienIntra>.</Paragraphe><Paragraphe>Elles peuvent être versées à l'occasion de la naissance (ou de l'adoption) de l'enfant.</Paragraphe><Paragraphe>Pour le complément de libre choix du mode de garde (CMG), ce versement peut avoir lieu jusqu'à ce que l'enfant ait 6 ans.</Paragraphe><Paragraphe>Elles permettent de faire face aux dépenses ou de compenser une perte de revenus professionnels :</Paragraphe><Liste type="puce"><Item><Paragraphe>La <LienInterne LienPublication="F2550" type="Fiche d'information conditionnée" audience="Particuliers">prime à la naissance</LienInterne> ou <LienInterne LienPublication="F13220" type="Fiche d'information conditionnée" audience="Particuliers">à l'adoption</LienInterne> permet de faire face aux premières dépenses liées à la naissance ou à l'adoption d'un enfant et à son entretien.</Paragraphe></Item><Item><Paragraphe>L'allocation de base en cas de <LienInterne LienPublication="F2552" type="Fiche d'information conditionnée" audience="Particuliers">naissance</LienInterne> ou en cas <LienInterne LienPublication="F31430" type="Fiche d'information conditionnée" audience="Particuliers">d'adoption</LienInterne> permet de faire face aux dépenses liées à la naissance ou à l'adoption d'un enfant, à son entretien et à son éducation.</Paragraphe></Item><Item><Paragraphe>La <LienInterne LienPublication="F32485" type="Fiche d'information conditionnée" audience="Particuliers">prestation partagée d'éducation de l'enfant (PréParE)</LienInterne> permet à l'un ou aux 2 parents de réduire ou de cesser leur activité professionnelle pour s'occuper de leur enfant.</Paragraphe></Item><Item><Paragraphe>Le complément de libre choix du mode de garde (CMG) permet aux parents qui continuent à travailler de compenser le coût de la garde d'un enfant en cas <LienInterne LienPublication="F345" type="Fiche d'information conditionnée" audience="Particuliers">d'emploi d'une assistante maternelle</LienInterne> ou d'une <LienInterne LienPublication="F31101" type="Fiche d'information conditionnée" audience="Particuliers">garde à domicile</LienInterne> ou en <LienInterne LienPublication="F33648" type="Fiche d'information conditionnée" audience="Particuliers">micro-crèche</LienInterne>.</Paragraphe></Item></Liste><ASavoir><Titre>À savoir</Titre><Paragraphe>Les sommes touchées à ce titre n’ont pas à être intégrées aux revenus d’activité, ni aux autres revenus imposables.</Paragraphe><Paragraphe>Vous n'avez donc pas à les renseigner dans la déclaration annuelle de revenus.</Paragraphe></ASavoir></Texte></Situation><Situation><Titre>À Mayotte</Titre><Texte><Paragraphe>La prestation Paje n'est pas versée à Mayotte.</Paragraphe><Paragraphe>Seul le complément de libre choix du mode de garde (CMG) est versé jusqu’aux 6 ans de l’enfant uniquement si la garde se fait :</Paragraphe><Liste type="puce"><Item><Paragraphe>Par une association</Paragraphe></Item><Item><Paragraphe>Par une entreprise de garde à domicile</Paragraphe></Item><Item><Paragraphe>Par une crêche familiale</Paragraphe></Item><Item><Paragraphe>Par une micro-crèche.</Paragraphe></Item></Liste></Texte></Situation></ListeSituations><QuiPeutMAider ID="R38" sve="non" type="Local personnalisé sur SP"><Titre>Caisse d'allocations familiales (Caf)</Titre><Complement>Si vous dépendez du régime général</Complement><PivotLocal>caf</PivotLocal><RessourceWeb URL="http://www.caf.fr/allocataires/ma-caf-recherche/"/><Source ID="R30610">Caisse nationale des allocations familiales (Cnaf)</Source></QuiPeutMAider><QuiPeutMAider ID="R39" sve="non" type="Local personnalisé sur SP"><Titre>Mutualité sociale agricole (MSA)</Titre><Complement>Si vous dépendez du régime agricole</Complement><PivotLocal>msa</PivotLocal><RessourceWeb URL="https://www.msa.fr/lfy/web/msa/contact/coordonnees-msa"/><Source ID="R30660">Caisse centrale de la mutualité sociale agricole (MSA)</Source></QuiPeutMAider><ServiceEnLigne ID="R1165" URL="https://wwwd.caf.fr" audience="Particuliers" type="Téléservice"><Titre>Caisse d'allocations familiales (Caf) en ligne</Titre><Source ID="R30610">Caisse nationale des allocations familiales (Cnaf)</Source></ServiceEnLigne><ServiceEnLigne ID="R18438" URL="https://monespaceprive.msa.fr/lfp/web/msa/espace-prive" audience="Particuliers" type="Téléservice"><Titre>MSA - Espace particuliers</Titre><Source ID="R30660">Caisse centrale de la mutualité sociale agricole (MSA)</Source></ServiceEnLigne><Definition ID="R41207"><Titre>Départements et régions d'outre-mer (Drom)</Titre><Texte><Paragraphe>Guadeloupe - Guyane - Martinique - Mayotte - La Réunion</Paragraphe></Texte></Definition></Publication>