<?xml version="1.0" encoding="UTF-8"?><Publication xmlns:dc="http://purl.org/dc/elements/1.1/" xmlns:xsi="http://www.w3.org/2001/XMLSchema-instance" ID="F13782" type="Fiche d'information conditionnée" xsi:noNamespaceSchemaLocation="../Schemas/3.4/Publication.xsd" spUrl="https://www.service-public.fr/particuliers/vosdroits/F13782"><dc:title>Licenciement économique : entretien préalable</dc:title><dc:creator>Direction de l'information légale et administrative</dc:creator><dc:subject>Travail - Formation</dc:subject><dc:description>Le licenciement économique peut être précédé d'un entretien préalable au licenciement.</dc:description><dc:publisher>Direction de l'information légale et administrative</dc:publisher><dc:contributor>Direction de l'information légale et administrative (Premier ministre)</dc:contributor><dc:date>modified 2023-03-17</dc:date><dc:type>Fiche pratique</dc:type><dc:format>text/xml</dc:format><dc:identifier>F13782</dc:identifier><dc:source>https://www.legifrance.gouv.fr/codes/id/LEGISCTA000006198530, https://www.legifrance.gouv.fr/codes/id/LEGISCTA000006198538, https://www.legifrance.gouv.fr/codes/article_lc/LEGIARTI000031013988, https://www.legifrance.gouv.fr/codes/article_lc/LEGIARTI000036483206</dc:source><dc:language>Fr</dc:language><dc:relation>isPartOf N481</dc:relation><dc:coverage>France entière</dc:coverage><dc:rights>https://www.service-public.fr/a-propos/mentions-legales</dc:rights><SurTitre>Fiche pratique</SurTitre><Audience>Particuliers</Audience><Canal>www.service-public.fr</Canal><FilDAriane><Niveau ID="Particuliers">Accueil particuliers</Niveau><Niveau ID="N19806">Travail - Formation</Niveau><Niveau ID="N481">Licenciement économique</Niveau><Niveau ID="F13782" type="Fiche d'information conditionnée">Licenciement économique : entretien préalable</Niveau></FilDAriane><Theme ID="N19806"><Titre>Travail - Formation</Titre></Theme><SousThemePere ID="N19967">Quitter son emploi</SousThemePere><DossierPere ID="N481"><Titre>Licenciement économique</Titre><SousDossier ID="N481-1"><Titre>Procédure de licenciement</Titre><Fiche ID="F13482">Information et consultation obligatoires</Fiche><Fiche ID="F15784">Adaptation et reclassement</Fiche><Fiche ID="F13782">Entretien préalable</Fiche><Fiche ID="F19645">Lettre de licenciement</Fiche><Fiche ID="F31898">Préavis de licenciement et fin du contrat</Fiche><Fiche ID="F1647">Priorité de réembauche</Fiche><Fiche ID="F31618">Licenciement nul, injustifié ou irrégulier</Fiche></SousDossier><SousDossier ID="N481-2"><Titre>Mesures d'accompagnement</Titre><Fiche ID="F2811">Plan de sauvegarde de l'emploi (PSE)</Fiche><Fiche ID="F13819">Contrat de sécurisation professionnelle (CSP)</Fiche><Fiche ID="F31602">Accord de performance collective</Fiche></SousDossier><SousDossier ID="N481-3"><Titre>Allocations</Titre><Fiche ID="F31688">Allocation de sécurisation professionnelle (ASP)</Fiche></SousDossier><SousDossier ID="N481-4"><Titre>Congés spécifiques</Titre><Fiche ID="F2906">Congé de reclassement</Fiche><Fiche ID="F16676">Congé de mobilité</Fiche><Fiche ID="F884">Congé de conversion</Fiche></SousDossier></DossierPere><SousDossierPere>Procédure de licenciement</SousDossierPere><Introduction><Texte><Paragraphe>Lorsque l'employeur envisage de licencier un salarié pour un motif économique, il doit, en principe, convoquer le salarié à un entretien préalable.</Paragraphe><Paragraphe>L'entretien préalable à un licenciement économique est-il obligatoire ? Existe-il un délai entre la convocation et l'entretien préalable ? Le salarié et l'employeur peuvent-il se faire assister lors de cet entretien ? Le salarié a-t-il l'obligation d'assister à cet entretien ?</Paragraphe><Paragraphe>Nous faisons le point sur la réglementation.</Paragraphe></Texte></Introduction><Texte><Chapitre><Titre><Paragraphe>Est-ce qu'un entretien préalable est obligatoire lors d'un licenciement économique ?</Paragraphe></Titre><Paragraphe>Les obligations de l'employeur <MiseEnEvidence>varient</MiseEnEvidence> en fonction du <MiseEnEvidence>nombre de salariés licenciés</MiseEnEvidence> sur une <MiseEnEvidence>même période de 30 jours</MiseEnEvidence>.</Paragraphe><BlocCas affichage="radio"><Cas><Titre>Moins de 10 salariés licenciés</Titre><Paragraphe>Oui, l'employeur doit convoquer le salarié à un entretien préalable.</Paragraphe></Cas><Cas><Titre>Au moins 10 salariés licenciés</Titre><Introduction><Paragraphe>La procédure<MiseEnEvidence> varie </MiseEnEvidence>en fonction de l'existence ou non d'un <MiseEnEvidence>comité social et économique (CSE)</MiseEnEvidence> dans l'entreprise.</Paragraphe></Introduction><BlocCas affichage="radio"><Cas><Titre>Entreprise avec un CSE</Titre><Paragraphe>Non, l'employeur n'a pas à convoquer les salariés à un entretien préalable.</Paragraphe></Cas><Cas><Titre>Entreprise sans CSE</Titre><Paragraphe>Oui, l'employeur doit convoquer le salarié à un entretien préalable.</Paragraphe></Cas></BlocCas></Cas></BlocCas></Chapitre><Chapitre><Titre><Paragraphe>Comment convoquer le salarié à un entretien préalable pour un éventuel licenciement économique ?</Paragraphe></Titre><Paragraphe>La convocation est effectuée par lettre recommandée ou par lettre remise en main propre contre <LienIntra LienID="R52211" type="Définition de glossaire">décharge</LienIntra>.</Paragraphe></Chapitre><Chapitre><Titre><Paragraphe>L'employeur doit-il respecter un délai entre l'envoi de la convocation et l'entretien préalable ?</Paragraphe></Titre><Paragraphe>Un délai minimum de <MiseEnEvidence>5 <LienIntra LienID="R17508" type="Définition de glossaire">jours ouvrables</LienIntra></MiseEnEvidence> doit être respecté entre la présentation ou la remise en main propre contre <LienIntra LienID="R52211" type="Définition de glossaire">décharge</LienIntra> de la lettre de convocation et la date de l'entretien.</Paragraphe><Paragraphe>La 1<Exposant>re</Exposant> présentation ou le jour de la remise en main propre de la lettre au salarié et le jour de l'entretien ne comptent pas dans le délai des 5 jours ouvrables.</Paragraphe><Paragraphe>Si le délai expire un samedi, un dimanche, un jour férié ou <LienIntra LienID="R33413" type="Définition de glossaire">chômé</LienIntra>, il est prolongé jusqu'au jour ouvrable suivant.</Paragraphe><Exemple><Titre>Exemple</Titre><Paragraphe>Un salarié travaille du lundi au vendredi et a son repos hebdomadaire le dimanche. Il n'y a pas de jour férié dans la semaine.</Paragraphe><Paragraphe>Si la 1<Exposant>re</Exposant> présentation de la lettre a lieu le <MiseEnEvidence>mardi</MiseEnEvidence>, l'entretien peut avoir lieu au plus tôt le <MiseEnEvidence>mardi de la semaine suivante</MiseEnEvidence>. Le samedi étant un jour ouvrable, il compte dans le délai de 5 jours.</Paragraphe><Paragraphe>Si la 1<Exposant>re</Exposant> présentation de la lettre a lieu le <MiseEnEvidence>lundi</MiseEnEvidence>, l'entretien peut avoir lieu au plus tôt le <MiseEnEvidence>mardi de la semaine suivante</MiseEnEvidence>. Le délai expirant un samedi, il est prolongé jusqu'au jour ouvrable suivant.</Paragraphe></Exemple></Chapitre><Chapitre><Titre><Paragraphe>Quelles sont les mentions obligatoires dans la lettre de convocation à l’entretien préalable ?</Paragraphe></Titre><Paragraphe><LienInterne LienPublication="F2857" type="Fiche Question-réponse conditionnée" audience="Particuliers"/></Paragraphe><Paragraphe>Les mentions obligatoires de la lettre varient en fonction de la présence ou non de représentant du personnel dans l'entreprise.</Paragraphe><BlocCas affichage="onglet"><Cas><Titre>Entreprise sans représentant du personnel</Titre><Paragraphe>La lettre de convocation doit indiquer les éléments suivants :</Paragraphe><Liste type="puce"><Item><Paragraphe>Objet de l'entretien entre le salarié et l'employeur (ou toute personne appartenant à l'entreprise avec délégation de pouvoir)</Paragraphe></Item><Item><Paragraphe>Date, heure et lieu de l'entretien (lieu de travail ou siège de l'entreprise)</Paragraphe></Item><Item><Paragraphe>Possibilité pour le salarié de bénéficier d’une assistance durant l'entretien soit par un autre salarié appartenant à l'entreprise soit par un conseiller extérieur appelé <LienInterne LienPublication="F2857" type="Fiche Question-réponse conditionnée" audience="Particuliers">conseiller du salarié</LienInterne>.<LienExterne URL="https://travail-emploi.gouv.fr/droit-du-travail/la-rupture-du-contrat-de-travail/article/le-conseiller-du-salarie">Le conseiller du salarié</LienExterne></Paragraphe><Paragraphe>La lettre précise les coordonnées de la mairie <MiseEnEvidence>et</MiseEnEvidence> de l'inspection du travail où le salarié peut trouver la liste des conseillers.</Paragraphe><Paragraphe>L'adresse de la mairie est celle du domicile du salarié (s'il réside dans le même département que l'établissement), sinon celle de la mairie du lieu de travail.<LienInterne LienPublication="F2857" type="Fiche Question-réponse conditionnée" audience="Particuliers"/></Paragraphe></Item></Liste></Cas><Cas><Titre>Entreprise avec représentant du personnel</Titre><Paragraphe>La lettre de convocation doit indiquer les éléments suivants :</Paragraphe><Liste type="puce"><Item><Paragraphe>Objet de l'entretien entre le salarié et l'employeur (ou toute personne appartenant à l'entreprise avec délégation de pouvoir)</Paragraphe></Item><Item><Paragraphe>Date, heure et lieu de l'entretien (lieu de travail ou siège de l'entreprise)</Paragraphe></Item><Item><Paragraphe>Possibilité pour le salarié de bénéficier d’une assistance durant l'entretien soit par un autre salarié appartenant à l'entreprise soit par un <LienInterne LienPublication="N518" type="Dossier" audience="Particuliers">représentant du personnel de l'entreprise</LienInterne>.</Paragraphe></Item></Liste></Cas></BlocCas></Chapitre><Chapitre><Titre><Paragraphe>Le salarié peut-il se faire représenter lors de l'entretien préalable ?</Paragraphe></Titre><Paragraphe>Non, le salarié ne peut pas se faire représenter lors de l'entretien préalable.</Paragraphe></Chapitre><Chapitre><Titre><Paragraphe>L'employeur peut-il se faire représenter lors de l'entretien préalable ?</Paragraphe></Titre><Paragraphe>C'est en principe l'employeur qui doit être l'interlocuteur du salarié lors de l'entretien. Il peut cependant se faire représenter par un membre du personnel de l'entreprise ayant qualité pour embaucher ou licencier les salariés.</Paragraphe><Paragraphe>Il ne <MiseEnEvidence>peut pas</MiseEnEvidence> se faire représenter <MiseEnEvidence>par un avocat</MiseEnEvidence>.</Paragraphe></Chapitre><Chapitre><Titre><Paragraphe>Par qui le salarié peut se faire assister lors de l'entretien préalable ?</Paragraphe></Titre><Paragraphe>Le salarié peut se faire assister lors de l'entretien :</Paragraphe><Liste type="puce"><Item><Paragraphe>Par un salarié de l'entreprise, en présence de <LienInterne LienPublication="N518" type="Dossier" audience="Particuliers">représentant du personnel</LienInterne> dans l'entreprise</Paragraphe></Item><Item><Paragraphe>Par un <LienInterne LienPublication="F282" type="Fiche Question-réponse conditionnée" audience="Particuliers"/><LienInterne LienPublication="F2857" type="Fiche Question-réponse conditionnée" audience="Particuliers">conseiller du salarié</LienInterne> ou un autre salarié appartenant à l'entreprise, en l'absence de représentant du personnel dans l'entreprise</Paragraphe></Item></Liste></Chapitre><Chapitre><Titre><Paragraphe>L’employeur peut-il se faire assister lors de l’entretien préalable ?</Paragraphe></Titre><Paragraphe>Oui, l'employeur ou son représentant peut se faire assister par une personne appartenant au personnel de l'entreprise.</Paragraphe></Chapitre><Chapitre><Titre><Paragraphe>Le salarié est-il obligé d’assister à l’entretien préalable ?</Paragraphe></Titre><Paragraphe>Non, le salarié n'est pas obligé de se présenter à l'entretien préalable.</Paragraphe><Paragraphe>Son absence à cet entretien n'est pas une faute ni un motif de licenciement.</Paragraphe><Paragraphe>Cette absence n'empêche pas la poursuite de la procédure de licenciement.</Paragraphe></Chapitre><Chapitre><Titre><Paragraphe>Le salarié doit-il informer l'employeur de son absence à l'entretien préalable ?</Paragraphe></Titre><Paragraphe>Non, le salarié n’a pas d’obligation d’informer son employeur de son absence.</Paragraphe></Chapitre><Chapitre><Titre><Paragraphe>Comment se déroule l'entretien préalable au licenciement économique ?</Paragraphe></Titre><Paragraphe>L'entretien varie en fonction du nombre de salariés dans l'entreprise :</Paragraphe><BlocCas affichage="radio"><Cas><Titre>Moins de 1000 salariés</Titre><Paragraphe>Au cours de l'entretien, l'employeur indique au salarié <MiseEnEvidence>le ou les motifs de la décision envisagée et de recueillir ses explications.</MiseEnEvidence></Paragraphe><Paragraphe>Le salarié doit être informé sur les conditions permettant de bénéficier d'un <LienInterne LienPublication="F13819" type="Fiche d'information conditionnée" audience="Particuliers">contrat de sécurisation professionnelle (CSP)</LienInterne>.<LienInterne LienPublication="F13819" type="Fiche d'information conditionnée" audience="Particuliers"/></Paragraphe></Cas><Cas><Titre>1000 salariés ou plus</Titre><Paragraphe>Au cours de l'entretien, l'employeur indique au salarié <MiseEnEvidence>le ou les motifs de la décision envisagée et de recueillir ses explications.</MiseEnEvidence></Paragraphe><Paragraphe>Le salarié doit être informé sur les conditions permettant de bénéficier d'un <LienInterne LienPublication="F2906" type="Fiche d'information conditionnée" audience="Particuliers">congé de reclassement</LienInterne>.<LienInterne LienPublication="F13819" type="Fiche d'information conditionnée" audience="Particuliers"/></Paragraphe></Cas><Cas><Titre>Entreprise en redressement judiciaire ou liquidation judiciaire</Titre><Paragraphe>Au cours de l'entretien, l'employeur indique au salarié <MiseEnEvidence>le ou les motifs de la décision envisagée et de recueillir ses explications.</MiseEnEvidence></Paragraphe><Paragraphe>Le salarié doit être informé sur les conditions permettant de bénéficier d'un <LienInterne LienPublication="F13819" type="Fiche d'information conditionnée" audience="Particuliers">contrat de sécurisation professionnelle (CSP)</LienInterne>.</Paragraphe></Cas></BlocCas></Chapitre><Chapitre><Titre><Paragraphe>Que se passe-t-il après l'entretien préalable ?</Paragraphe></Titre><Paragraphe>Lorsque l'employeur décide de licencier le salarié, il l'informe en lui adressant une <LienInterne LienPublication="F19645" type="Fiche d'information conditionnée" audience="Particuliers">lettre de licenciement</LienInterne>.</Paragraphe></Chapitre></Texte><Reference type="Texte de référence" URL="https://www.legifrance.gouv.fr/codes/id/LEGISCTA000006198530" ID="R34049"><Titre>Code du travail : articles L1233-11 à L1233-14</Titre><Complement>Conditions, convocation et déroulement de l'entretien</Complement></Reference><Reference type="Texte de référence" URL="https://www.legifrance.gouv.fr/codes/id/LEGISCTA000006198538" ID="R34050"><Titre>Code du travail : article L1233-38</Titre><Complement>Absence d'entretien préalable dans les entreprises avec CSE en cas de licenciement de 10 salariés ou plus sur 30 jours</Complement></Reference><Reference type="Texte de référence" URL="https://www.legifrance.gouv.fr/codes/article_lc/LEGIARTI000031013988" ID="R43443"><Titre>Code du travail : article L1233-66</Titre><Complement>Proposition du contrat de sécurisation professionnelle</Complement></Reference><Reference type="Texte de référence" URL="https://www.legifrance.gouv.fr/codes/article_lc/LEGIARTI000036483206" ID="R34930"><Titre>Code du travail : article R1233-19</Titre><Complement>Informative relative au congé de reclassement</Complement></Reference><ServiceEnLigne ID="R64419" URL="https://code.travail.gouv.fr/modeles-de-courriers/convocation-a-un-entretien-prealable-au-licenciement-economique-de-moins-de-10-salaries-pendant-30-jours?src_url=https://www.service-public.fr/particuliers/vosdroits/F13782" audience="Particuliers" type="Modèle de document"><Titre>Convocation à un entretien préalable au licenciement économique de moins de 10 salariés sur une même période de 30 jours</Titre><Source ID="R30661">Ministère chargé du travail</Source></ServiceEnLigne><ServiceEnLigne ID="R64420" URL="https://code.travail.gouv.fr/modeles-de-courriers/convocation-a-un-entretien-prealable-au-licenciement-economique-dau-moins-10-salaries-pendant-30-jours?src_url=https://www.service-public.fr/particuliers/vosdroits/F13782" audience="Particuliers" type="Formulaire"><Titre>Convocation à un entretien préalable au licenciement économique de 10 salariés ou plus sur une même période de 30 jours (entreprise sans CSE)</Titre><Source ID="R30661">Ministère chargé du travail</Source></ServiceEnLigne><Definition ID="R52211"><Titre>Décharge</Titre><Texte><Paragraphe>Attestation de remise d'un document à son destinataire qui le signe et le date le jour de sa remise. Une lettre remise en main propre contre récépissé a la même valeur que le recommandé avec accusé de réception.</Paragraphe></Texte></Definition><Definition ID="R17508"><Titre>Jour ouvrable</Titre><Texte><Paragraphe>Correspond à tous les jours de la semaine, à l'exception du jour de repos hebdomadaire (généralement le dimanche) et des jours fériés habituellement non travaillés dans l'entreprise</Paragraphe></Texte></Definition><Definition ID="R33413"><Titre>Jour chômé</Titre><Texte><Paragraphe>Jour non travaillé</Paragraphe></Texte></Definition><QuestionReponse ID="F2776" audience="Particuliers"><Titre>Qu'est-ce qu'un licenciement pour motif économique ?</Titre></QuestionReponse><QuestionReponse ID="F2857" audience="Particuliers"><Titre>Licenciement : qu'est-ce qu'un conseiller du salarié ?</Titre></QuestionReponse></Publication>