<?xml version="1.0" encoding="UTF-8"?><Publication xmlns:dc="http://purl.org/dc/elements/1.1/" xmlns:xsi="http://www.w3.org/2001/XMLSchema-instance" ID="F1385" type="Fiche d'information conditionnée" xsi:noNamespaceSchemaLocation="../Schemas/3.4/Publication.xsd" dateDerniereModificationImportante="2023-01-01T00:00:00" spUrl="https://www.service-public.fr/particuliers/vosdroits/F1385"><dc:title>Adoption d'un mineur par une personne seule</dc:title><dc:creator>Direction de l'information légale et administrative</dc:creator><dc:subject>Famille - Scolarité</dc:subject><dc:description>Vous pouvez adopter seul un mineur même si vous êtes marié ou en couple, sous certaines conditions. La procédure se déroule devant le tribunal judiciaire. C'est l'adoptant qui doit faire la demande de l'adoption. L'adoption produit des effets, notamment en matière de filiation, d'autorité parentale et d'obligation alimentaire. Nous vous présentons les informations à connaître.</dc:description><dc:publisher>Direction de l'information légale et administrative</dc:publisher><dc:contributor>Direction de l'information légale et administrative (Premier ministre)</dc:contributor><dc:date>modified 2023-01-01</dc:date><dc:type>Fiche pratique</dc:type><dc:format>text/xml</dc:format><dc:identifier>F1385</dc:identifier><dc:source>https://www.legifrance.gouv.fr/codes/section_lc/LEGITEXT000006070721/LEGISCTA000006150070/, https://www.legifrance.gouv.fr/codes/section_lc/LEGITEXT000006070721/LEGISCTA000006150071/, https://www.legifrance.gouv.fr/codes/section_lc/LEGITEXT000006070721/LEGISCTA000006150072/, https://www.legifrance.gouv.fr/codes/section_lc/LEGITEXT000006070721/LEGISCTA000046369344/, https://www.legifrance.gouv.fr/codes/section_lc/LEGITEXT000006070721/LEGISCTA000006150074/, https://www.legifrance.gouv.fr/codes/section_lc/LEGITEXT000006070721/LEGISCTA000006150076/, https://www.legifrance.gouv.fr/codes/section_lc/LEGITEXT000006070721/LEGISCTA000046369853/, https://www.legifrance.gouv.fr/codes/article_lc/LEGIARTI000006412111, https://www.legifrance.gouv.fr/codes/section_lc/LEGITEXT000006070716/LEGISCTA000006149749/, https://www.legifrance.gouv.fr/codes/section_lc/LEGITEXT000006070716/LEGISCTA000006149750/#LEGISCTA000006149750, https://www.legifrance.gouv.fr/codes/section_lc/LEGITEXT000006070721/LEGISCTA000046369877, https://www.legifrance.gouv.fr/codes/section_lc/LEGITEXT000006070721/LEGISCTA000046369879/, https://www.legifrance.gouv.fr/codes/section_lc/LEGITEXT000006070721/LEGISCTA000046369881/, https://www.legifrance.gouv.fr/codes/section_lc/LEGITEXT000006070721/LEGISCTA000006149914</dc:source><dc:language>Fr</dc:language><dc:relation>isPartOf N133</dc:relation><dc:coverage>France entière</dc:coverage><dc:rights>https://www.service-public.fr/a-propos/mentions-legales</dc:rights><SurTitre>Fiche pratique</SurTitre><Audience>Particuliers</Audience><Canal>www.service-public.fr</Canal><FilDAriane><Niveau ID="Particuliers">Accueil particuliers</Niveau><Niveau ID="N19805">Famille - Scolarité</Niveau><Niveau ID="N133">Adoption</Niveau><Niveau ID="F1385" type="Fiche d'information conditionnée">Adoption d'un mineur par une personne seule</Niveau></FilDAriane><Theme ID="N19805"><Titre>Famille - Scolarité</Titre></Theme><SousThemePere ID="N127">Enfant</SousThemePere><DossierPere ID="N133"><Titre>Adoption</Titre><SousDossier ID="N133-1"><Titre>Adoption d'un mineur</Titre><Fiche ID="F1385">Adoption par une personne seule</Fiche><Fiche ID="F3151">Adoption par un couple</Fiche><Fiche ID="F1094">Adoption de l'enfant de son époux, du partenaire de Pacs ou du concubin</Fiche></SousDossier><SousDossier ID="N133-2"><Titre>Adoption d'un majeur</Titre><Fiche ID="F933">Adoption par une personne seule</Fiche><Fiche ID="F1184">Adoption par un couple</Fiche><Fiche ID="F2973">Adoption de l'enfant de son époux, partenaire ou concubin</Fiche></SousDossier></DossierPere><SousDossierPere>Adoption d'un mineur</SousDossierPere><Introduction><Texte><Paragraphe>Vous pouvez <MiseEnEvidence>adopter seul un mineur</MiseEnEvidence> même si vous êtes<MiseEnEvidence> marié</MiseEnEvidence> ou <MiseEnEvidence>en couple</MiseEnEvidence>, sous certaines conditions. La procédure se déroule devant le tribunal judiciaire.<MiseEnEvidence> C'est l'adoptant qui doit faire la demande de l'adoption</MiseEnEvidence>. L'adoption <MiseEnEvidence>produit des effets</MiseEnEvidence>, notamment en matière de <LienIntra LienID="R38490" type="Définition de glossaire">filiation</LienIntra>, <LienIntra LienID="R12506" type="Définition de glossaire">d'autorité parentale</LienIntra> et <LienIntra LienID="R54921" type="Définition de glossaire">d'obligation alimentaire</LienIntra>. Nous vous présentons les informations à connaître.<MiseEnEvidence/></Paragraphe></Texte></Introduction><Texte><Paragraphe>L'adoption peut être <LienInterne LienPublication="F15246" type="Fiche Question-réponse conditionnée" audience="Particuliers">simple ou plénière</LienInterne>.</Paragraphe><Paragraphe>Dans le cas de <MiseEnEvidence>l'adoption simple</MiseEnEvidence>, <MiseEnEvidence>les liens</MiseEnEvidence> avec la famille d'origine sont <MiseEnEvidence>maintenus</MiseEnEvidence>.</Paragraphe><Paragraphe>Dans le cas de <MiseEnEvidence>l'adoption plénière</MiseEnEvidence>, il y a une <MiseEnEvidence>rupture totale</MiseEnEvidence> des liens de l'adopté avec sa famille d'<MiseEnEvidence><MiseEnEvidence>origin</MiseEnEvidence>e</MiseEnEvidence>.</Paragraphe></Texte><ListeSituations affichage="onglet"><Situation><Titre>Simple</Titre><Introduction><Texte><Paragraphe>L'adoption simple crée un <MiseEnEvidence>lien de filiation entre l'adoptant et l'adopté</MiseEnEvidence>, sans que les liens entre l'adopté et sa famille d'origine soient rompus.</Paragraphe></Texte></Introduction><Texte><Chapitre><Titre><Paragraphe>Quelles conditions doit remplir l'adoptant ?</Paragraphe></Titre><SousChapitre><Titre><Paragraphe>Âge</Paragraphe></Titre><Paragraphe>Vous devez avoir<MiseEnEvidence> plus de 26 ans</MiseEnEvidence>.</Paragraphe></SousChapitre><SousChapitre><Titre><Paragraphe>Différence d'âge entre l'adoptant et l'adopté</Paragraphe></Titre><Paragraphe>Vous devez avoir <MiseEnEvidence>15 ans de plus</MiseEnEvidence> que l'adopté.</Paragraphe><Paragraphe>Le tribunal peut tout de même prononcer l'adoption <MiseEnEvidence>si la différence d'âge est inférieure à 15 ans</MiseEnEvidence> pour de justes motifs, par exemple si vous adoptez une fratrie.</Paragraphe><OuSAdresser ID="R30" sve="non" type="Local"><Titre>Tribunal judiciaire</Titre><RessourceWeb URL="http://www.annuaires.justice.gouv.fr/"/><Source ID="R30663">Ministère chargé de la justice</Source></OuSAdresser><ASavoir><Titre>À savoir</Titre><Paragraphe>vous pouvez adopter seul, mais si vous êtes marié et non séparé de corps ou uni par un Pacs, l'autre membre du couple doit consentir à cette adoption.</Paragraphe></ASavoir></SousChapitre></Chapitre><Chapitre><Titre><Paragraphe>Quels enfants peuvent être adoptés ?</Paragraphe></Titre><Paragraphe><MiseEnEvidence>Un mineur est adoptable</MiseEnEvidence> s'il se trouve dans l'une des situations suivantes :</Paragraphe><Liste type="puce"><Item><Paragraphe>Mineur dont les parents ou le <LienIntra LienID="R12897" type="Définition de glossaire">conseil de famille</LienIntra> ont accepté l'adoption</Paragraphe></Item><Item><Paragraphe>Mineur déclaré <LienIntra LienID="R51874" type="Définition de glossaire">délaissé</LienIntra> par jugement du tribunal</Paragraphe></Item><Item><Paragraphe><LienInterne LienPublication="F935" type="Fiche Question-réponse conditionnée" audience="Particuliers">Mineur étranger en fonction de la législation applicable</LienInterne></Paragraphe></Item></Liste><Liste type="puce"><Item><Paragraphe>Mineur dont l'adoption plénière n'est pas possible (par exemple, en cas d'adoption d'un mineur étranger lorsque l'adoption plénière n'existe pas dans le pays d'origine)</Paragraphe></Item><Item><Paragraphe><LienInterne LienPublication="F2065" type="Fiche d'information conditionnée" audience="Particuliers">Pupille de l'État</LienInterne></Paragraphe></Item></Liste><Attention><Titre>Attention</Titre><Paragraphe><MiseEnEvidence>si le mineur a plus de 13 ans</MiseEnEvidence>, il doit donner son accord devant un notaire. S'il est hors d'état de consentir, le tribunal doit recueillir l'avis d'un <LienIntra LienID="R31608" type="Définition de glossaire">administrateur ad hoc</LienIntra>.</Paragraphe></Attention><Paragraphe>L'adoption entre grands-parents et petits-enfants et entre frères et sœurs est en principe <MiseEnEvidence>interdite</MiseEnEvidence>, sauf s'il existe des motifs graves.</Paragraphe></Chapitre><Chapitre><Titre><Paragraphe>Quelles sont les démarches ?</Paragraphe></Titre><SousChapitre><Titre><Paragraphe>1. Demande d'agrément</Paragraphe></Titre><Paragraphe>Vous devez<MiseEnEvidence> <LienInterne LienPublication="F1383" type="Fiche Question-réponse conditionnée" audience="Particuliers">obtenir au préalable un agrément</LienInterne></MiseEnEvidence> si vous souhaitez adopter un pupille de l’État, un enfant étranger ou un enfant de la famille.</Paragraphe><Attention><Titre>Attention</Titre><Paragraphe>vous n'avez pas besoin d'agrément si vous adoptez de l'enfant de votre époux, de votre partenaire de Pacs ou de votre concubin. Vous n'avez pas non plus besoin d'agrément si vous adoptez un enfant qui a un lien de parenté ou d'alliance jusqu'au 6e<Exposant/> degré (cousin germain).</Paragraphe></Attention></SousChapitre><SousChapitre><Titre><Paragraphe>2. Demande d'adoption</Paragraphe></Titre><Paragraphe><MiseEnEvidence>Une fois obtenu l'agrément</MiseEnEvidence>, vous devez déposer votre demande d'adoption auprès des <MiseEnEvidence>services du département de l'aide sociale à l'enfance (ASE).</MiseEnEvidence></Paragraphe><OuSAdresser ID="R3" sve="non" type="Local personnalisé sur SP"><Titre>Services du département</Titre><PivotLocal>cg</PivotLocal><RessourceWeb URL="https://lannuaire.service-public.fr/navigation/cg"/></OuSAdresser><Paragraphe>Vous êtes inscrit d'office sur une liste départementale qui vous permet d'être choisi comme adoptant par le conseil de famille des pupilles de l'État.</Paragraphe><ANoter><Titre>À noter</Titre><Paragraphe><LienInterne LienPublication="F935" type="Fiche Question-réponse conditionnée" audience="Particuliers"/>en cas <LienInterne LienPublication="F935" type="Fiche Question-réponse conditionnée" audience="Particuliers">d'adoption d'un enfant à l'étranger</LienInterne>, vous devez vous adresser à<MiseEnEvidence> l'Agence française de l'adoption</MiseEnEvidence> ou un <MiseEnEvidence>organisme autorisé pour l'adoption internationale.</MiseEnEvidence></Paragraphe></ANoter></SousChapitre><SousChapitre><Titre><Paragraphe>3. Procédure devant le tribunal</Paragraphe></Titre><Paragraphe>Vous adressez votre requête sur papier libre ou à l'aide du formulaire cerfa n°15737 au <MiseEnEvidence><LienIntra LienID="R1123" type="Définition de glossaire">procureur de la République</LienIntra>.</MiseEnEvidence></Paragraphe><ServiceEnLigne ID="R48350" URL="https://www.formulaires.service-public.fr/gf/cerfa_15737.do" audience="Particuliers" format="application/pdf" poids="102.0 KB" numerocerfa="15737*04" type="Formulaire"><Titre>Requête en adoption simple d'un mineur par une personne à titre individuel</Titre><Source ID="R30663">Ministère chargé de la justice</Source><NoticeLiee ID="R48355" URL="https://www.formulaires.service-public.fr/gf/getNotice.do?cerfaNotice=52185&amp;cerfaFormulaire=15737" type="Notice" numerocerfa="52185#04" format="application/pdf" poids="94.1 KB">Notice - Requête en adoption simple d'un mineur par une personne à titre individuel</NoticeLiee></ServiceEnLigne><Paragraphe>La requête doit être déposée ou envoyée par lettre recommandée avec accusé de réception au tribunal judiciaire de votre résidence.</Paragraphe><OuSAdresser ID="R30" sve="non" type="Local"><Titre>Tribunal judiciaire</Titre><RessourceWeb URL="http://www.annuaires.justice.gouv.fr/"/><Source ID="R30663">Ministère chargé de la justice</Source></OuSAdresser><Paragraphe>Vous pouvez faire une demande en adoption sans recourir à un avocat si le mineur dont vous demandez l'adoption a été recueilli à votre foyer <MiseEnEvidence>avant ses 15 ans</MiseEnEvidence>.</Paragraphe><Paragraphe>Le recours à un <MiseEnEvidence>avocat est obligatoire</MiseEnEvidence> si l'adopté a été recueilli <MiseEnEvidence>après ses 15 ans</MiseEnEvidence>.</Paragraphe><Paragraphe>Si vos ressources sont insuffisantes, vous pouvez demander à bénéficier de <LienInterne LienPublication="F18074" type="Fiche d'information conditionnée" audience="Particuliers">l'aide juridictionnelle</LienInterne>.</Paragraphe><Paragraphe>Après examen, le greffier vous <LienIntra LienID="R14732" type="Définition de glossaire">notifie</LienIntra> la décision.</Paragraphe><Paragraphe>Vous pouvez <LienInterne LienPublication="F1384" type="Fiche d'information conditionnée" audience="Particuliers">contester la décision</LienInterne> devant la cour d'appel dans un <MiseEnEvidence>délai de 15 jours</MiseEnEvidence>.</Paragraphe><OuSAdresser ID="R11624" sve="non" type="Local personnalisable"><Titre>Cour d'appel</Titre><PivotLocal>cour_appel</PivotLocal><RessourceWeb URL="http://www.annuaires.justice.gouv.fr/"/><Source ID="R30663">Ministère chargé de la justice</Source></OuSAdresser><ASavoir><Titre>À savoir</Titre><Paragraphe>le décès de l'adoptant survenu après le dépôt de la requête ne met pas fin à la procédure devant le tribunal.</Paragraphe></ASavoir></SousChapitre><SousChapitre><Titre><Paragraphe>4. Transcription sur les actes d'état civil</Paragraphe></Titre><Paragraphe>La décision prononçant l'adoption simple est mentionnée en marge de l'acte de naissance de l'adopté. Cette inscription intervient à la demande du <LienIntra LienID="R1123" type="Définition de glossaire">Procureur de la République</LienIntra> dans les 15 jours de la date à laquelle elle est passée <LienIntra LienID="R15859" type="Définition de glossaire">en force de chose jugée.</LienIntra></Paragraphe><Paragraphe>Lorsque l'adopté est né à l'étranger, la décision est transcrite sur les registres du service central d'état civil du ministère des affaires étrangères.<MiseEnEvidence/></Paragraphe></SousChapitre></Chapitre><Chapitre><Titre><Paragraphe>Quels sont les effets de l'adoption ?</Paragraphe></Titre><Paragraphe>Si l'adoption simple est prononcée par le juge, plusieurs effets vont se produire.</Paragraphe><SousChapitre><Titre><Paragraphe>Lien avec la famille d'origine</Paragraphe></Titre><Paragraphe>L'adopté conserve tous ses liens avec sa famille d'origine.</Paragraphe></SousChapitre><SousChapitre><Titre><Paragraphe>Autorité parentale</Paragraphe></Titre><Paragraphe>Vous exercez <LienInterne LienPublication="N135" type="Dossier" audience="Particuliers">l'autorité parentale</LienInterne>.</Paragraphe></SousChapitre><SousChapitre><Titre><Paragraphe>Obligation alimentaire</Paragraphe></Titre><Paragraphe>L'adoption créée entre l'adopté et vous une <MiseEnEvidence><LienIntra LienID="R54921" type="Définition de glossaire">obligation alimentaire</LienIntra> réciproque</MiseEnEvidence>. Si l'adopté se trouve dans le besoin, vous devez, en fonction de vos ressources, lui apporter une aide financière. De même, l'adopté doit une aide financière à l'adoptant si celui-ci est dans le besoin.</Paragraphe><Paragraphe>Les parents biologiques de l'adopté ne doivent pas en principe lui apporter d'aide financière. Ils doivent l'aider financièrement uniquement si l'adopté prouve qu'il ne peut pas obtenir d'aide de son parent adoptif.</Paragraphe></SousChapitre><SousChapitre><Titre><Paragraphe>Nom et prénom de l'adopté</Paragraphe></Titre><Paragraphe><MiseEnEvidence>Votre nom s'ajoute au <LienInterne LienPublication="F2621" type="Fiche d'information conditionnée" audience="Particuliers">nom de l'adopté</LienInterne> ou le remplace</MiseEnEvidence>. Dans ce dernier cas, l'adopté, <MiseEnEvidence>s'il a plus de 13 ans</MiseEnEvidence>, doit donner son <MiseEnEvidence>consentement</MiseEnEvidence>.</Paragraphe><Paragraphe>Vous pouvez demander au tribunal judiciaire un <LienInterne LienPublication="F885" type="Fiche d'information conditionnée" audience="Particuliers"/><MiseEnEvidence><LienInterne LienPublication="F885" type="Fiche d'information conditionnée" audience="Particuliers">changement de prénom</LienInterne> </MiseEnEvidence>de l'adopté. <MiseEnEvidence>Si le mineur a plus de 13 ans</MiseEnEvidence>, il doit donner son accord.</Paragraphe></SousChapitre><SousChapitre><Titre><Paragraphe>Nationalité</Paragraphe></Titre><Paragraphe><MiseEnEvidence>L'adoption simple ne permet pas à l'enfant adopté d'acquérir automatiquement la nationalité française</MiseEnEvidence>. L'enfant qui a fait l'objet d'une adoption simple par un Français doit la demander en faisant une <LienInterne LienPublication="F3070" type="Fiche d'information conditionnée" audience="Particuliers">déclaration</LienInterne>.</Paragraphe></SousChapitre><SousChapitre><Titre><Paragraphe>Succession</Paragraphe></Titre><Paragraphe>L'adopté<MiseEnEvidence> hérite des 2 familles</MiseEnEvidence> (famille d'origine et parents adoptifs).</Paragraphe><Paragraphe>Toutefois,<MiseEnEvidence> il n'est pas <LienIntra LienID="R12674" type="Définition de glossaire">héritier réservataire</LienIntra> à l’égard de ses grands-parents adoptifs</MiseEnEvidence>. Ceux-ci peuvent le déshériter.</Paragraphe></SousChapitre><SousChapitre><Titre><Paragraphe>Mariage</Paragraphe></Titre><Paragraphe><MiseEnEvidence>Le mariage est interdit entre l'adopté et sa famille d'origine</MiseEnEvidence>, de même que dans la famille de l'adoptant.</Paragraphe></SousChapitre><SousChapitre><Titre><Paragraphe>Révocation</Paragraphe></Titre><Paragraphe><MiseEnEvidence>Seul le <LienIntra LienID="R1127" type="Définition de glossaire">ministère public</LienIntra> peut demander la révocation</MiseEnEvidence> (c'est-à-dire l'annulation) de l'adoption, lorsque l'adopté est mineur.</Paragraphe></SousChapitre></Chapitre></Texte></Situation><Situation><Titre>Plénière</Titre><Introduction><Texte><Paragraphe>L'adoption plénière crée un lien de<MiseEnEvidence> <LienIntra LienID="R38490" type="Définition de glossaire">filiation</LienIntra> entre l'adoptant et l'adopté</MiseEnEvidence>. Les liens entre l'adopté et sa famille d'origine sont rompus.</Paragraphe></Texte></Introduction><Texte><Chapitre><Titre><Paragraphe>Quelles conditions doit remplir l'adoptant ?</Paragraphe></Titre><SousChapitre><Titre><Paragraphe>Âge du parent adoptif</Paragraphe></Titre><Paragraphe>Vous devez avoir plus de <MiseEnEvidence>26 ans</MiseEnEvidence>.</Paragraphe><Attention><Titre>Attention</Titre><Paragraphe>il n'y a pas de condition d'âge si <LienInterne LienPublication="F1094" type="Fiche d'information conditionnée" audience="Particuliers">vous adoptez l'enfant de votre époux, partenaire de Pacs ou concubin</LienInterne>.</Paragraphe></Attention></SousChapitre><SousChapitre><Titre><Paragraphe>Différence d'âge entre l'adoptant et l'adopté</Paragraphe></Titre><Paragraphe>Vous devez avoir <MiseEnEvidence><MiseEnEvidence>15 ans de plus</MiseEnEvidence> que l'adopté</MiseEnEvidence> (<LienInterne LienPublication="F1094" type="Fiche d'information conditionnée" audience="Particuliers">la règle est différente en cas d'adoption de l'enfant de la personne avec laquelle vous vivez en couple</LienInterne>).</Paragraphe><Paragraphe>Toutefois, le tribunal peut accorder une dérogation pour de justes motifs (adoption d'une fratrie, par exemple).</Paragraphe><ASavoir><Titre>À savoir</Titre><Paragraphe>vous pouvez adopter seul mais, si vous êtes marié et non séparé de corps ou uni par un Pacs, l'autre membre du couple doit consentir à cette adoption.</Paragraphe></ASavoir><Paragraphe>L'adoption entre grands-parents et petits-enfants et entre frères et sœurs est en principe interdite, sauf s'il existe des motifs graves.</Paragraphe></SousChapitre></Chapitre><Chapitre><Titre><Paragraphe>Quels enfants peuvent être adoptés ?</Paragraphe></Titre><BlocCas affichage="radio"><Cas><Titre>Enfant de moins de 15 ans</Titre><Paragraphe>Un mineur est adoptable s'il se trouve dans l'une des situations suivantes :</Paragraphe><Liste type="puce"><Item><Paragraphe><LienInterne LienPublication="F2065" type="Fiche d'information conditionnée" audience="Particuliers">Pupille de l'État</LienInterne></Paragraphe></Item><Item><Paragraphe>Mineur dont les parents ou le <LienIntra LienID="R12897" type="Définition de glossaire">conseil de famille</LienIntra> ont accepté l'adoption</Paragraphe></Item><Item><Paragraphe>Mineur <LienIntra LienID="R51874" type="Définition de glossaire">déclaré délaissé</LienIntra> par jugement du tribunal</Paragraphe></Item><Item><Paragraphe><LienInterne LienPublication="F935" type="Fiche Question-réponse conditionnée" audience="Particuliers">Mineur étranger en fonction de la législation applicable</LienInterne></Paragraphe></Item></Liste><Attention><Titre>Attention</Titre><Paragraphe>si l'enfant a <MiseEnEvidence>plus de 13 ans</MiseEnEvidence>, il doit donner son accord devant un notaire. S'il est hors d'état de consentir, le tribunal doit recueillir l'avis d'un <LienIntra LienID="R31608" type="Définition de glossaire">administrateur ad hoc</LienIntra>.</Paragraphe></Attention></Cas><Cas><Titre>Enfant de plus de 15 ans</Titre><Paragraphe>Un mineur est adoptable s'il se trouve dans l'une des situations suivantes :</Paragraphe><Liste type="puce"><Item><Paragraphe><LienInterne LienPublication="F2065" type="Fiche d'information conditionnée" audience="Particuliers">Pupille de l'État</LienInterne></Paragraphe></Item><Item><Paragraphe>Mineur dont les parents ou le <LienIntra LienID="R12897" type="Définition de glossaire">conseil de famille</LienIntra> ont accepté l'adoption</Paragraphe></Item><Item><Paragraphe>Mineur <LienIntra LienID="R51874" type="Définition de glossaire">déclaré délaissé</LienIntra> par jugement du tribunal</Paragraphe></Item><Item><Paragraphe><LienInterne LienPublication="F935" type="Fiche Question-réponse conditionnée" audience="Particuliers">Mineur étranger en fonction de la législation applicable</LienInterne></Paragraphe></Item></Liste><Paragraphe>L'adoption plénière d'un mineur <MiseEnEvidence>de plus de 15 ans</MiseEnEvidence> est possible dans les 2 cas suivants :</Paragraphe><Liste type="puce"><Item><Paragraphe>L'adoptant a accueilli dans son foyer le mineur avant ses 15 ans, mais il ne remplissait pas les conditions pour l'adopter</Paragraphe></Item><Item><Paragraphe>L'adoptant a adopté le mineur avant ses 15 ans en la forme simple</Paragraphe></Item></Liste><Paragraphe>Dans ces 2 cas, vous pouvez demandez son adoption <MiseEnEvidence>jusqu'à ses 21 ans</MiseEnEvidence>.</Paragraphe><Attention><Titre>Attention</Titre><Paragraphe>le mineur doit donner son accord <MiseEnEvidence>devant un notaire</MiseEnEvidence>.</Paragraphe></Attention></Cas></BlocCas></Chapitre><Chapitre><Titre><Paragraphe>Quelles sont les démarches ?</Paragraphe></Titre><SousChapitre><Titre><Paragraphe>1. Demande d'agrément</Paragraphe></Titre><Paragraphe>Vous devez <MiseEnEvidence><LienInterne LienPublication="F1383" type="Fiche Question-réponse conditionnée" audience="Particuliers">obtenir au préalable un agrément</LienInterne></MiseEnEvidence><LienInterne LienPublication="F1383" type="Fiche Question-réponse conditionnée" audience="Particuliers"/>.</Paragraphe></SousChapitre><SousChapitre><Titre><Paragraphe>2. Placement du mineur en vue de l'adoption</Paragraphe></Titre><Paragraphe>Une fois l'agrément obtenu, le mineur vous est confié par l'autorité qui en a la charge (ASE...).</Paragraphe><Paragraphe>Le mineur doit vous être confié <MiseEnEvidence>au moins 6 mois</MiseEnEvidence> avant de pouvoir saisir le tribunal de la demande d'adoption.</Paragraphe><Paragraphe>Pendant la période du placement, vous pouvez accomplir les <MiseEnEvidence><LienInterne LienPublication="F3132" type="Fiche d'information conditionnée" audience="Particuliers">actes usuels de l'autorité parentale</LienInterne></MiseEnEvidence><LienInterne LienPublication="F3132" type="Fiche d'information conditionnée" audience="Particuliers">.</LienInterne></Paragraphe></SousChapitre><SousChapitre><Titre><Paragraphe>3. Procédure devant le tribunal</Paragraphe></Titre><Paragraphe>Vous adressez votre requête sur <MiseEnEvidence>papier libre ou à l'aide du formulaire cerfa n°15742</MiseEnEvidence> au <LienIntra LienID="R1123" type="Définition de glossaire">procureur de la République</LienIntra>.</Paragraphe><ServiceEnLigne ID="R48364" URL="https://www.formulaires.service-public.fr/gf/cerfa_15742.do" audience="Particuliers" format="application/pdf" poids="97.9 KB" numerocerfa="15742*03" type="Formulaire"><Titre>Requête en adoption plénière d'un enfant par une personne à titre individuel</Titre><Source ID="R30663">Ministère chargé de la justice</Source><NoticeLiee ID="R48365" URL="https://www.formulaires.service-public.fr/gf/getNotice.do?cerfaNotice=%2301&amp;cerfaFormulaire=15742" type="Notice" numerocerfa="52190#03" format="application/pdf" poids="111.2 KB">Notice - Requête en adoption plénière d'un enfant par une personne à titre individuel</NoticeLiee></ServiceEnLigne><Paragraphe>La requête doit être déposée ou envoyée par lettre recommandée avec accusé de réception au <MiseEnEvidence>tribunal judiciaire de votre résidence.</MiseEnEvidence></Paragraphe><OuSAdresser ID="R30" sve="non" type="Local"><Titre>Tribunal judiciaire</Titre><RessourceWeb URL="http://www.annuaires.justice.gouv.fr/"/><Source ID="R30663">Ministère chargé de la justice</Source></OuSAdresser><Paragraphe>Vous pouvez faire une demande en adoption <MiseEnEvidence>sans recourir à un avocat</MiseEnEvidence> si la personne dont vous demandez l'adoption a été recueillie à votre foyer <MiseEnEvidence>avant ses 15 ans</MiseEnEvidence>.</Paragraphe><Paragraphe>Le recours à un<MiseEnEvidence> avocat est obligatoire si l'adopté a été recueilli après ses 15 ans</MiseEnEvidence>.</Paragraphe><Paragraphe>Si vos ressources sont insuffisantes, vous pouvez bénéficier de <LienInterne LienPublication="F18074" type="Fiche d'information conditionnée" audience="Particuliers">l'aide juridictionnelle</LienInterne>.</Paragraphe><Paragraphe>Le tribunal vérifie si les conditions légales de l'adoption sont remplies. Il peut faire procéder à une enquête et à tout examen qui lui semble nécessaire. Le juge accepte ou non l'adoption. Il peut prononcer l'adoption simple même il a été saisi d'une demande d'adoption plénière.</Paragraphe><Paragraphe>Le greffier vous <LienIntra LienID="R14732" type="Définition de glossaire">notifie</LienIntra> la décision rendue. Vous pouvez <LienInterne LienPublication="F1384" type="Fiche d'information conditionnée" audience="Particuliers">contester la décision</LienInterne> devant la cour d'appel dans un <MiseEnEvidence>délai de 15 jours</MiseEnEvidence>.</Paragraphe><Paragraphe><MiseEnEvidence>La procédure est différente en cas <LienInterne LienPublication="F935" type="Fiche Question-réponse conditionnée" audience="Particuliers">d'adoption d'un enfant à l'étranger</LienInterne>.</MiseEnEvidence></Paragraphe><OuSAdresser ID="R11624" sve="non" type="Local personnalisable"><Titre>Cour d'appel</Titre><PivotLocal>cour_appel</PivotLocal><RessourceWeb URL="http://www.annuaires.justice.gouv.fr/"/><Source ID="R30663">Ministère chargé de la justice</Source></OuSAdresser><ASavoir><Titre>À savoir</Titre><Paragraphe>le décès de l'adoptant survenu après le dépôt de la requêté ne dessaisit pas le tribunal.</Paragraphe></ASavoir></SousChapitre><SousChapitre><Titre><Paragraphe>4. Transcription sur les actes d'état civil</Paragraphe></Titre><Paragraphe>La décision prononçant l'adoption plénière est transcrite sur les registres de l'état civil du lieu de naissance de l'adopté. Cette transcription intervient à la demande du <LienIntra LienID="R1123" type="Définition de glossaire">Procureur de la République</LienIntra>, dans les 15 jours de la date à laquelle la décision est passée <LienIntra LienID="R15859" type="Définition de glossaire">en force de chose jugée.</LienIntra></Paragraphe><Paragraphe>Lorsque l'adopté est né à l'étranger, la décision est transcrite sur les registres du service central d'état civil du ministère des affaires étrangères.</Paragraphe></SousChapitre></Chapitre><Chapitre><Titre><Paragraphe>Quels sont les effets de l'adoption plénière ?</Paragraphe></Titre><Paragraphe>Si l'adoption plénière est prononcée par le juge, plusieurs effets vont se produire.</Paragraphe><SousChapitre><Titre><Paragraphe>Lien avec la famille d'origine</Paragraphe></Titre><Paragraphe>L'adopté acquiert une nouvelle filiation qui<MiseEnEvidence> remplace celle d'origine</MiseEnEvidence>.</Paragraphe><Paragraphe>Un nouvel acte de naissance est établi.</Paragraphe><Paragraphe>L'acte de naissance d'origine est annulé et ne peut plus être communiqué.</Paragraphe><Paragraphe>L'adopté est inscrit sur votre livret de famille.</Paragraphe></SousChapitre><SousChapitre><Titre><Paragraphe>Autorité parentale</Paragraphe></Titre><Paragraphe>Vous (le parent adoptif) exercez seul l'autorité parentale.</Paragraphe></SousChapitre><SousChapitre><Titre><Paragraphe>Obligation alimentaire</Paragraphe></Titre><Paragraphe>L'adoption créée entre l'adopté et vous une <LienIntra LienID="R54921" type="Définition de glossaire"/><MiseEnEvidence><LienIntra LienID="R54921" type="Définition de glossaire">obligation alimentaire</LienIntra> réciproque</MiseEnEvidence>.</Paragraphe><Paragraphe>Si l'adopté se trouve dans le besoin, vous devez, en fonction de vos ressources, lui apporter une aide financière. De même, l'adopté peut être amené à vous apporter une aider matérielle.</Paragraphe></SousChapitre><SousChapitre><Titre><Paragraphe>Nom et prénom</Paragraphe></Titre><Paragraphe>L'adopté <LienInterne LienPublication="F2668" type="Fiche d'information conditionnée" audience="Particuliers">prend le nom de l'adoptant</LienInterne> qui remplace son nom initial.</Paragraphe><Paragraphe>Il est possible de demander au juge un <MiseEnEvidence>changement de prénom</MiseEnEvidence> de l'adopté.</Paragraphe><Paragraphe>Si l'adopté a <MiseEnEvidence>plus de 13 ans</MiseEnEvidence>, il doit donner son accord.</Paragraphe></SousChapitre><SousChapitre><Titre><Paragraphe>Nationalité</Paragraphe></Titre><Paragraphe>Le mineur adopté <MiseEnEvidence>acquiert automatiquement la <LienInterne LienPublication="F3070" type="Fiche d'information conditionnée" audience="Particuliers">nationalité française</LienInterne></MiseEnEvidence> dès lors que l'adoptant est Français. Il est considéré alors Français dès sa naissance.</Paragraphe></SousChapitre><SousChapitre><Titre><Paragraphe>Mariage</Paragraphe></Titre><Paragraphe>Le <MiseEnEvidence><LienInterne LienPublication="F802" type="Fiche Question-réponse conditionnée" audience="Particuliers">mariage est interdit</LienInterne></MiseEnEvidence> entre l'adopté et sa famille d'origine, de même que dans la famille de l'adoptant.</Paragraphe></SousChapitre><SousChapitre><Titre><Paragraphe>Droit à la succession</Paragraphe></Titre><Paragraphe>Le mineur adopté a <LienInterne LienPublication="F1270" type="Fiche d'information conditionnée" audience="Particuliers">droit à la succession de ses parents adoptifs</LienInterne>.</Paragraphe><Paragraphe>Les liens avec sa famille d'origine étant rompus, il n'hérite pas de cette famille et celle-ci n'hérite pas de lui.</Paragraphe></SousChapitre></Chapitre><Chapitre><Titre><Paragraphe>Révocation</Paragraphe></Titre><Paragraphe>L'adoption plénière est <MiseEnEvidence><LienIntra LienID="R3083" type="Définition de glossaire">irrévocable</LienIntra></MiseEnEvidence><LienIntra LienID="R3083" type="Définition de glossaire"/>. Un parent ne peut pas changer d'avis.</Paragraphe></Chapitre></Texte></Situation></ListeSituations><VoirAussi important="non"><Dossier ID="N133" audience="Particuliers"><Titre>Adoption</Titre><Theme ID="N19805"><Titre>Famille - Scolarité</Titre></Theme></Dossier><Dossier ID="N136" audience="Particuliers"><Titre>Placement d'un enfant</Titre><Theme ID="N19805"><Titre>Famille - Scolarité</Titre></Theme></Dossier><Dossier ID="N135" audience="Particuliers"><Titre>Autorité parentale</Titre><Theme ID="N19805"><Titre>Famille - Scolarité</Titre></Theme></Dossier><Dossier ID="N151" audience="Particuliers"><Titre>Nom et prénom</Titre><Theme ID="N19810"><Titre>Papiers - Citoyenneté - Élections</Titre></Theme></Dossier><Fiche ID="F3151" audience="Particuliers"><Titre>Adoption d'un mineur par un couple</Titre><Theme ID="N19805"><Titre>Famille - Scolarité</Titre></Theme></Fiche><Fiche ID="F1094" audience="Particuliers"><Titre>Adoption de l'enfant mineur de l'époux, du partenaire de Pacs ou du concubin</Titre><Theme ID="N19805"><Titre>Famille - Scolarité</Titre></Theme></Fiche></VoirAussi><Reference type="Texte de référence" URL="https://www.legifrance.gouv.fr/codes/section_lc/LEGITEXT000006070721/LEGISCTA000006150070/" ID="R63775"><Titre>Code civil : articles 343 à 343-1</Titre><Complement>Conditions pour l'adoptant</Complement></Reference><Reference type="Texte de référence" URL="https://www.legifrance.gouv.fr/codes/section_lc/LEGITEXT000006070721/LEGISCTA000006150071/" ID="R63778"><Titre>Code civil : articles 344 à 345-2</Titre><Complement>Conditions pour l'adopté</Complement></Reference><Reference type="Texte de référence" URL="https://www.legifrance.gouv.fr/codes/section_lc/LEGITEXT000006070721/LEGISCTA000006150072/" ID="R63779"><Titre>Code civil : articles 346 à 347</Titre><Complement>Rapports entre l'adoptant et l'adopté</Complement></Reference><Reference type="Texte de référence" URL="https://www.legifrance.gouv.fr/codes/section_lc/LEGITEXT000006070721/LEGISCTA000046369344/" ID="R63793"><Titre>Code civil : articles 348 à 350</Titre><Complement>Consentement à l'adoption</Complement></Reference><Reference type="Texte de référence" URL="https://www.legifrance.gouv.fr/codes/section_lc/LEGITEXT000006070721/LEGISCTA000006150074/" ID="R63794"><Titre>Code civil : articles 351 à 352-2</Titre><Complement>placement en vue de l'adoption</Complement></Reference><Reference type="Texte de référence" URL="https://www.legifrance.gouv.fr/codes/section_lc/LEGITEXT000006070721/LEGISCTA000006150076/" ID="R63805"><Titre>Code civil : article 353</Titre><Complement>Agrément</Complement></Reference><Reference type="Texte de référence" URL="https://www.legifrance.gouv.fr/codes/section_lc/LEGITEXT000006070721/LEGISCTA000046369853/" ID="R63806"><Titre>Code civil : articles 353-1 à 354</Titre><Complement>Jugement d'adoption</Complement></Reference><Reference type="Texte de référence" URL="https://www.legifrance.gouv.fr/codes/article_lc/LEGIARTI000006412111" ID="R38577"><Titre>Code de procédure civile : article 1165</Titre><Complement>Procédure de consentement à adoption</Complement></Reference><Reference type="Texte de référence" URL="https://www.legifrance.gouv.fr/codes/section_lc/LEGITEXT000006070716/LEGISCTA000006149749/" ID="R2014"><Titre>Code de procédure civile : articles 1166 à 1176</Titre><Complement>Procédure d'adoption</Complement></Reference><Reference type="Texte de référence" URL="https://www.legifrance.gouv.fr/codes/section_lc/LEGITEXT000006070716/LEGISCTA000006149750/#LEGISCTA000006149750" ID="R38579"><Titre>Code de procédure civile : articles 1177 à 1178</Titre><Complement>Procédure de révocation de l'adoption</Complement></Reference><Reference type="Texte de référence" URL="https://www.legifrance.gouv.fr/codes/section_lc/LEGITEXT000006070721/LEGISCTA000046369877" ID="R63817"><Titre>Code civil : article 355</Titre><Complement>Effets : dispositions communes à l'adoption simple et plénière</Complement></Reference><Reference type="Texte de référence" URL="https://www.legifrance.gouv.fr/codes/section_lc/LEGITEXT000006070721/LEGISCTA000046369879/" ID="R63819"><Titre>Code civil : articles 356 à 359</Titre><Complement>Effets de l'adoption plénière</Complement></Reference><Reference type="Texte de référence" URL="https://www.legifrance.gouv.fr/codes/section_lc/LEGITEXT000006070721/LEGISCTA000046369881/" ID="R63823"><Titre>Code civil : articles 360 à 369-1</Titre><Complement>Effets de l'adoption simple</Complement></Reference><Reference type="Texte de référence" URL="https://www.legifrance.gouv.fr/codes/section_lc/LEGITEXT000006070721/LEGISCTA000006149914" ID="R50497"><Titre>Code civil : articles 20 à 20-5</Titre><Complement>Effets de l'adoption sur la nationalité</Complement></Reference><ServiceEnLigne ID="R48350" URL="https://www.formulaires.service-public.fr/gf/cerfa_15737.do" audience="Particuliers" format="application/pdf" poids="102.0 KB" numerocerfa="15737*04" type="Formulaire"><Titre>Requête en adoption simple d'un mineur par une personne à titre individuel</Titre><Source ID="R30663">Ministère chargé de la justice</Source><NoticeLiee ID="R48355" URL="https://www.formulaires.service-public.fr/gf/getNotice.do?cerfaNotice=52185&amp;cerfaFormulaire=15737" type="Notice" numerocerfa="52185#04" format="application/pdf" poids="94.1 KB">Notice - Requête en adoption simple d'un mineur par une personne à titre individuel</NoticeLiee></ServiceEnLigne><ServiceEnLigne ID="R48364" URL="https://www.formulaires.service-public.fr/gf/cerfa_15742.do" audience="Particuliers" format="application/pdf" poids="97.9 KB" numerocerfa="15742*03" type="Formulaire"><Titre>Requête en adoption plénière d'un enfant par une personne à titre individuel</Titre><Source ID="R30663">Ministère chargé de la justice</Source><NoticeLiee ID="R48365" URL="https://www.formulaires.service-public.fr/gf/getNotice.do?cerfaNotice=%2301&amp;cerfaFormulaire=15742" type="Notice" numerocerfa="52190#03" format="application/pdf" poids="111.2 KB">Notice - Requête en adoption plénière d'un enfant par une personne à titre individuel</NoticeLiee></ServiceEnLigne><PourEnSavoirPlus type="Information pratique" ID="R41643" URL="http://www.agence-adoption.fr" audience="Particuliers"><Titre>Site de l'Agence française de l'adoption (Afa)</Titre><Source ID="R30785">Agence française de l'adoption (Afa)</Source></PourEnSavoirPlus><PourEnSavoirPlus type="Information pratique" ID="R37555" URL="http://www.diplomatie.gouv.fr/fr/adopter-a-l-etranger/comment-adopter-a-l-etranger/les-fiches-pays-de-l-adoption/fiches-pays-adoption/" audience="Particuliers"><Titre>Fiches pays Adoption</Titre><Source ID="R30604">Ministère chargé de l'Europe et des affaires étrangères</Source></PourEnSavoirPlus><Definition ID="R38490"><Titre>Filiation</Titre><Texte><Paragraphe>Lien juridique entre un enfant et son père et/ou sa mère</Paragraphe></Texte></Definition><Definition ID="R12506"><Titre>Autorité parentale</Titre><Texte><Paragraphe>Ensemble de droits et de devoirs ayant pour finalité l'intérêt de l'enfant. Elle appartient aux parents ou à une tierce personne sur décision du juge, jusqu'à la majorité ou l'émancipation de l'enfant. Elle sert à protéger l'enfant dans sa sécurité, sa santé et sa moralité, pour assurer son éducation et permettre son développement, dans le respect dû à sa personne.</Paragraphe></Texte></Definition><Definition ID="R54921"><Titre>Obligation alimentaire</Titre><Texte><Paragraphe>Aide qui consiste à fournir à un membre de sa famille tout ce qui lui est indispensable pour vivre (nourriture, vêtements, logement, soins médicaux, etc.)</Paragraphe></Texte></Definition><Definition ID="R12897"><Titre>Conseil de famille</Titre><Texte><Paragraphe>Assemblée de parents ou de toutes personnes qualifiées, chargée sous la présidence du juge des contentieux de la protection, d'autoriser certains actes importants accomplis au nom de la personne sous tutelle</Paragraphe></Texte></Definition><Definition ID="R51874"><Titre>Délaissement parental</Titre><Texte><Paragraphe>Lorsque les parents ne s'occupent pas de l'enfant et n'ont pas entretenu avec lui les relations nécessaires à son éducation ou à son développement pendant l'année qui précède l'introduction de la requête auprès du juge aux affaires familiales</Paragraphe></Texte></Definition><Definition ID="R31608"><Titre>Administrateur ad hoc</Titre><Texte><Paragraphe>Personne chargée d'accompagner juridiquement un mineur non émancipé afin de protéger ses intérêts</Paragraphe></Texte><Reference type="Texte de référence" URL="https://www.legifrance.gouv.fr/codes/id/LEGISCTA000031345343/" ID="R15663"><Titre>Code civil : articles 388 à 388-2</Titre></Reference></Definition><Definition ID="R1123"><Titre>Procureur de la République</Titre><Texte><Paragraphe>Magistrat à la tête du parquet (ou ministère public). Il est destinataire des plaintes et signalements. Il dirige les enquêtes, décide des poursuites et veille à l'application de la loi.</Paragraphe></Texte></Definition><Definition ID="R14732"><Titre>Notification</Titre><Texte><Paragraphe>Formalité par laquelle un acte de procédure ou une décision est porté à la connaissance d’une personne</Paragraphe></Texte></Definition><Definition ID="R15859"><Titre>Jugement passé en force de chose jugée</Titre><Texte><Paragraphe>Jugement qui n'est plus susceptible de recours, soit parce que les recours ont été épuisés, soit que les délais sont expirés</Paragraphe></Texte></Definition><Definition ID="R12674"><Titre>Héritier réservataire</Titre><Texte><Paragraphe>Enfant, ou en l'absence d'enfant, l'époux, à qui la loi attribue une part d'héritage minimale</Paragraphe></Texte><Reference type="Texte de référence" URL="https://www.legifrance.gouv.fr/codes/id/LEGISCTA000006150544/" ID="R31562"><Titre>Code civil : articles 912 à 917</Titre></Reference></Definition><Definition ID="R1127"><Titre>Parquet (ou ministère public)</Titre><Texte><Paragraphe>Corps de magistrats représentant les intérêts de la société devant les juridictions</Paragraphe></Texte></Definition><Definition ID="R3083"><Titre>Irrévocable</Titre><Texte><Paragraphe>Définitif, sur lequel on ne peut revenir</Paragraphe></Texte></Definition><QuestionReponse ID="F15246" audience="Particuliers"><Titre>Adoption simple et adoption plénière : quelles différences ?</Titre></QuestionReponse><QuestionReponse ID="F1383" audience="Particuliers"><Titre>Adoption : comment faire une demande d'agrément ?</Titre></QuestionReponse><QuestionReponse ID="F935" audience="Particuliers"><Titre>Comment adopter un enfant à l'étranger ?</Titre></QuestionReponse><QuestionReponse ID="F802" audience="Particuliers"><Titre>Peut-on se marier avec un membre de sa famille ?</Titre></QuestionReponse><QuestionReponse ID="F36491" audience="Particuliers"><Titre>Un européen peut-il adopter en France ?</Titre></QuestionReponse></Publication>