<?xml version="1.0" encoding="UTF-8"?><Publication xmlns:dc="http://purl.org/dc/elements/1.1/" xmlns:xsi="http://www.w3.org/2001/XMLSchema-instance" ID="F1410" type="Fiche Question-réponse conditionnée" xsi:noNamespaceSchemaLocation="../Schemas/3.4/Publication.xsd" spUrl="https://www.service-public.fr/particuliers/vosdroits/F1410"><dc:title>Primaire et secondaire : comment s'effectue le passage du privé au public ?</dc:title><dc:creator>Direction de l'information légale et administrative</dc:creator><dc:subject>Famille - Scolarité</dc:subject><dc:description>Le passage d'un établissement scolaire privé à un établissement public dépend du type d'établissement où se trouve l'enfant (sous ou hors contrat).</dc:description><dc:publisher>Direction de l'information légale et administrative</dc:publisher><dc:contributor>Direction de l'information légale et administrative (Premier ministre)</dc:contributor><dc:date>modified 2023-10-20</dc:date><dc:type>Question-réponse</dc:type><dc:format>text/xml</dc:format><dc:identifier>F1410</dc:identifier><dc:source>https://www.legifrance.gouv.fr/download/pdf/circ?id=761</dc:source><dc:language>Fr</dc:language><dc:relation>isPartOf N56</dc:relation><dc:coverage>France entière</dc:coverage><dc:rights>https://www.service-public.fr/a-propos/mentions-legales</dc:rights><SurTitre>Question-réponse</SurTitre><Audience>Particuliers</Audience><Canal>www.service-public.fr</Canal><FilDAriane><Niveau ID="Particuliers">Accueil particuliers</Niveau><Niveau ID="N19805">Famille - Scolarité</Niveau><Niveau ID="N56">Collège et lycée</Niveau><Niveau ID="F1410" type="Fiche Question-réponse conditionnée">Primaire et secondaire : comment s'effectue le passage du privé au public ?</Niveau></FilDAriane><Theme ID="N19805"><Titre>Famille - Scolarité</Titre></Theme><SousThemePere ID="N20265">Scolarité</SousThemePere><DossierPere ID="N56"><Titre>Collège et lycée</Titre><SousDossier ID="N56-1"><Titre>Inscription au collège et au lycée</Titre><Fiche ID="F2322">Inscription au collège</Fiche><Fiche ID="F2323">Inscription au lycée</Fiche><Fiche ID="F20393">Changement de collège ou de lycée en cours d'année</Fiche><Fiche ID="F1867">Internat</Fiche></SousDossier><SousDossier ID="N56-2"><Titre>Vie quotidienne</Titre><Fiche ID="F1409">Règlement intérieur</Fiche><Fiche ID="F24569">Restauration scolaire</Fiche><Fiche ID="F21766">Surveillance et sécurité des élèves</Fiche><Fiche ID="F22575">Sorties et voyages scolaires</Fiche><Fiche ID="F197">Santé</Fiche></SousDossier><SousDossier ID="N56-3"><Titre>Parcours scolaire et orientation</Titre><Fiche ID="F112">Collège</Fiche><Fiche ID="F111">Lycée général ou technologique</Fiche><Fiche ID="F20395">Lycée professionnel</Fiche><Fiche ID="F232">3ème "prépa-métiers" (ancienne Prépa-pro ou Dima)</Fiche><Fiche ID="F23476">Parcoursup</Fiche></SousDossier><SousDossier ID="N56-4"><Titre>Fonctionnement de l'établissement</Titre><Fiche ID="F1394">Conseil de classe</Fiche><Fiche ID="F1393">Conseil d'administration</Fiche><Fiche ID="F1396">Discipline</Fiche><Fiche ID="F315">Commission éducative</Fiche></SousDossier><SousDossier ID="N56-5"><Titre>Participation des élèves et des parents à la vie scolaire</Titre><Fiche ID="F1370">Délégués de classe</Fiche><Fiche ID="F21287">Information des parents</Fiche><Fiche ID="F1389">Représentants des parents d'élèves</Fiche></SousDossier></DossierPere><Questionnaire><Question><Titre><Paragraphe>Dans quel type d'établissement était inscrit votre enfant ?</Paragraphe></Titre><Choix><Titre><Paragraphe>Établissement privé sous contrat</Paragraphe></Titre><IntituleSiSelectionne><Paragraphe>Votre enfant était inscrit dans un établissement privé sous contrat</Paragraphe></IntituleSiSelectionne><SiSelectionne><affecteVrai var="T14390"/><affecteFaux var="T14391"/></SiSelectionne></Choix><Choix><Titre><Paragraphe>Établissement privé hors contrat</Paragraphe></Titre><IntituleSiSelectionne><Paragraphe>Votre enfant était inscrit dans un établissement privé hors contrat</Paragraphe></IntituleSiSelectionne><SiSelectionne><affecteVrai var="T14391"/><affecteFaux var="T14390"/></SiSelectionne></Choix></Question><Question><Titre><Paragraphe>Dans quelle section voulez-vous inscrire votre enfant ?</Paragraphe></Titre><Choix><Titre><Paragraphe>En primaire</Paragraphe></Titre><IntituleSiSelectionne><Paragraphe>Vous voulez inscrire votre enfant en primaire</Paragraphe></IntituleSiSelectionne><SiSelectionne><affecteVrai var="T14392"/><affecteFaux var="T14393"/><affecteFaux var="T14394"/></SiSelectionne></Choix><Choix><Titre><Paragraphe>Au collège</Paragraphe></Titre><IntituleSiSelectionne><Paragraphe>Vous voulez inscrire votre enfant au collège</Paragraphe></IntituleSiSelectionne><SiSelectionne><affecteVrai var="T14393"/><affecteFaux var="T14392"/><affecteFaux var="T14394"/></SiSelectionne></Choix><Choix><Titre><Paragraphe>Au lycée</Paragraphe></Titre><IntituleSiSelectionne><Paragraphe>Vous voulez inscrire votre enfant au lycée</Paragraphe></IntituleSiSelectionne><SiSelectionne><affecteVrai var="T14394"/><affecteFaux var="T14392"/><affecteFaux var="T14393"/></SiSelectionne></Choix></Question></Questionnaire><Texte><Paragraphe>Les démarches à faire pour passer d'un établissement scolaire privé à un établissement public dépendent du type d'établissement privé où est inscrit votre enfant (sous contrat ou hors contrat).</Paragraphe><BlocCas affichage="onglet"><Cas><Titre>Établissement privé sous contrat</Titre><Condition><estVrai var="T14390"/></Condition><BlocCas affichage="radio"><Cas><Titre>Inscription en primaire</Titre><Condition><estVrai var="T14392"/></Condition><Paragraphe>Vous devez d'abord vous adresser à<MiseEnEvidence> votre mairie</MiseEnEvidence>. Elle vous donnera une liste de documents à lui présenter.</Paragraphe><OuSAdresser ID="R1" sve="non" type="Local personnalisé sur SP"><Titre>Mairie</Titre><PivotLocal>mairie</PivotLocal><RessourceWeb URL="https://lannuaire.service-public.fr/navigation/mairie"/></OuSAdresser><Paragraphe>Vous devez ensuite inscrire votre enfant au <MiseEnEvidence>secrétariat de l'école</MiseEnEvidence><MiseEnEvidence/> dont vous dépendez.</Paragraphe><Paragraphe>Vous devrez notamment fournir la décision du conseil des maîtres de l'école où il était inscrit. Elle précise son passage en classe supérieure ou son redoublement.</Paragraphe></Cas><Cas><Titre>Inscription au collège</Titre><Condition><estVrai var="T14393"/></Condition><Paragraphe>Vous devez inscrire votre enfant au <MiseEnEvidence>secrétariat du collège de votre secteur</MiseEnEvidence>, d'après la <LienExterne URL="http://www.education.gouv.fr/cid5509/le-fonctionnement-de-la-carte-scolaire.html">carte scolaire</LienExterne> de votre département de résidence.</Paragraphe><Paragraphe>Vous devrez notamment fournir la décision du conseil des maîtres ou du conseil de classe de l'établissement où il était inscrit. Elle précise son passage en classe supérieure ou son redoublement.</Paragraphe><OuSAdresser ID="R12125" sve="non" type="Local personnalisable"><Titre>Établissement scolaire</Titre><PivotLocal>etablissement_scolaire</PivotLocal><RessourceWeb URL="https://www.education.gouv.fr/annuaire"/></OuSAdresser><Paragraphe>Pour en savoir plus sur la procédure d'inscription, contactez le <LienInterne LienPublication="R31460" type="Acronyme">Dasen</LienInterne>.</Paragraphe><OuSAdresser ID="R24" sve="non" type="Local personnalisé sur SP"><Titre>Direction des services départementaux de l'Éducation nationale</Titre><PivotLocal>inspection_academique</PivotLocal><RessourceWeb URL="http://www.education.gouv.fr/cid3/les-regions-academiques-academies-et-services-departementaux-de-l-education-nationale.html#La_carte_des_regions_academiques_et_les_coordonnees_des_rectorats_vice-rectorats_et_services_departementaux_de_l_Education_nationale"/><Source ID="R30638">Ministère chargé de l'éducation</Source></OuSAdresser></Cas><Cas><Titre>Inscription au lycée</Titre><Condition><estVrai var="T14394"/></Condition><Paragraphe>Vous devez inscrire votre enfant au <MiseEnEvidence>secrétariat du lycée de votre secteur</MiseEnEvidence>, d'après la <LienExterne URL="http://www.education.gouv.fr/cid5509/le-fonctionnement-de-la-carte-scolaire.html">carte scolaire</LienExterne> de votre département de résidence.</Paragraphe><Paragraphe>Vous devrez notamment fournir la décision du conseil de classe du collège ou du lycée où il était inscrit. Elle précise son passage en classe supérieure ou son redoublement.</Paragraphe><OuSAdresser ID="R12125" sve="non" type="Local personnalisable"><Titre>Établissement scolaire</Titre><PivotLocal>etablissement_scolaire</PivotLocal><RessourceWeb URL="https://www.education.gouv.fr/annuaire"/></OuSAdresser><Paragraphe>Pour en savoir plus sur la procédure d'inscription, contactez le <LienInterne LienPublication="R31460" type="Acronyme">Dasen</LienInterne>.</Paragraphe><OuSAdresser ID="R24" sve="non" type="Local personnalisé sur SP"><Titre>Direction des services départementaux de l'Éducation nationale</Titre><PivotLocal>inspection_academique</PivotLocal><RessourceWeb URL="http://www.education.gouv.fr/cid3/les-regions-academiques-academies-et-services-departementaux-de-l-education-nationale.html#La_carte_des_regions_academiques_et_les_coordonnees_des_rectorats_vice-rectorats_et_services_departementaux_de_l_Education_nationale"/><Source ID="R30638">Ministère chargé de l'éducation</Source></OuSAdresser></Cas></BlocCas></Cas><Cas><Titre>Établissement privé hors contrat</Titre><Condition><estVrai var="T14391"/></Condition><Paragraphe>Vous devez vous adresser à la <MiseEnEvidence>direction des services départementaux de l'éducation nationale</MiseEnEvidence> de votre lieu de résidence.</Paragraphe><OuSAdresser ID="R24" sve="non" type="Local personnalisé sur SP"><Titre>Direction des services départementaux de l'Éducation nationale</Titre><PivotLocal>inspection_academique</PivotLocal><RessourceWeb URL="http://www.education.gouv.fr/cid3/les-regions-academiques-academies-et-services-departementaux-de-l-education-nationale.html#La_carte_des_regions_academiques_et_les_coordonnees_des_rectorats_vice-rectorats_et_services_departementaux_de_l_Education_nationale"/><Source ID="R30638">Ministère chargé de l'éducation</Source></OuSAdresser><FragmentConditionne><Condition><ou><ou><estVrai var="T14393"/><estIndefini var="T14393"/></ou><ou><estVrai var="T14394"/><estIndefini var="T14394"/></ou></ou></Condition><Paragraphe>Si votre enfant rentre au collège ou au lycée, il doit réussir un <MiseEnEvidence>examen d'admission</MiseEnEvidence> sur table pour pouvoir s'inscrire dans l'établissement public choisi.</Paragraphe><Paragraphe>L'examen d'admission concerne les principales disciplines enseignées à la fois dans la classe fréquentée et dans celle où votre enfant souhaite poursuivre ses études. Le programme est défini par le <LienInterne LienPublication="R31460" type="Acronyme">Dasen</LienInterne>. Le chef de l'établissement où votre enfant souhaite s'inscrire organise l'examen d'admission et en préside le jury.</Paragraphe><Paragraphe>En cas de réussite, la décision d'affection est prise par l'inspecteur d'académie.</Paragraphe></FragmentConditionne><ANoter><Titre>À noter</Titre><Paragraphe>un examen d'admission peut être organisé en dehors des périodes habituelles lorsque votre demande est motivée par des raisons particulières. Par exemple, un événement familial ou un déménagement.</Paragraphe></ANoter></Cas></BlocCas></Texte><VoirAussi important="non"><Fiche ID="F1864" audience="Particuliers"><Titre>Inscription à l'école maternelle</Titre><Theme ID="N19805"><Titre>Famille - Scolarité</Titre></Theme></Fiche><Fiche ID="F1865" audience="Particuliers"><Titre>Inscrire son enfant à l'école primaire (élémentaire)</Titre><Theme ID="N19805"><Titre>Famille - Scolarité</Titre></Theme></Fiche><Fiche ID="F2322" audience="Particuliers"><Titre>Inscription au collège</Titre><Theme ID="N19805"><Titre>Famille - Scolarité</Titre></Theme></Fiche><Fiche ID="F2323" audience="Particuliers"><Titre>Inscription au lycée</Titre><Theme ID="N19805"><Titre>Famille - Scolarité</Titre></Theme></Fiche></VoirAussi><QuiPeutMAider ID="R24" sve="non" type="Local personnalisé sur SP"><Titre>Direction des services départementaux de l'Éducation nationale</Titre><PivotLocal>inspection_academique</PivotLocal><RessourceWeb URL="http://www.education.gouv.fr/cid3/les-regions-academiques-academies-et-services-departementaux-de-l-education-nationale.html#La_carte_des_regions_academiques_et_les_coordonnees_des_rectorats_vice-rectorats_et_services_departementaux_de_l_Education_nationale"/><Source ID="R30638">Ministère chargé de l'éducation</Source></QuiPeutMAider><QuiPeutMAider ID="R12125" sve="non" type="Local personnalisable"><Titre>Établissement scolaire</Titre><PivotLocal>etablissement_scolaire</PivotLocal><RessourceWeb URL="https://www.education.gouv.fr/annuaire"/></QuiPeutMAider><QuiPeutMAider ID="R1" sve="non" type="Local personnalisé sur SP"><Titre>Mairie</Titre><PivotLocal>mairie</PivotLocal><RessourceWeb URL="https://lannuaire.service-public.fr/navigation/mairie"/></QuiPeutMAider><Reference type="Texte de référence" URL="https://www.legifrance.gouv.fr/download/pdf/circ?id=761" ID="R36124" format="application/pdf" poids="6.5 KB"><Titre>Note de service n°81-173 du 16 avril 1981 relative à l'admission dans l'enseignement public des élèves de l'enseignement privé hors contrat</Titre></Reference><PourEnSavoirPlus type="Information pratique" ID="R51206" URL="http://www.education.gouv.fr/cid5509/le-fonctionnement-de-la-carte-scolaire.html" audience="Particuliers"><Titre>Le fonctionnement de la carte scolaire dans le 2nd degré</Titre><Source ID="R30638">Ministère chargé de l'éducation</Source></PourEnSavoirPlus><Abreviation ID="R31460" type="Acronyme"><Titre>Dasen</Titre><Texte><Paragraphe>Directeur académique des services de l'éducation nationale</Paragraphe></Texte></Abreviation></Publication>