<?xml version="1.0" encoding="UTF-8"?><Publication xmlns:dc="http://purl.org/dc/elements/1.1/" xmlns:xsi="http://www.w3.org/2001/XMLSchema-instance" ID="F1419" type="Fiche Question-réponse conditionnée" xsi:noNamespaceSchemaLocation="../Schemas/3.4/Publication.xsd" dateDerniereModificationImportante="2024-01-01T00:00:00" spUrl="https://www.service-public.fr/particuliers/vosdroits/F1419" statut="miseAJourAVenir"><dc:title>Quel est le barème de l'impôt sur le revenu ?</dc:title><dc:creator>Direction de l'information légale et administrative</dc:creator><dc:subject>Argent - Impôts - Consommation</dc:subject><dc:description>Le barème sert à calculer le montant de l'impôt. Pour déterminer le montant à payer, il faut appliquer un taux à chaque tranche de revenu.</dc:description><dc:publisher>Direction de l'information légale et administrative</dc:publisher><dc:contributor>Direction de l'information légale et administrative (Premier ministre)</dc:contributor><dc:date>modified 2024-01-01</dc:date><dc:type>Question-réponse</dc:type><dc:format>text/xml</dc:format><dc:identifier>F1419</dc:identifier><dc:source>https://www.legifrance.gouv.fr/codes/id/LEGISCTA000006179577/, https://www.legifrance.gouv.fr/codes/id/LEGISCTA000006162896/, http://bofip.impots.gouv.fr/bofip/2490-PGP</dc:source><dc:language>Fr</dc:language><dc:relation>isPartOf N219</dc:relation><dc:coverage>France entière</dc:coverage><dc:rights>https://www.service-public.fr/a-propos/mentions-legales</dc:rights><SurTitre>Question-réponse</SurTitre><Audience>Particuliers</Audience><Canal>www.service-public.fr</Canal><FilDAriane><Niveau ID="Particuliers">Accueil particuliers</Niveau><Niveau ID="N19803">Argent - Impôts - Consommation</Niveau><Niveau ID="N219">Impôt sur le revenu : calcul et paiement</Niveau><Niveau ID="F1419" type="Fiche Question-réponse conditionnée">Quel est le barème de l'impôt sur le revenu ?</Niveau></FilDAriane><Theme ID="N19803"><Titre>Argent - Impôts - Consommation</Titre></Theme><SousThemePere ID="N20073">Impôts, taxes et douane</SousThemePere><DossierPere ID="N219"><Titre>Impôt sur le revenu : calcul et paiement</Titre><Fiche ID="F34328">Calcul du montant de l'impôt</Fiche><Fiche ID="F34009">Prélèvement à la source</Fiche></DossierPere><Avertissement ID="R35411" date="2024-01-01"><Titre>Impôt sur le revenu : déclaration 2024 des revenus de 2023</Titre><Texte><Paragraphe>Cette page est à jour pour la déclaration des revenus de 2023.</Paragraphe><Paragraphe>Cependant, les formulaires, services en ligne et documents d'information ne sont pas encore disponibles pour la campagne 2024. Ils seront mis en ligne dès qu'ils seront disponibles.</Paragraphe></Texte></Avertissement><Texte><Paragraphe>Le barème sert au <MiseEnEvidence>calcul de votre impôt</MiseEnEvidence>.</Paragraphe><Paragraphe>Il est <MiseEnEvidence>progressif</MiseEnEvidence>. Il comporte <MiseEnEvidence>plusieurs tranches de revenu</MiseEnEvidence>, qui correspondent chacune à un <MiseEnEvidence>taux d'imposition différent</MiseEnEvidence>, qui varie de <Valeur>0 %</Valeur> à <Valeur>45 %</Valeur>.</Paragraphe><Paragraphe>Pour appliquer le barème de l'impôt à votre revenu imposable, il faut tenir compte du <LienIntra LienID="R1124" type="Définition de glossaire">quotient familial</LienIntra>, c'est-à-dire de votre nombre de parts, qui dépend de votre situation et du nombre de personnes dans votre foyer fiscal.</Paragraphe><ANoter><Titre>À noter</Titre><Paragraphe>Le barème de l'impôt est fixé <MiseEnEvidence>chaque année</MiseEnEvidence>. Par exemple, le barème de 2024 (applicable aux revenus de 2023) est fixé par loi de finances pour 2024.</Paragraphe></ANoter><Tableau><Titre>Barème progressif applicable aux revenus de 2023</Titre><Colonne largeur="47" type="normal"/><Colonne largeur="46" type="normal"/><Rangée type="header"><Cellule><Paragraphe>Tranches de revenus</Paragraphe></Cellule><Cellule><Paragraphe>Taux d'imposition de la tranche de revenu</Paragraphe></Cellule></Rangée><Rangée type="normal"><Cellule><Paragraphe>Jusqu'à <Valeur>11 294 €</Valeur></Paragraphe></Cellule><Cellule><Paragraphe><Valeur>0 %</Valeur></Paragraphe></Cellule></Rangée><Rangée type="normal"><Cellule><Paragraphe>De <Valeur>11 295 €</Valeur> à  <Valeur>28 797 €</Valeur></Paragraphe></Cellule><Cellule><Paragraphe><Valeur>11 %</Valeur></Paragraphe></Cellule></Rangée><Rangée type="normal"><Cellule><Paragraphe>De  <Valeur>28 798 €</Valeur> à  <Valeur>82 341 €</Valeur></Paragraphe></Cellule><Cellule><Paragraphe><Valeur>30 %</Valeur></Paragraphe></Cellule></Rangée><Rangée type="normal"><Cellule><Paragraphe>De  <Valeur>82 342 €</Valeur> à <Valeur>177 106 €</Valeur></Paragraphe></Cellule><Cellule><Paragraphe><Valeur>41 %</Valeur></Paragraphe></Cellule></Rangée><Rangée type="normal"><Cellule><Paragraphe>Plus de <Valeur>177 106 €</Valeur></Paragraphe></Cellule><Cellule><Paragraphe><Valeur>45 %</Valeur></Paragraphe></Cellule></Rangée></Tableau><Paragraphe>Le <MiseEnEvidence>taux marginal d’imposition</MiseEnEvidence> (TMI) est le taux d’imposition qui s’applique à la <MiseEnEvidence>tranche la plus élevée</MiseEnEvidence> de vos revenus.</Paragraphe><Paragraphe>Le <MiseEnEvidence>taux moyen d’imposition</MiseEnEvidence> est le taux moyen auquel vos revenus sont taxés. Il vous indique la <MiseEnEvidence>part que représente votre impôt dans vos revenus</MiseEnEvidence>.</Paragraphe><Paragraphe>Nous vous présentons quelques exemples de calcul :</Paragraphe><BlocCas affichage="radio"><Cas><Titre>Pour un célibataire</Titre><Paragraphe>Un <MiseEnEvidence>célibataire</MiseEnEvidence> (foyer d'une seule part) dont le revenu net imposable est de <Valeur>30 000 €</Valeur>, sans aucune réduction ni déduction.</Paragraphe><Paragraphe>Son quotient familial est de <Valeur>30 000 €</Valeur>.</Paragraphe><Paragraphe>Pour le calcul de son impôt :</Paragraphe><Liste type="puce"><Item><Paragraphe>Jusqu'à <Valeur>11 294 €</Valeur> : <Valeur>0 %</Valeur></Paragraphe></Item><Item><Paragraphe>De <Valeur>11 295 €</Valeur> à  <Valeur>28 797 €</Valeur> : (<Valeur>28 797 €</Valeur> - <Valeur>11 294 €</Valeur>) × <Valeur>11 %</Valeur> = <Valeur>17 503 €</Valeur> × <Valeur>11 %</Valeur> = <Valeur>1 925,33 €</Valeur></Paragraphe></Item><Item><Paragraphe>De <Valeur>28 798 €</Valeur> à <Valeur>30 000 €</Valeur> : (<Valeur>30 000 €</Valeur> - <Valeur>28 797 €</Valeur>) x <Valeur>30 %</Valeur> = <Valeur>1 203 €</Valeur> × <Valeur>30 %</Valeur> = <Valeur>360,90 €</Valeur></Paragraphe></Item></Liste><Paragraphe>Son impôt brut est de : <Valeur>0 €</Valeur> + <Valeur>1 925,33 €</Valeur> + <Valeur>360,90 €</Valeur> = <Valeur>2 286,23 €</Valeur>.</Paragraphe><Paragraphe>Le taux marginal d'imposition (TMI) de ce contribuable est de <Valeur>30 %</Valeur>, car son quotient familial le situe dans cette tranche. Mais tous ses revenus ne sont pas imposés à <Valeur>30 %</Valeur>.</Paragraphe></Cas><Cas><Titre>Pour un couple marié ou pacsé sans enfant</Titre><Paragraphe>Un <MiseEnEvidence>couple marié ou pacsé sans enfants</MiseEnEvidence> (foyer de 2 parts) ayant perçu un revenu net imposable de <Valeur>60 000 €</Valeur>.</Paragraphe><Paragraphe>Son quotient familial est de <Valeur>60 000 €</Valeur> : <Valeur>2</Valeur> = <Valeur>30 000 €</Valeur>.</Paragraphe><Paragraphe>Pour le calcul de son impôt :</Paragraphe><Liste type="puce"><Item><Paragraphe>Jusqu'à <Valeur>11 294 €</Valeur> : <Valeur>0 %</Valeur></Paragraphe></Item><Item><Paragraphe>De <Valeur>11 295 €</Valeur> à   <Valeur>28 797 €</Valeur> : (<Valeur>28 797 €</Valeur> - <Valeur>11 294 €</Valeur>) × <Valeur>11 %</Valeur> = <Valeur>17 503 €</Valeur> × <Valeur>11 %</Valeur> = <Valeur>1 925,33 €</Valeur></Paragraphe></Item><Item><Paragraphe>De <Valeur>28 798 €</Valeur> à <Valeur>30 000 €</Valeur> : (<Valeur>30 000 €</Valeur> - <Valeur>28 797 €</Valeur>) x <Valeur>30 %</Valeur> = <Valeur>1 203 €</Valeur> × <Valeur>30 %</Valeur> = <Valeur>360,90 €</Valeur></Paragraphe></Item></Liste><Paragraphe>L'impôt brut de chaque membre du couple est de : <Valeur>0 €</Valeur> + <Valeur>1 925,33 €</Valeur> + <Valeur>360,90 €</Valeur> = <Valeur>2 286,23 €</Valeur>.</Paragraphe><Paragraphe>Cet impôt doit être multiplié par le nombre de parts du foyer fiscal. Dans cet exemple, il sera multiplié par 2 puisqu'il s'agit d'un couple marié ou pacsé.</Paragraphe><Paragraphe>Le couple devra donc un impôt de <Valeur>2 286,23 €</Valeur> × <Valeur>2</Valeur>, soit <Valeur>4 572,46 €</Valeur>.</Paragraphe><Paragraphe>Le taux marginal d'imposition (TMI) de ce couple est de <Valeur>30 %</Valeur>, car son quotient familial le situe dans cette tranche. Mais tous ses revenus ne sont pas imposés à <Valeur>30 %</Valeur>.</Paragraphe></Cas><Cas><Titre>Pour un couple marié ou pacsé avec 2 enfants</Titre><Paragraphe>Un <MiseEnEvidence>couple marié ou pacsé avec 2 enfants</MiseEnEvidence> (foyer de 3 parts, 1 part pour chaque parent et 1 demi-part pour chaque enfant) ayant perçu un revenu net imposable de <Valeur>60 000 €</Valeur>.</Paragraphe><Paragraphe>Son quotient familial est de <Valeur>60 000 €</Valeur> : <Valeur>3</Valeur> = <Valeur>20 000 €</Valeur>.</Paragraphe><Paragraphe>Pour le calcul de son impôt :</Paragraphe><Liste type="puce"><Item><Paragraphe>Jusqu'à <Valeur>11 294 €</Valeur> : <Valeur>0 %</Valeur></Paragraphe></Item><Item><Paragraphe>De <Valeur>11 295 €</Valeur> à <Valeur>20 000 €</Valeur> : (<Valeur>20 000 €</Valeur> - <Valeur>11 294 €</Valeur>) x <Valeur>11 %</Valeur> = <Valeur>8 706  €</Valeur>× <Valeur>11 %</Valeur> = <Valeur>957,66 €</Valeur></Paragraphe></Item></Liste><Paragraphe>Cet impôt doit être multiplié par le nombre de parts du foyer fiscal. Dans cet exemple, il sera multiplié par 3 puisqu'il s'agit d'un couple marié ou pacsé avec 2 enfants.</Paragraphe><Paragraphe>L'impôt brut de la famille est de : <Valeur>957,66 €</Valeur> x <MiseEnEvidence>3</MiseEnEvidence>, soit <Valeur>2 872,98. €</Valeur></Paragraphe><Paragraphe>Le taux marginal d'imposition (TMI) de cette famille est de <Valeur>11 %</Valeur>, car son quotient familial le situe dans cette tranche. Mais tous ses revenus ne sont pas imposés à <Valeur>11 %</Valeur>.</Paragraphe></Cas><Cas><Titre>Pour un parent isolé avec 2 enfants</Titre><Paragraphe>Un <LienInterne LienPublication="F35120" type="Fiche d'information conditionnée" audience="Particuliers"/><MiseEnEvidence><LienInterne LienPublication="F35120" type="Fiche d'information conditionnée" audience="Particuliers">parent isolé</LienInterne> avec 2 enfants</MiseEnEvidence> (foyer de 2,5 parts, 1 part pour le parent, 1 demi-part pour chaque enfant en résidence principale et 1 demi-part supplémentaire en tant que parent isolé) ayant perçu un revenu net imposable de <Valeur>30 000 €</Valeur>.</Paragraphe><Paragraphe>Son quotient familial est de <Valeur>30 000 €</Valeur> : <Valeur>2,5</Valeur> = <Valeur>12 000 €</Valeur>.</Paragraphe><Liste type="puce"><Item><Paragraphe>Jusqu'à <Valeur>11 294 €</Valeur> : <Valeur>0 %</Valeur></Paragraphe></Item><Item><Paragraphe>De <Valeur>11 295 €</Valeur> à  <Valeur>12 000 €</Valeur> : (<Valeur>12 000 €</Valeur> - <Valeur>11 294 €</Valeur>) x <Valeur>11 %</Valeur> = <Valeur>706 €</Valeur> x <Valeur>11 %</Valeur> = <Valeur>77,66 €</Valeur></Paragraphe></Item></Liste><Paragraphe>Cet impôt doit être multiplié par le nombre de parts du foyer fiscal. Dans cet exemple, il sera multiplié par 2,5 puisqu'il s'agit d'un parent isolé avec 2 enfants.</Paragraphe><Paragraphe><MiseEnEvidence>À noter </MiseEnEvidence>: l'avantage en impôt est divisé par deux en cas de résidence alternée.</Paragraphe><Paragraphe>L'impôt brut de la famille est de : <Valeur>77,66 €</Valeur> x <Valeur>2,5</Valeur>, soit <Valeur>194,15 €</Valeur>.</Paragraphe><Paragraphe>Le taux marginal d'imposition (TMI) de cette famille est de <Valeur>11 %</Valeur>, car son quotient familial le situe dans cette tranche. Mais tous ses revenus ne sont pas imposés à <Valeur>11 %</Valeur>.</Paragraphe></Cas></BlocCas><Image LienPublication="I6644.png" langue="fr" poids="143.32" format="image/png" type="Image" redimensionnable="oui"><Titre>Impôt sur le revenu : barème 2024</Titre><Legende>Impôt sur le revenu : tranches et taux d'imposition 2024</Legende><Credits><Paragraphe>Service Public (DILA)</Paragraphe></Credits><TexteDeRemplacement>Le montant de l'impôt 2024 sur les revenus de 2023 est calculé sur la base de 5 tranches correspondant à des taux d'imposition (de 0 à 45 %). Pour un célibataire (1 part) dont le revenu imposable est de 30 000 €, l'impôt dû est de 2 286,23 €.</TexteDeRemplacement><Description><Paragraphe>Impôt sur le revenu</Paragraphe><Paragraphe>Tranches et taux d'imposition 2024</Paragraphe><Paragraphe>Votre impôt est calculé par tranches, en fonction du montant de votre revenu. Chaque tranche correspond à un taux d'imposition (de 0 à 45 %). Si votre revenu annuel dépasse celui de la tranche 1 (10 777 €), il sera concerné par plusieurs tranches successives, comme expliqué dans l'exemple.</Paragraphe><Paragraphe>Tranches pour 1 part de quotient familial :</Paragraphe><Paragraphe>- Jusqu'à 11 294 € (tranche 1) : taux d'imposition de 0 %</Paragraphe><Paragraphe>- De 11 295 € à 28 797 € (tranche 2) : taux d'imposition de 11 %</Paragraphe><Paragraphe>- De 28 798 € à 82 341 € (tranche 3) : taux d'imposition de 30 %</Paragraphe><Paragraphe>- De 82 342 € à 177 106 € (tranche 4) : taux d'imposition de 41 %</Paragraphe><Paragraphe>- Plus de 177 106 € (tranche 5) : taux d'imposition de 45 %</Paragraphe><Paragraphe>Exemple de calcul pour 1 part de quotient familial :</Paragraphe><Paragraphe>Un célibataire (1 part) dont le revenu annuel net imposable est de 30 000 €, le calcul de son impôt est le suivant :</Paragraphe><Paragraphe>- Jusqu'à 11 294 € (tranche 1) : 0 €</Paragraphe><Paragraphe>- De 11 295 € à 28 797 € (tranche 2) : 1 925,33 €</Paragraphe><Paragraphe>- De 28 798 € à 30 000 € (tranche 3) : 360,90 €</Paragraphe><Paragraphe>Montant total de l'impôt : 2 286,23 €, soit 7,62 % de son revenu net imposable.</Paragraphe><Paragraphe>À savoir : si votre foyer fiscal comporte plusieurs personnes, le calcul de l'impôt en tient compte pour fixer votre nombre de parts. C’est le quotient familial. Ce mécanisme a un impact sur le montant de votre impôt. Il diminue notamment la charge fiscale pour les familles avec enfants.</Paragraphe></Description></Image>
<Attention><Titre>Attention</Titre><Paragraphe>le barème n'est qu'un élément du <LienInterne LienPublication="F34328" type="Fiche d'information conditionnée" audience="Particuliers">calcul de l'impôt sur le revenu</LienInterne>. Vous pouvez faire une estimation de votre impôt à payer grâce au simulateur des services fiscaux.</Paragraphe></Attention><ServiceEnLigne ID="R2740" URL="https://simulateur-ir-ifi.impots.gouv.fr/calcul_impot/2024/" audience="Particuliers" type="Simulateur"><Titre>Simulateur de calcul pour 2024 : impôt sur les revenus de 2023</Titre><Source ID="R30612">Ministère chargé des finances</Source></ServiceEnLigne></Texte><VoirAussi important="non"><Fiche ID="F34328" audience="Particuliers"><Titre>Impôt sur le revenu - Calcul de l'impôt</Titre><Theme ID="N19803"><Titre>Argent - Impôts - Consommation</Titre></Theme></Fiche></VoirAussi><QuiPeutMAider ID="R20684" sve="non" type="Centre de contact"><Titre>Service d'information des impôts</Titre><Complement>Pour des informations générales</Complement><Source ID="R30612">Ministère chargé des finances</Source><Texte><Paragraphe>Par téléphone :</Paragraphe><Paragraphe><MiseEnEvidence>0809 401 401</MiseEnEvidence></Paragraphe><Paragraphe>Du lundi au vendredi de 8h30 à 19h, hors jours fériés.</Paragraphe><Paragraphe>Service gratuit + prix appel</Paragraphe></Texte></QuiPeutMAider><QuiPeutMAider ID="R15019" sve="non" type="Local personnalisable"><Titre>Service en charge des impôts (trésorerie, service des impôts...)</Titre><Complement>Pour joindre le service local gestionnaire de votre dossier</Complement><PivotLocal>centre_impots</PivotLocal><RessourceWeb URL="https://www.impots.gouv.fr/portail/contacts"/><Source ID="R30612">Ministère chargé des finances</Source></QuiPeutMAider><Reference type="Texte de référence" URL="https://www.legifrance.gouv.fr/codes/id/LEGISCTA000006179577/" ID="R31871"><Titre>Code général des impôts : articles 193 à 199</Titre><Complement>Calcul de l'impôt sur le revenu</Complement></Reference><Reference type="Texte de référence" URL="https://www.legifrance.gouv.fr/codes/id/LEGISCTA000006162896/" ID="R31825"><Titre>Code général des impôts : articles 1657 à 1659 A</Titre><Complement>Montant en deçà duquel l'impôt n'est pas mis en recouvrement (article 1657)</Complement></Reference><Reference type="Texte de référence" URL="http://bofip.impots.gouv.fr/bofip/2490-PGP" ID="R31897"><Titre>Bofip-Impôts n°BOI-IR-LIQ-20 relatif au calcul de l'impôt sur le revenu</Titre></Reference><ServiceEnLigne ID="R1281" URL="https://www.impots.gouv.fr/portail/formulaire/2042/declaration-des-revenus" audience="Particuliers" numerocerfa="10330" autrenumero="2042" type="Formulaire"><Titre>Déclaration des revenus (papier)</Titre><Source ID="R30612">Ministère chargé des finances</Source></ServiceEnLigne><ServiceEnLigne ID="R1280" URL="https://cfspart.impots.gouv.fr/LoginMDP" audience="Particuliers" type="Téléservice"><Titre>Déclaration 2023 en ligne des revenus de 2022</Titre><Source ID="R30612">Ministère chargé des finances</Source></ServiceEnLigne><ServiceEnLigne ID="R3120" URL="https://cfspart.impots.gouv.fr/LoginMDP" audience="Particuliers" type="Téléservice"><Titre>Impôts : accéder à votre espace Particulier</Titre><Source ID="R30612">Ministère chargé des finances</Source></ServiceEnLigne><ServiceEnLigne ID="R2740" URL="https://simulateur-ir-ifi.impots.gouv.fr/calcul_impot/2024/" audience="Particuliers" type="Simulateur"><Titre>Simulateur de calcul pour 2024 : impôt sur les revenus de 2023</Titre><Source ID="R30612">Ministère chargé des finances</Source></ServiceEnLigne><PourEnSavoirPlus type="Information pratique" ID="R41461" URL="https://www.impots.gouv.fr/portail/" audience="Particuliers"><Titre>Site des impôts</Titre><Source ID="R30612">Ministère chargé des finances</Source></PourEnSavoirPlus><PourEnSavoirPlus type="Information pratique" ID="R17502" URL="https://www.impots.gouv.fr/www2/fichiers/documentation/brochure/ir_2023/accueil.htm" audience="Particuliers"><Titre>Brochure pratique 2023 - Déclaration des revenus de 2022</Titre><Source ID="R30612">Ministère chargé des finances</Source></PourEnSavoirPlus><Definition ID="R1124"><Titre>Quotient familial</Titre><Texte><Paragraphe>Division du revenu imposable en un certain nombre de parts. Ce nombre de parts dépend de la situation du contribuable (célibataire, marié, etc.) et des personnes à sa charge.</Paragraphe></Texte><Reference type="Texte de référence" URL="http://bofip.impots.gouv.fr/bofip/2235-PGP" ID="R31993"><Titre>Bofip-Impôts n°BOI-IR-LIQ-10-20 relatif au calcul du quotient familial</Titre><Source ID="R30612">Ministère chargé des finances</Source></Reference></Definition><QuestionReponse ID="F31130" audience="Particuliers"><Titre>Qui doit payer la contribution exceptionnelle sur les hauts revenus ? </Titre></QuestionReponse><QuestionReponse ID="F359" audience="Particuliers"><Titre>Quelle est la date limite pour faire sa déclaration de revenus ?</Titre></QuestionReponse></Publication>