<?xml version="1.0" encoding="UTF-8"?><Publication xmlns:dc="http://purl.org/dc/elements/1.1/" xmlns:xsi="http://www.w3.org/2001/XMLSchema-instance" ID="F1422" type="Fiche d'information conditionnée" xsi:noNamespaceSchemaLocation="../Schemas/3.4/Publication.xsd" spUrl="https://www.service-public.fr/particuliers/vosdroits/F1422"><dc:title>Demande de dommages-intérêts en justice</dc:title><dc:creator>Direction de l'information légale et administrative</dc:creator><dc:subject>Justice</dc:subject><dc:description>La victime d'une faute qui lui a causé un préjudice peut saisir le tribunal pour que son auteur soit condamné à lui verser des dommages-intérêts.</dc:description><dc:publisher>Direction de l'information légale et administrative</dc:publisher><dc:contributor>Direction de l'information légale et administrative (Premier ministre)</dc:contributor><dc:date>modified 2021-04-27</dc:date><dc:type>Fiche pratique</dc:type><dc:format>text/xml</dc:format><dc:identifier>F1422</dc:identifier><dc:source>https://www.legifrance.gouv.fr/codes/id/LEGISCTA000032021488/, https://www.legifrance.gouv.fr/codes/id/LEGISCTA000032021490, https://www.legifrance.gouv.fr/codes/section_lc/LEGITEXT000006071154/LEGISCTA000006167422/, https://www.legifrance.gouv.fr/codes/id/LEGISCTA000006182906/, https://www.legifrance.gouv.fr/loda/id/JORFTEXT000000239085/</dc:source><dc:language>Fr</dc:language><dc:relation>isPartOf N19679</dc:relation><dc:coverage>France entière</dc:coverage><dc:rights>https://www.service-public.fr/a-propos/mentions-legales</dc:rights><SurTitre>Fiche pratique</SurTitre><Audience>Particuliers</Audience><Canal>www.service-public.fr</Canal><FilDAriane><Niveau ID="Particuliers">Accueil particuliers</Niveau><Niveau ID="N19807">Justice</Niveau><Niveau ID="N19679">Indemnisation du préjudice</Niveau><Niveau ID="F1422" type="Fiche d'information conditionnée">Demande de dommages-intérêts en justice</Niveau></FilDAriane><Theme ID="N19807"><Titre>Justice</Titre></Theme><SousThemePere ID="N20385">Réparation du préjudice</SousThemePere><DossierPere ID="N19679"><Titre>Indemnisation du préjudice</Titre><Fiche ID="F1422">Par un tribunal : dommages-intérêts</Fiche><Fiche ID="F1527">Par un fonds de garantie : victime de terrorisme</Fiche><Fiche ID="F2313">Par un fonds de garantie : victime d'infraction</Fiche></DossierPere><Introduction><Texte><Paragraphe>La victime d'un dommage causé par une faute peut demander en justice que le responsable de la faute soit condamné à indemniser son préjudice. Par exemple, une personne qui fait des travaux chez elle cause des dégâts dans la propriété de son voisin. La victime pourra obtenir des dommages-intérêts, mais elle doit établir avec précision les préjudices subis et fournir des preuves. La demande peut être présentée dans une affaire civile, pénale ou administrative.</Paragraphe></Texte></Introduction><Questionnaire><Question><Titre><Paragraphe>Il s'agit d'une</Paragraphe></Titre><Choix><Titre><Paragraphe>Affaire civile</Paragraphe></Titre><IntituleSiSelectionne><Paragraphe>Il s'agit d'une affaire civile</Paragraphe></IntituleSiSelectionne><SiSelectionne><affecteVrai var="T12101"/><affecteFaux var="T12102"/><affecteFaux var="T11723"/></SiSelectionne></Choix><Choix><Titre><Paragraphe>Affaire pénale</Paragraphe></Titre><IntituleSiSelectionne><Paragraphe>Il s'agit d'une affaire pénale</Paragraphe></IntituleSiSelectionne><SiSelectionne><affecteVrai var="T12102"/><affecteFaux var="T12101"/><affecteFaux var="T11723"/></SiSelectionne></Choix><Choix><Titre><Paragraphe>Affaire administrative</Paragraphe></Titre><IntituleSiSelectionne><Paragraphe>Il s'agit d'une affaire administrative</Paragraphe></IntituleSiSelectionne><SiSelectionne><affecteVrai var="T11723"/><affecteFaux var="T12101"/><affecteFaux var="T12102"/></SiSelectionne></Choix></Question></Questionnaire><ListeSituations affichage="onglet"><Situation><Titre>Affaire civile</Titre><Condition><estVrai var="T12101"/></Condition><Texte><Chapitre><Titre><Paragraphe>Types de préjudice</Paragraphe></Titre><Paragraphe>Il existe 3 types de préjudice :</Paragraphe><Tableau><Titre>Types de préjudice</Titre><Colonne largeur="50" type="normal"/><Colonne largeur="50" type="normal"/><Rangée type="header"><Cellule><Paragraphe>Type</Paragraphe></Cellule><Cellule><Paragraphe>Définition</Paragraphe></Cellule></Rangée><Rangée type="normal"><Cellule><Paragraphe>Préjudice physique</Paragraphe></Cellule><Cellule><Paragraphe>Atteinte à la santé ou à l'intégrité physique ou mentale d'une personne</Paragraphe><Paragraphe>Exemples :</Paragraphe><Paragraphe>- Jambe cassée suite à des violences ou à un accident de la route</Paragraphe><Paragraphe>- Maladie causée par un produit chimique</Paragraphe></Cellule></Rangée><Rangée type="normal"><Cellule><Paragraphe>Préjudice moral</Paragraphe></Cellule><Cellule><Paragraphe>Atteinte au bien-être affectif, à l'honneur ou à la réputation</Paragraphe><Paragraphe>Exemples :</Paragraphe><Paragraphe>- Perte d'un proche</Paragraphe><Paragraphe>- Diffamation d'une personne ou d'une société</Paragraphe></Cellule></Rangée><Rangée type="normal"><Cellule><Paragraphe>Préjudice matériel</Paragraphe></Cellule><Cellule><Paragraphe>Atteintes aux biens d'une personne (voiture, vêtements...) et à ses intérêts financiers (perte de chiffre d'affaires, sommes versées à tort...)</Paragraphe></Cellule></Rangée></Tableau><Paragraphe>Tous ces préjudices peuvent être réparés par le versement de dommages et intérêts qui compensent financièrement le préjudice subi.</Paragraphe><Paragraphe>Une infraction peut occasionner plusieurs préjudices : par exemple, un vol avec effraction occasionne un préjudice matériel et moral.</Paragraphe></Chapitre><Chapitre><Titre><Paragraphe>Demande d'indemnisation</Paragraphe></Titre><SousChapitre><Titre><Paragraphe>Constitution du dossier</Paragraphe></Titre><Paragraphe>Si vous êtes victime et que vous souhaitez obtenir une indemnisation, vous devez constituer un dossier comprenant, pour chaque préjudice, l'évaluation du montant de la réparation. L'évaluation doit comprendre les frais liés directement aux dommages subis.</Paragraphe><Paragraphe>Vous devez également prouver que  :</Paragraphe><Liste type="puce"><Item><Paragraphe>Votre préjudice a été causé par une négligence, une faute ou une <LienIntra LienID="R10272" type="Définition de glossaire">infraction</LienIntra></Paragraphe></Item><Item><Paragraphe>La personne à qui vous demandez réparation est bien <LienInterne LienPublication="F1423" type="Fiche Question-réponse conditionnée" audience="Particuliers">responsable</LienInterne> de votre préjudice (auteur de la négligence, de la faute ou de l'infraction, ou son représentant légal)</Paragraphe></Item><Item><Paragraphe>Le préjudice est réel (la faute vous a causé un dommage incontestable)</Paragraphe></Item><Item><Paragraphe>Le préjudice est direct et vous concerne personnellement</Paragraphe></Item><Item><Paragraphe>Le préjudice est certain. Le dommage est établi et peut être évalué. L'évaluation peut être pour un dommage immédiat (coût d'une voiture accidentée, frais médicaux....). Elle peut aussi se faire pour un dommage futur, s'il est certain que le dommage se produira et qu'il peut être évalué immédiatement. Par exemple : si une personne est blessée, les conséquences de cette blessure sur sa situation à venir et la perte de gains futurs peut être évaluée (par exemple, plusieurs jours de travail manqués).</Paragraphe></Item></Liste></SousChapitre><SousChapitre><Titre><Paragraphe>Saisine du tribunal</Paragraphe></Titre><Paragraphe>Vous devez présenter au tribunal une demande destinée à indemniser l'ensemble des préjudices que vous avez subis. Le juge ne peut pas condamner la partie attaquée à verser un montant supérieur à votre demande.</Paragraphe><Paragraphe>Vous devez présenter des preuves de votre préjudice : factures, photos de l'accident...</Paragraphe><Paragraphe>Vous pouvez saisir un tribunal civil, que le responsable du dommage ait commis ou non une infraction pénale. Le tribunal compétent dépend du type et du montant du litige.</Paragraphe><Paragraphe>La juridiction compétente dépend des sommes en jeu dans le litige.</Paragraphe><Liste type="puce"><Item><Paragraphe>Pour un litige inférieur ou égal à <Valeur>10 000 €</Valeur>, c'est le tribunal de proximité ou le tribunal judiciaire.</Paragraphe></Item><Item><Paragraphe>Pour un litige supérieur à <Valeur>10 000 €</Valeur>, c'est le tribunal judiciaire.</Paragraphe></Item></Liste><OuSAdresser ID="R30" sve="non" type="Local"><Titre>Tribunal judiciaire</Titre><RessourceWeb URL="http://www.annuaires.justice.gouv.fr/"/><Source ID="R30663">Ministère chargé de la justice</Source></OuSAdresser><Paragraphe>Vous pouvez aussi demander au juge de prononcer également une <LienIntra LienID="R16772" type="Définition de glossaire">astreinte</LienIntra>. Si l'astreinte est prononcée, le responsable de l'indemnisation est tenu au paiement d'une somme d'argent supplémentaire en cas de retard de paiement.</Paragraphe><ANoter><Titre>À noter</Titre><Paragraphe>les parties peuvent aussi éviter un passage au tribunal grâce à un <LienInterne LienPublication="F1732" type="Fiche d'information conditionnée" audience="Particuliers">accord à l'amiable</LienInterne>.</Paragraphe></ANoter></SousChapitre></Chapitre><Chapitre><Titre><Paragraphe>Versement de l'indemnisation</Paragraphe></Titre><Paragraphe>Une fois la somme déterminée par le juge, la victime possède une <LienIntra LienID="R12474" type="Définition de glossaire">créance</LienIntra> sur la personne condamnée qui devient <LienIntra LienID="R12468" type="Définition de glossaire">débiteur</LienIntra>. La créance est un droit dont la victime peut utiliser.</Paragraphe><Paragraphe>La décision du juge accordant l'indemnisation peut être exécutée de manière <LienInterne LienPublication="F1780" type="Fiche d'information conditionnée" audience="Particuliers">définitive ou provisoire</LienInterne>.</Paragraphe><Paragraphe>En cas de difficulté dans le recouvrement des sommes, il est possible de faire appel :</Paragraphe><Liste type="puce"><Item><Paragraphe>au juge pour obtenir une <LienInterne LienPublication="F1746" type="Fiche d'information conditionnée" audience="Particuliers">injonction de payer</LienInterne></Paragraphe></Item><Item><Paragraphe>ou à un <LienInterne LienPublication="F2158" type="Fiche d'information conditionnée" audience="Particuliers">commissaire de justice (anciennement huissier de justice et commissaire-priseur judiciaire)</LienInterne> qui pourra procéder à une saisie.</Paragraphe></Item></Liste><ASavoir><Titre>À savoir</Titre><Paragraphe>dans certains cas, c'est <LienInterne LienPublication="F2123" type="Fiche Question-réponse conditionnée" audience="Particuliers">l'assurance</LienInterne> du responsable du dommage qui peut indemniser la victime.</Paragraphe></ASavoir></Chapitre></Texte></Situation><Situation><Titre>Affaire pénale</Titre><Condition><estVrai var="T12102"/></Condition><Texte><Chapitre><Titre><Paragraphe>Types de préjudice</Paragraphe></Titre><Paragraphe>Il existe 3 types de préjudice :</Paragraphe><Tableau><Titre>Types de préjudice</Titre><Colonne largeur="50" type="normal"/><Colonne largeur="50" type="normal"/><Rangée type="header"><Cellule><Paragraphe>Type</Paragraphe></Cellule><Cellule><Paragraphe>Définition</Paragraphe></Cellule></Rangée><Rangée type="normal"><Cellule><Paragraphe>Préjudice physique</Paragraphe></Cellule><Cellule><Paragraphe>Atteinte à la santé ou à l'intégrité physique ou mentale d'une personne</Paragraphe><Paragraphe>Exemples :</Paragraphe><Paragraphe>- Jambe cassée suite à des violences ou à un accident de la route</Paragraphe><Paragraphe>- Maladie causée par un produit chimique</Paragraphe></Cellule></Rangée><Rangée type="normal"><Cellule><Paragraphe>Préjudice moral</Paragraphe></Cellule><Cellule><Paragraphe>Atteinte au bien-être affectif, à l'honneur ou à la réputation</Paragraphe><Paragraphe>Exemples :</Paragraphe><Paragraphe>- Perte d'un proche</Paragraphe><Paragraphe>- Diffamation d'une personne ou d'une société</Paragraphe></Cellule></Rangée><Rangée type="normal"><Cellule><Paragraphe>Préjudice matériel</Paragraphe></Cellule><Cellule><Paragraphe>Atteintes aux biens d'une personne (voiture, vêtements...) et à ses intérêts financiers (perte de chiffre d'affaires, sommes versées à tort...)</Paragraphe></Cellule></Rangée></Tableau><Paragraphe>Tous ces préjudices peuvent être réparés par le versement de dommages et intérêts qui compensent financièrement le préjudice subi.</Paragraphe><Paragraphe>Une infraction peut occasionner plusieurs préjudices : par exemple, un vol avec effraction occasionne un préjudice matériel et moral.</Paragraphe></Chapitre><Chapitre><Titre><Paragraphe>Demande d'indemnisation</Paragraphe></Titre><SousChapitre><Titre><Paragraphe>Constitution du dossier</Paragraphe></Titre><Paragraphe>Si vous êtes victime et que vous souhaitez obtenir une indemnisation, vous devez constituer un dossier comprenant, pour chaque préjudice, l'évaluation du montant de la réparation. L'évaluation doit comprendre les frais liés directement aux dommages subis.</Paragraphe><Paragraphe>Vous devez également prouver que  :</Paragraphe><Liste type="puce"><Item><Paragraphe>Votre préjudice a été causé par une négligence, une faute ou une <LienIntra LienID="R10272" type="Définition de glossaire">infraction</LienIntra></Paragraphe></Item><Item><Paragraphe>La personne à qui vous demandez réparation est bien <LienInterne LienPublication="F1423" type="Fiche Question-réponse conditionnée" audience="Particuliers">responsable</LienInterne> de votre préjudice (auteur de la négligence, de la faute ou de l'infraction, ou son représentant légal)</Paragraphe></Item><Item><Paragraphe>Le préjudice est réel (la faute vous a causé un dommage incontestable)</Paragraphe></Item><Item><Paragraphe>Le préjudice est direct et vous concerne personnellement</Paragraphe></Item><Item><Paragraphe>Le préjudice est certain. Le dommage est établi et peut être évalué. L'évaluation peut être pour un dommage immédiat (coût d'une voiture accidentée, frais médicaux....). Elle peut aussi se faire pour un dommage futur, s'il est certain que le dommage se produira et qu'il peut être évalué immédiatement. Par exemple : si une personne est blessée, les conséquences de cette blessure sur sa situation à venir et la perte de gains futurs peut être évaluée (par exemple, plusieurs jours de travail manqués).</Paragraphe></Item></Liste></SousChapitre><SousChapitre><Titre><Paragraphe>Saisine du tribunal</Paragraphe></Titre><Paragraphe>Vous pouvez demander une indemnisation lors d'un procès pénal, si le responsable du dommage a commis une infraction. C'est la <LienInterne LienPublication="F1454" type="Fiche Question-réponse conditionnée" audience="Particuliers">constitution de partie civile</LienInterne>.</Paragraphe><Paragraphe>Vous devez présenter au tribunal une demande destinée à indemniser l'ensemble des préjudices que vous avez subis. Le juge ne peut pas condamner la partie attaquée à verser un montant supérieur à votre demande.</Paragraphe><Paragraphe>Si vous ne pouvez pas être présent lors du procès, vous pouvez adresser par courrier votre demande de constitution de partie civile. Vous devez y préciser les dommages subis et le montant que vous demandez. Vous devez adresser la demande au tribunal chargé de l'affaire avant la date de l'audience.</Paragraphe></SousChapitre></Chapitre><Chapitre><Titre><Paragraphe>Versement de l'indemnisation</Paragraphe></Titre><Paragraphe>Le mode de versement et le règlement des litiges dépendent de la situation.</Paragraphe><BlocCas affichage="radio"><Cas><Titre>Cas général</Titre><Paragraphe>Une fois la somme déterminée par le juge, la victime possède une <LienIntra LienID="R12474" type="Définition de glossaire">créance</LienIntra> sur la personne condamnée qui devient <LienIntra LienID="R12468" type="Définition de glossaire">débiteur</LienIntra>. La créance est un droit dont la victime peut utiliser.</Paragraphe><Paragraphe>En cas de difficulté dans le recouvrement des sommes, il est possible de faire appel au Service d'aide au recouvrement des victimes d'infraction (Sarvi). Ce service peut directement indemniser la victime.</Paragraphe><ASavoir><Titre>À savoir</Titre><Paragraphe>dans certains cas, c'est <LienInterne LienPublication="F2123" type="Fiche Question-réponse conditionnée" audience="Particuliers">l'assurance</LienInterne> du responsable du dommage qui peut indemniser la victime.</Paragraphe></ASavoir></Cas><Cas><Titre>Condamnation à la prison avec sursis</Titre><Paragraphe>L'auteur de l'infraction peut être condamné par un tribunal pénal à une peine de prison avec <LienIntra LienID="R52367" type="Définition de glossaire">sursis</LienIntra> et à l'indemnisation de la victime.</Paragraphe><Paragraphe>Les conditions de l'indemnisation sont déterminées par le juge d'application des peines.</Paragraphe><Paragraphe>En cas de difficulté dans le recouvrement des sommes, il est possible d'en informer :</Paragraphe><Liste type="puce"><Item><Paragraphe>le juge d'application des peines, le juge compétent est celui du domicile de l'auteur (si vous ne le connaissez pas, vous pouvez écrire au tribunal qui a prononcé la condamnation et qui transmettra au bon service),</Paragraphe></Item><Item><Paragraphe>le service pénitentiaire d'insertion et de probation du domicile de la victime,</Paragraphe></Item><Item><Paragraphe>le <LienInterne LienPublication="F1744" type="Fiche d'information conditionnée" audience="Particuliers">Service d'aide au recouvrement des victimes d'infraction (Sarvi)</LienInterne>. Ce service peut directement indemniser la victime.</Paragraphe></Item></Liste><ASavoir><Titre>À savoir</Titre><Paragraphe>dans certains cas, c'est <LienInterne LienPublication="F2123" type="Fiche Question-réponse conditionnée" audience="Particuliers">l'assurance</LienInterne> du responsable du dommage qui peut indemniser la victime.</Paragraphe></ASavoir><OuSAdresser ID="R30" sve="non" type="Local"><Titre>Tribunal judiciaire</Titre><RessourceWeb URL="http://www.annuaires.justice.gouv.fr/"/><Source ID="R30663">Ministère chargé de la justice</Source></OuSAdresser><OuSAdresser ID="R17018" sve="non" type="Local personnalisé sur SP"><Titre>Service pénitentiaire d'insertion et de probation (Spip)</Titre><PivotLocal>spip</PivotLocal><RessourceWeb URL="http://www.annuaires.justice.gouv.fr/services-penitentiaires-insertion-et-probation-10114/"/><Source ID="R30663">Ministère chargé de la justice</Source></OuSAdresser></Cas><Cas><Titre>Condamnation à une peine d'emprisonnement ferme</Titre><Paragraphe>L'auteur de l'infraction peut être condamné par un tribunal pénal à une peine de prison ferme et à l'indemnisation de la victime.</Paragraphe><Paragraphe>La personne incarcérée dispose d'un compte nominatif sur lequel des sommes d'argent peuvent être versées. Une partie de ce compte est réservée à l'indemnisation des parties civiles.</Paragraphe><Paragraphe>En cas de condamnation définitive, l'établissement est informé de l'existence de parties civiles et du montant de leur créance. Le chef d'établissement doit veiller à ce que les sommes soient régulièrement versées aux parties civiles.</Paragraphe><Paragraphe>En cas de difficulté dans le recouvrement des sommes ou si le prélèvement direct est insuffisant à couvrir le montant des dommages-intérêts, il est possible de faire appel :</Paragraphe><Liste type="puce"><Item><Paragraphe>à un commissaire de justice (anciennement huissier de justice et commissaire-priseur judiciaire) pour obtenir une saisie-arrêt sur le compte de la personne détenue,</Paragraphe></Item><Item><Paragraphe>au président du tribunal (il pourra décider d'une saisie-arrêt sur le salaire du débiteur),</Paragraphe></Item><Item><Paragraphe>au juge de l‘application des peines en charge du suivi de la personne condamnée (le juge compétent est celui du ressort sur lequel se situe l'établissement pénitentiaire dans lequel l'auteur est détenu).</Paragraphe></Item></Liste><Paragraphe>Une saisie des biens de la personne incarcérée peut être demandée si les mesures précédentes n'ont pas suffit à couvrir le montant des dommages-intérêts.</Paragraphe><ASavoir><Titre>À savoir</Titre><Paragraphe>dans certains cas, c'est <LienInterne LienPublication="F2123" type="Fiche Question-réponse conditionnée" audience="Particuliers">l'assurance</LienInterne> du responsable du dommage qui peut indemniser la victime.</Paragraphe></ASavoir><OuSAdresser ID="R10916" sve="non" type="Local personnalisable"><Titre>Commissaire de justice (anciennement huissier de justice et commissaire-priseur judiciaire)</Titre><PivotLocal>huissier_justice</PivotLocal><RessourceWeb URL="https://commissaire-justice.fr/"/></OuSAdresser><OuSAdresser ID="R30" sve="non" type="Local"><Titre>Tribunal judiciaire</Titre><RessourceWeb URL="http://www.annuaires.justice.gouv.fr/"/><Source ID="R30663">Ministère chargé de la justice</Source></OuSAdresser></Cas></BlocCas></Chapitre></Texte></Situation><Situation><Titre>Affaire administrative</Titre><Condition><estVrai var="T11723"/></Condition><Texte><Chapitre><Titre><Paragraphe>Types de préjudice</Paragraphe></Titre><Paragraphe>Il existe 3 types de préjudice :</Paragraphe><Tableau><Titre>Types de préjudice</Titre><Colonne largeur="50" type="normal"/><Colonne largeur="50" type="normal"/><Rangée type="header"><Cellule><Paragraphe>Type</Paragraphe></Cellule><Cellule><Paragraphe>Définition</Paragraphe></Cellule></Rangée><Rangée type="normal"><Cellule><Paragraphe>Préjudice physique</Paragraphe></Cellule><Cellule><Paragraphe>Atteinte à la santé ou à l'intégrité physique ou mentale d'une personne</Paragraphe><Paragraphe>Exemples :</Paragraphe><Paragraphe>- Jambe cassée suite à des violences ou à un accident de la route</Paragraphe><Paragraphe>- Maladie causée par un produit chimique</Paragraphe></Cellule></Rangée><Rangée type="normal"><Cellule><Paragraphe>Préjudice moral</Paragraphe></Cellule><Cellule><Paragraphe>Atteinte au bien-être affectif, à l'honneur ou à la réputation</Paragraphe><Paragraphe>Exemples :</Paragraphe><Paragraphe>- Perte d'un proche</Paragraphe><Paragraphe>- Diffamation d'une personne ou d'une société</Paragraphe></Cellule></Rangée><Rangée type="normal"><Cellule><Paragraphe>Préjudice matériel</Paragraphe></Cellule><Cellule><Paragraphe>Atteintes aux biens d'une personne (voiture, vêtements...) et à ses intérêts financiers (perte de chiffre d'affaires, sommes versées à tort...)</Paragraphe></Cellule></Rangée></Tableau><Paragraphe>Tous ces préjudices peuvent être réparés par le versement de dommages et intérêts qui compensent financièrement le préjudice subi.</Paragraphe><Paragraphe>Une infraction peut occasionner plusieurs préjudices : par exemple, un vol avec effraction occasionne un préjudice matériel et moral.</Paragraphe></Chapitre><Chapitre><Titre><Paragraphe>Demande d'indemnisation</Paragraphe></Titre><SousChapitre><Titre><Paragraphe>Constitution du dossier</Paragraphe></Titre><Paragraphe>Si vous êtes victime et que vous souhaitez être indemnisé pour un préjudice causé par un service public, vous devez constituer un dossier comprenant, pour chaque préjudice, l'évaluation du montant de la réparation. L'évaluation doit comprendre les frais liés directement aux dommages subis.</Paragraphe><Paragraphe>Vous devez également prouver les faits suivants :</Paragraphe><Liste type="puce"><Item><Paragraphe>Votre préjudice a été causé par un service public</Paragraphe></Item><Item><Paragraphe>La personne à qui vous demandez réparation est bien <LienInterne LienPublication="F1423" type="Fiche Question-réponse conditionnée" audience="Particuliers">responsable</LienInterne> de votre préjudice (agent public auteur de l'acte fautif, collectivité publique responsable de l'agent)</Paragraphe></Item><Item><Paragraphe>Le préjudice est réel (la faute vous a causé un dommage incontestable)</Paragraphe></Item><Item><Paragraphe>Le préjudice est direct et vous concerne personnellement</Paragraphe></Item><Item><Paragraphe>Le préjudice est certain. Le dommage est établi et peut être évalué. L'évaluation peut être pour un dommage immédiat (coût d'une voiture accidentée, frais médicaux....). Elle peut aussi se faire pour un dommage futur, s'il est certain que le dommage se produira et qu'il peut être évalué immédiatement. Par exemple : si une personne est blessée, les conséquences de cette blessure sur sa situation à venir et les pertes de gains futurs peuvent être évaluées (par exemple, plusieurs jours de travail manqués).</Paragraphe></Item></Liste></SousChapitre><SousChapitre><Titre><Paragraphe>Saisir le tribunal</Paragraphe></Titre><Paragraphe>Le tribunal qui est compétent pour examiner les recours en indemnisation dirigés contre une administration ou un service public est le <LienInterne LienPublication="F2478" type="Fiche d'information conditionnée" audience="Particuliers">tribunal administratif</LienInterne>.</Paragraphe><Paragraphe>La demande qui vise à obtenir une indemnisation du tribunal administratif s'appelle « <MiseEnEvidence><Expression>recours indemnitaire</Expression></MiseEnEvidence> ».</Paragraphe><Paragraphe>Mais vous <MiseEnEvidence>ne pouvez pas saisir directement le tribunal administratif</MiseEnEvidence> d'un <Expression>recours indemnitaire</Expression>.</Paragraphe><Paragraphe>Vous devez <MiseEnEvidence>d'abord</MiseEnEvidence> envoyer une <MiseEnEvidence>demande préalable </MiseEnEvidence>d'indemnisation auprès de l’administration ou auprès du service public concerné une demande visant à obtenir une somme d’argent en réparation d’un préjudice qui vous a été causé par son action.</Paragraphe><Paragraphe>La demande d'indemnisation doit être envoyée par lettre recommandée avec accusé de réception.</Paragraphe><Paragraphe><MiseEnEvidence>Si l'administration vous envoie une réponse négative</MiseEnEvidence>, vous pourrez saisir le tribunal administratif dans un <MiseEnEvidence>délai de 2 mois</MiseEnEvidence> qui commence à courir le lendemain du jour où vous avez reçu cette réponse.</Paragraphe><Paragraphe><MiseEnEvidence>Si l'administration ne vous répond pas dans les 2 mois</MiseEnEvidence> qui suivent la date d'envoi de votre demande d'indemnisation, son silence est assimilable à une réponse tacite négative.</Paragraphe><Paragraphe>Dans ce cas, vous pourrez saisir le tribunal administratif à partir de la naissance de cette décision tacite de refus et dans un <MiseEnEvidence>délai de 2 mois</MiseEnEvidence> qui commence à courir le lendemain du jour où cette décision implicite est née.</Paragraphe><Attention><Titre>Attention</Titre><Paragraphe>vous pouvez <MiseEnEvidence>saisir directement le tribunal administratif</MiseEnEvidence> sans faire de demande préalable à l'administration lorsque le litige concerne les <MiseEnEvidence>travaux publics</MiseEnEvidence> ou le<MiseEnEvidence> contentieux électoral</MiseEnEvidence>, ou lorsque votre demande fait <MiseEnEvidence>suite à une instance devant une juridiction de l'ordre judiciaire</MiseEnEvidence>.</Paragraphe></Attention><Paragraphe>Le tribunal compétent est celui dans le ressort (territoire) duquel se trouve l'administration ou le service public mis en cause.</Paragraphe><OuSAdresser ID="R27" sve="non" type="Local personnalisable"><Titre>Tribunal administratif</Titre><PivotLocal>ta</PivotLocal><RessourceWeb URL="https://www.conseil-etat.fr/qui-sommes-nous/tribunaux-et-cours/la-carte-des-juridictions-administratives"/><Source ID="R30728">Conseil d'État</Source></OuSAdresser></SousChapitre></Chapitre><Chapitre><Titre><Paragraphe>Versement de l'indemnisation</Paragraphe></Titre><Paragraphe>L'administration ou le service public qui est condamné par le tribunal administratif à vous indemniser doit vous verser la somme fixée dans le jugement.</Paragraphe><Paragraphe>La décision du juge accordant l'indemnisation peut être exécutée de manière définitive ou provisoire.</Paragraphe><ASavoir><Titre>À savoir</Titre><Paragraphe>dans certains cas, c'est <LienInterne LienPublication="F2123" type="Fiche Question-réponse conditionnée" audience="Particuliers">l'assurance</LienInterne> du service public responsable du dommage qui peut indemniser la victime.</Paragraphe></ASavoir></Chapitre></Texte></Situation></ListeSituations><VoirAussi important="non"><Fiche ID="F1744" audience="Particuliers"><Titre>Aide aux victimes d'infraction pénale pour recouvrer les dommages et intérêts</Titre><Theme ID="N19807"><Titre>Justice</Titre></Theme></Fiche><Fiche ID="F1780" audience="Particuliers"><Titre>Exécution d'une décision du juge civil </Titre><Theme ID="N19807"><Titre>Justice</Titre></Theme></Fiche></VoirAussi><QuiPeutMAider ID="R34" sve="non" type="Local personnalisable"><Titre>Permanence juridique</Titre><PivotLocal>permanence_juridique</PivotLocal><RessourceWeb URL="http://www.annuaires.justice.gouv.fr/annuaires-12162/annuaire-des-permanences-juridiques-21770.html"/><Source ID="R30663">Ministère chargé de la justice</Source></QuiPeutMAider><Reference type="Texte de référence" URL="https://www.legifrance.gouv.fr/codes/id/LEGISCTA000032021488/" ID="R610"><Titre>Code civil : articles 1240 à 1244</Titre><Complement>Responsabilité en cas de faute</Complement></Reference><Reference type="Texte de référence" URL="https://www.legifrance.gouv.fr/codes/id/LEGISCTA000032021490" ID="R19170"><Titre>Code civil : articles 1245 à 1245-17</Titre><Complement>Responsabilité du fait des produits défectueux</Complement></Reference><Reference type="Texte de référence" URL="https://www.legifrance.gouv.fr/codes/section_lc/LEGITEXT000006071154/LEGISCTA000006167422/" ID="R19559"><Titre>Code de procédure pénale : articles 85 à 91-1</Titre><Complement>Dépôt d'une plainte avec constitution de partie civile</Complement></Reference><Reference type="Texte de référence" URL="https://www.legifrance.gouv.fr/codes/id/LEGISCTA000006182906/" ID="R19560"><Titre>Code de procédure pénale : articles 418 à 426</Titre><Complement>Constitution de partie civile lors d'un procès</Complement></Reference><Reference type="Texte de référence" URL="https://www.legifrance.gouv.fr/loda/id/JORFTEXT000000239085/" ID="R10700"><Titre>Décret n°2005-113 du 11 février 2005 relatif à la responsabilité du fait des produits défectueux</Titre></Reference><ServiceEnLigne ID="R49816" URL="https://assure.ameli.fr/PortailAS/appmanager/PortailAS/assure?_nfpb=true&amp;_pageLabel=as_declarer_accident_cause_par_tiers_page" audience="Particuliers" type="Téléservice"><Titre>Déclaration d'un accident causé par un tiers</Titre><Source ID="R30675">Caisse nationale d'assurance maladie (Cnam)</Source></ServiceEnLigne><PourEnSavoirPlus type="Information pratique" ID="R59005" URL="https://parcours-victimes.fr" audience="Particuliers"><Titre>Parcours victimes (violences physiques, sexuelles ou psychologiques)</Titre><Source ID="R30663">Ministère chargé de la justice</Source></PourEnSavoirPlus><Definition ID="R10272"><Titre>Infraction</Titre><Texte><Paragraphe>Acte interdit par la loi et passible de sanctions pénales</Paragraphe></Texte></Definition><Definition ID="R16772"><Titre>Astreinte</Titre><Texte><Paragraphe>Condamnation d'une personne à payer une somme d'argent par jour, semaine ou mois de retard si une obligation imposée par une décision de justice n'est pas exécutée.</Paragraphe></Texte></Definition><Definition ID="R12474"><Titre>Créance</Titre><Texte><Paragraphe>Droit permettant à une personne d'exiger quelque chose d'une autre personne, en général le paiement d'une somme d'argent. Terme souvent utilisé pour désigner la somme due.</Paragraphe></Texte></Definition><Definition ID="R12468"><Titre>Débiteur</Titre><Texte><Paragraphe>Personne tenue envers une autre d'exécuter une obligation (qui peut être le versement d'une somme d'argent)</Paragraphe></Texte></Definition><Definition ID="R52367"><Titre>Sursis</Titre><Texte><Paragraphe>Dispense accordée à un agent ayant pour effet de ne pas l'exclure effectivement du service pour tout ou partie de la durée de la sanction disciplinaire infligée</Paragraphe></Texte></Definition><QuestionReponse ID="F1423" audience="Particuliers"><Titre>Qui doit vous indemniser si vous avez subi un préjudice ?</Titre></QuestionReponse></Publication>