<?xml version="1.0" encoding="UTF-8"?><Publication xmlns:dc="http://purl.org/dc/elements/1.1/" xmlns:xsi="http://www.w3.org/2001/XMLSchema-instance" ID="F1459" type="Fiche d'information conditionnée" xsi:noNamespaceSchemaLocation="../Schemas/3.4/Publication.xsd" dateDerniereModificationImportante="2021-01-01T00:00:00" spUrl="https://www.service-public.fr/particuliers/vosdroits/F1459"><dc:title>Conduire en France avec un permis étranger pour un court séjour ou des études</dc:title><dc:creator>Direction de l'information légale et administrative</dc:creator><dc:subject>Transports - Mobilité</dc:subject><dc:description>Votre permis de conduire étranger délivré hors de l'UE /EEE est valable si vous êtes en France pour un court séjour ou pour des études.</dc:description><dc:publisher>Direction de l'information légale et administrative</dc:publisher><dc:contributor>Direction de l'information légale et administrative (Premier ministre)</dc:contributor><dc:date>modified 2023-06-22</dc:date><dc:type>Fiche pratique</dc:type><dc:format>text/xml</dc:format><dc:identifier>F1459</dc:identifier><dc:source>https://www.legifrance.gouv.fr/codes/section_lc/LEGITEXT000006074228/LEGISCTA000006159563, https://www.legifrance.gouv.fr/loda/id/JORFTEXT000025175223, https://www.legifrance.gouv.fr/download/pdf/circ?id=35951</dc:source><dc:language>Fr</dc:language><dc:relation>isPartOf N19126</dc:relation><dc:coverage>France entière</dc:coverage><dc:rights>https://www.service-public.fr/a-propos/mentions-legales</dc:rights><SurTitre>Fiche pratique</SurTitre><Audience>Particuliers</Audience><Canal>www.service-public.fr</Canal><FilDAriane><Niveau ID="Particuliers">Accueil particuliers</Niveau><Niveau ID="N19812">Transports - Mobilité</Niveau><Niveau ID="N19126">Conduire en France avec un permis étranger</Niveau><Niveau ID="F1459" type="Fiche d'information conditionnée">Conduire en France avec un permis étranger pour un court séjour ou des études</Niveau></FilDAriane><Theme ID="N19812"><Titre>Transports - Mobilité</Titre></Theme><DossierPere ID="N19126"><Titre>Conduire en France avec un permis étranger</Titre><SousDossier ID="N19126-1"><Titre>Permis européen</Titre><Fiche ID="F1757">Conduire en France avec un permis européen (EEE)</Fiche><Fiche ID="F1758">Echange d'un permis européen (EEE)</Fiche></SousDossier><SousDossier ID="N19126-2"><Titre>Permis d'un autre pays</Titre><Fiche ID="F1459">Court séjour ou études</Fiche><Fiche ID="F1460">Installation durable</Fiche></SousDossier></DossierPere><SousDossierPere>Permis d'un autre pays</SousDossierPere><Introduction><Texte><Paragraphe>Vous faites un court séjour en France ou vous êtes en France pour vos études et vous souhaitez conduire en France avec votre permis non <LienIntra LienID="R55492" type="Définition de glossaire">européen (UE/EEE)</LienIntra> ? Nous vous présentons les informations à connaître.</Paragraphe></Texte></Introduction><Texte><Paragraphe>Attention : les règles sont différentes si vous voulez <LienInterne LienPublication="F1757" type="Fiche d'information conditionnée" audience="Particuliers">conduire en France avec un permis européen (UE/EEE)</LienInterne> ou <LienInterne LienPublication="F1460" type="Fiche d'information conditionnée" audience="Particuliers">si vous vous installez en France</LienInterne>.</Paragraphe></Texte><ListeSituations affichage="onglet"><Situation><Titre>Court séjour</Titre><Condition><estVrai var="T11245"/></Condition><Texte><Paragraphe>Vous pouvez <MiseEnEvidence>conduire</MiseEnEvidence> avec votre <MiseEnEvidence>permis non <LienIntra LienID="R55492" type="Définition de glossaire">européen</LienIntra></MiseEnEvidence> si vous êtes <MiseEnEvidence>en France</MiseEnEvidence> pour un <LienIntra LienID="R44251" type="Définition de glossaire">court séjour</LienIntra>.</Paragraphe><Paragraphe>Par exemple, pour des vacances.</Paragraphe><Paragraphe>Votre permis doit être <MiseEnEvidence>en cours de validité</MiseEnEvidence>.</Paragraphe><Paragraphe>Votre permis doit être <MiseEnEvidence>rédigé en français</MiseEnEvidence> ou être accompagné d'une <MiseEnEvidence>traduction officielle</MiseEnEvidence> ou d'un <MiseEnEvidence>permis de conduire international</MiseEnEvidence> (sauf pour le permis britannique).</Paragraphe><Paragraphe>Si vous souhaitez obtenir la traduction en France, vous devez vous adresser à un <LienInterne LienPublication="F12956" type="Fiche Question-réponse conditionnée" audience="Particuliers">traducteur agréé</LienInterne>.</Paragraphe></Texte></Situation><Situation><Titre>Études</Titre><Condition><estVrai var="T11246"/></Condition><Texte><Chapitre><Titre><Paragraphe>Comment conduire en France avec un permis étranger pendant vos études ?</Paragraphe></Titre><Paragraphe>Vous pouvez conduire avec votre permis non <LienIntra LienID="R55492" type="Définition de glossaire">européen</LienIntra> <MiseEnEvidence>pendant toutes vos études en France</MiseEnEvidence> à condition d'avoir un <LienInterne LienPublication="N110" type="Dossier" audience="Particuliers">titre de séjour étudiant</LienInterne>.</Paragraphe><Complement><Titre>Savoir quelle règle s'applique à un étudiant étranger qui passe son permis dans son pays lors de ses études en France</Titre><Paragraphe>Si vous obtenez le permis lors d'un séjour dans votre pays alors que vous êtes étudiant en France, vous pouvez conduire avec votre permis non européen jusqu'à la fin de vos études en France.</Paragraphe><Paragraphe>Exemple : un étudiant japonais fait ses études en France et obtient son permis de conduire lors d'un séjour au Japon. Il peut conduire en France avec son permis japonais jusqu'à la fin de ses études en France.</Paragraphe></Complement><Complement><Titre>Savoir quelle règle s'applique à un étudiant français ayant un permis de conduire étranger</Titre><Paragraphe>Si vous êtes <MiseEnEvidence>français</MiseEnEvidence> et avez un <MiseEnEvidence>permis étranger</MiseEnEvidence>, vous ne pouvez pas conduire en France avec ce permis durant toutes vos études en France.</Paragraphe><Paragraphe>Cette règle s'applique y compris si vous avez la nationalité du pays de délivrance du permis de conduire.</Paragraphe><Paragraphe>Votre <MiseEnEvidence>permis de conduire étranger</MiseEnEvidence> est reconnu <MiseEnEvidence>durant 1 an </MiseEnEvidence>à partir de votre installation en France.</Paragraphe><Paragraphe>Durant ce délai, vous pouvez demander <LienInterne LienPublication="F1460" type="Fiche d'information conditionnée" audience="Particuliers">l'échange de votre permis étranger</LienInterne>.</Paragraphe><Paragraphe>Si votre permis de conduire étranger n'est pas <LienExterne URL="https://www.diplomatie.gouv.fr/IMG/pdf/---_liste_permis_de_conduire_valables_a_l_echange_09.12.2021---_cle8735a7.pdf" format="application/pdf" poids="357.2 KB">échangeable</LienExterne>, vous devez <LienInterne LienPublication="F2828" type="Fiche d'information conditionnée" audience="Particuliers">passer l'examen du permis de conduire français</LienInterne> pour continuer à conduire en France.</Paragraphe></Complement><SousChapitre><Titre><Paragraphe>Quelles conditions doit remplir votre permis ?</Paragraphe></Titre><Liste type="puce"><Item><Paragraphe>Être <MiseEnEvidence>en cours de validité</MiseEnEvidence></Paragraphe></Item><Item><Paragraphe>Avoir été <MiseEnEvidence>délivré par le pays</MiseEnEvidence> où vous aviez votre <LienIntra LienID="R2308" type="Définition de glossaire">résidence normale</LienIntra> avant d'entrer en France</Paragraphe></Item><Item><Paragraphe>Être <MiseEnEvidence>rédigé en français</MiseEnEvidence> ou être accompagné d'une <LienInterne LienPublication="F12956" type="Fiche Question-réponse conditionnée" audience="Particuliers">traduction officielle</LienInterne> en français</Paragraphe></Item></Liste></SousChapitre><SousChapitre><Titre><Paragraphe>Quelles conditions devez-vous remplir ?</Paragraphe></Titre><Liste type="puce"><Item><Paragraphe>Avoir un <LienInterne LienPublication="N110" type="Dossier" audience="Particuliers">titre de séjour comportant la mention étudiant</LienInterne> en cours de validité</Paragraphe></Item><Item><Paragraphe>Avoir <MiseEnEvidence>l'âge minimal</MiseEnEvidence> pour conduire en France les véhicules de la catégorie équivalente de votre permis.</Paragraphe><Paragraphe>Par exemple, 18 ans pour le <LienInterne LienPublication="F2828" type="Fiche d'information conditionnée" audience="Particuliers">permis de catégorie B</LienInterne>.</Paragraphe></Item><Item><Paragraphe>Respecter les éventuelles <MiseEnEvidence>prescriptions médicales</MiseEnEvidence> notées sur votre permis.</Paragraphe><Paragraphe>Par exemple, port de lunettes obligatoire.</Paragraphe></Item><Item><Paragraphe>Ne <MiseEnEvidence>pas avoir été sanctionné</MiseEnEvidence> dans votre pays (ou dans le pays de délivrance du permis s'il est différent) par une <LienInterne LienPublication="F21761" type="Fiche d'information conditionnée" audience="Particuliers">suspension</LienInterne>, restriction ou une <LienInterne LienPublication="F21774" type="Fiche d'information conditionnée" audience="Particuliers">annulation</LienInterne> de votre droit de conduire</Paragraphe></Item></Liste><Complement><Titre>Savoir quelle règle s'applique à un étudiant étranger dont le permis n'a pas été obtenu dans son pays d'origine</Titre><Paragraphe>Si votre nationalité est différente du pays de délivrance du permis, vous devez avoir obtenu votre permis pendant une période au cours de laquelle votre <LienIntra LienID="R2308" type="Définition de glossaire">résidence normale</LienIntra> était dans ce pays.</Paragraphe><Paragraphe>Exemple : si vous êtes Marocain et avez un permis algérien, vous devez avoir obtenu votre permis algérien lors d'une période où vous <LienIntra LienID="R2308" type="Définition de glossaire">résidiez</LienIntra> en Algérie.</Paragraphe></Complement></SousChapitre></Chapitre><Chapitre><Titre><Paragraphe>Comment faire pour continuer à conduire en France à la fin de vos études ?</Paragraphe></Titre><Paragraphe>À la fin de vos études, si vous obtenez un <LienInterne LienPublication="F39" type="Fiche Question-réponse conditionnée" audience="Particuliers">titre de séjour</LienInterne> autre qu'étudiant, vous devez <MiseEnEvidence>échanger votre permis étranger contre un permis français</MiseEnEvidence> pour continuer à conduire en France.</Paragraphe><Paragraphe>Vous devez <LienInterne LienPublication="F1460" type="Fiche d'information conditionnée" audience="Particuliers">demander l'échange de votre permis de conduire</LienInterne> lors de l'échange de votre titre de séjour et <MiseEnEvidence>au plus tard dans l'année qui suit la remise de votre nouveau titre de séjour</MiseEnEvidence>.</Paragraphe><Paragraphe>Si votre permis de conduire étranger n'est pas <LienExterne URL="https://www.diplomatie.gouv.fr/IMG/pdf/---_liste_permis_de_conduire_valables_a_l_echange_09.12.2021---_cle8735a7.pdf" format="application/pdf" poids="357.2 KB">échangeable</LienExterne>, vous devez <LienInterne LienPublication="F2828" type="Fiche d'information conditionnée" audience="Particuliers">passer l'examen du permis de conduire français</LienInterne> pour continuer à conduire en France.</Paragraphe></Chapitre></Texte></Situation></ListeSituations><VoirAussi important="non"><Fiche ID="F1757" audience="Particuliers"><Titre>Conduire en France avec un permis européen (UE/EEE)</Titre><Theme ID="N19812"><Titre>Transports - Mobilité</Titre></Theme></Fiche><Fiche ID="F1460" audience="Particuliers"><Titre>Échange de permis de conduire obtenu hors Europe (UE/EEE) - installation en France</Titre><Theme ID="N19812"><Titre>Transports - Mobilité</Titre></Theme></Fiche><Fiche ID="F1758" audience="Particuliers"><Titre>Échange d'un permis de conduire obtenu en Europe (EEE)</Titre><Theme ID="N19812"><Titre>Transports - Mobilité</Titre></Theme></Fiche></VoirAussi><QuiPeutMAider ID="R33823" sve="non" type="Centre de contact"><Titre>Agence nationale des titres sécurisés (ANTS) - Permis de conduire</Titre><Source ID="R30628">Agence nationale des titres sécurisés (ANTS)</Source><Texte><Chapitre><Titre><Paragraphe>En ligne</Paragraphe></Titre><Paragraphe><LienExterne URL="https://permisdeconduire.ants.gouv.fr/">https://permisdeconduire.ants.gouv.fr/</LienExterne></Paragraphe></Chapitre><Chapitre><Titre><Paragraphe>Par messagerie</Paragraphe></Titre><Paragraphe>Accès au <LienExterne URL="https://permisdeconduire.ants.gouv.fr/aide-et-contact">formulaire de contact</LienExterne></Paragraphe></Chapitre><Chapitre><Titre><Paragraphe>Par téléphone</Paragraphe></Titre><Paragraphe><MiseEnEvidence>34 00</MiseEnEvidence></Paragraphe><Paragraphe>Du lundi au vendredi de 7h45 à 19h et le samedi de 8h à 17h. Coût d'un appel local</Paragraphe><Paragraphe><MiseEnEvidence>09 70 83 07 07</MiseEnEvidence> depuis l'Outre-Mer et l'étranger</Paragraphe></Chapitre></Texte></QuiPeutMAider><Reference type="Texte de référence" URL="https://www.legifrance.gouv.fr/codes/section_lc/LEGITEXT000006074228/LEGISCTA000006159563" ID="R799"><Titre>Code de la route : articles R222-1 à R222-8</Titre><Complement>Reconnaissance et échange d'un permis étranger (article R222-3)</Complement></Reference><Reference type="Texte de référence" URL="https://www.legifrance.gouv.fr/loda/id/JORFTEXT000025175223" ID="R18322"><Titre>Arrêté du 12 janvier 2012 fixant les conditions de reconnaissance et d'échange des permis de conduire délivrés par des États hors Espace économique européen</Titre><Complement>Articles 1 à 4 et 9 à 10</Complement></Reference><Reference type="Texte de référence" URL="https://www.legifrance.gouv.fr/download/pdf/circ?id=35951" ID="R39440"><Titre>Circulaire du 3 août 2012 relative aux conditions de reconnaissance et d'échange des permis de conduire délivrés par des pays hors EEE</Titre></Reference><PourEnSavoirPlus type="Information pratique" ID="R41622" URL="http://www.securite-routiere.gouv.fr" audience="Particuliers"><Titre>Site de la sécurité routière</Titre><Source ID="R30603">Ministère chargé de l'intérieur</Source></PourEnSavoirPlus><PourEnSavoirPlus type="Information pratique" ID="R10943" URL="https://www.diplomatie.gouv.fr/IMG/pdf/---_liste_permis_de_conduire_valables_a_l_echange_09.12.2021---_cle8735a7.pdf" audience="Particuliers" format="application/pdf" poids="357.2 KB"><Titre>Pays pratiquant l'échange réciproque des permis de conduire avec la France</Titre><Source ID="R30604">Ministère chargé de l'Europe et des affaires étrangères</Source></PourEnSavoirPlus><Definition ID="R55492"><Titre>Européen (EEE)</Titre><Texte><Paragraphe>Allemagne, Autriche, Belgique, Bulgarie, Chypre, Croatie, Danemark, Espagne, Estonie, Finlande, France, Grèce, Hongrie, Irlande, Islande, Italie, Lettonie, Liechtenstein, Lituanie, Luxembourg, Malte, Norvège, Pays-Bas, Pologne, Portugal, République tchèque, Roumanie, Slovaquie, Slovénie, Suède</Paragraphe></Texte></Definition><Definition ID="R44251"><Titre>Court séjour (permis de conduire)</Titre><Texte><Paragraphe>Séjour inférieur à 185 jours (6 mois) car, au delà, vous êtes considéré comme ayant votre résidence normale en France</Paragraphe></Texte></Definition><Definition ID="R2308"><Titre>Résidence normale (permis de conduire)</Titre><Texte><Paragraphe>Pays où une personne demeure 185 jours ou plus (6 mois) par année civile en raison d'attaches personnelles ou professionnelles. Toutefois, pour une personne dont les attaches personnelles sont situées en France mais qui se trouve à l'étranger pour y suivre ses études, une formation, un stage ou pour accomplir une mission d'une durée déterminée, la résidence normale se situe en France.</Paragraphe></Texte><Reference type="Texte de référence" URL="https://www.legifrance.gouv.fr/loda/id/JORFTEXT000025803494/" ID="R31125"><Titre>Arrêté du 20 avril 2012 fixant les conditions d'établissement, de délivrance et de validité du permis de conduire</Titre></Reference></Definition><QuestionReponse ID="F39" audience="Particuliers"><Titre>Quels titres de séjour faut-il avoir pour rester en France plus de 3 mois ?</Titre></QuestionReponse><QuestionReponse ID="F32776" audience="Particuliers"><Titre>Retour d'expatriation : comment faire rétablir son permis de conduire français ?</Titre></QuestionReponse><QuestionReponse ID="F34816" audience="Particuliers"><Titre>Peut-on conduire en France avec un permis étranger ?</Titre></QuestionReponse><QuestionReponse ID="F414" audience="Particuliers"><Titre>Quelle amende risque un étranger en cas d'infraction routière en France ?</Titre></QuestionReponse></Publication>