<?xml version="1.0" encoding="UTF-8"?><Publication xmlns:dc="http://purl.org/dc/elements/1.1/" xmlns:xsi="http://www.w3.org/2001/XMLSchema-instance" ID="F1450" type="Fiche d'information conditionnée" xsi:noNamespaceSchemaLocation="../Schemas/3.4/Publication.xsd" dateDerniereModificationImportante="2022-12-15T00:00:00" spUrl="https://www.service-public.fr/particuliers/vosdroits/F1450"><dc:title>Vol du permis de conduire</dc:title><dc:creator>Direction de l'information légale et administrative</dc:creator><dc:subject>Transports - Mobilité</dc:subject><dc:description>Vous vous êtes fait voler votre permis de conduire français ? Nous vous indiquons comment demander un nouveau permis selon que vous êtes en France, en Europe (UE/EEE) ou dans un autre pays.</dc:description><dc:publisher>Direction de l'information légale et administrative</dc:publisher><dc:contributor>Direction de l'information légale et administrative (Premier ministre)</dc:contributor><dc:date>modified 2023-03-28</dc:date><dc:type>Fiche pratique</dc:type><dc:format>text/xml</dc:format><dc:identifier>F1450</dc:identifier><dc:source>http://eur-lex.europa.eu/legal-content/FR/TXT/?uri=celex:32006L0126, https://www.legifrance.gouv.fr/codes/section_lc/LEGITEXT000006074228/LEGISCTA000032465124, https://www.legifrance.gouv.fr/codes/section_lc/LEGITEXT000006074228/LEGISCTA000006159566, https://www.legifrance.gouv.fr/codes/section_lc/LEGITEXT000006074228/LEGISCTA000006159569, https://www.legifrance.gouv.fr/codes/section_lc/LEGITEXT000044595989/LEGISCTA000044599381, https://www.legifrance.gouv.fr/loda/id/JORFTEXT000025803494/, https://www.legifrance.gouv.fr/circulaire/id/37399, http://www.senat.fr/basile/visio.do?id=qSEQ190309311</dc:source><dc:language>Fr</dc:language><dc:relation>isPartOf N530</dc:relation><dc:coverage>France entière</dc:coverage><dc:rights>https://www.service-public.fr/a-propos/mentions-legales</dc:rights><SurTitre>Fiche pratique</SurTitre><Audience>Particuliers</Audience><Canal>www.service-public.fr</Canal><Cible>Automobiliste</Cible><FilDAriane><Niveau ID="Particuliers">Accueil particuliers</Niveau><Niveau ID="N19812">Transports - Mobilité</Niveau><Niveau ID="N530">Permis de conduire</Niveau><Niveau ID="F1450" type="Fiche d'information conditionnée">Vol du permis de conduire</Niveau></FilDAriane><Theme ID="N19812"><Titre>Transports - Mobilité</Titre></Theme><DossierPere ID="N530"><Titre>Permis de conduire</Titre><SousDossier ID="N530-1"><Titre>Attestation et brevet de sécurité routière</Titre><Fiche ID="F16511">Attestation de sécurité routière (ASR)</Fiche><Fiche ID="F16548">Attestation scolaire de sécurité routière (ASSR)</Fiche><Fiche ID="F2890">Brevet de sécurité routière (BSR), catégorie AM du permis de conduire</Fiche></SousDossier><SousDossier ID="N530-2"><Titre>Permis moto</Titre><Fiche ID="F2832">Permis A1 (permis 125 cm3)</Fiche><Fiche ID="F31083">Permis A2 (- de 35 kw)</Fiche><Fiche ID="F2830">Permis A (+ de 35 kw)</Fiche></SousDossier><SousDossier ID="N530-3"><Titre>Permis B (voiture ou quadricycle lourd)</Titre><Fiche ID="F2826">Apprentissage anticipé de la conduite à partir de 15 ans (AAC)</Fiche><Fiche ID="F10036">Conduite encadrée à partir de 16 ans</Fiche><Fiche ID="F21012">Conduite supervisée à partir de 18 ans</Fiche><Fiche ID="F2825">Permis B en candidat libre</Fiche><Fiche ID="F2828">Permis B : voiture ou camionnette</Fiche><Fiche ID="F2833">Permis B1 : quadricycle lourd à moteur</Fiche><Fiche ID="F2845">Permis BE : voiture + remorque de plus de 750 kg</Fiche></SousDossier><SousDossier ID="N530-4"><Titre>Permis pour le transport de marchandises et de personnes</Titre><Fiche ID="F2843">Permis C (+ de 3,5 t)</Fiche><Fiche ID="F2846">Permis CE (+ de 3,5 t avec remorque)</Fiche><Fiche ID="F31121">Permis C1 (entre 3,5 t et 7,5 t)</Fiche><Fiche ID="F31124">Permis C1E (entre 3,5 t et 7,5 t avec remorque)</Fiche><Fiche ID="F2844">Permis D (transport + de 8 passagers)</Fiche><Fiche ID="F2848">Permis DE (transport + 8 passagers avec remorque)</Fiche><Fiche ID="F31128">Permis D1 (transport de 16 passagers maximum)</Fiche><Fiche ID="F31129">Permis D1E (transport de 16 passagers maximum avec remorque)</Fiche></SousDossier><SousDossier ID="N530-5"><Titre>Perte, vol ou détérioration du permis de conduire</Titre><Fiche ID="F1450">Vol</Fiche><Fiche ID="F1727">Perte</Fiche><Fiche ID="F20109">Détérioration</Fiche></SousDossier><SousDossier ID="N530-6"><Titre>Contrôle médical</Titre><Fiche ID="F2686">Pour raison de santé</Fiche><Fiche ID="F1255">Pour un permis professionnel</Fiche></SousDossier></DossierPere><SousDossierPere>Perte, vol ou détérioration du permis de conduire</SousDossierPere><Introduction><Texte><Paragraphe>Vous vous êtes fait voler votre permis de conduire français ? Nous vous indiquons comment demander un nouveau permis selon que vous êtes en France, en <LienIntra LienID="R55492" type="Définition de glossaire">Europe (UE/EEE)</LienIntra> ou dans un autre pays.</Paragraphe></Texte></Introduction><ListeSituations affichage="onglet"><Situation><Titre>Vous êtes en France</Titre><Condition><estVrai var="T10636"/></Condition><Texte><Chapitre numerote="true"><Titre><Paragraphe>Déclarer le vol du permis de conduire</Paragraphe></Titre><Paragraphe>Vous devez faire une <MiseEnEvidence>déclaration de vol</MiseEnEvidence> dans un <MiseEnEvidence>commissariat de police</MiseEnEvidence> ou dans une <MiseEnEvidence>brigade de gendarmerie</MiseEnEvidence>.</Paragraphe><Paragraphe>Vous pouvez faire une <MiseEnEvidence><LienInterne LienPublication="R19620" type="Téléservice" audience="Particuliers">pré-plainte en ligne</LienInterne></MiseEnEvidence> et signer ensuite votre plainte sur place dans un commissariat de police ou une brigade de gendarmerie que vous choisissez.</Paragraphe><Paragraphe>Un <MiseEnEvidence>récépissé</MiseEnEvidence> vous est alors remis pour vous permettre de <MiseEnEvidence>conduire</MiseEnEvidence> uniquement <MiseEnEvidence>en France</MiseEnEvidence>.</Paragraphe><Paragraphe>Le récépissé <MiseEnEvidence>remplace le permis</MiseEnEvidence> pendant <MiseEnEvidence>2 mois</MiseEnEvidence>.</Paragraphe><Paragraphe>Durant cette période, vous devez demander un nouveau permis de conduire.</Paragraphe><OuSAdresser ID="R13" sve="non" type="Local personnalisé sur SP"><Titre>Commissariat</Titre><PivotLocal>commissariat_police</PivotLocal><RessourceWeb URL="http://www.interieur.gouv.fr/Contact/Contacter-une-brigade-de-gendarmerie-ou-un-commissariat-de-police"/></OuSAdresser><OuSAdresser ID="R59967" sve="non" type="Local personnalisé sur SP"><Titre>Gendarmerie</Titre><PivotLocal>gendarmerie</PivotLocal><RessourceWeb URL="http://www.interieur.gouv.fr/Contact/Contacter-une-brigade-de-gendarmerie-ou-un-commissariat-de-police"/></OuSAdresser></Chapitre><Chapitre numerote="true"><Titre><Paragraphe>Demander en ligne un nouveau permis de conduire</Paragraphe></Titre><Paragraphe>Après avoir obtenu le <MiseEnEvidence>récépissé de votre déclaration de vol</MiseEnEvidence>, vous devez faire votre demande de permis de conduire.</Paragraphe><Paragraphe>La demande se fait via un <MiseEnEvidence>téléservice</MiseEnEvidence> disponible sur le site de l' <LienInterne LienPublication="R50821" type="Sigle">ANTS</LienInterne>.</Paragraphe><Paragraphe>Préparez les documents suivants au format numérique (<MiseEnEvidence>photographiés ou scannés)</MiseEnEvidence> :</Paragraphe><Liste type="puce"><Item><Paragraphe>Récépissé de la déclaration de vol</Paragraphe></Item><Item><Paragraphe><LienExterne URL="https://permisdeconduire.ants.gouv.fr/services/geolocaliser-les-photographes-habilites">Photo-signature numérique</LienExterne></Paragraphe><Paragraphe>Si vous n'avez pas accès à un service de photo et de signature numérique, il vous est proposé de remplir et d'envoyer par courrier un formulaire photo-signature (FPS) lors de la téléprocédure.</Paragraphe></Item><Item><Paragraphe><LienInterne LienPublication="F31057" type="Fiche Question-réponse conditionnée" audience="Particuliers">Justificatif d'identité</LienInterne></Paragraphe></Item><Item><Paragraphe>Justificatif de <LienInterne LienPublication="F31847" type="Fiche Question-réponse conditionnée" audience="Particuliers">domicile</LienInterne> de moins de 6 mois</Paragraphe></Item><Item><Paragraphe>Si vous êtes étranger :</Paragraphe><Paragraphe>- justificatif de votre <LienIntra LienID="R47007" type="Définition de glossaire">résidence normale</LienIntra> en France si vous avez la nationalité suisse, andorrane, monégasque ou d'un État <LienIntra LienID="R42218" type="Définition de glossaire">européen</LienIntra> (UE/EEE)</Paragraphe><Paragraphe>- justificatif de la régularité de votre séjour en France (titre de séjour) si vous avez la nationalité d'un autre État</Paragraphe></Item><Item><Paragraphe>Pour un permis de catégorie C ou D, avis médical (formulaire <LienInterne LienPublication="R14006" type="Formulaire" audience="Particuliers">Cerfa n°14880</LienInterne>)</Paragraphe><Paragraphe>Si vous ne fournissez pas d'avis médical, vous obtiendrez un <LienIntra LienID="R47007" type="Définition de glossaire">duplicata </LienIntra>reprenant la même période de validité que le permis volé.</Paragraphe></Item><Item><Paragraphe><LienInterne LienPublication="R48628" type="Téléservice" audience="Particuliers">Timbre fiscal dématérialisé</LienInterne> (<Valeur>25 €</Valeur>)</Paragraphe></Item></Liste><Paragraphe>Indiquez votre <MiseEnEvidence>numéro de téléphone</MiseEnEvidence> pour rester informé de l'avancement de votre demande et de l'expédition de votre permis de conduire.</Paragraphe><ServiceEnLigne ID="R42947" URL="https://permisdeconduire.ants.gouv.fr/demarches-en-ligne/perte-vol-deterioration-fin-de-validite-ou-changement-d-etat-civil" audience="Particuliers" type="Téléservice"><Titre>Demande en ligne d'un nouveau permis en cas de perte, vol, détérioration ou changement d'état civil</Titre><Source ID="R30628">Agence nationale des titres sécurisés (ANTS)</Source><Introduction><Texte><Paragraphe>Accessible avec un vos identifiants <LienInterne LienPublication="R50821" type="Sigle">ANTS</LienInterne> ou via <LienIntra LienID="R48788" type="Définition de glossaire">FranceConnect</LienIntra></Paragraphe></Texte></Introduction></ServiceEnLigne></Chapitre><Chapitre numerote="true"><Titre><Paragraphe>Suivre l'avancement de votre demande de permis de conduire</Paragraphe></Titre><Paragraphe>Un <MiseEnEvidence>téléservice</MiseEnEvidence> vous permet de <MiseEnEvidence>suivre en ligne</MiseEnEvidence> la <MiseEnEvidence>fabrication</MiseEnEvidence> et <MiseEnEvidence>l'envoi</MiseEnEvidence> de votre <MiseEnEvidence>permis de conduire</MiseEnEvidence>.</Paragraphe><ServiceEnLigne ID="R36427" URL="https://moncompte.ants.gouv.fr/connexion" audience="Particuliers" type="Téléservice"><Titre>Suivre l'avancement de votre demande de permis de conduire</Titre><Source ID="R30628">Agence nationale des titres sécurisés (ANTS)</Source><Introduction><Texte><Paragraphe>Accessible avec <LienIntra LienID="R48788" type="Définition de glossaire">FranceConnect</LienIntra> ou avec vos identifiants ANTS.</Paragraphe></Texte></Introduction></ServiceEnLigne><Complement><Titre>Savoir comment le permis de conduire est expédié</Titre><Paragraphe><MiseEnEvidence>L'expédition</MiseEnEvidence> du permis de conduire se fait par<MiseEnEvidence> Lettre Expert</MiseEnEvidence></Paragraphe><Paragraphe>Il s'agit d'un <MiseEnEvidence>envoi sécurisé</MiseEnEvidence>, avec <MiseEnEvidence>remise en main propre contre signature</MiseEnEvidence>.</Paragraphe><Liste type="puce"><Item><Paragraphe><MiseEnEvidence>L'adresse</MiseEnEvidence> que vous indiquez lors de la procédure en ligne doit être <MiseEnEvidence>la plus complète possible</MiseEnEvidence></Paragraphe><Paragraphe>(numéro de bâtiment, numéro d'appartement, numéro de boite à lettres, étage, couloir, escalier, "résidant chez",...).</Paragraphe></Item><Item><Paragraphe>Votre <MiseEnEvidence>boite aux lettres</MiseEnEvidence> doit présenter le <MiseEnEvidence>nom et prénom</MiseEnEvidence> de la personne qui reçoit le courrier.</Paragraphe></Item></Liste><Paragraphe><MiseEnEvidence>Si vous êtes absent</MiseEnEvidence> lors du passage du facteur, vous devez <MiseEnEvidence>aller à la Poste</MiseEnEvidence> dans les <MiseEnEvidence>15 jours</MiseEnEvidence> avec votre avis de passage ou avec le numéro de la Lettre Expert.</Paragraphe><Paragraphe><MiseEnEvidence>Si vous n'avez pas pu aller à la Poste dans les 15 jours</MiseEnEvidence>, vous n'avez rien à faire.</Paragraphe><Paragraphe>Votre permis va vous être envoyé.</Paragraphe><Paragraphe>Dans les autres cas, contactez l'<LienInterne LienPublication="R50821" type="Sigle">ANTS</LienInterne> via le formulaire de contact :</Paragraphe><OuSAdresser ID="R33823" sve="non" type="Centre de contact"><Titre>Agence nationale des titres sécurisés (ANTS) - Permis de conduire</Titre><Source ID="R30628">Agence nationale des titres sécurisés (ANTS)</Source><Texte><Chapitre><Titre><Paragraphe>En ligne</Paragraphe></Titre><Paragraphe><LienExterne URL="https://permisdeconduire.ants.gouv.fr/">https://permisdeconduire.ants.gouv.fr/</LienExterne></Paragraphe></Chapitre><Chapitre><Titre><Paragraphe>Par messagerie</Paragraphe></Titre><Paragraphe>Accès au <LienExterne URL="https://permisdeconduire.ants.gouv.fr/aide-et-contact">formulaire de contact</LienExterne></Paragraphe></Chapitre><Chapitre><Titre><Paragraphe>Par téléphone</Paragraphe></Titre><Paragraphe><MiseEnEvidence>34 00</MiseEnEvidence></Paragraphe><Paragraphe>Du lundi au vendredi de 7h45 à 19h et le samedi de 8h à 17h. Coût d'un appel local</Paragraphe><Paragraphe><MiseEnEvidence>09 70 83 07 07</MiseEnEvidence> depuis l'Outre-Mer et l'étranger</Paragraphe></Chapitre></Texte></OuSAdresser></Complement><Rappel><Titre>Rappel</Titre><Paragraphe>dans l'attente de votre nouveau permis, le <MiseEnEvidence>récépissé de déclaration de vol</MiseEnEvidence> vous permet de conduire <MiseEnEvidence>uniquement en France pendant 2 mois</MiseEnEvidence> à partir de la date de déclaration.</Paragraphe></Rappel></Chapitre></Texte></Situation><Situation><Titre>Vous êtes en Europe (UE/EEE)</Titre><Introduction><Texte><Paragraphe>En cas de vol de votre permis de conduire français alors que vous êtes dans un pays <LienIntra LienID="R55492" type="Définition de glossaire">européen (EEE)</LienIntra>, la demande de nouveau permis depuis ce pays varie si votre <LienIntra LienID="R2308" type="Définition de glossaire">résidence normale</LienIntra> est en France ou à l'étranger.</Paragraphe></Texte></Introduction><Texte><BlocCas affichage="radio"><Cas><Titre>Votre résidence normale est en France</Titre><Aide><Paragraphe>Votre résidence normale est <MiseEnEvidence>en France</MiseEnEvidence> si vous êtes dans <MiseEnEvidence>l'une des 2 situations</MiseEnEvidence> suivantes :</Paragraphe><Paragraphe>- vous demeurez en France <MiseEnEvidence>185 jours ou plus par an</MiseEnEvidence> (6 mois) en raison d'attaches personnelles et/ou professionnelles</Paragraphe><Paragraphe>- vos attaches personnelles sont situées en France mais vous êtes à l'étranger pour y poursuivre vos <MiseEnEvidence>études</MiseEnEvidence>, une <MiseEnEvidence>formation</MiseEnEvidence>, un <MiseEnEvidence>stage</MiseEnEvidence> ou pour l'exécution d'une <MiseEnEvidence>mission d'une durée déterminée</MiseEnEvidence></Paragraphe></Aide><BlocCas affichage="radio"><Cas><Titre>Vous avez une adresse postale en France</Titre><TitreFlottant><Paragraphe>1. Déclarer le vol du permis de conduire</Paragraphe></TitreFlottant><Paragraphe>Vous devez faire une <MiseEnEvidence>déclaration de vol</MiseEnEvidence> auprès des autorités locales compétentes.</Paragraphe><TitreFlottant><Paragraphe>2. Faire viser la déclaration de vol par votre consulat ou ambassade</Paragraphe></TitreFlottant><Paragraphe>Vous devez ensuite <MiseEnEvidence>faire viser la déclaration ou son récépissé</MiseEnEvidence> par votre consulat ou ambassade.</Paragraphe><Paragraphe>Le <MiseEnEvidence>récépissé</MiseEnEvidence> est valable <MiseEnEvidence>2 mois</MiseEnEvidence> pour les <MiseEnEvidence>autorités françaises</MiseEnEvidence> mais <MiseEnEvidence>vérifiez</MiseEnEvidence> auprès des <MiseEnEvidence>autorités locales</MiseEnEvidence> s'il vous <MiseEnEvidence>permet de conduire</MiseEnEvidence>.</Paragraphe><OuSAdresser ID="R2750" sve="non" type="Local personnalisable"><Titre>Ambassade ou consulat français à l'étranger</Titre><PivotLocal>ambassade_france_etranger</PivotLocal><RessourceWeb URL="https://www.diplomatie.gouv.fr/fr/le-ministere-et-son-reseau/annuaires-et-adresses-du-ministere-de-l-europe-et-des-affaires-etrangeres-meae/ambassades-et-consulats-francais-a-l-etranger/"/></OuSAdresser><TitreFlottant><Paragraphe>3. Faire la demande de nouveau permis de conduire</Paragraphe></TitreFlottant><Paragraphe>La démarche se fait <MiseEnEvidence>en ligne</MiseEnEvidence> sur le site de l'<LienInterne LienPublication="R50821" type="Sigle">ANTS</LienInterne>.</Paragraphe><Paragraphe><MiseEnEvidence>Préparez</MiseEnEvidence> les documents suivants au<MiseEnEvidence> format numérique</MiseEnEvidence> (scannés ou photographiés) :</Paragraphe><Liste type="puce"><Item><Paragraphe>Récépissé de la déclaration de vol établie par les autorités étrangères et visé par le poste consulaire ou diplomatique compétent, et sa traduction en français par un <LienInterne LienPublication="F12956" type="Fiche Question-réponse conditionnée" audience="Particuliers">traducteur agréé</LienInterne></Paragraphe></Item><Item><Paragraphe><LienExterne URL="https://permisdeconduire.ants.gouv.fr/services/geolocaliser-les-photographes-habilites">Photo-signature numérique</LienExterne></Paragraphe><Paragraphe>Si vous n'avez pas accès à un service de photo et de signature numérique, il est proposé de remplir et d'envoyer par courrier un formulaire photo-signature (FPS) lors de la procédure en ligne)</Paragraphe></Item><Item><Paragraphe>Justificatif <LienInterne LienPublication="F31057" type="Fiche Question-réponse conditionnée" audience="Particuliers">d'identité</LienInterne></Paragraphe></Item><Item><Paragraphe>Justificatif de <LienInterne LienPublication="F31847" type="Fiche Question-réponse conditionnée" audience="Particuliers">domicile</LienInterne> de moins de 6 mois</Paragraphe></Item><Item><Paragraphe>Si vous êtes étranger :</Paragraphe><Paragraphe>- justificatif de votre <LienIntra LienID="R47007" type="Définition de glossaire">résidence normale</LienIntra> en France si vous avez la nationalité suisse, andorrane, monégasque ou d'un État <LienIntra LienID="R42218" type="Définition de glossaire">européen</LienIntra> (UE/EEE)</Paragraphe><Paragraphe>- justificatif de la régularité de votre séjour en France (titre de séjour) si vous avez la nationalité d'un autre État</Paragraphe></Item><Item><Paragraphe>Justificatif du droit au séjour dans le pays où vous êtes établi</Paragraphe></Item><Item><Paragraphe>Justification du maintien de votre <LienIntra LienID="R2308" type="Définition de glossaire">résidence normale</LienIntra> en France</Paragraphe><Paragraphe>- Soit un document attestant que vous poursuivez des études, une formation, un stage ou que vous exercez une mission d'une durée déterminée dans ce pays</Paragraphe><Paragraphe>- Soit un document attestant votre résidence en France pendant 185 jours ou plus au cours de l'année précédant la réception de votre demande par le service instructeur. Par exemple, contrat de location, quittance de loyer, factures de gaz, d'électricité, ou de téléphone fixe, attestation de domiciliation délivrée par le fournisseur d'énergie.</Paragraphe></Item><Item><Paragraphe>Pour un permis de catégorie C ou D, avis médical (formulaire <LienInterne LienPublication="F1255" type="Fiche d'information conditionnée" audience="Particuliers">cerfa n°14880</LienInterne>)</Paragraphe><Paragraphe>Si vous ne fournissez pas d'avis médical, vous obtiendrez un <LienIntra LienID="R47007" type="Définition de glossaire">duplicata</LienIntra> reprenant la même période de validité que le permis volé.</Paragraphe></Item><Item><Paragraphe><LienInterne LienPublication="R48628" type="Téléservice" audience="Particuliers">Timbre fiscal dématérialisé</LienInterne> (<Valeur>25 €</Valeur>)</Paragraphe></Item></Liste><Paragraphe>Indiquez votre <MiseEnEvidence>numéro de téléphone</MiseEnEvidence> pour rester informé de l'avancement de votre demande et de l'expédition de votre permis de conduire.</Paragraphe><ServiceEnLigne ID="R42947" URL="https://permisdeconduire.ants.gouv.fr/demarches-en-ligne/perte-vol-deterioration-fin-de-validite-ou-changement-d-etat-civil" audience="Particuliers" type="Téléservice"><Titre>Demande en ligne d'un nouveau permis en cas de perte, vol, détérioration ou changement d'état civil</Titre><Source ID="R30628">Agence nationale des titres sécurisés (ANTS)</Source><Introduction><Texte><Paragraphe>Accessible avec un vos identifiants <LienInterne LienPublication="R50821" type="Sigle">ANTS</LienInterne> ou via <LienIntra LienID="R48788" type="Définition de glossaire">FranceConnect</LienIntra></Paragraphe></Texte></Introduction></ServiceEnLigne><TitreFlottant><Paragraphe>4. Suivre l'avancement de la demande de permis de conduire</Paragraphe></TitreFlottant><Paragraphe>Un <MiseEnEvidence>téléservice</MiseEnEvidence> vous permet de <MiseEnEvidence>suivre en ligne</MiseEnEvidence> la <MiseEnEvidence>fabrication</MiseEnEvidence> et <MiseEnEvidence>l'envoi</MiseEnEvidence> de votre <MiseEnEvidence>permis de conduire</MiseEnEvidence>.</Paragraphe><ServiceEnLigne ID="R36427" URL="https://moncompte.ants.gouv.fr/connexion" audience="Particuliers" type="Téléservice"><Titre>Suivre l'avancement de votre demande de permis de conduire</Titre><Source ID="R30628">Agence nationale des titres sécurisés (ANTS)</Source><Introduction><Texte><Paragraphe>Accessible avec <LienIntra LienID="R48788" type="Définition de glossaire">FranceConnect</LienIntra> ou avec vos identifiants ANTS.</Paragraphe></Texte></Introduction></ServiceEnLigne><Complement><Titre>Savoir comment le permis de conduire est expédié</Titre><Paragraphe><MiseEnEvidence>L'expédition</MiseEnEvidence> du permis de conduire se fait par<MiseEnEvidence> Lettre Expert</MiseEnEvidence></Paragraphe><Paragraphe>Il s'agit d'un <MiseEnEvidence>envoi sécurisé</MiseEnEvidence>, avec <MiseEnEvidence>remise en main propre contre signature</MiseEnEvidence>.</Paragraphe><Liste type="puce"><Item><Paragraphe><MiseEnEvidence>L'adresse</MiseEnEvidence> que vous indiquez lors de la procédure en ligne doit être <MiseEnEvidence>la plus complète possible</MiseEnEvidence></Paragraphe><Paragraphe>(numéro de bâtiment, numéro d'appartement, numéro de boite à lettres, étage, couloir, escalier, "résidant chez",...).</Paragraphe></Item><Item><Paragraphe>Votre <MiseEnEvidence>boite aux lettres</MiseEnEvidence> doit présenter le <MiseEnEvidence>nom et prénom</MiseEnEvidence> de la personne qui reçoit le courrier.</Paragraphe></Item></Liste><Paragraphe><MiseEnEvidence>Si vous êtes absent</MiseEnEvidence> lors du passage du facteur, vous devez <MiseEnEvidence>aller à la Poste</MiseEnEvidence> dans les <MiseEnEvidence>15 jours</MiseEnEvidence> avec votre avis de passage ou avec le numéro de la Lettre Expert.</Paragraphe><Paragraphe><MiseEnEvidence>Si vous n'avez pas pu aller à la Poste dans les 15 jours</MiseEnEvidence>, vous n'avez rien à faire.</Paragraphe><Paragraphe>Votre permis va vous être envoyé.</Paragraphe><Paragraphe>Dans les autres cas, contactez l'<LienInterne LienPublication="R50821" type="Sigle">ANTS</LienInterne> via le formulaire de contact :</Paragraphe><OuSAdresser ID="R33823" sve="non" type="Centre de contact"><Titre>Agence nationale des titres sécurisés (ANTS) - Permis de conduire</Titre><Source ID="R30628">Agence nationale des titres sécurisés (ANTS)</Source><Texte><Chapitre><Titre><Paragraphe>En ligne</Paragraphe></Titre><Paragraphe><LienExterne URL="https://permisdeconduire.ants.gouv.fr/">https://permisdeconduire.ants.gouv.fr/</LienExterne></Paragraphe></Chapitre><Chapitre><Titre><Paragraphe>Par messagerie</Paragraphe></Titre><Paragraphe>Accès au <LienExterne URL="https://permisdeconduire.ants.gouv.fr/aide-et-contact">formulaire de contact</LienExterne></Paragraphe></Chapitre><Chapitre><Titre><Paragraphe>Par téléphone</Paragraphe></Titre><Paragraphe><MiseEnEvidence>34 00</MiseEnEvidence></Paragraphe><Paragraphe>Du lundi au vendredi de 7h45 à 19h et le samedi de 8h à 17h. Coût d'un appel local</Paragraphe><Paragraphe><MiseEnEvidence>09 70 83 07 07</MiseEnEvidence> depuis l'Outre-Mer et l'étranger</Paragraphe></Chapitre></Texte></OuSAdresser></Complement></Cas><Cas><Titre>Vous avez une adresse postale uniquement à l'étranger</Titre><Introduction><Paragraphe>La demande de nouveau permis de conduire se fait <MiseEnEvidence>par courrier.</MiseEnEvidence></Paragraphe></Introduction><TitreFlottant><Paragraphe>1. Déclarer le vol du permis de conduire</Paragraphe></TitreFlottant><Paragraphe>Vous devez faire une <MiseEnEvidence>déclaration de vol</MiseEnEvidence> auprès des autorités locales compétentes.</Paragraphe><TitreFlottant><Paragraphe>2. Faire viser la déclaration de vol par votre consulat ou ambassade</Paragraphe></TitreFlottant><Paragraphe>Vous devez ensuite <MiseEnEvidence>faire viser la déclaration ou son récépissé</MiseEnEvidence> par votre consulat ou ambassade.</Paragraphe><Paragraphe>Le <MiseEnEvidence>récépissé</MiseEnEvidence> est valable <MiseEnEvidence>2 mois</MiseEnEvidence> pour les <MiseEnEvidence>autorités françaises</MiseEnEvidence> mais <MiseEnEvidence>vérifiez</MiseEnEvidence> auprès des <MiseEnEvidence>autorités locales</MiseEnEvidence> s'il vous <MiseEnEvidence>permet de conduire</MiseEnEvidence>.</Paragraphe><Paragraphe>Si nécessaire, les autorités locales vérifient vos droits à conduire via le réseau des permis de conduire de l'Union européenne <Expression>"RESPER"</Expression>.</Paragraphe><OuSAdresser ID="R2750" sve="non" type="Local personnalisable"><Titre>Ambassade ou consulat français à l'étranger</Titre><PivotLocal>ambassade_france_etranger</PivotLocal><RessourceWeb URL="https://www.diplomatie.gouv.fr/fr/le-ministere-et-son-reseau/annuaires-et-adresses-du-ministere-de-l-europe-et-des-affaires-etrangeres-meae/ambassades-et-consulats-francais-a-l-etranger/"/></OuSAdresser><TitreFlottant><Paragraphe>3. Préparer les documents à fournir</Paragraphe></TitreFlottant><Paragraphe>Préparez les <MiseEnEvidence>documents suivants</MiseEnEvidence> :</Paragraphe><Liste type="puce"><Item><Paragraphe>Formulaire <LienInterne LienPublication="R2135" type="Formulaire" audience="Particuliers">cerfa n°14882</LienInterne></Paragraphe></Item><Item><Paragraphe>Formulaire <LienInterne LienPublication="R32666" type="Formulaire" audience="Particuliers">cerfa n°14948</LienInterne></Paragraphe></Item><Item><Paragraphe>Copie du récépissé de la déclaration de vol établie par les autorités étrangères et visé par le poste consulaire ou diplomatique compétent, et sa traduction en français par un <LienInterne LienPublication="F12956" type="Fiche Question-réponse conditionnée" audience="Particuliers">traducteur agréé</LienInterne></Paragraphe></Item><Item><Paragraphe>Copie couleur recto-verso d'une <LienInterne LienPublication="F31057" type="Fiche Question-réponse conditionnée" audience="Particuliers">pièce d'identité</LienInterne></Paragraphe></Item><Item><Paragraphe>Copie d'un <LienInterne LienPublication="F31847" type="Fiche Question-réponse conditionnée" audience="Particuliers">justificatif de domicile</LienInterne> de moins de 6 mois</Paragraphe></Item><Item><Paragraphe>2 photos d'identité identiques et <LienInterne LienPublication="F10619" type="Fiche Question-réponse conditionnée" audience="Particuliers">conformes aux normes</LienInterne>. Indiquez au verso vos nom et prénom. Les photos sont à coller sur les formulaires cerfa.</Paragraphe></Item><Item><Paragraphe>Si vous êtes étranger :</Paragraphe><Paragraphe>- justificatif de votre <LienIntra LienID="R47007" type="Définition de glossaire">résidence normale</LienIntra> en France si vous avez la nationalité suisse, andorrane, monégasque ou d'un État <LienIntra LienID="R42218" type="Définition de glossaire">européen</LienIntra> (UE/EEE)</Paragraphe><Paragraphe>- justificatif de la régularité de votre séjour en France (titre de séjour) si vous avez la nationalité d'un autre État</Paragraphe></Item><Item><Paragraphe>Justificatif du droit au séjour dans le pays où vous êtes établi</Paragraphe></Item><Item><Paragraphe>Justification du maintien de votre <LienIntra LienID="R2308" type="Définition de glossaire">résidence normale</LienIntra> en France</Paragraphe><Paragraphe>- Soit un document attestant que vous poursuivez des études, une formation, un stage ou que vous exercez une mission d'une durée déterminée dans ce pays</Paragraphe><Paragraphe>- Soit un document attestant votre résidence en France pendant 185 jours ou plus au cours de l'année précédant la réception de votre demande par le service instructeur. Par exemple, contrat de location, quittance de loyer, factures de gaz, d'électricité, ou de téléphone fixe, attestation de domiciliation délivrée par le fournisseur d'énergie.</Paragraphe></Item><Item><Paragraphe>Pour un permis de catégorie C ou D, avis médical (formulaire <LienInterne LienPublication="F1255" type="Fiche d'information conditionnée" audience="Particuliers">cerfa n°14880</LienInterne>)</Paragraphe><Paragraphe>Si vous ne fournissez pas d'avis médical, vous obtiendrez un <LienIntra LienID="R47007" type="Définition de glossaire">duplicata</LienIntra> reprenant la même période de validité que le permis volé.</Paragraphe></Item><Item><Paragraphe>Timbre fiscal de <Valeur>25 €</Valeur></Paragraphe><Paragraphe><LienInterne LienPublication="F34118" type="Fiche Question-réponse conditionnée" audience="Particuliers">Le timbre fiscal s'achète uniquement en France</LienInterne>. Faites appel à vos proches pour l'obtenir ou procurez-vous le timbre lors d'un passage en France)</Paragraphe></Item></Liste><TitreFlottant><Paragraphe>4. Envoyer les documents par courrier</Paragraphe></TitreFlottant><Paragraphe>La demande est à envoyer <MiseEnEvidence>par courrier</MiseEnEvidence> au Cert-EPE de Paris.</Paragraphe><OuSAdresser ID="R48771" sve="non" type="National"><Titre>Cert - échange de permis de conduire étrangers (Cert-EPE) de Paris</Titre><Texte><Chapitre><Titre><Paragraphe>Par courrier exclusivement</Paragraphe></Titre><Paragraphe>Préfecture de Police de Paris</Paragraphe><Paragraphe>Direction des usagers et des polices administratives (DUPA)</Paragraphe><Paragraphe>Service des titres et des relations avec les usagers (STRU)</Paragraphe><Paragraphe>Centre d'Expertise des Ressources et des Titres échange de permis de conduire étrangers (Cert-EPE)</Paragraphe><Paragraphe>1 bis rue de Lutèce</Paragraphe><Paragraphe>75 195 Paris Cedex 04</Paragraphe></Chapitre></Texte></OuSAdresser></Cas></BlocCas></Cas><Cas><Titre>Votre résidence normale est à l'étranger</Titre><Aide><Paragraphe>Votre <MiseEnEvidence>résidence normale</MiseEnEvidence> est <MiseEnEvidence>à l'étranger</MiseEnEvidence> si vous y demeurez <MiseEnEvidence>plus de 185 jours par an</MiseEnEvidence> (plus de 6 mois) pour des raisons autres que la poursuite de vos études, le suivi d'une formation, d'un stage, ou l'exécution d'une mission d'une durée déterminée.</Paragraphe></Aide><Paragraphe>Si votre <LienIntra LienID="R2308" type="Définition de glossaire">résidence normale</LienIntra> est dans un pays <LienIntra LienID="R55492" type="Définition de glossaire">européen</LienIntra> lors du vol de votre permis de conduire français, <MiseEnEvidence>adressez-vous</MiseEnEvidence> aux <MiseEnEvidence>autorités</MiseEnEvidence> compétentes <MiseEnEvidence>de ce pays</MiseEnEvidence> pour <MiseEnEvidence>obtenir</MiseEnEvidence> un <MiseEnEvidence>nouveau permis</MiseEnEvidence>.</Paragraphe><Paragraphe>En effet, les autorités françaises ne sont plus compétentes pour renouveler votre permis.</Paragraphe></Cas></BlocCas></Texte></Situation><Situation><Titre>Vous êtes dans un autre pays</Titre><Introduction><Texte><Paragraphe>En cas de vol de votre permis de conduire français alors que vous êtes dans un pays non <LienIntra LienID="R55492" type="Définition de glossaire">européen (EEE)</LienIntra>, la demande de nouveau permis depuis ce pays varie si votre <LienIntra LienID="R2308" type="Définition de glossaire">résidence normale</LienIntra> est en France ou à l'étranger.</Paragraphe></Texte></Introduction><Texte><BlocCas affichage="radio"><Cas><Titre>Votre résidence normale est en France</Titre><Aide><Paragraphe>Votre résidence normale est <MiseEnEvidence>en France</MiseEnEvidence> si vous êtes dans <MiseEnEvidence>l'une des 2 situations</MiseEnEvidence> suivantes :</Paragraphe><Paragraphe>- vous demeurez en France <MiseEnEvidence>185 jours ou plus par an</MiseEnEvidence> (6 mois) en raison d'attaches personnelles et/ou professionnelles</Paragraphe><Paragraphe>- vos attaches personnelles sont situées en France mais vous êtes à l'étranger pour y poursuivre vos <MiseEnEvidence>études</MiseEnEvidence>, une <MiseEnEvidence>formation</MiseEnEvidence>, un <MiseEnEvidence>stage</MiseEnEvidence> ou pour l'exécution d'une <MiseEnEvidence>mission d'une durée déterminée</MiseEnEvidence></Paragraphe></Aide><BlocCas affichage="radio"><Cas><Titre>Vous avez une adresse postale en France</Titre><TitreFlottant><Paragraphe>1. Déclarer le vol du permis de conduire</Paragraphe></TitreFlottant><Paragraphe>Vous devez faire une <MiseEnEvidence>déclaration de vol</MiseEnEvidence> auprès des autorités locales compétentes.</Paragraphe><TitreFlottant><Paragraphe>2. Faire viser la déclaration de vol par votre consulat ou ambassade</Paragraphe></TitreFlottant><Paragraphe>Vous devez ensuite <MiseEnEvidence>faire viser la déclaration ou son récépissé</MiseEnEvidence> par votre consulat ou ambassade.</Paragraphe><Paragraphe>Le <MiseEnEvidence>récépissé</MiseEnEvidence> est valable <MiseEnEvidence>2 mois</MiseEnEvidence> pour les <MiseEnEvidence>autorités françaises</MiseEnEvidence> mais <MiseEnEvidence>vérifiez</MiseEnEvidence> auprès des <MiseEnEvidence>autorités locales</MiseEnEvidence> s'il vous <MiseEnEvidence>permet de conduire</MiseEnEvidence>.</Paragraphe><OuSAdresser ID="R2750" sve="non" type="Local personnalisable"><Titre>Ambassade ou consulat français à l'étranger</Titre><PivotLocal>ambassade_france_etranger</PivotLocal><RessourceWeb URL="https://www.diplomatie.gouv.fr/fr/le-ministere-et-son-reseau/annuaires-et-adresses-du-ministere-de-l-europe-et-des-affaires-etrangeres-meae/ambassades-et-consulats-francais-a-l-etranger/"/></OuSAdresser><TitreFlottant><Paragraphe>3. Faire la demande de nouveau permis de conduire</Paragraphe></TitreFlottant><Paragraphe>La démarche se fait <MiseEnEvidence>en ligne</MiseEnEvidence> sur le site de l'<LienInterne LienPublication="R50821" type="Sigle">ANTS</LienInterne>.</Paragraphe><Paragraphe><MiseEnEvidence>Préparez</MiseEnEvidence> les documents suivants au<MiseEnEvidence> format numérique</MiseEnEvidence> (scannés ou photographiés) :</Paragraphe><Liste type="puce"><Item><Paragraphe>Récépissé de la déclaration de vol établie par les autorités étrangères et visé par le poste consulaire ou diplomatique compétent, et sa traduction en français par un <LienInterne LienPublication="F12956" type="Fiche Question-réponse conditionnée" audience="Particuliers">traducteur agréé</LienInterne></Paragraphe></Item><Item><Paragraphe><LienExterne URL="https://permisdeconduire.ants.gouv.fr/services/geolocaliser-les-photographes-habilites">Photo-signature numérique</LienExterne></Paragraphe><Paragraphe>Si vous n'avez pas accès à un service de photo et de signature numérique, il est proposé de remplir et d'envoyer par courrier un formulaire photo-signature (FPS) lors de la procédure en ligne)</Paragraphe></Item><Item><Paragraphe>Justificatif <LienInterne LienPublication="F31057" type="Fiche Question-réponse conditionnée" audience="Particuliers">d'identité</LienInterne></Paragraphe></Item><Item><Paragraphe>Justificatif de <LienInterne LienPublication="F31847" type="Fiche Question-réponse conditionnée" audience="Particuliers">domicile de moins de 6 mois</LienInterne></Paragraphe></Item><Item><Paragraphe>Si vous êtes étranger :</Paragraphe><Paragraphe>- justificatif de votre <LienIntra LienID="R47007" type="Définition de glossaire">résidence normale</LienIntra> en France si vous avez la nationalité suisse, andorrane, monégasque ou d'un État <LienIntra LienID="R42218" type="Définition de glossaire">européen</LienIntra> (UE/EEE)</Paragraphe><Paragraphe>- justificatif de la régularité de votre séjour en France (titre de séjour) si vous avez la nationalité d'un autre État</Paragraphe></Item><Item><Paragraphe>Justificatif du droit au séjour dans le pays où vous êtes établi</Paragraphe></Item><Item><Paragraphe>Justification du maintien de votre <LienIntra LienID="R2308" type="Définition de glossaire">résidence normale</LienIntra> en France</Paragraphe><Paragraphe>- Soit un document attestant que vous poursuivez des études, une formation, un stage ou que vous exercez une mission d'une durée déterminée dans ce pays</Paragraphe><Paragraphe>- Soit un document attestant votre résidence en France pendant 185 jours ou plus au cours de l'année précédant la réception de votre demande par le service instructeur. Par exemple, contrat de location, quittance de loyer, factures de gaz, d'électricité, ou de téléphone fixe, attestation de domiciliation délivrée par le fournisseur d'énergie.</Paragraphe></Item><Item><Paragraphe>Pour un permis de catégorie C ou D, avis médical (formulaire <LienInterne LienPublication="F1255" type="Fiche d'information conditionnée" audience="Particuliers">cerfa n°14880</LienInterne>)</Paragraphe><Paragraphe>Si vous ne fournissez pas d'avis médical, vous obtiendrez un <LienIntra LienID="R47007" type="Définition de glossaire">duplicata</LienIntra> reprenant la même période de validité que le permis volé.</Paragraphe></Item><Item><Paragraphe><LienInterne LienPublication="R48628" type="Téléservice" audience="Particuliers">Timbre fiscal dématérialisé</LienInterne> (<Valeur>25 €</Valeur>)</Paragraphe></Item></Liste><Paragraphe>Indiquez votre <MiseEnEvidence>numéro de téléphone</MiseEnEvidence> pour rester informé de l'avancement de votre demande et de l'expédition de votre permis de conduire.</Paragraphe><ServiceEnLigne ID="R42947" URL="https://permisdeconduire.ants.gouv.fr/demarches-en-ligne/perte-vol-deterioration-fin-de-validite-ou-changement-d-etat-civil" audience="Particuliers" type="Téléservice"><Titre>Demande en ligne d'un nouveau permis en cas de perte, vol, détérioration ou changement d'état civil</Titre><Source ID="R30628">Agence nationale des titres sécurisés (ANTS)</Source><Introduction><Texte><Paragraphe>Accessible avec un vos identifiants <LienInterne LienPublication="R50821" type="Sigle">ANTS</LienInterne> ou via <LienIntra LienID="R48788" type="Définition de glossaire">FranceConnect</LienIntra></Paragraphe></Texte></Introduction></ServiceEnLigne><TitreFlottant><Paragraphe>4. Suivre l'avancement de la demande de permis de conduire</Paragraphe></TitreFlottant><Paragraphe>Un <MiseEnEvidence>téléservice</MiseEnEvidence> vous permet de <MiseEnEvidence>suivre en ligne</MiseEnEvidence> la <MiseEnEvidence>fabrication</MiseEnEvidence> et <MiseEnEvidence>l'envoi</MiseEnEvidence> de votre <MiseEnEvidence>permis de conduire</MiseEnEvidence>.</Paragraphe><ServiceEnLigne ID="R36427" URL="https://moncompte.ants.gouv.fr/connexion" audience="Particuliers" type="Téléservice"><Titre>Suivre l'avancement de votre demande de permis de conduire</Titre><Source ID="R30628">Agence nationale des titres sécurisés (ANTS)</Source><Introduction><Texte><Paragraphe>Accessible avec <LienIntra LienID="R48788" type="Définition de glossaire">FranceConnect</LienIntra> ou avec vos identifiants ANTS.</Paragraphe></Texte></Introduction></ServiceEnLigne><Complement><Titre>Savoir comment le permis de conduire est expédié</Titre><Paragraphe><MiseEnEvidence>L'expédition</MiseEnEvidence> du permis de conduire se fait par<MiseEnEvidence> Lettre Expert</MiseEnEvidence></Paragraphe><Paragraphe>Il s'agit d'un <MiseEnEvidence>envoi sécurisé</MiseEnEvidence>, avec <MiseEnEvidence>remise en main propre contre signature</MiseEnEvidence>.</Paragraphe><Liste type="puce"><Item><Paragraphe><MiseEnEvidence>L'adresse</MiseEnEvidence> que vous indiquez lors de la procédure en ligne doit être <MiseEnEvidence>la plus complète possible</MiseEnEvidence></Paragraphe><Paragraphe>(numéro de bâtiment, numéro d'appartement, numéro de boite à lettres, étage, couloir, escalier, "résidant chez",...).</Paragraphe></Item><Item><Paragraphe>Votre <MiseEnEvidence>boite aux lettres</MiseEnEvidence> doit présenter le <MiseEnEvidence>nom et prénom</MiseEnEvidence> de la personne qui reçoit le courrier.</Paragraphe></Item></Liste><Paragraphe><MiseEnEvidence>Si vous êtes absent</MiseEnEvidence> lors du passage du facteur, vous devez <MiseEnEvidence>aller à la Poste</MiseEnEvidence> dans les <MiseEnEvidence>15 jours</MiseEnEvidence> avec votre avis de passage ou avec le numéro de la Lettre Expert.</Paragraphe><Paragraphe><MiseEnEvidence>Si vous n'avez pas pu aller à la Poste dans les 15 jours</MiseEnEvidence>, vous n'avez rien à faire.</Paragraphe><Paragraphe>Votre permis va vous être envoyé.</Paragraphe><Paragraphe>Dans les autres cas, contactez l'<LienInterne LienPublication="R50821" type="Sigle">ANTS</LienInterne> via le formulaire de contact :</Paragraphe><OuSAdresser ID="R33823" sve="non" type="Centre de contact"><Titre>Agence nationale des titres sécurisés (ANTS) - Permis de conduire</Titre><Source ID="R30628">Agence nationale des titres sécurisés (ANTS)</Source><Texte><Chapitre><Titre><Paragraphe>En ligne</Paragraphe></Titre><Paragraphe><LienExterne URL="https://permisdeconduire.ants.gouv.fr/">https://permisdeconduire.ants.gouv.fr/</LienExterne></Paragraphe></Chapitre><Chapitre><Titre><Paragraphe>Par messagerie</Paragraphe></Titre><Paragraphe>Accès au <LienExterne URL="https://permisdeconduire.ants.gouv.fr/aide-et-contact">formulaire de contact</LienExterne></Paragraphe></Chapitre><Chapitre><Titre><Paragraphe>Par téléphone</Paragraphe></Titre><Paragraphe><MiseEnEvidence>34 00</MiseEnEvidence></Paragraphe><Paragraphe>Du lundi au vendredi de 7h45 à 19h et le samedi de 8h à 17h. Coût d'un appel local</Paragraphe><Paragraphe><MiseEnEvidence>09 70 83 07 07</MiseEnEvidence> depuis l'Outre-Mer et l'étranger</Paragraphe></Chapitre></Texte></OuSAdresser></Complement></Cas><Cas><Titre>Vous avez une adresse postale uniquement à l'étranger</Titre><Introduction><Paragraphe>La demande de nouveau permis de conduire se fait <MiseEnEvidence>par courrier.</MiseEnEvidence></Paragraphe></Introduction><TitreFlottant><Paragraphe>1. Déclarer le vol du permis de conduire</Paragraphe></TitreFlottant><Paragraphe>Vous devez faire une <MiseEnEvidence>déclaration de vol</MiseEnEvidence> auprès des autorités locales compétentes.</Paragraphe><TitreFlottant><Paragraphe>2. Faire viser la déclaration de vol par votre consulat ou ambassade</Paragraphe></TitreFlottant><Paragraphe>Vous devez ensuite <MiseEnEvidence>faire viser la déclaration ou son récépissé</MiseEnEvidence> par votre consulat ou ambassade.</Paragraphe><Paragraphe>Le <MiseEnEvidence>récépissé</MiseEnEvidence> est valable <MiseEnEvidence>2 mois</MiseEnEvidence> pour les <MiseEnEvidence>autorités françaises</MiseEnEvidence> mais <MiseEnEvidence>vérifiez</MiseEnEvidence> auprès des <MiseEnEvidence>autorités locales</MiseEnEvidence> s'il vous <MiseEnEvidence>permet de conduire</MiseEnEvidence>.</Paragraphe><OuSAdresser ID="R2750" sve="non" type="Local personnalisable"><Titre>Ambassade ou consulat français à l'étranger</Titre><PivotLocal>ambassade_france_etranger</PivotLocal><RessourceWeb URL="https://www.diplomatie.gouv.fr/fr/le-ministere-et-son-reseau/annuaires-et-adresses-du-ministere-de-l-europe-et-des-affaires-etrangeres-meae/ambassades-et-consulats-francais-a-l-etranger/"/></OuSAdresser><TitreFlottant><Paragraphe>3. Préparer les documents à fournir</Paragraphe></TitreFlottant><Paragraphe>Préparez les <MiseEnEvidence>documents suivants</MiseEnEvidence> :</Paragraphe><Liste type="puce"><Item><Paragraphe>Formulaire de demande de permis de conduire, hors <LienInterne LienPublication="R24622" type="Sigle">EEE</LienInterne>, à télécharger sur le site de votre consulat</Paragraphe></Item><Item><Paragraphe>Formulaire <LienInterne LienPublication="R2135" type="Formulaire" audience="Particuliers">cerfa n°14882</LienInterne></Paragraphe></Item><Item><Paragraphe>Formulaire <LienInterne LienPublication="R32666" type="Formulaire" audience="Particuliers">cerfa n°14948</LienInterne></Paragraphe></Item><Item><Paragraphe>Copie du récépissé de la déclaration de vol établie par les autorités étrangères et visé par le poste consulaire ou diplomatique compétent, et sa traduction en français par un <LienInterne LienPublication="F12956" type="Fiche Question-réponse conditionnée" audience="Particuliers">traducteur agréé</LienInterne></Paragraphe></Item><Item><Paragraphe>Copie couleur recto-verso d'une <LienInterne LienPublication="F31057" type="Fiche Question-réponse conditionnée" audience="Particuliers">pièce d'identité</LienInterne></Paragraphe></Item><Item><Paragraphe>Copie d'un <LienInterne LienPublication="F31847" type="Fiche Question-réponse conditionnée" audience="Particuliers">justificatif de domicile</LienInterne> de moins de 6 mois</Paragraphe></Item><Item><Paragraphe>2 photos d'identité identiques et <LienInterne LienPublication="F10619" type="Fiche Question-réponse conditionnée" audience="Particuliers">conformes aux normes</LienInterne>. Indiquez au verso vos nom et prénom. Les photos sont à coller sur les formulaires cerfa.</Paragraphe></Item><Item><Paragraphe>Si vous êtes étranger :</Paragraphe><Paragraphe>- justificatif de votre <LienIntra LienID="R47007" type="Définition de glossaire">résidence normale</LienIntra> en France si vous avez la nationalité suisse, andorrane, monégasque ou d'un État <LienIntra LienID="R42218" type="Définition de glossaire">européen</LienIntra> (UE/EEE)</Paragraphe><Paragraphe>- justificatif de la régularité de votre séjour en France (titre de séjour) si vous avez la nationalité d'un autre État</Paragraphe></Item><Item><Paragraphe>Justificatif du droit au séjour dans le pays où vous êtes établi</Paragraphe></Item><Item><Paragraphe>Justification du maintien de votre <LienIntra LienID="R2308" type="Définition de glossaire">résidence normale</LienIntra> en France</Paragraphe><Paragraphe>- Soit un document attestant que vous poursuivez des études, une formation, un stage ou que vous exercez une mission d'une durée déterminée dans ce pays</Paragraphe><Paragraphe>- Soit un document attestant votre résidence en France pendant 185 jours ou plus au cours de l'année précédant la réception de votre demande par le service instructeur. Par exemple, contrat de location, quittance de loyer, factures de gaz, d'électricité, ou de téléphone fixe, attestation de domiciliation délivrée par le fournisseur d'énergie.</Paragraphe></Item><Item><Paragraphe>Pour un permis de catégorie C ou D, <MiseEnEvidence><LienInterne LienPublication="F1255" type="Fiche d'information conditionnée" audience="Particuliers">avis médical (formulaire cerfa n°14880)</LienInterne></MiseEnEvidence></Paragraphe><Paragraphe>Si vous ne fournissez pas d'avis médical, vous obtiendrez un <LienIntra LienID="R47007" type="Définition de glossaire">duplicata</LienIntra> reprenant la même période de validité que le permis volé.</Paragraphe></Item><Item><Paragraphe>Timbre fiscal de <Valeur>25 €</Valeur></Paragraphe><Paragraphe><LienInterne LienPublication="F34118" type="Fiche Question-réponse conditionnée" audience="Particuliers">Le timbre fiscal s'achète uniquement en France</LienInterne>. Faites appel à vos proches pour l'obtenir ou procurez-vous le timbre lors d'un passage en France)</Paragraphe></Item></Liste><TitreFlottant><Paragraphe>4. Envoyer les documents par courrier</Paragraphe></TitreFlottant><Paragraphe>La demande est à envoyer <MiseEnEvidence>par courrier</MiseEnEvidence> au Cert-EPE de Paris.</Paragraphe><OuSAdresser ID="R48771" sve="non" type="National"><Titre>Cert - échange de permis de conduire étrangers (Cert-EPE) de Paris</Titre><Texte><Chapitre><Titre><Paragraphe>Par courrier exclusivement</Paragraphe></Titre><Paragraphe>Préfecture de Police de Paris</Paragraphe><Paragraphe>Direction des usagers et des polices administratives (DUPA)</Paragraphe><Paragraphe>Service des titres et des relations avec les usagers (STRU)</Paragraphe><Paragraphe>Centre d'Expertise des Ressources et des Titres échange de permis de conduire étrangers (Cert-EPE)</Paragraphe><Paragraphe>1 bis rue de Lutèce</Paragraphe><Paragraphe>75 195 Paris Cedex 04</Paragraphe></Chapitre></Texte></OuSAdresser></Cas></BlocCas></Cas><Cas><Titre>Vous avez votre résidence normale à l'étranger</Titre><Aide><Paragraphe>Votre <MiseEnEvidence>résidence normale</MiseEnEvidence> est <MiseEnEvidence>à l'étranger</MiseEnEvidence> si vous y demeurez <MiseEnEvidence>plus de 185 jours par an</MiseEnEvidence> (plus de 6 mois) pour des raisons autres que la poursuite de vos études, le suivi d'une formation, d'un stage, ou l'exécution d'une mission d'une durée déterminée.</Paragraphe></Aide><Paragraphe>Si vous avez votre <LienIntra LienID="R2308" type="Définition de glossaire">résidence normale</LienIntra> dans un pays non <LienIntra LienID="R55492" type="Définition de glossaire">européen</LienIntra> lors du vol de votre permis de conduire français, les autorités françaises ne sont plus compétentes.</Paragraphe><Paragraphe>Adressez-vous aux <MiseEnEvidence>autorités locales</MiseEnEvidence> pour <MiseEnEvidence>demander l'échange de votre permis de conduire</MiseEnEvidence>, <MiseEnEvidence>ou</MiseEnEvidence> en l'absence d'accord de réciprocité, <MiseEnEvidence>passer l'examen du permis de conduire local.</MiseEnEvidence></Paragraphe></Cas></BlocCas></Texte></Situation></ListeSituations><VoirAussi important="non"><Fiche ID="F1727" audience="Particuliers"><Titre>Perte du permis de conduire français</Titre><Theme ID="N19812"><Titre>Transports - Mobilité</Titre></Theme></Fiche><Fiche ID="F20109" audience="Particuliers"><Titre>Détérioration du permis de conduire</Titre><Theme ID="N19812"><Titre>Transports - Mobilité</Titre></Theme></Fiche><Fiche ID="F1435" audience="Particuliers"><Titre>Porter plainte</Titre><Theme ID="N19807"><Titre>Justice</Titre></Theme></Fiche></VoirAussi><QuiPeutMAider ID="R33823" sve="non" type="Centre de contact"><Titre>Agence nationale des titres sécurisés (ANTS) - Permis de conduire</Titre><Source ID="R30628">Agence nationale des titres sécurisés (ANTS)</Source><Texte><Chapitre><Titre><Paragraphe>En ligne</Paragraphe></Titre><Paragraphe><LienExterne URL="https://permisdeconduire.ants.gouv.fr/">https://permisdeconduire.ants.gouv.fr/</LienExterne></Paragraphe></Chapitre><Chapitre><Titre><Paragraphe>Par messagerie</Paragraphe></Titre><Paragraphe>Accès au <LienExterne URL="https://permisdeconduire.ants.gouv.fr/aide-et-contact">formulaire de contact</LienExterne></Paragraphe></Chapitre><Chapitre><Titre><Paragraphe>Par téléphone</Paragraphe></Titre><Paragraphe><MiseEnEvidence>34 00</MiseEnEvidence></Paragraphe><Paragraphe>Du lundi au vendredi de 7h45 à 19h et le samedi de 8h à 17h. Coût d'un appel local</Paragraphe><Paragraphe><MiseEnEvidence>09 70 83 07 07</MiseEnEvidence> depuis l'Outre-Mer et l'étranger</Paragraphe></Chapitre></Texte></QuiPeutMAider><QuiPeutMAider ID="R49378" sve="non" type="Local personnalisé sur SP"><Titre>Point d'accueil numérique</Titre><PivotLocal>point_accueil_numérique</PivotLocal><RessourceWeb URL="https://lannuaire.service-public.fr/navigation/point_accueil_numerique"/></QuiPeutMAider><Reference type="Texte de référence" URL="http://eur-lex.europa.eu/legal-content/FR/TXT/?uri=celex:32006L0126" ID="R16234"><Titre>Directive 2006/126 du 20 décembre 2006 relative au permis de conduire</Titre><Complement>Remplacement du permis en cas de perte ou de vol dans son pays d'installation (article 11, point 5)</Complement></Reference><Reference type="Texte de référence" URL="https://www.legifrance.gouv.fr/codes/section_lc/LEGITEXT000006074228/LEGISCTA000032465124" ID="R913"><Titre>Code de la route : articles R221-4 à R221-8</Titre><Complement>Délivrance et catégories du permis de conduire</Complement></Reference><Reference type="Texte de référence" URL="https://www.legifrance.gouv.fr/codes/section_lc/LEGITEXT000006074228/LEGISCTA000006159566" ID="R15714"><Titre>Code de la route : articles R225-1 à R225-6</Titre><Complement>Enregistrement des informations relatives au permis de conduire</Complement></Reference><Reference type="Texte de référence" URL="https://www.legifrance.gouv.fr/codes/section_lc/LEGITEXT000006074228/LEGISCTA000006159569" ID="R773"><Titre>Code de la route : articles R233-1 à R233-3</Titre><Complement>Comportement en cas de contrôle routier</Complement></Reference><Reference type="Texte de référence" URL="https://www.legifrance.gouv.fr/codes/section_lc/LEGITEXT000044595989/LEGISCTA000044599381" ID="R63330"><Titre>Code des impositions sur les biens et services : articles L421-168 à L421-174</Titre><Complement>Taxe sur le renouvellement du permis de conduire (article L421-171)</Complement></Reference><Reference type="Texte de référence" URL="https://www.legifrance.gouv.fr/loda/id/JORFTEXT000025803494/" ID="R31125"><Titre>Arrêté du 20 avril 2012 fixant les conditions d'établissement, de délivrance et de validité du permis de conduire</Titre></Reference><Reference type="Texte de référence" URL="https://www.legifrance.gouv.fr/circulaire/id/37399" ID="R33677" format="application/pdf" poids="1.2 MB"><Titre>Circulaire du 26 juillet 2013 relative à la mise en place d'un formulaire de recueil complémentaire des données nécessaires à l'édition du titre de conduite au nouveau format de l'Union européenne</Titre><Source ID="R30603">Ministère chargé de l'intérieur</Source></Reference><Reference type="Texte de référence" URL="http://www.senat.fr/basile/visio.do?id=qSEQ190309311" ID="R58755"><Titre>Réponse ministérielle du 25 février 2021 relative au renouvellement du permis de conduire d'un Français établi temporairement à l'étranger ou y résidant, en cas de perte ou de vol</Titre></Reference><ServiceEnLigne ID="R42947" URL="https://permisdeconduire.ants.gouv.fr/demarches-en-ligne/perte-vol-deterioration-fin-de-validite-ou-changement-d-etat-civil" audience="Particuliers" type="Téléservice"><Titre>Demande en ligne d'un nouveau permis en cas de perte, vol, détérioration ou changement d'état civil</Titre><Source ID="R30628">Agence nationale des titres sécurisés (ANTS)</Source></ServiceEnLigne><ServiceEnLigne ID="R36427" URL="https://moncompte.ants.gouv.fr/connexion" audience="Particuliers" type="Téléservice"><Titre>Suivre l'avancement de votre demande de permis de conduire</Titre><Source ID="R30628">Agence nationale des titres sécurisés (ANTS)</Source></ServiceEnLigne><ServiceEnLigne ID="R2135" URL="https://www.formulaires.service-public.fr/gf/cerfa_14882.do" audience="Particuliers" format="application/pdf" poids="2.1 MB" numerocerfa="14882*01" type="Formulaire"><Titre>Demande de renouvellement de permis de conduire, de duplicata ou de catégorie AM après annulation, suspension ou invalidation</Titre><Source ID="R30603">Ministère chargé de l'intérieur</Source></ServiceEnLigne><ServiceEnLigne ID="R32666" URL="https://www.service-public.fr/simulateur/calcul/14948" audience="Particuliers" numerocerfa="14948*01" autrenumero="06" type="Formulaire"><Titre>Demande de permis de conduire - Format de l'Union européenne</Titre><Source ID="R30603">Ministère chargé de l'intérieur</Source><NoticeLiee ID="R34002" URL="https://www.formulaires.service-public.fr/gf/getNotice.do?cerfaNotice=51725%2302&amp;cerfaFormulaire=14948" type="Notice" numerocerfa="51725*02" format="application/pdf" poids="123.2 KB">Notice - Recueil complémentaire cerfa 14948 (demande de permis de conduire)</NoticeLiee></ServiceEnLigne><PourEnSavoirPlus type="Information pratique" ID="R44922" URL="https://permisdeconduire.ants.gouv.fr/services/geolocaliser-les-photographes-habilites" audience="Particuliers"><Titre>Permis de conduire en ligne : où faire la photo et la signature numérisée ?</Titre><Source ID="R30603">Ministère chargé de l'intérieur</Source></PourEnSavoirPlus><Definition ID="R55492"><Titre>Européen (EEE)</Titre><Texte><Paragraphe>Allemagne, Autriche, Belgique, Bulgarie, Chypre, Croatie, Danemark, Espagne, Estonie, Finlande, France, Grèce, Hongrie, Irlande, Islande, Italie, Lettonie, Liechtenstein, Lituanie, Luxembourg, Malte, Norvège, Pays-Bas, Pologne, Portugal, République tchèque, Roumanie, Slovaquie, Slovénie, Suède</Paragraphe></Texte></Definition><Definition ID="R47007"><Titre>Duplicata du permis de conduire</Titre><Texte><Paragraphe>Pour le groupe lourd (tous les permis de la catégorie C et ceux de la catégorie D), permis qui reprend la même période de validité que le permis perdu, volé ou détérioré</Paragraphe></Texte></Definition><Definition ID="R42218"><Titre>Espace économique européen (EEE)</Titre><Texte><Paragraphe>Allemagne, Autriche, Belgique, Bulgarie, Chypre, Croatie, Danemark, Espagne, Estonie, Finlande, France, Grèce, Hongrie, Irlande, Islande, Italie, Lettonie, Liechtenstein, Lituanie, Luxembourg, Malte, Norvège, Pays-Bas, Pologne, Portugal, République tchèque, Roumanie, Slovaquie, Slovénie, Suède</Paragraphe></Texte></Definition><Definition ID="R48788"><Titre>Identification avec FranceConnect</Titre><Texte><Paragraphe>Connexion avec l'identifiant et le mot de passe de l'un des comptes suivants : Impots.gouv, Ameli, Iidentitenumerique (laposte), Yris, MSA ou Alicem</Paragraphe></Texte></Definition><Definition ID="R2308"><Titre>Résidence normale (permis de conduire)</Titre><Texte><Paragraphe>Pays où une personne demeure 185 jours ou plus (6 mois) par année civile en raison d'attaches personnelles ou professionnelles. Toutefois, pour une personne dont les attaches personnelles sont situées en France mais qui se trouve à l'étranger pour y suivre ses études, une formation, un stage ou pour accomplir une mission d'une durée déterminée, la résidence normale se situe en France.</Paragraphe></Texte><Reference type="Texte de référence" URL="https://www.legifrance.gouv.fr/loda/id/JORFTEXT000025803494/" ID="R31125"><Titre>Arrêté du 20 avril 2012 fixant les conditions d'établissement, de délivrance et de validité du permis de conduire</Titre></Reference></Definition><Abreviation ID="R50821" type="Sigle"><Titre>ANTS</Titre><Texte><Paragraphe>Agence nationale des titres sécurisés</Paragraphe></Texte></Abreviation><Abreviation ID="R24622" type="Sigle"><Titre>EEE</Titre><Texte><Paragraphe>Espace économique européen</Paragraphe></Texte></Abreviation><QuestionReponse ID="F33352" audience="Particuliers"><Titre>Comment savoir où en est votre demande de permis de conduire ?</Titre></QuestionReponse><QuestionReponse ID="F34762" audience="Particuliers"><Titre>Demande en ligne de permis de conduire : comment être aidé dans la démarche ?</Titre></QuestionReponse></Publication>