<?xml version="1.0" encoding="UTF-8"?><Publication xmlns:dc="http://purl.org/dc/elements/1.1/" xmlns:xsi="http://www.w3.org/2001/XMLSchema-instance" ID="F14724" type="Fiche Question-réponse conditionnée" xsi:noNamespaceSchemaLocation="../Schemas/3.4/Publication.xsd" dateDerniereModificationImportante="2023-10-27T00:00:00" spUrl="https://www.service-public.fr/particuliers/vosdroits/F14724"><dc:title>Comment régler un litige avec un avocat ?</dc:title><dc:creator>Direction de l'information légale et administrative</dc:creator><dc:subject>Justice</dc:subject><dc:description>Vous êtes en conflit avec votre avocat et vous vous demandez comment faire pour défendre vos intérêts ? Il faut savoir que les démarches à effectuer varient en fonction de l'objet du conflit avec l'avocat : montant de la rémunération, restitution de pièces du dossier, manquement aux règles déontologiques ou faute professionnelle.</dc:description><dc:publisher>Direction de l'information légale et administrative</dc:publisher><dc:contributor>Direction de l'information légale et administrative (Premier ministre)</dc:contributor><dc:date>modified 2023-11-21</dc:date><dc:type>Question-réponse</dc:type><dc:format>text/xml</dc:format><dc:identifier>F14724</dc:identifier><dc:source>https://www.legifrance.gouv.fr/loda/id/JORFTEXT000000508793, https://www.legifrance.gouv.fr/loda/id/JORFTEXT000000356568/, https://www.legifrance.gouv.fr/jorf/id/JORFTEXT000047774060</dc:source><dc:language>Fr</dc:language><dc:relation>isPartOf N279</dc:relation><dc:coverage>France entière</dc:coverage><dc:rights>https://www.service-public.fr/a-propos/mentions-legales</dc:rights><SurTitre>Question-réponse</SurTitre><Audience>Particuliers</Audience><Canal>www.service-public.fr</Canal><FilDAriane><Niveau ID="Particuliers">Accueil particuliers</Niveau><Niveau ID="N19807">Justice</Niveau><Niveau ID="N279">Acteurs du monde judiciaire</Niveau><Niveau ID="F14724" type="Fiche Question-réponse conditionnée">Comment régler un litige avec un avocat ?</Niveau></FilDAriane><Theme ID="N19807"><Titre>Justice</Titre></Theme><SousThemePere ID="N20260">Organisation de la justice</SousThemePere><DossierPere ID="N279"><Titre>Acteurs du monde judiciaire</Titre><Fiche ID="F2153">Avocat</Fiche><Fiche ID="F1736">Conciliateur de justice</Fiche><Fiche ID="F2161">Expert judiciaire</Fiche><Fiche ID="F2158">Huissier de justice (à présent appelé commissaire de justice)</Fiche><Fiche ID="F1540">Juré d'assises</Fiche><Fiche ID="F2176">Magistrats et autres agents publics de justice</Fiche><Fiche ID="F1822">Médiateur civil</Fiche><Fiche ID="F1739">Médiateur pénal</Fiche><Fiche ID="F2164">Notaire</Fiche></DossierPere><Introduction><Texte><Paragraphe>Vous êtes en conflit avec votre avocat et vous vous demandez comment faire pour défendre vos intérêts ? Il faut savoir que les démarches à effectuer varient en fonction de l'objet du conflit avec l'avocat : montant de la rémunération, restitution de pièces du dossier, manquement aux règles déontologiques ou faute professionnelle.</Paragraphe></Texte></Introduction><Texte><Chapitre><Titre><Paragraphe>Comment contester la rémunération de l'avocat ?</Paragraphe></Titre><Paragraphe>Les sommes qui vous sont facturées par votre avocat sont composées de divers éléments :</Paragraphe><Liste type="puce"><Item><Paragraphe>Honoraires : rémunération du travail de l'avocat</Paragraphe></Item><Item><Paragraphe>Débours et frais  : avances faites par l'avocat pour payer des dépenses qui ne sont pas incluses dans ses honoraires (frais de photocopie, frais de correspondance), ou des dépenses qui vous incombent personnellement (paiement d'impôts ou de taxes)</Paragraphe></Item><Item><Paragraphe><LienIntra LienID="R65764" type="Définition de glossaire">Dépens</LienIntra> : sommes qui sont mises à votre charge par la justice lorsque vous perdez le procès</Paragraphe></Item></Liste><Paragraphe>Si vous souhaitez <MiseEnEvidence>contester un des éléments de rémunération facturés </MiseEnEvidence>par votre avocat, vous devez <MiseEnEvidence>d'abord</MiseEnEvidence> en parler avec lui pour essayer de trouver une <MiseEnEvidence>solution amiable</MiseEnEvidence>.</Paragraphe><Paragraphe>En cas d'échec des discussions, vous pouvez, ensuite, porter le <MiseEnEvidence>litige concernant les honoraires et les débours</MiseEnEvidence> devant le <MiseEnEvidence>médiateur de la consommation de la profession d’avocat</MiseEnEvidence> ou devant le <MiseEnEvidence>bâtonnier</MiseEnEvidence> de l'Ordre des avocats auquel votre avocat est inscrit.</Paragraphe><Paragraphe>Pour contester le montant des <MiseEnEvidence><LienIntra LienID="R65764" type="Définition de glossaire">dépens</LienIntra></MiseEnEvidence><LienIntra LienID="R65764" type="Définition de glossaire"/> facturés par votre avocat, vous devez faire une <MiseEnEvidence>demande de vérification</MiseEnEvidence> auprès du <MiseEnEvidence>secrétaire vérificateur</MiseEnEvidence> de la juridiction qui a jugé l'affaire.</Paragraphe><SousChapitre><Titre><Paragraphe>Saisir le Médiateur de la consommation</Paragraphe></Titre><Paragraphe>Vous pouvez saisir le médiateur si <MiseEnEvidence>votre avocat n'a pas accepté votre réclamation</MiseEnEvidence> ou si votre demande est <MiseEnEvidence>restée sans réponse</MiseEnEvidence> dans un délai de <MiseEnEvidence>2 mois</MiseEnEvidence>.</Paragraphe><Paragraphe>Le rôle du médiateur de la consommation de la profession d'avocat est de vous aider, <MiseEnEvidence>de manière neutre et impartiale</MiseEnEvidence>, à trouver un <MiseEnEvidence>accord amiable</MiseEnEvidence> avec l'avocat.</Paragraphe><Paragraphe>Vous pouvez saisir le médiateur en ligne, par messagerie électronique ou par courrier.</Paragraphe><BlocCas affichage="radio"><Cas><Titre>En ligne</Titre><Paragraphe>Vous pouvez saisir le médiateur via le<MiseEnEvidence> service en ligne</MiseEnEvidence> suivant :</Paragraphe><ServiceEnLigne ID="R65763" URL="https://mediateur-consommation-avocat.fr/contacter-le-mediateur/" audience="Particuliers" type="Téléservice"><Titre>Saisir le médiateur de la consommation de la profession d'avocat</Titre><Source ID="R30762">Conseil national des barreaux</Source></ServiceEnLigne></Cas><Cas><Titre>Par messagerie électronique</Titre><Paragraphe>mediateur-conso@mediateur-consommation-avocat.fr</Paragraphe></Cas><Cas><Titre>Par courrier</Titre><Paragraphe><MiseEnEvidence>Médiateur de la consommation de la profession d'avocat</MiseEnEvidence></Paragraphe><Paragraphe>180, boulevard Haussmann</Paragraphe><Paragraphe>75008 Paris</Paragraphe></Cas></BlocCas><Paragraphe>Vous devez envoyer les <MiseEnEvidence>pièces justificatives</MiseEnEvidence> qui permettent au médiateur d'étudier l'affaire.</Paragraphe><Paragraphe>Une fois saisi, le médiateur vérifie d'abord si vous remplissez les conditions requises pour qu'il puisse exercer sa mission.</Paragraphe><Paragraphe>Ensuite, il informe votre avocat qu'il est saisi du litige et sollicite votre <MiseEnEvidence>adhésion commune</MiseEnEvidence> à la médiation.</Paragraphe><Paragraphe>Si vous et votre avocat êtes d'accord, le médiateur vous accompagne dans la recherche d'une <MiseEnEvidence>solution</MiseEnEvidence>.</Paragraphe><Paragraphe>Au cas où vous trouvez un accord, le médiateur élabore un document qui le matérialise.</Paragraphe><Paragraphe>Si vous et votre avocat signez ce document, cela met fin au litige.</Paragraphe><Paragraphe>Si le médiateur considère que les <MiseEnEvidence>conditions ne sont pas réunies</MiseEnEvidence> pour qu'il intervienne, ou si votre avocat <MiseEnEvidence>refuse</MiseEnEvidence> de prendre part au processus de médiation, le médiateur <MiseEnEvidence>constate l'impossibilité</MiseEnEvidence> de régler le litige.</Paragraphe><Paragraphe>Il en va de même si vous ou votre avocat <MiseEnEvidence>refusez d'approuver l'accord</MiseEnEvidence> proposé.</Paragraphe><Paragraphe>Dans ce cas, vous pouvez soumettre le litige au bâtonnier de l'ordre des avocats auquel votre avocat est inscrit.</Paragraphe></SousChapitre><SousChapitre><Titre><Paragraphe>Saisir le bâtonnier de l'ordre des avocats</Paragraphe></Titre><Paragraphe>Si vous contestez les <MiseEnEvidence>honoraires</MiseEnEvidence> et les <LienIntra LienID="R65800" type="Définition de glossaire">débours</LienIntra> facturés par votre avocat, vous devez saisir le <MiseEnEvidence>bâtonnier</MiseEnEvidence> de l'ordre des avocats auquel votre avocat est rattaché via la <MiseEnEvidence>procédure de taxation d'honoraires</MiseEnEvidence>.</Paragraphe><Paragraphe>La demande doit se faire par lettre recommandée avec avis de réception ou par remise contre un récépissé.</Paragraphe><OuSAdresser ID="R17" sve="non" type="Local personnalisable"><Titre>Barreau des avocats</Titre><PivotLocal>ordre_avocats</PivotLocal><RessourceWeb URL="https://www.cnb.avocat.fr/fr/annuaire-barreaux"/><Source ID="R30762">Conseil national des barreaux</Source></OuSAdresser><TitreFlottant><Paragraphe>Traitement de la réclamation par le bâtonnier</Paragraphe></TitreFlottant><Paragraphe>Le bâtonnier doit vous délivrer un <MiseEnEvidence>accusé de réception</MiseEnEvidence> le plus rapidement possible et vous informer qu'il prendra sa <MiseEnEvidence>décision</MiseEnEvidence> dans les <MiseEnEvidence>4 mois</MiseEnEvidence>.</Paragraphe><Paragraphe>Pour traiter votre réclamation, le bâtonnier demandera à votre avocat de lui transmettre ses <MiseEnEvidence>observations</MiseEnEvidence> par rapport à votre réclamation.</Paragraphe><Paragraphe>Il peut confier cette tâche à un rapporteur qu'il désigne au sein du conseil de l'Ordre.</Paragraphe><Paragraphe>Le bâtonnier peut décider de <MiseEnEvidence>réduire</MiseEnEvidence> le montant des honoraires et débours facturés par votre avocat ou de les <MiseEnEvidence>maintenir</MiseEnEvidence>.</Paragraphe><Paragraphe>Le bâtonnier doit vous <MiseEnEvidence><LienIntra LienID="R14732" type="Définition de glossaire">notifier</LienIntra></MiseEnEvidence> sa décision dans les 15 jours, de même qu'à votre avocat, par lettre recommandée avec demande d'avis de réception.</Paragraphe><Paragraphe>La lettre de notification doit mentionner les <MiseEnEvidence>voies de recours</MiseEnEvidence> et les <MiseEnEvidence>délais</MiseEnEvidence> dans lesquels il faut les exercer.</Paragraphe><TitreFlottant><Paragraphe>Recours contre la décision du bâtonnier</Paragraphe></TitreFlottant><Paragraphe>Vous avez, tout comme votre avocat, le droit de faire un <MiseEnEvidence>recours</MiseEnEvidence> contre la décision du bâtonnier.</Paragraphe><Paragraphe>Le recours doit être déposé devant le 1<Exposant>er</Exposant> président de la Cour d'appel, dans le <MiseEnEvidence>délai d'1 mois</MiseEnEvidence> qui suit la <LienIntra LienID="R14732" type="Définition de glossaire">notification</LienIntra> de la décision du bâtonnier.</Paragraphe><Paragraphe>Le recours se fait par lettre recommandée avec accusé de réception.</Paragraphe><OuSAdresser ID="R11624" sve="non" type="Local personnalisable"><Titre>Cour d'appel</Titre><PivotLocal>cour_appel</PivotLocal><RessourceWeb URL="http://www.annuaires.justice.gouv.fr/"/><Source ID="R30663">Ministère chargé de la justice</Source></OuSAdresser><ANoter><Titre>À noter</Titre><Paragraphe>si le bâtonnier ne prend pas de décision dans les <MiseEnEvidence>4 mois</MiseEnEvidence> suivant la réception de votre réclamation, vous pouvez aussi saisir le 1<Exposant>er</Exposant> président de la Cour d'appel. Vous devez agir dans le <MiseEnEvidence>délai d'1 mois</MiseEnEvidence> qui suit l'expiration de la <MiseEnEvidence>période de 4 mois</MiseEnEvidence>.</Paragraphe></ANoter><TitreFlottant><Paragraphe>Possibilité d'exécution immédiate de la décision du bâtonnier</Paragraphe></TitreFlottant><Paragraphe>Le bâtonnier peut décider de lui-même d'ordonner <MiseEnEvidence/><MiseEnEvidence>l'exécution provisoire</MiseEnEvidence> de sa décision, pour la part des <MiseEnEvidence>honoraires qui va jusqu'à <Valeur>1 500 €</Valeur></MiseEnEvidence>.</Paragraphe><Paragraphe>Cela veut dire que la décision est exécutée immédiatement, même en cas de recours de votre part ou de la part de votre avocat.</Paragraphe><Paragraphe>Le bâtonnier peut aussi ordonner de lui-même <MiseEnEvidence/><MiseEnEvidence>l'exécution provisoire</MiseEnEvidence> de sa décision, pour la part des <MiseEnEvidence>honoraires qui dépasse <Valeur>1 500 €</Valeur></MiseEnEvidence>, si <MiseEnEvidence>vous et votre avocat êtes d'accord </MiseEnEvidence>sur ce montant.</Paragraphe><Paragraphe>Mais le bâtonnier <MiseEnEvidence>ne peut pas</MiseEnEvidence> ordonner de lui-même l'exécution provisoire de sa décision, pour <MiseEnEvidence>la part des honoraires qui dépasse <Valeur>1 500 €</Valeur></MiseEnEvidence> et <MiseEnEvidence>qui est</MiseEnEvidence> <MiseEnEvidence>contestée </MiseEnEvidence>par vous ou par votre avocat.</Paragraphe><Paragraphe>Si la demande d'exécution provisoire visant la part des honoraires qui dépasse <Valeur>1 500 €</Valeur> et qui est contestée, est faite <MiseEnEvidence>par vous ou par votre avocat</MiseEnEvidence>, le bâtonnier pourra ordonner la mesure, s'il l'estime <MiseEnEvidence>nécessaire et compatible avec la nature de l'affaire</MiseEnEvidence>.</Paragraphe><ASavoir><Titre>À savoir</Titre><Paragraphe>l'exécution immédiate de la décision du bâtonnier <MiseEnEvidence>ne peut pas s'appliquer</MiseEnEvidence> pas aux <MiseEnEvidence><LienIntra LienID="R65765" type="Définition de glossaire">honoraires de résultat</LienIntra>.</MiseEnEvidence></Paragraphe></ASavoir></SousChapitre><SousChapitre><Titre><Paragraphe>Saisir le secrétaire vérificateur</Paragraphe></Titre><Paragraphe>Pour <MiseEnEvidence>contester</MiseEnEvidence> le montant des <MiseEnEvidence><LienIntra LienID="R65764" type="Définition de glossaire">dépens</LienIntra> facturés par votre avocat</MiseEnEvidence>, vous devez faire une <MiseEnEvidence>demande de vérification</MiseEnEvidence> auprès du <MiseEnEvidence>secrétaire vérificateur</MiseEnEvidence> du tribunal qui a jugé l'affaire.</Paragraphe><Paragraphe>Le secrétaire vérificateur est un directeur des services de greffe judiciaire, voire un greffier.</Paragraphe><Paragraphe>Vous devez fournir au tribunal compétent les <MiseEnEvidence>pièces justificatives</MiseEnEvidence> qui font apparaître les montants des dépens facturés par votre avocat et que vous contestez.</Paragraphe><Paragraphe>Après <MiseEnEvidence>vérification</MiseEnEvidence> de la <MiseEnEvidence>conformité</MiseEnEvidence> des montants facturés aux <MiseEnEvidence>tarifs légaux</MiseEnEvidence>, le secrétaire vérificateur vous remettra un <MiseEnEvidence>certificat de vérification</MiseEnEvidence>.</Paragraphe><Paragraphe>Vous devez <LienIntra LienID="R14732" type="Définition de glossaire">notifier</LienIntra> ce document à votre avocat.</Paragraphe><Paragraphe>Si les montants qui figurent sur le certificat de vérification <MiseEnEvidence>ne sont pas conformes</MiseEnEvidence> à ceux qui vous ont été facturés par votre avocat, vous pouvez <MiseEnEvidence>porter la réclamation devant le président du tribunal</MiseEnEvidence>.</Paragraphe></SousChapitre></Chapitre><Chapitre><Titre><Paragraphe>Que faire en cas de difficultés liées à un changement d'avocat ?</Paragraphe></Titre><Paragraphe>Vous avez le <MiseEnEvidence>droit</MiseEnEvidence> de changer d'avocat à <MiseEnEvidence>tout moment</MiseEnEvidence> de la procédure.</Paragraphe><Paragraphe>Si vous souhaitez changer d'avocat, vous devrez néanmoins payer à l'avocat que vous quittez les frais déjà dus.</Paragraphe><Paragraphe>L'avocat a de son côté l'<MiseEnEvidence>obligation</MiseEnEvidence> de vous <MiseEnEvidence>restituer votre dossier</MiseEnEvidence>.</Paragraphe><Paragraphe>En cas de litige sur la restitution de pièces, vous devez saisir le bâtonnier de l'ordre des avocats par lettre recommandée avec demande d'avis de réception ou via une remise contre récépissé.</Paragraphe><Paragraphe>Le bâtonnier compétent est celui du barreau où est inscrit l'avocat concerné.</Paragraphe><OuSAdresser ID="R17" sve="non" type="Local personnalisable"><Titre>Barreau des avocats</Titre><PivotLocal>ordre_avocats</PivotLocal><RessourceWeb URL="https://www.cnb.avocat.fr/fr/annuaire-barreaux"/><Source ID="R30762">Conseil national des barreaux</Source></OuSAdresser><SousChapitre><Titre><Paragraphe>Examen de la réclamation par le bâtonnier</Paragraphe></Titre><Paragraphe>Le bâtonnier doit vous délivrer un <MiseEnEvidence>accusé de réception</MiseEnEvidence> le plus rapidement possible et vous informer qu'il prendra sa décision dans les <MiseEnEvidence>4 mois</MiseEnEvidence>.</Paragraphe><Paragraphe>Pour examiner votre réclamation, le bâtonnier demandera à votre avocat de lui transmettre ses <MiseEnEvidence>observations</MiseEnEvidence> par rapport à votre réclamation.</Paragraphe><Paragraphe>Il peut confier cette tâche à un rapporteur qu'il désigne au sein du conseil de l'Ordre.</Paragraphe><Paragraphe>Après avoir examiné tous les éléments du dossier, le bâtonnier doit prendre sa <MiseEnEvidence>décision</MiseEnEvidence> dans les <MiseEnEvidence>4 mois</MiseEnEvidence> de la réception de votre réclamation.</Paragraphe><Paragraphe>Le bâtonnier doit vous <LienIntra LienID="R14732" type="Définition de glossaire">notifier</LienIntra> sa décision dans les <MiseEnEvidence>15 jours</MiseEnEvidence>, de même qu'à votre avocat, par lettre recommandée avec demande d'avis de réception.</Paragraphe><Paragraphe>La lettre de notification doit mentionner les <MiseEnEvidence>voies de recours</MiseEnEvidence> et les <MiseEnEvidence>délais</MiseEnEvidence> dans lesquels elles doivent être exercées.</Paragraphe></SousChapitre><SousChapitre><Titre><Paragraphe>Recours contre la décision du bâtonnier</Paragraphe></Titre><Paragraphe>Vous avez, tout comme votre avocat, le droit de faire un <MiseEnEvidence>recours</MiseEnEvidence> contre la <MiseEnEvidence>décision du bâtonnier</MiseEnEvidence>.</Paragraphe><Paragraphe>Le recours doit être déposé devant le 1<Exposant>er</Exposant> président de la Cour d'appel, dans le <MiseEnEvidence>délai d'1 mois</MiseEnEvidence> qui suit la <LienIntra LienID="R14732" type="Définition de glossaire">notification</LienIntra> de la décision.</Paragraphe><Paragraphe>Le recours se fait par lettre recommandée avec accusé de réception.</Paragraphe><OuSAdresser ID="R11624" sve="non" type="Local personnalisable"><Titre>Cour d'appel</Titre><PivotLocal>cour_appel</PivotLocal><RessourceWeb URL="http://www.annuaires.justice.gouv.fr/"/><Source ID="R30663">Ministère chargé de la justice</Source></OuSAdresser><ANoter><Titre>À noter</Titre><Paragraphe>si le bâtonnier ne prend pas de décision dans les <MiseEnEvidence>4 mois</MiseEnEvidence> suivant la réception de votre réclamation, vous pouvez aussi saisir le 1<Exposant>er</Exposant> président de la cour d'appel dans le <MiseEnEvidence>délai d'1 mois</MiseEnEvidence> qui suit l'expiration de la <MiseEnEvidence>période de 4 mois</MiseEnEvidence>.</Paragraphe></ANoter></SousChapitre></Chapitre><Chapitre><Titre><Paragraphe>Que faire en cas de manquements de l'avocat aux règles déontologiques ?</Paragraphe></Titre><Paragraphe>Il peut arriver que votre avocat ne respecte pas certaines des <MiseEnEvidence>règles professionnelles</MiseEnEvidence> qui <MiseEnEvidence>s'imposent</MiseEnEvidence> à tous ceux qui pratiquent le <MiseEnEvidence>métier d'avocat</MiseEnEvidence>.</Paragraphe><Exemple><Titre>Exemple</Titre><Paragraphe>Difficultés de contact téléphonique, absence de réponse aux correspondances, refus répétés de rendez-vous, absences et retards à l'audience, non-transmission des courriers qui vous sont destinés, relations d'intérêt avec la partie adverse</Paragraphe></Exemple><Paragraphe>Si vous êtes confronté à ce genre de difficultés avec votre avocat, vous pouvez <MiseEnEvidence>saisir le <LienIntra LienID="R19324" type="Définition de glossaire">bâtonnier</LienIntra></MiseEnEvidence><LienIntra LienID="R19324" type="Définition de glossaire"/> de l'ordre auquel appartient l'avocat.</Paragraphe><Paragraphe>L'avocat qui ne respecte pas certaines des <MiseEnEvidence>règles professionnelles</MiseEnEvidence> qui <MiseEnEvidence>s'imposent</MiseEnEvidence> à la profession encourt une peine disciplinaire<MiseEnEvidence/>.</Paragraphe><SousChapitre><Titre><Paragraphe>Procédure pour saisir le bâtonnier</Paragraphe></Titre><Paragraphe>Vous devez obligatoirement envoyer la demande par lettre recommandée avec accusé de réception ou la remettre sur place contre un récépissé.</Paragraphe><OuSAdresser ID="R17" sve="non" type="Local personnalisable"><Titre>Barreau des avocats</Titre><PivotLocal>ordre_avocats</PivotLocal><RessourceWeb URL="https://www.cnb.avocat.fr/fr/annuaire-barreaux"/><Source ID="R30762">Conseil national des barreaux</Source></OuSAdresser><Paragraphe>Vous devez indiquer dans la réclamation les éléments suivants :</Paragraphe><Liste type="puce"><Item><Paragraphe>Vos nom et prénom (ou nom de votre société)</Paragraphe></Item><Item><Paragraphe>Votre domicile (ou siège de votre société)</Paragraphe></Item><Item><Paragraphe>Votre nationalité</Paragraphe></Item><Item><Paragraphe>Vos date et lieu de naissance</Paragraphe></Item><Item><Paragraphe>Nom et prénom de l'avocat</Paragraphe></Item><Item><Paragraphe>Adresse de l'avocat</Paragraphe></Item><Item><Paragraphe>Faits à la base de la réclamation</Paragraphe></Item><Item><Paragraphe>Pièces nécessaires à l'examen du litige</Paragraphe></Item><Item><Paragraphe>Date de la demande et signature</Paragraphe></Item></Liste></SousChapitre><SousChapitre><Titre><Paragraphe>Accusé de réception et premier examen</Paragraphe></Titre><Paragraphe>Le bâtonnier doit d'abord vous envoyer un <MiseEnEvidence>accusé de réception</MiseEnEvidence> dès que possible.</Paragraphe><Paragraphe>Ensuite, il doit faire un <MiseEnEvidence>premier examen rapide</MiseEnEvidence> de la réclamation pour déterminer si elle lui paraît <MiseEnEvidence>abusive ou manifestement mal fondée ou non</MiseEnEvidence>.</Paragraphe><Paragraphe>Si le bâtonnier estime que votre réclamation est abusive ou manifestement mal fondée, il doit vous <MiseEnEvidence>informer rapidement</MiseEnEvidence> qu'elle ne sera <MiseEnEvidence>pas examinée</MiseEnEvidence>.</Paragraphe><Paragraphe>Lorsque le bâtonnier estime que votre demande n'est pas abusive ou manifestement mal fondée, il <MiseEnEvidence>informe votre avocat</MiseEnEvidence> de la réception d'une <MiseEnEvidence>réclamation</MiseEnEvidence> le concernant et lui demande de lui présenter <MiseEnEvidence>ses observations</MiseEnEvidence>.</Paragraphe></SousChapitre><SousChapitre><Titre><Paragraphe>Conciliation</Paragraphe></Titre><Paragraphe>Si le bâtonnier estime que la <MiseEnEvidence>nature de la réclamation le permet</MiseEnEvidence>, il organise dans les <MiseEnEvidence>3 mois</MiseEnEvidence> de la réception de votre demande une <MiseEnEvidence>conciliation entre vous et votre avocat</MiseEnEvidence>, en présence d'au moins un autre avocat.</Paragraphe><Paragraphe>La conciliation se déroule selon les formes fixées par le bâtonnier, sous son autorité ou sous l'autorité d'un avocat membre ou ancien membre du conseil de l'ordre, ou d'un avocat honoraire qu'il délègue.</Paragraphe><Paragraphe><MiseEnEvidence>Si un accord est trouvé entre vous et votre avocat</MiseEnEvidence>, il est consigné dans un procès-verbal.</Paragraphe><Paragraphe>Le procès-verbal doit être signé par vous, votre avocat et le bâtonnier ou son délégué à la conciliation.</Paragraphe><Paragraphe>Un exemplaire du procès-verbal est remis à chacun des signataires.</Paragraphe><Paragraphe><MiseEnEvidence>Si aucun accord n'est trouvé entre vous et votre avocat</MiseEnEvidence>, le bâtonnier ou son délégué constate l'absence de conciliation dans un document écrit.</Paragraphe><Paragraphe>Les constatations et les déclarations recueillies au cours de la conciliation <MiseEnEvidence>ne peuvent être utilisées</MiseEnEvidence> dans la suite de la procédure ni dans une autre procédure.</Paragraphe></SousChapitre><SousChapitre><Titre><Paragraphe>Décision du bâtonnier</Paragraphe></Titre><Paragraphe>En l'absence de conciliation, le bâtonnier examine le <MiseEnEvidence>bien-fondé</MiseEnEvidence> de votre demande et prend une <MiseEnEvidence>décision</MiseEnEvidence>.</Paragraphe><Paragraphe>Il peut décider de <MiseEnEvidence>rejeter</MiseEnEvidence> votre demande ou de lui <MiseEnEvidence>donner une suite</MiseEnEvidence>.</Paragraphe><Paragraphe>Il doit vous <MiseEnEvidence>informer</MiseEnEvidence> de sa décision, de même que votre avocat.</Paragraphe><BlocCas affichage="radio"><Cas><Titre>Le bâtonnier décide de rejeter votre demande</Titre><Paragraphe>Si le bâtonnier décide de<MiseEnEvidence> rejeter</MiseEnEvidence> votre demande, il doit vous en <MiseEnEvidence>informe</MiseEnEvidence>r le plus tôt possible, en précisant les <MiseEnEvidence>motifs</MiseEnEvidence> pour lesquels il a pris sa décision.</Paragraphe><Paragraphe>Il doit vous informer que vous avez la possibilité de <MiseEnEvidence>saisir</MiseEnEvidence> du litige le <MiseEnEvidence>1<Exposant>er</Exposant> procureur général près la cour d'appel</MiseEnEvidence> ou la <MiseEnEvidence>juridiction disciplinaire</MiseEnEvidence> des avocats. Il y a une juridiction disciplinaire des avocats dans le ressort de chaque cour d'appel.</Paragraphe><OuSAdresser ID="R11624" sve="non" type="Local personnalisable"><Titre>Cour d'appel</Titre><PivotLocal>cour_appel</PivotLocal><RessourceWeb URL="http://www.annuaires.justice.gouv.fr/"/><Source ID="R30663">Ministère chargé de la justice</Source></OuSAdresser><Paragraphe>La juridiction disciplinaire des avocats doit être saisie par <LienIntra LienID="R12542" type="Définition de glossaire">requête</LienIntra>.<MiseEnEvidence/></Paragraphe><Paragraphe>La requête doit contenir les éléments suivants :</Paragraphe><Liste type="puce"><Item><Paragraphe>Nom et prénom de l'avocat</Paragraphe></Item><Item><Paragraphe>Domicile de l'avocat</Paragraphe></Item><Item><Paragraphe>Pièces justificatives</Paragraphe></Item><Item><Paragraphe>Votre réclamation adressée au bâtonnier</Paragraphe></Item></Liste><Paragraphe>Le président de la juridiction disciplinaire doit tout d'abord examiner si votre requête est <MiseEnEvidence>manifestement non fondée</MiseEnEvidence> ou non.</Paragraphe><Paragraphe>Il doit ensuite vérifier si la requête est <MiseEnEvidence>assortie des précisions</MiseEnEvidence> permettant d'apprécier son <MiseEnEvidence>bien-fondé</MiseEnEvidence>. Cet examen se fait hors audience.</Paragraphe><Paragraphe><MiseEnEvidence/><MiseEnEvidence><MiseEnEvidence>Si le président de la juridiction disciplinaire estime que la requête est recevable</MiseEnEvidence></MiseEnEvidence>, la procédure se poursuit et une <MiseEnEvidence>audience de jugement</MiseEnEvidence> aura lieu.</Paragraphe><Paragraphe>La juridiction disciplinaire peut prononcer à la fin de la procédure l'une des sanctions suivantes à l'égard de votre avocat :</Paragraphe><Liste type="puce"><Item><Paragraphe>Avertissement</Paragraphe></Item><Item><Paragraphe>Blâme</Paragraphe></Item><Item><Paragraphe>Interdiction temporaire d'exercice de maximum 3 ans</Paragraphe></Item><Item><Paragraphe>Radiation du tableau des avocats</Paragraphe></Item></Liste><Paragraphe>Des peines complémentaires peuvent s'ajouter à ces peines principales.</Paragraphe><ANoter><Titre>À noter</Titre><Paragraphe>en cas d'<MiseEnEvidence>urgence</MiseEnEvidence>, ou dans le but de <MiseEnEvidence>protéger le public</MiseEnEvidence>, le conseil de l'ordre des avocats peut <MiseEnEvidence>suspendre provisoirement</MiseEnEvidence> de ses fonctions et pour une durée de <MiseEnEvidence>6 mois renouvelable une fois</MiseEnEvidence> l'avocat qui fait l'objet d'une poursuite pénale ou disciplinaire, à la demande du <MiseEnEvidence>procureur général ou du bâtonnier</MiseEnEvidence>.</Paragraphe></ANoter><Paragraphe><MiseEnEvidence>Si le président de la juridiction disciplinaire estime que la requête n'est pas recevable</MiseEnEvidence><MiseEnEvidence/>, il la <MiseEnEvidence>rejette</MiseEnEvidence> par une <MiseEnEvidence>ordonnance motivée</MiseEnEvidence>.</Paragraphe><Paragraphe>Dans ce cas, la procédure disciplinaire s'arrête, sauf si vous faites un <MiseEnEvidence>recours </MiseEnEvidence>contre cette décision auprès de la cour d'appel.</Paragraphe><Paragraphe>Le recours doit être formé dans un délai de <MiseEnEvidence>15 jours</MiseEnEvidence> à compter de la <LienIntra LienID="R14732" type="Définition de glossaire">notification</LienIntra> de la décision, par lettre recommandée avec demande d'avis de réception adressée au greffe de la cour d'appel, ou via une remise contre récépissé au directeur de greffe.</Paragraphe><OuSAdresser ID="R11624" sve="non" type="Local personnalisable"><Titre>Cour d'appel</Titre><PivotLocal>cour_appel</PivotLocal><RessourceWeb URL="http://www.annuaires.justice.gouv.fr/"/><Source ID="R30663">Ministère chargé de la justice</Source></OuSAdresser><Paragraphe>Vous devez obligatoirement être assisté par un avocat pour cette procédure.</Paragraphe></Cas><Cas><Titre>Le bâtonnier donne une réponse favorable à votre demande</Titre><Introduction><Paragraphe><MiseEnEvidence>Si le bâtonnier donne une réponse favorable à votre demande</MiseEnEvidence>, il peut ouvrir une <MiseEnEvidence>enquête déontologique</MiseEnEvidence> à l'égard de votre avocat ou le poursuivre directement devant la <MiseEnEvidence>juridiction disciplinaire</MiseEnEvidence>.</Paragraphe></Introduction><BlocCas affichage="radio"><Cas><Titre>Le bâtonnier ouvre une enquête déontologique</Titre><Paragraphe>Lorsque le bâtonnier <MiseEnEvidence>décide d'ouvrir une enquête déontologique à l'égard</MiseEnEvidence> de l'avocat, il peut désigner un ou plusieurs délégués parmi les membres ou anciens membres du conseil de l'ordre à qui il demande de lui faire un <MiseEnEvidence>rapport</MiseEnEvidence> sur le dossier.</Paragraphe><Paragraphe>Au vu des éléments recueillis au cours de l'enquête déontologique, le bâtonnier décide s'il y a lieu d'ouvrir ou non une <MiseEnEvidence>procédure disciplinaire</MiseEnEvidence> à l'égard de l'avocat.</Paragraphe><Paragraphe>Il doit vous informer de sa décision, de même que le procureur général.</Paragraphe></Cas><Cas><Titre>Le bâtonnier ouvre une procédure disciplinaire</Titre><Paragraphe>Le bâtonnier peut décider de <MiseEnEvidence>saisir directement</MiseEnEvidence> la <MiseEnEvidence>juridiction disciplinaire</MiseEnEvidence> des avocats, sans ordonner une enquête déontologique.</Paragraphe><Paragraphe>Dans ce cas, le bâtonnier doit aussi envoyer une <LienIntra LienID="R12542" type="Définition de glossaire">requête</LienIntra> à la juridiction disciplinaire.</Paragraphe><Paragraphe>La juridiction disciplinaire peut prononcer à la fin de la procédure l'une des sanctions suivantes à l'égard de votre avocat :</Paragraphe><Liste type="puce"><Item><Paragraphe>Avertissement</Paragraphe></Item><Item><Paragraphe>Blâme</Paragraphe></Item><Item><Paragraphe>Interdiction temporaire d'exercice de maximum 3 ans</Paragraphe></Item><Item><Paragraphe>Radiation du tableau des avocats</Paragraphe></Item></Liste><ANoter><Titre>À noter</Titre><Paragraphe>en cas d'<MiseEnEvidence>urgence</MiseEnEvidence>, ou dans le but de <MiseEnEvidence>protéger le public</MiseEnEvidence>, le conseil de l'ordre des avocats peut <MiseEnEvidence>suspendre provisoirement</MiseEnEvidence> de ses fonctions et <MiseEnEvidence/>pour une durée de 6 mois <MiseEnEvidence>renouvelable une fois</MiseEnEvidence> l'avocat qui fait l'objet d'une <MiseEnEvidence>poursuite pénale ou disciplinaire</MiseEnEvidence>, à la demande du <MiseEnEvidence>procureur général ou du bâtonnier</MiseEnEvidence>.</Paragraphe></ANoter><Paragraphe>La <MiseEnEvidence>décision</MiseEnEvidence> de la juridiction disciplinaire peut être <MiseEnEvidence>attaquée en justice</MiseEnEvidence> par <MiseEnEvidence>l'avocat</MiseEnEvidence> qui en a fait l'objet, par le <MiseEnEvidence>procureur général</MiseEnEvidence> et par le <MiseEnEvidence>bâtonnier</MiseEnEvidence> du barreau auquel appartient l'avocat.</Paragraphe><Paragraphe>Le recours doit être introduit auprès de la <MiseEnEvidence>cour d'appel</MiseEnEvidence>, dans le délai d'<MiseEnEvidence>1 mois</MiseEnEvidence> à compter de la <MiseEnEvidence><LienIntra LienID="R14732" type="Définition de glossaire">notification</LienIntra> </MiseEnEvidence>de la décision.</Paragraphe><Paragraphe>Si un recours est introduit contre la décision de la juridiction disciplinaire, vous pouvez à votre tour saisir la cour d'appel via un <MiseEnEvidence><LienIntra LienID="R66232" type="Définition de glossaire">recours incident</LienIntra></MiseEnEvidence><LienIntra LienID="R66232" type="Définition de glossaire"/>.</Paragraphe><Paragraphe>Vous devez faire votre recours incident dans un <MiseEnEvidence>délai de 15 jours</MiseEnEvidence> à compter de la <MiseEnEvidence><LienIntra LienID="R14732" type="Définition de glossaire">notification</LienIntra> </MiseEnEvidence>du recours principale.</Paragraphe><Paragraphe>Le recours incident doit être introduit devant la cour d'appel.</Paragraphe><Paragraphe>Vous n'avez pas besoin d'un avocat pour faire le recours incident.</Paragraphe></Cas><Cas><Titre>Le bâtonnier refuse d'ouvrir une procédure disciplinaire</Titre><Paragraphe>Si le bâtonnier décide de <MiseEnEvidence>ne pas ouvrir une procédure disciplinaire</MiseEnEvidence> à l'égard de votre avocat, <MiseEnEvidence>vous pouvez saisir</MiseEnEvidence> vous-même la <MiseEnEvidence>juridiction disciplinaire</MiseEnEvidence> du litige.</Paragraphe><Paragraphe>Il y a une juridiction disciplinaire des avocats dans le ressort de chaque cour d'appel.</Paragraphe><OuSAdresser ID="R11624" sve="non" type="Local personnalisable"><Titre>Cour d'appel</Titre><PivotLocal>cour_appel</PivotLocal><RessourceWeb URL="http://www.annuaires.justice.gouv.fr/"/><Source ID="R30663">Ministère chargé de la justice</Source></OuSAdresser><Paragraphe>La juridiction disciplinaire des avocats doit être saisie par <MiseEnEvidence><LienIntra LienID="R12542" type="Définition de glossaire">requête</LienIntra></MiseEnEvidence><LienIntra LienID="R12542" type="Définition de glossaire"/>.<MiseEnEvidence/></Paragraphe><Paragraphe>La requête doit contenir les éléments suivants :</Paragraphe><Liste type="puce"><Item><Paragraphe>Dénomination de la juridiction à laquelle la requête est adressée</Paragraphe></Item><Item><Paragraphe>Objet de la requête</Paragraphe></Item><Item><Paragraphe>Indentification du demandeur personne physique (nom et prénom, profession, domicile, nationalité, date et lieu de naissance)</Paragraphe></Item><Item><Paragraphe>Identification du demandeur personne morale (forme, dénomination, siège social, organe légalement représentatif)</Paragraphe></Item><Item><Paragraphe>Identification de l'avocat mis en cause (nom, prénom, adresse du cabinet)</Paragraphe></Item><Item><Paragraphe>Pièces justificatives</Paragraphe></Item><Item><Paragraphe>Copie de la réclamation adressée au bâtonnier</Paragraphe></Item><Item><Paragraphe>Date et signature</Paragraphe></Item></Liste></Cas></BlocCas></Cas></BlocCas></SousChapitre></Chapitre><Chapitre><Titre><Paragraphe>Comment demander une indemnisation pour une faute professionnelle de l'avocat?</Paragraphe></Titre><Paragraphe>Il peut arriver que les erreurs ou les fautes de l'avocat vous portent préjudice.</Paragraphe><Exemple><Titre>Exemple</Titre><Paragraphe>Envoi tardif de conclusions, absence injustifiée à l'audience, détournement de fonds qui vous sont accordés par l'assurance, etc.</Paragraphe></Exemple><Paragraphe>Dans ces cas, vous pouvez demander une indemnisation à la justice, et non au bâtonnier.</Paragraphe><Paragraphe>Vous devez présenter votre demande devant le tribunal judiciaire du lieu où se trouve le cabinet de l'avocat.</Paragraphe><Paragraphe>Vous pouvez vous faire assister par un autre avocat dans cette procédure. Si votre préjudice est supérieur à <Valeur>10 000 €</Valeur>, vous devez obligatoirement vous faire assister par un avocat devant le tribunal judiciaire.</Paragraphe><OuSAdresser ID="R30" sve="non" type="Local"><Titre>Tribunal judiciaire</Titre><RessourceWeb URL="http://www.annuaires.justice.gouv.fr/"/><Source ID="R30663">Ministère chargé de la justice</Source></OuSAdresser><Paragraphe>Vous devez apporter la preuve que l'avocat a commis une faute et que cette faute vous a causé un préjudice.</Paragraphe></Chapitre></Texte><VoirAussi important="non"><Fiche ID="F2153" audience="Particuliers"><Titre>Avocat</Titre><Theme ID="N19807"><Titre>Justice</Titre></Theme></Fiche></VoirAussi><Reference type="Texte de référence" URL="https://www.legifrance.gouv.fr/loda/id/JORFTEXT000000508793" ID="R45563"><Titre>Loi n°71-1130 du 31 décembre 1971 portant réforme de certaines professions judiciaires et juridiques</Titre><Complement>Organisation de la profession d'avocat</Complement></Reference><Reference type="Texte de référence" URL="https://www.legifrance.gouv.fr/loda/id/JORFTEXT000000356568/" ID="R11310"><Titre>Décret n°91-1197 du 27 novembre 1991 organisant la profession d'avocat </Titre><Complement>Litiges sur les frais : articles 174 à 179</Complement></Reference><Reference type="Texte de référence" URL="https://www.legifrance.gouv.fr/jorf/id/JORFTEXT000047774060" ID="R65414"><Titre>Décret n°2023-552 du 30 juin 2023 portant code de déontologie des avocats</Titre><Complement>Règles professionnelles des avocats</Complement></Reference><ServiceEnLigne ID="R19096" URL="https://www.inc-conso.fr/content/vous-contestez-les-honoraires-de-votre-avocat-et-deposez-un-recours-devant-le-mediateur-etou" audience="Particuliers" type="Modèle de document"><Titre>Saisir le médiateur ou le bâtonnier pour contester les honoraires de son avocat</Titre><Source ID="R30643">Institut national de la consommation (INC)</Source></ServiceEnLigne><Definition ID="R65764"><Titre>Dépens</Titre><Texte><Paragraphe>sommes mises à la charge de celui qui perd le procès par la justice.</Paragraphe></Texte></Definition><Definition ID="R65800"><Titre>Débours</Titre><Texte><Paragraphe>avances faites par l'avocat pour payer des dépenses nécessaires à l'exécution de sa mission</Paragraphe></Texte></Definition><Definition ID="R14732"><Titre>Notification</Titre><Texte><Paragraphe>Formalité par laquelle un acte de procédure ou une décision est porté à la connaissance d’une personne</Paragraphe></Texte></Definition><Definition ID="R65765"><Titre>Honoraires de résultat</Titre><Texte><Paragraphe>honoraires supplémentaires versés à l'avocat en cas de succès en justice</Paragraphe></Texte></Definition><Definition ID="R19324"><Titre>Bâtonnier</Titre><Texte><Paragraphe>Avocat élu par ses confrères dans chaque barreau pour les représenter et garantir la déontologie et la discipline de la profession. Il désigne les avocats commis d'office, règle les différends entre eux ou avec leurs clients.</Paragraphe></Texte></Definition><Definition ID="R12542"><Titre>Requête</Titre><Texte><Paragraphe>Écrit formalisé permettant de saisir un tribunal</Paragraphe></Texte></Definition><Definition ID="R66232"><Titre>Recours incident</Titre><Texte><Paragraphe>Recours formé par une partie qui n'a pas contesté la décision rendue en première instance, en réaction à l'appel formé par une autre partie contre la décision rendue en première instance.</Paragraphe></Texte></Definition><QuestionReponse ID="F15006" audience="Particuliers"><Titre>Un avocat peut-il exiger de l'argent d'un bénéficiaire d'aide juridictionnelle ?</Titre></QuestionReponse><QuestionReponse ID="F15018" audience="Particuliers"><Titre>Comment l'avocat est-il rémunéré ?</Titre></QuestionReponse><QuestionReponse ID="F932" audience="Particuliers"><Titre>Un avocat peut-il prendre un pourcentage sur l'argent gagné grâce à un procès ?</Titre></QuestionReponse></Publication>