<?xml version="1.0" encoding="UTF-8"?><Publication xmlns:dc="http://purl.org/dc/elements/1.1/" xmlns:xsi="http://www.w3.org/2001/XMLSchema-instance" ID="F1486" type="Fiche d'information conditionnée" xsi:noNamespaceSchemaLocation="../Schemas/3.4/Publication.xsd" dateDerniereModificationImportante="2023-05-04T00:00:00" spUrl="https://www.service-public.fr/particuliers/vosdroits/F1486"><dc:title>Cour d'assises des mineurs</dc:title><dc:creator>Direction de l'information légale et administrative</dc:creator><dc:subject>Justice</dc:subject><dc:description>La cour d'assises des mineurs a pour mission de juger spécifiquement les crimes commis par les mineurs de plus de16 ans.</dc:description><dc:publisher>Direction de l'information légale et administrative</dc:publisher><dc:contributor>Direction de l'information légale et administrative (Premier ministre)</dc:contributor><dc:date>modified 2023-05-04</dc:date><dc:type>Fiche pratique</dc:type><dc:format>text/xml</dc:format><dc:identifier>F1486</dc:identifier><dc:source>https://www.legifrance.gouv.fr/codes/article_lc/LEGIARTI000043203796, https://www.legifrance.gouv.fr/codes/section_lc/LEGITEXT000039086952/LEGISCTA000039087981/2021-10-01/#LEGISCTA000039087981, https://www.legifrance.gouv.fr/codes/section_lc/LEGITEXT000039086952/LEGISCTA000039088045/#LEGISCTA000039088045, https://www.legifrance.gouv.fr/codes/article_lc/LEGIARTI000039088463/2021-09-30, https://www.legifrance.gouv.fr/codes/id/LEGISCTA000038556647/, https://www.legifrance.gouv.fr/codes/article_lc/LEGIARTI000044569024, https://www.legifrance.gouv.fr/codes/id/LEGISCTA000032021488/</dc:source><dc:language>Fr</dc:language><dc:relation>isPartOf N23248</dc:relation><dc:coverage>France entière</dc:coverage><dc:rights>https://www.service-public.fr/a-propos/mentions-legales</dc:rights><SurTitre>Fiche pratique</SurTitre><Audience>Particuliers</Audience><Canal>www.service-public.fr</Canal><FilDAriane><Niveau ID="Particuliers">Accueil particuliers</Niveau><Niveau ID="N19807">Justice</Niveau><Niveau ID="N23248">Mineur auteur d'infraction</Niveau><Niveau ID="F1486" type="Fiche d'information conditionnée">Cour d'assises des mineurs</Niveau></FilDAriane><Theme ID="N19807"><Titre>Justice</Titre></Theme><SousThemePere ID="N20279">Justice des mineurs</SousThemePere><DossierPere ID="N23248"><Titre>Mineur auteur d'infraction</Titre><SousDossier ID="N23248-1"><Titre>Nouvelle procédure pénale : enquête ouverte à partir du 30 septembre 2021</Titre><Fiche ID="F1469">Garde à vue ou rétention</Fiche><Fiche ID="F35895">Déroulement des poursuites</Fiche><Fiche ID="F1826">Limitations de liberté avant le prononcé de la sanction</Fiche><Fiche ID="F1837">Mesures et peines encourues</Fiche><Fiche ID="F1486">Déroulement du procès devant la Cour d'assises des mineurs</Fiche></SousDossier><SousDossier ID="N23248-2"><Titre>Ancienne procédure pénale : enquête ouverte jusqu'au 29 septembre 2021</Titre><Fiche ID="F1469">Garde à vue ou rétention</Fiche><Fiche ID="F1820">Déroulement de l'enquête</Fiche><Fiche ID="F1840">Déroulement du procès devant le juge des enfants</Fiche><Fiche ID="F1830">Déroulement du procès devant le tribunal</Fiche><Fiche ID="F1486">Déroulement du procès devant la Cour d'assises des mineurs</Fiche></SousDossier></DossierPere><SousDossierPere>Ancienne procédure pénale : enquête ouverte jusqu'au 29 septembre 2021</SousDossierPere><Introduction><Texte><Paragraphe>Vous souhaitez savoir ce qu'est la cour d'assises des mineurs, comment elle est saisie, quelle est sa compétence, comment se passe l'audience, si les débats sont publics, quelles sont les sanctions qu'elle peut proposer, s'il est possible de faire <LienIntra LienID="R53896" type="Définition de glossaire">appel</LienIntra> de sa décision,... ?</Paragraphe><Paragraphe>Vous voulez également savoir quels sont les droits spécifiques du mineur devant la cour d'assises, et s'il peut bénéficier de <LienIntra LienID="R53533" type="Définition de glossaire">l'excuse de minorité</LienIntra> ?</Paragraphe><Paragraphe>Nous vous donnons les informations utiles.</Paragraphe></Texte></Introduction><Texte><Chapitre><Titre><Paragraphe>Qu'est-ce que la cour d'assises des mineurs ?</Paragraphe></Titre><Paragraphe>La cour d'assises des <LienIntra LienID="R50606" type="Définition de glossaire">mineurs</LienIntra> juge le mineur de plus de 16 ans qui a commis un <LienIntra LienID="R49230" type="Définition de glossaire">crime</LienIntra>. Le mineur doit être âgé de plus de 16 ans au moment des faits.</Paragraphe><Paragraphe>Elle est composée :</Paragraphe><Liste type="puce"><Item><Paragraphe>d'un président,</Paragraphe></Item><Item><Paragraphe>de 2 <LienIntra LienID="R54662" type="Définition de glossaire">assesseurs</LienIntra> (pris parmi les juges des enfants du ressort de la cour d'appel),</Paragraphe></Item><Item><Paragraphe>de citoyens tirés au sort sur les listes électorales</Paragraphe></Item><Item><Paragraphe>et du greffier de la cour d'assises.</Paragraphe></Item></Liste><Paragraphe>Elle est saisie par une <LienIntra LienID="R56104" type="Définition de glossaire">décision de mise en accusation</LienIntra> qui fait suite à une <LienIntra LienID="R52092" type="Définition de glossaire">information judiciaire</LienIntra>.</Paragraphe><Paragraphe>À la différence de la <LienInterne LienPublication="F1487" type="Fiche d'information conditionnée" audience="Particuliers">cour d'assises</LienInterne>, les débats devant la cour d'assises des mineurs se font avec un public <MiseEnEvidence>très limité</MiseEnEvidence>, et ce dans le but de protéger les mineurs.</Paragraphe><Paragraphe>Lorsque la cour d'assises des mineurs prive le mineur de sa liberté, elle doit argumenter sa décision.</Paragraphe></Chapitre><Chapitre><Titre><Paragraphe>Comment se fait le renvoi devant la cour d'assises des mineurs ?</Paragraphe></Titre><Paragraphe>À la fin d'une <LienInterne LienPublication="F1456" type="Fiche d'information conditionnée" audience="Particuliers">information judiciaire</LienInterne>, le juge d'instruction rend une décision sous forme d'une <Expression>ordonnance de mise en accusation et de renvoi</Expression>.</Paragraphe><Paragraphe>Cette ordonnance indique pour quel <LienIntra LienID="R49230" type="Définition de glossaire">crime</LienIntra> ou <LienIntra LienID="R49229" type="Définition de glossaire">délit </LienIntra>le mineur doit être jugé.</Paragraphe><Paragraphe>Elle précise également quelle cour d'assises des mineurs sera chargée de l'affaire.</Paragraphe><ASavoir><Titre>À savoir</Titre><Paragraphe>L'ordonnance de mise en accusation et de renvoi peut aussi être prise par la chambre de l'instruction si la décision du juge d'instruction a fait l'objet d'un appel.</Paragraphe></ASavoir></Chapitre><Chapitre><Titre><Paragraphe>Pour quels faits la cour d'assises des mineurs est-elle compétente ?</Paragraphe></Titre><Paragraphe>En principe, la cour d'assises des mineurs juge les mineurs âgés de 16 ans ou plus qui ont commis un <LienIntra LienID="R49230" type="Définition de glossaire">crime</LienIntra> (meurtre, viol...).</Paragraphe><Paragraphe>Toutefois, elle peut juger un mineur poursuivi pour les fais suivants :</Paragraphe><Liste type="puce"><Item><Paragraphe>Un <LienIntra LienID="R49229" type="Définition de glossaire">délit</LienIntra> ou un <LienInterne LienPublication="F1157" type="Fiche Question-réponse conditionnée" audience="Particuliers">crime</LienInterne> commis avant l'âge de 16 ans, s'ils sont inséparables du crime commis après 16 ans. Par exemple, une série de <LienInterne LienPublication="F1526" type="Fiche d'information conditionnée" audience="Particuliers">viols</LienInterne> et <LienInterne LienPublication="F33891" type="Fiche d'information conditionnée" audience="Particuliers">d'agressions sexuelles</LienInterne> commis sur la même victime, avant et après 16 ans.</Paragraphe></Item><Item><Paragraphe>Un délit ou un crime commis à partir de 18 ans si les faits sont liés et inséparables avec un crime commis par un mineur âgé d'au moins 16 ans</Paragraphe></Item></Liste><ANoter><Titre>À noter</Titre><Paragraphe>un majeur peut être jugé par la cour d'assises des mineurs s'il est co-auteur ou complice d'un délit ou d'un crime commis par un mineur. Ainsi, Ils seront jugés lors d'un seul et unique procès. La décision de faire juger le majeur par la cour d'assises des mineurs est prise par le juge d'instruction chargé de l'affaire.</Paragraphe></ANoter><Paragraphe>Le mineur âgé <MiseEnEvidence>de moins de 16 ans</MiseEnEvidence> poursuivi pour un crime sera jugé par le tribunal pour enfants criminel.</Paragraphe></Chapitre><Chapitre><Titre><Paragraphe>Quelles sont les personnes présentes au procès en première instance ?</Paragraphe></Titre><Paragraphe>Les personnes présentes au procès de la cour d'assises des mineurs sont les suivantes :</Paragraphe><Liste type="puce"><Item><Paragraphe>Juges professionnels (3, dont 1 président et 2 juges des enfants qui sont ses <LienIntra LienID="R54662" type="Définition de glossaire">assesseurs</LienIntra>)</Paragraphe></Item><Item><Paragraphe><LienInterne LienPublication="F1540" type="Fiche d'information conditionnée" audience="Particuliers">Jury populaire</LienInterne> de 6 citoyens tirés au sort sur les listes électorales (et un ou plusieurs suppléants)</Paragraphe></Item><Item><Paragraphe>Procureur général ou un magistrat du parquet spécialisé dans les affaires de mineurs, représentant le <LienIntra LienID="R1127" type="Définition de glossaire">ministère public</LienIntra></Paragraphe></Item><Item><Paragraphe>Mineur accusé <MiseEnEvidence>et</MiseEnEvidence> son avocat</Paragraphe></Item><Item><Paragraphe>Victime, partie civile, ou son avocat</Paragraphe></Item><Item><Paragraphe>Proches du mineur (parents, tuteur, <LienInterne LienPublication="F35064" type="Fiche Question-réponse conditionnée" audience="Particuliers">adulte approprié</LienInterne>...)</Paragraphe></Item><Item><Paragraphe>Représentants des services éducatifs qui suivent le mineur renvoyé devant la cour d'assises</Paragraphe></Item><Item><Paragraphe>Témoins</Paragraphe></Item><Item><Paragraphe>Greffier</Paragraphe></Item><Item><Paragraphe>Commissaire de justice (anciennement huissier de justice et commissaire-priseur judiciaire)</Paragraphe></Item></Liste></Chapitre><Chapitre><Titre><Paragraphe>Comment se déroule la procédure devant la cour d'assises des mineurs ?</Paragraphe></Titre><SousChapitre><Titre><Paragraphe>Avant l'audience</Paragraphe></Titre><Paragraphe>Le président de la cour vérifie l'identité du mineur et s'assure qu'il est assisté par un avocat.</Paragraphe><Paragraphe>Si le mineur n'a plus d'avocat, le président demande au <LienIntra LienID="R19324" type="Définition de glossaire">bâtonnier</LienIntra> de lui désigner un avocat commis d'office.</Paragraphe><Paragraphe>Le président informe le mineur, si nécessaire, de son droit à bénéficier des services d'un interprète.</Paragraphe></SousChapitre><SousChapitre><Titre><Paragraphe>Déroulement de l'audience</Paragraphe></Titre><Paragraphe>Le président de la cour dirige les débats et prend toutes les mesures utiles au bon déroulement de l'audience. C'est lui qui donne la parole aux différentes personnes du procès.</Paragraphe><Paragraphe>Au début de l'audience, il présente les faits reprochés au mineur et demande au greffier de lire l'acte d'accusation (dans lequel est précisé les faits qui lui sont reprochés).</Paragraphe><Paragraphe>Le président interroge le mineur avant de procéder à <LienInterne LienPublication="F34165" type="Fiche d'information conditionnée" audience="Particuliers">l'audition des témoins</LienInterne>, des experts et de la victime. La liste des témoins et experts a été établie précédemment à la demande du mineur, du <LienIntra LienID="R1127" type="Définition de glossaire">ministère public</LienIntra> et de la victime.</Paragraphe><Paragraphe>Les <LienIntra LienID="R54662" type="Définition de glossaire">assesseurs</LienIntra> et les jurés peuvent poser des questions au mineur, aux témoins, aux experts et à la victime, seulement si le président leur en donne l'autorisation. Le mineur et la victime peuvent également poser des questions par l'intermédiaire du président.</Paragraphe><Paragraphe>Les <MiseEnEvidence>enregistrements sonores ou audiovisuels sont</MiseEnEvidence> <MiseEnEvidence>interdits</MiseEnEvidence>. Le président peut toutefois les autoriser s'il considère que cela a un intérêt pour la suite du procès (par exemple, le mineur avoue finalement avoir commis le crime).</Paragraphe><Paragraphe>Les débats se terminent une fois que :</Paragraphe><Liste type="puce"><Item><Paragraphe>La victime, <LienInterne LienPublication="F1454" type="Fiche Question-réponse conditionnée" audience="Particuliers">partie civile</LienInterne>, ou son avocat a été entendu,</Paragraphe></Item><Item><Paragraphe>L'avocat général a pris ses réquisitions (il propose une peine pour le mineur ou demande son acquittement, c'est-à-dire la mise hors de cause du mineur par rapport aux faits qui lui sont reprochés),</Paragraphe></Item><Item><Paragraphe>L'avocat du mineur a plaidé pour sa défense (le mineur ou son avocat ont toujours la parole en dernier).</Paragraphe></Item></Liste><ASavoir><Titre>À savoir</Titre><Paragraphe>le président de la cour peut décider que le mineur se retire de la salle d'audience après son interrogatoire et pendant tout ou partie de la suite des débats.</Paragraphe></ASavoir></SousChapitre></Chapitre><Chapitre><Titre><Paragraphe>Les débats devant la cour d'assises des mineurs sont-ils publics ?</Paragraphe></Titre><Paragraphe>2 hypothèses sont possibles. En principe, l'audience est limitée à certaines personnes (on parle de <Expression>publicité restreinte</Expression>) mais dans certains cas exceptionnels, les débats peuvent être publics.</Paragraphe><BlocCas affichage="onglet"><Cas><Titre>Cas général</Titre><Paragraphe>En principe, les débats ont lieu en <Expression>publicité restreinte</Expression>, c'est-à-dire avec du public (mais en nombre limité).</Paragraphe><Paragraphe>Dans ce cas,<MiseEnEvidence> seules</MiseEnEvidence> les personnes suivantes peuvent assister aux débats :</Paragraphe><Liste type="puce"><Item><Paragraphe>Victime (qu’elle soit ou non constituée partie civile)</Paragraphe></Item><Item><Paragraphe>Témoins de l’affaire</Paragraphe></Item><Item><Paragraphe>Parents</Paragraphe></Item><Item><Paragraphe>Tuteur, curateur</Paragraphe></Item><Item><Paragraphe>Proches parents du mineur</Paragraphe></Item><Item><Paragraphe><LienInterne LienPublication="F35064" type="Fiche Question-réponse conditionnée" audience="Particuliers">Adulte approprié</LienInterne></Paragraphe></Item><Item><Paragraphe>Représentants des services éducatifs qui suivent le mineur</Paragraphe></Item><Item><Paragraphe>Avocat</Paragraphe></Item><Item><Paragraphe>Personnels des services désignés pour suivre le mineur.</Paragraphe></Item></Liste><Paragraphe>Toutefois, la victime peut demander à ce que les débats aient lieu à <Expression>huis clos</Expression>, c'est-à dire sans public.</Paragraphe><Paragraphe>Tel peut être le cas si les poursuites engagées sont en lien avec des faits graves de nature sexuelle comme par exemples un viol, des actes de torture et de barbarie accompagnés d'agressions sexuelles, la traite des êtres humains, le proxénétisme aggravé.</Paragraphe><Paragraphe>Dans ces différentes hypothèses, seules les personnes <MiseEnEvidence>directement concernées</MiseEnEvidence> (victimes, parents, témoins, experts...) peuvent assister au procès.</Paragraphe><Paragraphe>L'audience peut ne pas être publique si un autre co-accusé est mineur ou si la victime est mineure.</Paragraphe></Cas><Cas><Titre>Cas exceptionnels</Titre><Paragraphe>L’audience de la cour d’assises des mineurs est publique si <MiseEnEvidence>toutes les conditions suivantes sont réunies</MiseEnEvidence> :</Paragraphe><Liste type="puce"><Item><Paragraphe>Le mineur, au moment des faits, est devenu majeur au jour de l’ouverture des débats</Paragraphe></Item><Item><Paragraphe>Le mineur, le ministère public ou un autre accusé en fait la demande</Paragraphe></Item><Item><Paragraphe>Le(s) coaccusé(s) est (sont) majeur(s)</Paragraphe></Item><Item><Paragraphe>La personnalité de l’accusé n’y fait pas obstacle</Paragraphe></Item></Liste><Paragraphe>Avant de rendre sa décision, la cour d’assises des mineurs entend le ministère public et les avocats des parties. Elle tient également en compte les intérêts de la société, de l’accusé et de la victime.</Paragraphe><Paragraphe>La décision sur le fait de rendre l'audience publique est argumentée et ne peut pas être contestée.</Paragraphe></Cas></BlocCas></Chapitre><Chapitre><Titre><Paragraphe>Comment la cour d'assises prend sa décision sur la culpabilité du mineur et sa possible condamnation ?</Paragraphe></Titre><Paragraphe>Immédiatement après les débats, la cour d'assises des mineurs et les jurés se retirent dans la salle de délibéré pour répondre aux questions sur la culpabilité du mineur et sa possible condamnation.</Paragraphe><Paragraphe>Le délibéré est <MiseEnEvidence>secret</MiseEnEvidence> et comporte <MiseEnEvidence>2 phases</MiseEnEvidence> :</Paragraphe><Liste type="numero"><Item><Paragraphe>Délibération sur la culpabilité</Paragraphe></Item><Item><Paragraphe><MiseEnEvidence/>Délibération sur la peine</Paragraphe></Item></Liste><SousChapitre><Titre><Paragraphe>Délibération sur la culpabilité</Paragraphe></Titre><Paragraphe>Une majorité de <MiseEnEvidence>6 voix</MiseEnEvidence> est nécessaire pour toute décision défavorable au mineur.</Paragraphe><Paragraphe>Le vote se fait par écrit.</Paragraphe><Paragraphe>Les bulletins blancs ou nuls sont favorables au mineur. Si ce dernier est déclaré non coupable, il est acquitté (mis hors de cause). S'il est déclaré coupable, la cour statue sur la peine applicable.</Paragraphe><Paragraphe>Si le mineur est déclaré coupable des faits qui lui sont reprochés, le vote se poursuit.</Paragraphe><Paragraphe>Le président de la cour pose d'abord cette question à la cour : <Expression>Y a-t-il lieu de prononcer une condamnation pénale ?</Expression>.</Paragraphe><Paragraphe>Le mineur peut en effet être coupable tout en évitant une sanction pénale (prison, amende,...). Dans ce cas, la cour peut prononcer prononcer un avertissement judiciaire et une <LienExterne URL="http://www.justice.gouv.fr/art_pix/cjpm_ft_mej.pdf" format="application/pdf" poids="126.7 KB">mesure éducative judiciaire</LienExterne>.</Paragraphe></SousChapitre><SousChapitre><Titre><Paragraphe>Délibération sur la peine</Paragraphe></Titre><Paragraphe>La décision est prise à la <MiseEnEvidence>majorité absolue</MiseEnEvidence> des votants (au moins 5 voix). Mais la peine maximale doit être prononcée par la majorité de 6 voix.</Paragraphe><Paragraphe>Si la cour décide d'appliquer une sanction pénale (prison, amende,...) au mineur, elle répond à cette question, lue par le président : <Expression>Y a-t-il lieu d'exclure l'accusé du bénéfice de la diminution de peine ?</Expression>. Cette question porte sur l'application de <LienIntra LienID="R53533" type="Définition de glossaire">l'excuse de minorité</LienIntra>.</Paragraphe><BlocCas affichage="onglet"><Cas><Titre>Le mineur bénéficie de l'excuse de minorité</Titre><Paragraphe>Le mineur ne peut pas être condamné à <LienInterne LienPublication="F1837" type="Fiche d'information conditionnée" audience="Particuliers">plus de la moitié de la peine encourue par un majeur</LienInterne> pour les mêmes faits. C'est-à-dire que pour un crime puni de 20 ans de réclusion, le mineur pourra être condamné à un maximum de 10 ans.</Paragraphe><Paragraphe>La cour décide de la hauteur de la peine en fonction de ce critère, mais en l'adaptant et en la combinant avec d'autres règles.</Paragraphe><Paragraphe>Ainsi, par exemple, si la peine encourue par un majeur est la prison à perpétuité, la peine prononcée à l'encontre du mineur ne pourra pas être supérieure à 20 ans de prison.</Paragraphe><Paragraphe>De même, si l'amende encourue par un majeur est de <Valeur>75 000 €</Valeur> par exemple, l'amende prononcée à l'encontre du mineur ne pourra, en principe, pas être supérieure à <Valeur>37 500 €</Valeur>.</Paragraphe><Paragraphe>Toutefois, en raison de sa minorité, un mineur ne peut pas être condamné à payer plus de <Valeur>7 500 €</Valeur> d'amende.</Paragraphe></Cas><Cas><Titre>Le mineur ne bénéficie pas de l'excuse de minorité</Titre><Paragraphe>La cour d'assises des mineurs peut refuser l'application de l'excuse de minorité.</Paragraphe><Paragraphe>Dans ce cas, la cour doit prendre une décision spéciale, différente du verdict. Cette décision spéciale doit indiquer les raisons pour lesquelles la cour refuse l'application de l'excuse de minorité.</Paragraphe><Paragraphe>La cour doit tenir compte de la gravité des faits et de la personnalité du mineur.</Paragraphe><Paragraphe>Le mineur qui ne peut pas bénéficier de l'excuse de minorité sera sanctionné comme un majeur.</Paragraphe><Paragraphe>Toutefois, le mineur ne pourra pas être condamné à plus de 30 ans de prison, même si le crime commis peut être puni par la prison à perpétuité. Une peine de prison avec une <LienIntra LienID="R56106" type="Définition de glossaire">période de sûreté</LienIntra> ne peut pas être prononcée à l'égard d'un mineur.</Paragraphe></Cas></BlocCas><ASavoir><Titre>À savoir</Titre><Paragraphe>lorsque le mineur est condamné à une peine de prison, il est placé dans un quartier spécial d'une prison (quartier pour mineurs) ou dans une prison pour mineurs.</Paragraphe></ASavoir></SousChapitre><SousChapitre><Titre><Paragraphe>Verdict</Paragraphe></Titre><Paragraphe>La cour quitte la salle de délibéré seulement lorsque la décision finale (le <Expression>verdict</Expression>) est prise. Cela peut prendre plusieurs heures.</Paragraphe><Paragraphe>La décision de la cour est prononcée en audience publique. Elle doit indiquer les raisons qui l'ont conduite à prononcer une condamnation ou un acquittement (c'est-à-dire la mise hors de cause du mineur).</Paragraphe><Paragraphe>Si la décision est publiée dans la presse, elle ne devra pas divulguer l'identité du mineur et celle de la victime, si elle est mineure.</Paragraphe><Paragraphe>Si le mineur est acquitté, il est remis en liberté sauf s'il est incarcéré pour d'autres faits.</Paragraphe><Paragraphe>Si le mineur est condamné, le président l'informe de sa possibilité de faire appel de la décision. Il lui indique qu'il dispose de 10 <LienIntra LienID="R1092" type="Définition de glossaire">jours calendaires</LienIntra> pour faire appel à compter du prononcé de la décision.</Paragraphe><Paragraphe>L'appel peut être fait au nom du mineur par ses parents.</Paragraphe><ASavoir><Titre>À savoir</Titre><Paragraphe>si le mineur a été acquitté et qu'il a été incarcéré (mis en prison) pour ces faits, il pourra faire une demande d'indemnisation pour <LienInterne LienPublication="F13286" type="Fiche Question-réponse conditionnée" audience="Particuliers">détention arbitraire</LienInterne> dans les 6 mois après le prononcé de l'acquittement.</Paragraphe></ASavoir></SousChapitre><SousChapitre><Titre><Paragraphe>Décision sur la réparation du préjudice de la victime</Paragraphe></Titre><Paragraphe>Une fois l'audience pénale achevée, une audience civile peut suivre. Elle est destinée à examiner la demande d'indemnisation formulée par la <LienIntra LienID="R53960" type="Définition de glossaire">partie civile</LienIntra> (victime).</Paragraphe><Paragraphe>La cour peut décider de renvoyer l'audience civile à une date ultérieure, qu'elle fixe.</Paragraphe><Paragraphe>Si le mineur a été reconnu coupable des faits, les juges statuent sur les <LienInterne LienPublication="F1422" type="Fiche d'information conditionnée" audience="Particuliers">dommages-intérêts</LienInterne> réclamés par la partie civile, sans la participation des jurés.</Paragraphe><Paragraphe>En cas de condamnation du mineur à une amende ou au versement de dommages et intérêts à la victime, ce sont ses parents qui devront payer à sa place.</Paragraphe></SousChapitre></Chapitre><Chapitre><Titre><Paragraphe>Quels sont les recours à la suite de la décision de la cour d'assises ?</Paragraphe></Titre><SousChapitre><Titre><Paragraphe>Appel</Paragraphe></Titre><Paragraphe>Il est possible de <LienInterne LienPublication="F1384" type="Fiche d'information conditionnée" audience="Particuliers">faire appel</LienInterne> à l'égard de la décision de la cour d'assises des mineurs lorsqu'elle juge une affaire en premier ressort (c'est-à-dire pour la première fois).</Paragraphe><Paragraphe>L'appel se fait par déclaration au <LienIntra LienID="R12700" type="Définition de glossaire">greffe</LienIntra> de la cour d'assises qui a rendu la décision.</Paragraphe><Paragraphe>Il doit être fait dans les 10 <LienIntra LienID="R1008" type="Définition de glossaire">jours francs</LienIntra> à compter du prononcé de l'arrêt (décision rendue par la cour).</Paragraphe><Paragraphe>L'appel peut être fait par les personnes suivantes :</Paragraphe><Liste type="puce"><Item><Paragraphe>Accusé (mineur) ou son représentant légal (parent)</Paragraphe></Item><Item><Paragraphe>Ministère public (procureur général ou un magistrat du parquet spécialisé dans les affaires de mineurs)</Paragraphe></Item><Item><Paragraphe>Partie civile, mais uniquement pour ses intérêts civils, c'est-à-dire le montant des dommages-intérêts obtenus</Paragraphe></Item></Liste><Paragraphe>Lorsque l'appel est fait par le mineur ou le ministère public, la contestation peut être limitée sur la durée de la peine et non pas sur la culpabilité.</Paragraphe><Paragraphe>La cour d'assises d'appel est déterminée par la chambre criminelle de la cour de cassation, après avoir reçu les observations du mineur, accusé, de la victime, partie civile, et du ministère public.</Paragraphe><OuSAdresser ID="R182" sve="non" type="National"><Titre>Cour de cassation</Titre><RessourceWeb URL="https://www.courdecassation.fr/"/></OuSAdresser></SousChapitre><SousChapitre><Titre><Paragraphe>Procès d'appel</Paragraphe></Titre><Paragraphe>L'affaire est alors rejugée par une cour d'assises d'appel dont le fonctionnement est identique à la cour d'assises de premier ressort, sauf sur les points suivants :</Paragraphe><Liste type="puce"><Item><Paragraphe>Le nombre de jurés est de 9 personnes</Paragraphe></Item><Item><Paragraphe>Le nombre de voix minimum nécessaire lors des délibérations pour prendre une décision défavorable à l'accusé concernant sa culpabilité est porté à 8</Paragraphe></Item><Item><Paragraphe>Le nombre de voix minimum nécessaire lors des délibérations pour décider d'une peine est porté à 7 (ou à 8 si la peine prononcée est la peine maximale encourue)</Paragraphe></Item></Liste><ASavoir><Titre>À savoir</Titre><Paragraphe>après l'appel, si la loi n'a pas correctement été appliquée ou si une erreur de procédure a été commise, il est possible de faire un <LienInterne LienPublication="F1382" type="Fiche d'information conditionnée" audience="Particuliers">pourvoi en cassation</LienInterne>. Le pourvoi doit être fait auprès du greffe de la cour d'assises d'appel concernée par l'accusé ou son représentant légal, dans les 5 <LienIntra LienID="R1008" type="Définition de glossaire">jours francs</LienIntra> après la décision rendue.</Paragraphe></ASavoir></SousChapitre></Chapitre></Texte><VoirAussi important="non"><Fiche ID="F1837" audience="Particuliers"><Titre>Mineur délinquant : mesures et peines encourues</Titre><Theme ID="N19807"><Titre>Justice</Titre></Theme></Fiche></VoirAussi><QuiPeutMAider ID="R11621" sve="non" type="Local personnalisé sur SP"><Titre>Maison de justice et du droit</Titre><PivotLocal>mjd</PivotLocal><RessourceWeb URL="http://www.annuaires.justice.gouv.fr/lieux-dacces-aux-droits-10111/"/><Source ID="R30663">Ministère chargé de la justice</Source></QuiPeutMAider><QuiPeutMAider ID="R14218" sve="non" type="Local personnalisable"><Titre>Avocat</Titre><PivotLocal>avocat_conseil_national</PivotLocal><RessourceWeb URL="https://www.cnb.avocat.fr/annuaire-des-avocats-de-france"/><Source ID="R30762">Conseil national des barreaux</Source></QuiPeutMAider><Reference type="Texte de référence" URL="https://www.legifrance.gouv.fr/codes/article_lc/LEGIARTI000043203796" ID="R65030"><Titre>Code de la justice pénale des mineurs : article L12-1</Titre><Complement>Des principes généraux de la procédure applicable aux mineurs</Complement></Reference><Reference type="Texte de référence" URL="https://www.legifrance.gouv.fr/codes/section_lc/LEGITEXT000039086952/LEGISCTA000039087981/2021-10-01/#LEGISCTA000039087981" ID="R60187"><Titre>Code de la justice pénale des mineurs : articles L121-1 à L121-7</Titre><Complement>Peines encourues : art L121-5 à L121-7</Complement></Reference><Reference type="Texte de référence" URL="https://www.legifrance.gouv.fr/codes/section_lc/LEGITEXT000039086952/LEGISCTA000039088045/#LEGISCTA000039088045" ID="R60592"><Titre>Code de la justice pénale des mineurs : articles L 231-1 à L 231-10</Titre><Complement>Articles L 231-8 à L 231-10</Complement></Reference><Reference type="Texte de référence" URL="https://www.legifrance.gouv.fr/codes/article_lc/LEGIARTI000039088463/2021-09-30" ID="R60593"><Titre>Code de la justice pénale des mineurs : article L 522-1</Titre><Complement>Du jugement devant la cour d'assises des mineurs</Complement></Reference><Reference type="Texte de référence" URL="https://www.legifrance.gouv.fr/codes/id/LEGISCTA000038556647/" ID="R54865"><Titre>Code de procédure pénale : articles D594-17 à D594-20</Titre><Complement>Dispositions du code de procédure pénale applicables aux mineurs</Complement></Reference><Reference type="Texte de référence" URL="https://www.legifrance.gouv.fr/codes/article_lc/LEGIARTI000044569024" ID="R39709"><Titre>Code de procédure pénale : article 306</Titre><Complement>Levée du huis clos</Complement></Reference><Reference type="Texte de référence" URL="https://www.legifrance.gouv.fr/codes/id/LEGISCTA000032021488/" ID="R610"><Titre>Code civil : articles 1240 à 1244</Titre><Complement>Responsabilité civile des parents : article 1242</Complement></Reference><PourEnSavoirPlus type="Information pratique" ID="R10199" URL="http://www.justice.gouv.fr/art_pix/chainepen.pdf" audience="Particuliers" format="application/pdf" poids="17.7 KB"><Titre>Juridictions pour les mineurs avant le 30 septembre 2021 : schéma de la chaîne pénale</Titre><Source ID="R30663">Ministère chargé de la justice</Source></PourEnSavoirPlus><PourEnSavoirPlus type="Information pratique" ID="R41472" URL="http://www.justice.gouv.fr/justice-des-mineurs-10042/" audience="Particuliers"><Titre>La justice des mineurs</Titre><Source ID="R30663">Ministère chargé de la justice</Source></PourEnSavoirPlus><PourEnSavoirPlus type="Information pratique" ID="R60226" URL="http://www.justice.gouv.fr/art_pix/cjpm_ft_mej.pdf" audience="Particuliers" format="application/pdf" poids="126.7 KB"><Titre>La mesure éducative judiciaire</Titre><Source ID="R30663">Ministère chargé de la justice</Source></PourEnSavoirPlus><Definition ID="R53896"><Titre>Appel</Titre><Texte><Paragraphe>Voie de recours par laquelle une partie à un procès demande un nouveau jugement de l'affaire par une juridiction supérieure</Paragraphe></Texte></Definition><Definition ID="R53533"><Titre>Excuse de minorité</Titre><Texte><Paragraphe>Présomption d'atténuation de la responsabilité pénale du mineur en raison de son âge. Ce qui entraîne une réduction de la peine.</Paragraphe></Texte></Definition><Definition ID="R50606"><Titre>Juridictions judiciaires</Titre><Texte><Paragraphe>Tribunaux civils et pénaux</Paragraphe></Texte></Definition><Definition ID="R49230"><Titre>Crime</Titre><Texte><Paragraphe>Infraction la plus grave punissable par une peine de prison (homicide volontaire ou viol par exemple)</Paragraphe></Texte></Definition><Definition ID="R54662"><Titre>Assesseur</Titre><Texte><Paragraphe>Juge qui assiste le président d'une juridiction</Paragraphe></Texte></Definition><Definition ID="R56104"><Titre>Décision de mise en accusation</Titre><Texte><Paragraphe>Acte procédural qui renvoie une personne poursuivie en matière pénale devant une juridiction en vue de son jugement. Cette décision est prise par le juge d'instruction ou la chambre de l'instruction.</Paragraphe></Texte></Definition><Definition ID="R52092"><Titre>Information judiciaire</Titre><Texte><Paragraphe>Enquête judiciaire menée dans une affaire pénale et dirigée par un juge d'instruction</Paragraphe></Texte></Definition><Definition ID="R49229"><Titre>Délit</Titre><Texte><Paragraphe>Acte interdit par la loi et puni d'une amende et/ou d'une peine d'emprisonnement inférieure à 10 ans</Paragraphe></Texte></Definition><Definition ID="R1127"><Titre>Parquet (ou ministère public)</Titre><Texte><Paragraphe>Corps de magistrats représentant les intérêts de la société devant les juridictions</Paragraphe></Texte></Definition><Definition ID="R19324"><Titre>Bâtonnier</Titre><Texte><Paragraphe>Avocat élu par ses confrères dans chaque barreau pour les représenter et garantir la déontologie et la discipline de la profession. Il désigne les avocats commis d'office, règle les différends entre eux ou avec leurs clients.</Paragraphe></Texte></Definition><Definition ID="R56106"><Titre>Période de sûreté</Titre><Texte><Paragraphe>Délai minimum d'exécution de peine pendant lequel la libération conditionnelle ne peut pas être accordée</Paragraphe></Texte></Definition><Definition ID="R1092"><Titre>Jour calendaire</Titre><Texte><Paragraphe>Correspond à la totalité des jours du calendrier de l'année civile, du 1<Exposant>er</Exposant> janvier au 31 décembre, y compris les jours fériés ou chômés</Paragraphe></Texte></Definition><Definition ID="R53960"><Titre>Partie civile</Titre><Texte><Paragraphe>Personne qui demande au juge chargé de la répression d'une infraction la réparation du préjudice que cette infraction lui a causée</Paragraphe></Texte></Definition><Definition ID="R12700"><Titre>Greffe</Titre><Texte><Paragraphe>Service d'un tribunal composé de fonctionnaires qui assistent les magistrats dans leur mission</Paragraphe></Texte></Definition><Definition ID="R1008"><Titre>Jour franc</Titre><Texte><Paragraphe>Jour qui dure de 0h à 24h. Un délai ainsi calculé ne tient pas compte du jour de la décision à l'origine du délai, ni du jour de l'échéance. Si le délai s'achève un samedi ou un dimanche, il est reporté au lundi. Si le délai s'achève un jour férié, il est reporté d'un jour. Ainsi, par exemple, si un délai s'achève un samedi et le lundi suivant est un jour férié, il est reporté au mardi.</Paragraphe></Texte></Definition></Publication>