<?xml version="1.0" encoding="UTF-8"?><Publication xmlns:dc="http://purl.org/dc/elements/1.1/" xmlns:xsi="http://www.w3.org/2001/XMLSchema-instance" ID="F15009" type="Fiche Question-réponse conditionnée" xsi:noNamespaceSchemaLocation="../Schemas/3.4/Publication.xsd" spUrl="https://www.service-public.fr/particuliers/vosdroits/F15009"><dc:title>À quoi sert le fichier central des dispositions de dernières volontés (FCDDV) ?</dc:title><dc:creator>Direction de l'information légale et administrative</dc:creator><dc:subject>Famille - Scolarité</dc:subject><dc:description>Le fichier central des dispositions de dernières volontés (FCDDV), centralise les informations relatives aux testaments reçus par les notaires.</dc:description><dc:publisher>Direction de l'information légale et administrative</dc:publisher><dc:contributor>Direction de l'information légale et administrative (Premier ministre), Ministère chargé de la justice</dc:contributor><dc:date>modified 2022-09-12</dc:date><dc:type>Question-réponse</dc:type><dc:format>text/xml</dc:format><dc:identifier>F15009</dc:identifier><dc:source>https://www.legifrance.gouv.fr/loda/id/JORFTEXT000000709360/</dc:source><dc:language>Fr</dc:language><dc:relation>isPartOf N16265</dc:relation><dc:coverage>France entière</dc:coverage><dc:rights>https://www.service-public.fr/a-propos/mentions-legales</dc:rights><SurTitre>Question-réponse</SurTitre><Audience>Particuliers</Audience><Canal>www.service-public.fr</Canal><FilDAriane><Niveau ID="Particuliers">Accueil particuliers</Niveau><Niveau ID="N19805">Famille - Scolarité</Niveau><Niveau ID="N16265">Testament</Niveau><Niveau ID="F15009" type="Fiche Question-réponse conditionnée">À quoi sert le fichier central des dispositions de dernières volontés (FCDDV) ?</Niveau></FilDAriane><Theme ID="N19805"><Titre>Famille - Scolarité</Titre></Theme><SousThemePere ID="N20090">Succession</SousThemePere><DossierPere ID="N16265"><Titre>Testament</Titre><Fiche ID="F770">Faire un testament</Fiche><Fiche ID="F16274">Faire un testament-partage</Fiche></DossierPere><Texte><Paragraphe>Le FCDDV, aussi appelé <Expression>fichier des testaments</Expression>, centralise pour toute la France des informations sur les testaments reçus par les notaires.</Paragraphe><Chapitre><Titre><Paragraphe>Quelles informations contient le fichier des testaments ?</Paragraphe></Titre><Paragraphe>Le FCDDV contient uniquement des informations sur les testaments <MiseEnEvidence>confiés à un notaire</MiseEnEvidence>.</Paragraphe><Paragraphe>Le notaire enregistre au FCDDV les informations suivantes :</Paragraphe><Liste type="puce"><Item><Paragraphe>Existence du testament</Paragraphe></Item><Item><Paragraphe>Lieu de dépôt et coordonnées du notaire chez qui est déposé le testament</Paragraphe></Item><Item><Paragraphe>État civil de la personne concernée.</Paragraphe></Item></Liste><Paragraphe>Tous les <LienInterne LienPublication="F770" type="Fiche d'information conditionnée" audience="Particuliers">types de testaments</LienInterne> (olographe, authentique, mystique) sont enregistrés.</Paragraphe></Chapitre><Chapitre><Titre><Paragraphe>Pourquoi interroger le fichier des testaments ?</Paragraphe></Titre><Paragraphe>Au moment du règlement d'une succession, vous pouvez interroger le FCDDV pour connaître les informations suivantes :</Paragraphe><Liste type="puce"><Item><Paragraphe>Existence d'un testament ou d'actes exprimant les dernières volontés du défunt</Paragraphe></Item><Item><Paragraphe>Coordonnées de l'office notarial qui en assure la conservation.</Paragraphe></Item></Liste></Chapitre><Chapitre><Titre><Paragraphe>Qui peut interroger le ficher des testaments ?</Paragraphe></Titre><Paragraphe>Toute personne peut interroger le FCDDV.</Paragraphe><ASavoir><Titre>À savoir</Titre><Paragraphe>en cas de décès à l'étranger, l'ambassade ou le consulat peut interroger le FCDDV.</Paragraphe></ASavoir></Chapitre><Chapitre><Titre><Paragraphe>Comment interroger le fichier des testaments ?</Paragraphe></Titre><Paragraphe>La demande se fait en ligne :</Paragraphe><ServiceEnLigne ID="R32210" URL="http://www.adsn.notaires.fr/fcddvPublic/profileChoice.htm" audience="Particuliers" type="Téléservice"><Titre>Interrogation du fichier des testaments</Titre><Source ID="R30632">Notaires de France</Source></ServiceEnLigne><Paragraphe>Vous devez fournir un acte de décès (original ou copie certifiée conforme). Aucune photocopie n'est acceptée.</Paragraphe><ASavoir><Titre>À savoir</Titre><Paragraphe>si la succession est confiée à un notaire, c'est lui qui fait la démarche.</Paragraphe></ASavoir></Chapitre><Chapitre><Titre><Paragraphe>Combien coûte l'interrogation du fichier des testaments ?</Paragraphe></Titre><Paragraphe>Les tarifs <LienInterne LienPublication="R24408" type="Sigle">TTC</LienInterne> diffèrent selon l'endroit où vous faites votre demande.</Paragraphe><BlocCas affichage="radio"><Cas><Titre>Depuis la France (métropole)</Titre><Paragraphe>L'interrogation du FCDDV coûte <Valeur>18 €</Valeur>.</Paragraphe></Cas><Cas><Titre>Depuis un département d'outre-mer (Dom)</Titre><Paragraphe>L'interrogation du FCDDV coûte <Valeur>16,28 €</Valeur>.</Paragraphe></Cas><Cas><Titre>Depuis l'étranger</Titre><Paragraphe>L'interrogation du FCDDV coûte <Valeur>15 €</Valeur>.</Paragraphe></Cas></BlocCas><Paragraphe>Vous pouvez payer en ligne au moment de la demande d'interrogation du fichier. Vous pouvez aussi envoyer votre règlement par courrier lorsque vous transmettez l'acte de décès.</Paragraphe></Chapitre></Texte><QuiPeutMAider ID="R17334" sve="non" type="Centre de contact"><Titre>Association pour le développement du service notarial (ADSN)</Titre><Texte><Paragraphe>Pour se renseigner et pour demander à consulter le fichier central des dispositions de dernières volontés (FCDDV), couramment appelé <Expression>fichier des testaments</Expression>.</Paragraphe><Paragraphe>Vous pouvez notamment demander un certificat d'absence d'inscription de dispositions de dernières volontés.</Paragraphe><Chapitre><Titre><Paragraphe>Par téléphone</Paragraphe></Titre><Paragraphe>0 800 306 212</Paragraphe><Paragraphe>Service et appel gratuits</Paragraphe></Chapitre><Chapitre><Titre><Paragraphe>Par messagerie</Paragraphe></Titre><Paragraphe>fcddvpublic@adsn.fr</Paragraphe><Paragraphe>serviceclient@adsn.fr</Paragraphe></Chapitre><Chapitre><Titre><Paragraphe>Par courrier</Paragraphe></Titre><Paragraphe>Service FCDDV public</Paragraphe><Paragraphe>95, avenue des Logissons</Paragraphe><Paragraphe>13107 VENELLES CEDEX</Paragraphe></Chapitre></Texte></QuiPeutMAider><QuiPeutMAider ID="R18478" sve="non" type="Local personnalisable"><Titre>Notaire</Titre><PivotLocal>notaire</PivotLocal><RessourceWeb URL="https://www.notaires.fr/fr/directory"/><Source ID="R64485">Conseil supérieur du notariat</Source></QuiPeutMAider><Reference type="Texte de référence" URL="https://www.legifrance.gouv.fr/loda/id/JORFTEXT000000709360/" ID="R32207"><Titre>Décret n°91-152 du 7 février 1991 relatif aux attributions notariales des agents diplomatiques et consulaires</Titre></Reference><ServiceEnLigne ID="R32210" selfPrincipal="true" URL="http://www.adsn.notaires.fr/fcddvPublic/profileChoice.htm" audience="Particuliers" type="Téléservice"><Titre>Interrogation du fichier des testaments</Titre><Source ID="R30632">Notaires de France</Source></ServiceEnLigne><Abreviation ID="R24408" type="Sigle"><Titre>TTC</Titre><Texte><Paragraphe>Toutes taxes comprises</Paragraphe></Texte></Abreviation><QuestionReponse ID="F17701" audience="Particuliers"><Titre>Frais de notaire : de quoi s'agit-il ?</Titre></QuestionReponse><QuestionReponse ID="F1295" audience="Particuliers"><Titre>Le recours à un notaire est-il obligatoire dans le cadre d'une succession ?</Titre></QuestionReponse></Publication>