<?xml version="1.0" encoding="UTF-8"?><Publication xmlns:dc="http://purl.org/dc/elements/1.1/" xmlns:xsi="http://www.w3.org/2001/XMLSchema-instance" ID="F15246" type="Fiche Question-réponse conditionnée" xsi:noNamespaceSchemaLocation="../Schemas/3.4/Publication.xsd" dateDerniereModificationImportante="2023-01-01T00:00:00" spUrl="https://www.service-public.fr/particuliers/vosdroits/F15246"><dc:title>Adoption simple et adoption plénière : quelles différences ?</dc:title><dc:creator>Direction de l'information légale et administrative</dc:creator><dc:subject>Famille - Scolarité</dc:subject><dc:description>Les 2 formes d'adoption diffèrent sur un certain nombre de sujets : liens avec la famille d'origine, autorité parentale, nom de la personne adoptée, héritage,...</dc:description><dc:publisher>Direction de l'information légale et administrative</dc:publisher><dc:contributor>Direction de l'information légale et administrative (Premier ministre)</dc:contributor><dc:date>modified 2023-01-01</dc:date><dc:type>Question-réponse</dc:type><dc:format>text/xml</dc:format><dc:identifier>F15246</dc:identifier><dc:source>https://www.legifrance.gouv.fr/codes/section_lc/LEGITEXT000006070721/LEGISCTA000006150070/, https://www.legifrance.gouv.fr/codes/section_lc/LEGITEXT000006070721/LEGISCTA000006150071/, https://www.legifrance.gouv.fr/codes/section_lc/LEGITEXT000006070721/LEGISCTA000006150072/, https://www.legifrance.gouv.fr/codes/section_lc/LEGITEXT000006070721/LEGISCTA000046369344/, https://www.legifrance.gouv.fr/codes/section_lc/LEGITEXT000006070721/LEGISCTA000046369877, https://www.legifrance.gouv.fr/codes/section_lc/LEGITEXT000006070721/LEGISCTA000046369879/, https://www.legifrance.gouv.fr/codes/section_lc/LEGITEXT000006070721/LEGISCTA000046369881/, https://www.legifrance.gouv.fr/codes/section_lc/LEGITEXT000006070721/LEGISCTA000006149914, https://www.legifrance.gouv.fr/codes/section_lc/LEGITEXT000006070721/LEGISCTA000046369924/, https://www.legifrance.gouv.fr/codes/section_lc/LEGITEXT000006070721/LEGISCTA000046369928/, https://www.legifrance.gouv.fr/codes/section_lc/LEGITEXT000006070721/LEGISCTA000046369934/, https://www.legifrance.gouv.fr/codes/id/LEGISCTA000006165433/, https://www.legifrance.gouv.fr/codes/section_lc/LEGITEXT000006070721/LEGISCTA000006165458, https://www.legifrance.gouv.fr/codes/id/LEGISCTA000006199106/</dc:source><dc:language>Fr</dc:language><dc:relation>isPartOf N133</dc:relation><dc:coverage>France entière</dc:coverage><dc:rights>https://www.service-public.fr/a-propos/mentions-legales</dc:rights><SurTitre>Question-réponse</SurTitre><Audience>Particuliers</Audience><Canal>www.service-public.fr</Canal><FilDAriane><Niveau ID="Particuliers">Accueil particuliers</Niveau><Niveau ID="N19805">Famille - Scolarité</Niveau><Niveau ID="N133">Adoption</Niveau><Niveau ID="F15246" type="Fiche Question-réponse conditionnée">Adoption simple et adoption plénière : quelles différences ?</Niveau></FilDAriane><Theme ID="N19805"><Titre>Famille - Scolarité</Titre></Theme><SousThemePere ID="N127">Enfant</SousThemePere><DossierPere ID="N133"><Titre>Adoption</Titre><SousDossier ID="N133-1"><Titre>Adoption d'un mineur</Titre><Fiche ID="F1385">Adoption par une personne seule</Fiche><Fiche ID="F3151">Adoption par un couple</Fiche><Fiche ID="F1094">Adoption de l'enfant de son époux, du partenaire de Pacs ou du concubin</Fiche></SousDossier><SousDossier ID="N133-2"><Titre>Adoption d'un majeur</Titre><Fiche ID="F933">Adoption par une personne seule</Fiche><Fiche ID="F1184">Adoption par un couple</Fiche><Fiche ID="F2973">Adoption de l'enfant de son époux, partenaire ou concubin</Fiche></SousDossier></DossierPere><Introduction><Texte><Paragraphe>Les 2 formes d'adoption diffèrent sur un certain nombre de sujets : <MiseEnEvidence>liens avec la famille d'origine, autorité parentale, nom de la personne adoptée, héritage</MiseEnEvidence>,...</Paragraphe></Texte></Introduction><Texte><Tableau><Titre>Effets pour chaque type d'adoption</Titre><Colonne largeur="22" type="header"/><Colonne largeur="38" type="normal"/><Colonne largeur="38" type="normal"/><Rangée type="header"><Cellule><Paragraphe>Sujet</Paragraphe></Cellule><Cellule><Paragraphe>Adoption simple</Paragraphe></Cellule><Cellule><Paragraphe>Adoption plénière</Paragraphe></Cellule></Rangée><Rangée type="normal"><Cellule><Paragraphe><MiseEnEvidence/><MiseEnEvidence/>Lien avec la famille d'origine</Paragraphe></Cellule><Cellule><Paragraphe>L'adopté <MiseEnEvidence/><MiseEnEvidence>conserve tous ses liens</MiseEnEvidence> avec sa famille d'origine.</Paragraphe></Cellule><Cellule><Paragraphe>L'adopté acquiert une <MiseEnEvidence>nouvelle <LienIntra LienID="R38490" type="Définition de glossaire">filiation</LienIntra></MiseEnEvidence><LienIntra LienID="R38490" type="Définition de glossaire"/> qui remplace celle d'origine.</Paragraphe></Cellule></Rangée><Rangée type="normal"><Cellule><Paragraphe><MiseEnEvidence/>Autorité parentale</Paragraphe></Cellule><Cellule><Paragraphe><LienIntra LienID="R12506" type="Définition de glossaire">L'autorité parentale</LienIntra> est exclusivement et intégralement attribuée au(x) parent(s) adoptif(s), sauf s'il s'agit de <LienInterne LienPublication="F1094" type="Fiche d'information conditionnée" audience="Particuliers">l'adoption d'un enfant de l'époux, du partenaire de Pacs ou du concubin</LienInterne>.</Paragraphe><Paragraphe>Dans ce cas, ce dernier <MiseEnEvidence>conserve seul l'exercice de l'autorité parentale sauf déclaration conjointe</MiseEnEvidence> devant le directeur de greffe du tribunal judiciaire.</Paragraphe></Cellule><Cellule><Paragraphe>L'autorité parentale <MiseEnEvidence>est</MiseEnEvidence> exclusivement et intégralement <MiseEnEvidence>attribuée au(x) parent(s) adoptif(s).</MiseEnEvidence></Paragraphe><Paragraphe>En cas d'adoption de l'enfant de l'époux, du partenaire de Pacs ou du concubin, elle est exercée en commun.</Paragraphe></Cellule></Rangée><Rangée type="normal"><Cellule><Paragraphe><MiseEnEvidence/>Obligation alimentaire</Paragraphe></Cellule><Cellule><Paragraphe><MiseEnEvidence>Le (les) adoptant(s) doit(vent) des <LienIntra LienID="R17620" type="Définition de glossaire">aliments</LienIntra> à l'adopté et réciproquement</MiseEnEvidence>.</Paragraphe><Paragraphe>Le(s) parent(s) biologique(s) de l'adopté ne sont obligés de lui fournir des aliments que s'il ne peut les obtenir de l'adoptant.</Paragraphe><Paragraphe>L'adopté ne doit pas d'aliments à ses parents biologiques s'il a été admis comme pupille de l'État ou pris en charge par l’aide sociale.</Paragraphe></Cellule><Cellule><Paragraphe><MiseEnEvidence>L'adoptant doit des aliments à l'adopté </MiseEnEvidence>et réciproque<MiseEnEvidence/>ment<MiseEnEvidence>.</MiseEnEvidence><MiseEnEvidence/><MiseEnEvidence/><MiseEnEvidence/></Paragraphe></Cellule></Rangée><Rangée type="normal"><Cellule><Paragraphe><MiseEnEvidence/>Nom de l'adopté</Paragraphe></Cellule><Cellule><Paragraphe><MiseEnEvidence>Le nom de l'adoptant s'ajoute au <LienInterne LienPublication="F2621" type="Fiche d'information conditionnée" audience="Particuliers">nom de l'adopté</LienInterne> ou le remplace.</MiseEnEvidence></Paragraphe><Paragraphe>Sous certaines conditions, le nom d'origine peut être conservé.</Paragraphe></Cellule><Cellule><Paragraphe><MiseEnEvidence>L'adopté prend automatiquement le <LienInterne LienPublication="F2668" type="Fiche d'information conditionnée" audience="Particuliers">nom de l'adoptan</LienInterne></MiseEnEvidence><LienInterne LienPublication="F2668" type="Fiche d'information conditionnée" audience="Particuliers">t</LienInterne></Paragraphe></Cellule></Rangée><Rangée type="normal"><Cellule><Paragraphe><MiseEnEvidence/>Prénom de l'adopté</Paragraphe></Cellule><Cellule><Paragraphe>Il est possible de demander au juge un changement de prénom de l'adopté</Paragraphe></Cellule><Cellule><Paragraphe>Il est possible de demander au juge un changement de prénom de l'adopté</Paragraphe></Cellule></Rangée><Rangée type="normal"><Cellule><Paragraphe><MiseEnEvidence/>Nationalité</Paragraphe></Cellule><Cellule><Paragraphe><MiseEnEvidence>L'adoption simple ne permet pas</MiseEnEvidence> à l'enfant adopté de <MiseEnEvidence><LienInterne LienPublication="F3070" type="Fiche d'information conditionnée" audience="Particuliers">devenir français</LienInterne></MiseEnEvidence><LienInterne LienPublication="F3070" type="Fiche d'information conditionnée" audience="Particuliers"/><LienInterne LienPublication="F3070" type="Fiche d'information conditionnée" audience="Particuliers"/>.</Paragraphe><Paragraphe>Le(s) parent(s) adoptif(s) de l'enfant doit(vent) la demander en faisant une déclaration.</Paragraphe><Paragraphe>L'adopté majeur doit demander sa naturalisation pour devenir français.</Paragraphe></Cellule><Cellule><Paragraphe>L'enfant adopt<MiseEnEvidence/>é<MiseEnEvidence> <MiseEnEvidence><MiseEnEvidence/></MiseEnEvidence><MiseEnEvidence>pendant sa minorité</MiseEnEvidence> <MiseEnEvidence/><MiseEnEvidence/><MiseEnEvidence/><MiseEnEvidence/><MiseEnEvidence>devient</MiseEnEvidence></MiseEnEvidence><MiseEnEvidence/><MiseEnEvidence> <LienInterne LienPublication="F3070" type="Fiche d'information conditionnée" audience="Particuliers">automatiquement français</LienInterne></MiseEnEvidence> dès lors que l'un des parents (adoptant) est de nationalité française.<MiseEnEvidence/> Il est considéré comme français <MiseEnEvidence>dès sa naissance</MiseEnEvidence>.</Paragraphe></Cellule></Rangée><Rangée type="normal"><Cellule><Paragraphe><MiseEnEvidence/>Droit à la succession</Paragraphe></Cellule><Cellule><Paragraphe><MiseEnEvidence>L'adopté <LienInterne LienPublication="F1270" type="Fiche d'information conditionnée" audience="Particuliers">hérite des 2 familles</LienInterne></MiseEnEvidence><LienInterne LienPublication="F1270" type="Fiche d'information conditionnée" audience="Particuliers"/> : de sa famille d'origine et de sa famille adoptive.</Paragraphe><Paragraphe>L'adopté ne bénéficie pas des <LienIntra LienID="R50498" type="Définition de glossaire">droits de mutation</LienIntra> gratuits dans sa famille adoptive. Il paie les mêmes droits que les personnes sans lien de parenté (<Valeur>60 %</Valeur>) sauf dans certains cas (enfant du conjoint, pupille de l'État ...).</Paragraphe><Paragraphe>Il n'est pas <LienIntra LienID="R12674" type="Définition de glossaire">héritier réservataire</LienIntra> à l’égard de ses grands-parents adoptifs (ceux-ci peuvent le déshériter)</Paragraphe></Cellule><Cellule><Paragraphe>L'enfant adopté <MiseEnEvidence><LienInterne LienPublication="F1270" type="Fiche d'information conditionnée" audience="Particuliers">hérite de ses parents adoptifs</LienInterne></MiseEnEvidence><LienInterne LienPublication="F1270" type="Fiche d'information conditionnée" audience="Particuliers"/>. Il est héritier réservataire.</Paragraphe><Paragraphe>Il n'hérite pas de sa famille d'origine.</Paragraphe></Cellule></Rangée><Rangée type="normal"><Cellule><Paragraphe><MiseEnEvidence/>Révocation</Paragraphe></Cellule><Cellule><Paragraphe>L'adoption simple peut être <MiseEnEvidence>révoquée</MiseEnEvidence> par jugement pour <MiseEnEvidence>motifs graves.</MiseEnEvidence></Paragraphe></Cellule><Cellule><Paragraphe><MiseEnEvidence/>L'adoption plénière est<MiseEnEvidence> <LienIntra LienID="R3083" type="Définition de glossaire">irrévocable</LienIntra></MiseEnEvidence><LienIntra LienID="R3083" type="Définition de glossaire"/><LienIntra LienID="R3083" type="Définition de glossaire"/></Paragraphe></Cellule></Rangée></Tableau></Texte><VoirAussi important="non"><Dossier ID="N133" audience="Particuliers"><Titre>Adoption</Titre><Theme ID="N19805"><Titre>Famille - Scolarité</Titre></Theme></Dossier></VoirAussi><Reference type="Texte de référence" URL="https://www.legifrance.gouv.fr/codes/section_lc/LEGITEXT000006070721/LEGISCTA000006150070/" ID="R63775"><Titre>Code civil : articles 343 à 343-1</Titre><Complement>Conditions pour l'adoptant</Complement></Reference><Reference type="Texte de référence" URL="https://www.legifrance.gouv.fr/codes/section_lc/LEGITEXT000006070721/LEGISCTA000006150071/" ID="R63778"><Titre>Code civil : articles 344 à 345-2</Titre><Complement>Conditions pour l'adopté</Complement></Reference><Reference type="Texte de référence" URL="https://www.legifrance.gouv.fr/codes/section_lc/LEGITEXT000006070721/LEGISCTA000006150072/" ID="R63779"><Titre>Code civil : articles 346 à 347</Titre><Complement>Rapports entre l'adoptant et l'adopté</Complement></Reference><Reference type="Texte de référence" URL="https://www.legifrance.gouv.fr/codes/section_lc/LEGITEXT000006070721/LEGISCTA000046369344/" ID="R63793"><Titre>Code civil : articles 348 à 350</Titre><Complement>Consentement à l'adoption</Complement></Reference><Reference type="Texte de référence" URL="https://www.legifrance.gouv.fr/codes/section_lc/LEGITEXT000006070721/LEGISCTA000046369877" ID="R63817"><Titre>Code civil : article 355</Titre><Complement>Effets : dispositions communes à l'adoption simple et plénière</Complement></Reference><Reference type="Texte de référence" URL="https://www.legifrance.gouv.fr/codes/section_lc/LEGITEXT000006070721/LEGISCTA000046369879/" ID="R63819"><Titre>Code civil : articles 356 à 359</Titre><Complement>Effets de l'adoption plénière</Complement></Reference><Reference type="Texte de référence" URL="https://www.legifrance.gouv.fr/codes/section_lc/LEGITEXT000006070721/LEGISCTA000046369881/" ID="R63823"><Titre>Code civil : articles 360 à 369-1</Titre><Complement>Effets de l'adoption simple</Complement></Reference><Reference type="Texte de référence" URL="https://www.legifrance.gouv.fr/codes/section_lc/LEGITEXT000006070721/LEGISCTA000006149914" ID="R50497"><Titre>Code civil : articles 20 à 20-5</Titre><Complement>Effets de l'adoption sur la nationalité</Complement></Reference><Reference type="Texte de référence" URL="https://www.legifrance.gouv.fr/codes/section_lc/LEGITEXT000006070721/LEGISCTA000046369924/" ID="R63828"><Titre>Code civil : articles 370-1 à 370-1-2</Titre><Complement>Dispositions communes à l'adoption</Complement></Reference><Reference type="Texte de référence" URL="https://www.legifrance.gouv.fr/codes/section_lc/LEGITEXT000006070721/LEGISCTA000046369928/" ID="R63830"><Titre>Code civil : articles 371-1-3 à 370-1-5</Titre><Complement>Adoption plénière de l'enfant de l'autre membre du couple</Complement></Reference><Reference type="Texte de référence" URL="https://www.legifrance.gouv.fr/codes/section_lc/LEGITEXT000006070721/LEGISCTA000046369934/" ID="R63831"><Titre>Code civil : articles 370-1-6 à 370-1-8</Titre><Complement>Adoption simple de l'enfant de l'autre membre du couple</Complement></Reference><Reference type="Texte de référence" URL="https://www.legifrance.gouv.fr/codes/id/LEGISCTA000006165433/" ID="R47705"><Titre>Code civil : article 21</Titre><Complement>Nationalité française</Complement></Reference><Reference type="Texte de référence" URL="https://www.legifrance.gouv.fr/codes/section_lc/LEGITEXT000006070721/LEGISCTA000006165458" ID="R42805"><Titre>Code civil : articles 21-12 à 21-14</Titre><Complement>Déclaration de nationalité suite à une adoption simple (article 21-12)</Complement></Reference><Reference type="Texte de référence" URL="https://www.legifrance.gouv.fr/codes/id/LEGISCTA000006199106/" ID="R35056"><Titre>Code général des impôts : articles 779 à 787 C</Titre><Complement>Non prise en compte du lien de parenté résultant de l'adoption simple pour la perception des droits de mutation à titre gratuit (article 786)</Complement></Reference><PourEnSavoirPlus type="Information pratique" ID="R41643" URL="http://www.agence-adoption.fr" audience="Particuliers"><Titre>Site de l'Agence française de l'adoption (Afa)</Titre><Source ID="R30785">Agence française de l'adoption (Afa)</Source></PourEnSavoirPlus><PourEnSavoirPlus type="Information pratique" ID="R54617" URL="http://www.adoption.gouv.fr/" audience="Particuliers"><Titre>Adoption.gouv.fr</Titre><Source ID="R30604">Ministère chargé de l'Europe et des affaires étrangères</Source></PourEnSavoirPlus><Definition ID="R38490"><Titre>Filiation</Titre><Texte><Paragraphe>Lien juridique entre un enfant et son père et/ou sa mère</Paragraphe></Texte></Definition><Definition ID="R12506"><Titre>Autorité parentale</Titre><Texte><Paragraphe>Ensemble de droits et de devoirs ayant pour finalité l'intérêt de l'enfant. Elle appartient aux parents ou à une tierce personne sur décision du juge, jusqu'à la majorité ou l'émancipation de l'enfant. Elle sert à protéger l'enfant dans sa sécurité, sa santé et sa moralité, pour assurer son éducation et permettre son développement, dans le respect dû à sa personne.</Paragraphe></Texte></Definition><Definition ID="R17620"><Titre>Aliments</Titre><Texte><Paragraphe>Somme versée par une personne à un proche parent (père, mère, grands-parents ou enfants) pour lui permettre d'assurer les besoins nécessaires à sa vie quotidienne</Paragraphe></Texte></Definition><Definition ID="R50498"><Titre>Droits de mutation</Titre><Texte><Paragraphe>Sommes payées auprès des services fiscaux lors d'un transfert de propriété (pour une vente), ou gratuit (pour une succession ou donation)</Paragraphe></Texte></Definition><Definition ID="R12674"><Titre>Héritier réservataire</Titre><Texte><Paragraphe>Enfant, ou en l'absence d'enfant, l'époux, à qui la loi attribue une part d'héritage minimale</Paragraphe></Texte><Reference type="Texte de référence" URL="https://www.legifrance.gouv.fr/codes/id/LEGISCTA000006150544/" ID="R31562"><Titre>Code civil : articles 912 à 917</Titre></Reference></Definition><Definition ID="R3083"><Titre>Irrévocable</Titre><Texte><Paragraphe>Définitif, sur lequel on ne peut revenir</Paragraphe></Texte></Definition><QuestionReponse ID="F35132" audience="Particuliers"><Titre>L'avocat est-il obligatoire dans un procès civil ?</Titre></QuestionReponse></Publication>