<?xml version="1.0" encoding="UTF-8"?><Publication xmlns:dc="http://purl.org/dc/elements/1.1/" xmlns:xsi="http://www.w3.org/2001/XMLSchema-instance" ID="F16" type="Fiche d'information conditionnée" xsi:noNamespaceSchemaLocation="../Schemas/3.4/Publication.xsd" spUrl="https://www.service-public.fr/particuliers/vosdroits/F16"><dc:title>Vente d'un bien immobilier situé dans une zone de préemption</dc:title><dc:creator>Direction de l'information légale et administrative</dc:creator><dc:subject>Logement</dc:subject><dc:description>Si vous souhaitez vendre votre bien et qu'il est situé dans une zone de préemption définie par la mairie, vous devez en priorité proposer la vente à la mairie. C'est ce que l'on appelle le droit de préemption. Ces zones permettent à la mairie de réaliser des opérations d'aménagement urbain d'intérêt général. Vous n'êtes donc pas libre de vendre votre bien à la personne de votre choix. Les biens pouvant être préemptés par la mairie sont les maisons individuelles, immeubles et terrains.</dc:description><dc:publisher>Direction de l'information légale et administrative</dc:publisher><dc:contributor>Direction de l'information légale et administrative (Premier ministre)</dc:contributor><dc:date>modified 2022-02-15</dc:date><dc:type>Fiche pratique</dc:type><dc:format>text/xml</dc:format><dc:identifier>F16</dc:identifier><dc:source>https://www.legifrance.gouv.fr/codes/article_lc/LEGIARTI000045211258, https://www.legifrance.gouv.fr/codes/id/LEGISCTA000006158679, https://www.legifrance.gouv.fr/codes/article_lc/LEGIARTI000006814978, https://www.legifrance.gouv.fr/codes/id/LEGISCTA000006188209</dc:source><dc:language>Fr</dc:language><dc:relation>isPartOf N21886</dc:relation><dc:coverage>France entière</dc:coverage><dc:rights>https://www.service-public.fr/a-propos/mentions-legales</dc:rights><SurTitre>Fiche pratique</SurTitre><Audience>Particuliers</Audience><Canal>www.service-public.fr</Canal><FilDAriane><Niveau ID="Particuliers">Accueil particuliers</Niveau><Niveau ID="N19808">Logement</Niveau><Niveau ID="N21886">Droit de préemption urbain (DPU)</Niveau><Niveau ID="F16" type="Fiche d'information conditionnée">Vente d'un bien immobilier situé dans une zone de préemption</Niveau></FilDAriane><Theme ID="N19808"><Titre>Logement</Titre></Theme><SousThemePere ID="N10702">Expropriation - Préemption</SousThemePere><DossierPere ID="N21886"><Titre>Droit de préemption urbain (DPU)</Titre><Fiche ID="F16">Vente d'un bien immobilier situé dans une zone de préemption</Fiche><Fiche ID="F1916">Rachat d'un bien immobilier ayant fait l'objet d'une préemption</Fiche></DossierPere><Introduction><Texte><Paragraphe>Si vous souhaitez vendre votre bien et qu'il est situé dans une zone de préemption définie par la mairie, vous devez en priorité proposer la vente à la mairie. C'est ce que l'on appelle le <Expression>droit de préemption</Expression>. Ces zones permettent à la mairie de réaliser des opérations d'aménagement urbain d'intérêt général. Vous n'êtes donc pas libre de vendre votre bien à la personne de votre choix. Les biens pouvant être préemptés par la mairie sont les maisons individuelles, immeubles et terrains.</Paragraphe></Texte></Introduction><Texte><Chapitre><Titre><Paragraphe>De quoi s'agit-il ?</Paragraphe></Titre><Paragraphe>Si vous souhaitez vendre votre bien situé dans une zone de préemption définie par la mairie, vous devez en priorité proposer la vente à la mairie.</Paragraphe><Paragraphe>C'est ce que l'on appelle le <Expression>droit de préemption</Expression>.</Paragraphe><Paragraphe>Ces zones sont définies pour permettre à la mairie de réaliser des opérations d'aménagement urbain d'intérêt général.</Paragraphe><Paragraphe>Vous n'êtes donc pas libre de vendre votre bien à la personne de votre choix.</Paragraphe></Chapitre><Chapitre><Titre><Paragraphe>Quelles sont les zones concernées ?</Paragraphe></Titre><Paragraphe>Les zones à préempter doivent avoir pour objectif la réalisation d'opérations d'aménagement urbain d'intérêt général.</Paragraphe><Paragraphe>Il peut s'agir des opérations suivantes :</Paragraphe><Liste type="puce"><Item><Paragraphe>Création d'équipements collectifs</Paragraphe></Item><Item><Paragraphe>Création de logements sociaux</Paragraphe></Item><Item><Paragraphe>Lutte contre l'insalubrité</Paragraphe></Item><Item><Paragraphe>Renouvellement urbain (reconstruction de quartiers)</Paragraphe></Item></Liste><Paragraphe>Ces zones sont définies par une délibération de la mairie.</Paragraphe><Paragraphe>Cette délibération doit être portée à la connaissance des habitants : affiche en mairie pendant 2 mois et dans les journaux locaux.</Paragraphe></Chapitre><Chapitre><Titre><Paragraphe>Quels sont les biens concernés ?</Paragraphe></Titre><Paragraphe>La mairie peut exercer son droit de préemption sur un bien (maison, immeuble, terrain) appartenant à un particulier ou une <LienIntra LienID="R40703" type="Définition de glossaire">personne morale</LienIntra>.</Paragraphe><Paragraphe>La mairie peut décider d'acheter qu'une partie du bien. Dans ce cas, le prix de la vente doit tenir compte de la perte de valeur de la partie du bien non préemptée, car celle-ci risque d'être difficile à revendre. Vous pouvez toutefois exiger de la mairie qu'elle achète l'intégralité du bien.</Paragraphe></Chapitre><Chapitre><Titre><Paragraphe>Quelle est la démarche ?</Paragraphe></Titre><Paragraphe>Au moment de la vente, votre notaire doit s'assurer de l'existence d'un éventuel droit de préemption de la mairie.</Paragraphe><Paragraphe>S'il existe effectivement un droit de préemption de la mairie sur votre bien, le notaire doit vous en avertir.</Paragraphe><Paragraphe>Le notaire devra alors remplir une déclaration d'intention d'aliéner (DIA) et l'adresser à la mairie :</Paragraphe><ServiceEnLigne ID="R1492" URL="https://www.formulaires.service-public.fr/gf/cerfa_10072.do" audience="Particuliers" format="application/pdf" poids="535.4 KB" numerocerfa="10072*03" type="Formulaire"><Titre>Déclaration d'intention d'aliéner ou demande d'acquisition d'un bien soumis à un droit de préemption</Titre><Source ID="R30659">Ministère chargé de l'urbanisme</Source><Introduction><Texte><Paragraphe>Permet au propriétaire d'un bien immobilier situé dans une zone de préemption d'informer la commune de son intention de vendre et d'obtenir une déclaration d'intention d’aliéner un bien</Paragraphe></Texte></Introduction><ServiceEnLigneAnnexe type="Formulaire" numerocerfa="10072*03" groupe="facultatif"><Titre>Fiche complémentaire/autre(s) déclarant(s)</Titre><LienWeb URL="https://www.formulaires.service-public.fr/gf/getAnnexe.do?cerfaAnnexe=1&amp;cerfaFormulaire=10072*03"/></ServiceEnLigneAnnexe></ServiceEnLigne><OuSAdresser ID="R1" sve="non" type="Local personnalisé sur SP"><Titre>Mairie</Titre><PivotLocal>mairie</PivotLocal><RessourceWeb URL="https://lannuaire.service-public.fr/navigation/mairie"/></OuSAdresser><Paragraphe>Une fois que la mairie a reçu la DIA, elle peut décider de ne pas acheter le bien ou accepter la vente à vos conditions ou en renégociant les conditions de vente.</Paragraphe><BlocCas affichage="onglet"><Cas><Titre>Renonciation de la mairie</Titre><Paragraphe>La mairie peut décider de renoncer à l'achat dans un délai de 2 mois à partir de la réception de la DIA.</Paragraphe><Paragraphe>Dans ce cas, la renonciation est définitive.</Paragraphe><Paragraphe>Vous pouvez alors vendre votre bien à l'acheteur de votre choix.</Paragraphe><Paragraphe>L'absence de réponse durant un délai de 2 mois à partir de la réception de la DIA équivaut à un refus de préempter.</Paragraphe></Cas><Cas><Titre>Acceptation</Titre><BlocCas affichage="radio"><Cas><Titre>Sans réserve</Titre><Paragraphe>La mairie peut décider d'acheter le bien à vos conditions.</Paragraphe><Paragraphe>Vous et la mairie signez alors un <LienIntra LienID="R17851" type="Définition de glossaire">acte authentique</LienIntra> concluant la vente.</Paragraphe><Paragraphe>La mairie a 4 mois à partir de la signature de l'acte pour régler le paiement de la vente.</Paragraphe><Paragraphe>Tant que la mairie n'a pas intégralement réglé le paiement, vous conservez la jouissance du bien (vous pouvez par exemple continuez à toucher les loyers si vous louez votre bien).</Paragraphe></Cas><Cas><Titre>Avec réserves</Titre><Paragraphe>La mairie peut décider de renégocier le prix de vente.</Paragraphe><Paragraphe>Dans ce cas, elle a 2 mois à partir de la réception de la DIA pour vous proposer un autre prix par lettre recommandée avec avis de réception.</Paragraphe><Paragraphe>Vous avez alors 2 mois à partir de l'offre de la mairie pour lui <LienIntra LienID="R14732" type="Définition de glossaire">notifier</LienIntra> soit que vous acceptez le prix proposé par elle, soit que vous maintenez votre 1<Exposant>re</Exposant> prix.</Paragraphe><Paragraphe>En l'absence d'accord sur le prix, vous ou la mairie pouvez <LienInterne LienPublication="F20851" type="Fiche d'information conditionnée" audience="Particuliers">faire un recours auprès du tribunal</LienInterne>.</Paragraphe><Paragraphe>Si le tribunal est saisi par la mairie, elle doit bloquer <Valeur>15 %</Valeur> du prix de vente à la Caisse des dépôts et consignations (CDC).</Paragraphe><Paragraphe>Cette somme est bloquée jusqu'au transfert du bien ou jusqu'au moment où la mairie renonce à son droit de préemption.</Paragraphe><Paragraphe>La CDC vous en informe par lettre recommandée avec avis de réception.</Paragraphe><Paragraphe>Vous et la mairie avez 2 mois à partir de la décision du tribunal pour faire connaître votre réponse.</Paragraphe><Paragraphe>Si vous ou la mairie ne donnez pas de réponse, cela vaut acceptation du prix et transfert du bien.</Paragraphe><Paragraphe>Un <LienIntra LienID="R17851" type="Définition de glossaire">acte authentique</LienIntra> concluant la vente doit être réalisé dans un délai de 3 mois.</Paragraphe><Paragraphe>La mairie a 4 mois à partir de la signature de l'acte pour régler le paiement de la vente.</Paragraphe><Paragraphe>Tant que la mairie n'a pas intégralement réglé le paiement, vous conservez la jouissance du bien (vous pouvez par exemple continuez à toucher les loyers si vous louez votre bien).</Paragraphe></Cas></BlocCas></Cas></BlocCas></Chapitre></Texte><VoirAussi important="non"><Fiche ID="F1916" audience="Particuliers"><Titre>Rachat du bien ayant fait l'objet d'une préemption</Titre><Theme ID="N19808"><Titre>Logement</Titre></Theme></Fiche></VoirAussi><OuSAdresser ID="R5" sve="non" type="Local personnalisé sur SP"><Titre>Agence départementale pour l'information sur le logement (Adil)</Titre><PivotLocal>adil</PivotLocal><RessourceWeb URL="https://www.anil.org/lanil-et-les-adil/votre-adil/"/><Source ID="R30676">Agence nationale pour l'information sur le logement (Anil)</Source></OuSAdresser><OuSAdresser ID="R1" sve="non" type="Local personnalisé sur SP"><Titre>Mairie</Titre><PivotLocal>mairie</PivotLocal><RessourceWeb URL="https://lannuaire.service-public.fr/navigation/mairie"/></OuSAdresser><Reference type="Texte de référence" URL="https://www.legifrance.gouv.fr/codes/article_lc/LEGIARTI000045211258" ID="R34115"><Titre>Code de l'urbanisme : article L210-1</Titre><Complement>Caractéristiques</Complement></Reference><Reference type="Texte de référence" URL="https://www.legifrance.gouv.fr/codes/id/LEGISCTA000006158679" ID="R34117"><Titre>Code de l'urbanisme : articles L211-1 à L211-7</Titre><Complement>Conditions d'exercice</Complement></Reference><Reference type="Texte de référence" URL="https://www.legifrance.gouv.fr/codes/article_lc/LEGIARTI000006814978" ID="R54930"><Titre>Code de l'urbanisme : article L213-2-1</Titre><Complement>Possibilité pour le propriétaire</Complement></Reference><Reference type="Texte de référence" URL="https://www.legifrance.gouv.fr/codes/id/LEGISCTA000006188209" ID="R34118"><Titre>Code de l'urbanisme : articles R213-4 à D213-13-4</Titre><Complement>Décisions de la collectivité</Complement></Reference><ServiceEnLigne ID="R1492" selfPrincipal="true" URL="https://www.formulaires.service-public.fr/gf/cerfa_10072.do" audience="Particuliers" format="application/pdf" poids="535.4 KB" numerocerfa="10072*03" type="Formulaire"><Titre>Déclaration d'intention d'aliéner ou demande d'acquisition d'un bien soumis à un droit de préemption</Titre><Source ID="R30659">Ministère chargé de l'urbanisme</Source><ServiceEnLigneAnnexe type="Formulaire" numerocerfa="10072*03" groupe="facultatif"><Titre>Fiche complémentaire/autre(s) déclarant(s)</Titre><LienWeb URL="https://www.formulaires.service-public.fr/gf/getAnnexe.do?cerfaAnnexe=1&amp;cerfaFormulaire=10072*03"/></ServiceEnLigneAnnexe></ServiceEnLigne><Definition ID="R40703"><Titre>Personne morale</Titre><Texte><Paragraphe>Groupement de personnes physiques réunies pour accomplir quelque chose en commun (entreprises, sociétés civiles, associations, État, collectivités territoriales, etc.). Ce groupe peut aussi réunir des personnes physiques et des personnes morales. Il peut aussi n'être constitué que d'un seul membre (entreprise unipersonnelle à responsabilité limitée - EURL - par exemple).</Paragraphe></Texte></Definition><Definition ID="R17851"><Titre>Acte authentique</Titre><Texte><Paragraphe>Document établi par un officier public compétent, tels qu'un notaire, un commissaire de justice (anciennement huissier de justice et commissaire-priseur judiciaire), un officier d'état civil, rédigé selon les formalités exigées par la loi et dont le contenu peut avoir la même valeur qu'une décision judiciaire</Paragraphe></Texte></Definition><Definition ID="R14732"><Titre>Notification</Titre><Texte><Paragraphe>Formalité par laquelle un acte de procédure ou une décision est porté à la connaissance d’une personne</Paragraphe></Texte></Definition><QuestionReponse ID="F33663" audience="Particuliers"><Titre>Peut-on faire annuler une décision de préemption d'une mairie ?</Titre></QuestionReponse><QuestionReponse ID="F33664" audience="Particuliers"><Titre>Que devient le bail d'un locataire dont le logement est préempté ?</Titre></QuestionReponse></Publication>