<?xml version="1.0" encoding="UTF-8"?><Publication xmlns:dc="http://purl.org/dc/elements/1.1/" xmlns:xsi="http://www.w3.org/2001/XMLSchema-instance" ID="F16003" type="Fiche d'information conditionnée" xsi:noNamespaceSchemaLocation="../Schemas/3.4/Publication.xsd" dateDerniereModificationImportante="2021-02-10T00:00:00" spUrl="https://www.service-public.fr/particuliers/vosdroits/F16003"><dc:title>Carte de séjour d'un travailleur citoyen UE/EEE/Suisse</dc:title><dc:creator>Direction de l'information légale et administrative</dc:creator><dc:subject>Étranger - Europe</dc:subject><dc:description>Si vous êtes Européen et venez travailler en France, vous n'avez pas besoin de titre de séjour. Toutefois, vous pouvez demander un titre de séjour.</dc:description><dc:publisher>Direction de l'information légale et administrative</dc:publisher><dc:contributor>Direction de l'information légale et administrative (Premier ministre)</dc:contributor><dc:date>modified 2022-01-07</dc:date><dc:type>Fiche pratique</dc:type><dc:format>text/xml</dc:format><dc:identifier>F16003</dc:identifier><dc:source>https://www.legifrance.gouv.fr/codes/section_lc/LEGITEXT000006070158/LEGISCTA000042770980/, https://www.legifrance.gouv.fr/codes/section_lc/LEGITEXT000006070158/LEGISCTA000042770994/, https://www.legifrance.gouv.fr/codes/section_lc/LEGITEXT000006070158/LEGISCTA000042800268/, https://www.legifrance.gouv.fr/codes/section_lc/LEGITEXT000006070158/LEGISCTA000042800286/, https://www.legifrance.gouv.fr/codes/section_lc/LEGITEXT000006070158/LEGISCTA000042800206/, https://www.legifrance.gouv.fr/download/pdf/circ?id=32884</dc:source><dc:language>Fr</dc:language><dc:relation>isPartOf N110</dc:relation><dc:coverage>France entière</dc:coverage><dc:rights>https://www.service-public.fr/a-propos/mentions-legales</dc:rights><SurTitre>Fiche pratique</SurTitre><Audience>Particuliers</Audience><Canal>www.service-public.fr</Canal><FilDAriane><Niveau ID="Particuliers">Accueil particuliers</Niveau><Niveau ID="N19804">Étranger - Europe</Niveau><Niveau ID="N110">Titres, carte de séjour et documents de circulation pour étranger en France</Niveau><Niveau ID="F16003" type="Fiche d'information conditionnée">Carte de séjour d'un travailleur citoyen UE/EEE/Suisse</Niveau></FilDAriane><Theme ID="N19804"><Titre>Étranger - Europe</Titre></Theme><SousThemePere ID="N20306">Étranger en France</SousThemePere><DossierPere ID="N110"><Titre>Titres, carte de séjour et documents de circulation pour étranger en France</Titre><SousDossier ID="N110-1"><Titre>Carte de séjour</Titre><Fiche ID="F2209">Carte de séjour "vie privée et familiale"</Fiche><Fiche ID="F15898">Carte de séjour "salarié" ou "travailleur temporaire"</Fiche><Fiche ID="F35795">Carte de séjour "entrepreneur/profession libérale"</Fiche><Fiche ID="F35799">Carte de séjour pluriannuelle "générale"</Fiche><Fiche ID="F16922">Carte de séjour "passeport talent"</Fiche><Fiche ID="F35792">Carte de séjour "passeport talent (famille)"</Fiche><Fiche ID="F21516">Carte de séjour "travailleur saisonnier"</Fiche><Fiche ID="F33952">Carte de séjour "salarié détaché ICT"</Fiche><Fiche ID="F302">Carte de séjour "visiteur"</Fiche><Fiche ID="F2710">Carte de séjour "retraité"</Fiche></SousDossier><SousDossier ID="N110-2"><Titre>Carte de résident</Titre><Fiche ID="F2208">Carte de résident</Fiche><Fiche ID="F17359">Carte de résident longue durée - UE</Fiche><Fiche ID="F11201">Carte de résident permanent</Fiche></SousDossier><SousDossier ID="N110-3"><Titre>Autorisations provisoires de séjour</Titre><Fiche ID="F17336">Parent d'enfant malade</Fiche><Fiche ID="F17335">Mission de volontariat en France</Fiche></SousDossier><SousDossier ID="N110-4"><Titre>Certificat de résidence pour Algérien</Titre><Fiche ID="F2215">Certificat d'un an</Fiche><Fiche ID="F2257">Certificat de 10 ans</Fiche><Fiche ID="F3137">Certificat de résidence "retraité" et "conjoint de retraité"</Fiche></SousDossier><SousDossier ID="N110-5"><Titre>Étudiant / Stagiaire étranger</Titre><Fiche ID="F2231">Visa ou carte de séjour "étudiant"</Fiche><Fiche ID="F35796">Carte de séjour "étudiant - programme de mobilité"</Fiche><Fiche ID="F17319">Carte de séjour - Recherche d'emploi/création d'entreprise</Fiche><Fiche ID="F17312">Visa ou carte de séjour "stagiaire"</Fiche><Fiche ID="F35178">Visa ou carte de séjour "stagiaire ICT"</Fiche><Fiche ID="F15813">Carte de séjour "jeune au pair"</Fiche></SousDossier><SousDossier ID="N110-6"><Titre>Document de circulation pour mineur étranger</Titre><Fiche ID="F2718">Document de circulation pour mineur étranger</Fiche><Fiche ID="F297">Titre d'identité républicain pour mineur étranger né en France</Fiche></SousDossier><SousDossier ID="N110-7"><Titre>Carte de séjour pour Européen</Titre><Fiche ID="F16003">Travailleur</Fiche><Fiche ID="F22116">Étudiant</Fiche><Fiche ID="F22117">Retraité ou inactif</Fiche><Fiche ID="F19315">Membre de la famille d'un européen</Fiche><Fiche ID="F847">Perte de la carte de séjour</Fiche><Fiche ID="F22118">Vol de la carte de séjour</Fiche></SousDossier></DossierPere><SousDossierPere>Carte de séjour pour Européen</SousDossierPere><RechercheGuideePere ID="F35495" audience="Particuliers"><Titre>Demande de titre de séjour</Titre></RechercheGuideePere><Introduction><Texte><Paragraphe>Si vous êtes Européen et venez travailler en France, vous n'avez pas besoin de titre de séjour. Toutefois, vous pouvez demander un titre de séjour.</Paragraphe></Texte></Introduction><ListeSituations affichage="onglet"><Situation><Titre>5 premières années</Titre><Condition><estVrai var="T12948"/></Condition><Texte><Chapitre><Titre><Paragraphe>Qui est concerné ?</Paragraphe></Titre><Condition><estVrai var="T10010"/></Condition><Paragraphe>Vous êtes concerné si vous êtes <LienIntra LienID="R46210" type="Définition de glossaire">européen</LienIntra> <MiseEnEvidence>et</MiseEnEvidence> que vous exercez une activité professionnelle (salariée ou non) en France.</Paragraphe></Chapitre><Chapitre><Titre><Paragraphe>Comment demander la carte de séjour ?</Paragraphe></Titre><Paragraphe>Vous devez faire effectuer votre demande sur internet.</Paragraphe><ServiceEnLigne ID="R59398" URL="https://administration-etrangers-en-france.interieur.gouv.fr/particuliers/#/" audience="Particuliers" type="Téléservice"><Titre>Faire une demande sur internet pour un titre de séjour, un changement de situation, un titre de voyage, une demande de naturalisation ANEF</Titre><Source ID="R30603">Ministère chargé de l'intérieur</Source></ServiceEnLigne></Chapitre><Chapitre type="pieces"><Titre><Paragraphe>Quels sont les documents à fournir ?</Paragraphe></Titre><BlocCas affichage="onglet"><Cas><Titre>Salarié</Titre><Condition><estVrai var="T13347"/></Condition><Liste type="puce"><Item><Paragraphe>Votre carte d'identité ou passeport en cours de validité</Paragraphe></Item><Item><Paragraphe>Indication concernant votre domicile : apportée par tout moyen</Paragraphe></Item><Item><Paragraphe>3 <LienInterne LienPublication="F10619" type="Fiche Question-réponse conditionnée" audience="Particuliers">photos</LienInterne> d'identité récentes</Paragraphe></Item><Item><Paragraphe>Attestation d'emploi établie par votre employeur</Paragraphe></Item></Liste><Paragraphe>En cas de cessation involontaire de votre activité, vous devez justifier le maintien de votre droit au séjour en fournissant suivant votre situation <MiseEnEvidence>un</MiseEnEvidence> des documents suivants :</Paragraphe><Liste type="puce"><Item><Paragraphe>Certificat d'incapacité de travail</Paragraphe></Item><Item><Paragraphe>Attestation de fin d'activité ou lettre de licenciement, accompagnée d'une attestation d'inscription à France Travail (anciennement Pôle emploi) précisant obligatoirement la durée d'occupation de votre emploi</Paragraphe></Item><Item><Paragraphe>Attestation de suivi de stage accompagnée, en cas de stage n'étant pas en lien avec l'activité professionnelle antérieure, d'une attestation de fin d'activité ou d'une lettre de licenciement</Paragraphe></Item></Liste></Cas><Cas><Titre>Non salarié</Titre><Condition><estVrai var="T13400"/></Condition><Liste type="puce"><Item><Paragraphe>Votre titre d'identité ou passeport en cours de validité</Paragraphe></Item><Item><Paragraphe>Indication concernant votre domicile : apportée par tout moyen</Paragraphe></Item><Item><Paragraphe>3 <LienInterne LienPublication="F10619" type="Fiche Question-réponse conditionnée" audience="Particuliers">photos</LienInterne> d'identité récentes</Paragraphe></Item><Item><Paragraphe>Justificatif de votre activité : tous documents sur l'exercice régulier, effectif et durable de votre activité, comme par exemple, selon sa nature et la situation :</Paragraphe><Liste type="puce"><Item><Paragraphe>Immatriculation aux registres légaux (registre du commerce et des sociétés ou répertoire des métiers)</Paragraphe></Item><Item><Paragraphe>Affiliation à des organismes professionnels et à des organismes de sécurité sociale</Paragraphe></Item><Item><Paragraphe>Souscription d'assurances</Paragraphe></Item><Item><Paragraphe>Procès-verbal de nomination</Paragraphe></Item><Item><Paragraphe>Bail professionnel</Paragraphe></Item><Item><Paragraphe>Factures d'achat de matériels</Paragraphe></Item><Item><Paragraphe>Contrats de ventes, contrats de prestations</Paragraphe></Item><Item><Paragraphe>Formulaire de déclaration de chiffre d'affaires</Paragraphe></Item><Item><Paragraphe>Livre des recettes et des achats</Paragraphe></Item></Liste></Item></Liste><Paragraphe>En cas de cessation involontaire de votre activité, vous devez justifier le maintien de votre droit au séjour en fournissant suivant votre situation <MiseEnEvidence>un</MiseEnEvidence> des documents suivants :</Paragraphe><Liste type="puce"><Item><Paragraphe>Certificat d'incapacité de travail</Paragraphe></Item><Item><Paragraphe>Attestation de suivi de stage, accompagnée d'une attestation de cessation d'activité précisant les conditions de cette cessation, en cas de stage n'étant pas en lien avec l'activité professionnelle antérieure</Paragraphe></Item><Item><Paragraphe>Attestation d'inscription à France Travail (anciennement Pôle emploi) et justificatif de la durée d'exercice de l'activité qui a pris fin et de sa cessation</Paragraphe></Item></Liste></Cas></BlocCas></Chapitre><Chapitre><Titre><Paragraphe>Quel est le coût ?</Paragraphe></Titre><Paragraphe>La délivrance de la carte de séjour <Expression>Citoyen UE/EEE/Suisse</Expression> est <MiseEnEvidence>gratuite</MiseEnEvidence>.</Paragraphe></Chapitre><Chapitre><Titre><Paragraphe>Comment récupérer la carte de séjour ?</Paragraphe></Titre><Paragraphe>La carte vous est remise par la préfecture (ou la sous-préfecture) de votre domicile.</Paragraphe></Chapitre><Chapitre><Titre><Paragraphe>Quelle est la durée de validité de la carte ?</Paragraphe></Titre><BlocCas affichage="onglet"><Cas><Titre>Salarié</Titre><Condition><estVrai var="T13347"/></Condition><Paragraphe>La date de fin de la carte correspond à la fin du contrat de travail + 6 mois.</Paragraphe><Paragraphe>Elle ne peut pas dépasser 5 ans.</Paragraphe></Cas><Cas><Titre>Non salarié</Titre><Condition><estVrai var="T13400"/></Condition><Paragraphe>La date de fin de la carte correspond à la fin de l'activité professionnelle prévue + 6 mois.</Paragraphe><Paragraphe>Elle ne peut pas dépasser 5 ans.</Paragraphe></Cas></BlocCas></Chapitre><Chapitre><Titre><Paragraphe>Comment renouveler la carte de séjour ?</Paragraphe></Titre><Condition><estVrai var="T10010"/></Condition><Paragraphe>La démarche est la même que pour la 1<Exposant>re</Exposant> demande.</Paragraphe><SousChapitre><Titre><Paragraphe>Demande de la carte</Paragraphe></Titre><Paragraphe>Vous devez effectuer votre demande sur internet.</Paragraphe><ServiceEnLigne ID="R59398" URL="https://administration-etrangers-en-france.interieur.gouv.fr/particuliers/#/" audience="Particuliers" type="Téléservice"><Titre>Faire une demande sur internet pour un titre de séjour, un changement de situation, un titre de voyage, une demande de naturalisation ANEF</Titre><Source ID="R30603">Ministère chargé de l'intérieur</Source></ServiceEnLigne></SousChapitre><SousChapitre><Titre><Paragraphe>Documents à fournir</Paragraphe></Titre><BlocCas affichage="onglet"><Cas><Titre>Salarié</Titre><Condition><estVrai var="T13347"/></Condition><Liste type="puce"><Item><Paragraphe>Votre carte d'identité ou passeport en cours de validité</Paragraphe></Item><Item><Paragraphe>Indication concernant votre domicile : apportée par tout moyen</Paragraphe></Item><Item><Paragraphe>3 <LienInterne LienPublication="F10619" type="Fiche Question-réponse conditionnée" audience="Particuliers">photos</LienInterne> d'identité récentes</Paragraphe></Item><Item><Paragraphe>Attestation d'emploi établie par votre employeur</Paragraphe></Item></Liste><Paragraphe>En cas de cessation involontaire de votre activité, vous devez justifier le maintien de votre droit au séjour en fournissant suivant votre situation <MiseEnEvidence>un</MiseEnEvidence> des documents suivants :</Paragraphe><Liste type="puce"><Item><Paragraphe>Certificat d'incapacité de travail</Paragraphe></Item><Item><Paragraphe>Attestation de fin d'activité ou lettre de licenciement, accompagnée d'une attestation d'inscription à France Travail (anciennement Pôle emploi) précisant obligatoirement la durée d'occupation de votre emploi</Paragraphe></Item><Item><Paragraphe>Attestation de suivi de stage accompagnée, en cas de stage n'étant pas en lien avec l'activité professionnelle antérieure, d'une attestation de fin d'activité ou d'une lettre de licenciement</Paragraphe></Item></Liste></Cas><Cas><Titre>Non salarié</Titre><Condition><estVrai var="T13400"/></Condition><Liste type="puce"><Item><Paragraphe>Votre titre d'identité ou passeport en cours de validité</Paragraphe></Item><Item><Paragraphe>Indication concernant votre domicile : apportée par tout moyen</Paragraphe></Item><Item><Paragraphe>3 <LienInterne LienPublication="F10619" type="Fiche Question-réponse conditionnée" audience="Particuliers">photos</LienInterne> d'identité récentes</Paragraphe></Item><Item><Paragraphe>Justificatif de votre activité : tous documents sur l'exercice régulier, effectif et durable de votre activité, comme par exemple, selon sa nature et la situation :</Paragraphe><Liste type="puce"><Item><Paragraphe>Immatriculation aux registres légaux (registre du commerce et des sociétés ou répertoire des métiers)</Paragraphe></Item><Item><Paragraphe>Affiliation à des organismes professionnels et à des organismes de sécurité sociale</Paragraphe></Item><Item><Paragraphe>Souscription d'assurances</Paragraphe></Item><Item><Paragraphe>Procès-verbal de nomination</Paragraphe></Item><Item><Paragraphe>Bail professionnel</Paragraphe></Item><Item><Paragraphe>Factures d'achat de matériels</Paragraphe></Item><Item><Paragraphe>Contrats de ventes, contrats de prestations</Paragraphe></Item><Item><Paragraphe>Formulaire de déclaration de chiffre d'affaires</Paragraphe></Item><Item><Paragraphe>Livre des recettes et des achats</Paragraphe></Item></Liste></Item></Liste><Paragraphe>En cas de cessation involontaire de votre activité, vous devez justifier le maintien de votre droit au séjour en fournissant suivant votre situation <MiseEnEvidence>un</MiseEnEvidence> des documents suivants :</Paragraphe><Liste type="puce"><Item><Paragraphe>Certificat d'incapacité de travail</Paragraphe></Item><Item><Paragraphe>Attestation de suivi de stage, accompagnée d'une attestation de cessation d'activité précisant les conditions de cette cessation, en cas de stage n'étant pas en lien avec l'activité professionnelle antérieure</Paragraphe></Item><Item><Paragraphe>Attestation d'inscription à France Travail (anciennement Pôle emploi) et justificatif de la durée d'exercice de l'activité qui a pris fin et de sa cessation</Paragraphe></Item></Liste></Cas></BlocCas></SousChapitre><SousChapitre><Titre><Paragraphe>Coût</Paragraphe></Titre><Paragraphe>La délivrance de la carte de séjour <Expression>Citoyen UE/EEE/Suisse</Expression> est <MiseEnEvidence>gratuite</MiseEnEvidence>.</Paragraphe></SousChapitre><SousChapitre><Titre><Paragraphe>Remise de la carte</Paragraphe></Titre><Paragraphe>La carte vous est remise par la préfecture (ou la sous-préfecture) de votre domicile.</Paragraphe></SousChapitre><SousChapitre><Titre><Paragraphe>Durée de la carte</Paragraphe></Titre><BlocCas affichage="onglet"><Cas><Titre>Salarié</Titre><Condition><estVrai var="T13347"/></Condition><Paragraphe>La date de fin de la carte correspond à la fin du contrat de travail + 6 mois.</Paragraphe><Paragraphe>Elle ne peut pas dépasser 5 ans.</Paragraphe></Cas><Cas><Titre>Non salarié</Titre><Condition><estVrai var="T13400"/></Condition><Paragraphe>La date de fin de la carte correspond à la fin de l'activité professionnelle prévue + 6 mois.</Paragraphe><Paragraphe>Elle ne peut pas dépasser 5 ans.</Paragraphe></Cas></BlocCas></SousChapitre></Chapitre></Texte></Situation><Situation><Titre>Après</Titre><Condition><estVrai var="T12947"/></Condition><Texte><Paragraphe>Après <MiseEnEvidence>5 ans de séjour légal et continu en France</MiseEnEvidence>, vous pouvez demander une carte de séjour <Expression>Citoyen UE/EEE/Suisse - Séjour permanent - Toutes activités professionnelles</Expression>.</Paragraphe><Paragraphe>Cette carte vous permet d'attester que vous avez le droit de vivre en France de façon permanente, sans autre condition.</Paragraphe><Paragraphe>Elle facilite vos démarches administratives, puisque l'administration n'aura plus à vous demander de prouver que vous disposez d'un emploi.</Paragraphe><Chapitre><Titre><Paragraphe>Qui est concerné ?</Paragraphe></Titre><Paragraphe>Vous êtes concerné si vous remplissez l'ensemble des conditions suivantes :</Paragraphe><Liste type="puce"><Item><Paragraphe>Vous êtes <LienIntra LienID="R46210" type="Définition de glossaire">européen</LienIntra></Paragraphe></Item><Item><Paragraphe>Vous <LienInterne LienPublication="F2651" type="Fiche d'information conditionnée" audience="Particuliers">avez exercé une activité professionnelle en France pendant 5 ans continus</LienInterne></Paragraphe></Item><Item><Paragraphe>Vous continuez de vivre en France (en ayant une activité professionnelle ou non)</Paragraphe></Item></Liste></Chapitre><Chapitre><Titre><Paragraphe>Comment demander la carte de séjour ?</Paragraphe></Titre><Paragraphe>Vous devez effectuer votre demande sur internet.</Paragraphe><ServiceEnLigne ID="R59398" URL="https://administration-etrangers-en-france.interieur.gouv.fr/particuliers/#/" audience="Particuliers" type="Téléservice"><Titre>Faire une demande sur internet pour un titre de séjour, un changement de situation, un titre de voyage, une demande de naturalisation ANEF</Titre><Source ID="R30603">Ministère chargé de l'intérieur</Source></ServiceEnLigne></Chapitre><Chapitre type="pieces"><Titre><Paragraphe>Quels sont les documents à fournir ?</Paragraphe></Titre><BlocCas affichage="radio"><Cas><Titre>Cas général</Titre><Liste type="puce"><Item><Paragraphe>Votre carte d'identité ou passeport en cours de validité</Paragraphe></Item><Item><Paragraphe>Indication concernant votre domicile : apportée par tout moyen</Paragraphe></Item><Item><Paragraphe>3 <LienInterne LienPublication="F10619" type="Fiche Question-réponse conditionnée" audience="Particuliers">photos d'identité récentes</LienInterne></Paragraphe></Item><Item><Paragraphe>Justificatifs de la continuité de votre séjour pendant 5 ans en France : 1 document par semestre (quittances de loyer ou de charges, factures, etc.)</Paragraphe></Item><Item><Paragraphe>Justificatifs sur les 5 années précédentes de votre droit au séjour en France (contrat de travail, etc.)</Paragraphe></Item></Liste></Cas><Cas><Titre>Vous avez cessé votre activité en France</Titre><BlocCas affichage="radio"><Cas><Titre>Vous êtes retraité (y compris en retraite anticipée)</Titre><Liste type="puce"><Item><Paragraphe>Votre carte d'identité ou passeport en cours de validité</Paragraphe></Item><Item><Paragraphe>Indication concernant votre domicile : apportée par tout moyen</Paragraphe></Item><Item><Paragraphe>3 <LienInterne LienPublication="F10619" type="Fiche Question-réponse conditionnée" audience="Particuliers">photos d'identité</LienInterne></Paragraphe></Item><Item><Paragraphe>1 attestation d'emploi (y compris les périodes de chômage involontaire constatées, les périodes d'arrêt d'activité involontaires et l'absence de travail ou l'arrêt pour maladie ou accident) ou 1 attestation d'activité professionnelle pour les 12 derniers mois</Paragraphe></Item><Item><Paragraphe>Justificatifs d'assurance maladie/maternité</Paragraphe></Item><Item><Paragraphe>Justificatifs de votre droit au séjour comme travailleur salarié depuis plus de 3 ans</Paragraphe></Item></Liste></Cas><Cas><Titre>Vous êtes travailleur en incapacité permanente de travail</Titre><Liste type="puce"><Item><Paragraphe>Votre carte d'identité ou passeport en cours de validité</Paragraphe></Item><Item><Paragraphe>Indication concernant votre domicile : apportée par tout moyen</Paragraphe></Item><Item><Paragraphe>3 <LienInterne LienPublication="F10619" type="Fiche Question-réponse conditionnée" audience="Particuliers">photos d'identité</LienInterne></Paragraphe></Item><Item><Paragraphe>Justificatifs de l'incapacité et de votre droit au séjour depuis plus de 2 ans comme travailleur salarié ou justificatifs d'une incapacité résultant d'un accident de travail ou d'une maladie professionnelle ouvrant droit à une rente d'un organisme de sécurité sociale</Paragraphe></Item></Liste></Cas><Cas><Titre>Vous êtes travailleur transfrontalier</Titre><Liste type="puce"><Item><Paragraphe>Votre carte d'identité ou passeport en cours de validité</Paragraphe></Item><Item><Paragraphe>Indication concernant votre domicile : apportée par tout moyen</Paragraphe></Item><Item><Paragraphe>3 <LienInterne LienPublication="F10619" type="Fiche Question-réponse conditionnée" audience="Particuliers">photos d'identité</LienInterne></Paragraphe></Item><Item><Paragraphe>Justificatifs d'activité professionnelle sur 3 ans (y compris les périodes de chômage involontaire constatées, les périodes d'arrêt d'activité involontaires et l'absence de travail ou l'arrêt pour maladie ou accident) dans un autre pays européen et du maintien de votre résidence habituelle en France (retour au moins une fois par semaine)</Paragraphe></Item></Liste></Cas></BlocCas></Cas></BlocCas></Chapitre><Chapitre><Titre><Paragraphe>Quel est le coût ?</Paragraphe></Titre><Paragraphe>La délivrance de la carte <Expression>Citoyen UE/EEE/Suisse - Séjour permanent - Toutes activités professionnelles</Expression> est <MiseEnEvidence>gratuite</MiseEnEvidence>.</Paragraphe></Chapitre><Chapitre><Titre><Paragraphe>Comment récupérer la carte de séjour ?</Paragraphe></Titre><Paragraphe>La carte vous est remise par la préfecture (ou la sous-préfecture) de votre domicile.</Paragraphe></Chapitre><Chapitre><Titre><Paragraphe>Quelle est la durée de validité de la carte de séjour ?</Paragraphe></Titre><Paragraphe>Si le droit au séjour est permanent, la carte n'est valable que <MiseEnEvidence>10 ans</MiseEnEvidence>. Il faut donc la renouveler.</Paragraphe></Chapitre><Chapitre><Titre><Paragraphe>Comment renouveler la carte de séjour ?</Paragraphe></Titre><Condition><estVrai var="T10010"/></Condition><Paragraphe>La démarche est la même que pour la 1<Exposant>re</Exposant> demande.</Paragraphe><SousChapitre><Titre><Paragraphe>Demande de la carte</Paragraphe></Titre><Paragraphe>Vous devez effectuer votre demande sur internet.</Paragraphe><ServiceEnLigne ID="R59398" URL="https://administration-etrangers-en-france.interieur.gouv.fr/particuliers/#/" audience="Particuliers" type="Téléservice"><Titre>Faire une demande sur internet pour un titre de séjour, un changement de situation, un titre de voyage, une demande de naturalisation ANEF</Titre><Source ID="R30603">Ministère chargé de l'intérieur</Source></ServiceEnLigne></SousChapitre><SousChapitre><Titre><Paragraphe>Documents à fournir</Paragraphe></Titre><BlocCas affichage="radio"><Cas><Titre>Cas général</Titre><Liste type="puce"><Item><Paragraphe>Votre carte d'identité ou passeport en cours de validité</Paragraphe></Item><Item><Paragraphe>Indication concernant votre domicile : apportée par tout moyen</Paragraphe></Item><Item><Paragraphe>3 <LienInterne LienPublication="F10619" type="Fiche Question-réponse conditionnée" audience="Particuliers">photos d'identité récentes</LienInterne></Paragraphe></Item><Item><Paragraphe>Justificatifs de la continuité de votre séjour pendant 5 ans en France : 1 document par semestre (quittances de loyer ou de charges, factures, etc.)</Paragraphe></Item><Item><Paragraphe>Justificatifs sur les 5 années précédentes de votre droit au séjour en France (contrat de travail, etc.)</Paragraphe></Item></Liste></Cas><Cas><Titre>Vous avez cessé votre activité en France</Titre><BlocCas affichage="radio"><Cas><Titre>Vous êtes retraité (y compris en retraite anticipée)</Titre><Liste type="puce"><Item><Paragraphe>Votre carte d'identité ou passeport en cours de validité</Paragraphe></Item><Item><Paragraphe>Indication concernant votre domicile : apportée par tout moyen</Paragraphe></Item><Item><Paragraphe>3 <LienInterne LienPublication="F10619" type="Fiche Question-réponse conditionnée" audience="Particuliers">photos d'identité</LienInterne></Paragraphe></Item><Item><Paragraphe>1 attestation d'emploi (y compris les périodes de chômage involontaire dûment constatées, les périodes d'arrêt d'activité involontaires et l'absence de travail ou l'arrêt pour maladie ou accident) ou 1 attestation d'activité professionnelle pour les 12 derniers mois</Paragraphe></Item><Item><Paragraphe>Justificatifs d'assurance maladie/maternité</Paragraphe></Item><Item><Paragraphe>Justificatifs de votre droit au séjour comme travailleur salarié depuis plus de 3 ans</Paragraphe></Item></Liste></Cas><Cas><Titre>Vous êtes travailleur en incapacité permanente de travail</Titre><Liste type="puce"><Item><Paragraphe>Votre carte d'identité ou passeport en cours de validité</Paragraphe></Item><Item><Paragraphe>Indication concernant votre domicile : apportée par tout moyen</Paragraphe></Item><Item><Paragraphe>3 <LienInterne LienPublication="F10619" type="Fiche Question-réponse conditionnée" audience="Particuliers">photos d'identité</LienInterne></Paragraphe></Item><Item><Paragraphe>Justificatifs de l'incapacité et de votre droit au séjour depuis plus de 2 ans comme travailleur salarié ou justificatifs d'une incapacité résultant d'un accident de travail ou d'une maladie professionnelle ouvrant droit à une rente d'un organisme de sécurité sociale</Paragraphe></Item></Liste></Cas><Cas><Titre>Vous êtes travailleur transfrontalier</Titre><Liste type="puce"><Item><Paragraphe>Votre carte d'identité ou passeport en cours de validité</Paragraphe></Item><Item><Paragraphe>Indication concernant votre domicile : apportée par tout moyen</Paragraphe></Item><Item><Paragraphe>3 <LienInterne LienPublication="F10619" type="Fiche Question-réponse conditionnée" audience="Particuliers">photos d'identité</LienInterne></Paragraphe></Item><Item><Paragraphe>Justificatifs d'activité professionnelle sur 3 ans (y compris les périodes de chômage involontaire dûment constatées, les périodes d'arrêt d'activité involontaires et l'absence de travail ou l'arrêt pour maladie ou accident) dans un autre pays européen et du maintien de votre résidence habituelle en France (retour au moins une fois par semaine)</Paragraphe></Item></Liste></Cas></BlocCas></Cas></BlocCas></SousChapitre><SousChapitre><Titre><Paragraphe>Coût</Paragraphe></Titre><Paragraphe>Le renouvellement de la carte de séjour <Expression>Citoyen UE/EEE/Suisse</Expression> est <MiseEnEvidence>gratuit</MiseEnEvidence>.</Paragraphe></SousChapitre><SousChapitre><Titre><Paragraphe>Remise de la carte</Paragraphe></Titre><Paragraphe>La carte vous est remise par la préfecture (ou la sous-préfecture) de votre domicile.</Paragraphe></SousChapitre></Chapitre></Texte></Situation></ListeSituations><Reference type="Texte de référence" URL="https://www.legifrance.gouv.fr/codes/section_lc/LEGITEXT000006070158/LEGISCTA000042770980/" ID="R33036"><Titre>Code de l'entrée et du séjour des étrangers et du droit d'asile : article L233-1 à L233-6</Titre><Complement>Droit au séjour</Complement></Reference><Reference type="Texte de référence" URL="https://www.legifrance.gouv.fr/codes/section_lc/LEGITEXT000006070158/LEGISCTA000042770994/" ID="R34981"><Titre>Code de l'entrée et du séjour des étrangers et du droit d'asile : articles L234-1 à L234-3</Titre><Complement>Droit au séjour permanent</Complement></Reference><Reference type="Texte de référence" URL="https://www.legifrance.gouv.fr/codes/section_lc/LEGITEXT000006070158/LEGISCTA000042800268/" ID="R33039"><Titre>Code de l'entrée et du séjour des étrangers et du droit d'asile : articles R233-11 à R233-18</Titre><Complement>Carte de séjour mention " Citoyen UE/EEE/Suisse - Toutes activités professionnelles "</Complement></Reference><Reference type="Texte de référence" URL="https://www.legifrance.gouv.fr/codes/section_lc/LEGITEXT000006070158/LEGISCTA000042800286/" ID="R33041"><Titre>Code de l'entrée et du séjour des étrangers et du droit d'asile : articles R234-1 à R234-6</Titre><Complement>Carte de séjour mention " Citoyen UE/EEE/Suisse - Séjour permanent - Toutes activités professionnelles "</Complement></Reference><Reference type="Texte de référence" URL="https://www.legifrance.gouv.fr/codes/section_lc/LEGITEXT000006070158/LEGISCTA000042800206/" ID="R19004"><Titre>Code de l'entrée et du séjour des étrangers et du droit d'asile : articles R210-1 à R286-2</Titre><Complement>Taxe employeur</Complement></Reference><Reference type="Texte de référence" URL="https://www.legifrance.gouv.fr/download/pdf/circ?id=32884" ID="R11670" format="application/pdf" poids="1.3 MB"><Titre>Circulaire du 10 septembre 2010 sur le droit de séjour des citoyens européens et suisses et les membres de leur famille</Titre></Reference><Definition ID="R46210"><Titre>Européen (UE + EEE + Suisse)</Titre><Texte><Paragraphe>Allemagne, Autriche, Belgique, Bulgarie, Chypre, Croatie, Danemark, Espagne, Estonie, Finlande, Grèce, Hongrie, Irlande, Islande, Italie, Lettonie, Liechtenstein, Lituanie, Luxembourg, Malte, Norvège, Pays-Bas, Pologne, Portugal, République tchèque, Roumanie, Slovaquie, Slovénie, Suède, Suisse</Paragraphe></Texte></Definition><QuestionReponse ID="F15763" audience="Particuliers"><Titre>Qu'est-ce qu'un récépissé de demande de titre de séjour ?</Titre></QuestionReponse><QuestionReponse ID="F10619" audience="Particuliers"><Titre>Quelle photo fournir pour un titre d'identité (passeport, carte d'identité...) ?</Titre></QuestionReponse><QuestionReponse ID="F33071" audience="Particuliers"><Titre>Étranger en France : comment acheter un timbre fiscal ?</Titre></QuestionReponse></Publication>