<?xml version="1.0" encoding="UTF-8"?><Publication xmlns:dc="http://purl.org/dc/elements/1.1/" xmlns:xsi="http://www.w3.org/2001/XMLSchema-instance" ID="F16242" type="Fiche d'information conditionnée" xsi:noNamespaceSchemaLocation="../Schemas/3.4/Publication.xsd" spUrl="https://www.service-public.fr/particuliers/vosdroits/F16242"><dc:title>Prêt viager hypothécaire</dc:title><dc:creator>Direction de l'information légale et administrative</dc:creator><dc:subject>Argent - Impôts - Consommation</dc:subject><dc:description>Le prêt viager hypothécaire est un prêt octroyé en contrepartie d'une hypothèque sur un logement destiné à l'habitation. C'est une combinaison de la vente en viager et du prêt hypothécaire. Il y a 2 formes prêts viager hypothécaire : il existe le prêt avec remboursement du capital et de la totalité des intérêts à la fin du contrat et le prêt avec remboursement périodique des intérêts tout au long du contrat. Actuellement, ce prêt est commercialisé uniquement par des établissements spécialisés.</dc:description><dc:publisher>Direction de l'information légale et administrative</dc:publisher><dc:contributor>Direction de l'information légale et administrative (Premier ministre)</dc:contributor><dc:date>modified 2023-10-13</dc:date><dc:type>Fiche pratique</dc:type><dc:format>text/xml</dc:format><dc:identifier>F16242</dc:identifier><dc:source>https://www.legifrance.gouv.fr/codes/id/LEGISCTA000032225777, https://www.legifrance.gouv.fr/codes/id/LEGISCTA000032225757, https://www.legifrance.gouv.fr/codes/id/LEGISCTA000032225749, https://www.legifrance.gouv.fr/codes/id/LEGISCTA000032225737, https://www.legifrance.gouv.fr/codes/id/LEGISCTA000032225727, https://www.legifrance.gouv.fr/codes/id/LEGISCTA000044536838</dc:source><dc:language>Fr</dc:language><dc:relation>isPartOf N96</dc:relation><dc:coverage>France entière</dc:coverage><dc:rights>https://www.service-public.fr/a-propos/mentions-legales</dc:rights><SurTitre>Fiche pratique</SurTitre><Audience>Particuliers</Audience><Canal>www.service-public.fr</Canal><FilDAriane><Niveau ID="Particuliers">Accueil particuliers</Niveau><Niveau ID="N19803">Argent - Impôts - Consommation</Niveau><Niveau ID="N96">Crédit à la consommation</Niveau><Niveau ID="F16242" type="Fiche d'information conditionnée">Prêt viager hypothécaire</Niveau></FilDAriane><Theme ID="N19803"><Titre>Argent - Impôts - Consommation</Titre></Theme><SousThemePere ID="N20369">Crédit et surendettement</SousThemePere><DossierPere ID="N96"><Titre>Crédit à la consommation</Titre><SousDossier ID="N96-1"><Titre>Différents types de crédit</Titre><Fiche ID="F2434">Crédit affecté</Fiche><Fiche ID="F2435">Prêt personnel</Fiche><Fiche ID="F2436">Crédit renouvelable ou revolving</Fiche><Fiche ID="F2437">Location avec option d'achat (LOA)</Fiche><Fiche ID="F2438">Crédit gratuit</Fiche><Fiche ID="F2471">Carte privative de paiement (carte de crédit)</Fiche><Fiche ID="F16242">Prêt viager hypothécaire</Fiche><Fiche ID="F21375">Microcrédit personnel</Fiche><Fiche ID="F986">Prêt étudiant garanti par l'État</Fiche></SousDossier><SousDossier ID="N96-2"><Titre>Gestion du crédit</Titre><Fiche ID="F2440">Obligations de la banque</Fiche><Fiche ID="F2451">Contrat de crédit</Fiche><Fiche ID="F2457">Assurance emprunteur</Fiche></SousDossier></DossierPere><SousDossierPere>Différents types de crédit</SousDossierPere><RechercheGuideePere ID="F36518" audience="Particuliers"><Titre>[RG - Prêt viager hypothécaire]</Titre></RechercheGuideePere><Introduction><Texte><Paragraphe>Le prêt viager hypothécaire est un prêt octroyé en contrepartie d'une <LienIntra LienID="R60968" type="Définition de glossaire">hypothèque</LienIntra> sur un logement destiné à l'habitation. C'est une combinaison de la vente en viager et du prêt hypothécaire. Il y a 2 formes prêts viager hypothécaire : il existe le prêt avec remboursement du capital et de la totalité des intérêts à la fin du contrat et le prêt avec remboursement périodique des intérêts tout au long du contrat. Actuellement, ce prêt est commercialisé uniquement par des établissements spécialisés.</Paragraphe></Texte></Introduction><RechercheGuidee ID="F36518" audience="Particuliers"><Titre><Paragraphe>[RG - Prêt viager hypothécaire]</Paragraphe></Titre></RechercheGuidee><ListeSituations affichage="onglet"><Situation><Titre>Prêt remboursable au décès de l'emprunteur</Titre><Condition><estVrai var="T11149"/></Condition><Texte><Chapitre><Titre><Paragraphe>Qu'appelle-t-on prêt viager hypothécaire remboursable au décès de l'emprunteur ?</Paragraphe></Titre><SousChapitre><Titre><Paragraphe>Financement d'un projet</Paragraphe></Titre><Paragraphe>Le prêt viager hypothécaire est un prêt qui vous permet de recevoir de l'argent en donnant en garantie un logement qui vous appartient.</Paragraphe><Paragraphe>Vous pouvez utiliser la somme empruntée pour un projet personnel (voyage, voiture, séjour en maison de retraite), mais pas pour financer une activité professionnelle.</Paragraphe><Paragraphe>Ce type de prêt est souvent utilisé par les personnes âgées.</Paragraphe></SousChapitre><SousChapitre><Titre><Paragraphe>Différence avec la vente en viager et l'hypothèque classique</Paragraphe></Titre><Paragraphe>Le prêt viager hypothécaire ne doit pas être confondu avec <LienInterne LienPublication="F2762" type="Fiche Question-réponse conditionnée" audience="Particuliers">la vente en viager</LienInterne> et <LienInterne LienPublication="F789" type="Fiche Question-réponse conditionnée" audience="Particuliers">l'hypothèque classique</LienInterne>.</Paragraphe><Liste type="puce"><Item><Paragraphe>En cas de vente en viager la propriété du logement est transférée à l'acheteur, alors que le prêt viager hypothécaire vous permet de rester propriétaire</Paragraphe></Item></Liste><Liste type="puce"><Item><Paragraphe>Le prêt hypothécaire classique vous oblige à rembourser périodiquement une partie du capital et des intérêts, alors que le prêt viager hypothécaire vous permet de ne pas rembourser de capital ni d'intérêts de votre vivant</Paragraphe></Item></Liste></SousChapitre></Chapitre><Chapitre><Titre><Paragraphe>Quelles sont les conditions du prêt viager hypothécaire ?</Paragraphe></Titre><SousChapitre><Titre><Paragraphe>Personnes concernées</Paragraphe></Titre><Paragraphe>Pour faire une demande de prêt viager hypothécaire, vous devez être propriétaire du logement que vous souhaitez donner en garantie.</Paragraphe><Paragraphe>Il n'y a pas d'obligation de prendre une assurance habitation, ni d'assurer le prêt.</Paragraphe><Paragraphe>Il n'y a pas non plus de questionnaire médical à remplir, ni de condition de ressources à remplir.</Paragraphe><Paragraphe>Mais vous devez être une personne majeure.</Paragraphe></SousChapitre><SousChapitre><Titre><Paragraphe>Biens immobiliers concernés</Paragraphe></Titre><Paragraphe>Le logement qui sert de garantie doit être un bien à usage exclusif d'habitation. Cela veut dire qu'il doit uniquement servir comme logement et non comme local professionnel.</Paragraphe><Paragraphe>Ce bien peut être une résidence principale ou une résidence secondaire ou un bien loué.</Paragraphe><Attention><Titre>Attention</Titre><Paragraphe>un bien immobilier à usage mixte (habitation et professionnel) ne peut pas servir de garantie pour un prêt viager hypothécaire.</Paragraphe></Attention></SousChapitre></Chapitre><Chapitre><Titre><Paragraphe>Comment faire la demande ?</Paragraphe></Titre><Paragraphe>Vous pouvez faire une demande de prêt auprès d'un organisme de crédit qui propose ce produit.</Paragraphe><Paragraphe>L'organisme prêteur (appelé prêteur ou créancier) fixera alors le montant du prêt en fonction de 3 critères :</Paragraphe><Liste type="puce"><Item><Paragraphe>Valeur du bien immobilier, déterminée par un expert, choisi par vous et l'organisme prêteur (les frais d'expertise sont à votre charge)</Paragraphe></Item><Item><Paragraphe>Votre âge (si vous êtes jeune, le montant du prêt sera moins important, car il y aura statistiquement une longue durée de calcul d'intérêts)</Paragraphe></Item><Item><Paragraphe>Votre sexe (comme les femmes ont une espérance de vie plus longue que les hommes, elles ont également une durée probable de calcul d' intérêts plus longue que celle des hommes)</Paragraphe></Item></Liste><Paragraphe>Le créancier peut refuser le prêt s'il estime, par exemple, que le bien risque de perdre de sa valeur.</Paragraphe><Paragraphe>Si la demande est acceptée, le montant total du prêt ne correspond pas à la valeur du bien apporté en garantie, mais seulement à une partie. En général, le prêt accordé varie entre 15 et 75% de la valeur du bien.</Paragraphe><Attention><Titre>Attention</Titre><Paragraphe>actuellement, le prêt viager hypothécaire est proposé uniquement par des établissements spécialisés.</Paragraphe></Attention></Chapitre><Chapitre><Titre><Paragraphe>Comment est fixé le le taux d'intérêt ?</Paragraphe></Titre><Paragraphe>Le prêteur a l'obligation de fixer un taux d'intérêt qui englobe tous les coûts du prêts (frais de dossier, intérêt, assurance emprunteur). Ce taux s'appelle le <LienInterne LienPublication="F2456" type="Fiche Question-réponse conditionnée" audience="Particuliers">taux annuel effectif global</LienInterne> et il sert à calculer la somme que vous devez rembourser si vous souhaitez faire un remboursement anticipé. Ce taux servira aussi à calculer la somme due par vos héritiers s'ils veulent rembourser la banque et conserver le bien.</Paragraphe><Paragraphe>Le prêteur est libre de fixer son taux, et ils sont assez élevés en général.</Paragraphe><Paragraphe>Toutefois, le taux annuel effectif global ne peut pas être supérieur aux <LienIntra LienID="R14776" type="Définition de glossaire">taux de l'usure</LienIntra> sur une période de 10 ans. Il y a <LienInterne LienPublication="F2440" type="Fiche d'information conditionnée" audience="Particuliers">3 taux de l'usure en fonction du montant du prêt</LienInterne> : montant inférieur ou égal à <Valeur>3 000 €</Valeur>, montant compris entre <Valeur>3 000 €</Valeur> et <Valeur>6 000 €</Valeur> et montant supérieur à <Valeur>6 000 €</Valeur>.</Paragraphe><Paragraphe>Les intérêts sont calculés pendant la durée de vie du prêt, mais ils ne seront remboursés qu'après votre décès, ou lors de la vente du bien.</Paragraphe><ASavoir><Titre>À savoir</Titre><Paragraphe>il est recommandé de comparer le montant total dû pour un prêt viager hypothécaire avec celui d'un crédit à la consommation classique pour le même capital emprunté.</Paragraphe></ASavoir></Chapitre><Chapitre><Titre><Paragraphe>Comment se passe la signature du contrat de prêt ?</Paragraphe></Titre><SousChapitre><Titre><Paragraphe>Informations obligatoires</Paragraphe></Titre><Paragraphe>Avant toute signature, la banque doit vous adresser une offre de prêt qui indique les éléments suivants  :</Paragraphe><Liste type="puce"><Item><Paragraphe>Identité des parties (emprunteur et organisme financier)</Paragraphe></Item><Item><Paragraphe>Date et nature du prêt</Paragraphe></Item><Item><Paragraphe>Désignation exacte du bien hypothéqué et sa valeur</Paragraphe></Item><Item><Paragraphe>Date et conditions de mise à disposition de la somme empruntée (en une seule fois ou versement d'une rente mensuelle)</Paragraphe></Item><Item><Paragraphe>Coût global du crédit et <LienInterne LienPublication="F2456" type="Fiche Question-réponse conditionnée" audience="Particuliers">taux annuel effectif global</LienInterne></Paragraphe></Item></Liste><Paragraphe>Il doit s'écouler un délai minimum de <LienIntra LienID="R1092" type="Définition de glossaire">10 jours calendaires</LienIntra> entre la réception de cette offre et la signature du contrat.</Paragraphe><ASavoir><Titre>À savoir</Titre><Paragraphe>jusqu'à l'acceptation de l'offre de crédit, le prêteur ne peut vous faire aucun versement.</Paragraphe></ASavoir></SousChapitre><SousChapitre><Titre><Paragraphe>Signature du contrat</Paragraphe></Titre><Paragraphe>La signature se fait devant un notaire.</Paragraphe><OuSAdresser ID="R18478" sve="non" type="Local personnalisable"><Titre>Notaire</Titre><PivotLocal>notaire</PivotLocal><RessourceWeb URL="https://www.notaires.fr/fr/directory"/><Source ID="R64485">Conseil supérieur du notariat</Source></OuSAdresser><Paragraphe>Les frais sont à votre charge.</Paragraphe><Paragraphe>Le notaire doit vérifier que le bien a été correctement estimé.</Paragraphe></SousChapitre></Chapitre><Chapitre><Titre><Paragraphe>Quelles sont les obligations de l'emprunteur ?</Paragraphe></Titre><SousChapitre><Titre><Paragraphe>Entretien du bien immobilier</Paragraphe></Titre><Paragraphe>Vous devez entretenir le bien hypothéqué (ravalement de façade, travaux divers, entretien du jardin...). En cas de mauvais entretien, le prêteur peut réclamer le remboursement anticipé du prêt.</Paragraphe><Paragraphe>Un état des lieux peut être annexé à l'acte notarié lors de la signature du contrat. Il constituera une preuve de l'état du bien et de ses équipements.</Paragraphe><Paragraphe>En cas de litige, c'est au prêteur de prouver que le bien a été mal entretenu.</Paragraphe></SousChapitre><SousChapitre><Titre><Paragraphe>Location du bien</Paragraphe></Titre><Paragraphe>Si vous souhaitez louer le bien hypothéqué, vous devez au préalable obtenir l'accord écrit de l'organisme prêteur. Le bien hypothéqué ne peut être en aucun cas affecté à une activité professionnelle.</Paragraphe></SousChapitre></Chapitre><Chapitre><Titre><Paragraphe>Comment se termine le contrat ?</Paragraphe></Titre><Paragraphe>Le contrat de prêt peut prendre fin de plusieurs manières : remboursement anticipé, vente du bien, décès de l'emprunteur.</Paragraphe><BlocCas affichage="radio"><Cas><Titre>Remboursement anticipé</Titre><Introduction><Paragraphe>Vous pouvez rembourser totalement ou partiellement le prêt avant la date de fin prévue dans le contrat.</Paragraphe><Paragraphe>Toutefois, le prêteur peut refuser remboursement anticipé partiel s'il est inférieur à 10 % du capital prêté.</Paragraphe><Paragraphe>Le contrat peut prévoir une indemnité à verser au prêteur en cas de remboursement anticipé du prêt.</Paragraphe><Paragraphe>Cette indemnité varie selon la date du remboursement.</Paragraphe></Introduction><BlocCas affichage="radio"><Cas><Titre>Avant la 5e année</Titre><Introduction><Paragraphe>Le montant de l'indemnité varie suivant le mode de mise à disposition du prêt.</Paragraphe></Introduction><BlocCas affichage="radio"><Cas><Titre>Capital versé en une fois</Titre><Paragraphe>4 mois d'intérêts</Paragraphe></Cas><Cas><Titre>Capital versé périodiquement</Titre><Paragraphe>5 versements mensuels</Paragraphe></Cas></BlocCas></Cas><Cas><Titre>De la 5e à la 9e année</Titre><Introduction><Paragraphe>Le montant de l'indemnité varie suivant le mode de mise à disposition du prêt.</Paragraphe></Introduction><BlocCas affichage="radio"><Cas><Titre>Capital versé en une fois</Titre><Paragraphe>2 mois d'intérêts</Paragraphe></Cas><Cas><Titre>Capital versé périodiquement</Titre><Paragraphe>3 versements mensuels</Paragraphe></Cas></BlocCas></Cas><Cas><Titre>À partir de la 10e année</Titre><Introduction><Paragraphe>Le montant de l'indemnité varie suivant le mode de mise à disposition du prêt.</Paragraphe></Introduction><BlocCas affichage="radio"><Cas><Titre>Capital versé en une fois</Titre><Paragraphe>1 mois d'intérêts</Paragraphe></Cas><Cas><Titre>Capital versé périodiquement</Titre><Paragraphe>2 versements mensuels</Paragraphe></Cas></BlocCas></Cas></BlocCas></Cas><Cas><Titre>Vente du bien hypothéqué</Titre><Paragraphe>Vous devez prévenir le prêteur si vous décidez de vendre votre bien ou de céder <LienIntra LienID="R44557" type="Définition de glossaire">l'usufruit</LienIntra> ou la <LienIntra LienID="R37266" type="Définition de glossaire">nue-propriété</LienIntra>.</Paragraphe><Paragraphe>Si le prêteur conteste le prix de vente ou l'estimation indiquée dans le projet de vente, il peut demander une expertise.</Paragraphe><Paragraphe>Si l'estimation est supérieure au prix du projet, le prêteur peut faire procéder à la saisie du bien ou obtenir le montant de la valeur d'expertise.</Paragraphe></Cas><Cas><Titre>Décès de l'emprunteur</Titre><Introduction><Paragraphe>Votre décès met fin au contrat de prêt.</Paragraphe><Paragraphe>La situation varie suivant que vos héritiers veulent vendre le bien ou le conserver.</Paragraphe></Introduction><BlocCas affichage="radio"><Cas><Titre>Les héritiers ne veulent pas garder le bien</Titre><Paragraphe>Vos héritiers laissent la banque vendre le bien immobilier pour se rembourser.</Paragraphe><Paragraphe>Si le montant de la vente est supérieur au capital qui vous a été versé et total des intérêts calculés, vos héritiers pourront toucher la différence.</Paragraphe><Paragraphe>Dans le cas contraire, vos héritiers n'auront rien à payer.</Paragraphe></Cas><Cas><Titre>Les héritiers veulent garder le bien</Titre><Paragraphe>Vos héritiers doivent régler à la banque votre dette, capital et intérêts calculés selon le taux fixé dans le contrat.</Paragraphe><Paragraphe>Après le paiement, vos héritiers seront les propriétaires du bien et ils pourront en disposer librement.</Paragraphe></Cas></BlocCas></Cas></BlocCas></Chapitre></Texte></Situation><Situation><Titre>Prêt avec remboursements périodiques d'intérêts</Titre><Condition><estVrai var="T11723"/></Condition><Texte><Chapitre><Titre><Paragraphe>Qu'appelle-t-on crédit viager hypothécaire avec remboursements périodiques d'intérêts ?</Paragraphe></Titre><SousChapitre><Titre><Paragraphe>Financement d'un projet</Paragraphe></Titre><Paragraphe>Le prêt viager hypothécaire est un prêt qui vous permet de revoir de l'argent en donnant en garantie un logement qui vous appartient.</Paragraphe><Paragraphe>Vous pouvez utiliser la somme empruntée pour un projet personnel (voyage, voiture, séjour en maison de retraite), mais pas pour financer une activité professionnelle.</Paragraphe><Paragraphe>Ce type de prêt est souvent utilisé par les personnes âgées.</Paragraphe></SousChapitre><SousChapitre><Titre><Paragraphe>Différence avec la vente en viager et l'hypothèque classique</Paragraphe></Titre><Paragraphe>Le prêt viager hypothécaire ne doit pas être confondu avec <LienInterne LienPublication="F2762" type="Fiche Question-réponse conditionnée" audience="Particuliers">la vente en viager</LienInterne> et <LienInterne LienPublication="F789" type="Fiche Question-réponse conditionnée" audience="Particuliers">l'hypothèque classique</LienInterne>.</Paragraphe><Liste type="puce"><Item><Paragraphe>En cas de vente en viager, la propriété du logement est transférée à l'acheteur, alors que le prêt viager hypothécaire vous permet de rester propriétaire.</Paragraphe></Item></Liste><Liste type="puce"><Item><Paragraphe>Le prêt hypothécaire classique vous oblige à rembourser périodiquement une partie du capital et des intérêts, alors que le prêt viager hypothécaire vous permet de ne pas rembourser le capital de votre vivant.</Paragraphe></Item></Liste></SousChapitre></Chapitre><Chapitre><Titre><Paragraphe>Quelles sont les conditions pour bénéficier de ce prêt ?</Paragraphe></Titre><SousChapitre><Titre><Paragraphe>Personnes concernées</Paragraphe></Titre><Paragraphe>Pour faire une demande de prêt viager hypothécaire, vous devez être propriétaire du logement que vous souhaitez donner en garantie.</Paragraphe><Paragraphe>Il n'y a pas d'obligation de prendre une assurance habitation ni d'assurer le prêt.</Paragraphe><Paragraphe>Il n'y a pas non plus de questionnaire médical à remplir, ni de condition de ressources à remplir.</Paragraphe><Paragraphe>Mais vous devez être une personne majeure.</Paragraphe></SousChapitre><SousChapitre><Titre><Paragraphe>Biens immobiliers concernés</Paragraphe></Titre><Paragraphe>Le logement qui sert de garantie doit être un bien à usage exclusif d'habitation. Cela veut dire qu'il doit uniquement servir comme logement et non comme local professionnel.</Paragraphe><Paragraphe>Ce bien peut être une résidence principale ou une résidence secondaire ou un bien loué.</Paragraphe><Attention><Titre>Attention</Titre><Paragraphe>un bien immobilier à usage mixte (habitation et professionnel) ne peut pas servir de garantie pour un prêt viager hypothécaire.</Paragraphe></Attention></SousChapitre></Chapitre><Chapitre><Titre><Paragraphe>Comment se fait la demande de prêt ?</Paragraphe></Titre><Paragraphe>Vous pouvez faire une demande de prêt auprès d'un organisme de crédit qui propose ce produit.</Paragraphe><Paragraphe>L'organisme prêteur (appelé prêteur ou créancier) fixera alors le montant du prêt en fonction de 3 critères :</Paragraphe><Liste type="puce"><Item><Paragraphe>Valeur du bien immobilier, déterminée par un expert, choisi par vous et l'organisme prêteur (les frais d'expertise sont à votre charge)</Paragraphe></Item><Item><Paragraphe>Votre âge (si vous êtes jeune, le montant du prêt sera moins important, car il y aura statistiquement une longue durée de calcul d'intérêts)</Paragraphe></Item><Item><Paragraphe>Votre sexe (comme les femmes ont une espérance de vie plus longue que les hommes, elles ont également une durée probable de calcul d' intérêts plus longue que celle des hommes)</Paragraphe></Item></Liste><Paragraphe>Le créancier peut refuser le prêt s'il estime, par exemple, que le bien risque de perdre de sa valeur.</Paragraphe><Paragraphe>Si la demande est acceptée, le montant total du prêt ne correspond pas à la valeur du bien apporté en garantie, mais seulement à une partie. En général, le prêt accordé varie entre 15 et 75% de la valeur du bien.</Paragraphe><Attention><Titre>Attention</Titre><Paragraphe>actuellement, le prêt viager hypothécaire est proposé uniquement par des établissements spécialisés.</Paragraphe></Attention></Chapitre><Chapitre><Titre><Paragraphe>Comment le taux d'intérêt est-il fixé ?</Paragraphe></Titre><Paragraphe>Le prêteur a l'obligation de fixer un taux d'intérêt qui englobe tous les coûts du prêts (frais de dossier, intérêt, assurance emprunteur). Ce taux s'appelle le <LienInterne LienPublication="F2456" type="Fiche Question-réponse conditionnée" audience="Particuliers">taux annuel effectif global</LienInterne> et il sert à calculer la somme que vous devez rembourser si vous souhaitez faire un remboursement anticipé. Ce taux servira aussi à calculer la somme due par vos héritiers s'ils veulent rembourser la banque et conserver le bien.</Paragraphe><Paragraphe>Le prêteur est libre de fixer son taux, et ils sont assez élevés en général.</Paragraphe><Paragraphe>Toutefois, le taux annuel effectif global ne peut pas être supérieur aux <LienIntra LienID="R14776" type="Définition de glossaire">taux de l'usure</LienIntra> sur une période de 10 ans. Il y a 3 taux de l'usure en fonction du montant du prêt : montant inférieur ou égal à <Valeur>3 000 €</Valeur>, montant compris entre <Valeur>3 000 €</Valeur> et <Valeur>6 000 €</Valeur> et montant supérieur à <Valeur>6 000 €</Valeur>.</Paragraphe><Paragraphe>Le montant des échéances périodiques d'intérêts doit être précisé dès le départ. Vous devez rembourser ces échéances pendant la durée du prêt.</Paragraphe><ASavoir><Titre>À savoir</Titre><Paragraphe>il est recommandé de comparer le montant total dû pour un prêt viager hypothécaire avec celui d'un crédit à la consommation classique pour le même capital emprunté.</Paragraphe></ASavoir></Chapitre><Chapitre><Titre><Paragraphe>Comment se fait la signature du contrat ?</Paragraphe></Titre><SousChapitre><Titre><Paragraphe>Informations obligatoires</Paragraphe></Titre><Paragraphe>Avant toute signature, la banque doit vous adresser une offre de prêt qui indique les éléments suivants :</Paragraphe><Liste type="puce"><Item><Paragraphe>Identité des parties (emprunteur et organisme financier)</Paragraphe></Item><Item><Paragraphe>Date et nature du prêt</Paragraphe></Item><Item><Paragraphe>Désignation exacte du bien hypothéqué et sa valeur</Paragraphe></Item><Item><Paragraphe>Date et conditions de mise à disposition de la somme empruntée (en une seule fois ou versement d'une rente mensuelle)</Paragraphe></Item><Item><Paragraphe>Coût global du crédit et <LienInterne LienPublication="F2456" type="Fiche Question-réponse conditionnée" audience="Particuliers">taux annuel effectif global</LienInterne></Paragraphe></Item><Item><Paragraphe>Montant et date des échéances périodiques d'intérêts</Paragraphe></Item></Liste><Paragraphe>Il doit s'écouler un délai minimum de <LienIntra LienID="R1092" type="Définition de glossaire">10 jours calendaires</LienIntra> entre la réception de cette offre et la signature du contrat.</Paragraphe><ASavoir><Titre>À savoir</Titre><Paragraphe>jusqu'à l'acceptation de l'offre de crédit, le prêteur ne peut vous faire aucun versement.</Paragraphe></ASavoir></SousChapitre><SousChapitre><Titre><Paragraphe>Signature du contrat</Paragraphe></Titre><Paragraphe>La signature se fait devant un notaire.</Paragraphe><OuSAdresser ID="R18478" sve="non" type="Local personnalisable"><Titre>Notaire</Titre><PivotLocal>notaire</PivotLocal><RessourceWeb URL="https://www.notaires.fr/fr/directory"/><Source ID="R64485">Conseil supérieur du notariat</Source></OuSAdresser><Paragraphe>Les frais sont à votre charge.</Paragraphe><Paragraphe>Le notaire doit vérifier que le bien a été correctement estimé.</Paragraphe></SousChapitre></Chapitre><Chapitre><Titre><Paragraphe>Quelles sont les obligations de l'emprunteur ?</Paragraphe></Titre><SousChapitre><Titre><Paragraphe>Entretien du bien immobilier</Paragraphe></Titre><Paragraphe>Vous devez entretenir le bien hypothéqué (ravalement de façade, travaux divers, entretien du jardin...). En cas de mauvais entretien, le prêteur peut réclamer le remboursement anticipé du prêt.</Paragraphe><Paragraphe>Un état des lieux peut être annexé à l'acte notarié lors de la signature du contrat. Il constituera une preuve de l'état du bien et de ses équipements.</Paragraphe><Paragraphe>En cas de litige, c'est au prêteur de prouver que le bien a été mal entretenu.</Paragraphe></SousChapitre><SousChapitre><Titre><Paragraphe>Remboursement périodique des intérêts</Paragraphe></Titre><Paragraphe>Vous devez payer les mensualités périodiques d'intérêts prévues dans le contrat.</Paragraphe><Paragraphe>Le non-remboursement d'une ou plusieurs échéances d'intérêts périodiques est sanctionné par le paiement d'une indemnité qui peut atteindre 4 mois d'intérêts.</Paragraphe><Paragraphe>De plus, l'établissement prêteur peut exiger le remboursement de la totalité du capital prêté.</Paragraphe></SousChapitre><SousChapitre><Titre><Paragraphe>Location du bien</Paragraphe></Titre><Paragraphe>Si vous souhaitez louer le bien hypothéqué, vous devez au préalable obtenir l'accord écrit de l'organisme prêteur. Le bien hypothéqué ne peut être en aucun cas affecté à une activité professionnelle.</Paragraphe></SousChapitre></Chapitre><Chapitre><Titre><Paragraphe>Comment se termine le contrat ?</Paragraphe></Titre><Paragraphe>Le contrat de prêt peut prendre fin de plusieurs manières : remboursement anticipé, vente du bien, décès de l'emprunteur.</Paragraphe><BlocCas affichage="radio"><Cas><Titre>Remboursement anticipé</Titre><Introduction><Paragraphe>Vous pouvez rembourser totalement ou partiellement le prêt avant la date de fin prévue dans le contrat.</Paragraphe><Paragraphe>Toutefois, le prêteur peut refuser remboursement anticipé partiel s'il est inférieur à 10 % du capital prêté.</Paragraphe><Paragraphe>Le contrat peut prévoir une indemnité à verser au prêteur en cas de remboursement anticipé du prêt.</Paragraphe><Paragraphe>Cette indemnité varie selon la date du remboursement.</Paragraphe></Introduction><BlocCas affichage="radio"><Cas><Titre>Avant la 5e année</Titre><Introduction><Paragraphe>Le montant de l'indemnité varie suivant le mode de mise à disposition du prêt.</Paragraphe></Introduction><BlocCas affichage="radio"><Cas><Titre>Capital versé en une fois</Titre><Paragraphe>4 mois d'intérêts</Paragraphe></Cas><Cas><Titre>Capital versé périodiquement</Titre><Paragraphe>5 versements mensuels</Paragraphe></Cas></BlocCas></Cas><Cas><Titre>De la 5e à la 9e année</Titre><Introduction><Paragraphe>Le montant de l'indemnité varie suivant le mode de mise à disposition du prêt.</Paragraphe></Introduction><BlocCas affichage="radio"><Cas><Titre>Capital versé en une fois</Titre><Paragraphe>2 mois d'intérêts</Paragraphe></Cas><Cas><Titre>Capital versé périodiquement</Titre><Paragraphe>3 versements mensuels</Paragraphe></Cas></BlocCas></Cas><Cas><Titre>À partir de la 10e année</Titre><Introduction><Paragraphe>Le montant de l'indemnité varie suivant le mode de mise à disposition du prêt.</Paragraphe></Introduction><BlocCas affichage="radio"><Cas><Titre>Capital versé en une fois</Titre><Paragraphe>1 mois d'intérêts</Paragraphe></Cas><Cas><Titre>Capital versé périodiquement</Titre><Paragraphe>2 versements mensuels</Paragraphe></Cas></BlocCas></Cas></BlocCas></Cas><Cas><Titre>Vente du bien hypothéqué</Titre><Paragraphe>Vous devez prévenir le prêteur si vous décidez de vendre votre bien ou de céder <LienIntra LienID="R44557" type="Définition de glossaire">l'usufruit</LienIntra> ou la <LienIntra LienID="R37266" type="Définition de glossaire">nue-propriété</LienIntra>.</Paragraphe><Paragraphe>Si le prêteur conteste le prix de vente ou l'estimation indiquée dans le projet de vente, il peut demander une expertise.</Paragraphe><Paragraphe>Si l'estimation est supérieure au prix du projet, le prêteur peut faire procéder à la saisie du bien ou obtenir le montant de la valeur d'expertise.</Paragraphe></Cas><Cas><Titre>Décès de l'emprunteur</Titre><Introduction><Paragraphe>Votre décès met fin au contrat de prêt.</Paragraphe><Paragraphe>La situation varie suivant que vos héritiers veulent vendre le bien ou le conserver.</Paragraphe></Introduction><BlocCas affichage="radio"><Cas><Titre>Les héritiers ne veulent pas garder le bien</Titre><Paragraphe>Vos héritiers laissent la banque vendre le bien immobilier pour se rembourser.</Paragraphe><Paragraphe>Si le montant de la vente est supérieur au capital qui vous a été versé et total des intérêts calculés, vos héritiers pourront toucher la différence.</Paragraphe><Paragraphe>Dans le cas contraire, vos héritiers n'auront rien à payer.</Paragraphe></Cas><Cas><Titre>Les héritiers veulent garder le bien</Titre><Paragraphe>Vos héritiers doivent régler à la banque votre dette, capital et intérêts calculés selon le taux fixé dans le contrat.</Paragraphe><Paragraphe>Après le paiement, vos héritiers seront les propriétaires du bien et ils pourront en disposer librement.</Paragraphe></Cas></BlocCas></Cas></BlocCas></Chapitre></Texte></Situation></ListeSituations><Reference type="Texte de référence" URL="https://www.legifrance.gouv.fr/codes/id/LEGISCTA000032225777" ID="R17642"><Titre>Code de la consommation : articles L315-1 à L315-3</Titre><Complement>Définition et champ d'application du prêt viager hypothécaire</Complement></Reference><Reference type="Texte de référence" URL="https://www.legifrance.gouv.fr/codes/id/LEGISCTA000032225757" ID="R1262"><Titre>Code de la consommation : articles L315-9 à L315-11</Titre><Complement>Contrat de crédit du prêt viager hypothécaire</Complement></Reference><Reference type="Texte de référence" URL="https://www.legifrance.gouv.fr/codes/id/LEGISCTA000032225749" ID="R44455"><Titre>Code de la consommation : articles L315-12 à L315-14</Titre><Complement>Affectation et entretien de l'immeuble</Complement></Reference><Reference type="Texte de référence" URL="https://www.legifrance.gouv.fr/codes/id/LEGISCTA000032225737" ID="R17493"><Titre>Code de la consommation : articles L315-16 à L315-19</Titre><Complement>Remboursement anticipé du prêt viager hypothécaire</Complement></Reference><Reference type="Texte de référence" URL="https://www.legifrance.gouv.fr/codes/id/LEGISCTA000032225727" ID="R22640"><Titre>Code de la consommation : articles L315-20 à L315-23</Titre><Complement>Terme de l'opération du prêt viager hypothécaire</Complement></Reference><Reference type="Texte de référence" URL="https://www.legifrance.gouv.fr/codes/id/LEGISCTA000044536838" ID="R19825"><Titre>Code de la consommation : articles R315-1 à R315-2</Titre><Complement>Prêt viager hypothécaire</Complement></Reference><Definition ID="R60968"><Titre>Hypothèque</Titre><Texte><Paragraphe>Garantie donnée par l'emprunteur à son créancier sur un bien immobilier qui lui appartient</Paragraphe></Texte></Definition><Definition ID="R14776"><Titre>Taux de l'usure</Titre><Texte><Paragraphe>Taux d’intérêt maximum d'un prêt, fixé par la loi et révisé tous les trimestres par la Banque de France</Paragraphe></Texte></Definition><Definition ID="R1092"><Titre>Jour calendaire</Titre><Texte><Paragraphe>Correspond à la totalité des jours du calendrier de l'année civile, du 1<Exposant>er</Exposant> janvier au 31 décembre, y compris les jours fériés ou chômés</Paragraphe></Texte></Definition><Definition ID="R44557"><Titre>Usufruit</Titre><Texte><Paragraphe>Droit d'utiliser un bien et d'en percevoir des revenus locatifs, sans pouvoir en disposer, notamment le vendre</Paragraphe></Texte></Definition><Definition ID="R37266"><Titre>Nue-propriété</Titre><Texte><Paragraphe>Droit d'un propriétaire de disposer d'un bien, sans pouvoir l'utiliser, ni en avoir la jouissance conférée à un usufruitier, ni en tirer un revenu locatif. Le nu-propriétaire peut vendre son droit de propriété, sans vendre la jouissance du bien.</Paragraphe></Texte></Definition><QuestionReponse ID="F2441" audience="Particuliers"><Titre>Crédit à la consommation : qu'est-ce que le droit de rétractation ?</Titre></QuestionReponse><QuestionReponse ID="F2762" audience="Particuliers"><Titre>Achat ou vente en viager : quelles sont les règles ?</Titre></QuestionReponse><QuestionReponse ID="F789" audience="Particuliers"><Titre>Faut-il prendre une hypothèque pour obtenir un crédit immobilier ?</Titre></QuestionReponse><QuestionReponse ID="F17456" audience="Particuliers"><Titre>Quelles sont les exonérations en cas de succession ?</Titre></QuestionReponse></Publication>