<?xml version="1.0" encoding="UTF-8"?><Publication xmlns:dc="http://purl.org/dc/elements/1.1/" xmlns:xsi="http://www.w3.org/2001/XMLSchema-instance" ID="F1709" type="Fiche Question-réponse conditionnée" xsi:noNamespaceSchemaLocation="../Schemas/3.4/Publication.xsd" spUrl="https://www.service-public.fr/particuliers/vosdroits/F1709"><dc:title>Peut-on obtenir un passeport gratuitement ?</dc:title><dc:creator>Direction de l'information légale et administrative</dc:creator><dc:subject>Papiers - Citoyenneté - Élections</dc:subject><dc:description>Seulement si vous êtes indigent. Si les informations indiquées sur le passeport doivent être modifiées, vous pouvez demander gratuitement son renouvellement.</dc:description><dc:publisher>Direction de l'information légale et administrative</dc:publisher><dc:contributor>Direction de l'information légale et administrative (Premier ministre), Ministère chargé de l'intérieur</dc:contributor><dc:date>modified 2023-04-12</dc:date><dc:type>Question-réponse</dc:type><dc:format>text/xml</dc:format><dc:identifier>F1709</dc:identifier><dc:source>https://www.legifrance.gouv.fr/codes/id/LEGISCTA000006179981/, https://www.legifrance.gouv.fr/loda/article_lc/LEGIARTI000033333825</dc:source><dc:language>Fr</dc:language><dc:relation>isPartOf N360</dc:relation><dc:coverage>France entière</dc:coverage><dc:rights>https://www.service-public.fr/a-propos/mentions-legales</dc:rights><SurTitre>Question-réponse</SurTitre><Audience>Particuliers</Audience><Canal>www.service-public.fr</Canal><FilDAriane><Niveau ID="Particuliers">Accueil particuliers</Niveau><Niveau ID="N19810">Papiers - Citoyenneté - Élections</Niveau><Niveau ID="N360">Passeport</Niveau><Niveau ID="F1709" type="Fiche Question-réponse conditionnée">Peut-on obtenir un passeport gratuitement ?</Niveau></FilDAriane><Theme ID="N19810"><Titre>Papiers - Citoyenneté - Élections</Titre></Theme><SousThemePere ID="N103">Identité - Authentification</SousThemePere><DossierPere ID="N360"><Titre>Passeport</Titre><SousDossier ID="N360-1"><Titre>Pour un majeur</Titre><Fiche ID="F14929">Première demande</Fiche><Fiche ID="F21091">Renouvellement</Fiche><Fiche ID="F21246">Passeport perdu</Fiche><Fiche ID="F21247">Passeport volé</Fiche><Fiche ID="F1373">Passeport en urgence</Fiche></SousDossier><SousDossier ID="N360-2"><Titre>Pour un mineur</Titre><Fiche ID="F14930">Première demande</Fiche><Fiche ID="F21092">Renouvellement</Fiche><Fiche ID="F21244">Passeport perdu</Fiche><Fiche ID="F21245">Passeport volé</Fiche><Fiche ID="F1035">Passeport en urgence</Fiche></SousDossier></DossierPere><Texte><Paragraphe>Dans quelques cas, vous pouvez obtenir ou remplacer un passeport sans avoir à fournir de timbre fiscal.</Paragraphe><BlocCas affichage="radio"><Cas><Titre>Modification du passeport</Titre><Condition><ou><ou><estVrai var="T10305"/><estIndefini var="T10305"/></ou><ou><estVrai var="T11247"/><estIndefini var="T11247"/></ou><ou><estVrai var="T12561"/><estIndefini var="T12561"/></ou></ou></Condition><BlocCas affichage="radio"><Cas><Titre>Changement de nom ou prénom</Titre><Condition><estVrai var="T11247"/></Condition><Paragraphe>Si vous avez changé de nom de famille, de nom d'usage ou de prénom, vous pouvez demander un nouveau passeport.</Paragraphe><Paragraphe>Les formalités sont les mêmes que pour un renouvellement de <LienInterne LienPublication="F21092" type="Fiche d'information conditionnée" audience="Particuliers">passeport pour un mineur</LienInterne> ou de <LienInterne LienPublication="F21091" type="Fiche d'information conditionnée" audience="Particuliers">passeport pour un majeur</LienInterne>, mais vous n'avez pas à joindre un timbre fiscal.</Paragraphe><Paragraphe>Il faudra fournir la preuve du changement de nom, de prénom ou de nom d'usage.</Paragraphe><Attention><Titre>Attention</Titre><Paragraphe>la limite de validité du nouveau passeport sera identique à l'ancien.</Paragraphe></Attention></Cas><Cas><Titre>Erreur matérielle</Titre><Condition><estVrai var="T12561"/></Condition><Paragraphe>Si l'administration a commis une erreur dans la fabrication du passeport, vous pouvez demander un nouveau passeport.</Paragraphe><Paragraphe>Les formalités sont les mêmes que pour un renouvellement de <LienInterne LienPublication="F21092" type="Fiche d'information conditionnée" audience="Particuliers">passeport pour un mineur</LienInterne> ou de <LienInterne LienPublication="F21091" type="Fiche d'information conditionnée" audience="Particuliers">passeport pour un majeur</LienInterne>, mais vous n'avez pas à joindre un timbre fiscal.</Paragraphe><Attention><Titre>Attention</Titre><Paragraphe>la limite de validité du nouveau passeport sera identique à l'ancien.</Paragraphe></Attention></Cas></BlocCas></Cas><Cas><Titre>Passeport totalement rempli</Titre><Condition><estVrai var="T10954"/></Condition><Paragraphe>Si votre passeport ne comporte plus de pages vierges pour les visas, vous pouvez demander un nouveau passeport.</Paragraphe><Paragraphe>Les formalités sont les mêmes que pour un renouvellement de <LienInterne LienPublication="F21092" type="Fiche d'information conditionnée" audience="Particuliers">passeport pour un mineur</LienInterne> ou de <LienInterne LienPublication="F21091" type="Fiche d'information conditionnée" audience="Particuliers">passeport pour un majeur</LienInterne>, mais vous n'avez pas à joindre un timbre fiscal.</Paragraphe><Attention><Titre>Attention</Titre><Paragraphe>la limite de validité du nouveau passeport sera identique à l'ancien.</Paragraphe></Attention></Cas><Cas><Titre>Demandeur indigent</Titre><Condition><estVrai var="T11713"/></Condition><Paragraphe>Une personne indigente peut demander gratuitement un <LienInterne LienPublication="F14929" type="Fiche d'information conditionnée" audience="Particuliers">premier passeport</LienInterne> ou le <LienInterne LienPublication="F21091" type="Fiche d'information conditionnée" audience="Particuliers">renouvellement d'un ancien passeport</LienInterne>.</Paragraphe><Paragraphe>La notion d'indigence se fait au cas par cas par les services préfectoraux. Il peut s'agir par exemple des seuils de pauvreté de l'<LienInterne LienPublication="R12417" type="Acronyme">Insee</LienInterne> ou la perception des minimas sociaux.</Paragraphe></Cas></BlocCas></Texte><VoirAussi important="non"><Fiche ID="F591" audience="Particuliers"><Titre>Documents d'identité nécessaires pour voyager en avion</Titre><Theme ID="N19812"><Titre>Transports - Mobilité</Titre></Theme></Fiche></VoirAussi><QuiPeutMAider ID="R14970" sve="non" type="Local personnalisable"><Titre>Mairie délivrant des passeports</Titre><PivotLocal>mairie_passeport_bio</PivotLocal><RessourceWeb URL="https://passeport.ants.gouv.fr/services/geolocaliser-une-mairie-habilitee"/><Source ID="R30628">Agence nationale des titres sécurisés (ANTS)</Source></QuiPeutMAider><Reference type="Texte de référence" URL="https://www.legifrance.gouv.fr/codes/id/LEGISCTA000006179981/" ID="R551"><Titre>Code général des impôts : articles 953 à 955</Titre><Complement>Changements (953-I-a et b), erreur ( 953-I-c) ou passeport rempli (953-I-d) - Indigence (955)</Complement></Reference><Reference type="Texte de référence" URL="https://www.legifrance.gouv.fr/loda/article_lc/LEGIARTI000033333825" ID="R14934"><Titre>Décret n°2005-1726 du 30 décembre 2005 relatif au passeport : article 5 - Pièces à fournir pour une première demande</Titre></Reference><Abreviation ID="R12417" type="Acronyme"><Titre>Insee</Titre><Texte><Paragraphe>Institut national de la statistique et des études économiques</Paragraphe></Texte></Abreviation><QuestionReponse ID="F12567" audience="Particuliers"><Titre>Quels recours si ma demande de passeport n'aboutit pas ?</Titre></QuestionReponse><QuestionReponse ID="F18723" audience="Particuliers"><Titre>Peut-on encore voyager avec un ancien modèle de passeport ?</Titre></QuestionReponse><QuestionReponse ID="F1922" audience="Particuliers"><Titre>Avec quels documents un mineur français peut-il voyager à l'étranger ?</Titre></QuestionReponse></Publication>