<?xml version="1.0" encoding="UTF-8"?><Publication xmlns:dc="http://purl.org/dc/elements/1.1/" xmlns:xsi="http://www.w3.org/2001/XMLSchema-instance" ID="F1732" type="Fiche d'information conditionnée" xsi:noNamespaceSchemaLocation="../Schemas/3.4/Publication.xsd" dateDerniereModificationImportante="2022-01-01T00:00:00" spUrl="https://www.service-public.fr/particuliers/vosdroits/F1732"><dc:title>Accord amiable pour éviter un procès civil</dc:title><dc:creator>Direction de l'information légale et administrative</dc:creator><dc:subject>Justice</dc:subject><dc:description>Vous souhaitez résoudre un litige à l'amiable ? Vous pouvez tenter une conciliation, une médiation ou une procédure participative. Dans certains cas, notamment pour les procédures dont le litige n'excède pas 5 000 €, une telle tentative est même obligatoire avant de saisir le juge. Nous vous présentons les informations à connaître.</dc:description><dc:publisher>Direction de l'information légale et administrative</dc:publisher><dc:contributor>Direction de l'information légale et administrative (Premier ministre), Ministère chargé de la justice</dc:contributor><dc:date>modified 2023-10-01</dc:date><dc:type>Fiche pratique</dc:type><dc:format>text/xml</dc:format><dc:identifier>F1732</dc:identifier><dc:source>https://www.legifrance.gouv.fr/codes/section_lc/LEGITEXT000006070716/LEGISCTA000006117226?init=true&amp;page=1&amp;query=127+CPC&amp;searchField=ALL&amp;tab_selection=all&amp;anchor=LEGISCTA000030360395#LEGISCTA000030360395, https://www.legifrance.gouv.fr/codes/article_lc/LEGIARTI000039623523, https://www.legifrance.gouv.fr/codes/article_lc/LEGIARTI000039623910, https://www.legifrance.gouv.fr/codes/section_lc/LEGITEXT000006070716/LEGISCTA000022326279?init=true&amp;page=1&amp;query=code+de+proc%C3%A9dure+civile+1528&amp;searchField=ALL&amp;tab_selection=all&amp;anchor=LEGIARTI000025181113#LEGIARTI000025181113, https://www.legifrance.gouv.fr/codes/section_lc/LEGITEXT000006070721/LEGISCTA000006118164/#LEGISCTA000006118164, https://www.legifrance.gouv.fr/codes/section_lc/LEGITEXT000006070721/LEGISCTA000006118175/#LEGISCTA000023276654, https://www.legifrance.gouv.fr/codes/article_lc/LEGIARTI000032042671/, https://www.legifrance.gouv.fr/codes/section_lc/LEGITEXT000006069565/LEGISCTA000032223335/, https://www.legifrance.gouv.fr/codes/section_lc/LEGITEXT000006069565/LEGISCTA000032808326/#LEGISCTA000032808326, https://www.legifrance.gouv.fr/codes/section_lc/LEGITEXT000006069565/LEGISCTA000032808376/#LEGISCTA000032808376, https://www.legifrance.gouv.fr/loda/article_lc/LEGIARTI000033460749/</dc:source><dc:language>Fr</dc:language><dc:relation>isPartOf N269</dc:relation><dc:coverage>France entière</dc:coverage><dc:rights>https://www.service-public.fr/a-propos/mentions-legales</dc:rights><SurTitre>Fiche pratique</SurTitre><Audience>Particuliers</Audience><Canal>www.service-public.fr</Canal><FilDAriane><Niveau ID="Particuliers">Accueil particuliers</Niveau><Niveau ID="N19807">Justice</Niveau><Niveau ID="N269">Affaire civile</Niveau><Niveau ID="F1732" type="Fiche d'information conditionnée">Accord amiable pour éviter un procès civil</Niveau></FilDAriane><Theme ID="N19807"><Titre>Justice</Titre></Theme><SousThemePere ID="N271">Procédures judiciaires</SousThemePere><DossierPere ID="N269"><Titre>Affaire civile</Titre><SousDossier ID="N269-1"><Titre>Alternatives à un procès civil</Titre><Fiche ID="F1732">Accord à l'amiable</Fiche><Fiche ID="F1741">Requête conjointe devant un tribunal civil</Fiche></SousDossier><SousDossier ID="N269-2"><Titre>Saisir un tribunal civil</Titre><Fiche ID="F20851">Saisir le tribunal judiciaire</Fiche><Fiche ID="F1783">Saisir le juge des contentieux de la protection</Fiche><Fiche ID="F35125">Saisir le tribunal de proximité</Fiche><Fiche ID="F35820">Saisir le juge de l'exécution</Fiche></SousDossier><SousDossier ID="N269-3"><Titre>Déroulement d'une affaire</Titre><Fiche ID="F1789">Devant le tribunal de proximité</Fiche><Fiche ID="F1791">Devant le tribunal judiciaire</Fiche><Fiche ID="F1792">Devant le tribunal de commerce</Fiche><Fiche ID="F1793">Devant le tribunal paritaire des baux ruraux</Fiche></SousDossier><SousDossier ID="N269-4"><Titre>Mesures prononcées par le tribunal</Titre><Fiche ID="F1787">Injonction de faire</Fiche><Fiche ID="F1746">Recouvrement de dettes en France : injonction de payer et procédure simplifiée</Fiche><Fiche ID="F36027">Recouvrement de dette en Europe : injonction de payer et règlement des petits litiges</Fiche><Fiche ID="F1780">Exécution d'une décision du juge civil </Fiche></SousDossier></DossierPere><SousDossierPere>Alternatives à un procès civil</SousDossierPere><Introduction><Texte><Paragraphe>Vous souhaitez résoudre un litige à l'amiable ? Vous pouvez tenter une conciliation, une médiation ou une procédure participative. Dans certains cas, notamment pour les procédures dont le litige n'excède pas <Valeur>5 000 €</Valeur>, une telle tentative est même obligatoire avant de saisir le juge. Nous vous présentons les informations à connaître.</Paragraphe></Texte></Introduction><Texte><Chapitre><Titre><Paragraphe>Quels sont les litiges pouvant faire l'objet d'un accord amiable ?</Paragraphe></Titre><Paragraphe>Si l'une des parties souhaite <MiseEnEvidence>trouver une solution amiable</MiseEnEvidence>, elle peut saisir un <LienInterne LienPublication="F1736" type="Fiche d'information conditionnée" audience="Particuliers">conciliateur de justice</LienInterne>, un <LienInterne LienPublication="F1822" type="Fiche d'information conditionnée" audience="Particuliers">médiateur</LienInterne> ou engager une <LienIntra LienID="R55150" type="Définition de glossaire">procédure participative</LienIntra>.</Paragraphe><Paragraphe>L'autre partie <MiseEnEvidence>doit accepter de participer</MiseEnEvidence> à cette négociation. En l'absence d'accord de l'autre partie d'accepter de résoudre le conflit à l'amiable, un procès peut être engagé.</Paragraphe><Paragraphe>L'accord à l'amiable peut concerner <MiseEnEvidence>différents domaines</MiseEnEvidence> :</Paragraphe><Liste type="puce"><Item><Paragraphe>Accident</Paragraphe></Item><Item><Paragraphe>Litige avec un propriétaire/locataire</Paragraphe></Item><Item><Paragraphe>Litige avec un commerçant</Paragraphe></Item><Item><Paragraphe><LienInterne LienPublication="N356" type="Dossier" audience="Particuliers">Trouble anormal du voisinage</LienInterne></Paragraphe></Item><Item><Paragraphe>Problèmes de construction</Paragraphe></Item><Item><Paragraphe>Litige entre salarié et employeur</Paragraphe></Item><Item><Paragraphe><LienInterne LienPublication="F34355" type="Fiche Question-réponse conditionnée" audience="Particuliers">Conflits familiaux</LienInterne></Paragraphe></Item><Item><Paragraphe>Litige entre le syndicat des copropriétaires et le syndic ou entre copropriétaires</Paragraphe></Item><Item><Paragraphe>etc.</Paragraphe></Item></Liste><Paragraphe>Pour certains litiges, il existe des <MiseEnEvidence>médiateurs spéciaux</MiseEnEvidence> comme :</Paragraphe><Liste type="puce"><Item><Paragraphe><LienInterne LienPublication="F34355" type="Fiche Question-réponse conditionnée" audience="Particuliers">médiateur familial</LienInterne> pour les conflits familiaux (autorité parentale, droit de visite et/ou d'hébergement...)</Paragraphe></Item><Item><Paragraphe><LienInterne LienPublication="F20820" type="Fiche Question-réponse conditionnée" audience="Particuliers">médiateur de l'énergie</LienInterne> pour les litiges avec les entreprises du secteur de l'énergie</Paragraphe></Item><Item><Paragraphe><LienExterne URL="https://www.economie.gouv.fr/dgccrf/Recourir-a-la-mediation-ou-a-la-conciliation">médiateurs pour les litiges de consommation</LienExterne> (voyage, assurance, loisirs...)</Paragraphe></Item><Item><Paragraphe><LienInterne LienPublication="R53986" type="Modèle de document" audience="Particuliers">médiateurs d'un centre de médiation du notariat</LienInterne> (succession, droit immobilier...)</Paragraphe></Item></Liste><Attention><Titre>Attention</Titre><Paragraphe>un accord à l'amiable ne peut pas avoir lieu dans les matières concernant l'état civil (nom, <LienIntra LienID="R38490" type="Définition de glossaire">filiation</LienIntra>...).</Paragraphe></Attention></Chapitre><Chapitre><Titre><Paragraphe>Dans quels cas une tentative d'accord amiable est obligatoire ?</Paragraphe></Titre><Paragraphe>Une tentative de <LienIntra LienID="R60984" type="Définition de glossaire">conciliation</LienIntra>, de <LienIntra LienID="R55151" type="Définition de glossaire">médiation</LienIntra> ou de <LienIntra LienID="R55150" type="Définition de glossaire">procédure participative</LienIntra> est <MiseEnEvidence>obligatoire</MiseEnEvidence> <MiseEnEvidence>avant</MiseEnEvidence> de saisir la justice pour les litiges dont les demandes <MiseEnEvidence>ne dépassent pas</MiseEnEvidence> <Valeur>5 000 €</Valeur>.</Paragraphe><Paragraphe>Cette tentative est également <MiseEnEvidence>obligatoire</MiseEnEvidence> pour les litiges suivants :</Paragraphe><Liste type="puce"><Item><Paragraphe><LienInterne LienPublication="F3037" type="Fiche d'information conditionnée" audience="Particuliers">Bornage</LienInterne></Paragraphe></Item><Item><Paragraphe>Certaines <LienIntra LienID="R1069" type="Définition de glossaire">servitudes</LienIntra> (<LienIntra LienID="R1069" type="Définition de glossaire">droit de passage</LienIntra>, conduite d'eau, égout...)</Paragraphe></Item><Item><Paragraphe><LienInterne LienPublication="F614" type="Fiche d'information conditionnée" audience="Particuliers">Distances des plantations ou leur élagage</LienInterne> (arbres et haies)</Paragraphe></Item><Item><Paragraphe>Respect des distances pour certaines constructions (par exemple pour la construction ou l'installation d'une clôture. ;.)</Paragraphe></Item><Item><Paragraphe>Curage des fossés et canaux servant à l'irrigation des propriétés</Paragraphe></Item><Item><Paragraphe><LienInterne LienPublication="N356" type="Dossier" audience="Particuliers">Trouble anormal de voisinage</LienInterne></Paragraphe></Item></Liste><Attention><Titre>Attention</Titre><Paragraphe>La demande en justice est déclarée <MiseEnEvidence>irrecevable</MiseEnEvidence> si cette obligation n'est pas respectée.</Paragraphe></Attention></Chapitre><Chapitre><Titre><Paragraphe>Dans quels cas est-on dispensé d'une tentative d'accord amiable ?</Paragraphe></Titre><Paragraphe>Les parties sont <MiseEnEvidence>dispensées de l'obligation</MiseEnEvidence> de tentative de conciliation, de médiation ou de procédure participative avant toute demande en justice dans les cas suivants :</Paragraphe><Liste type="puce"><Item><Paragraphe>Une des parties demande <MiseEnEvidence>l'<LienIntra LienID="R55691" type="Définition de glossaire">homologation</LienIntra> d'un accord</MiseEnEvidence>, c'est-à-dire sa validation par un juge</Paragraphe></Item><Item><Paragraphe><MiseEnEvidence>Un motif légitime</MiseEnEvidence> l'en empêche (par exemple, l'indisponibilité du conciliateur entraînant l'organisation de la première réunion dans un délai supérieur à 3 mois)</Paragraphe></Item><Item><Paragraphe><MiseEnEvidence><MiseEnEvidence><MiseEnEvidence>Le juge</MiseEnEvidence></MiseEnEvidence></MiseEnEvidence> ou l'autorité administrative doit procéder elle-même à une tentative de conciliation préalable. Par exemple l'obligation de saisir la commission de recours amiable de la <LienInterne LienPublication="R24582" type="Acronyme">Caf</LienInterne> avant tout procès</Paragraphe></Item><Item><Paragraphe>Si <MiseEnEvidence>le <LienIntra LienID="R15912" type="Définition de glossaire">créancier</LienIntra> </MiseEnEvidence>a engagé une <LienInterne LienPublication="F1746" type="Fiche d'information conditionnée" audience="Particuliers">procédure simplifiée de recouvrement des petites créances</LienInterne> qui n'a pas donné de résultat</Paragraphe></Item><Item><Paragraphe>Un <MiseEnEvidence>recours préalable</MiseEnEvidence> <MiseEnEvidence>obligatoire</MiseEnEvidence> est déjà prévu dans la procédure (par exemple, pour un litige avec la sécurité sociale, la commission médicale de recours amiable doit obligatoirement être saisie d'un recours gracieux)</Paragraphe></Item></Liste><ASavoir><Titre>À savoir</Titre><Paragraphe>en cas d'urgence, les parties sont dispensées d'accord amiable avant un procès si elles justifient de l'impossibilité de trouver un accord (par exemple, fuite d'eau, absence de chauffage).</Paragraphe></ASavoir></Chapitre><Chapitre><Titre><Paragraphe>Quels sont les intervenants permettant de trouver un accord amiable ?</Paragraphe></Titre><Paragraphe>L'intervention d'un tiers peut faciliter l'accord. Il existe 3 choix possibles.</Paragraphe><BlocCas affichage="onglet"><Cas><Titre>Conciliateur de justice</Titre><Paragraphe>Le <LienInterne LienPublication="F1736" type="Fiche d'information conditionnée" audience="Particuliers">conciliateur de justice</LienInterne> est un tiers neutre, qui guide les parties dans leur recherche d'accord amiable.</Paragraphe><Paragraphe>Il propose une solution au litige.</Paragraphe><Paragraphe>Il <MiseEnEvidence>convoque les parties</MiseEnEvidence> à venir sur le lieu où il exerce sa mission.</Paragraphe><Paragraphe>II a un <MiseEnEvidence>pouvoir d'enquête </MiseEnEvidence>qui lui permet de se rendre sur les lieux et entendre toute personne utile à la conciliation, avec l'accord de celle-ci.</Paragraphe><Paragraphe>En cas de conciliation, même partielle, un <MiseEnEvidence>constat d'accord</MiseEnEvidence> est signé par les parties et le conciliateur de justice.</Paragraphe><Paragraphe>Un exemplaire est <MiseEnEvidence>remis à chaque partie</MiseEnEvidence> et <MiseEnEvidence>envoyé au greffe</MiseEnEvidence> du tribunal judiciaire compétent.</Paragraphe><Paragraphe>Les parties peuvent <MiseEnEvidence>demander au juge</MiseEnEvidence> de <LienIntra LienID="R55691" type="Définition de glossaire">valider le constat d'accord</LienIntra> en le saisissant par une <LienIntra LienID="R12542" type="Définition de glossaire">requête</LienIntra> écrite.</Paragraphe><OuSAdresser ID="R81" sve="non" type="Local personnalisable"><Titre>Conciliateur de justice</Titre><PivotLocal>conciliateur_justice</PivotLocal><RessourceWeb URL="http://www.conciliateurs.fr/Trouver-une-permanence"/><Source ID="R30903">Fédération des associations de conciliateurs de justice</Source></OuSAdresser></Cas><Cas><Titre>Médiateur</Titre><Paragraphe>Le <LienInterne LienPublication="F1822" type="Fiche d'information conditionnée" audience="Particuliers">médiateur</LienInterne> est un tiers neutre qui aide les parties à <MiseEnEvidence>trouver elles-mêmes une solution à l'amiable</MiseEnEvidence>.</Paragraphe><Paragraphe>Il est choisi par les parties.</Paragraphe><Paragraphe>Le médiateur <MiseEnEvidence>ne dispose pas</MiseEnEvidence> de <MiseEnEvidence>pouvoirs d'enquête</MiseEnEvidence>.</Paragraphe><Paragraphe>Il peut entendre toute personne utile à la médiation, avec l'accord des parties.</Paragraphe><Paragraphe>Le médiateur peut recevoir les parties ensemble ou séparément.</Paragraphe><Paragraphe>Elles peuvent se faire assister par un avocat si elles le souhaitent.</Paragraphe><Paragraphe>S'il n'y a <MiseEnEvidence>pas d'accord amiable</MiseEnEvidence>, les parties peuvent saisir le juge. Les constatations et déclarations recueillies par le médiateur ne peuvent pas être produites au cours de la procédure sauf accord des parties, ni dans toute autre instance.</Paragraphe><Paragraphe>Il existe différents médiateurs.</Paragraphe><Paragraphe>Le <LienInterne LienPublication="F1822" type="Fiche d'information conditionnée" audience="Particuliers">médiateur civil</LienInterne> permet de trouver une solution pour des litiges civils de la vie quotidienne comme les conflits de voisinage, les impayés de loyer...</Paragraphe><Paragraphe>Pour certains litiges, les <MiseEnEvidence>médiateurs sont plus spécialisés </MiseEnEvidence>comme :</Paragraphe><Liste type="puce"><Item><Paragraphe><LienInterne LienPublication="F34355" type="Fiche Question-réponse conditionnée" audience="Particuliers">médiateur familial</LienInterne> pour les conflits familiaux (autorité parentale, droit de visite et/ou d'hébergement...)</Paragraphe></Item><Item><Paragraphe><LienInterne LienPublication="F20820" type="Fiche Question-réponse conditionnée" audience="Particuliers">médiateur de l'énergie</LienInterne> pour les litiges avec les entreprises du secteur de l'énergie</Paragraphe></Item><Item><Paragraphe><LienExterne URL="https://www.economie.gouv.fr/dgccrf/Recourir-a-la-mediation-ou-a-la-conciliation">médiateurs pour les litiges de consommation</LienExterne> (voyage, assurance, loisirs...)</Paragraphe></Item><Item><Paragraphe><LienInterne LienPublication="R53986" type="Modèle de document" audience="Particuliers">médiateurs d'un centre de médiation du notariat</LienInterne> (succession, droit immobilier...)</Paragraphe></Item></Liste></Cas><Cas><Titre>Procédure participative avec avocat</Titre><Paragraphe>La <LienIntra LienID="R55150" type="Définition de glossaire">procédure participative</LienIntra> se définit comme <MiseEnEvidence>la rédaction d'une convention</MiseEnEvidence>, par laquelle les parties et leurs <LienInterne LienPublication="F2153" type="Fiche d'information conditionnée" audience="Particuliers">avocats</LienInterne> s'engagent à trouver une solution amiable à leur litige.</Paragraphe><Paragraphe>Cette convention est conclue pour une <MiseEnEvidence>durée déterminée</MiseEnEvidence> pendant laquelle les parties ne peuvent pas saisir le juge.</Paragraphe><Paragraphe>La convention comprend les <MiseEnEvidence>engagements</MiseEnEvidence> des parties et les <MiseEnEvidence>garanties réciproques</MiseEnEvidence>. Elle permet de fixer les conditions de la négociation (délais, échange des pièces, objet du litige).</Paragraphe><OuSAdresser ID="R14218" sve="non" type="Local personnalisable"><Titre>Avocat</Titre><PivotLocal>avocat_conseil_national</PivotLocal><RessourceWeb URL="https://www.cnb.avocat.fr/annuaire-des-avocats-de-france"/><Source ID="R30762">Conseil national des barreaux</Source></OuSAdresser><Paragraphe><MiseEnEvidence>En cas d'accord</MiseEnEvidence>, le juge doit <LienIntra LienID="R55691" type="Définition de glossaire">homologuer</LienIntra> la convention et garantir sa bonne exécution. Il peut statuer sans entendre les parties.</Paragraphe><Paragraphe>Une fois homologuée, la convention a <LienIntra LienID="R51102" type="Définition de glossaire">force exécutoire</LienIntra> et permet <LienIntra LienID="R64476" type="Définition de glossaire">l'exécution forcée</LienIntra>.</Paragraphe><Paragraphe><MiseEnEvidence>En cas de désaccord</MiseEnEvidence>, le juge peut être saisi par l'une des parties ou par <LienInterne LienPublication="F1741" type="Fiche d'information conditionnée" audience="Particuliers">requête conjointe</LienInterne> pour trancher le litige.</Paragraphe><Paragraphe>Les parties sont alors dispensées de conciliation ou de médiation préalable.</Paragraphe></Cas></BlocCas><ANoter><Titre>À noter</Titre><Paragraphe>le <LienInterne LienPublication="F31111" type="Fiche Question-réponse conditionnée" audience="Particuliers">délai de prescription</LienInterne> est <MiseEnEvidence>suspendu</MiseEnEvidence> en cas de recours à la conciliation, à la médiation ou à une procédure de convention participative. Le délai écoulé s'arrête et reprend pour une durée restante qui ne peut pas être inférieure à 6 mois, lorsque la négociation est terminée.</Paragraphe></ANoter></Chapitre><Chapitre><Titre><Paragraphe>Comment faire valider l'accord par le juge ?</Paragraphe></Titre><Paragraphe>La demande d'<MiseEnEvidence>homologation de l'accord</MiseEnEvidence> peut être présentée au <MiseEnEvidence>juge</MiseEnEvidence> par <MiseEnEvidence><LienIntra LienID="R12542" type="Définition de glossaire">requête</LienIntra> de l'ensemble des parties</MiseEnEvidence> ou de <MiseEnEvidence>l'une d'elles</MiseEnEvidence> avec l'accord exprès des autres.</Paragraphe><Paragraphe>L'<LienIntra LienID="R55691" type="Définition de glossaire">homologation</LienIntra> de l'accord par le juge lui donne <LienIntra LienID="R51102" type="Définition de glossaire">force exécutoire</LienIntra>.</Paragraphe><Paragraphe>Cela permet <MiseEnEvidence>l'exécution</MiseEnEvidence> amiable ou l'<LienIntra LienID="R64476" type="Définition de glossaire">exécution forcée</LienIntra> en cas de difficultés avec l'une des parties.</Paragraphe><Paragraphe>Lorsqu'ils sont <MiseEnEvidence>signés par les avocats</MiseEnEvidence> des parties, les accords issus d'une médiation, d'une conciliation ou d'une procédure participative peuvent<MiseEnEvidence> être exécutés</MiseEnEvidence> sans passer devant le juge.</Paragraphe><Paragraphe>Le greffe du tribunal doit y mettre la <Expression>formule exécutoire</Expression>, c'est-à-dire une mention permettant l'exécution forcée de l'accord.</Paragraphe></Chapitre><Chapitre><Titre><Paragraphe>Quel est le coût d'une procédure amiable ?</Paragraphe></Titre><Paragraphe>Le coût dépend de l'intervention du tiers :</Paragraphe><Liste type="puce"><Item><Paragraphe>La conciliation est <MiseEnEvidence>gratuite</MiseEnEvidence>.</Paragraphe></Item><Item><Paragraphe>La médiation peut être <MiseEnEvidence>gratuite</MiseEnEvidence> (médiation des litiges de consommation) ou <MiseEnEvidence>payante</MiseEnEvidence> (médiation familiale ou civile) par le versement <LienIntra LienID="R14736" type="Définition de glossaire">d'honoraires</LienIntra>.</Paragraphe></Item><Item><Paragraphe>La procédure participative est <MiseEnEvidence>payante</MiseEnEvidence> (honoraires des avocats).</Paragraphe></Item></Liste><Paragraphe>Dans certains cas et en fonction de vos ressources, vous pouvez <LienInterne LienPublication="F18074" type="Fiche d'information conditionnée" audience="Particuliers">bénéficier de l'aide juridictionnelle</LienInterne>.</Paragraphe></Chapitre><Chapitre><Titre><Paragraphe>Quels sont les effets de la procédure amiable ?</Paragraphe></Titre><Paragraphe>L'accord à l'amiable <MiseEnEvidence>s'impose aux parties</MiseEnEvidence> qui l'ont signé.</Paragraphe><Paragraphe><MiseEnEvidence>Un procès</MiseEnEvidence> peut avoir lieu si une des parties ne respecte pas l'accord signé ou si le litige subsiste. L'accord devra alors être présenté comme <LienInterne LienPublication="F1800" type="Fiche Question-réponse conditionnée" audience="Particuliers">preuve des engagements signés</LienInterne>.</Paragraphe><Paragraphe>La juridiction compétente dépend des sommes en jeu dans le litige.</Paragraphe><Liste type="puce"><Item><Paragraphe>Pour un litige inférieur ou égal à <Valeur>10 000 €</Valeur>, c'est le tribunal de proximité ou le tribunal judiciaire.</Paragraphe></Item><Item><Paragraphe>Pour un litige supérieur à <Valeur>10 000 €</Valeur>, c'est le tribunal judiciaire.</Paragraphe></Item></Liste><OuSAdresser ID="R30" sve="non" type="Local"><Titre>Tribunal judiciaire</Titre><RessourceWeb URL="http://www.annuaires.justice.gouv.fr/"/><Source ID="R30663">Ministère chargé de la justice</Source></OuSAdresser></Chapitre></Texte><VoirAussi important="non"><Fiche ID="F1822" audience="Particuliers"><Titre>Médiateur civil</Titre><Theme ID="N19807"><Titre>Justice</Titre></Theme></Fiche></VoirAussi><QuiPeutMAider ID="R81" sve="non" type="Local personnalisable"><Titre>Conciliateur de justice</Titre><PivotLocal>conciliateur_justice</PivotLocal><RessourceWeb URL="http://www.conciliateurs.fr/Trouver-une-permanence"/><Source ID="R30903">Fédération des associations de conciliateurs de justice</Source></QuiPeutMAider><QuiPeutMAider ID="R14218" sve="non" type="Local personnalisable"><Titre>Avocat</Titre><PivotLocal>avocat_conseil_national</PivotLocal><RessourceWeb URL="https://www.cnb.avocat.fr/annuaire-des-avocats-de-france"/><Source ID="R30762">Conseil national des barreaux</Source></QuiPeutMAider><OuSAdresser ID="R81" sve="non" type="Local personnalisable"><Titre>Conciliateur de justice</Titre><PivotLocal>conciliateur_justice</PivotLocal><RessourceWeb URL="http://www.conciliateurs.fr/Trouver-une-permanence"/><Source ID="R30903">Fédération des associations de conciliateurs de justice</Source></OuSAdresser><OuSAdresser ID="R14218" sve="non" type="Local personnalisable"><Titre>Avocat</Titre><PivotLocal>avocat_conseil_national</PivotLocal><RessourceWeb URL="https://www.cnb.avocat.fr/annuaire-des-avocats-de-france"/><Source ID="R30762">Conseil national des barreaux</Source></OuSAdresser><Reference type="Texte de référence" URL="https://www.legifrance.gouv.fr/codes/section_lc/LEGITEXT000006070716/LEGISCTA000006117226?init=true&amp;page=1&amp;query=127+CPC&amp;searchField=ALL&amp;tab_selection=all&amp;anchor=LEGISCTA000030360395#LEGISCTA000030360395" ID="R60988"><Titre>Code de procédure civile : articles 127 à 131-5</Titre><Complement>Dispositions générales conciliation médiation</Complement></Reference><Reference type="Texte de référence" URL="https://www.legifrance.gouv.fr/codes/article_lc/LEGIARTI000039623523" ID="R55099"><Titre>Code de procédure civile : article 750</Titre><Complement>Dispense de conciliation (750-1)</Complement></Reference><Reference type="Texte de référence" URL="https://www.legifrance.gouv.fr/codes/article_lc/LEGIARTI000039623910" ID="R652"><Titre>Code de procédure civile : articles 820</Titre><Complement>Tentative préalable de conciliation</Complement></Reference><Reference type="Texte de référence" URL="https://www.legifrance.gouv.fr/codes/section_lc/LEGITEXT000006070716/LEGISCTA000022326279?init=true&amp;page=1&amp;query=code+de+proc%C3%A9dure+civile+1528&amp;searchField=ALL&amp;tab_selection=all&amp;anchor=LEGIARTI000025181113#LEGIARTI000025181113" ID="R61015"><Titre>Code de procédure civile : articles 1528 à 1567</Titre><Complement>Résolution amiable des différends</Complement></Reference><Reference type="Texte de référence" URL="https://www.legifrance.gouv.fr/codes/section_lc/LEGITEXT000006070721/LEGISCTA000006118164/#LEGISCTA000006118164" ID="R586"><Titre>Code civil : articles 2044 à 2052</Titre><Complement>Négociation entre les parties</Complement></Reference><Reference type="Texte de référence" URL="https://www.legifrance.gouv.fr/codes/section_lc/LEGITEXT000006070721/LEGISCTA000006118175/#LEGISCTA000023276654" ID="R33445"><Titre>Code civil : articles 2062 à 2068</Titre><Complement>Signature d'une convention de procédure participative</Complement></Reference><Reference type="Texte de référence" URL="https://www.legifrance.gouv.fr/codes/article_lc/LEGIARTI000032042671/" ID="R55029"><Titre>Code civil : article 2238</Titre><Complement>Suspension de la prescription</Complement></Reference><Reference type="Texte de référence" URL="https://www.legifrance.gouv.fr/codes/section_lc/LEGITEXT000006069565/LEGISCTA000032223335/" ID="R61016"><Titre>Code de la consommation : articles L 611-1 à 616-3</Titre><Complement>Médiation litiges de la consommation</Complement></Reference><Reference type="Texte de référence" URL="https://www.legifrance.gouv.fr/codes/section_lc/LEGITEXT000006069565/LEGISCTA000032808326/#LEGISCTA000032808326" ID="R42590"><Titre>Code de la consommation : articles R612-1 à R612-5</Titre><Complement>Procédé de médiation des litiges de consommation</Complement></Reference><Reference type="Texte de référence" URL="https://www.legifrance.gouv.fr/codes/section_lc/LEGITEXT000006069565/LEGISCTA000032808376/#LEGISCTA000032808376" ID="R48101"><Titre>Code de la consommation : articles R616-1 à R616-2</Titre><Complement>Information et assistance du consommateur à la médiation</Complement></Reference><Reference type="Texte de référence" URL="https://www.legifrance.gouv.fr/loda/article_lc/LEGIARTI000033460749/" ID="R55030"><Titre>Loi n°91-647 du 10 juillet 1991 relative à l'aide juridique : article 10</Titre><Complement>Aide juridictionnelle pour une procédure participative</Complement></Reference><ServiceEnLigne ID="R1444" URL="https://www.service-public.fr/simulateur/calcul/16146" audience="Particuliers" numerocerfa="16146*03" type="Formulaire"><Titre>Demande d'aide juridictionnelle</Titre><Source ID="R30663">Ministère chargé de la justice</Source><NoticeLiee ID="R12015" URL="https://www.formulaires.service-public.fr/gf/getNotice.do?cerfaNotice=51505&amp;cerfaFormulaire=16146" type="Notice" numerocerfa="52347#03" format="application/pdf" poids="178.7 KB">Notice - Demande d'aide juridictionnelle</NoticeLiee></ServiceEnLigne><PourEnSavoirPlus type="Information pratique" ID="R33446" URL="http://www.mediatheque.justice.gouv.fr/direct/1212-25eeedca99353efb77a2ed94086808a1d33a227b-1523975731-direct" audience="Particuliers"><Titre>La conciliation, une autre solution que le procès pour mettre fin au conflit</Titre><Source ID="R30663">Ministère chargé de la justice</Source></PourEnSavoirPlus><PourEnSavoirPlus type="Information pratique" ID="R34111" URL="https://www.inc-conso.fr/content/le-recouvrement-amiable-des-creances" audience="Particuliers"><Titre>Le recouvrement amiable des créances</Titre><Source ID="R30643">Institut national de la consommation (INC)</Source></PourEnSavoirPlus><Definition ID="R55150"><Titre>Procédure participative</Titre><Texte><Paragraphe>Démarche amiable de résolution d'un litige qui repose sur la signature d'un contrat écrit par lequel chacun s'engage à rechercher un accord dans un certain délai. Le recours à un avocat est obligatoire.</Paragraphe></Texte></Definition><Definition ID="R38490"><Titre>Filiation</Titre><Texte><Paragraphe>Lien juridique entre un enfant et son père et/ou sa mère</Paragraphe></Texte></Definition><Definition ID="R60984"><Titre>Conciliation</Titre><Texte><Paragraphe>Démarche amiable de résolution d'un litige. Le conciliateur de justice tente d'établir un dialogue entre les personnes en litige pour qu'elles parviennent elles-mêmes à un accord à l'amiable.</Paragraphe></Texte></Definition><Definition ID="R55151"><Titre>Médiation</Titre><Texte><Paragraphe>Démarche amiable de résolution d'un litige. Le médiateur tente d'établir un dialogue entre les personnes en litige pour qu'elles parviennent elles-mêmes à un accord.</Paragraphe></Texte></Definition><Definition ID="R1069"><Titre>Servitude</Titre><Texte><Paragraphe>Charge imposée à une propriété au profit d'une autre propriété (par exemple, un droit de passage)</Paragraphe></Texte></Definition><Definition ID="R55691"><Titre>Homologation</Titre><Texte><Paragraphe>Approbation d'un acte ou d'une convention par le juge</Paragraphe></Texte></Definition><Definition ID="R15912"><Titre>Créancier</Titre><Texte><Paragraphe>Personne à qui l'on doit de l'argent ou la fourniture d'une prestation</Paragraphe></Texte></Definition><Definition ID="R12542"><Titre>Requête</Titre><Texte><Paragraphe>Écrit formalisé permettant de saisir un tribunal</Paragraphe></Texte></Definition><Definition ID="R51102"><Titre>Force exécutoire</Titre><Texte><Paragraphe>Décision de justice pouvant être appliquée si besoin avec l'aide de la force publique</Paragraphe></Texte></Definition><Definition ID="R64476"><Titre>Exécution forcée</Titre><Texte><Paragraphe>Procédure légale utilisée pour obliger quelqu'un à appliquer un jugement ou à respecter ses engagements</Paragraphe></Texte></Definition><Definition ID="R14736"><Titre>Honoraires</Titre><Texte><Paragraphe>Rémunération des services rendus par les membres de certaines professions libérales (médecins, notaires, avocats, architectes, etc.)</Paragraphe></Texte></Definition><Abreviation ID="R24582" type="Acronyme"><Titre>Caf</Titre><Texte><Paragraphe>Caisse d'allocations familiales</Paragraphe></Texte></Abreviation><QuestionReponse ID="F15018" audience="Particuliers"><Titre>Comment l'avocat est-il rémunéré ?</Titre></QuestionReponse><QuestionReponse ID="F33833" audience="Particuliers"><Titre>Le salarié et l'employeur peuvent-ils régler un conflit à l'amiable ?</Titre></QuestionReponse></Publication>