<?xml version="1.0" encoding="UTF-8"?><Publication xmlns:dc="http://purl.org/dc/elements/1.1/" xmlns:xsi="http://www.w3.org/2001/XMLSchema-instance" ID="F17603" type="Fiche Question-réponse conditionnée" xsi:noNamespaceSchemaLocation="../Schemas/3.4/Publication.xsd" spUrl="https://www.service-public.fr/particuliers/vosdroits/F17603"><dc:title>Doit-on assurer son animal de compagnie ?</dc:title><dc:creator>Direction de l'information légale et administrative</dc:creator><dc:subject>Loisirs - Sports - Culture</dc:subject><dc:description>Vous n'êtes pas obligé d'assurer votre animal de compagnie (sauf dans le cas de certains chiens), mais vous êtes responsable des dommages causés.</dc:description><dc:publisher>Direction de l'information légale et administrative</dc:publisher><dc:contributor>Direction de l'information légale et administrative (Premier ministre)</dc:contributor><dc:date>modified 2023-12-22</dc:date><dc:type>Question-réponse</dc:type><dc:format>text/xml</dc:format><dc:identifier>F17603</dc:identifier><dc:source>https://www.legifrance.gouv.fr/codes/article_lc/LEGIARTI000032041553/, https://www.legifrance.gouv.fr/codes/article_lc/LEGIARTI000019065635</dc:source><dc:language>Fr</dc:language><dc:relation>isPartOf N18944</dc:relation><dc:coverage>France entière</dc:coverage><dc:rights>https://www.service-public.fr/a-propos/mentions-legales</dc:rights><SurTitre>Question-réponse</SurTitre><Audience>Particuliers</Audience><Canal>www.service-public.fr</Canal><FilDAriane><Niveau ID="Particuliers">Accueil particuliers</Niveau><Niveau ID="N19809">Loisirs - Sports - Culture</Niveau><Niveau ID="N18944">Animal de compagnie</Niveau><Niveau ID="F17603" type="Fiche Question-réponse conditionnée">Doit-on assurer son animal de compagnie ?</Niveau></FilDAriane><Theme ID="N19809"><Titre>Loisirs - Sports - Culture</Titre></Theme><SousThemePere ID="N150">Temps libre</SousThemePere><DossierPere ID="N18944"><Titre>Animal de compagnie</Titre><Fiche ID="F34877">Avoir un chien ou un chat : quelles sont les règles ?</Fiche><Fiche ID="F1839">Avoir un chien susceptible d'être dangereux : quelles sont les règles ?</Fiche><Fiche ID="F34922">Avoir un nouvel animal de compagnie (Nac) : quelles sont les règles ?</Fiche><Fiche ID="F34986">Avoir un équidé : quelles sont les règles ?</Fiche><Fiche ID="F33452">Élevage de chiens et de chats</Fiche><Fiche ID="F21374">Voyager à l'étranger avec son animal de compagnie</Fiche><Fiche ID="F35788">Ramener un chien ou un chat de l'étranger : quelles sont les règles ?</Fiche></DossierPere><Texte><Paragraphe>Tout dépend s'il s'agit d'un <LienInterne LienPublication="F1839" type="Fiche d'information conditionnée" audience="Particuliers">chien susceptible d'être dangereux</LienInterne> ou d'un autre <LienIntra LienID="R34418" type="Définition de glossaire">animal de compagnie</LienIntra>.</Paragraphe><BlocCas affichage="radio"><Cas><Titre>Chien susceptible d'être dangereux</Titre><Paragraphe>Si vous envisagez d'avoir un <LienInterne LienPublication="F1839" type="Fiche d'information conditionnée" audience="Particuliers">chien de 1re ou 2e catégorie</LienInterne>, vous devez <MiseEnEvidence>obligatoirement souscrire une assurance </MiseEnEvidence>garantissant votre responsabilité civile.</Paragraphe><Paragraphe>Vous pouvez souscrire une assurance spécifique, dite <Expression>responsabilité civile vie privée</Expression>.</Paragraphe><Paragraphe>Si vous avez souscrit une assurance <Expression>multirisque habitation</Expression>, la <LienInterne LienPublication="F2123" type="Fiche Question-réponse conditionnée" audience="Particuliers">garantie responsabilité civile</LienInterne> est incluse dans votre contrat d'assurance habitation.</Paragraphe></Cas><Cas><Titre>Autre situation</Titre><Paragraphe><MiseEnEvidence>Non</MiseEnEvidence>, vous n'êtes pas obligé de prendre une assurance spécifique pour votre animal de compagnie.</Paragraphe><Paragraphe>Mais vous êtes <MiseEnEvidence>responsable des dommages matériels et corporels</MiseEnEvidence> qu'il peut causer à un tiers. Cela vaut que votre animal soit sous votre garde et votre surveillance ou qu'il se soit échappé ou égaré.</Paragraphe><Paragraphe>En pratique, <LienInterne LienPublication="F2123" type="Fiche Question-réponse conditionnée" audience="Particuliers"/>votre assurance habitation comprend une <LienInterne LienPublication="F2123" type="Fiche Question-réponse conditionnée" audience="Particuliers">garantie responsabilité civile</LienInterne> qui permet de couvrir les dommages pouvant être causés par votre animal.</Paragraphe><Paragraphe>En l'absence d'assurance, vous devez dédommager vous-même les dégradations et dommages faits par votre animal.</Paragraphe></Cas></BlocCas></Texte><VoirAussi important="non"><Dossier ID="N18944" audience="Particuliers"><Titre>Animal de compagnie</Titre><Theme ID="N19809"><Titre>Loisirs - Sports - Culture</Titre></Theme></Dossier></VoirAussi><Reference type="Texte de référence" URL="https://www.legifrance.gouv.fr/codes/article_lc/LEGIARTI000032041553/" ID="R36782"><Titre>Code civil : article 1243</Titre></Reference><Reference type="Texte de référence" URL="https://www.legifrance.gouv.fr/codes/article_lc/LEGIARTI000019065635" ID="R34021"><Titre>Code rural et de la pêche maritime : article L211-14</Titre></Reference><Definition ID="R34418"><Titre>Animal de compagnie</Titre><Texte><Paragraphe>Tout animal détenu ou destiné à être détenu par l'homme pour son agrément</Paragraphe></Texte><Reference type="Texte de référence" URL="https://www.legifrance.gouv.fr/codes/id/LEGIARTI000031281488" ID="R34285"><Titre>Code rural et de la pêche maritime : articles L214-6 à L214-8-2</Titre></Reference></Definition><QuestionReponse ID="F34904" audience="Particuliers"><Titre>Animal domestique, sauvage, apprivoisé, de compagnie : quelles différences ?</Titre></QuestionReponse><QuestionReponse ID="F24029" audience="Particuliers"><Titre>Que faire si vous avez perdu votre animal de compagnie ?</Titre></QuestionReponse><QuestionReponse ID="F24028" audience="Particuliers"><Titre>Que faire en cas de morsure par un chien ?</Titre></QuestionReponse><QuestionReponse ID="F32338" audience="Particuliers"><Titre>Que faire si vous trouvez un chien ou un chat errant ?</Titre></QuestionReponse></Publication>