<?xml version="1.0" encoding="UTF-8"?><Publication xmlns:dc="http://purl.org/dc/elements/1.1/" xmlns:xsi="http://www.w3.org/2001/XMLSchema-instance" ID="F17760" type="Fiche d'information conditionnée" xsi:noNamespaceSchemaLocation="../Schemas/3.4/Publication.xsd" dateDerniereModificationImportante="2023-05-09T00:00:00" spUrl="https://www.service-public.fr/particuliers/vosdroits/F17760"><dc:title>Assurance maladie d'un étranger en vacances (ou court séjour) en France</dc:title><dc:creator>Direction de l'information légale et administrative</dc:creator><dc:subject>Social - Santé</dc:subject><dc:description>Si vous êtes ressortissant assuré de l'EEE et que vous êtes en vacances en France, vous devez détenir une carte européenne d'assurance maladie (CEAM).</dc:description><dc:publisher>Direction de l'information légale et administrative</dc:publisher><dc:contributor>Direction de l'information légale et administrative (Premier ministre)</dc:contributor><dc:date>modified 2023-05-11</dc:date><dc:type>Fiche pratique</dc:type><dc:format>text/xml</dc:format><dc:identifier>F17760</dc:identifier><dc:language>Fr</dc:language><dc:relation>isPartOf N31348</dc:relation><dc:coverage>France entière</dc:coverage><dc:rights>https://www.service-public.fr/a-propos/mentions-legales</dc:rights><SurTitre>Fiche pratique</SurTitre><Audience>Particuliers</Audience><Canal>www.service-public.fr</Canal><FilDAriane><Niveau ID="Particuliers">Accueil particuliers</Niveau><Niveau ID="N19811">Social - Santé</Niveau><Niveau ID="N31348">Assurance maladie d'un étranger en France</Niveau><Niveau ID="F17760" type="Fiche d'information conditionnée">Assurance maladie d'un étranger en vacances (ou court séjour) en France</Niveau></FilDAriane><Theme ID="N19811"><Titre>Social - Santé</Titre></Theme><SousThemePere ID="N20272">Sécurité sociale</SousThemePere><DossierPere ID="N31348"><Titre>Assurance maladie d'un étranger en France</Titre><Fiche ID="F17760">Vacances ou court séjour en France</Fiche><Fiche ID="F12859">Installation en France</Fiche></DossierPere><Introduction><Texte><Paragraphe>Vous êtes étranger et vous venez en vacances en France (ou pour un court séjour) et vous souhaitez savoir si vous pouvez bénéficier de soins médicaux imprévus et nécessaires ?</Paragraphe><Paragraphe>Vous souhaitez savoir si vous pouvez être remboursé de vos dépenses de santé en France ?</Paragraphe><Paragraphe>Nous vous présentons les informations à connaître.</Paragraphe></Texte></Introduction><Questionnaire><Question><Titre><Paragraphe>Vous êtes</Paragraphe></Titre><Choix><Titre><Paragraphe>Ressortissant d'un pays de l'Union européenne, d'Islande, du Liechtenstein, de la Norvège ou de la Suisse</Paragraphe></Titre><IntituleSiSelectionne><Paragraphe>Vous êtes ressortissant d'un pays de l'Union européenne, d'Islande, du Liechtenstein, de la Norvège ou de la Suisse</Paragraphe></IntituleSiSelectionne><SiSelectionne><affecteVrai var="T10266"/><affecteFaux var="T12799"/><affecteFaux var="T11723"/></SiSelectionne></Choix><Choix><Titre><Paragraphe>Ressortissant du Royaume-Uni</Paragraphe></Titre><IntituleSiSelectionne><Paragraphe>Vous êtes ressortissant du Royaume-Uni</Paragraphe></IntituleSiSelectionne><SiSelectionne><affecteVrai var="T12799"/><affecteFaux var="T10266"/><affecteFaux var="T11723"/></SiSelectionne></Choix><Choix><Titre><Paragraphe>Ressortissant d'un autre pays</Paragraphe></Titre><IntituleSiSelectionne><Paragraphe>Vous êtes ressortissant d'un autre pays</Paragraphe></IntituleSiSelectionne><SiSelectionne><affecteVrai var="T11723"/><affecteFaux var="T10266"/><affecteFaux var="T12799"/></SiSelectionne></Choix></Question></Questionnaire><ListeSituations affichage="onglet"><Situation><Titre>Ressortissant de l'UE, Islande, Liechtenstein, Norvège ou Suisse</Titre><Condition><estVrai var="T10266"/></Condition><Introduction><Texte><Paragraphe>Vous souhaitez effectuer un court séjour en France en tant que <MiseEnEvidence>ressortissant assuré </MiseEnEvidence>de <LienIntra LienID="R42218" type="Définition de glossaire">l'Espace économique européen</LienIntra> (EEE) ou de Suisse ? Vous devez détenir une carte européenne d'assurance maladie (CEAM). Celle-ci permet de bénéficier de la prise en charge de vos soins en France en accédant plus facilement au système de santé français. Pour obtenir cette carte, et <MiseEnEvidence>avant tout départ pour la France</MiseEnEvidence>, vous devez en faire la demande auprès de votre organisme d'assurance maladie.</Paragraphe></Texte></Introduction><Texte><Chapitre><Titre><Paragraphe>Comment obtenir la CEAM ?</Paragraphe></Titre><Paragraphe>Pour bénéficier de la <LienInterne LienPublication="F34441" type="Fiche d'information conditionnée" audience="Particuliers">CEAM</LienInterne>, vous devez :</Paragraphe><Liste type="puce"><Item><Paragraphe>Être <MiseEnEvidence>assuré par un régime de sécurité sociale d'un pays membre</MiseEnEvidence> <LienIntra LienID="R42218" type="Définition de glossaire">l'Espace économique européen</LienIntra> (EEE) ou la Suisse,</Paragraphe></Item><Item><Paragraphe>Et séjourner <MiseEnEvidence>temporairement</MiseEnEvidence> en France.</Paragraphe></Item></Liste><Paragraphe>Peu importe :</Paragraphe><Liste type="puce"><Item><Paragraphe>Votre statut (travailleur, étudiant, pensionné, <LienIntra LienID="R13146" type="Définition de glossaire">ayant droit</LienIntra> ...)</Paragraphe></Item><Item><Paragraphe>Et le motif de votre séjour (week-end, vacances, études, séjour linguistique ou professionnel...).</Paragraphe></Item></Liste><Paragraphe>Vous devez demander votre CEAM <MiseEnEvidence>avant votre départ</MiseEnEvidence>, auprès de l'organisme d'assurance maladie compétent dans votre pays d'affiliation.</Paragraphe><Paragraphe>Chaque personne de votre famille doit avoir sa propre CEAM, y compris vos enfants.</Paragraphe><ANoter><Titre>À noter</Titre><Paragraphe>Dans certains pays européens, la CEAM se confond avec la carte nationale d'assurance maladie. Renseignez-vous auprès de votre organisme d'assurance maladie de votre pays.</Paragraphe></ANoter></Chapitre><Chapitre><Titre><Paragraphe>Que permet la CEAM ?</Paragraphe></Titre><Paragraphe>Votre CEAM vous permet de :</Paragraphe><Liste type="puce"><Item><Paragraphe>Bénéficier en France de soins imprévus et médicalement nécessaires (soins qui ne peuvent pas attendre votre retour dans votre pays)</Paragraphe></Item><Item><Paragraphe>Être remboursé de vos dépenses de santé (frais médicaux, pharmaceutiques, dentaires, d'hospitalisation et d'analyse et d'examens de laboratoire).</Paragraphe></Item></Liste><Paragraphe>Vous pouvez vous adresser en France à un <LienInterne LienPublication="F17042" type="Fiche Question-réponse conditionnée" audience="Particuliers">médecin conventionné</LienInterne> ou à un établissement de soins conventionné ou agréé. Vous bénéficiez des mêmes conditions d'accès aux soins que les assurés français.</Paragraphe><Paragraphe>Suivant le professionnel consulté (médecin libéral, centre de santé mutualiste ou hôpital public par exemple), vous devrez, ou pas, faire l'avance des frais.</Paragraphe></Chapitre><Chapitre><Titre><Paragraphe>Que faire si votre CEAM est refusée ?</Paragraphe></Titre><Paragraphe>Si le médecin ou l'hôpital en France refuse votre CEAM, vous pouvez demander à votre organisme d'assurance maladie d'intervenir.</Paragraphe><Paragraphe>Si votre démarche ne résout pas le problème, vous pouvez demander l'aide de Solvit.</Paragraphe><ServiceEnLigne ID="R35676" URL="https://ec.europa.eu/eu-rights/enquiry-complaint-form/home?languageCode=fr&amp;origin=solvit-web" audience="Particuliers" type="Téléservice"><Titre>Soumettre une plainte à Solvit</Titre><Source ID="R30669">Commission européenne</Source></ServiceEnLigne></Chapitre><Chapitre><Titre><Paragraphe>Comment se faire rembourser du paiement des soins ?</Paragraphe></Titre><Paragraphe>Si vous payez le professionnel, vous pourrez vous faire rembourser une fois de retour dans votre pays, auprès de votre organisme d'affiliation, sur présentation des factures et de vos justificatifs de paiement. Votre organisme vous indiquera la procédure à suivre.</Paragraphe><Paragraphe>Vous pouvez aussi vous faire rembourser en France auprès de la caisse primaire d'assurance maladie du lieu des soins sur présentation de justificatifs (ordonnance médicale, feuille de soins...). Renseignez-vous auprès de la caisse localement compétente.</Paragraphe><OuSAdresser ID="R40" sve="non" type="Local personnalisé sur SP"><Titre>Caisse primaire d'assurance maladie (CPAM)</Titre><PivotLocal>cpam</PivotLocal><RessourceWeb URL="https://www.ameli.fr/assure/adresses-et-contacts"/><Source ID="R30675">Caisse nationale d'assurance maladie (Cnam)</Source></OuSAdresser><ANoter><Titre>À noter</Titre><Paragraphe>Vous pouvez rechercher notamment en fonction de votre lieu de séjour les <LienExterne URL="http://annuairesante.ameli.fr/">professionnels de santé et leurs tarifs</LienExterne>.</Paragraphe><Paragraphe>Les <LienExterne URL="https://www.ameli.fr/assure/remboursements/rembourse">différents taux de remboursement des dépenses de santé peuvent aussi êtres consultés</LienExterne> (une partie des dépenses reste généralement à la charge de l'assuré).</Paragraphe></ANoter></Chapitre><Chapitre><Titre><Paragraphe>Que faire en cas d'oubli de la CEAM ?</Paragraphe></Titre><Paragraphe>Si vous avez oublié votre CEAM, vous pouvez être soigné en France mais vous devez faire l'avance de toutes vos dépenses médicales, y compris vos soins hospitaliers.</Paragraphe><Paragraphe>Une fois de retour dans votre pays, vous pourrez en obtenir le remboursement auprès de votre organisme d'assurance maladie. Gardez-bien les factures et de vos justificatifs de paiement. Ils vous seront demandés.</Paragraphe></Chapitre></Texte></Situation><Situation><Titre>Ressortissant du Royaume-Uni</Titre><Condition><estVrai var="T12799"/></Condition><Introduction><Texte><Paragraphe>Vous êtes ressortissant du Royaume-Uni et souhaitez venir faire un séjour en France ? Vous devez avoir la <MiseEnEvidence>carte globale d’assurance maladie</MiseEnEvidence> émise par le Royaume-Uni. Cette carte remplace la CEAM. Seules les personnes dont la CEAM <MiseEnEvidence>est expirée </MiseEnEvidence>ont besoin de demander cette carte globale d’assurance maladie auprès de leur caisse d'assurance maladie d'affiliation au Royaume-Uni.</Paragraphe></Texte></Introduction><Texte><Chapitre><Titre><Paragraphe>Comment obtenir votre carte globale d'assurance maladie (GHIC en anglais) ?</Paragraphe></Titre><Paragraphe>Vous devez demander la GHIC auprès de votre caisse d'assurance maladie d'affiliation au Royaume-Uni.</Paragraphe><Paragraphe>Cette demande doit être faite <MiseEnEvidence>avant de venir en France</MiseEnEvidence>.</Paragraphe><ASavoir><Titre>À savoir</Titre><Paragraphe>Depuis le 11 janvier 2021, la GHIC a remplacé la CEAM émise par le Royaume-Uni. La CEAM reste valable en France jusqu’à l’expiration de la carte. Seules les personnes dont la CEAM <MiseEnEvidence>est expirée </MiseEnEvidence>ont besoin de demander la carte globale d’assurance maladie.</Paragraphe></ASavoir></Chapitre><Chapitre><Titre><Paragraphe>À quoi sert la carte globale d'assurance maladie (GHIC en anglais) ?</Paragraphe></Titre><Paragraphe>Les prestations en nature couvrent :</Paragraphe><Liste type="puce"><Item><Paragraphe>Les frais médicaux</Paragraphe></Item><Item><Paragraphe>Les frais pharmaceutiques</Paragraphe></Item><Item><Paragraphe>Les frais de soins et prothèses dentaires</Paragraphe></Item><Item><Paragraphe>Les frais d'hospitalisation</Paragraphe></Item><Item><Paragraphe>Les frais d'analyses et d'examens de laboratoire</Paragraphe></Item><Item><Paragraphe>Les frais de transport médical.</Paragraphe></Item></Liste></Chapitre><Chapitre><Titre><Paragraphe>Que faire en cas de perte, vol ou oubli de votre carte ?</Paragraphe></Titre><Paragraphe>Votre caisse d'assurance maladie peut vous délivrer un « certificat provisoire de remplacement » (<Expression>Provisional Replacement Certificate ou PRC</Expression>).</Paragraphe><Paragraphe>Ce certificat, délivré pour une durée de validité limitée, pourra alors être utilisé dans les mêmes conditions que la GHIC.</Paragraphe></Chapitre><Chapitre><Titre><Paragraphe>Comment se faire rembourser les soins de santé ?</Paragraphe></Titre><Paragraphe>La feuille de soins datée, signée, accompagnée de la prescription et d'une copie de votre carte GHIC ou du PRC, doivent être remis à la CPAM du lieu où vous avez reçu vos soins.</Paragraphe><Paragraphe>Vous devrez préciser votre adresse permanente et vos références bancaires (nom de la banque, adresse, code SWIFT, numéro de compte avec code IBAN ou BIC).</Paragraphe><Paragraphe>En règle générale, la caisse d'assurance maladie ne rembourse pas la totalité des dépenses.</Paragraphe><OuSAdresser ID="R40" sve="non" type="Local personnalisé sur SP"><Titre>Caisse primaire d'assurance maladie (CPAM)</Titre><PivotLocal>cpam</PivotLocal><RessourceWeb URL="https://www.ameli.fr/assure/adresses-et-contacts"/><Source ID="R30675">Caisse nationale d'assurance maladie (Cnam)</Source></OuSAdresser><ANoter><Titre>À noter</Titre><Paragraphe>Vous pouvez rechercher notamment en fonction de votre lieu de séjour les <LienExterne URL="http://annuairesante.ameli.fr/">professionnels de santé et leurs tarifs</LienExterne>.</Paragraphe><Paragraphe>Les <LienExterne URL="https://www.ameli.fr/assure/remboursements/rembourse">différents taux de remboursement des dépenses de santé peuvent aussi êtres consultés</LienExterne> (une partie des dépenses reste généralement à la charge de l'assuré).</Paragraphe></ANoter></Chapitre></Texte></Situation><Situation><Titre>Ressortissant d'un autre pays</Titre><Condition><estVrai var="T11723"/></Condition><Texte><Paragraphe>Si vous êtes citoyen d'un pays n'appartenant pas à <LienIntra LienID="R42218" type="Définition de glossaire">l'Espace économique européen</LienIntra> et si vous n'êtes pas ressortissant du Royaume-Uni, vous devez vous mettre en relation avec votre assurance santé de votre pays <MiseEnEvidence>avant de venir en France. </MiseEnEvidence>Ainsi, vous saurez si elle prend en charge les soins à l'étranger et dans quelles conditions.</Paragraphe><Paragraphe>Il peut vous être conseillé de prendre une assurance privée.</Paragraphe></Texte></Situation></ListeSituations><QuiPeutMAider ID="R121" sve="non" type="National"><Titre>Centre des liaisons européennes et internationales de sécurité sociale (Cleiss)</Titre><Texte><Paragraphe>Informations générales sur la sécurité sociale à l'étranger et aide aux démarches des particuliers</Paragraphe><Chapitre><Titre><Paragraphe>Par téléphone</Paragraphe></Titre><Paragraphe><MiseEnEvidence>+33 (0) 1 45 26 33 41</MiseEnEvidence></Paragraphe><Paragraphe>Permanence téléphonique :</Paragraphe><Liste type="puce"><Item><Paragraphe>Le lundi de 9h à 12h30</Paragraphe></Item><Item><Paragraphe>Le mardi de 13h30 à 16h30</Paragraphe></Item><Item><Paragraphe>Le mercredi de 9h à 12h30</Paragraphe></Item><Item><Paragraphe>Le jeudi de 13h30 à 16h30</Paragraphe></Item><Item><Paragraphe>Le vendredi de 13h30 à 16h30</Paragraphe></Item></Liste></Chapitre><Chapitre><Titre><Paragraphe>Par messagerie</Paragraphe></Titre><Paragraphe>Accès au <LienExterne URL="http://www.cleiss.fr/presentation/contact.html">formulaire de contact</LienExterne></Paragraphe></Chapitre><Chapitre><Titre><Paragraphe>Site internet</Paragraphe></Titre><Paragraphe>Accès au <LienExterne URL="https://www.cleiss.fr/">site</LienExterne></Paragraphe></Chapitre></Texte></QuiPeutMAider><ServiceEnLigne ID="R35676" URL="https://ec.europa.eu/eu-rights/enquiry-complaint-form/home?languageCode=fr&amp;origin=solvit-web" audience="Particuliers" type="Téléservice"><Titre>Soumettre une plainte à Solvit</Titre><Source ID="R30669">Commission européenne</Source></ServiceEnLigne><PourEnSavoirPlus type="Information pratique" ID="R15406" URL="http://ec.europa.eu/social/main.jsp?catId=559&amp;langId=fr" audience="Particuliers"><Titre>Carte européenne d'assurance maladie </Titre><Source ID="R30669">Commission européenne</Source></PourEnSavoirPlus><PourEnSavoirPlus type="Information pratique" ID="R12223" URL="https://www.ameli.fr/assure/remboursements/rembourse" audience="Particuliers"><Titre>Ce qui est remboursé</Titre><Source ID="R30675">Caisse nationale d'assurance maladie (Cnam)</Source></PourEnSavoirPlus><PourEnSavoirPlus type="Information pratique" ID="R41392" URL="http://annuairesante.ameli.fr/" audience="Particuliers"><Titre>Annuaire santé - Site Ameli</Titre><Source ID="R30675">Caisse nationale d'assurance maladie (Cnam)</Source></PourEnSavoirPlus><Definition ID="R42218"><Titre>Espace économique européen (EEE)</Titre><Texte><Paragraphe>Allemagne, Autriche, Belgique, Bulgarie, Chypre, Croatie, Danemark, Espagne, Estonie, Finlande, France, Grèce, Hongrie, Irlande, Islande, Italie, Lettonie, Liechtenstein, Lituanie, Luxembourg, Malte, Norvège, Pays-Bas, Pologne, Portugal, République tchèque, Roumanie, Slovaquie, Slovénie, Suède</Paragraphe></Texte></Definition><Definition ID="R13146"><Titre>Ayant droit (pour la Sécurité sociale)</Titre><Texte><Paragraphe>Personne qui tient son droit à l'assurance maladie-maternité du fait de ses liens avec un assuré</Paragraphe></Texte></Definition></Publication>