<?xml version="1.0" encoding="UTF-8"?><Publication xmlns:dc="http://purl.org/dc/elements/1.1/" xmlns:xsi="http://www.w3.org/2001/XMLSchema-instance" ID="F1791" type="Fiche d'information conditionnée" xsi:noNamespaceSchemaLocation="../Schemas/3.4/Publication.xsd" dateDerniereModificationImportante="2020-01-01T00:00:00" spUrl="https://www.service-public.fr/particuliers/vosdroits/F1791"><dc:title>Déroulement d'un procès civil devant le tribunal judiciaire (fusion TGI/TI)</dc:title><dc:creator>Direction de l'information légale et administrative</dc:creator><dc:subject>Justice</dc:subject><dc:description>Vous avez un procès civil en cours devant le tribunal judiciaire et vous vous demandez comment va se dérouler cette procédure ?Nous vous présentons les 2 procédures. Pour celle où l'avocat est obligatoire, on parle de procédure écrite. Pour celle où l'avocat n'est pas obligatoire, on parle alors de procédure orale.</dc:description><dc:publisher>Direction de l'information légale et administrative</dc:publisher><dc:contributor>Direction de l'information légale et administrative (Premier ministre)</dc:contributor><dc:date>modified 2023-11-02</dc:date><dc:type>Fiche pratique</dc:type><dc:format>text/xml</dc:format><dc:identifier>F1791</dc:identifier><dc:source>https://www.legifrance.gouv.fr/codes/article_lc/LEGIARTI000039623523, https://www.legifrance.gouv.fr/codes/section_lc/LEGITEXT000006070716/LEGISCTA000006149694/, https://www.legifrance.gouv.fr/codes/article_lc/LEGIARTI000039726277, https://www.legifrance.gouv.fr/codes/id/LEGISCTA000006117236/, https://www.legifrance.gouv.fr/codes/article_lc/LEGIARTI000039623464/, https://www.legifrance.gouv.fr/codes/article_lc/LEGIARTI000042597306, https://www.legifrance.gouv.fr/codes/section_lc/LEGITEXT000006070716/LEGISCTA000006135912/, https://www.legifrance.gouv.fr/codes/section_lc/LEGITEXT000006070716/LEGISCTA000006149699, https://www.legifrance.gouv.fr/codes/section_lc/LEGITEXT000006070716/LEGISCTA000039487417, https://www.legifrance.gouv.fr/codes/section_lc/LEGITEXT000006070716/LEGISCTA000006117246/, https://www.legifrance.gouv.fr/codes/section_lc/LEGITEXT000006070716/LEGISCTA000039487752/, https://www.legifrance.gouv.fr/codes/id/LEGISCTA000039499622/, https://www.legifrance.gouv.fr/codes/section_lc/LEGITEXT000006070716/LEGISCTA000022878345/, https://www.legifrance.gouv.fr/codes/section_lc/LEGITEXT000006070716/LEGISCTA000022878523/, https://www.legifrance.gouv.fr/codes/article_lc/LEGIARTI000039280016, https://www.legifrance.gouv.fr/codes/section_lc/LEGITEXT000006070716/LEGISCTA000006135868/, https://www.legifrance.gouv.fr/codes/section_lc/LEGITEXT000006070716/LEGISCTA000006165197/, https://www.legifrance.gouv.fr/codes/section_lc/LEGITEXT000006070716/LEGISCTA000006165201, https://www.legifrance.gouv.fr/codes/section_lc/LEGITEXT000006070716/LEGISCTA000006135900/, https://www.legifrance.gouv.fr/codes/section_lc/LEGITEXT000006070716/LEGISCTA000006135893/, https://www.legifrance.gouv.fr/codes/id/LEGISCTA000006135894/, https://www.legifrance.gouv.fr/codes/section_lc/LEGITEXT000006070716/LEGISCTA000006181689/, https://www.legifrance.gouv.fr/codes/id/LEGISCTA000006149678/, https://www.legifrance.gouv.fr/codes/id/LEGISCTA000006165210/</dc:source><dc:language>Fr</dc:language><dc:relation>isPartOf N269</dc:relation><dc:coverage>France entière</dc:coverage><dc:rights>https://www.service-public.fr/a-propos/mentions-legales</dc:rights><SurTitre>Fiche pratique</SurTitre><Audience>Particuliers</Audience><Canal>www.service-public.fr</Canal><FilDAriane><Niveau ID="Particuliers">Accueil particuliers</Niveau><Niveau ID="N19807">Justice</Niveau><Niveau ID="N269">Affaire civile</Niveau><Niveau ID="F1791" type="Fiche d'information conditionnée">Déroulement d'un procès civil devant le tribunal judiciaire (fusion TGI/TI)</Niveau></FilDAriane><Theme ID="N19807"><Titre>Justice</Titre></Theme><SousThemePere ID="N271">Procédures judiciaires</SousThemePere><DossierPere ID="N269"><Titre>Affaire civile</Titre><SousDossier ID="N269-1"><Titre>Alternatives à un procès civil</Titre><Fiche ID="F1732">Accord à l'amiable</Fiche><Fiche ID="F1741">Requête conjointe devant un tribunal civil</Fiche></SousDossier><SousDossier ID="N269-2"><Titre>Saisir un tribunal civil</Titre><Fiche ID="F20851">Saisir le tribunal judiciaire</Fiche><Fiche ID="F1783">Saisir le juge des contentieux de la protection</Fiche><Fiche ID="F35125">Saisir le tribunal de proximité</Fiche><Fiche ID="F35820">Saisir le juge de l'exécution</Fiche></SousDossier><SousDossier ID="N269-3"><Titre>Déroulement d'une affaire</Titre><Fiche ID="F1789">Devant le tribunal de proximité</Fiche><Fiche ID="F1791">Devant le tribunal judiciaire</Fiche><Fiche ID="F1792">Devant le tribunal de commerce</Fiche><Fiche ID="F1793">Devant le tribunal paritaire des baux ruraux</Fiche></SousDossier><SousDossier ID="N269-4"><Titre>Mesures prononcées par le tribunal</Titre><Fiche ID="F1787">Injonction de faire</Fiche><Fiche ID="F1746">Recouvrement de dettes en France : injonction de payer et procédure simplifiée</Fiche><Fiche ID="F36027">Recouvrement de dette en Europe : injonction de payer et règlement des petits litiges</Fiche><Fiche ID="F1780">Exécution d'une décision du juge civil </Fiche></SousDossier></DossierPere><SousDossierPere>Déroulement d'une affaire</SousDossierPere><Introduction><Texte><Paragraphe>Vous avez un procès civil en cours devant le tribunal judiciaire et vous vous demandez comment va se dérouler cette procédure ?Nous vous présentons les 2 procédures. Pour celle où l'avocat est obligatoire, on parle de <MiseEnEvidence>procédure écrite</MiseEnEvidence>. Pour celle où l'avocat n'est pas obligatoire, on parle alors de<MiseEnEvidence> procédure orale</MiseEnEvidence>.</Paragraphe></Texte></Introduction><Texte><Paragraphe>Devant le tribunal judiciaire, les <LienIntra LienID="R64439" type="Définition de glossaire">parties</LienIntra> au procès doivent obligatoirement être représentées par un avocat <LienInterne LienPublication="F35132" type="Fiche Question-réponse conditionnée" audience="Particuliers">sauf dans certains cas</LienInterne>.</Paragraphe></Texte><ListeSituations affichage="onglet"><Situation><Titre>Procédure écrite</Titre><Texte><Paragraphe>Vous devez être assisté du début à la fin de la procédure par un avocat.</Paragraphe><Chapitre><Titre><Paragraphe>Comment saisir le tribunal judiciaire pour un litige civil ?</Paragraphe></Titre><Paragraphe>Si vous souhaitez saisir le <LienInterne LienPublication="F20851" type="Fiche d'information conditionnée" audience="Particuliers">tribunal judiciaire,</LienInterne> vous êtes le <LienIntra LienID="R31718" type="Définition de glossaire">demandeur</LienIntra>. Pour saisir le tribunal, vous devez <MiseEnEvidence>faire délivrer une <LienIntra LienID="R12538" type="Définition de glossaire">assignation</LienIntra> en justice</MiseEnEvidence> par un commissaire de justice (anciennement huissier de justice).</Paragraphe><Paragraphe>Si vous êtes le destinataire d'une assignation, vous êtes le <LienIntra LienID="R31717" type="Définition de glossaire">défendeur</LienIntra> à la procédure. Vous devez obligatoirement <MiseEnEvidence>prendre un <LienInterne LienPublication="F2153" type="Fiche d'information conditionnée" audience="Particuliers">avocat</LienInterne> dans un délai de<MiseEnEvidence/></MiseEnEvidence><MiseEnEvidence>15 jours</MiseEnEvidence> si vous voulez prendre part à la procédure.</Paragraphe><ASavoir><Titre>À savoir</Titre><Paragraphe>Il peut y avoir plusieurs demandeurs et plusieurs défendeurs dans une procédure.</Paragraphe></ASavoir></Chapitre><Chapitre><Titre><Paragraphe>Comment préparer un dossier civil avant le jugement par le tribunal judiciaire ?</Paragraphe></Titre><Paragraphe>Vous et votre adversaire devez préparer votre dossier pour qu'il puisse être jugé. Lors de cette préparation du dossier, c'est uniquement <MiseEnEvidence>votre avocat qui doit assurer la communication avec le tribunal et votre adversaire</MiseEnEvidence>.</Paragraphe><Paragraphe>La période de préparation du dossier s'appelle la <Expression><MiseEnEvidence>mise en état</MiseEnEvidence></Expression>.</Paragraphe><Paragraphe>Lors de cette période, les avocats doivent présenter leurs<MiseEnEvidence> demandes et leurs arguments</MiseEnEvidence> (appelées <Expression>moyens</Expression>) dans un écrit nommé <LienIntra LienID="R61996" type="Définition de glossaire">conclusions</LienIntra>. Les conclusions doivent être accompagnées des pièces justificatives.</Paragraphe><Paragraphe>L'assignation en justice constitue les premières conclusions du demandeur. Ensuite, les conclusions sont préparées à tour de rôle par vous et votre adversaire.</Paragraphe><Paragraphe>Au début de la mise en état c'est au défendeur de répondre à l'assignation en préparant ses premières conclusions.</Paragraphe><Paragraphe>Vous et votre adversaire devez vous échanger tous vos documents et les transmettre au tribunal : <MiseEnEvidence>c'est le principe du <LienIntra LienID="R45502" type="Définition de glossaire">contradictoire</LienIntra>.</MiseEnEvidence> Toutes <MiseEnEvidence>les pièces et conclusions sont communiquées électroniquement, par les avocats</MiseEnEvidence>, au <LienIntra LienID="R12700" type="Définition de glossaire">greffe</LienIntra> du tribunal.</Paragraphe><Paragraphe>Un juge, appelé <MiseEnEvidence><Expression>juge de la mise en état</Expression></MiseEnEvidence><Expression/>, a pour rôle de veiller au bon déroulement de votre procédure. Il effectue le contrôle du dossier lors des <MiseEnEvidence>audiences de mise en état</MiseEnEvidence>.</Paragraphe><Paragraphe>Les audiences de mise en état se tiennent régulièrement jusqu'à ce que le dossier soit prêt à être jugé. Elles se déroulent <MiseEnEvidence>de façon virtuelle</MiseEnEvidence>, vous n'avez pas à vous présenter au tribunal.</Paragraphe><Paragraphe>Lors des audiences de mise en état, <MiseEnEvidence>le juge contrôle que l'échange des conclusions et des pièces</MiseEnEvidence> entre vous et votre adversaire ait bien lieu <MiseEnEvidence>dans les délais qu'il fixe</MiseEnEvidence>. Il peut par exemple imposer à une partie de fournir ses conclusions dans un délai fixé, clôturer l'affaire sans les conclusions d'une partie ou radier l'affaire en cas de non respect de ses demandes.</Paragraphe><ANoter><Titre>À noter</Titre><Paragraphe>vous avez la possibilité de formuler certaines demandes au juge de la mise en état. Vous pouvez par exemple solliciter une expertise ou encore demander que le juge impose à la partie adverse de fournir certaines documents.</Paragraphe></ANoter><Paragraphe>La durée de la mise en état dépend du nombre de conclusions que vous échangez avec votre adversaire, du respect du calendrier fixé par le juge de la mise en état, de la nature et de la difficulté de votre affaire.</Paragraphe><ASavoir><Titre>À savoir</Titre><Paragraphe>vous pouvez décider de mettre en état votre dossier sans intervention d'un juge de la mise en état. Pour cela, votre adversaire et vous devez signer avec vos avocats une convention de <Expression>procédure participative</Expression>. Cette convention comprend des engagements et des garanties réciproques et a pour but de mettre le dossier en état d'être plaidé.</Paragraphe></ASavoir><Paragraphe>Une fois le dossier complet, <MiseEnEvidence>le juge de la mise en état</MiseEnEvidence> <MiseEnEvidence>clôture les échanges</MiseEnEvidence> et fixe la date d'audience de votre affaire.</Paragraphe><Paragraphe>L'audience lors de laquelle votre affaire est jugée s'appelle <MiseEnEvidence>audience de plaidoiries</MiseEnEvidence>.</Paragraphe><Paragraphe>Vous ne pouvez pas fournir de nouvelles conclusions ou de nouvelles pièces après la date de clôture de la mise en état.</Paragraphe><Paragraphe>En cas d'accord avec votre adversaire, vous pouvez demander au juge que la procédure se déroule sans audience de plaidoiries.</Paragraphe><ASavoir><Titre>À savoir</Titre><Paragraphe>à tout moment de la procédure, vous pouvez tenter une <LienInterne LienPublication="F1822" type="Fiche d'information conditionnée" audience="Particuliers">médiation</LienInterne> ou une <LienInterne LienPublication="F1736" type="Fiche d'information conditionnée" audience="Particuliers">conciliation</LienInterne>. Si vous êtes demandeur, vous pouvez également vous désister, c'est-à-dire demander à mettre fin au procès.</Paragraphe></ASavoir><Paragraphe>De même, pour les <MiseEnEvidence>procédures introduites à partir du 1<Exposant>er</Exposant> novembre 2023</MiseEnEvidence>, vous pouvez tenter un règlement amiable du litige.</Paragraphe><Paragraphe>Le juge décide, à votre demande ou d'office, après avoir recueilli votre avis, de vous convoquer une <LienInterne LienPublication="R65878" type="Sigle">ARA</LienInterne>.</Paragraphe><Paragraphe>Le juge tient le rôle de conciliateur dans cette procédure.</Paragraphe><Paragraphe>L'audience de règlement amiable est tenue par un juge autre que celui saisi du litige.</Paragraphe><Paragraphe>Vous devez <MiseEnEvidence>comparaître en personne</MiseEnEvidence> et être <MiseEnEvidence>assisté par un avocat</MiseEnEvidence>.</Paragraphe><Paragraphe>Sauf accord entre vous, tout ce qui se dit, écrit ou fait au cours de l'audience est <MiseEnEvidence>confidentiel</MiseEnEvidence>.</Paragraphe><Paragraphe>Vous pouvez demander au juge de l'<LienInterne LienPublication="R65878" type="Sigle">ARA</LienInterne> de constater votre accord (partiel ou total). Le procès-verbal d'accord est transmis au juge saisi du litige à la fin de l'<LienInterne LienPublication="R65878" type="Sigle">ARA</LienInterne>.</Paragraphe></Chapitre><Chapitre><Titre><Paragraphe>Comment l'audience civile se déroule-t-elle au tribunal judiciaire ?</Paragraphe></Titre><Paragraphe>Le jour de l'audience, vous devez être représenté par votre avocat. C'est également le cas pour votre adversaire.</Paragraphe><Paragraphe>La procédure étant écrite, <MiseEnEvidence>votre avocat</MiseEnEvidence><MiseEnEvidence>peut plaider ou simplement déposer son dossier</MiseEnEvidence> sans plaider.</Paragraphe><Paragraphe>Vous avez le droit d'assister à l'audience de plaidoiries mais votre présence n'est pas obligatoire.</Paragraphe><Paragraphe>À la fin de l'audience, le juge donne la <MiseEnEvidence>date du délibéré</MiseEnEvidence><Expression/>, c'est-à-dire la <MiseEnEvidence>date à laquelle le jugement est rendu</MiseEnEvidence>.</Paragraphe><Paragraphe>Si le juge décide de rendre le jugement à une autre date que celle annoncée au départ, il doit adresser un avis à votre avocat indiquant la nouvelle date et les motifs du report.</Paragraphe><Paragraphe>Durant l'attente du délibéré, <MiseEnEvidence>vous ne pouvez plus déposer d'observation</MiseEnEvidence>. Vous pouvez déposer de nouvelles observations uniquement si le juge vous a invité à le faire afin d'éclaircir un point du dossier ou si les débats sont rouverts.</Paragraphe></Chapitre><Chapitre><Titre><Paragraphe>Comment le tribunal judiciaire rend-il sa décision dans un litige civil ?</Paragraphe></Titre><Paragraphe>Le tribunal rend sa décision sous la forme d'un <MiseEnEvidence>jugement</MiseEnEvidence>.</Paragraphe><Paragraphe>Le jour du délibéré, le jugement est <MiseEnEvidence><Expression>mis à disposition au greffe</Expression></MiseEnEvidence>, c'est-à-dire que les parties peuvent le consulter au tribunal avec une pièce d'identité. Plus rarement, le jugement est prononcé oralement à l'audience le jour du délibéré.</Paragraphe><Paragraphe>Le jugement doit répondre à l'ensemble des demandes, les vôtres et de celles de votre adversaire.</Paragraphe><Paragraphe>Le jugement statue sur les demandes des parties dans le <LienIntra LienID="R58532" type="Définition de glossaire">dispositif</LienIntra>. Avant de donner la solution du litige dans le dispositif, le tribunal doit exposer les <LienIntra LienID="R63467" type="Définition de glossaire">motifs</LienIntra>.</Paragraphe><ASavoir><Titre>À savoir</Titre><Paragraphe>Parfois, le tribunal ne peut pas statuer sur le litige. C'est par exemple le cas si le demandeur a saisi le mauvais tribunal. Dans ce cas, le tribunal rend une <MiseEnEvidence>décision d'incompétence</MiseEnEvidence>. C'est encore le cas si le tribunal rend <MiseEnEvidence>un <Expression>sursis à statuer</Expression></MiseEnEvidence>. <Exposant/>C'est une mesure prononcée par le juge qui provoque une pause dans le procès jusqu'à une date donnée ou l'arrivée d'un événement.</Paragraphe></ASavoir><Paragraphe>Le jugement <LienInterne LienPublication="F1780" type="Fiche d'information conditionnée" audience="Particuliers">peut être exécuté immédiatement</LienInterne> sauf indication contraire donnée dans le dispositif.</Paragraphe></Chapitre><Chapitre><Titre><Paragraphe>Comment contester la décision civile rendue par le tribunal judiciaire ?</Paragraphe></Titre><Paragraphe>Vous pouvez contester le jugement en <LienInterne LienPublication="F1384" type="Fiche d'information conditionnée" audience="Particuliers">faisant appel</LienInterne> dans le délai indiqué dans la <LienIntra LienID="R10915" type="Définition de glossaire">signification</LienIntra>.</Paragraphe><Paragraphe>Si vous constatez une erreur matérielle dans votre décision de justice, vous pouvez déposer une <LienInterne LienPublication="F36655" type="Fiche Question-réponse conditionnée" audience="Particuliers">demande de rectification</LienInterne>. Vous pouvez envisager la même démarche si le juge a oublié de statuer sur une demande d'une des parties au litige.</Paragraphe><ASavoir><Titre>À savoir</Titre><Paragraphe>Si un point du jugement <MiseEnEvidence>est équivoque</MiseEnEvidence>, c'est-à-dire qu'il peut s'interpréter de plusieurs manières, vous pouvez demander au juge <MiseEnEvidence>d'interpréter sa propre décision</MiseEnEvidence> en déposant une <LienIntra LienID="R12542" type="Définition de glossaire">requête</LienIntra>. Vous pouvez faire cette demande uniquement si la décision n'est pas attaquée en <LienIntra LienID="R53896" type="Définition de glossaire">appel</LienIntra>. Le juge se prononce après avoir sollicité l'avis des parties.</Paragraphe></ASavoir></Chapitre></Texte></Situation><Situation><Titre>Procédure orale</Titre><Texte><Paragraphe>Vous pouvez <LienInterne LienPublication="F35603" type="Fiche Question-réponse conditionnée" audience="Particuliers">vous défendre seul</LienInterne> ou bien être assisté par un avocat.</Paragraphe><Chapitre ID="T13461"><Titre><Paragraphe>Comment saisir le tribunal pour un litige civil ?</Paragraphe></Titre><Paragraphe>Si vous souhaitez saisir le <LienInterne LienPublication="F20851" type="Fiche d'information conditionnée" audience="Particuliers">tribunal judiciaire</LienInterne> ou le <LienInterne LienPublication="F35125" type="Fiche d'information conditionnée" audience="Particuliers">tribunal de proximité</LienInterne>, vous êtes le <LienIntra LienID="R31718" type="Définition de glossaire">demandeur</LienIntra>.</Paragraphe><Paragraphe>Selon le litige, vous devez <MiseEnEvidence/>soit faire délivrer une <LienIntra LienID="R12538" type="Définition de glossaire">assignation</LienIntra>, soit transmettre une <LienIntra LienID="R12542" type="Définition de glossaire">requête</LienIntra>.</Paragraphe><Attention><Titre>Attention</Titre><Paragraphe>Vous devez saisir le tribunal en respectant impérativement les règles de procédure. Par exemple, si vous envoyez une requête alors qu'une assignation est nécessaire, votre affaire ne peut pas être jugée.</Paragraphe></Attention><Paragraphe>Si vous recevez une convocation du greffe ou si vous êtes le destinataire d'une assignation, vous êtes le <LienIntra LienID="R31717" type="Définition de glossaire">défendeur</LienIntra> à la procédure.</Paragraphe></Chapitre><Chapitre ID="T13460"><Titre><Paragraphe>Comment préparer votre dossier avant l'audience ?</Paragraphe></Titre><Paragraphe>La procédure étant orale, le procès s'articule <MiseEnEvidence>autour d'une audience</MiseEnEvidence>.<MiseEnEvidence/></Paragraphe><Paragraphe><MiseEnEvidence/>Si le tribunal est saisie par requête, vous êtes convoqué pour cette audience, tout comme votre adversaire. Autrement, la date de l'audience figure dans l'assignation en justice.</Paragraphe><SousChapitre><Titre><Paragraphe>Que se passe t-il avant l'audience ?</Paragraphe></Titre><Paragraphe>Afin de respecter <Expression>le principe du contradictoire</Expression>, <MiseEnEvidence>vous </MiseEnEvidence><MiseEnEvidence>devez communiquer vos pièces et vos demandes à votre adversaire</MiseEnEvidence>. Si votre adversaire prend un avocat, c'est à lui que vous devez les envoyer.</Paragraphe><Paragraphe>Votre adversaire doit faire de même.</Paragraphe><Attention><Titre>Attention</Titre><Paragraphe>Vous ne devez pas communiquer vos pièces à votre adversaire à la dernière minute. Si vos pièces sont communiquées trop tardivement à votre adversaire, le juge pourra refuser de les prendre en compte.</Paragraphe></Attention><Paragraphe>Les pièces que vous souhaitez utiliser doivent également être transmises au tribunal avant l'audience ou au plus tard le jour de l'audience.</Paragraphe><Paragraphe>Vous pouvez <MiseEnEvidence>tenter de vous mettre d'accord </MiseEnEvidence>avec votre adversaire même si le tribunal est saisi. La <LienInterne LienPublication="F1732" type="Fiche d'information conditionnée" audience="Particuliers">tentative de conciliation</LienInterne> peut avoir lieu à tout moment de la procédure.</Paragraphe></SousChapitre><SousChapitre><Titre><Paragraphe>Comment se faire assister ou représenter pour l'audience ?</Paragraphe></Titre><Paragraphe>Vous pouvez vous <MiseEnEvidence>présenter en personne à l'audience</MiseEnEvidence>, éventuellement <MiseEnEvidence>assisté par un avocat</MiseEnEvidence>.</Paragraphe><Paragraphe>Si vous êtes absent, vous pouvez vous faire représenter <MiseEnEvidence/>par un avocat.</Paragraphe><OuSAdresser ID="R14218" sve="non" type="Local personnalisable"><Titre>Avocat</Titre><PivotLocal>avocat_conseil_national</PivotLocal><RessourceWeb URL="https://www.cnb.avocat.fr/annuaire-des-avocats-de-france"/><Source ID="R30762">Conseil national des barreaux</Source></OuSAdresser><Paragraphe>Vous pouvez également vous faire <MiseEnEvidence>représenter par un tiers</MiseEnEvidence> (une autre personne).</Paragraphe><Paragraphe>Si vous souhaitez vous faire représenter à l'audience par une autre personne, vous pouvez lui donner un <Expression><MiseEnEvidence>pouvoir</MiseEnEvidence></Expression>.</Paragraphe><Paragraphe>Le pouvoir est un <MiseEnEvidence>document écrit</MiseEnEvidence> qui permet à la personne désignée de se présenter à l'audience et de prendre la parole à votre place et en votre nom.</Paragraphe><Paragraphe>Vous pouvez rédiger un pouvoir en désignant une des personnes suivantes :</Paragraphe><Liste type="puce"><Item><Paragraphe>Personne avec qui vous <LienIntra LienID="R42442" type="Définition de glossaire">vivez en couple</LienIntra></Paragraphe></Item><Item><Paragraphe>Votre père ou votre mère</Paragraphe></Item><Item><Paragraphe>Votre enfant</Paragraphe></Item><Item><Paragraphe>Votre frère ou votre sœur</Paragraphe></Item><Item><Paragraphe>Votre neveu ou votre nièce</Paragraphe></Item><Item><Paragraphe>Votre tante ou votre oncle</Paragraphe></Item><Item><Paragraphe>Personne attachée à votre service personnel ou à votre entreprise (le juriste de l'entreprise ou un employé de maison par exemple)</Paragraphe></Item></Liste><Paragraphe>Le représentant désigné doit être <MiseEnEvidence>majeur</MiseEnEvidence>. Il doit se présenter à l'audience avec le <MiseEnEvidence>pouvoir</MiseEnEvidence> et une <MiseEnEvidence>pièce d'identité</MiseEnEvidence>.</Paragraphe><Paragraphe>Vous pouvez utiliser un modèle pour rédiger un pouvoir :</Paragraphe><ServiceEnLigne ID="R58727" audience="Particuliers" type="Modèle de document"><Titre>Modèle de pouvoir de représentation en justice</Titre><Source ID="R30608">Direction de l'information légale et administrative (Dila) - Premier ministre</Source></ServiceEnLigne></SousChapitre><SousChapitre><Titre><Paragraphe>Comment demander une procédure sans audience ?</Paragraphe></Titre><Paragraphe>L'audience n'est pas obligatoire <MiseEnEvidence>si vous donnez votre accord</MiseEnEvidence> pour que la procédure se déroule sans audience. Votre adversaire doit faire de même.</Paragraphe><Paragraphe>Le formulaire cerfa n°16037 permet de donner son consentement pour une procédure sans audience :</Paragraphe><ServiceEnLigne ID="R55312" URL="https://www.formulaires.service-public.fr/gf/cerfa_16037.do" audience="Particuliers" format="application/pdf" poids="85.4 KB" numerocerfa="16037*01" type="Formulaire"><Titre>Consentement au déroulement de la procédure sans audience - Procédure orale devant le tribunal judiciaire ou le juge des contentieux de la protection</Titre><Source ID="R30663">Ministère chargé de la justice</Source><NoticeLiee ID="R55314" URL="https://www.formulaires.service-public.fr/gf/getNotice.do?cerfaNotice=52301&amp;cerfaFormulaire=16037" type="Notice" numerocerfa="52301#01" format="application/pdf" poids="71.8 KB">Notice - Consentement au déroulement de la procédure sans audience</NoticeLiee></ServiceEnLigne><Paragraphe>Si la procédure se déroule sans audience, vous devez <MiseEnEvidence>exposer par écrit vos demandes et arguments</MiseEnEvidence>.</Paragraphe><Paragraphe>Le juge peut toutefois décider de tenir une audience s'il estime que c'est nécessaire ou si l'une des parties en fait la demande.</Paragraphe></SousChapitre></Chapitre><Chapitre ID="T13485"><Titre><Paragraphe>Comment l'audience civile se déroule-t-elle ?</Paragraphe></Titre><Paragraphe>Si votre affaire n'est pas renvoyée à une prochaine audience, elle peut être traitée lors d'un <LienIntra LienID="R45502" type="Définition de glossaire">débat contradictoire</LienIntra>.</Paragraphe><Paragraphe>Le tribunal doit parfois se prononcer sur sa compétence matérielle ou territoriale avant de traiter le litige.</Paragraphe><SousChapitre><Titre><Paragraphe>Quelles sont les conséquences d'une absence à l'audience ?</Paragraphe></Titre><Paragraphe>Votre absence à l'audience à des conséquences différentes si vous êtes le demandeur ou le défendeur.</Paragraphe><BlocCas affichage="radio"><Cas><Titre>Vous êtes le demandeur</Titre><Paragraphe>Si vous êtes absent et non représenté, le juge peut prononcer la <Expression>caducité</Expression> de l'affaire. Cette décision a pour conséquence de <MiseEnEvidence>mettre fin à la procédure</MiseEnEvidence>.</Paragraphe><Paragraphe>Si vous êtes dispensé de comparaître, l'affaire peut être renvoyée à une autre date ou jugée en votre absence.</Paragraphe></Cas><Cas><Titre>Vous êtes le défendeur</Titre><Paragraphe>Le procès peut se tenir si vous vous faites <MiseEnEvidence>représenter par un avocat ou un tiers muni d'un pouvoir</MiseEnEvidence>.</Paragraphe><Paragraphe>Le procès peut également avoir lieu si vous êtes absent et non représenté mais <MiseEnEvidence>à la condition que votre convocation soit régulière</MiseEnEvidence>. Dans ce cas, le juge doit pouvoir vérifier que vous avez bien été informé de l'existence du procès (convocation par LRAR ou par commissaire de justice).</Paragraphe><Paragraphe>Le juge peut reporter le procès à une autre date si vous déposez une demande de report que le juge considére comme légitime. Il peut également reporter l'audience s'il estime que votre présence est nécessaire.</Paragraphe></Cas></BlocCas></SousChapitre><SousChapitre><Titre><Paragraphe>Peut-on demander le renvoi de l'affaire à une autre audience ?</Paragraphe></Titre><Paragraphe>Vous pouvez demander au juge d'accorder un <Expression/><MiseEnEvidence><Expression>renvoi</Expression></MiseEnEvidence> pour que l'affaire soit traitée à une prochaine audience.</Paragraphe><Paragraphe>Cette demande <MiseEnEvidence>doit être justifiée</MiseEnEvidence> <MiseEnEvidence/>(délai trop court pour préparer votre défense, demande d'aide juridictionnelle en cours de traitement ...).</Paragraphe><Paragraphe>Le juge peut accepter votre demande <MiseEnEvidence>s'il estime que le motif est légitime</MiseEnEvidence> (il doit être grave et justifié). Dans ce cas, le juge fixe la date de la prochaine audience. Il peut aussi refuser votre demande : dans ce cas, l'affaire est examinée le jour-même.</Paragraphe><Paragraphe>En cas de renvoi, notamment si c'est votre adversaire qui l'a demandé, vous pouvez demander au juge d'être dispensé de vous présenter à la prochaine audience.</Paragraphe></SousChapitre><SousChapitre><Titre><Paragraphe>Le tribunal peut-il se déclarer territorialement ou matériellement incompétent ?</Paragraphe></Titre><Paragraphe><MiseEnEvidence>Avant d'évoquer le litige en lui-même</MiseEnEvidence>, vous pouvez évoquer la question de la compétence matérielle ou territoriale du tribunal qui a été chargé de l'affaire. Le juge peut également soulever cette question.</Paragraphe><Paragraphe>Le tribunal peut se déclarer <Expression>incompétent</Expression> pour juger l'affaire dans les cas suivants :</Paragraphe><Liste type="puce"><Item><Paragraphe>Contentieux relevant de la <MiseEnEvidence>compétence d'un autre juge</MiseEnEvidence> (par exemple, un contentieux du juge aux affaires familiales)</Paragraphe></Item><Item><Paragraphe>Contentieux relevant de la <MiseEnEvidence>compétence d'un autre tribunal</MiseEnEvidence> (par exemple du conseil de prud'hommes)</Paragraphe></Item><Item><Paragraphe>Contentieux relevant d'un <MiseEnEvidence>tribunal situé dans une autre ville</MiseEnEvidence></Paragraphe></Item></Liste></SousChapitre><SousChapitre><Titre><Paragraphe>Comment les débats se déroulent-ils ?</Paragraphe></Titre><Paragraphe>Les <MiseEnEvidence>débats</MiseEnEvidence> permettent à votre adversaire et à vous <MiseEnEvidence>de présenter oralement vos demandes et </MiseEnEvidence><MiseEnEvidence>vos arguments</MiseEnEvidence> concernant le litige qui vous oppose.</Paragraphe><Paragraphe>Le <MiseEnEvidence>juge qui préside l'audience organise la tenue des débats</MiseEnEvidence>.</Paragraphe><Paragraphe>Il donne la parole, en premier lieu au <LienIntra LienID="R31718" type="Définition de glossaire">demandeur</LienIntra>, puis dans un deuxième temps au <LienIntra LienID="R31717" type="Définition de glossaire">défendeur</LienIntra>.</Paragraphe><Paragraphe>Si vous souhaitez apporter des explications supplémentaires après votre tour, vous pouvez demander au juge à reprendre la parole.</Paragraphe><Paragraphe>Le juge peut demander à l'une ou l'autre des parties des précisions.</Paragraphe><Paragraphe>Il peut aussi <LienInterne LienPublication="F1538" type="Fiche Question-réponse conditionnée" audience="Particuliers">auditionner des témoins</LienInterne>.</Paragraphe><Paragraphe>Les échanges lors des débats sont consignés par le greffier dans une note d'audience consultable auprès du <LienIntra LienID="R12700" type="Définition de glossaire">greffe</LienIntra>.</Paragraphe><Paragraphe>Si le juge considère que l'affaire nécessite d'autres débats ou la recherche d'informations complémentaires (par exemple, une expertise ou un déplacement sur les lieux), il peut renvoyer l'affaire à une autre date.</Paragraphe><ANoter><Titre>À noter</Titre><Paragraphe>à tout moment, si le juge constate qu'un accord peut être trouvé, il peut désigner un <LienInterne LienPublication="F1736" type="Fiche d'information conditionnée" audience="Particuliers">conciliateur de justice</LienInterne> ou un <LienInterne LienPublication="F1822" type="Fiche d'information conditionnée" audience="Particuliers">médiateur civil</LienInterne>. Si la conciliation a échoué, les débats peuvent reprendre.</Paragraphe></ANoter><Paragraphe>Une fois que les parties se sont exprimées, le juge clôt les débats. <MiseEnEvidence>Aucune demande ou aucun argument ne peut être pris(e) en compte après la clôture des débats</MiseEnEvidence>. Toutefois, le juge peut l'autoriser.</Paragraphe><Paragraphe>Le juge donne la date du <Expression>délibéré</Expression>, c'est-à-dire la date à laquelle le jugement est rendu.</Paragraphe></SousChapitre></Chapitre><Chapitre ID="T13486"><Titre><Paragraphe>Comment le tribunal rend-il sa décision dans un litige civil ?</Paragraphe></Titre><Paragraphe>Le jour du délibéré, le jugement est <Expression/><MiseEnEvidence><Expression>mis à disposition au greffe</Expression></MiseEnEvidence>, c'est-à-dire que vous pouvez aller le consulter au tribunal avec votre pièce d'identité.</Paragraphe><Paragraphe>Plus rarement, le jugement peut être prononcé oralement lors d'une audience.</Paragraphe><Paragraphe>Dans tous les cas, une copie du jugement vous est ensuite adressée.</Paragraphe><Paragraphe>La décision peut être <LienIntra LienID="R14732" type="Définition de glossaire">notifiée</LienIntra> aux parties <MiseEnEvidence>par le <LienIntra LienID="R12700" type="Définition de glossaire">greffe</LienIntra> par lettre recommandée avec accusé de réception</MiseEnEvidence>.</Paragraphe><Paragraphe>Si ce n'est pas le cas, la décision doit être <LienIntra LienID="R10915" type="Définition de glossaire"/><MiseEnEvidence><LienIntra LienID="R10915" type="Définition de glossaire">signifiée</LienIntra> par un commissaire de justice </MiseEnEvidence>(anciennement huissier de justice). Cette signification est généralement effectuée par la partie qui a un intérêt à faire exécuter la décision (celle qui a gagné le procès).</Paragraphe><ASavoir><Titre>À savoir</Titre><Paragraphe>la <MiseEnEvidence><LienInterne LienPublication="F1780" type="Fiche d'information conditionnée" audience="Particuliers">décision du juge est exécutoire immédiatement</LienInterne>, même en cas de recours</MiseEnEvidence>, sauf si la loi ou le juge en décide autrement.</Paragraphe></ASavoir></Chapitre><Chapitre ID="T13487"><Titre><Paragraphe>Comment contester la décision civile rendue par le tribunal ?</Paragraphe></Titre><Paragraphe>Le recours que vous pouvez faire <MiseEnEvidence>est indiqué dans la <LienIntra LienID="R14732" type="Définition de glossaire"/><LienIntra LienID="R14732" type="Définition de glossaire">notification</LienIntra> du greffe ou du commissaire de justice</MiseEnEvidence> (anciennement huissier de justice).</Paragraphe><Paragraphe>Vous pouvez également <MiseEnEvidence>déduire le recours possible en regardant la rédaction du jugement</MiseEnEvidence>. Dans le <LienIntra LienID="R58532" type="Définition de glossaire">dispositif</LienIntra> de la décision, vous pouvez lire que votre jugement est soit rendu en premier ressort, soit rendu en dernier ressort, soit rendu par défaut.</Paragraphe><BlocCas affichage="radio"><Cas><Titre>Jugement rendu en premier ressort</Titre><Paragraphe>Vous pouvez contester en <LienInterne LienPublication="F1384" type="Fiche d'information conditionnée" audience="Particuliers">faisant appel</LienInterne>.</Paragraphe></Cas><Cas><Titre>Jugement rendu en dernier ressort</Titre><Paragraphe>Vous pouvez contester en déposant un <LienInterne LienPublication="F1382" type="Fiche d'information conditionnée" audience="Particuliers">pourvoi en cassation</LienInterne>.</Paragraphe></Cas><Cas><Titre>Jugement rendu par défaut</Titre><Paragraphe>Vous pouvez contester la décision en formant <LienInterne LienPublication="F1386" type="Fiche d'information conditionnée" audience="Particuliers">opposition</LienInterne>.</Paragraphe></Cas></BlocCas><Attention><Titre>Attention</Titre><Paragraphe>Le <MiseEnEvidence>délai pour contester</MiseEnEvidence> commence à partir de la <LienIntra LienID="R10915" type="Définition de glossaire">signification</LienIntra>, de sa notification par le greffe du tribunal ou de la lecture de la décision en audience publique.</Paragraphe></Attention><Paragraphe>Si vous constatez une erreur matérielle dans votre décision de justice, vous pouvez déposer une <LienInterne LienPublication="F36655" type="Fiche Question-réponse conditionnée" audience="Particuliers">demande de rectification</LienInterne>. Vous pouvez envisager la même démarche si le juge a oublié de statuer sur une demande d'une des parties au litige.</Paragraphe><ASavoir><Titre>À savoir</Titre><Paragraphe>Si un point du jugement <MiseEnEvidence>est équivoque</MiseEnEvidence>, c'est-à-dire s'il peut s'interpréter de plusieurs manières, vous pouvez demander au juge <MiseEnEvidence>d'interpréter sa propre décision</MiseEnEvidence> en déposant une <LienIntra LienID="R12542" type="Définition de glossaire">requête</LienIntra>. Vous pouvez faire cette demande uniquement si la décision n'est pas attaquée en <LienIntra LienID="R53896" type="Définition de glossaire">appel</LienIntra>. Le juge se prononce après avoir sollicité l'avis des parties.</Paragraphe></ASavoir></Chapitre></Texte></Situation></ListeSituations><VoirAussi important="non"><Fiche ID="F20851" audience="Particuliers"><Titre>Saisir le tribunal judiciaire (anciens tribunaux d'instance/de grande instance)</Titre><Theme ID="N19807"><Titre>Justice</Titre></Theme></Fiche><Fiche ID="F18074" audience="Particuliers"><Titre>Aide juridictionnelle</Titre><Theme ID="N19807"><Titre>Justice</Titre></Theme></Fiche><Fiche ID="F1732" audience="Particuliers"><Titre>Accord amiable pour éviter un procès civil</Titre><Theme ID="N19807"><Titre>Justice</Titre></Theme></Fiche><Fiche ID="F1780" audience="Particuliers"><Titre>Exécution d'une décision du juge civil </Titre><Theme ID="N19807"><Titre>Justice</Titre></Theme></Fiche><Fiche ID="F1789" audience="Particuliers"><Titre>Déroulement d'un procès civil devant le tribunal de proximité (ex-tribunal d'instance)</Titre><Theme ID="N19807"><Titre>Justice</Titre></Theme></Fiche></VoirAussi><QuiPeutMAider ID="R11621" sve="non" type="Local personnalisé sur SP"><Titre>Maison de justice et du droit</Titre><Complement>Pour s'informer</Complement><PivotLocal>mjd</PivotLocal><RessourceWeb URL="http://www.annuaires.justice.gouv.fr/lieux-dacces-aux-droits-10111/"/><Source ID="R30663">Ministère chargé de la justice</Source></QuiPeutMAider><QuiPeutMAider ID="R14218" sve="non" type="Local personnalisable"><Titre>Avocat</Titre><Complement>Pour se faire assister</Complement><PivotLocal>avocat_conseil_national</PivotLocal><RessourceWeb URL="https://www.cnb.avocat.fr/annuaire-des-avocats-de-france"/><Source ID="R30762">Conseil national des barreaux</Source></QuiPeutMAider><Reference type="Texte de référence" URL="https://www.legifrance.gouv.fr/codes/article_lc/LEGIARTI000039623523" ID="R55099"><Titre>Code de procédure civile : article 750</Titre><Complement>Saisine par assignation ou par requête</Complement></Reference><Reference type="Texte de référence" URL="https://www.legifrance.gouv.fr/codes/section_lc/LEGITEXT000006070716/LEGISCTA000006149694/" ID="R55523"><Titre>Code de procédure civile : article 760</Titre><Complement>Obligation d'avocat pour procédure écrite</Complement></Reference><Reference type="Texte de référence" URL="https://www.legifrance.gouv.fr/codes/article_lc/LEGIARTI000039726277" ID="R643"><Titre>Code de procédure civile : article 761</Titre><Complement>Dispense d'avocat pour procédure orale</Complement></Reference><Reference type="Texte de référence" URL="https://www.legifrance.gouv.fr/codes/id/LEGISCTA000006117236/" ID="R58662"><Titre>Code de procédure civile  : articles 411 à 420</Titre><Complement>Mandat de représentation</Complement></Reference><Reference type="Texte de référence" URL="https://www.legifrance.gouv.fr/codes/article_lc/LEGIARTI000039623464/" ID="R56389"><Titre>Code de procédure civile : article 762</Titre><Complement>Personnes pouvant assister ou représenter une partie</Complement></Reference><Reference type="Texte de référence" URL="https://www.legifrance.gouv.fr/codes/article_lc/LEGIARTI000042597306" ID="R64705"><Titre>Code de procédure civile : article 763</Titre><Complement>Délai pour prendre un avocat en procédure écrite</Complement></Reference><Reference type="Texte de référence" URL="https://www.legifrance.gouv.fr/codes/section_lc/LEGITEXT000006070716/LEGISCTA000006135912/" ID="R58818"><Titre>Code de procédure civile : articles 775 à 816</Titre><Complement>Procédure écrite ordinaire</Complement></Reference><Reference type="Texte de référence" URL="https://www.legifrance.gouv.fr/codes/section_lc/LEGITEXT000006070716/LEGISCTA000006149699" ID="R55077"><Titre>Code de procédure civile : articles 817 à 818</Titre><Complement>Procédure orale ordinaire</Complement></Reference><Reference type="Texte de référence" URL="https://www.legifrance.gouv.fr/codes/section_lc/LEGITEXT000006070716/LEGISCTA000039487417" ID="R673"><Titre>Code de procédure civile : articles 780 à 797</Titre><Complement>Procédure écrite : instruction devant le juge de la mise en état</Complement></Reference><Reference type="Texte de référence" URL="https://www.legifrance.gouv.fr/codes/section_lc/LEGITEXT000006070716/LEGISCTA000006117246/" ID="R64695"><Titre>Code de procédure civile : articles 748-1 à 748-9</Titre><Complement>Communication par voie électronique</Complement></Reference><Reference type="Texte de référence" URL="https://www.legifrance.gouv.fr/codes/section_lc/LEGITEXT000006070716/LEGISCTA000039487752/" ID="R55118"><Titre>Code de procédure civile : articles 798 à 807</Titre><Complement>Procédure écrite : clôture de l'instruction et plaidoirie</Complement></Reference><Reference type="Texte de référence" URL="https://www.legifrance.gouv.fr/codes/id/LEGISCTA000039499622/" ID="R55117"><Titre>Code de procédure civile  : articles 828 à 833</Titre><Complement>Organisation des débats en procédure orale</Complement></Reference><Reference type="Texte de référence" URL="https://www.legifrance.gouv.fr/codes/section_lc/LEGITEXT000006070716/LEGISCTA000022878345/" ID="R58725"><Titre>Code de procédure civile : articles 430 à 446</Titre><Complement>Organisation des débats : dispositions communes</Complement></Reference><Reference type="Texte de référence" URL="https://www.legifrance.gouv.fr/codes/section_lc/LEGITEXT000006070716/LEGISCTA000022878523/" ID="R55091"><Titre>Code de procédure civile : articles 446-1 à 446-4</Titre><Complement>Organisation des débats en procédure orale</Complement></Reference><Reference type="Texte de référence" URL="https://www.legifrance.gouv.fr/codes/article_lc/LEGIARTI000039280016" ID="R58658"><Titre>Code de l'organisation judiciaire : article L212-5-1</Titre><Complement>Procédure sans audience</Complement></Reference><Reference type="Texte de référence" URL="https://www.legifrance.gouv.fr/codes/section_lc/LEGITEXT000006070716/LEGISCTA000006135868/" ID="R64688"><Titre>Code de procédure civile : articles 122 à 126</Titre><Complement>Fins de non-recevoir</Complement></Reference><Reference type="Texte de référence" URL="https://www.legifrance.gouv.fr/codes/section_lc/LEGITEXT000006070716/LEGISCTA000006165197/" ID="R64694"><Titre>Code de procédure civile : articles 394 à 399</Titre><Complement>Désistement de la demande en première instance</Complement></Reference><Reference type="Texte de référence" URL="https://www.legifrance.gouv.fr/codes/section_lc/LEGITEXT000006070716/LEGISCTA000006165201" ID="R58724"><Titre>Code de procédure civile  : articles 450 à 466</Titre><Complement>Prononcé du jugement, rectification et interprétation</Complement></Reference><Reference type="Texte de référence" URL="https://www.legifrance.gouv.fr/codes/section_lc/LEGITEXT000006070716/LEGISCTA000006135900/" ID="R58726"><Titre>Code de procédure civile : articles 651 à 694</Titre><Complement>Notification du jugement</Complement></Reference><Reference type="Texte de référence" URL="https://www.legifrance.gouv.fr/codes/section_lc/LEGITEXT000006070716/LEGISCTA000006135893/" ID="R638"><Titre>Code de procédure civile : articles 514 à 524</Titre><Complement>Exécution provisoire (article 514)</Complement></Reference><Reference type="Texte de référence" URL="https://www.legifrance.gouv.fr/codes/id/LEGISCTA000006135894/" ID="R53190"><Titre>Code de procédure civile : articles 528 à 537</Titre><Complement>Point de départ délai de recours (article 528)</Complement></Reference><Reference type="Texte de référence" URL="https://www.legifrance.gouv.fr/codes/section_lc/LEGITEXT000006070716/LEGISCTA000006181689/" ID="R64685"><Titre>Code de procédure civile : articles 543 à 545</Titre><Complement>Jugements susceptibles d'appel</Complement></Reference><Reference type="Texte de référence" URL="https://www.legifrance.gouv.fr/codes/id/LEGISCTA000006149678/" ID="R603"><Titre>Code de procédure civile : articles 571 à 578</Titre><Complement>Jugements susceptibles d'opposition (article 571)</Complement></Reference><Reference type="Texte de référence" URL="https://www.legifrance.gouv.fr/codes/id/LEGISCTA000006165210/" ID="R33106"><Titre>Code de procédure civile : articles 605 à 618</Titre><Complement>Jugements susceptibles de pourvoi en cassation (article 605)</Complement></Reference><ServiceEnLigne ID="R55312" URL="https://www.formulaires.service-public.fr/gf/cerfa_16037.do" audience="Particuliers" format="application/pdf" poids="85.4 KB" numerocerfa="16037*01" type="Formulaire"><Titre>Consentement au déroulement de la procédure sans audience - Procédure orale devant le tribunal judiciaire ou le juge des contentieux de la protection</Titre><Source ID="R30663">Ministère chargé de la justice</Source><NoticeLiee ID="R55314" URL="https://www.formulaires.service-public.fr/gf/getNotice.do?cerfaNotice=52301&amp;cerfaFormulaire=16037" type="Notice" numerocerfa="52301#01" format="application/pdf" poids="71.8 KB">Notice - Consentement au déroulement de la procédure sans audience</NoticeLiee></ServiceEnLigne><PourEnSavoirPlus type="Information pratique" ID="R64680" URL="https://www.vie-publique.fr/fiches/38065-principe-du-contradictoire-dans-la-procedure-judiciaire" audience="Particuliers"><Titre>Pourquoi la procédure judiciaire doit-elle être contradictoire ?</Titre><Source ID="R30718">Vie-publique.fr</Source></PourEnSavoirPlus><Definition ID="R64439"><Titre>Parties (au procès)</Titre><Texte><Paragraphe>Personne qui est engagée dans un procès civil soit en tant que demandeur, soit en tant que défendeur</Paragraphe></Texte></Definition><Definition ID="R31718"><Titre>Demandeur (justice)</Titre><Texte><Paragraphe>Personne engageant un procès et qui demande une réparation de son préjudice</Paragraphe></Texte></Definition><Definition ID="R12538"><Titre>Assignation</Titre><Texte><Paragraphe>Acte du commissaire de justice (anciennement acte d'huissier de justice) informant une personne qu'un procès est engagé contre elle et la convoquant devant une juridiction</Paragraphe></Texte></Definition><Definition ID="R31717"><Titre>Défendeur (justice)</Titre><Texte><Paragraphe>Personne contre laquelle une action en justice est engagée</Paragraphe></Texte></Definition><Definition ID="R61996"><Titre>Conclusions</Titre><Texte><Paragraphe>Document écrit qui présente les demandes de chaque partie au procès. Ce document peut être rédigé par une partie ou par un avocat.</Paragraphe></Texte></Definition><Definition ID="R45502"><Titre>Débat contradictoire</Titre><Texte><Paragraphe>Débat où chaque partie est en mesure d'exposer son point de vue et de discuter des preuves, faits, arguments liés à l'affaire concernée</Paragraphe></Texte></Definition><Definition ID="R12700"><Titre>Greffe</Titre><Texte><Paragraphe>Service d'un tribunal composé de fonctionnaires qui assistent les magistrats dans leur mission</Paragraphe></Texte></Definition><Definition ID="R58532"><Titre>Dispositif (décision de justice)</Titre><Texte><Paragraphe>Partie d'une décision judiciaire qui contient la décision sur les différentes demandes. Elle est située après la mention "par ces motifs".</Paragraphe></Texte></Definition><Definition ID="R63467"><Titre>Motifs (décision de justice)</Titre><Texte><Paragraphe>Arguments de fait et de droit que le juge doit énoncer dans son jugement pour justifier sa décision. Les motifs sont exposés avant le dispositif du jugement.</Paragraphe></Texte></Definition><Definition ID="R10915"><Titre>Signification</Titre><Texte><Paragraphe>Acte par lequel une partie informe son adversaire d'un acte ou d'une décision de justice par l'intermédiaire d'un commissaire de justice (anciennement huissier de justice et commissaire-priseur judiciaire)</Paragraphe></Texte></Definition><Definition ID="R12542"><Titre>Requête</Titre><Texte><Paragraphe>Écrit formalisé permettant de saisir un tribunal</Paragraphe></Texte></Definition><Definition ID="R53896"><Titre>Appel</Titre><Texte><Paragraphe>Voie de recours par laquelle une partie à un procès demande un nouveau jugement de l'affaire par une juridiction supérieure</Paragraphe></Texte></Definition><Definition ID="R42442"><Titre>Vivre en couple</Titre><Texte><Paragraphe>Mariage, Pacs ou concubinage (union libre)</Paragraphe></Texte></Definition><Definition ID="R14732"><Titre>Notification</Titre><Texte><Paragraphe>Formalité par laquelle un acte de procédure ou une décision est porté à la connaissance d’une personne</Paragraphe></Texte></Definition><Abreviation ID="R65878" type="Sigle"><Titre>ARA</Titre><Texte><Paragraphe>audience de règlement amiable</Paragraphe></Texte></Abreviation><QuestionReponse ID="F35132" audience="Particuliers"><Titre>L'avocat est-il obligatoire dans un procès civil ?</Titre></QuestionReponse><QuestionReponse ID="F35603" audience="Particuliers"><Titre>Comment agir seul devant le tribunal ?</Titre></QuestionReponse><QuestionReponse ID="F1378" audience="Particuliers"><Titre>Comment agir rapidement devant le tribunal ?</Titre></QuestionReponse></Publication>