<?xml version="1.0" encoding="UTF-8"?><Publication xmlns:dc="http://purl.org/dc/elements/1.1/" xmlns:xsi="http://www.w3.org/2001/XMLSchema-instance" ID="F18098" type="Fiche d'information conditionnée" xsi:noNamespaceSchemaLocation="../Schemas/3.4/Publication.xsd" dateDerniereModificationImportante="2022-03-24T00:00:00" spUrl="https://www.service-public.fr/particuliers/vosdroits/F18098"><dc:title>Congé de longue durée (CLD) du fonctionnaire</dc:title><dc:creator>Direction de l'information légale et administrative</dc:creator><dc:subject>Travail - Formation</dc:subject><dc:description>Si vous êtes atteint d’une maladie grave (cancer, déficit immunitaire grave et acquis, ...), vous pouvez être placé pendant 5 ans maximum en congé de longue durée, dont 3 ans rémunérés à plein traitement et 2 ans à demi-traitement.</dc:description><dc:publisher>Direction de l'information légale et administrative</dc:publisher><dc:contributor>Direction de l'information légale et administrative (Premier ministre)</dc:contributor><dc:date>modified 2022-03-24</dc:date><dc:type>Fiche pratique</dc:type><dc:format>text/xml</dc:format><dc:identifier>F18098</dc:identifier><dc:source>https://www.legifrance.gouv.fr/codes/section_lc/LEGITEXT000044416551/LEGISCTA000044420657/, https://www.legifrance.gouv.fr/codes/section_lc/LEGITEXT000044416551/LEGISCTA000044424001/, https://www.legifrance.gouv.fr/codes/section_lc/LEGITEXT000044416551/LEGISCTA000044424037/, https://www.legifrance.gouv.fr/loda/id/JORFTEXT000000884830, https://www.legifrance.gouv.fr/loda/id/JORFTEXT000000521836/, https://www.legifrance.gouv.fr/loda/id/JORFTEXT000000695289/, https://www.legifrance.gouv.fr/loda/id/JORFTEXT000000362602/, https://www.legifrance.gouv.fr/loda/id/JORFTEXT000000728910/, https://www.legifrance.gouv.fr/loda/id/JORFTEXT000000546248/, https://www.legifrance.gouv.fr/loda/id/JORFTEXT000022748868/, https://www.legifrance.gouv.fr/circulaire/id/16317, https://www.legifrance.gouv.fr/circulaire/id/32767, http://www2.assemblee-nationale.fr/questions/detail/14/QE/60133</dc:source><dc:language>Fr</dc:language><dc:relation>isPartOf N512</dc:relation><dc:coverage>France entière</dc:coverage><dc:rights>https://www.service-public.fr/a-propos/mentions-legales</dc:rights><SurTitre>Fiche pratique</SurTitre><Audience>Particuliers</Audience><Canal>www.service-public.fr</Canal><FilDAriane><Niveau ID="Particuliers">Accueil particuliers</Niveau><Niveau ID="N19806">Travail - Formation</Niveau><Niveau ID="N512">Maladie ou accident du travail dans la fonction publique</Niveau><Niveau ID="F18098" type="Fiche d'information conditionnée">Congé de longue durée (CLD) du fonctionnaire</Niveau></FilDAriane><Theme ID="N19806"><Titre>Travail - Formation</Titre></Theme><SousThemePere ID="N19965">Santé, sécurité et conditions de travail</SousThemePere><DossierPere ID="N512"><Titre>Maladie ou accident du travail dans la fonction publique</Titre><SousDossier ID="N512-1"><Titre>Pour un fonctionnaire</Titre><Fiche ID="F490">Congé de maladie ordinaire (CMO)</Fiche><Fiche ID="F18089">Congé de longue maladie (CLM)</Fiche><Fiche ID="F18098">Congé de longue durée (CLD)</Fiche><Fiche ID="F33252">Accident de service ou maladie professionnelle</Fiche></SousDossier><SousDossier ID="N512-2"><Titre>Pour un contractuel</Titre><Fiche ID="F491">Congé de maladie</Fiche><Fiche ID="F547">Congé de grave maladie</Fiche><Fiche ID="F37556">Congé pour accident du travail ou maladie professionnelle</Fiche><Fiche ID="F34670">Reclassement pour inaptitude physique</Fiche></SousDossier></DossierPere><SousDossierPere>Pour un fonctionnaire</SousDossierPere><Introduction><Texte><Paragraphe>Si vous êtes atteint d’une maladie grave (cancer, <LienIntra LienID="R18096" type="Définition de glossaire">déficit immunitaire</LienIntra> grave et acquis, ...), vous pouvez être placé pendant 5 ans maximum en congé de longue durée, dont 3 ans rémunérés à plein traitement et 2 ans à demi-traitement.</Paragraphe></Texte></Introduction><Questionnaire><Question><Titre><Paragraphe>De quelle fonction publique relevez-vous ?</Paragraphe></Titre><Choix><Titre><Paragraphe>Fonction publique d'État</Paragraphe></Titre><IntituleSiSelectionne><Paragraphe>Vous relevez de la fonction publique d'État</Paragraphe></IntituleSiSelectionne><SiSelectionne><affecteVrai var="T11233"/><affecteFaux var="T11234"/><affecteFaux var="T11235"/></SiSelectionne></Choix><Choix><Titre><Paragraphe>Fonction publique territoriale</Paragraphe></Titre><IntituleSiSelectionne><Paragraphe>Vous relevez de la fonction publique territoriale</Paragraphe></IntituleSiSelectionne><SiSelectionne><affecteVrai var="T11234"/><affecteFaux var="T11233"/><affecteFaux var="T11235"/></SiSelectionne></Choix><Choix><Titre><Paragraphe>Fonction publique hospitalière</Paragraphe></Titre><IntituleSiSelectionne><Paragraphe>Vous relevez de la fonction publique hospitalière</Paragraphe></IntituleSiSelectionne><SiSelectionne><affecteVrai var="T11235"/><affecteFaux var="T11233"/><affecteFaux var="T11234"/></SiSelectionne></Choix></Question></Questionnaire><ListeSituations affichage="onglet"><Situation><Titre>Fonction publique d'État (FPE)</Titre><Condition><estVrai var="T11233"/></Condition><Texte><Chapitre ID="T14020"><Titre><Paragraphe>Dans quel cas êtes-vous placé en congé de longue durée ?</Paragraphe></Titre><Paragraphe>Si vous êtes en <LienInterne LienPublication="F12413" type="Fiche Question-réponse conditionnée" audience="Particuliers">activité ou en détachement</LienInterne>, vous pouvez être placé en congé de longue durée (CLD) si vous êtes atteint par l'une des maladies suivantes et dans l'impossibilité d'exercer vos fonctions :</Paragraphe><Liste type="puce"><Item><Paragraphe>Cancer</Paragraphe></Item><Item><Paragraphe><LienIntra LienID="R18096" type="Définition de glossaire">Déficit immunitaire</LienIntra> grave et acquis</Paragraphe></Item><Item><Paragraphe>Maladie mentale</Paragraphe></Item><Item><Paragraphe>Tuberculose</Paragraphe></Item><Item><Paragraphe>Poliomyélite</Paragraphe></Item></Liste><Paragraphe>Le CLD est attribué à la fin de la 1<Exposant>re</Exposant> année de <LienInterne LienPublication="F18089" type="Fiche d'information conditionnée" audience="Particuliers">congé de longue maladie (CLM)</LienInterne> rémunérée à plein traitement.</Paragraphe><Paragraphe>Toutefois, si vous avez épuisé vos droits à l'année rémunérée à plein traitement d'un CLM, vous pouvez être placé directement en CLD.</Paragraphe><Paragraphe>Si vous êtes placé en CLD à la fin de votre 1<Exposant>re</Exposant> année de CLM à plein traitement, cette 1<Exposant>re</Exposant> année de CLM est reconsidérée comme une année de CLD.</Paragraphe><Paragraphe>À la fin de votre 1<Exposant>re</Exposant> année de CLM rémunérée à plein traitement, vous pouvez demander à être maintenu en CLM.</Paragraphe><Paragraphe>L'administration vous accorde la prolongation de votre CLM ou un CLD après avis du <LienInterne LienPublication="F18085" type="Fiche Question-réponse conditionnée" audience="Particuliers">conseil médical</LienInterne>.</Paragraphe><Paragraphe>Si vous obtenez la prolongation de votre CLM, vous ne pouvez alors plus bénéficier d'un CLD pour la même pathologie tant que vous n'avez pas repris vos fonctions au moins 1 an entre la fin de votre CLM et le début du CLD.</Paragraphe></Chapitre><Chapitre ID="T14023"><Titre><Paragraphe>Quelle est la durée du congé de longue durée ?</Paragraphe></Titre><Paragraphe>La durée maximale du CLD est fixée à 5 ans.</Paragraphe><Paragraphe>Le CLD peut être utilisé de façon continue ou discontinue.</Paragraphe><Paragraphe>Le CLD est accordé ou renouvelé par périodes de 3 à 6 mois.</Paragraphe><Paragraphe>Sa durée est fixée par l'administration sur proposition du conseil médical.</Paragraphe><Paragraphe>Vous ne pouvez pas obtenir plusieurs CLD, au cours de votre carrière, pour la même catégorie d'affections.</Paragraphe><Paragraphe>Si vous avez bénéficié d'un CLD pour l'une des 5 catégories d'affections y ouvrant droit, vous pouvez à nouveau être placé en CLD pour une affection de la même catégorie si vous n'avez pas épuisé vos droits aux 5 ans maximum de CLD.</Paragraphe><Paragraphe>Si vous contractez une nouvelle affection, différente de celle qui a conduit à votre mise en CLD, vous avez droit à l'intégralité d'un nouveau CLD de 5 ans.</Paragraphe></Chapitre><Chapitre ID="T14024"><Titre><Paragraphe>Comment demander sa mise en CLD ?</Paragraphe></Titre><BlocCas affichage="radio"><Cas><Titre>Vous demandez votre mise en CLD</Titre><Paragraphe>Vous devez adresser à votre administration une demande de CLD, accompagnée d'un certificat de votre médecin traitant.</Paragraphe><Paragraphe>Votre médecin traitant adresse directement au secrétariat du <LienInterne LienPublication="F18085" type="Fiche Question-réponse conditionnée" audience="Particuliers">conseil médical</LienInterne> un résumé de ses observations et toute pièce justifiant votre situation.</Paragraphe><Paragraphe>Votre demande de CLD est soumise à l'avis du conseil médical.</Paragraphe><Paragraphe>Lors de l'instruction de votre dossier, le conseil médical peut recourir à l'expertise d'un médecin agréé.</Paragraphe><Paragraphe>Le médecin du travail de votre administration est informé de la réunion du conseil médical.</Paragraphe><Paragraphe>Il peut demander la communication de votre dossier médical et peut présenter des observations écrites ou assister à la réunion sans participer au vote.</Paragraphe><Paragraphe>Le conseil médical vous transmet son avis et le transmet également à votre administration.</Paragraphe><Paragraphe>Tant que vous n'avez pas épuisé la période de 3 ans de CLD rémunérée à plein traitement, le renouvellement de votre CLD est accordé par votre administration sans que le conseil médical soit saisi.</Paragraphe><Paragraphe>Vous devez pour cela adresser à votre administration un certificat médical de votre médecin précisant que le congé doit être prolongé et précisant la durée de cette prolongation (de 3 à 6 mois).</Paragraphe><Paragraphe>Votre administration vous soumet à un examen par un médecin agréé au moins une fois par an.</Paragraphe><Paragraphe>Si vous refusez de vous y soumettre, votre rémunération ne vous est plus versée.</Paragraphe><Paragraphe>Lorsque vous avez épuisé la période de 3 ans de CLD rémunérée à plein traitement, le renouvellement de votre congé est soumis à l'avis du conseil médical.</Paragraphe></Cas><Cas><Titre>Votre administration demande votre mise en CLD</Titre><Paragraphe>Votre administration saisit le conseil médical.</Paragraphe><Paragraphe>Elle informe le médecin du travail qui transmet un rapport au conseil médical.</Paragraphe><Paragraphe>Lors de l'instruction de votre dossier, le conseil médical peut recourir à l'expertise d'un médecin agréé.</Paragraphe><Paragraphe>Le médecin du travail de votre administration est informé de la réunion du conseil médical.</Paragraphe><Paragraphe>Il peut demander la communication de votre dossier médical et peut présenter des observations écrites ou assister à la réunion sans participer au vote.</Paragraphe><Paragraphe>Le conseil médical vous transmet son avis et le transmet également à votre administration.</Paragraphe><Paragraphe>Tant que vous n'avez pas épuisé la période de 3 ans de CLD rémunérée à plein traitement, le renouvellement de votre CLD est accordé par votre administration sans que le conseil médical soit saisi.</Paragraphe><Paragraphe>L'administration vous soumet à la fin de chaque période de CLD de 3 ou 6 mois à un examen médical par un médecin agréé. Votre CLD est renouvelé au vu de l'avis du médecin.</Paragraphe><Paragraphe>Si vous refusez de vous soumettre à ces examens médicaux, votre rémunération ne vous est plus versée.</Paragraphe><Paragraphe>Lorsque vous avez épuisé la période de 3 ans de CLD rémunérée à plein traitement, le renouvellement de votre congé est soumis à l'avis du conseil médical.</Paragraphe></Cas></BlocCas></Chapitre><Chapitre><Titre><Paragraphe>Comment le congé de longue durée est-il rémunéré ?</Paragraphe></Titre><Paragraphe>Votre <LienInterne LienPublication="F461" type="Fiche d'information conditionnée" audience="Particuliers">traitement indiciaire</LienInterne> vous est versé en totalité pendant 3 ans, puis réduit de moitié les 2 années suivantes.</Paragraphe><Paragraphe><LienInterne LienPublication="F32511" type="Fiche d'information conditionnée" audience="Particuliers">L'indemnité de résidence</LienInterne> et le <LienInterne LienPublication="F32513" type="Fiche d'information conditionnée" audience="Particuliers">supplément familial de traitement (SFT)</LienInterne> vous sont versés en totalité pendant toute la durée de votre CLD, si vous percevez ces éléments de rémunération.</Paragraphe><Paragraphe>Si vous percevez la <LienInterne LienPublication="F32515" type="Fiche d'information conditionnée" audience="Particuliers">nouvelle bonification indiciaire (NBI)</LienInterne>, son versement est suspendu pendant votre CLD.</Paragraphe><Paragraphe>Le versement de vos primes et indemnités est suspendu pendant votre CLD.</Paragraphe><Paragraphe>Toutefois, en cas d'admission rétroactive en CLD à la suite d'une demande présentée au cours d'un congé de maladie ordinaire (CMO), vous conservez les primes versées pendant le CMO jusqu'à la date d'admission en CLD.</Paragraphe><ASavoir><Titre>À savoir</Titre><Paragraphe>Les honoraires et autres frais médicaux résultant des examens demandés par l'administration sont à la charge de l'administration. Il en est de même des éventuels frais de transport pour vous rendre à ces visites et examens. La prise en charge des frais de transport est subordonnée à la présentation de la prescription médicale de transport ainsi que d'une facture délivrée par le transporteur ou d'un justificatif de transport.</Paragraphe></ASavoir></Chapitre><Chapitre ID="T14840"><Titre><Paragraphe>Quelles sont vos obligations pendant votre CLD ?</Paragraphe></Titre><Paragraphe>Pendant votre congé de longue durée, vous devez respecter les obligations suivantes :</Paragraphe><Liste type="puce"><Item><Paragraphe>Cesser tout travail (sauf les activités ordonnées et contrôlées médicalement pour la réadaptation à l'emploi)</Paragraphe></Item><Item><Paragraphe>Informer votre administration de tout changement de résidence</Paragraphe></Item><Item><Paragraphe>Informer votre administration de toute absence de votre domicile supérieure à 2 semaines (sauf en cas d'hospitalisation) et indiquer vos dates et lieux de séjour</Paragraphe></Item></Liste><Paragraphe>Le non-respect de ces obligations peut entraîner l'interruption du versement de votre rémunération.</Paragraphe><Paragraphe>Votre rémunération est rétablie à partir du jour où vous cessez tout travail non autorisé ou vous soumettez aux visites de contrôle.</Paragraphe><Paragraphe>Le temps pendant lequel le versement de votre rémunération a été interrompu compte dans la période de CLD en cours.</Paragraphe></Chapitre><Chapitre ID="T14025"><Titre><Paragraphe>Quels sont les effets du congé de longue maladie sur votre carrière ?</Paragraphe></Titre><Paragraphe>Le temps passé en congé de longue durée est sans effet sur vos droits à avancement (d'échelon et de grade).</Paragraphe><Paragraphe>Il est également sans effet sur votre retraite.</Paragraphe><Paragraphe>Le temps passé en congé de longue durée ne réduit pas vos droits aux congés suivants :</Paragraphe><Liste type="puce"><Item><Paragraphe><LienInterne LienPublication="F488" type="Fiche d'information conditionnée" audience="Particuliers">Congés annuels</LienInterne></Paragraphe></Item><Item><Paragraphe>Congé de <LienInterne LienPublication="F519" type="Fiche d'information conditionnée" audience="Particuliers">maternité</LienInterne> ou d'<LienInterne LienPublication="F537" type="Fiche d'information conditionnée" audience="Particuliers">adoption</LienInterne></Paragraphe></Item><Item><Paragraphe><LienInterne LienPublication="F13765" type="Fiche d'information conditionnée" audience="Particuliers">Congé de 3 jours pour naissance ou adoption</LienInterne></Paragraphe></Item><Item><Paragraphe><LienInterne LienPublication="F583" type="Fiche d'information conditionnée" audience="Particuliers">Congé de paternité et d'accueil de l'enfant</LienInterne></Paragraphe></Item><Item><Paragraphe>Congé de formation professionnelle</Paragraphe></Item><Item><Paragraphe><LienInterne LienPublication="F17949" type="Fiche d'information conditionnée" audience="Particuliers">Congé de solidarité familiale</LienInterne></Paragraphe></Item><Item><Paragraphe><LienInterne LienPublication="F35001" type="Fiche d'information conditionnée" audience="Particuliers">Congé de proche aidant</LienInterne></Paragraphe></Item><Item><Paragraphe>Congé pour validation des acquis de l'expérience</Paragraphe></Item><Item><Paragraphe>Congé pour bilan de compétences</Paragraphe></Item><Item><Paragraphe>Congé pour formation syndicale</Paragraphe></Item><Item><Paragraphe>Congé de formation en matière d'hygiène et de sécurité si vous êtes représentant du personnel au CHSCT</Paragraphe></Item><Item><Paragraphe>Congé pour participer aux activités des organisations de jeunesse et d'éducation populaire, des fédérations et des associations sportives agréées</Paragraphe></Item><Item><Paragraphe><LienInterne LienPublication="F2335" type="Fiche d'information conditionnée" audience="Particuliers">Congé de représentation d'une association</LienInterne></Paragraphe></Item><Item><Paragraphe>Congé pour accomplir une période d'activité dans la réserve opérationnelle</Paragraphe></Item><Item><Paragraphe>Congé pour exercer des fonctions de préparation et d'encadrement des séjours de cohésion du service national universel</Paragraphe></Item><Item><Paragraphe><LienInterne LienPublication="F34105" type="Fiche d'information conditionnée" audience="Particuliers">Congé de citoyenneté</LienInterne></Paragraphe></Item></Liste><Rappel><Titre>Rappel</Titre><Paragraphe>si vous ne pouvez pas bénéficier de vos congés annuels en raison de congé de maladie, une partie de vos congés annuels peut être <LienInterne LienPublication="F12392" type="Fiche Question-réponse conditionnée" audience="Particuliers">reportée</LienInterne>.</Paragraphe></Rappel><Paragraphe>Les périodes pendant lesquelles vous êtes en congé de maladie ne vous donnent pas droit à des RTT.</Paragraphe><Paragraphe>Si vous êtes fonctionnaire stagiaire, les congés de maladie, au-delà d'une certaine durée, prolongent la <LienInterne LienPublication="F1895" type="Fiche Question-réponse conditionnée" audience="Particuliers">durée de votre stage</LienInterne>.</Paragraphe></Chapitre><Chapitre><Titre><Paragraphe>Que se passe-t-il en fin de congé ?</Paragraphe></Titre><Paragraphe>Pour pouvoir reprendre vos fonctions à la fin de votre CLD, vous devez fournir un certificat médical d'aptitude à la reprise.</Paragraphe><Paragraphe>Lorsque vous avez été en CLD pendant la durée maximum de 5 ans, votre reprise de fonctions est soumise à l'avis favorable du conseil médical.</Paragraphe><Paragraphe>Il en est de même si vous exercez des fonctions qui exigent des conditions de santé particulières ou si vous avez été mis d'office en CLD.</Paragraphe><BlocCas affichage="radio"><Cas><Titre>Avis favorable à votre reprise du travail</Titre><Paragraphe>Vous êtes réaffecté sur un emploi correspondant à votre grade.</Paragraphe><ASavoir><Titre>À savoir</Titre><Paragraphe>à votre mise en CLD, votre ancien emploi est devenu vacant. En l'absence d'emploi vacant correspondant à votre grade à la fin de votre CLD, vous êtes réintégré en surnombre. Le surnombre est résorbé à la 1<Exposant>re</Exposant> vacance d'emploi correspondant à votre grade</Paragraphe></ASavoir><Paragraphe>Votre poste de travail peut éventuellement être adapté à votre état de santé si nécessaire.</Paragraphe><Paragraphe>Le paiement du demi-traitement est maintenu si nécessaire jusqu'à la date de la décision de reprise de service.</Paragraphe><Paragraphe>En cas de refus de rejoindre votre poste de travail sans motif valable lié à votre état de santé, vous pouvez être licencié après avis de la commission administrative paritaire.</Paragraphe></Cas><Cas><Titre>Avis défavorable à votre reprise du travail sur vos fonctions antérieures</Titre><BlocCas affichage="radio"><Cas><Titre>Si vous êtes titulaire</Titre><Paragraphe>Vous pouvez bénéficier d'une <LienInterne LienPublication="F549" type="Fiche Question-réponse conditionnée" audience="Particuliers">période de préparation au reclassement</LienInterne> ou être directement reclassé sur un emploi compatible avec votre état de santé.</Paragraphe><Paragraphe>Si votre état de santé ne vous permet pas de reprendre votre travail et que vous n'avez pas droit à un CLD, vous pouvez être placé en <LienInterne LienPublication="F1690" type="Fiche Question-réponse conditionnée" audience="Particuliers">disponibilité d'office</LienInterne> si le conseil médical juge que votre état de santé va évoluer favorablement.</Paragraphe><Paragraphe>Si vous êtes reconnu définitivement inapte à l'exercice de tout emploi, vous pouvez être mis à la <LienInterne LienPublication="F550" type="Fiche d'information conditionnée" audience="Particuliers">retraite pour invalidité</LienInterne> quel que soit votre âge et quel que soit votre nombre de trimestres d'assurance retraite.</Paragraphe><Paragraphe>Le paiement du demi-traitement est maintenu si nécessaire jusqu'à la date de la décision de reclassement, de mise en disponibilité ou d'admission à la retraite.</Paragraphe><Paragraphe>En cas de refus du ou des postes proposés sans motif valable lié à votre état de santé, vous pouvez être licencié après avis de la commission administrative paritaire.</Paragraphe></Cas><Cas><Titre>Si vous êtes stagiaire</Titre><Paragraphe>Si votre état de santé ne vous permet pas de reprendre votre travail, vous pouvez être placé en congé non rémunéré pendant une période d'un an maximum renouvelable 2 fois si le conseil médical juge que votre état de santé va évoluer favorablement.</Paragraphe><Paragraphe>Le renouvellement de votre congé non rémunéré est prononcé après avis du conseil médical.</Paragraphe><Paragraphe>Si vous êtes reconnu définitivement inapte à l'exercice de tout emploi, à la fin de votre CLD ou de votre congé non rémunéré, vous êtes licencié.</Paragraphe><Paragraphe>Si vous étiez détaché pour stage et êtes titulaire d'un autre grade, il est mis fin à votre détachement pour stage et vous êtes remis à disposition de votre administration d'origine.</Paragraphe><Paragraphe>Dans votre administration d'origine, vous pouvez bénéficier d'une période de préparation au reclassement ou être directement reclassé sur un emploi compatible avec votre état de santé ou mis à la retraite pour invalidité.</Paragraphe><Paragraphe>Le paiement du demi-traitement est maintenu si nécessaire jusqu'à la date de la décision de reclassement, de mise en congé non rémunéré ou de licenciement.</Paragraphe><Paragraphe>En cas de refus du ou des postes proposés sans motif valable lié à votre état de santé, vous pouvez être licencié après avis de la commission administrative paritaire.</Paragraphe></Cas></BlocCas></Cas></BlocCas></Chapitre></Texte></Situation><Situation><Titre>Territoriale (FPT)</Titre><Condition><estVrai var="T11234"/></Condition><Texte><Chapitre ID="T14020"><Titre><Paragraphe>Dans quel cas êtes-vous placé en congé de longue durée ?</Paragraphe></Titre><Paragraphe>Si vous êtes en <LienInterne LienPublication="F12413" type="Fiche Question-réponse conditionnée" audience="Particuliers">activité ou en détachement</LienInterne>, vous pouvez être placé en congé de longue durée (CLD) si vous êtes atteint par l'une des maladies suivantes et dans l'impossibilité d'exercer vos fonctions :</Paragraphe><Liste type="puce"><Item><Paragraphe>Cancer</Paragraphe></Item><Item><Paragraphe><LienIntra LienID="R18096" type="Définition de glossaire">Déficit immunitaire</LienIntra> grave et acquis</Paragraphe></Item><Item><Paragraphe>Maladie mentale</Paragraphe></Item><Item><Paragraphe>Tuberculose</Paragraphe></Item><Item><Paragraphe>Poliomyélite</Paragraphe></Item></Liste><Paragraphe>Le CLD est attribué à la fin de la 1<Exposant>re</Exposant> année de <LienInterne LienPublication="F18089" type="Fiche d'information conditionnée" audience="Particuliers">congé de longue maladie (CLM)</LienInterne> rémunérée à plein traitement.</Paragraphe><Paragraphe>Toutefois, si vous avez épuisé vos droits à l'année rémunérée à plein traitement d'un CLM, vous pouvez être placé directement en CLD.</Paragraphe><Paragraphe>Si vous êtes placé en CLD à la fin de votre 1<Exposant>re</Exposant> année de CLM à plein traitement, cette 1<Exposant>re</Exposant> année de CLM est reconsidérée comme une année de CLD.</Paragraphe><Paragraphe>À la fin de votre 1<Exposant>re</Exposant> année de CLM rémunérée à plein traitement, vous pouvez demander à être maintenu en CLM.</Paragraphe><Paragraphe>L'administration vous accorde la prolongation de votre CLM ou un CLD après avis du <LienInterne LienPublication="F18085" type="Fiche Question-réponse conditionnée" audience="Particuliers">conseil médical</LienInterne>.</Paragraphe><Paragraphe>Si vous obtenez la prolongation de votre CLM, vous ne pouvez alors plus bénéficier d'un CLD pour la même pathologie tant que vous n'avez pas repris vos fonctions au moins 1 an entre la fin de votre CLM et le début du CLD.</Paragraphe></Chapitre><Chapitre ID="T14023"><Titre><Paragraphe>Quelle est la durée du congé de longue durée ?</Paragraphe></Titre><Paragraphe>La durée maximale du CLD est fixée à 5 ans.</Paragraphe><Paragraphe>Le CLD peut être utilisé de façon continue ou discontinue.</Paragraphe><Paragraphe>Le CLD est accordé ou renouvelé par périodes de 3 à 6 mois.</Paragraphe><Paragraphe>Sa durée est fixée par l'administration sur proposition du conseil médical.</Paragraphe><Paragraphe>Vous ne pouvez pas obtenir plusieurs CLD, au cours de votre carrière, pour la même catégorie d'affections.</Paragraphe><Paragraphe>Si vous avez bénéficié d'un CLD pour l'une des 5 catégories d'affections y ouvrant droit, vous pouvez à nouveau être placé en CLD pour une affection de la même catégorie si vous n'avez pas épuisé vos droits aux 5 ans maximum de CLD.</Paragraphe><Paragraphe>Si vous contractez une nouvelle affection, différente de celle qui a conduit à votre mise en CLD, vous avez droit à l'intégralité d'un nouveau CLD de 5 ans.</Paragraphe></Chapitre><Chapitre ID="T14024"><Titre><Paragraphe>Comment demander sa mise en CLD ?</Paragraphe></Titre><BlocCas affichage="radio"><Cas><Titre>Vous demandez votre mise en CLD</Titre><Paragraphe>Vous devez adresser à votre administration une demande de CLD, accompagnée d'un certificat de votre médecin traitant.</Paragraphe><Paragraphe>Votre médecin traitant adresse directement au secrétariat du <LienInterne LienPublication="F18085" type="Fiche Question-réponse conditionnée" audience="Particuliers">conseil médical</LienInterne> un résumé de ses observations et toute pièce justifiant votre situation.</Paragraphe><Paragraphe>Votre demande de CLD est soumise à l'avis du conseil médical.</Paragraphe><Paragraphe>Lors de l'instruction de votre dossier, le conseil médical peut recourir à l'expertise d'un médecin agréé.</Paragraphe><Paragraphe>Le médecin du travail de votre administration est informé de la réunion du conseil médical.</Paragraphe><Paragraphe>Il peut demander la communication de votre dossier médical et peut présenter des observations écrites ou assister à la réunion sans participer au vote.</Paragraphe><Paragraphe>Le conseil médical vous transmet son avis et le transmet également à votre administration.</Paragraphe><Paragraphe>Tant que vous n'avez pas épuisé la période de 3 ans de CLD rémunérée à plein traitement, le renouvellement de votre CLD est accordé par votre administration sans que le conseil médical soit saisi.</Paragraphe><Paragraphe>Vous devez pour cela adresser à votre administration un certificat médical de votre médecin précisant que le congé doit être prolongé et précisant la durée de cette prolongation (de 3 à 6 mois).</Paragraphe><Paragraphe>Votre administration vous soumet à un examen par un médecin agréé au moins une fois par an.</Paragraphe><Paragraphe>Si vous refusez de vous y soumettre, votre rémunération ne vous est plus versée.</Paragraphe><Paragraphe>Lorsque vous avez épuisé la période de 3 ans de CLD rémunérée à plein traitement, le renouvellement de votre congé est soumis à l'avis du conseil médical.</Paragraphe></Cas><Cas><Titre>Votre administration demande votre mise en CLD</Titre><Paragraphe>Votre administration saisit le conseil médical.</Paragraphe><Paragraphe>Elle informe le médecin du travail qui transmet un rapport au conseil médical.</Paragraphe><Paragraphe>Lors de l'instruction de votre dossier, le conseil médical peut recourir à l'expertise d'un médecin agréé.</Paragraphe><Paragraphe>Le médecin du travail de votre administration est informé de la réunion du conseil médical.</Paragraphe><Paragraphe>Il peut demander la communication de votre dossier médical et peut présenter des observations écrites ou assister à la réunion sans participer au vote.</Paragraphe><Paragraphe>Le conseil médical vous transmet son avis et le transmet également à votre administration.</Paragraphe><Paragraphe>Tant que vous n'avez pas épuisé la période de 3 ans de CLD rémunérée à plein traitement, le renouvellement de votre CLD est accordé par votre administration sans que le conseil médical soit saisi.</Paragraphe><Paragraphe>L'administration vous soumet à la fin de chaque période de CLD de 3 ou 6 mois à un examen médical par un médecin agréé. Votre CLD est renouvelé au vu de l'avis du médecin.</Paragraphe><Paragraphe>Si vous refusez de vous soumettre à ces examens médicaux, votre rémunération ne vous est plus versée.</Paragraphe><Paragraphe>Lorsque vous avez épuisé la période de 3 ans de CLD rémunérée à plein traitement, le renouvellement de votre congé est soumis à l'avis du conseil médical.</Paragraphe></Cas></BlocCas></Chapitre><Chapitre><Titre><Paragraphe>Comment le congé de longue durée est-il rémunéré ?</Paragraphe></Titre><Paragraphe>Votre <LienInterne LienPublication="F461" type="Fiche d'information conditionnée" audience="Particuliers">traitement indiciaire</LienInterne> vous est versé en totalité pendant 3 ans puis réduit de moitié les 2 années suivantes.</Paragraphe><Paragraphe><LienInterne LienPublication="F32511" type="Fiche d'information conditionnée" audience="Particuliers">L'indemnité de résidence</LienInterne> et le <LienInterne LienPublication="F32513" type="Fiche d'information conditionnée" audience="Particuliers">supplément familial de traitement (SFT)</LienInterne> vous sont versés en totalité pendant toute la durée de votre CLD, si vous percevez ces éléments de rémunération.</Paragraphe><Paragraphe>Si vous percevez la <LienInterne LienPublication="F32515" type="Fiche d'information conditionnée" audience="Particuliers">nouvelle bonification indiciaire (NBI)</LienInterne>, son versement est suspendu pendant votre CLD.</Paragraphe><Paragraphe>Le versement de vos primes et indemnités est suspendu pendant votre CLD.</Paragraphe><Paragraphe>Toutefois, en cas d'admission rétroactive en CLD à la suite d'une demande présentée au cours d'un congé de maladie ordinaire (CMO), vous conservez les primes versées pendant le CMO jusqu'à la date d'admission en CLD.</Paragraphe><ASavoir><Titre>À savoir</Titre><Paragraphe>Les honoraires et autres frais médicaux résultant des examens demandés par l'administration sont à la charge de l'administration. Il en est de même des éventuels frais de transport pour vous rendre à ces visites et examens. La prise en charge des frais de transport est subordonnée à la présentation de la prescription médicale de transport ainsi que d'une facture délivrée par le transporteur ou d'un justificatif de transport.</Paragraphe></ASavoir></Chapitre><Chapitre ID="T14840"><Titre><Paragraphe>Quelles sont vos obligations pendant votre CLD ?</Paragraphe></Titre><Paragraphe>Pendant votre congé de longue durée, vous devez respecter les obligations suivantes :</Paragraphe><Liste type="puce"><Item><Paragraphe>Cesser tout travail (sauf les activités ordonnées et contrôlées médicalement pour la réadaptation à l'emploi)</Paragraphe></Item><Item><Paragraphe>Informer votre administration de tout changement de résidence</Paragraphe></Item><Item><Paragraphe>Informer votre administration de toute absence de votre domicile supérieure à 2 semaines (sauf en cas d'hospitalisation) et indiquer vos dates et lieux de séjour</Paragraphe></Item></Liste><Paragraphe>Le non-respect de ces obligations peut entraîner l'interruption du versement de votre rémunération.</Paragraphe><Paragraphe>Votre rémunération est rétablie à partir du jour où vous cessez tout travail non autorisé ou vous soumettez aux visites de contrôle.</Paragraphe><Paragraphe>Le temps pendant lequel le versement de votre rémunération a été interrompu compte dans la période de CLD en cours.</Paragraphe></Chapitre><Chapitre ID="T14025"><Titre><Paragraphe>Quels sont les effets du congé de longue maladie sur votre carrière ?</Paragraphe></Titre><Paragraphe>Le temps passé en congé de longue durée est sans effet sur vos droits à avancement (d'échelon et de grade).</Paragraphe><Paragraphe>Il est également sans effet sur votre retraite.</Paragraphe><Paragraphe>Le temps passé en congé de longue durée ne réduit pas vos droits aux congés suivants :</Paragraphe><Liste type="puce"><Item><Paragraphe><LienInterne LienPublication="F488" type="Fiche d'information conditionnée" audience="Particuliers">Congés annuels</LienInterne></Paragraphe></Item><Item><Paragraphe>Congé de <LienInterne LienPublication="F519" type="Fiche d'information conditionnée" audience="Particuliers">maternité</LienInterne> ou d'<LienInterne LienPublication="F537" type="Fiche d'information conditionnée" audience="Particuliers">adoption</LienInterne></Paragraphe></Item><Item><Paragraphe><LienInterne LienPublication="F13765" type="Fiche d'information conditionnée" audience="Particuliers">Congé de 3 jours pour naissance ou adoption</LienInterne></Paragraphe></Item><Item><Paragraphe><LienInterne LienPublication="F583" type="Fiche d'information conditionnée" audience="Particuliers">Congé de paternité et d'accueil de l'enfant</LienInterne></Paragraphe></Item><Item><Paragraphe>Congé de formation professionnelle</Paragraphe></Item><Item><Paragraphe><LienInterne LienPublication="F17949" type="Fiche d'information conditionnée" audience="Particuliers">Congé de solidarité familiale</LienInterne></Paragraphe></Item><Item><Paragraphe><LienInterne LienPublication="F35001" type="Fiche d'information conditionnée" audience="Particuliers">Congé de proche aidant</LienInterne></Paragraphe></Item><Item><Paragraphe>Congé pour validation des acquis de l'expérience</Paragraphe></Item><Item><Paragraphe>Congé pour bilan de compétences</Paragraphe></Item><Item><Paragraphe>Congé pour formation syndicale</Paragraphe></Item><Item><Paragraphe>Congé de formation en matière d'hygiène et de sécurité si vous êtes représentant du personnel au CHSCT</Paragraphe></Item><Item><Paragraphe>Congé pour participer aux activités des organisations de jeunesse et d'éducation populaire, des fédérations et des associations sportives agréées</Paragraphe></Item><Item><Paragraphe><LienInterne LienPublication="F2335" type="Fiche d'information conditionnée" audience="Particuliers">Congé de représentation d'une association</LienInterne></Paragraphe></Item><Item><Paragraphe>Congé pour accomplir une période d'activité dans la réserve opérationnelle</Paragraphe></Item><Item><Paragraphe>Congé pour exercer des fonctions de préparation et d'encadrement des séjours de cohésion du service national universel</Paragraphe></Item><Item><Paragraphe><LienInterne LienPublication="F34105" type="Fiche d'information conditionnée" audience="Particuliers">Congé de citoyenneté</LienInterne></Paragraphe></Item></Liste><Rappel><Titre>Rappel</Titre><Paragraphe>si vous ne pouvez pas bénéficier de vos congés annuels en raison de congé de maladie, une partie de vos congés annuels peut être <LienInterne LienPublication="F12392" type="Fiche Question-réponse conditionnée" audience="Particuliers">reportée</LienInterne>.</Paragraphe></Rappel><Paragraphe>Les périodes pendant lesquelles vous êtes en congé de maladie ne vous donnent pas droit à des RTT.</Paragraphe><Paragraphe>Si vous êtes fonctionnaire stagiaire, les congés de maladie, au-delà d'une certaine durée, prolongent la <LienInterne LienPublication="F1895" type="Fiche Question-réponse conditionnée" audience="Particuliers">durée de votre stage</LienInterne>.</Paragraphe></Chapitre><Chapitre><Titre><Paragraphe>Que se passe-t-il en fin de congé ?</Paragraphe></Titre><Paragraphe>Pour pouvoir reprendre vos fonctions à la fin de votre CLD, vous devez fournir un certificat médical d'aptitude à la reprise.</Paragraphe><Paragraphe>Lorsque vous avez été en CLD pendant la durée maximum de 5 ans, votre reprise de fonctions est soumise à l'avis favorable du conseil médical.</Paragraphe><Paragraphe>Il en est de même si vous exercez des fonctions qui exigent des conditions de santé particulières ou si vous avez été mis d'office en CLD.</Paragraphe><BlocCas affichage="radio"><Cas><Titre>Avis favorable à votre reprise du travail</Titre><Paragraphe>Vous reprenez vos fonctions.</Paragraphe><Paragraphe>Votre poste de travail peut éventuellement être adapté à votre état de santé si nécessaire.</Paragraphe><Paragraphe>Le paiement du demi-traitement est maintenu si nécessaire jusqu'à la date de la décision de reprise de service.</Paragraphe><Paragraphe>En cas de refus de rejoindre votre poste de travail sans motif valable lié à votre état de santé, vous pouvez être licencié après avis de la commission administrative paritaire.</Paragraphe></Cas><Cas><Titre>Avis défavorable à votre reprise du travail sur vos fonctions antérieures</Titre><BlocCas affichage="radio"><Cas><Titre>Si vous êtes titulaire</Titre><Paragraphe>Vous pouvez bénéficier d'une <LienInterne LienPublication="F549" type="Fiche Question-réponse conditionnée" audience="Particuliers">période de préparation au reclassement</LienInterne> ou être directement reclassé sur un emploi compatible avec votre état de santé.</Paragraphe><Paragraphe>Si votre état de santé ne vous permet pas de reprendre votre travail et que vous n'avez pas droit à un CLD, vous pouvez être placé en <LienInterne LienPublication="F1690" type="Fiche Question-réponse conditionnée" audience="Particuliers">disponibilité d'office</LienInterne> si le conseil médical juge que votre état de santé va évoluer favorablement.</Paragraphe><Paragraphe>Si vous êtes reconnu définitivement inapte à l'exercice de tout emploi, vous pouvez être mis à la <LienInterne LienPublication="F550" type="Fiche d'information conditionnée" audience="Particuliers">retraite pour invalidité</LienInterne> quel que soit votre âge et quel que soit votre nombre de trimestres d'assurance retraite.</Paragraphe><Paragraphe>Le paiement du demi-traitement est maintenu si nécessaire jusqu'à la date de la décision de reclassement, de mise en disponibilité ou d'admission à la retraite.</Paragraphe><Paragraphe>En cas de refus du ou des postes proposés sans motif valable lié à votre état de santé, vous pouvez être licencié après avis de la commission administrative paritaire.</Paragraphe></Cas><Cas><Titre>Si vous êtes stagiaire</Titre><Paragraphe>Si votre état de santé ne vous permet pas de reprendre votre travail, vous pouvez être placé placé en congé non rémunéré pendant une période d'un an maximum renouvelable 2 fois si le conseil médical juge que votre état de santé va évoluer favorablement.</Paragraphe><Paragraphe>Le renouvellement de votre congé non rémunéré est prononcé après avis du conseil médical.</Paragraphe><Paragraphe>Si vous êtes reconnu définitivement inapte à l'exercice de tout emploi, à la fin de votre CLD ou de votre congé non rémunéré, vous êtes licencié.</Paragraphe><Paragraphe>Si vous étiez détaché pour stage et êtes titulaire d'un autre grade, il est mis fin à votre détachement pour stage et vous êtes remis à disposition de votre administration d'origine.</Paragraphe><Paragraphe>Dans votre administration d'origine, vous pouvez bénéficier d'une période de préparation au reclassement ou être directement reclassé sur un emploi compatible avec votre état de santé ou mis à la retraite pour invalidité.</Paragraphe><Paragraphe>Le paiement du demi-traitement est maintenu si nécessaire jusqu'à la date de la décision de reclassement, de mise en congé non rémunéré ou de licenciement.</Paragraphe><Paragraphe>En cas de refus du ou des postes proposés sans motif valable lié à votre état de santé, vous pouvez être licencié après avis de la commission administrative paritaire.</Paragraphe></Cas></BlocCas></Cas></BlocCas></Chapitre></Texte></Situation><Situation><Titre>Hospitalière (FPH)</Titre><Condition><estVrai var="T11235"/></Condition><Texte><Chapitre ID="T14020"><Titre><Paragraphe>Dans quel cas êtes-vous placé en congé de longue durée ?</Paragraphe></Titre><Paragraphe>Si vous êtes en <LienInterne LienPublication="F12413" type="Fiche Question-réponse conditionnée" audience="Particuliers">activité ou en détachement</LienInterne>, vous pouvez être placé en congé de longue durée (CLD) si vous êtes atteint par l'une des maladies suivantes et dans l'impossibilité d'exercer vos fonctions :</Paragraphe><Liste type="puce"><Item><Paragraphe>Cancer</Paragraphe></Item><Item><Paragraphe><LienIntra LienID="R18096" type="Définition de glossaire">Déficit immunitaire</LienIntra> grave et acquis</Paragraphe></Item><Item><Paragraphe>Maladie mentale</Paragraphe></Item><Item><Paragraphe>Tuberculose</Paragraphe></Item><Item><Paragraphe>Poliomyélite</Paragraphe></Item></Liste><Paragraphe>Le CLD est attribué à la fin de la 1<Exposant>re</Exposant> année de <LienInterne LienPublication="F18089" type="Fiche d'information conditionnée" audience="Particuliers">congé de longue maladie (CLM)</LienInterne> rémunérée à plein traitement.</Paragraphe><Paragraphe>Toutefois, si vous avez épuisé vos droits à l'année rémunérée à plein traitement d'un CLM, vous pouvez être placé directement en CLD.</Paragraphe><Paragraphe>Si vous êtes placé en CLD à la fin de votre 1<Exposant>re</Exposant> année de CLM à plein traitement, cette 1<Exposant>re</Exposant> année de CLM est reconsidérée comme une année de CLD.</Paragraphe><Paragraphe>À la fin de votre 1<Exposant>re</Exposant> année de CLM rémunérée à plein traitement, vous pouvez demander à être maintenu en CLM.</Paragraphe><Paragraphe>L'administration vous accorde la prolongation de votre CLM ou un CLD après avis du <LienInterne LienPublication="F18085" type="Fiche Question-réponse conditionnée" audience="Particuliers">conseil médical</LienInterne>.</Paragraphe><Paragraphe>Si vous obtenez la prolongation de votre CLM, vous ne pouvez alors plus bénéficier d'un CLD pour la même pathologie tant que vous n'avez pas repris vos fonctions au moins 1 an entre la fin de votre CLM et le début du CLD.</Paragraphe></Chapitre><Chapitre ID="T14023"><Titre><Paragraphe>Quelle est la durée du congé de longue durée ?</Paragraphe></Titre><Paragraphe>La durée maximale du CLD est fixée à 5 ans.</Paragraphe><Paragraphe>Le CLD peut être utilisé de façon continue ou discontinue.</Paragraphe><Paragraphe>Le CLD est accordé ou renouvelé par périodes de 3 à 6 mois.</Paragraphe><Paragraphe>Sa durée est fixée par l'administration sur proposition du conseil médical.</Paragraphe><Paragraphe>Vous ne pouvez pas obtenir plusieurs CLD, au cours de votre carrière, pour la même catégorie d'affections.</Paragraphe><Paragraphe>Si vous avez bénéficié d'un CLD pour l'une des 5 catégories d'affections y ouvrant droit, vous pouvez à nouveau être placé en CLD pour une affection de la même catégorie si vous n'avez pas épuisé vos droits aux 5 ans maximum de CLD.</Paragraphe><Paragraphe>Si vous contractez une nouvelle affection, différente de celle qui a conduit à votre mise en CLD, vous avez droit à l'intégralité d'un nouveau CLD de 5 ans.</Paragraphe></Chapitre><Chapitre ID="T14024"><Titre><Paragraphe>Comment demander sa mise en CLD ?</Paragraphe></Titre><BlocCas affichage="radio"><Cas><Titre>Vous demandez votre mise en CLD</Titre><Paragraphe>Vous devez adresser à votre administration une demande de CLD, accompagnée d'un certificat de votre médecin traitant.</Paragraphe><Paragraphe>Votre médecin traitant adresse directement au secrétariat du <LienInterne LienPublication="F18085" type="Fiche Question-réponse conditionnée" audience="Particuliers">conseil médical</LienInterne> un résumé de ses observations et toute pièce justifiant votre situation.</Paragraphe><Paragraphe>Votre demande de CLD est soumise à l'avis du conseil médical.</Paragraphe><Paragraphe>Lors de l'instruction de votre dossier, le conseil médical peut recourir à l'expertise d'un médecin agréé.</Paragraphe><Paragraphe>Le médecin du travail de votre administration est informé de la réunion du conseil médical.</Paragraphe><Paragraphe>Il peut demander la communication de votre dossier médical et peut présenter des observations écrites ou assister à la réunion sans participer au vote.</Paragraphe><Paragraphe>Le conseil médical vous transmet son avis et le transmet également à votre administration.</Paragraphe><Paragraphe>Tant que vous n'avez pas épuisé la période de 3 ans de CLD rémunérée à plein traitement, le renouvellement de votre CLD est accordé par votre administration sans que le conseil médical soit saisi.</Paragraphe><Paragraphe>Vous devez pour cela adresser à votre administration un certificat médical de votre médecin précisant que le congé doit être prolongé et précisant la durée de cette prolongation (de 3 à 6 mois).</Paragraphe><Paragraphe>Votre administration vous soumet à un examen par un médecin agréé au moins une fois par an.</Paragraphe><Paragraphe>Si vous refusez de vous y soumettre, votre rémunération ne vous est plus versée.</Paragraphe><Paragraphe>Lorsque vous avez épuisé la période de 3 ans de CLD rémunérée à plein traitement, le renouvellement de votre congé est soumis à l'avis du conseil médical.</Paragraphe></Cas><Cas><Titre>Votre administration demande votre mise en CLD</Titre><Paragraphe>Votre administration saisit le conseil médical.</Paragraphe><Paragraphe>Elle informe le médecin du travail qui transmet un rapport au conseil médical.</Paragraphe><Paragraphe>Lors de l'instruction de votre dossier, le conseil médical peut recourir à l'expertise d'un médecin agréé.</Paragraphe><Paragraphe>Le médecin du travail de votre administration est informé de la réunion du conseil médical.</Paragraphe><Paragraphe>Il peut demander la communication de votre dossier médical et peut présenter des observations écrites ou assister à la réunion sans participer au vote.</Paragraphe><Paragraphe>Le conseil médical vous transmet son avis et le transmet également à votre administration.</Paragraphe><Paragraphe>Tant que vous n'avez pas épuisé la période de 3 ans de CLD rémunérée à plein traitement, le renouvellement de votre CLD est accordé par votre administration sans que le conseil médical soit saisi.</Paragraphe><Paragraphe>L'administration vous soumet à la fin de chaque période de CLD de 3 ou 6 mois à un examen médical par un médecin agréé. Votre CLD est renouvelé au vu de l'avis du médecin.</Paragraphe><Paragraphe>Si vous refusez de vous soumettre à ces examens médicaux, votre rémunération ne vous est plus versée.</Paragraphe><Paragraphe>Lorsque vous avez épuisé la période de 3 ans de CLD rémunérée à plein traitement, le renouvellement de votre congé est soumis à l'avis du conseil médical.</Paragraphe></Cas></BlocCas></Chapitre><Chapitre><Titre><Paragraphe>Comment le congé de longue durée est-il rémunéré ?</Paragraphe></Titre><Paragraphe>Votre <LienInterne LienPublication="F461" type="Fiche d'information conditionnée" audience="Particuliers">traitement indiciaire</LienInterne> vous est versé en totalité pendant 3 ans puis réduit de moitié les 2 années suivantes.</Paragraphe><Paragraphe>L'indemnité de sujétion spéciale (ISS) vous est versée dans les mêmes proportions que le traitement : en totalité pendant 3 ans puis réduite de moitié les 2 années suivantes.</Paragraphe><Paragraphe><LienInterne LienPublication="F32511" type="Fiche d'information conditionnée" audience="Particuliers">L'indemnité de résidence</LienInterne> et le <LienInterne LienPublication="F32513" type="Fiche d'information conditionnée" audience="Particuliers">supplément familial de traitement (SFT)</LienInterne> vous sont versés en totalité pendant toute la durée de votre CLD, si vous percevez ces éléments de rémunération.</Paragraphe><Paragraphe>Si vous percevez la <LienInterne LienPublication="F32515" type="Fiche d'information conditionnée" audience="Particuliers">nouvelle bonification indiciaire (NBI)</LienInterne>, son versement est suspendu pendant votre CLD.</Paragraphe><ASavoir><Titre>À savoir</Titre><Paragraphe>Les honoraires et autres frais médicaux résultant des examens demandés par l'administration sont à la charge de l'administration. Il en est de même des éventuels frais de transport pour vous rendre à ces visites et examens. La prise en charge des frais de transport est subordonnée à la présentation de la prescription médicale de transport ainsi que d'une facture délivrée par le transporteur ou d'un justificatif de transport.</Paragraphe></ASavoir></Chapitre><Chapitre ID="T14840"><Titre><Paragraphe>Quelles sont vos obligations pendant votre CLD ?</Paragraphe></Titre><Paragraphe>Pendant votre congé de longue durée, vous devez respecter les obligations suivantes :</Paragraphe><Liste type="puce"><Item><Paragraphe>Cesser tout travail (sauf les activités ordonnées et contrôlées médicalement pour la réadaptation à l'emploi)</Paragraphe></Item><Item><Paragraphe>Informer votre administration de tout changement de résidence</Paragraphe></Item><Item><Paragraphe>Informer votre administration de toute absence de votre domicile supérieure à 2 semaines (sauf en cas d'hospitalisation) et indiquer vos dates et lieux de séjour</Paragraphe></Item></Liste><Paragraphe>Le non-respect de ces obligations peut entraîner l'interruption du versement de votre rémunération.</Paragraphe><Paragraphe>Votre rémunération est rétablie à partir du jour où vous cessez tout travail non autorisé ou vous soumettez aux visites de contrôle.</Paragraphe><Paragraphe>Le temps pendant lequel le versement de votre rémunération a été interrompu compte dans la période de CLD en cours.</Paragraphe></Chapitre><Chapitre ID="T14025"><Titre><Paragraphe>Quels sont les effets du congé de longue maladie sur votre carrière ?</Paragraphe></Titre><Paragraphe>Le temps passé en congé de longue durée est sans effet sur vos droits à avancement (d'échelon et de grade).</Paragraphe><Paragraphe>Il est également sans effet sur votre retraite.</Paragraphe><Paragraphe>Le temps passé en congé de longue durée ne réduit pas vos droits aux congés suivants :</Paragraphe><Liste type="puce"><Item><Paragraphe><LienInterne LienPublication="F488" type="Fiche d'information conditionnée" audience="Particuliers">Congés annuels</LienInterne></Paragraphe></Item><Item><Paragraphe>Congé de <LienInterne LienPublication="F519" type="Fiche d'information conditionnée" audience="Particuliers">maternité</LienInterne> ou d'<LienInterne LienPublication="F537" type="Fiche d'information conditionnée" audience="Particuliers">adoption</LienInterne></Paragraphe></Item><Item><Paragraphe><LienInterne LienPublication="F13765" type="Fiche d'information conditionnée" audience="Particuliers">Congé de 3 jours pour naissance ou adoption</LienInterne></Paragraphe></Item><Item><Paragraphe><LienInterne LienPublication="F583" type="Fiche d'information conditionnée" audience="Particuliers">Congé de paternité et d'accueil de l'enfant</LienInterne></Paragraphe></Item><Item><Paragraphe>Congé de formation professionnelle</Paragraphe></Item><Item><Paragraphe><LienInterne LienPublication="F17949" type="Fiche d'information conditionnée" audience="Particuliers">Congé de solidarité familiale</LienInterne></Paragraphe></Item><Item><Paragraphe><LienInterne LienPublication="F35001" type="Fiche d'information conditionnée" audience="Particuliers">Congé de proche aidant</LienInterne></Paragraphe></Item><Item><Paragraphe>Congé pour validation des acquis de l'expérience</Paragraphe></Item><Item><Paragraphe>Congé pour bilan de compétences</Paragraphe></Item><Item><Paragraphe>Congé pour formation syndicale</Paragraphe></Item><Item><Paragraphe>Congé de formation en matière d'hygiène et de sécurité si vous êtes représentant du personnel au CHSCT</Paragraphe></Item><Item><Paragraphe>Congé pour participer aux activités des organisations de jeunesse et d'éducation populaire, des fédérations et des associations sportives agréées</Paragraphe></Item><Item><Paragraphe><LienInterne LienPublication="F2335" type="Fiche d'information conditionnée" audience="Particuliers">Congé de représentation d'une association</LienInterne></Paragraphe></Item><Item><Paragraphe>Congé pour accomplir une période d'activité dans la réserve opérationnelle</Paragraphe></Item><Item><Paragraphe>Congé pour exercer des fonctions de préparation et d'encadrement des séjours de cohésion du service national universel</Paragraphe></Item><Item><Paragraphe><LienInterne LienPublication="F34105" type="Fiche d'information conditionnée" audience="Particuliers">Congé de citoyenneté</LienInterne></Paragraphe></Item></Liste><Rappel><Titre>Rappel</Titre><Paragraphe>si vous ne pouvez pas bénéficier de vos congés annuels en raison de congé de maladie, une partie de vos congés annuels peut être <LienInterne LienPublication="F12392" type="Fiche Question-réponse conditionnée" audience="Particuliers">reportée</LienInterne>.</Paragraphe></Rappel><Paragraphe>Les périodes pendant lesquelles vous êtes en congé de maladie ne vous donnent pas droit à des RTT.</Paragraphe><Paragraphe>Si vous êtes fonctionnaire stagiaire, les congés de maladie, au-delà d'une certaine durée, prolongent la <LienInterne LienPublication="F1895" type="Fiche Question-réponse conditionnée" audience="Particuliers">durée de votre stage</LienInterne>.</Paragraphe></Chapitre><Chapitre><Titre><Paragraphe>Que se passe-t-il en fin de congé ?</Paragraphe></Titre><Paragraphe>Pour pouvoir reprendre vos fonctions à la fin de votre CLD, vous devez fournir un certificat médical d'aptitude à la reprise.</Paragraphe><Paragraphe>Lorsque vous avez été en CLD pendant la durée maximum de 5 ans, votre reprise de fonctions est soumise à l'avis favorable du conseil médical.</Paragraphe><Paragraphe>Il en est de même si vous exercez des fonctions qui exigent des conditions de santé particulières ou si vous avez été mis d'office en CLD.</Paragraphe><BlocCas affichage="radio"><Cas><Titre>Avis favorable à votre reprise du travail</Titre><Paragraphe>Vous reprenez vos fonctions.</Paragraphe><Paragraphe>Votre poste de travail peut éventuellement être adapté à votre état de santé si nécessaire.</Paragraphe><Paragraphe>Le paiement du demi-traitement est maintenu si nécessaire jusqu'à la date de la décision de reprise de service.</Paragraphe></Cas><Cas><Titre>Avis défavorable à votre reprise du travail sur vos fonctions antérieures</Titre><BlocCas affichage="radio"><Cas><Titre>Si vous êtes titulaire</Titre><Paragraphe>Vous pouvez bénéficier d'une <LienInterne LienPublication="F549" type="Fiche Question-réponse conditionnée" audience="Particuliers">période de préparation au reclassement</LienInterne> ou être directement reclassé sur un emploi compatible avec votre état de santé.</Paragraphe><Paragraphe>Si votre état de santé ne vous permet pas de reprendre votre travail et que vous n'avez pas droit à un CLD, vous pouvez être placé en <LienInterne LienPublication="F1690" type="Fiche Question-réponse conditionnée" audience="Particuliers">disponibilité d'office</LienInterne> si le conseil médical juge que votre état de santé va évoluer favorablement.</Paragraphe><Paragraphe>Si vous êtes reconnu définitivement inapte à l'exercice de tout emploi, vous pouvez être mis à la <LienInterne LienPublication="F550" type="Fiche d'information conditionnée" audience="Particuliers">retraite pour invalidité</LienInterne> quel que soit votre âge et quel que soit votre nombre de trimestres d'assurance retraite.</Paragraphe><Paragraphe>Le paiement du demi-traitement est maintenu si nécessaire jusqu'à la date de la décision de reclassement, de mise en disponibilité ou d'admission à la retraite.</Paragraphe></Cas><Cas><Titre>Si vous êtes stagiaire</Titre><Paragraphe>Si votre état de santé ne vous permet pas de reprendre votre travail, vous pouvez être placé placé en congé non rémunéré pendant une période d'un an maximum renouvelable 2 fois si le conseil médical juge que votre état de santé va évoluer favorablement.</Paragraphe><Paragraphe>Le renouvellement de votre congé non rémunéré est prononcé après avis du conseil médical.</Paragraphe><Paragraphe>Si vous êtes reconnu définitivement inapte à l'exercice de tout emploi, à la fin de votre CLD ou de votre congé non rémunéré, vous êtes licencié.</Paragraphe><Paragraphe>Si vous étiez détaché pour stage et êtes titulaire d'un autre grade, il est mis fin à votre détachement pour stage et vous êtes remis à disposition de votre administration d'origine.</Paragraphe><Paragraphe>Dans votre administration d'origine, vous pouvez bénéficier d'une période de préparation au reclassement ou être directement reclassé sur un emploi compatible avec votre état de santé ou mis à la retraite pour invalidité.</Paragraphe><Paragraphe>Le paiement du demi-traitement est maintenu si nécessaire jusqu'à la date de la décision de reclassement, de mise en congé non rémunéré ou de licenciement.</Paragraphe></Cas></BlocCas></Cas></BlocCas></Chapitre></Texte></Situation></ListeSituations><Reference type="Texte de référence" URL="https://www.legifrance.gouv.fr/codes/section_lc/LEGITEXT000044416551/LEGISCTA000044420657/" ID="R44810"><Titre>Code de la fonction publique : articles L115-1 à L115-6</Titre></Reference><Reference type="Texte de référence" URL="https://www.legifrance.gouv.fr/codes/section_lc/LEGITEXT000044416551/LEGISCTA000044424001/" ID="R55729"><Titre>Code de la fonction publique : articles L822-12 à L822-17</Titre></Reference><Reference type="Texte de référence" URL="https://www.legifrance.gouv.fr/codes/section_lc/LEGITEXT000044416551/LEGISCTA000044424037/" ID="R1114"><Titre>Code de la fonction publique : articles L822-27 à L822-30</Titre></Reference><Reference type="Texte de référence" URL="https://www.legifrance.gouv.fr/loda/id/JORFTEXT000000884830" ID="R2389"><Titre>Décret n°86-442 du 14 mars 1986 relatif aux médecins agréés, aux comités médicaux et commissions de réforme, aux conditions d'aptitude physique et aux congés de maladie des fonctionnaires</Titre><Complement>Articles 29 à 47</Complement></Reference><Reference type="Texte de référence" URL="https://www.legifrance.gouv.fr/loda/id/JORFTEXT000000521836/" ID="R2345"><Titre>Décret n°87-602 du 30 juillet 1987 relatif à l'organisation des comités médicaux, aux conditions d'aptitude physique et au régime des congés de maladie des fonctionnaires territoriaux</Titre><Complement>Articles 20 à 37</Complement></Reference><Reference type="Texte de référence" URL="https://www.legifrance.gouv.fr/loda/id/JORFTEXT000000695289/" ID="R2396"><Titre>Décret n°88-386 du 19 avril 1988 relatif aux conditions d'aptitude physique et aux congés de maladie des agents de la fonction publique hospitalière</Titre><Complement>Articles 19 à 35</Complement></Reference><Reference type="Texte de référence" URL="https://www.legifrance.gouv.fr/loda/id/JORFTEXT000000362602/" ID="R875"><Titre>Décret n°93-522 du 26 mars 1993 relatif aux conditions de mise en œuvre de la NBI dans la FPE</Titre><Complement>Article 2</Complement></Reference><Reference type="Texte de référence" URL="https://www.legifrance.gouv.fr/loda/id/JORFTEXT000000728910/" ID="R2650"><Titre>Décret n°93-863 du 18 juin 1993 relatif aux conditions de mise en œuvre de la NBI dans la FPT</Titre><Complement>Article 2</Complement></Reference><Reference type="Texte de référence" URL="https://www.legifrance.gouv.fr/loda/id/JORFTEXT000000546248/" ID="R2332"><Titre>Décret n°94-139 du 14 février 1994 relatif aux conditions de mise en œuvre de la NBI dans la FPH</Titre><Complement>Article 2</Complement></Reference><Reference type="Texte de référence" URL="https://www.legifrance.gouv.fr/loda/id/JORFTEXT000022748868/" ID="R2042"><Titre>Décret n°2010-997 du 26 août 2010 relatif au régime de maintien des primes et indemnités des agents publics de l'État dans certaines situations de congés</Titre></Reference><Reference type="Texte de référence" URL="https://www.legifrance.gouv.fr/circulaire/id/16317" ID="R2240"><Titre>Circulaire du 30 janvier 1989 relative à la protection sociale des fonctionnaires et stagiaires de l'État contre les risques de maladie et d'accidents de service</Titre></Reference><Reference type="Texte de référence" URL="https://www.legifrance.gouv.fr/circulaire/id/32767" ID="R1203"><Titre>Circulaire du 22 mars 2011 relative au régime de maintien des primes et indemnités des agents publics de l'État dans certaines situations de congés</Titre></Reference><Reference type="Texte de référence" URL="http://www2.assemblee-nationale.fr/questions/detail/14/QE/60133" ID="R40760"><Titre>Réponse ministérielle du 31 mars 2015 relative aux activités ordonnées et contrôlées médicalement au titre de la réadaptation</Titre></Reference><Definition ID="R18096"><Titre>Déficit immunitaire</Titre><Texte><Paragraphe>Insuffisance des moyens de défense de l'organisme à le protéger contre les bactéries, virus ou parasites</Paragraphe></Texte></Definition><QuestionReponse ID="F12788" audience="Particuliers"><Titre>Un fonctionnaire peut-il bénéficier d'un temps partiel thérapeutique ?</Titre></QuestionReponse><QuestionReponse ID="F1895" audience="Particuliers"><Titre>Quels sont les effets des congés sur la durée du stage ?</Titre></QuestionReponse><QuestionReponse ID="F13825" audience="Particuliers"><Titre>Inaptitude d'un fonctionnaire stagiaire : quelles conséquences ?</Titre></QuestionReponse><QuestionReponse ID="F13712" audience="Particuliers"><Titre>Un agent public perd-il ses droits à RTT en congé maladie ?</Titre></QuestionReponse></Publication>