<?xml version="1.0" encoding="UTF-8"?><Publication xmlns:dc="http://purl.org/dc/elements/1.1/" xmlns:xsi="http://www.w3.org/2001/XMLSchema-instance" ID="F1850" type="Fiche d'information conditionnée" xsi:noNamespaceSchemaLocation="../Schemas/3.4/Publication.xsd" dateDerniereModificationImportante="2023-04-01T00:00:00" spUrl="https://www.service-public.fr/particuliers/vosdroits/F1850"><dc:title>Saisie sur compte bancaire</dc:title><dc:creator>Direction de l'information légale et administrative</dc:creator><dc:subject>Justice</dc:subject><dc:description>Si vous devez de l'argent, vous êtes débiteur. Un commissaire de justice (anciennement huissier de justice et commissaire-priseur judiciaire) peut faire une saisie sur votre compte bancaire (ou plusieurs de vos comptes) pour rembourser en partie ou en totalité votre créancier. Cette saisie est appelée saisie-attribution.</dc:description><dc:publisher>Direction de l'information légale et administrative</dc:publisher><dc:contributor>Direction de l'information légale et administrative (Premier ministre)</dc:contributor><dc:date>modified 2023-04-01</dc:date><dc:type>Fiche pratique</dc:type><dc:format>text/xml</dc:format><dc:identifier>F1850</dc:identifier><dc:source>https://www.legifrance.gouv.fr/codes/section_lc/LEGITEXT000025024948/LEGISCTA000025025802/, https://www.legifrance.gouv.fr/codes/section_lc/LEGITEXT000025024948/LEGISCTA000025938468/, https://www.legifrance.gouv.fr/codes/section_lc/LEGITEXT000025024948/LEGISCTA000025938483/, https://www.legifrance.gouv.fr/codes/section_lc/LEGITEXT000025024948/LEGISCTA000025938493/, https://www.legifrance.gouv.fr/codes/section_lc/LEGITEXT000025024948/LEGISCTA000025025791/, https://www.legifrance.gouv.fr/codes/section_lc/LEGITEXT000025024948/LEGISCTA000025938440</dc:source><dc:language>Fr</dc:language><dc:relation>isPartOf N277</dc:relation><dc:coverage>France entière</dc:coverage><dc:rights>https://www.service-public.fr/a-propos/mentions-legales</dc:rights><SurTitre>Fiche pratique</SurTitre><Audience>Particuliers</Audience><Canal>www.service-public.fr</Canal><FilDAriane><Niveau ID="Particuliers">Accueil particuliers</Niveau><Niveau ID="N19807">Justice</Niveau><Niveau ID="N277">Saisies et recouvrements</Niveau><Niveau ID="F1850" type="Fiche d'information conditionnée">Saisie sur compte bancaire</Niveau></FilDAriane><Theme ID="N19807"><Titre>Justice</Titre></Theme><SousThemePere ID="N20385">Réparation du préjudice</SousThemePere><DossierPere ID="N277"><Titre>Saisies et recouvrements</Titre><SousDossier ID="N277-1"><Titre>Saisie d'argent</Titre><Fiche ID="F115">Saisie sur salaire (ou "saisie des rémunérations")</Fiche><Fiche ID="F1850">Saisie sur compte bancaire</Fiche><Fiche ID="F31716">Saisie administrative à tiers détenteur (SATD)</Fiche><Fiche ID="F1437">Solde bancaire insaisissable (SBI)</Fiche></SousDossier><SousDossier ID="N277-2"><Titre>Saisie d'un bien</Titre><Fiche ID="F1748">Saisie conservatoire</Fiche><Fiche ID="F1751">Saisie-vente</Fiche><Fiche ID="F1752">Saisie du véhicule</Fiche><Fiche ID="F1763">Saisie-appréhension : livraison ou restitution d'un bien</Fiche><Fiche ID="F16987">Saisie immobilière</Fiche></SousDossier><SousDossier ID="N277-3"><Titre>Autre recouvrement</Titre><Fiche ID="F1744">Aide aux victimes d'infraction pénale pour recouvrer les dommages et intérêts</Fiche><Fiche ID="F783">Calcul de l'intérêt légal</Fiche></SousDossier></DossierPere><SousDossierPere>Saisie d'argent</SousDossierPere><Introduction><Texte><Paragraphe>Si vous devez de l'argent, vous êtes <LienIntra LienID="R12468" type="Définition de glossaire">débiteur</LienIntra>. Un commissaire de justice (anciennement huissier de justice et commissaire-priseur judiciaire) peut faire une saisie sur votre compte bancaire (ou plusieurs de vos comptes) pour rembourser en partie ou en totalité votre <LienIntra LienID="R15912" type="Définition de glossaire">créancier</LienIntra>. Cette saisie est appelée <Expression>saisie-attribution</Expression>.</Paragraphe></Texte></Introduction><Questionnaire><Question><Titre><Paragraphe>Vous êtes</Paragraphe></Titre><Choix><Titre><Paragraphe>Créancier</Paragraphe></Titre><IntituleSiSelectionne><Paragraphe>Vous êtes créancier</Paragraphe></IntituleSiSelectionne><SiSelectionne><affecteVrai var="T14245"/><affecteFaux var="T14246"/></SiSelectionne></Choix><Choix><Titre><Paragraphe>Débiteur</Paragraphe></Titre><IntituleSiSelectionne><Paragraphe>Vous êtes débiteur</Paragraphe></IntituleSiSelectionne><SiSelectionne><affecteVrai var="T14246"/><affecteFaux var="T14245"/></SiSelectionne></Choix></Question></Questionnaire><ListeSituations affichage="onglet"><Situation><Titre>Vous êtes débiteur</Titre><Condition><estVrai var="T14246"/></Condition><Texte><Chapitre><Titre><Paragraphe>Pour quelle dette ?</Paragraphe></Titre><Paragraphe>La <Expression>saisie-attribution</Expression> concerne uniquement les dettes de sommes d'argent reconnues par une décision de justice.</Paragraphe><Paragraphe>Votre <LienIntra LienID="R15912" type="Définition de glossaire">créancier</LienIntra> doit charger un <LienInterne LienPublication="F2158" type="Fiche d'information conditionnée" audience="Particuliers">commissaire de justice</LienInterne> de rédiger un <Expression>acte de saisie</Expression> sur votre compte bancaire (ou plusieurs comptes, si nécessaire).</Paragraphe><Paragraphe>Ensuite, le commissaire de justice <Expression>signifie</Expression>, c'est-à-dire délivre, cet <Expression>acte de saisie</Expression> à votre banque.</Paragraphe></Chapitre><Chapitre><Titre><Paragraphe>Comment êtes-vous informé de la saisie ?</Paragraphe></Titre><Paragraphe>Votre créancier doit charger un <LienInterne LienPublication="F2158" type="Fiche d'information conditionnée" audience="Particuliers">commissaire de justice</LienInterne> de rédiger un <Expression>acte de saisie</Expression> sur votre compte bancaire (ou plusieurs comptes, si nécessaire).</Paragraphe><Paragraphe>Ensuite, le commissaire de justice <LienIntra LienID="R10915" type="Définition de glossaire">signifie</LienIntra> cet <Expression>acte de saisie</Expression> à votre banque.</Paragraphe><Paragraphe>Le commissaire de justice doit vous informer, par <LienIntra LienID="R57151" type="Définition de glossaire">acte du commissaire de justice</LienIntra>, de la signification de la saisie à votre banque dans un <MiseEnEvidence>délai de 8 jours</MiseEnEvidence>.</Paragraphe><ASavoir><Titre>À savoir</Titre><Paragraphe>si le compte bancaire saisi est un compte joint, le commissaire de justice doit informer chaque titulaire du compte.</Paragraphe></ASavoir><Paragraphe>L'acte du commissaire de justice qui vous informe doit obligatoirement comporter les éléments suivants (sinon, il n'est pas valable) :</Paragraphe><Liste type="puce"><Item><Paragraphe>Copie du procès-verbal de saisie et reproduction des renseignements communiqués par la banque saisie (lorsque l'acte de saisie est signifié par mail)</Paragraphe></Item><Item><Paragraphe>En caractères très apparents, l'indication que vous pouvez contester la saisie par <LienIntra LienID="R12538" type="Définition de glossaire">assignation</LienIntra> dans le mois qui suit la signification à votre banque, l'indication de la date à laquelle expire ce délai, l'indication que vous devez informer le commissaire de justice de votre contestation par l'envoi le jour même d'une lettre recommandée avec accusé de réception</Paragraphe></Item><Item><Paragraphe>Tribunal devant lequel vous pouvez contester la saisie</Paragraphe></Item><Item><Paragraphe>Montant qui doit obligatoirement être laissé sur votre compte bancaire et du compte bancaire sur lequel ce montant est présent</Paragraphe></Item></Liste><ASavoir><Titre>À savoir</Titre><Paragraphe>l'acte doit indiquer que vous pouvez donner l'autorisation (par écrit et par l'intermédiaire du commissaire de justice) à votre <LienIntra LienID="R15912" type="Définition de glossaire">créancier</LienIntra> de se faire remettre sans délai par la banque le montant que vous devez (dette et frais du commissaire de justice).</Paragraphe></ASavoir></Chapitre><Chapitre><Titre><Paragraphe>Quelles sont les conséquences de la saisie ?</Paragraphe></Titre><Paragraphe>Durant les 15 <LienIntra LienID="R17508" type="Définition de glossaire">jours ouvrables</LienIntra> qui suivent la <LienIntra LienID="R10915" type="Définition de glossaire">signification</LienIntra> de la saisie à la banque, votre compte bancaire est bloqué.</Paragraphe><Paragraphe>Ce délai est sert à déterminer les sommes qui peuvent être saisies sur votre compte.</Paragraphe><ASavoir><Titre>À savoir</Titre><Paragraphe>durant ces 15 jours ouvrables, le solde de votre compte peut varier si des opérations faites avant la signification de la saisie à votre banque se concrétisent après un laps de temps (par exemple : chèque remis à votre banque).</Paragraphe></ASavoir><Paragraphe>Durant ces 15 jours ouvrables, vous ne pouvez pas faire d'opérations sur votre compte (par exemple, vous ne pouvez pas retirer de l'argent).</Paragraphe><Paragraphe>Toutefois, vous pouvez contacter le commissaire de justice pour convenir ensemble des conditions de la <LienIntra LienID="R2980" type="Définition de glossaire">mainlevée</LienIntra> de la saisie. Par exemple, vous pouvez convenir de débloquer le compte avant la fin du délai de 15 jours ouvrables en contrepartie de la mise en place d'un échéancier de paiement de la somme due.</Paragraphe></Chapitre><Chapitre><Titre><Paragraphe>Quel est le montant de la saisie ?</Paragraphe></Titre><TitreFlottant><Paragraphe>Comment est-il calculé ?</Paragraphe></TitreFlottant><Paragraphe>Il est interdit de saisir toutes les sommes sur votre compte bancaire, même si <MiseEnEvidence>ce que vous devez (votre dette et les <LienInterne LienPublication="F10404" type="Fiche Question-réponse conditionnée" audience="Particuliers">frais du commissaire de justice</LienInterne>)</MiseEnEvidence> dépassent le montant sur votre compte bancaire.</Paragraphe><Paragraphe><MiseEnEvidence>Il est obligatoire de vous laisser au minimum</MiseEnEvidence> <Valeur>607,75 €</Valeur> : c'est le<Expression> solde bancaire insaisissable (SBI)</Expression>.</Paragraphe><Paragraphe>Il est interdit de vous prendre les <MiseEnEvidence>sommes qui sont insaisissables</MiseEnEvidence>, compte tenu de leur origine (par exemple : minima sociaux). Pour cela, vous devez fournir à la banque des <MiseEnEvidence>justificatifs</MiseEnEvidence> de l'origine de ces sommes dans les 15 <LienIntra LienID="R17508" type="Définition de glossaire">jours ouvrables</LienIntra> qui suivent la <LienIntra LienID="R10915" type="Définition de glossaire">signification</LienIntra> de la saisie à la banque.</Paragraphe><Paragraphe>En conséquence, le montant saisi dépend du montant de votre compte et de l'origine des sommes :</Paragraphe><BlocCas affichage="radio"><Cas><Titre>Compte bancaire inférieur ou égal à 607,75 €</Titre><Exemple><Titre>Exemple</Titre><Paragraphe>Si votre compte bancaire a <Valeur>200 €</Valeur> avant la saisie, alors la banque laisse ces <Valeur>200 €</Valeur> sur le compte. Aucune somme n'est prélevée sur le compte.</Paragraphe></Exemple></Cas><Cas><Titre>Compte bancaire supérieur à 607,75 €</Titre><BlocCas affichage="radio"><Cas><Titre>Compte bancaire avec sommes insaisissables</Titre><BlocCas affichage="radio"><Cas><Titre>Sommes insaisissables inférieures à 607,75 €</Titre><Exemple><Titre>Exemple</Titre><Paragraphe>Si le jour de la saisie :</Paragraphe><Liste type="puce"><Item><Paragraphe>Le compte bancaire a <Valeur>1 000 €</Valeur>, dont <Valeur>200 €</Valeur> de sommes insaisissables</Paragraphe></Item><Item><Paragraphe>La saisie à faire est de <Valeur>500 €</Valeur></Paragraphe></Item><Item><Paragraphe>Le SBI est de <Valeur>607,75 €</Valeur></Paragraphe></Item></Liste><Paragraphe>Alors, après la saisie :</Paragraphe><Liste type="puce"><Item><Paragraphe>Il est laissé sur le compte le montant du SBI, soit <Valeur>607,75 €</Valeur> (car ce montant est supérieur à celui des sommes insaisissables)</Paragraphe></Item><Item><Paragraphe>La saisie faite est de <Valeur>1 000 €</Valeur> <MiseEnEvidence>-</MiseEnEvidence>  <Valeur>607,75 €</Valeur>  <MiseEnEvidence>=</MiseEnEvidence>  <Valeur>392,25 €</Valeur></Paragraphe></Item></Liste></Exemple></Cas><Cas><Titre>Sommes insaisissables supérieures à 607,75 €</Titre><Exemple><Titre>Exemple</Titre><Paragraphe>Si le jour de la saisie :</Paragraphe><Liste type="puce"><Item><Paragraphe>Le compte bancaire a <Valeur>1 000 €</Valeur>, dont <Valeur>700 €</Valeur> de sommes insaisissables</Paragraphe></Item><Item><Paragraphe>La saisie à faire est de <Valeur>500 €</Valeur></Paragraphe></Item><Item><Paragraphe>Le SBI est de <Valeur>607,75 €</Valeur></Paragraphe></Item></Liste><Paragraphe>Alors, après la saisie :</Paragraphe><Liste type="puce"><Item><Paragraphe>Il est laissé sur le compte le montant des sommes insaisissables, soit <Valeur>700 €</Valeur> (car ce montant est supérieur au SBI)</Paragraphe></Item><Item><Paragraphe>La saisie faite est de <Valeur>1 000 €</Valeur> <MiseEnEvidence>-</MiseEnEvidence> <Valeur>700 €</Valeur> <MiseEnEvidence>= </MiseEnEvidence>  <Valeur>300 €</Valeur></Paragraphe></Item></Liste></Exemple></Cas></BlocCas></Cas><Cas><Titre>Autre cas</Titre><Exemple><Titre>Exemple</Titre><Paragraphe>Si le jour de la saisie :</Paragraphe><Liste type="puce"><Item><Paragraphe>Le compte bancaire a <Valeur>1 000 €</Valeur>. Il ne comporte aucune somme insaisissable</Paragraphe></Item><Item><Paragraphe>La saisie à faire est de <Valeur>500 €</Valeur></Paragraphe></Item><Item><Paragraphe>Le SBI est de <Valeur>607,75 €</Valeur></Paragraphe></Item></Liste><Paragraphe>Alors, après la saisie :</Paragraphe><Liste type="puce"><Item><Paragraphe>Il est laissé sur le compte le montant du SBI, soit <Valeur>607,75 €</Valeur></Paragraphe></Item><Item><Paragraphe>La saisie faite est de <Valeur>1 000 €</Valeur> <MiseEnEvidence>-</MiseEnEvidence>  <Valeur>607,75 €</Valeur>  <MiseEnEvidence>=</MiseEnEvidence>  <Valeur>392,25 €</Valeur></Paragraphe></Item></Liste></Exemple></Cas></BlocCas></Cas></BlocCas><TitreFlottant><Paragraphe>Quelles sont les sommes insaisissables ?</Paragraphe></TitreFlottant><Paragraphe>Certaines sommes sont <MiseEnEvidence>insaisissables en totalité</MiseEnEvidence> :</Paragraphe><Liste type="puce"><Item><Paragraphe>Prime d'activité</Paragraphe></Item><Item><Paragraphe>Indemnités représentatives de frais professionnels</Paragraphe></Item><Item><Paragraphe>Indemnités en capital ou rentes pour accident de travail</Paragraphe></Item><Item><Paragraphe>Indemnités de départ consécutif à la situation économique de l'entreprise</Paragraphe></Item><Item><Paragraphe>Allocation personnalisée d'autonomie (Apa)</Paragraphe></Item><Item><Paragraphe>Allocation aux adultes handicapés (AAH) et majoration pour la vie autonome (MVA) sauf pour le paiement des frais d'entretien de la personne handicapée</Paragraphe></Item><Item><Paragraphe>Allocation de solidarité spécifique (ASS)</Paragraphe></Item></Liste><Paragraphe>Certaines sommes sont <MiseEnEvidence>insaisissables en partie seulement</MiseEnEvidence> :</Paragraphe><Liste type="puce"><Item><Paragraphe>Salaire net</Paragraphe></Item><Item><Paragraphe>Majorations de salaire pour heures supplémentaires</Paragraphe></Item><Item><Paragraphe>Avantages en nature</Paragraphe></Item><Item><Paragraphe>Indemnités journalières de maladie, de maternité et d'accident du travail</Paragraphe></Item><Item><Paragraphe>Allocations complémentaires servies en cas de réduction d'horaire (chômage partiel, passage temporaire à mi-temps)</Paragraphe></Item><Item><Paragraphe>Indemnités de chômage (allocations, aides ainsi que toute autre prestation versées par France Travail (anciennement Pôle emploi))</Paragraphe></Item><Item><Paragraphe>Indemnité de départ volontaire à la retraite</Paragraphe></Item><Item><Paragraphe>Allocation de retour à l'emploi (ARE)</Paragraphe></Item><Item><Paragraphe>Pensions et rentes viagères d'invalidité</Paragraphe></Item><Item><Paragraphe>Pensions de retraite et pensions de réversion</Paragraphe></Item><Item><Paragraphe>Allocation de solidarité aux personnes âgées (Aspa)</Paragraphe></Item></Liste><ASavoir><Titre>À savoir</Titre><Paragraphe>les prestations familiales peuvent être saisies <LienInterne LienPublication="F863" type="Fiche Question-réponse conditionnée" audience="Particuliers">seulement dans certains cas et pour le paiement de certaines créances seulement</LienInterne>.</Paragraphe></ASavoir></Chapitre><Chapitre><Titre><Paragraphe>Comment contester la saisie ?</Paragraphe></Titre><TitreFlottant><Paragraphe>Conditions</Paragraphe></TitreFlottant><Paragraphe>Vous pouvez contester la saisie <MiseEnEvidence>1 mois</MiseEnEvidence> après que le commissaire de justice vous a informé, par <LienIntra LienID="R57151" type="Définition de glossaire">acte du commissaire de justice</LienIntra>, de la <LienIntra LienID="R10915" type="Définition de glossaire">signification</LienIntra> de la saisie à votre banque.</Paragraphe><Paragraphe>Pour cela, vous devez :</Paragraphe><Liste type="numero"><Item><Paragraphe><LienInterne LienPublication="F20851" type="Fiche d'information conditionnée" audience="Particuliers">Recourir, par assignation, au juge de l'exécution (JEX)</LienInterne> du lieu où vous habitez</Paragraphe></Item><Item><Paragraphe>Informer le commissaire de justice de votre contestation, par lettre recommandée avec accusé de réception, le jour même ou le 1<Exposant>er</Exposant> <LienIntra LienID="R17508" type="Définition de glossaire">jour ouvrable</LienIntra> suivant</Paragraphe></Item><Item><Paragraphe>Informer la banque de votre contestation, par lettre simple</Paragraphe></Item><Item><Paragraphe>Remettre une copie de cette assignation au greffe du JEX, au plus tard le jour de l'audience</Paragraphe></Item></Liste><TitreFlottant><Paragraphe>Conséquences</Paragraphe></TitreFlottant><Paragraphe>Le paiement du créancier est différé jusqu'à ce que le juge de l'exécution (JEX) rende sa décision (<Expression>ordonnance</Expression>).</Paragraphe><Paragraphe>Pour obtenir le paiement, le commissaire de justice doit présenter à la banque <Expression>l'ordonnance de rejet</Expression> rendu par le juge à l'encontre de votre contestation.</Paragraphe><Paragraphe>La banque paie alors le <LienIntra LienID="R15912" type="Définition de glossaire">créancier</LienIntra>.</Paragraphe></Chapitre><Chapitre><Titre><Paragraphe>En l'absence de contestation</Paragraphe></Titre><BlocCas affichage="radio"><Cas><Titre>Le délai de contestation est dépassé</Titre><Paragraphe>Vous pouvez contester la saisie <MiseEnEvidence>1 mois</MiseEnEvidence> après que le commissaire de justice vous a informé, par <LienIntra LienID="R57151" type="Définition de glossaire">acte du commissaire de justice</LienIntra>, de la <LienIntra LienID="R10915" type="Définition de glossaire">signification</LienIntra> de la saisie à votre banque.</Paragraphe><Paragraphe>Passé ce délai, pour obtenir le paiement de ce que vous devez, le commissaire de justice doit présenter à la banque un certificat attestant que vous ne contestez pas la saisie.</Paragraphe><Paragraphe>La banque paie alors le <LienIntra LienID="R15912" type="Définition de glossaire">créancier</LienIntra>.</Paragraphe></Cas><Cas><Titre>Vous acceptez la saisie</Titre><Paragraphe>Vous pouvez (par écrit) autoriser votre <LienIntra LienID="R15912" type="Définition de glossaire">créancier</LienIntra> à se faire remettre sans délai par la banque le montant que vous devez (dette et frais du commissaire de justice).</Paragraphe><Paragraphe>Vous devez remettre ce document au commissaire de justice pour qu'il le <LienIntra LienID="R10915" type="Définition de glossaire">signifie</LienIntra> à la banque.</Paragraphe><Paragraphe>La banque paie alors le créancier.</Paragraphe></Cas></BlocCas></Chapitre></Texte></Situation><Situation><Titre>Vous êtes créancier</Titre><Condition><estVrai var="T14245"/></Condition><Texte><Chapitre><Titre><Paragraphe>Quelles sont les conditions ?</Paragraphe></Titre><Paragraphe>La <Expression>saisie-attribution</Expression> s'applique uniquement à des <LienIntra LienID="R12474" type="Définition de glossaire">créances</LienIntra> sur des sommes d'argent.</Paragraphe><Paragraphe>Vous devez être muni d'un <LienIntra LienID="R1056" type="Définition de glossaire">titre exécutoire</LienIntra>, constatant une créance évaluée en argent et exigible (la date prévue pour son remboursement est dépassée).</Paragraphe><Paragraphe>Vous devez vous adresser à un <LienInterne LienPublication="F2158" type="Fiche d'information conditionnée" audience="Particuliers">commissaire de justice</LienInterne>, qui se chargera d'établir un <Expression>acte de saisie</Expression> et de le <LienIntra LienID="R10915" type="Définition de glossaire">signifier</LienIntra> à la banque du <LienIntra LienID="R12468" type="Définition de glossaire">débiteur</LienIntra>. Et dans un délai de 8 jours, il informe le débiteur de la signification de la saisie à sa banque.</Paragraphe></Chapitre><Chapitre><Titre><Paragraphe>Quel est le montant de la saisie ?</Paragraphe></Titre><Paragraphe>Il est interdit de saisir toutes les sommes présentes sur le compte bancaire, même si le <MiseEnEvidence>montant de la <LienIntra LienID="R12474" type="Définition de glossaire">créance</LienIntra> et des <LienInterne LienPublication="F10404" type="Fiche Question-réponse conditionnée" audience="Particuliers">frais du commissaire de justice </LienInterne></MiseEnEvidence>dépassent le montant sur le compte bancaire.</Paragraphe><Paragraphe>En effet,<MiseEnEvidence> il est obligatoire de laisser au minimum</MiseEnEvidence> <Valeur>607,75 €</Valeur>, c'est le <Expression>solde bancaire insaisissable (SBI)</Expression>.</Paragraphe><Paragraphe>Il est interdit de prélever<MiseEnEvidence> certaines sommes qui sont insaisissables, compte tenu de leur origine</MiseEnEvidence> (par exemple : minima sociaux).</Paragraphe><Paragraphe>En conséquence, le montant saisi dépend du montant sur le compte et de l'origine des sommes :</Paragraphe><BlocCas affichage="radio"><Cas><Titre>Compte bancaire inférieur ou égal à 607,75 €</Titre><Exemple><Titre>Exemple</Titre><Paragraphe>Si votre compte bancaire a <Valeur>200 €</Valeur> avant la saisie, alors la banque laisse ces <Valeur>200 €</Valeur> sur le compte. Aucune somme n'est prélevée sur le compte.</Paragraphe></Exemple></Cas><Cas><Titre>Compte bancaire supérieur à 607,75 €</Titre><BlocCas affichage="radio"><Cas><Titre>Compte bancaire avec sommes insaisissables</Titre><BlocCas affichage="radio"><Cas><Titre>Sommes insaisissables inférieures à 607,75 €</Titre><Exemple><Titre>Exemple</Titre><Paragraphe>Si le jour de la saisie :</Paragraphe><Liste type="puce"><Item><Paragraphe>Le compte bancaire a <Valeur>1 000 €</Valeur>, dont <Valeur>200 €</Valeur> de sommes insaisissables</Paragraphe></Item><Item><Paragraphe>La saisie à faire est de <Valeur>500 €</Valeur></Paragraphe></Item><Item><Paragraphe>Le SBI est de <Valeur>607,75 €</Valeur></Paragraphe></Item></Liste><Paragraphe>Alors, après la saisie :</Paragraphe><Liste type="puce"><Item><Paragraphe>Il est laissé sur le compte le montant du SBI, soit <Valeur>607,75 €</Valeur> (car ce montant est supérieur à celui des sommes insaisissables)</Paragraphe></Item><Item><Paragraphe>La saisie faite est de <Valeur>1 000 €</Valeur> <MiseEnEvidence>-</MiseEnEvidence>  <Valeur>607,75 €</Valeur>  <MiseEnEvidence>=</MiseEnEvidence>  <Valeur>392,25 €</Valeur></Paragraphe></Item></Liste></Exemple></Cas><Cas><Titre>Sommes insaisissables supérieures à 607,75 €</Titre><Exemple><Titre>Exemple</Titre><Paragraphe>Si le jour de la saisie :</Paragraphe><Liste type="puce"><Item><Paragraphe>Le compte bancaire a <Valeur>1 000 €</Valeur>, dont <Valeur>700 €</Valeur> de sommes insaisissables</Paragraphe></Item><Item><Paragraphe>La saisie à faire est de <Valeur>500 €</Valeur></Paragraphe></Item><Item><Paragraphe>Le SBI est de <Valeur>607,75 €</Valeur></Paragraphe></Item></Liste><Paragraphe>Alors, après la saisie :</Paragraphe><Liste type="puce"><Item><Paragraphe>Il est laissé sur le compte le montant des sommes insaisissables, soit <Valeur>700 €</Valeur> (car ce montant est supérieur au SBI)</Paragraphe></Item><Item><Paragraphe>La saisie faite est de <Valeur>1 000 €</Valeur> <MiseEnEvidence>-</MiseEnEvidence> <Valeur>700 €</Valeur> <MiseEnEvidence>= </MiseEnEvidence>  <Valeur>300 €</Valeur></Paragraphe></Item></Liste></Exemple></Cas></BlocCas></Cas><Cas><Titre>Autre cas</Titre><Exemple><Titre>Exemple</Titre><Paragraphe>Si le jour de la saisie :</Paragraphe><Liste type="puce"><Item><Paragraphe>Le compte bancaire a <Valeur>1 000 €</Valeur>. Il ne comporte aucune somme insaisissable</Paragraphe></Item><Item><Paragraphe>La saisie à faire est de <Valeur>500 €</Valeur></Paragraphe></Item><Item><Paragraphe>Le SBI est de <Valeur>607,75 €</Valeur></Paragraphe></Item></Liste><Paragraphe>Alors, après la saisie :</Paragraphe><Liste type="puce"><Item><Paragraphe>Il est laissé sur le compte le montant du SBI, soit <Valeur>607,75 €</Valeur></Paragraphe></Item><Item><Paragraphe>La saisie faite est de <Valeur>1 000 €</Valeur> <MiseEnEvidence>-</MiseEnEvidence>  <Valeur>607,75 €</Valeur>  <MiseEnEvidence>=</MiseEnEvidence>  <Valeur>392,25 €</Valeur></Paragraphe></Item></Liste></Exemple></Cas></BlocCas></Cas></BlocCas><TitreFlottant><Paragraphe>Quelles sont les sommes insaisissables ?</Paragraphe></TitreFlottant><Paragraphe>Certaines sommes sont insaisissables en totalité :</Paragraphe><Liste type="puce"><Item><Paragraphe>Prime d'activité</Paragraphe></Item><Item><Paragraphe>Indemnités représentatives de frais professionnels</Paragraphe></Item><Item><Paragraphe>Indemnités en capital ou rentes pour accident de travail</Paragraphe></Item><Item><Paragraphe>Indemnités de départ consécutif à la situation économique de l'entreprise</Paragraphe></Item><Item><Paragraphe>Allocation personnalisée d'autonomie (Apa)</Paragraphe></Item><Item><Paragraphe>Allocation aux adultes handicapés (AAH) et majoration pour la vie autonome (MVA) sauf pour le paiement des frais d'entretien de la personne handicapée</Paragraphe></Item><Item><Paragraphe>Allocation de solidarité spécifique (ASS)</Paragraphe></Item></Liste><Paragraphe>Certaines sommes sont insaisissables en partie seulement :</Paragraphe><Liste type="puce"><Item><Paragraphe>Salaire net</Paragraphe></Item><Item><Paragraphe>Majorations de salaire pour heures supplémentaires</Paragraphe></Item><Item><Paragraphe>Avantages en nature</Paragraphe></Item><Item><Paragraphe>Indemnités journalières de maladie, de maternité et d'accident du travail</Paragraphe></Item><Item><Paragraphe>Allocations complémentaires servies en cas de réduction d'horaire (chômage partiel, passage temporaire à mi-temps)</Paragraphe></Item><Item><Paragraphe>Indemnités de chômage (allocations, aides ainsi que toute autre prestation versées par France Travail (anciennement Pôle emploi))</Paragraphe></Item><Item><Paragraphe>Indemnité de départ volontaire à la retraite</Paragraphe></Item><Item><Paragraphe>Allocation de retour à l'emploi (ARE)</Paragraphe></Item><Item><Paragraphe>Pensions et rentes viagères d'invalidité</Paragraphe></Item><Item><Paragraphe>Pensions de retraite et pensions de réversion</Paragraphe></Item><Item><Paragraphe>Allocation de solidarité aux personnes âgées (Aspa)</Paragraphe></Item></Liste><ASavoir><Titre>À savoir</Titre><Paragraphe>les prestations familiales peuvent être saisies <LienInterne LienPublication="F863" type="Fiche Question-réponse conditionnée" audience="Particuliers">seulement dans certains cas et pour le paiement de certaines créances seulement</LienInterne>.</Paragraphe></ASavoir></Chapitre><Chapitre><Titre><Paragraphe>Quand a lieu le paiement de la somme saisie ?</Paragraphe></Titre><BlocCas affichage="radio"><Cas><Titre>Le débiteur conteste la saisie</Titre><Paragraphe>Si le <LienIntra LienID="R12468" type="Définition de glossaire">débiteur</LienIntra> conteste la saisie dans le mois qui suit la date de<Expression> l'acte de saisie</Expression>, le paiement est différé jusqu'à ce que le juge de l'exécution (JEX) rende sa décision (<Expression>son ordonnance</Expression>).</Paragraphe><Paragraphe>Pour obtenir le paiement, le commissaire de justice doit présenter à la banque<Expression> l'ordonnance de rejet</Expression> rendue par le juge à l'encontre de la contestation du <LienIntra LienID="R12468" type="Définition de glossaire">débiteur</LienIntra>.</Paragraphe><Paragraphe>La banque vous paie ensuite.</Paragraphe></Cas><Cas><Titre>Le débiteur laisse passer le délai d'un mois</Titre><Paragraphe>Si le <LienIntra LienID="R12468" type="Définition de glossaire">débiteur</LienIntra> ne conteste pas la saisie dans le mois qui suit la date de l'acte de saisie, le commissaire de justice doit présenter à la banque un certificat attestant l'absence de contestation.</Paragraphe><Paragraphe>La banque vous paie ensuite.</Paragraphe></Cas><Cas><Titre>Le débiteur accepte la saisie</Titre><Paragraphe>Le <LienIntra LienID="R12468" type="Définition de glossaire">débiteur</LienIntra> peut accepter la saisie (par écrit) après en avoir été informé de l'acte de saisie.</Paragraphe><Paragraphe>Le commissaire de justice doit <LienIntra LienID="R10915" type="Définition de glossaire">signifier</LienIntra> ce document à la banque.</Paragraphe><Paragraphe>La banque vous paie ensuite.</Paragraphe></Cas></BlocCas></Chapitre></Texte></Situation></ListeSituations><VoirAussi important="non"><Fiche ID="F1437" audience="Particuliers"><Titre>Solde bancaire insaisissable (SBI)</Titre><Theme ID="N19807"><Titre>Justice</Titre></Theme></Fiche></VoirAussi><QuiPeutMAider ID="R11621" sve="non" type="Local personnalisé sur SP"><Titre>Maison de justice et du droit</Titre><PivotLocal>mjd</PivotLocal><RessourceWeb URL="http://www.annuaires.justice.gouv.fr/lieux-dacces-aux-droits-10111/"/><Source ID="R30663">Ministère chargé de la justice</Source></QuiPeutMAider><Reference type="Texte de référence" URL="https://www.legifrance.gouv.fr/codes/section_lc/LEGITEXT000025024948/LEGISCTA000025025802/" ID="R33158"><Titre>Code des procédures civiles d'exécution : articles L211-1 à L211-5</Titre><Complement>Saisie-attribution (principes)</Complement></Reference><Reference type="Texte de référence" URL="https://www.legifrance.gouv.fr/codes/section_lc/LEGITEXT000025024948/LEGISCTA000025938468/" ID="R33159"><Titre>Code des procédures civiles d'exécution : articles R211-1 à R211-3</Titre><Complement>Procédure de saisie</Complement></Reference><Reference type="Texte de référence" URL="https://www.legifrance.gouv.fr/codes/section_lc/LEGITEXT000025024948/LEGISCTA000025938483/" ID="R33161"><Titre>Code des procédures civiles de l'exécution : articles R211-6 à R211-9</Titre><Complement>Paiement de la somme saisie</Complement></Reference><Reference type="Texte de référence" URL="https://www.legifrance.gouv.fr/codes/section_lc/LEGITEXT000025024948/LEGISCTA000025938493/" ID="R33162"><Titre>Code des procédures civiles de l'exécution : articles R211-10 à R211-13</Titre><Complement>Recours</Complement></Reference><Reference type="Texte de référence" URL="https://www.legifrance.gouv.fr/codes/section_lc/LEGITEXT000025024948/LEGISCTA000025025791/" ID="R33164"><Titre>Code des procédures civiles de l'exécution : articles L162-1 et L162-2</Titre><Complement>Montant des sommes saisies sur le compte bancaire</Complement></Reference><Reference type="Texte de référence" URL="https://www.legifrance.gouv.fr/codes/section_lc/LEGITEXT000025024948/LEGISCTA000025938440" ID="R33163"><Titre>Code des procédures civiles de l'exécution : articles R162-1 à R162-9</Titre><Complement>Paiement de la somme saisie</Complement></Reference><Definition ID="R12468"><Titre>Débiteur</Titre><Texte><Paragraphe>Personne tenue envers une autre d'exécuter une obligation (qui peut être le versement d'une somme d'argent)</Paragraphe></Texte></Definition><Definition ID="R15912"><Titre>Créancier</Titre><Texte><Paragraphe>Personne à qui l'on doit de l'argent ou la fourniture d'une prestation</Paragraphe></Texte></Definition><Definition ID="R10915"><Titre>Signification</Titre><Texte><Paragraphe>Acte par lequel une partie informe son adversaire d'un acte ou d'une décision de justice par l'intermédiaire d'un commissaire de justice (anciennement huissier de justice et commissaire-priseur judiciaire)</Paragraphe></Texte></Definition><Definition ID="R57151"><Titre>Acte d'huissier (à présent appelé commissaire de justice)</Titre><Texte><Paragraphe>Document rédigé par un commissaire de justice (anciennement huissier de justice et commissaire-priseur judiciaire). L'acte de commissaire de justice (anciennement acte d'huissier de justice) peut notamment servir à constater un fait, accomplir une formalité de procédure ou engager une voie d'exécution (saisie, expulsion, ...). Exemples d'acte de commissaire de justice : constat, notification ...</Paragraphe></Texte></Definition><Definition ID="R12538"><Titre>Assignation</Titre><Texte><Paragraphe>Acte du commissaire de justice (anciennement acte d'huissier de justice) informant une personne qu'un procès est engagé contre elle et la convoquant devant une juridiction</Paragraphe></Texte></Definition><Definition ID="R17508"><Titre>Jour ouvrable</Titre><Texte><Paragraphe>Correspond à tous les jours de la semaine, à l'exception du jour de repos hebdomadaire (généralement le dimanche) et des jours fériés habituellement non travaillés dans l'entreprise</Paragraphe></Texte></Definition><Definition ID="R2980"><Titre>Mainlevée</Titre><Texte><Paragraphe>Acte juridique par lequel il est mis fin à une situation créant un obstacle. Par exemple : mainlevée de saisies, mainlevée d'hypothèque.</Paragraphe></Texte></Definition><Definition ID="R12474"><Titre>Créance</Titre><Texte><Paragraphe>Droit permettant à une personne d'exiger quelque chose d'une autre personne, en général le paiement d'une somme d'argent. Terme souvent utilisé pour désigner la somme due.</Paragraphe></Texte></Definition><Definition ID="R1056"><Titre>Titre exécutoire</Titre><Texte><Paragraphe>Écrit permettant au créancier d'obtenir le recouvrement forcé de sa créance</Paragraphe></Texte></Definition><QuestionReponse ID="F31185" audience="Particuliers"><Titre>Quels sont les types de revenus saisissables ?</Titre></QuestionReponse><QuestionReponse ID="F10404" audience="Particuliers"><Titre>Qui doit payer l'huissier de justice (à présent appelé commissaire de justice) qui se charge de réclamer un impayé ?</Titre></QuestionReponse></Publication>