<?xml version="1.0" encoding="UTF-8"?><Publication xmlns:dc="http://purl.org/dc/elements/1.1/" xmlns:xsi="http://www.w3.org/2001/XMLSchema-instance" ID="F18594" type="Fiche Question-réponse conditionnée" xsi:noNamespaceSchemaLocation="../Schemas/3.4/Publication.xsd" dateDerniereModificationImportante="2021-01-01T00:00:00" spUrl="https://www.service-public.fr/particuliers/vosdroits/F18594"><dc:title>Voyage à l'étranger : quels documents faut-il pour conduire ?</dc:title><dc:creator>Direction de l'information légale et administrative</dc:creator><dc:subject>Transports - Mobilité</dc:subject><dc:description>Pour conduire à l'étranger, vous devez vous munir des documents attestant de votre droit à conduire et de votre assurance automobile.</dc:description><dc:publisher>Direction de l'information légale et administrative</dc:publisher><dc:contributor>Direction de l'information légale et administrative (Premier ministre)</dc:contributor><dc:date>modified 2022-07-07</dc:date><dc:type>Question-réponse</dc:type><dc:format>text/xml</dc:format><dc:identifier>F18594</dc:identifier><dc:source>http://eur-lex.europa.eu/legal-content/FR/TXT/?uri=celex:32006L0126</dc:source><dc:language>Fr</dc:language><dc:relation>isPartOf N31345</dc:relation><dc:coverage>France entière</dc:coverage><dc:rights>https://www.service-public.fr/a-propos/mentions-legales</dc:rights><SurTitre>Question-réponse</SurTitre><Audience>Particuliers</Audience><Canal>www.service-public.fr</Canal><FilDAriane><Niveau ID="Particuliers">Accueil particuliers</Niveau><Niveau ID="N19812">Transports - Mobilité</Niveau><Niveau ID="N31345">Conduire à l'étranger</Niveau><Niveau ID="F18594" type="Fiche Question-réponse conditionnée">Voyage à l'étranger : quels documents faut-il pour conduire ?</Niveau></FilDAriane><Theme ID="N19812"><Titre>Transports - Mobilité</Titre></Theme><DossierPere ID="N31345"><Titre>Conduire à l'étranger</Titre><Fiche ID="F420">Conduire en Europe (UE/EEE) avec un permis français</Fiche><Fiche ID="F11534">Permis international : voyager hors Europe avec le permis français</Fiche><Fiche ID="F15136">Sécurité routière : règles pour conduire en Europe</Fiche><Fiche ID="F15097">Infraction routière en Europe</Fiche></DossierPere><ListeSituations affichage="onglet"><Situation><Titre>En Europe (UE/EEE)</Titre><Texte><Paragraphe>Vous pouvez <LienInterne LienPublication="F420" type="Fiche d'information conditionnée" audience="Particuliers">conduire en Europe (UE/EEE) avec votre permis de conduire français valide</LienInterne>.</Paragraphe><Paragraphe>Si vous conduisez votre propre véhicule, vous devez avoir avec vous les documents suivants :</Paragraphe><Liste type="puce"><Item><Paragraphe>Certificat d'immatriculation (carte grise)</Paragraphe></Item><Item><Paragraphe><LienInterne LienPublication="F2694" type="Fiche Question-réponse conditionnée" audience="Particuliers">Carte internationale d'assurance automobile (ou carte verte)</LienInterne>. Vérifiez que votre assurance est valable à l'étranger.</Paragraphe></Item><Item><Paragraphe><LienInterne LienPublication="F2149" type="Fiche d'information conditionnée" audience="Particuliers">Constat européen d'accident</LienInterne></Paragraphe></Item></Liste><Paragraphe>Si le certificat d'immatriculation du véhicule n'est pas à votre nom, consultez le consulat du pays concerné pour connaître les documents nécessaires.</Paragraphe><OuSAdresser ID="R2884" sve="non" type="Local personnalisable"><Titre>Ambassade ou consulat étranger en France</Titre><PivotLocal>ambassade_etranger_france</PivotLocal><RessourceWeb URL="http://www.diplomatie.gouv.fr/fr/le-ministere-et-son-reseau/annuaires-et-adresses-du-ministere/ambassades-et-consulats-etrangers/"/><Source ID="R30604">Ministère chargé de l'Europe et des affaires étrangères</Source></OuSAdresser></Texte></Situation><Situation><Titre>Ailleurs</Titre><Texte><Paragraphe>Consultez le <LienExterne URL="https://www.securite-routiere.gouv.fr/les-differents-permis-de-conduire/permis-international-et-permis-etranger/recapitulatif-des">récapitulatif des règles par pays</LienExterne> pour savoir si vous avez besoin d'un permis de conduire international.</Paragraphe><Paragraphe>En effet, <MiseEnEvidence>les règles varient</MiseEnEvidence> selon les pays.</Paragraphe><Paragraphe>Le permis de conduire français suffit si vous voyagez dans <LienIntra LienID="R42218" type="Définition de glossaire">l'Espace économique européen</LienIntra>, au Royaume-Uni ou en Suisse.</Paragraphe><Paragraphe>Le permis de conduire français suffit pour conduire temporairement dans plusieurs pays non-européens.</Paragraphe><Paragraphe>Dans certains pays, le <LienInterne LienPublication="R52720" type="Sigle">PCI</LienInterne> est exigé ou recommandé, en plus de votre permis français.</Paragraphe><Paragraphe>Certains pays ne reconnaissent pas les permis nationaux et internationaux.</Paragraphe><Paragraphe>Avant votre départ, contactez les <MiseEnEvidence>services consulaires</MiseEnEvidence> du pays ou des pays concernés, et consultez les <LienExterne URL="https://www.diplomatie.gouv.fr/fr/conseils-aux-voyageurs/conseils-par-pays-destination/">conseils aux voyageurs du site diplomatie.gouv.fr</LienExterne>.</Paragraphe><OuSAdresser ID="R2884" sve="non" type="Local personnalisable"><Titre>Ambassade ou consulat étranger en France</Titre><PivotLocal>ambassade_etranger_france</PivotLocal><RessourceWeb URL="http://www.diplomatie.gouv.fr/fr/le-ministere-et-son-reseau/annuaires-et-adresses-du-ministere/ambassades-et-consulats-etrangers/"/><Source ID="R30604">Ministère chargé de l'Europe et des affaires étrangères</Source></OuSAdresser><Exemple><Titre>Exemple</Titre><Liste type="puce"><Item><Paragraphe><MiseEnEvidence>États-Unis</MiseEnEvidence> : un permis de conduire français datant de plus d'un an suffit pour un séjour de moins de 3 mois.</Paragraphe></Item><Item><Paragraphe><MiseEnEvidence>Afrique du Sud</MiseEnEvidence> : un permis de conduire français est reconnu s'il est certifié et traduit par le consulat.</Paragraphe></Item><Item><Paragraphe><MiseEnEvidence>Nouvelle-Zélande</MiseEnEvidence> : un permis de conduire français accompagné d'une traduction certifiée conforme permet de conduire pendant 1 an.</Paragraphe></Item><Item><Paragraphe><MiseEnEvidence>Province du Québec (Canada)</MiseEnEvidence> : vous pouvez conduire avec un permis de conduire français pendant 6 mois.</Paragraphe></Item></Liste></Exemple><Paragraphe>Si vous conduisez votre propre véhicule, vous devez avoir avec vous les documents suivants :</Paragraphe><Liste type="puce"><Item><Paragraphe>Certificat d'immatriculation (ex-carte grise)</Paragraphe></Item><Item><Paragraphe><LienInterne LienPublication="F2694" type="Fiche Question-réponse conditionnée" audience="Particuliers">Carte internationale d'assurance automobile (ou carte verte)</LienInterne>. Vérifiez que votre assurance est valable à l'étranger.</Paragraphe></Item><Item><Paragraphe><LienInterne LienPublication="F2149" type="Fiche d'information conditionnée" audience="Particuliers">Constat européen d'accident</LienInterne></Paragraphe></Item></Liste><Paragraphe>Si le certificat d'immatriculation du véhicule n'est pas à votre nom, consultez le consulat du pays concerné pour connaître les documents nécessaires.</Paragraphe><OuSAdresser ID="R2884" sve="non" type="Local personnalisable"><Titre>Ambassade ou consulat étranger en France</Titre><PivotLocal>ambassade_etranger_france</PivotLocal><RessourceWeb URL="http://www.diplomatie.gouv.fr/fr/le-ministere-et-son-reseau/annuaires-et-adresses-du-ministere/ambassades-et-consulats-etrangers/"/><Source ID="R30604">Ministère chargé de l'Europe et des affaires étrangères</Source></OuSAdresser></Texte></Situation></ListeSituations><VoirAussi important="non"><Dossier ID="N367" audience="Particuliers"><Titre>Carte grise (certificat d'immatriculation)</Titre><Theme ID="N19812"><Titre>Transports - Mobilité</Titre></Theme></Dossier><Dossier ID="N31336" audience="Particuliers"><Titre>Voyager à l'étranger</Titre><Theme ID="N19804"><Titre>Étranger - Europe</Titre></Theme></Dossier><Fiche ID="F420" audience="Particuliers"><Titre>Conduire en Europe (UE/EEE) avec un permis français</Titre><Theme ID="N19812"><Titre>Transports - Mobilité</Titre></Theme></Fiche><Fiche ID="F11534" audience="Particuliers"><Titre>Permis international pour conduire à l'étranger</Titre><Theme ID="N19812"><Titre>Transports - Mobilité</Titre></Theme></Fiche><Fiche ID="F2149" audience="Particuliers"><Titre>Assurance auto : remplir le "constat amiable" après un accident</Titre><Theme ID="N19803"><Titre>Argent - Impôts - Consommation</Titre></Theme></Fiche></VoirAussi><QuiPeutMAider ID="R2884" sve="non" type="Local personnalisable"><Titre>Ambassade ou consulat étranger en France</Titre><PivotLocal>ambassade_etranger_france</PivotLocal><RessourceWeb URL="http://www.diplomatie.gouv.fr/fr/le-ministere-et-son-reseau/annuaires-et-adresses-du-ministere/ambassades-et-consulats-etrangers/"/><Source ID="R30604">Ministère chargé de l'Europe et des affaires étrangères</Source></QuiPeutMAider><Reference type="Texte de référence" URL="http://eur-lex.europa.eu/legal-content/FR/TXT/?uri=celex:32006L0126" ID="R16234"><Titre>Directive 2006/126 du 20 décembre 2006 relative au permis de conduire</Titre></Reference><PourEnSavoirPlus type="Information pratique" ID="R2885" URL="https://www.diplomatie.gouv.fr/fr/conseils-aux-voyageurs/conseils-par-pays-destination/" audience="Particuliers"><Titre>Conseils aux voyageurs</Titre><Source ID="R30604">Ministère chargé de l'Europe et des affaires étrangères</Source></PourEnSavoirPlus><PourEnSavoirPlus type="Information pratique" ID="R23572" URL="http://europa.eu/youreurope/citizens/vehicles/insurance/index_fr.htm" audience="Particuliers"><Titre>Conduire en Europe : assurance automobile et accidents</Titre><Source ID="R30669">Commission européenne</Source></PourEnSavoirPlus><PourEnSavoirPlus type="Information pratique" ID="R18686" URL="https://europa.eu/youreurope/citizens/vehicles/driving-licence/index_fr.htm" audience="Particuliers"><Titre>Permis de conduire en Europe</Titre><Source ID="R30669">Commission européenne</Source></PourEnSavoirPlus><PourEnSavoirPlus type="Information pratique" ID="R10943" URL="https://www.diplomatie.gouv.fr/IMG/pdf/---_liste_permis_de_conduire_valables_a_l_echange_09.12.2021---_cle8735a7.pdf" audience="Particuliers" format="application/pdf" poids="357.2 KB"><Titre>Pays pratiquant l'échange réciproque des permis de conduire avec la France</Titre><Source ID="R30604">Ministère chargé de l'Europe et des affaires étrangères</Source></PourEnSavoirPlus><PourEnSavoirPlus type="Information pratique" ID="R51496" URL="https://www.securite-routiere.gouv.fr/les-differents-permis-de-conduire/permis-international-et-permis-etranger/recapitulatif-des" audience="Particuliers"><Titre>Permis international : récapitulatif par pays</Titre><Source ID="R30603">Ministère chargé de l'intérieur</Source></PourEnSavoirPlus><Definition ID="R42218"><Titre>Espace économique européen (EEE)</Titre><Texte><Paragraphe>Allemagne, Autriche, Belgique, Bulgarie, Chypre, Croatie, Danemark, Espagne, Estonie, Finlande, France, Grèce, Hongrie, Irlande, Islande, Italie, Lettonie, Liechtenstein, Lituanie, Luxembourg, Malte, Norvège, Pays-Bas, Pologne, Portugal, République tchèque, Roumanie, Slovaquie, Slovénie, Suède</Paragraphe></Texte></Definition><Abreviation ID="R52720" type="Sigle"><Titre>PCI</Titre><Texte><Paragraphe>Permis de conduire international</Paragraphe></Texte></Abreviation><QuestionReponse ID="F34808" audience="Particuliers"><Titre>Faut-il un permis international pour conduire à l'étranger ?</Titre></QuestionReponse><QuestionReponse ID="F2694" audience="Particuliers"><Titre>Voyage à l'étranger : est-on couvert par l'assurance auto ?</Titre></QuestionReponse></Publication>