<?xml version="1.0" encoding="UTF-8"?><Publication xmlns:dc="http://purl.org/dc/elements/1.1/" xmlns:xsi="http://www.w3.org/2001/XMLSchema-instance" ID="F1857" type="Fiche Question-réponse conditionnée" xsi:noNamespaceSchemaLocation="../Schemas/3.4/Publication.xsd" spUrl="https://www.service-public.fr/particuliers/vosdroits/F1857"><dc:title>Le locataire doit-il accorder un droit de visite à son propriétaire ?</dc:title><dc:creator>Direction de l'information légale et administrative</dc:creator><dc:subject>Logement</dc:subject><dc:description>Dans certains cas, le locataire doit permettre au propriétaire d'avoir accès au logement loué. Il ne s'agit pas d'un droit de visite à proprement parler, mais plutôt d'un droit d'accès applicable lorsque les circonstances l'exigent, et sous certaines conditions. La situation diffère selon que le propriétaire doit faire des travaux dans le logement ou s'il met en vente ou va le relouer.</dc:description><dc:publisher>Direction de l'information légale et administrative</dc:publisher><dc:contributor>Direction de l'information légale et administrative (Premier ministre)</dc:contributor><dc:date>modified 2023-05-26</dc:date><dc:type>Question-réponse</dc:type><dc:format>text/xml</dc:format><dc:identifier>F1857</dc:identifier><dc:source>https://www.legifrance.gouv.fr/loda/article_lc/LEGIARTI000028806566/, https://www.legifrance.gouv.fr/loda/article_lc/LEGIARTI000038834730/, https://www.legifrance.gouv.fr/loda/id/JORFTEXT000000217471/, https://www.legifrance.gouv.fr/codes/article_lc/LEGIARTI000028806598/</dc:source><dc:language>Fr</dc:language><dc:relation>isPartOf N349</dc:relation><dc:coverage>France entière</dc:coverage><dc:rights>https://www.service-public.fr/a-propos/mentions-legales</dc:rights><SurTitre>Question-réponse</SurTitre><Audience>Particuliers</Audience><Canal>www.service-public.fr</Canal><FilDAriane><Niveau ID="Particuliers">Accueil particuliers</Niveau><Niveau ID="N19808">Logement</Niveau><Niveau ID="N349">Location immobilière : contrat de location (bail)</Niveau><Niveau ID="F1857" type="Fiche Question-réponse conditionnée">Le locataire doit-il accorder un droit de visite à son propriétaire ?</Niveau></FilDAriane><Theme ID="N19808"><Titre>Logement</Titre></Theme><SousThemePere ID="N289">Location immobilière</SousThemePere><DossierPere ID="N349"><Titre>Location immobilière : contrat de location (bail)</Titre><Fiche ID="F920">Rédaction du contrat</Fiche><Fiche ID="F1686">Clauses abusives</Fiche><Fiche ID="F31269">Dépôt de garantie</Fiche><Fiche ID="F31270">État des lieux d'entrée</Fiche></DossierPere><Introduction><Texte><Paragraphe>Dans certains cas, le locataire doit permettre au propriétaire d'avoir accès au logement loué. Il ne s'agit pas d'un droit de visite à proprement parler, mais plutôt d'un droit d'accès applicable lorsque les circonstances l'exigent, et sous certaines conditions.</Paragraphe><Paragraphe>La situation diffère selon que le propriétaire doit faire des travaux dans le logement ou s'il met en vente ou va le relouer.</Paragraphe></Texte></Introduction><ListeSituations affichage="onglet"><Situation><Titre>Travaux</Titre><Texte><Chapitre><Titre><Paragraphe>Nature des travaux</Paragraphe></Titre><Paragraphe>Pour les travaux que le locataire doit laisser faire par le propriétaire dans le logement qu'il habite, le propriétaire peut se réserver la possibilité de visiter les lieux accompagné de professionnels (architecte, artisan...). C'est le cas notamment pour les travaux suivants :</Paragraphe><Liste type="puce"><Item><Paragraphe><LienIntra LienID="R45485" type="Définition de glossaire">Travaux d'amélioration dans les parties communes ou privatives</LienIntra> du même immeuble (par exemple, installation d'un digicode)</Paragraphe></Item><Item><Paragraphe>Travaux nécessaires au maintien en l'état et à l'entretien normal du logement (par exemple, volet défectueux)</Paragraphe></Item><Item><Paragraphe>Travaux d'amélioration de la performance énergétique du logement (travaux d'isolation)</Paragraphe></Item><Item><Paragraphe>Travaux pour respecter les critères d'un <LienInterne LienPublication="F2042" type="Fiche d'information conditionnée" audience="Particuliers">logement décent</LienInterne></Paragraphe></Item><Item><Paragraphe>Entretien des toitures et façades végétalisées</Paragraphe></Item></Liste></Chapitre><Chapitre><Titre><Paragraphe>Information du locataire</Paragraphe></Titre><Paragraphe>Avant le début des travaux, le propriétaire doit prévenir le locataire. Pour cela, il doit lui envoyer une <LienIntra LienID="R14732" type="Définition de glossaire">notification</LienIntra> par lettre recommandée avec accusé de réception ou la lui remettre en mains propres.</Paragraphe><Paragraphe>Cette notification doit préciser la nature des travaux (amélioration recherchée, caractère d'urgence, performance énergétique prévue...) et la façon dont ils vont être faits (date de début, durée, nécessité d'accès...).</Paragraphe><Paragraphe>Si ces travaux sont urgents (par exemple, le chauffe-eau en hiver), le locataire doit permettre l'accès à son logement pour la préparation et la réalisation des travaux. Mais il n'est pas obligé d'en permettre l'accès les samedis, les dimanches et les jours fériés.</Paragraphe></Chapitre><Chapitre><Titre><Paragraphe>Dédommagement du locataire</Paragraphe></Titre><Paragraphe>Le locataire doit permettre l'accès à son logement pour la préparation et la réalisation des travaux à la charge du propriétaire.</Paragraphe><Paragraphe>Mais si ces réparations ou travaux durent plus de 21 jours, le propriétaire doit lui accorder une baisse de loyer proportionnelle à la durée des travaux.</Paragraphe><Paragraphe>Dans certains cas, le locataire peut avoir recours au <LienInterne LienPublication="F1783" type="Fiche d'information conditionnée" audience="Particuliers">juge des contentieux de la protection</LienInterne> du tribunal dont dépend le logement.</Paragraphe><Paragraphe>C'est le cas lorsque les travaux :</Paragraphe><Liste type="puce"><Item><Paragraphe>présentent un caractère abusif</Paragraphe></Item><Item><Paragraphe>ou ne sont pas conformes aux conditions indiquées dans la <LienIntra LienID="R14732" type="Définition de glossaire">notification</LienIntra> de travaux</Paragraphe></Item><Item><Paragraphe>ou rendent l'utilisation du logement impossible ou dangereuse.</Paragraphe></Item></Liste><Paragraphe>Le locataire peut alors demander au juge :</Paragraphe><Liste type="puce"><Item><Paragraphe>l'interdiction des travaux entrepris</Paragraphe></Item><Item><Paragraphe>ou l'interruption des travaux entrepris</Paragraphe></Item><Item><Paragraphe>ou, lorsque les travaux rendent le logement inhabitable, la <LienIntra LienID="R60570" type="Définition de glossaire">résiliation du bail</LienIntra>.</Paragraphe></Item></Liste></Chapitre></Texte></Situation><Situation><Titre>Mise en vente ou de remise en location</Titre><Texte><Paragraphe>Le bail peut contenir une clause indiquant que le propriétaire (ou son représentant, par exemple un agent immobilier) dispose d'un droit de visite :</Paragraphe><Liste type="puce"><Item><Paragraphe>lorsque le logement est mis en vente</Paragraphe></Item><Item><Paragraphe>ou lorsque le locataire donne son préavis (congé).</Paragraphe></Item></Liste><Paragraphe>Ces visites ont pour but la vente ou la remise en location du logement.</Paragraphe><Paragraphe>Les conditions de ces visites (jours, horaires) doivent être fixées d'un commun accord entre le propriétaire et le locataire. Mais ces visites ne doivent pas avoir lieu :</Paragraphe><Liste type="puce"><Item><Paragraphe>ni un jour férié,</Paragraphe></Item><Item><Paragraphe>ni le dimanche,</Paragraphe></Item><Item><Paragraphe>ni pendant plus de 2 heures les <LienIntra LienID="R17508" type="Définition de glossaire">jours ouvrables</LienIntra>.</Paragraphe></Item></Liste></Texte></Situation></ListeSituations><QuiPeutMAider ID="R5" sve="non" type="Local personnalisé sur SP"><Titre>Agence départementale pour l'information sur le logement (Adil)</Titre><PivotLocal>adil</PivotLocal><RessourceWeb URL="https://www.anil.org/lanil-et-les-adil/votre-adil/"/><Source ID="R30676">Agence nationale pour l'information sur le logement (Anil)</Source></QuiPeutMAider><QuiPeutMAider ID="R11621" sve="non" type="Local personnalisé sur SP"><Titre>Maison de justice et du droit</Titre><PivotLocal>mjd</PivotLocal><RessourceWeb URL="http://www.annuaires.justice.gouv.fr/lieux-dacces-aux-droits-10111/"/><Source ID="R30663">Ministère chargé de la justice</Source></QuiPeutMAider><Reference type="Texte de référence" URL="https://www.legifrance.gouv.fr/loda/article_lc/LEGIARTI000028806566/" ID="R33997"><Titre>Loi n°89-462 du 6 juillet 1989 sur les rapports locatifs : article 4</Titre><Complement>Droit de visite</Complement></Reference><Reference type="Texte de référence" URL="https://www.legifrance.gouv.fr/loda/article_lc/LEGIARTI000038834730/" ID="R32255"><Titre>Loi n°89-462 du 6 juillet 1989 sur les rapports locatifs : article 7</Titre><Complement>Travaux</Complement></Reference><Reference type="Texte de référence" URL="https://www.legifrance.gouv.fr/loda/id/JORFTEXT000000217471/" ID="R715"><Titre>Décret n°2002-120 du 30 janvier 2002 relatif aux caractéristiques du logement décent</Titre><Complement>Logement décent</Complement></Reference><Reference type="Texte de référence" URL="https://www.legifrance.gouv.fr/codes/article_lc/LEGIARTI000028806598/" ID="R33999"><Titre>Code civil : article 1724</Titre><Complement>Travaux et réduction de loyer</Complement></Reference><Definition ID="R45485"><Titre>Notion de "travaux d'amélioration" dans les parties communes ou privatives</Titre><Texte><Paragraphe>Travaux apportant une valeur ajoutée au logement loué : équipement ou service nouveau ou de qualité supérieure à l'existant, réduction de dépenses d'entretien et d'exploitation, sécurisation de l'immeuble et de ses occupants. Exemple : pose de parquet, installation d'une cuisine équipée, installation d'un digicode, installation d'un ascenseur...</Paragraphe></Texte><Reference type="Texte de référence" URL="http://questions.assemblee-nationale.fr/q9/9-51417QE.htm" ID="R49585"><Titre>Réponse ministérielle du 6 avril 1992 relative à la notion de "travaux d'amélioration" dans les parties communes et privatives</Titre></Reference></Definition><Definition ID="R14732"><Titre>Notification</Titre><Texte><Paragraphe>Formalité par laquelle un acte de procédure ou une décision est porté à la connaissance d’une personne</Paragraphe></Texte></Definition><Definition ID="R60570"><Titre>Résiliation (bail ou contrat de locaton)</Titre><Texte><Paragraphe>Rupture du bail ou du contrat de location</Paragraphe></Texte></Definition><Definition ID="R17508"><Titre>Jour ouvrable</Titre><Texte><Paragraphe>Correspond à tous les jours de la semaine, à l'exception du jour de repos hebdomadaire (généralement le dimanche) et des jours fériés habituellement non travaillés dans l'entreprise</Paragraphe></Texte></Definition><QuestionReponse ID="F12244" audience="Particuliers"><Titre>Un propriétaire peut-il garder un double des clés de son locataire ?</Titre></QuestionReponse></Publication>