<?xml version="1.0" encoding="UTF-8"?><Publication xmlns:dc="http://purl.org/dc/elements/1.1/" xmlns:xsi="http://www.w3.org/2001/XMLSchema-instance" ID="F1881" type="Fiche d'information conditionnée" xsi:noNamespaceSchemaLocation="../Schemas/3.4/Publication.xsd" dateDerniereModificationImportante="2022-04-05T00:00:00" spUrl="https://www.service-public.fr/particuliers/vosdroits/F1881"><dc:title>Inscription à l'école d'un enfant après un déménagement</dc:title><dc:creator>Direction de l'information légale et administrative</dc:creator><dc:subject>Famille - Scolarité</dc:subject><dc:description>Un changement de domicile entraîne souvent un changement d'établissement scolaire. Pour inscrire votre enfant dans sa nouvelle école, vous devrez réaliser certaines démarches auprès des écoles et éventuellement de la mairie.</dc:description><dc:publisher>Direction de l'information légale et administrative</dc:publisher><dc:contributor>Direction de l'information légale et administrative (Premier ministre)</dc:contributor><dc:date>modified 2022-04-05</dc:date><dc:type>Fiche pratique</dc:type><dc:format>text/xml</dc:format><dc:identifier>F1881</dc:identifier><dc:source>https://www.legifrance.gouv.fr/codes/id/LEGISCTA000006166564, https://www.legifrance.gouv.fr/codes/id/LEGISCTA000006182379, https://www.legifrance.gouv.fr/loda/id/JORFTEXT000042056558, https://www.legifrance.gouv.fr/download/pdf/circ?id=38497</dc:source><dc:language>Fr</dc:language><dc:relation>isPartOf N54</dc:relation><dc:coverage>France entière</dc:coverage><dc:rights>https://www.service-public.fr/a-propos/mentions-legales</dc:rights><SurTitre>Fiche pratique</SurTitre><Audience>Particuliers</Audience><Canal>www.service-public.fr</Canal><FilDAriane><Niveau ID="Particuliers">Accueil particuliers</Niveau><Niveau ID="N19805">Famille - Scolarité</Niveau><Niveau ID="N54">École primaire (maternelle et élémentaire)</Niveau><Niveau ID="F1881" type="Fiche d'information conditionnée">Inscription à l'école d'un enfant après un déménagement</Niveau></FilDAriane><Theme ID="N19805"><Titre>Famille - Scolarité</Titre></Theme><SousThemePere ID="N20265">Scolarité</SousThemePere><DossierPere ID="N54"><Titre>École primaire (maternelle et élémentaire)</Titre><SousDossier ID="N54-1"><Titre>Inscription à l'école</Titre><Fiche ID="F1864">À l'école maternelle</Fiche><Fiche ID="F1865">À l'école primaire (élémentaire)</Fiche><Fiche ID="F1881">Déménagement</Fiche></SousDossier><SousDossier ID="N54-2"><Titre>Vie quotidienne</Titre><Fiche ID="F19364">Accueil en cas de grève</Fiche><Fiche ID="F424">Surveillance des élèves</Fiche><Fiche ID="F24570">Restauration scolaire</Fiche><Fiche ID="F21765">Sortie et voyage scolaires</Fiche><Fiche ID="F1879">Santé à l'école primaire</Fiche></SousDossier><SousDossier ID="N54-3"><Titre>Passage et redoublement</Titre><Fiche ID="F32111">Passage, redoublement ou saut de classe</Fiche><Fiche ID="F1870">Passage de l'école au collège (du CM2 à la 6e)</Fiche></SousDossier><SousDossier ID="N54-4"><Titre>Rôle et participation des parents</Titre><Fiche ID="F1391">Information des parents sur la scolarité des enfants</Fiche><Fiche ID="F1880">Représentants des parents d'élèves</Fiche><Fiche ID="F1399">Conseil d'école</Fiche></SousDossier></DossierPere><SousDossierPere>Inscription à l'école</SousDossierPere><Introduction><Texte><Paragraphe>Un changement de domicile entraîne souvent un changement d'établissement scolaire. Pour inscrire votre enfant dans sa nouvelle école, vous devrez réaliser certaines démarches auprès des écoles et éventuellement de la mairie.</Paragraphe></Texte></Introduction><Questionnaire><Question><Titre><Paragraphe>L'enfant</Paragraphe></Titre><Choix><Titre><Paragraphe>Sera inscrit à l'école publique</Paragraphe></Titre><IntituleSiSelectionne><Paragraphe>L'enfant sera inscrit à l'école publique</Paragraphe></IntituleSiSelectionne><SiSelectionne><affecteVrai var="T14730"/><affecteFaux var="T11913"/><affecteFaux var="T11723"/></SiSelectionne></Choix><Choix><Titre><Paragraphe>Sera inscrit à l'école privée</Paragraphe></Titre><IntituleSiSelectionne><Paragraphe>L'enfant sera inscrit à l'école privée</Paragraphe></IntituleSiSelectionne><SiSelectionne><affecteVrai var="T11913"/><affecteFaux var="T14730"/><affecteFaux var="T11723"/></SiSelectionne></Choix><Choix><Titre><Paragraphe>Fera l'objet d'une instruction dans la famille</Paragraphe></Titre><IntituleSiSelectionne><Paragraphe>L'enfant fera l'objet d'une instruction dans la famille</Paragraphe></IntituleSiSelectionne><SiSelectionne><affecteVrai var="T11723"/><affecteFaux var="T14730"/><affecteFaux var="T11913"/></SiSelectionne></Choix></Question></Questionnaire><ListeSituations affichage="onglet"><Situation><Titre>En école publique</Titre><Condition><estVrai var="T14730"/></Condition><Texte><Chapitre><Titre><Paragraphe>Dans quelle école inscrire votre enfant ?</Paragraphe></Titre><Paragraphe>Si votre nouvelle commune dispose de plusieurs écoles publiques, vous devrez tout d'abord vous présenter à la mairie pour inscrire votre enfant. Celle-ci vous communiquera alors l'école d'affectation.</Paragraphe><OuSAdresser ID="R1" sve="non" type="Local personnalisé sur SP"><Titre>Mairie</Titre><PivotLocal>mairie</PivotLocal><RessourceWeb URL="https://lannuaire.service-public.fr/navigation/mairie"/></OuSAdresser><ANoter><Titre>À noter</Titre><Paragraphe>si vous le souhaitez, votre enfant peut terminer l'année scolaire dans l'établissement qu'il fréquentait avant le changement de domicile <LienInterne LienPublication="F10720" type="Fiche Question-réponse conditionnée" audience="Particuliers">sous conditions</LienInterne>.</Paragraphe></ANoter></Chapitre><Chapitre ID="T14881"><Titre><Paragraphe>À quel moment inscrire votre enfant ?</Paragraphe></Titre><Paragraphe>Si votre enfant a plus de 3 ans, vous devez l'inscrire dans un établissement d'enseignement <MiseEnEvidence>dans les 8 jours</MiseEnEvidence> qui suivent le changement de domicile.</Paragraphe></Chapitre><Chapitre><Titre><Paragraphe>Quelles sont les démarches à faire auprès de l'ancienne école ?</Paragraphe></Titre><Paragraphe>Vous devez tout d'abord prévenir la direction de l'école où l'enfant est scolarisé. Elle vous remet alors un certificat de radiation.</Paragraphe></Chapitre><Chapitre><Titre><Paragraphe>Quelles sont les démarches à faire auprès de la mairie du nouveau domicile ? </Paragraphe></Titre><Paragraphe>Vous devez tout d'abord inscrire votre enfant à la mairie de votre nouveau domicile.</Paragraphe><Paragraphe>Vous devez fournir les documents suivants :</Paragraphe><Liste type="puce"><Item><Paragraphe>Document justifiant de votre identité et de celle de votre enfant (livret de famille, carte d'identité, passeport, copie d'extrait d'acte de naissance ou attestation sur l'honneur).</Paragraphe></Item><Item><Paragraphe>Justificatif récent de domicile. Vous pouvez fournir une attestation sur l'honneur.</Paragraphe></Item></Liste><Paragraphe>La mairie vous délivre alors un certificat d'inscription indiquant l'école où est affecté l'enfant.</Paragraphe><Attention><Titre>Attention</Titre><Paragraphe>d'autres documents peuvent aussi être demandés pour la cantine et les activités périscolaires.</Paragraphe></Attention><OuSAdresser ID="R1" sve="non" type="Local personnalisé sur SP"><Titre>Mairie</Titre><PivotLocal>mairie</PivotLocal><RessourceWeb URL="https://lannuaire.service-public.fr/navigation/mairie"/></OuSAdresser></Chapitre><Chapitre><Titre><Paragraphe>Quelles sont les démarches à faire auprès de la nouvelle école ?</Paragraphe></Titre><Paragraphe>Pour inscrire définitivement votre enfant, vous devez vous présenter à la direction de la nouvelle école avec les documents suivants :</Paragraphe><Liste type="puce"><Item><Paragraphe>Certificat de radiation délivré par la direction de l'ancienne école</Paragraphe></Item><Item><Paragraphe>Certificat d'inscription délivré par la mairie</Paragraphe></Item><Item><Paragraphe>Livret de famille ou <LienInterne LienPublication="F1427" type="Fiche d'information conditionnée" audience="Particuliers">extrait d'acte de naissance</LienInterne> de l'enfant ou tout autre document prouvant son identité et sa filiation,</Paragraphe></Item><Item><Paragraphe>Document attestant que l'enfant a reçu les <LienInterne LienPublication="F767" type="Fiche Question-réponse conditionnée" audience="Particuliers">vaccinations obligatoires</LienInterne></Paragraphe></Item></Liste><Attention><Titre>Attention</Titre><Paragraphe>d'autres documents peuvent aussi être demandés pour la cantine et les activités périscolaires.</Paragraphe></Attention></Chapitre></Texte></Situation><Situation><Titre>En école privée</Titre><Condition><estVrai var="T11913"/></Condition><Texte><Chapitre ID="T14881"><Titre><Paragraphe>À quel moment inscrire votre enfant ?</Paragraphe></Titre><Paragraphe>Si votre enfant a plus de 3 ans, vous devez l'inscrire dans un établissement d'enseignement <MiseEnEvidence>dans les 8 jours</MiseEnEvidence> qui suivent le changement de domicile.</Paragraphe></Chapitre><Chapitre><Titre><Paragraphe>Quelles sont les démarches à faire auprès de l'ancienne école</Paragraphe></Titre><Paragraphe>Vous devez tout d'abord prévenir la direction de l'école où l'enfant est scolarisé. Elle vous remet alors un certificat de radiation.</Paragraphe></Chapitre><Chapitre><Titre><Paragraphe>Quelles sont les démarches à faire auprès de la nouvelle école ?</Paragraphe></Titre><Paragraphe>Pour inscrire votre enfant, vous devez vous présenter à la direction de la nouvelle école avec les documents suivants :</Paragraphe><Liste type="puce"><Item><Paragraphe>Certificat de radiation délivré par la direction de l'ancienne école</Paragraphe></Item><Item><Paragraphe>Livret de famille ou <LienInterne LienPublication="F1427" type="Fiche d'information conditionnée" audience="Particuliers">extrait d'acte de naissance</LienInterne> de l'enfant ou tout autre document prouvant son identité et sa filiation</Paragraphe></Item><Item><Paragraphe>Document attestant que l'enfant a reçu les <LienInterne LienPublication="F767" type="Fiche Question-réponse conditionnée" audience="Particuliers">vaccinations obligatoires</LienInterne></Paragraphe></Item></Liste><Attention><Titre>Attention</Titre><Paragraphe>d'autres documents peuvent aussi être demandés pour la cantine et les activités périscolaires.</Paragraphe></Attention></Chapitre></Texte></Situation><Situation><Titre>Instruction dans la famille</Titre><Condition><estVrai var="T11723"/></Condition><Texte><Paragraphe>Si votre enfant suit <LienInterne LienPublication="F23429" type="Fiche d'information conditionnée" audience="Particuliers">l'instruction dans la famille</LienInterne> , vous devez signaler le changement de domicile au <LienInterne LienPublication="R31460" type="Acronyme">Dasen</LienInterne>. Vous devez le faire dans les 8 jours qui suivent votre déménagement.</Paragraphe><OuSAdresser ID="R24" sve="non" type="Local personnalisé sur SP"><Titre>Direction des services départementaux de l'Éducation nationale</Titre><PivotLocal>inspection_academique</PivotLocal><RessourceWeb URL="http://www.education.gouv.fr/cid3/les-regions-academiques-academies-et-services-departementaux-de-l-education-nationale.html#La_carte_des_regions_academiques_et_les_coordonnees_des_rectorats_vice-rectorats_et_services_departementaux_de_l_Education_nationale"/><Source ID="R30638">Ministère chargé de l'éducation</Source></OuSAdresser></Texte></Situation></ListeSituations><Reference type="Texte de référence" URL="https://www.legifrance.gouv.fr/codes/id/LEGISCTA000006166564" ID="R21285"><Titre>Code de l'éducation : articles L131-1 à L131-13</Titre><Complement>Obligation scolaire</Complement></Reference><Reference type="Texte de référence" URL="https://www.legifrance.gouv.fr/codes/id/LEGISCTA000006182379" ID="R2683"><Titre>Code de l'éducation : articles L212-1 à L212-9</Titre><Complement>Écoles et classes élémentaires et maternelles</Complement></Reference><Reference type="Texte de référence" URL="https://www.legifrance.gouv.fr/loda/id/JORFTEXT000042056558" ID="R56700"><Titre>Décret n°2020-811 du 29 juin 2020 précisant les pièces pouvant être demandées à l'appui d'une demande d'inscription sur la liste des enfants soumis à l'obligation scolaire</Titre></Reference><Reference type="Texte de référence" URL="https://www.legifrance.gouv.fr/download/pdf/circ?id=38497" ID="R2639"><Titre>Circulaire n°2014-088 du 9 juillet 2014 relative au règlement type départemental des écoles maternelles et élémentaires</Titre></Reference><PourEnSavoirPlus type="Information pratique" ID="R32278" URL="http://www.education.gouv.fr/cid50506/les-parents-a-l-ecole.html" audience="Particuliers"><Titre>Les parents à l'école</Titre><Source ID="R30638">Ministère chargé de l'éducation</Source></PourEnSavoirPlus><Abreviation ID="R31460" type="Acronyme"><Titre>Dasen</Titre><Texte><Paragraphe>Directeur académique des services de l'éducation nationale</Paragraphe></Texte></Abreviation><QuestionReponse ID="F10720" audience="Particuliers"><Titre>Un enfant qui déménage dans une nouvelle commune doit-il changer d'école ?</Titre></QuestionReponse><QuestionReponse ID="F1410" audience="Particuliers"><Titre>Comment s'effectue le passage du privé au public ?</Titre></QuestionReponse><QuestionReponse ID="F1872" audience="Particuliers"><Titre>Comment bénéficier des transports en commun scolaires ?</Titre></QuestionReponse></Publication>