<?xml version="1.0" encoding="UTF-8"?><Publication xmlns:dc="http://purl.org/dc/elements/1.1/" xmlns:xsi="http://www.w3.org/2001/XMLSchema-instance" ID="F1886" type="Fiche d'information conditionnée" xsi:noNamespaceSchemaLocation="../Schemas/3.4/Publication.xsd" dateDerniereModificationImportante="2021-07-15T00:00:00" spUrl="https://www.service-public.fr/particuliers/vosdroits/F1886"><dc:title>Prime à l'internat</dc:title><dc:creator>Direction de l'information légale et administrative</dc:creator><dc:subject>Famille - Scolarité</dc:subject><dc:description>Votre enfant est boursier et suit une scolarité en internat (au collège ou au lycée) ? Vous pouvez recevoir la prime à l'internat. Elle est attribuée trimestriellement de façon automatique, en déduction des frais de pension. La prime à l'internat est cumulable avec d'autres aides.</dc:description><dc:publisher>Direction de l'information légale et administrative</dc:publisher><dc:contributor>Direction de l'information légale et administrative (Premier ministre)</dc:contributor><dc:date>modified 2023-08-08</dc:date><dc:type>Fiche pratique</dc:type><dc:format>text/xml</dc:format><dc:identifier>F1886</dc:identifier><dc:source>https://www.legifrance.gouv.fr/codes/id/LEGISCTA000020743113, https://www.legifrance.gouv.fr/jorf/id/JORFTEXT000043788472</dc:source><dc:language>Fr</dc:language><dc:relation>isPartOf N67</dc:relation><dc:coverage>France entière</dc:coverage><dc:rights>https://www.service-public.fr/a-propos/mentions-legales</dc:rights><SurTitre>Fiche pratique</SurTitre><Audience>Particuliers</Audience><Canal>www.service-public.fr</Canal><FilDAriane><Niveau ID="Particuliers">Accueil particuliers</Niveau><Niveau ID="N19805">Famille - Scolarité</Niveau><Niveau ID="N67">Aides financières pour la scolarité</Niveau><Niveau ID="F1886" type="Fiche d'information conditionnée">Prime à l'internat</Niveau></FilDAriane><Theme ID="N19805"><Titre>Famille - Scolarité</Titre></Theme><SousThemePere ID="N20265">Scolarité</SousThemePere><DossierPere ID="N67"><Titre>Aides financières pour la scolarité</Titre><SousDossier ID="N67-1"><Titre>École primaire</Titre><Fiche ID="F1883">Bourse</Fiche><Fiche ID="F1878">Allocation de rentrée scolaire (ARS)</Fiche></SousDossier><SousDossier ID="N67-2"><Titre>Collège</Titre><Fiche ID="F984">Bourse des collèges</Fiche><Fiche ID="F1025">Fonds social collégien</Fiche><Fiche ID="F1886">Prime à l'internat</Fiche><Fiche ID="F1878">Allocation de rentrée scolaire (ARS)</Fiche></SousDossier><SousDossier ID="N67-3"><Titre>Lycée</Titre><Fiche ID="F616">Bourse de lycée</Fiche><Fiche ID="F32928">Bourse au mérite</Fiche><Fiche ID="F33868">Prime à l'élève boursier reprenant ses études au lycée</Fiche><Fiche ID="F1025">Fonds social lycéen</Fiche><Fiche ID="F1886">Prime à l'internat</Fiche><Fiche ID="F1878">Allocation de rentrée scolaire (ARS)</Fiche></SousDossier><SousDossier ID="N67-4"><Titre>Voie professionnelle (CAP, BP, bac pro)</Titre><Fiche ID="F32915">Aides financières</Fiche><Fiche ID="F1878">Allocation de rentrée scolaire (ARS)</Fiche></SousDossier></DossierPere><SousDossierPere>Lycée</SousDossierPere><Introduction><Texte><Paragraphe>Votre enfant est boursier et suit une scolarité en internat (au collège ou au lycée) ? Vous pouvez recevoir la prime à l'internat. Elle est attribuée trimestriellement de façon automatique, en déduction des frais de pension. La prime à l'internat est cumulable avec d'autres aides.</Paragraphe></Texte></Introduction><Texte><Chapitre><Titre><Paragraphe>Qui peut bénéficier de la prime à l'internat ?</Paragraphe></Titre><Paragraphe>Cette prime est destinée aux élèves boursiers nationaux scolarisés en internat (au collège ou au lycée).</Paragraphe><Paragraphe>Les élèves inscrits en internat de la réussite et en <LienInterne LienPublication="F14953" type="Fiche d'information conditionnée" audience="Particuliers">établissement régional d'enseignement adapté (Éréa)</LienInterne> sont également concernés.</Paragraphe></Chapitre><Chapitre><Titre><Paragraphe>Comment demander la prime à l'internat ?</Paragraphe></Titre><Paragraphe>La prime est attribuée de façon automatique. Vous n'avez pas de démarche à effectuer.</Paragraphe></Chapitre><Chapitre><Titre><Paragraphe>Quel est le montant de la prime à l'internat ?</Paragraphe></Titre><Paragraphe>Le montant de la prime varie selon votre échelon de bourse de collège ou de lycée.</Paragraphe><BlocCas affichage="radio"><Cas><Titre>Vous êtes au collège</Titre><Tableau><Titre>Montants annuels de la prime à l'internat selon votre échelon de bourse de collège</Titre><Colonne largeur="20" type="normal"/><Colonne largeur="19" type="normal"/><Rangée type="header"><Cellule><Paragraphe>Échelon</Paragraphe></Cellule><Cellule><Paragraphe>Montant</Paragraphe></Cellule></Rangée><Rangée type="normal"><Cellule><Paragraphe>1</Paragraphe></Cellule><Cellule><Paragraphe><Valeur>327 €</Valeur></Paragraphe></Cellule></Rangée><Rangée type="normal"><Cellule><Paragraphe>2</Paragraphe></Cellule><Cellule><Paragraphe><Valeur>396 €</Valeur></Paragraphe></Cellule></Rangée><Rangée type="normal"><Cellule><Paragraphe>3</Paragraphe></Cellule><Cellule><Paragraphe><Valeur>465 €</Valeur></Paragraphe></Cellule></Rangée></Tableau></Cas><Cas><Titre>Vous êtes au lycée</Titre><Tableau><Titre>Montants annuels de la prime à l'internat selon votre échelon de bourse de lycée</Titre><Colonne largeur="20" type="normal"/><Colonne largeur="19" type="normal"/><Rangée type="header"><Cellule><Paragraphe>Échelon</Paragraphe></Cellule><Cellule><Paragraphe>Montant</Paragraphe></Cellule></Rangée><Rangée type="normal"><Cellule><Paragraphe>1</Paragraphe></Cellule><Cellule><Paragraphe><Valeur>327 €</Valeur></Paragraphe></Cellule></Rangée><Rangée type="normal"><Cellule><Paragraphe>2</Paragraphe></Cellule><Cellule><Paragraphe><Valeur>396 €</Valeur></Paragraphe></Cellule></Rangée><Rangée type="normal"><Cellule><Paragraphe>3</Paragraphe></Cellule><Cellule><Paragraphe><Valeur>465 €</Valeur></Paragraphe></Cellule></Rangée><Rangée type="normal"><Cellule><Paragraphe>4</Paragraphe></Cellule><Cellule><Paragraphe><Valeur>534 €</Valeur></Paragraphe></Cellule></Rangée><Rangée type="normal"><Cellule><Paragraphe>5</Paragraphe></Cellule><Cellule><Paragraphe><Valeur>603 €</Valeur></Paragraphe></Cellule></Rangée><Rangée type="normal"><Cellule><Paragraphe>6</Paragraphe></Cellule><Cellule><Paragraphe><Valeur>672 €</Valeur></Paragraphe></Cellule></Rangée></Tableau></Cas></BlocCas></Chapitre><Chapitre><Titre><Paragraphe>Quand la prime à l'internat est-elle versée ?</Paragraphe></Titre><Paragraphe>La prime est attribuée en 3 fois, à chaque trimestre, en déduction de la facture des frais de pension.</Paragraphe></Chapitre><Chapitre><Titre><Paragraphe>Quelles sont les aides cumulables avec la prime à l'internat ?</Paragraphe></Titre><Paragraphe>La prime à l'internat est obligatoirement cumulée avec une <LienInterne LienPublication="F984" type="Fiche d'information conditionnée" audience="Particuliers">bourse de collège</LienInterne> ou une <LienInterne LienPublication="F616" type="Fiche d'information conditionnée" audience="Particuliers">bourse de lycée</LienInterne>.</Paragraphe><Paragraphe>Par ailleurs, elle peut être cumulée, sous conditions, avec les aides suivantes :</Paragraphe><Liste type="puce"><Item><Paragraphe><LienInterne LienPublication="F1878" type="Fiche d'information conditionnée" audience="Particuliers">Allocation de rentrée scolaire (ARS)</LienInterne></Paragraphe></Item><Item><Paragraphe><LienInterne LienPublication="F32915" type="Fiche d'information conditionnée" audience="Particuliers">Aides pour l'élève inscrit dans la voie professionnelle</LienInterne></Paragraphe></Item><Item><Paragraphe><LienInterne LienPublication="F1025" type="Fiche d'information conditionnée" audience="Particuliers">Fonds social lycéen ou collégien</LienInterne></Paragraphe></Item><Item><Paragraphe><LienInterne LienPublication="F19294" type="Fiche Question-réponse conditionnée" audience="Particuliers">Aides pour la cantine</LienInterne></Paragraphe></Item></Liste></Chapitre></Texte><VoirAussi important="non"><Fiche ID="F616" audience="Particuliers"><Titre>Bourse de lycée</Titre><Theme ID="N19805"><Titre>Famille - Scolarité</Titre></Theme></Fiche><Fiche ID="F984" audience="Particuliers"><Titre>Bourse des collèges</Titre><Theme ID="N19805"><Titre>Famille - Scolarité</Titre></Theme></Fiche></VoirAussi><QuiPeutMAider ID="R24" sve="non" type="Local personnalisé sur SP"><Titre>Direction des services départementaux de l'Éducation nationale</Titre><PivotLocal>inspection_academique</PivotLocal><RessourceWeb URL="http://www.education.gouv.fr/cid3/les-regions-academiques-academies-et-services-departementaux-de-l-education-nationale.html#La_carte_des_regions_academiques_et_les_coordonnees_des_rectorats_vice-rectorats_et_services_departementaux_de_l_Education_nationale"/><Source ID="R30638">Ministère chargé de l'éducation</Source></QuiPeutMAider><QuiPeutMAider ID="R10745" sve="non" type="Local personnalisable"><Titre>Internat</Titre><PivotLocal>internat</PivotLocal><RessourceWeb URL="http://www.internat.education.gouv.fr/ConsultationAnnuaireInternat/"/><Source ID="R30638">Ministère chargé de l'éducation</Source></QuiPeutMAider><Reference type="Texte de référence" URL="https://www.legifrance.gouv.fr/codes/id/LEGISCTA000020743113" ID="R1835"><Titre>Code de l'éducation : articles D531-42 à D531-43</Titre><Complement>Prime à l'internat</Complement></Reference><Reference type="Texte de référence" URL="https://www.legifrance.gouv.fr/jorf/id/JORFTEXT000043788472" ID="R43564"><Titre>Arrêté du 13 juillet 2021 fixant le montant de la prime à l'internat à compter de l'année scolaire 2021-2022</Titre></Reference><QuestionReponse ID="F19294" audience="Particuliers"><Titre>Peut-on obtenir une aide financière pour la cantine scolaire ?</Titre></QuestionReponse></Publication>