<?xml version="1.0" encoding="UTF-8"?><Publication xmlns:dc="http://purl.org/dc/elements/1.1/" xmlns:xsi="http://www.w3.org/2001/XMLSchema-instance" ID="F19069" type="Fiche Question-réponse conditionnée" xsi:noNamespaceSchemaLocation="../Schemas/3.4/Publication.xsd" spUrl="https://www.service-public.fr/particuliers/vosdroits/F19069"><dc:title>Peut-on revendre son logement avant d'avoir remboursé son prêt immobilier ?</dc:title><dc:creator>Direction de l'information légale et administrative</dc:creator><dc:subject>Logement</dc:subject><dc:description>Vous allez vendre le logement pour lequel vous avez souscrit un ou plusieurs prêts immobiliers ? Nous faisons le point sur les possibilités de remboursement ou de transfert de ces différents crédits.</dc:description><dc:publisher>Direction de l'information légale et administrative</dc:publisher><dc:contributor>Direction de l'information légale et administrative (Premier ministre)</dc:contributor><dc:date>modified 2023-05-24</dc:date><dc:type>Question-réponse</dc:type><dc:format>text/xml</dc:format><dc:identifier>F19069</dc:identifier><dc:source>https://www.legifrance.gouv.fr/codes/section_lc/LEGITEXT000006069565/LEGISCTA000032222295/, https://www.legifrance.gouv.fr/codes/id/LEGISCTA000032228006, https://www.legifrance.gouv.fr/codes/article_lc/LEGIARTI000032807572/, https://www.legifrance.gouv.fr/codes/id/LEGISCTA000023361866</dc:source><dc:language>Fr</dc:language><dc:relation>isPartOf N23245</dc:relation><dc:coverage>France entière</dc:coverage><dc:rights>https://www.service-public.fr/a-propos/mentions-legales</dc:rights><SurTitre>Question-réponse</SurTitre><Audience>Particuliers</Audience><Canal>www.service-public.fr</Canal><FilDAriane><Niveau ID="Particuliers">Accueil particuliers</Niveau><Niveau ID="N19808">Logement</Niveau><Niveau ID="N23245">Achat ou vente d'un logement</Niveau><Niveau ID="F19069" type="Fiche Question-réponse conditionnée">Peut-on revendre son logement avant d'avoir remboursé son prêt immobilier ?</Niveau></FilDAriane><Theme ID="N19808"><Titre>Logement</Titre></Theme><SousThemePere ID="N20355">Achat immobilier</SousThemePere><DossierPere ID="N23245"><Titre>Achat ou vente d'un logement</Titre><SousDossier ID="N23245-1"><Titre>Logement existant</Titre><Fiche ID="F2965">Promesse de vente</Fiche><Fiche ID="F2962">Acte de vente</Fiche><Fiche ID="F37190">Achat d'un logement en copropriété</Fiche><Fiche ID="F2604">Vente d'un logement en copropriété</Fiche></SousDossier><SousDossier ID="N23245-2"><Titre>Logement en l'état futur d'achèvement (Véfa)</Titre><Fiche ID="F2963">Contrat de réservation</Fiche><Fiche ID="F2961">Acte de vente</Fiche><Fiche ID="F2956">Livraison</Fiche></SousDossier></DossierPere><Introduction><Texte><Paragraphe>Vous allez vendre le logement pour lequel vous avez souscrit un ou plusieurs prêts immobiliers ? Nous faisons le point sur les possibilités de remboursement ou de transfert de ces différents crédits.</Paragraphe></Texte></Introduction><Texte><Paragraphe>La situation diffère selon le type de prêt : prêt immobilier classique, <LienInterne LienPublication="F10871" type="Fiche d'information conditionnée" audience="Particuliers">prêt à taux zéro (PTZ)</LienInterne>, <LienInterne LienPublication="F10793" type="Fiche d'information conditionnée" audience="Particuliers">prêt conventionné</LienInterne>, <LienInterne LienPublication="F22158" type="Fiche d'information conditionnée" audience="Particuliers">prêt d'accession social (PAS)</LienInterne>...</Paragraphe><BlocCas affichage="radio"><Cas><Titre>Prêt immobilier classique</Titre><Paragraphe><MiseEnEvidence>Oui</MiseEnEvidence>, vous pouvez <MiseEnEvidence>revendre</MiseEnEvidence> votre logement <MiseEnEvidence>avant d'avoir rembours</MiseEnEvidence>é votre prêt immobilier.</Paragraphe><Paragraphe>Vous avez ensuite la possibilité de <MiseEnEvidence><LienInterne LienPublication="F1669" type="Fiche Question-réponse conditionnée" audience="Particuliers">rembourser le prêt par anticipation</LienInterne></MiseEnEvidence>.</Paragraphe><Paragraphe>Après la vente de votre logement et avec l'accord de votre banque, il est également possible de <LienIntra LienID="R55053" type="Définition de glossaire">transférer votre crédit</LienIntra> en cours pour financer l'achat d'un nouveau logement. Votre contrat est modifié pour que votre crédit porte sur votre nouvel achat. Le taux d’intérêt reste celui de votre crédit initial.</Paragraphe></Cas><Cas><Titre>Prêt à taux zéro (PTZ)</Titre><Paragraphe><MiseEnEvidence>Non</MiseEnEvidence>, il n'est <MiseEnEvidence>pas possible</MiseEnEvidence> de revendre son logement avant d'avoir <LienInterne LienPublication="F22110" type="Fiche Question-réponse conditionnée" audience="Particuliers">remboursé intégralement le prêt à taux zéro</LienInterne>.</Paragraphe><Paragraphe>Le remboursement intervient au plus tard lors de l'inscription de la vente au <LienIntra LienID="R63009" type="Définition de glossaire">service de la publicité foncière</LienIntra>.</Paragraphe><Paragraphe>Toutefois, avec l'accord de la banque, vous pouvez <MiseEnEvidence><LienIntra LienID="R55053" type="Définition de glossaire">transférer votre crédit</LienIntra></MiseEnEvidence> pour financer l’achat ou la construction d'une nouvelle résidence principale.</Paragraphe><Paragraphe>Si le transfert intervient dans les 6 années qui suivent le moment où les fonds du PTZ vous ont été versés, votre nouvel achat doit <LienInterne LienPublication="F10871" type="Fiche d'information conditionnée" audience="Particuliers">respecter les conditions d'attribution du PTZ</LienInterne> en vigueur à la date du transfert.</Paragraphe></Cas><Cas><Titre>Prêt conventionné classique</Titre><Paragraphe><MiseEnEvidence>Non</MiseEnEvidence>, il n'est <MiseEnEvidence>pas possible</MiseEnEvidence> de revendre son logement avant d'avoir remboursé intégralement un <LienInterne LienPublication="F10793" type="Fiche d'information conditionnée" audience="Particuliers">prêt conventionné</LienInterne>.</Paragraphe><Paragraphe>Le remboursement intervient au plus tard lors de l'inscription de la vente au <LienIntra LienID="R63009" type="Définition de glossaire">service de la publicité foncière</LienIntra>.</Paragraphe><Paragraphe>Toutefois, avec l'accord de la banque, vous pouvez <MiseEnEvidence><LienIntra LienID="R55053" type="Définition de glossaire">transférer votre crédit</LienIntra> </MiseEnEvidence>pour financer l’achat ou la construction d'une nouvelle résidence principale.</Paragraphe><Paragraphe>Si le transfert intervient dans les 6 années qui suivent le moment où les fonds du prêt conventionné classique vous ont été versés, votre nouvel achat doit respecter les conditions d'éligibilité au prêt en vigueur à la date du transfert.</Paragraphe></Cas><Cas><Titre>Prêt d'accession sociale (PAS)</Titre><Paragraphe><MiseEnEvidence>Non</MiseEnEvidence>, il n'est <MiseEnEvidence>pas possible</MiseEnEvidence> de revendre son logement avant d'avoir remboursé intégralement le <LienInterne LienPublication="F22158" type="Fiche d'information conditionnée" audience="Particuliers">PAS</LienInterne>.</Paragraphe><Paragraphe>Le remboursement intervient au plus tard lors de l'inscription de la vente au <LienIntra LienID="R63009" type="Définition de glossaire">service de la publicité foncière</LienIntra>.</Paragraphe><Paragraphe>Toutefois, avec l'accord de la banque, vous pouvez <LienIntra LienID="R55053" type="Définition de glossaire">transférer votre crédit</LienIntra> pour financer l’achat ou la construction d'une nouvelle résidence principale.</Paragraphe><Paragraphe>Si le transfert intervient dans les 6 années qui suivent le moment où les fonds du prêt d'accession social (PAS) vous ont été versés, votre nouvel achat doit respecter les conditions d'éligibilité au PAS en vigueur à la date du transfert.</Paragraphe></Cas><Cas><Titre>Autre prêt</Titre><Paragraphe>Pour un autre type de prêt, contactez la banque auprès de laquelle vous l'avez souscrit.</Paragraphe></Cas></BlocCas></Texte><VoirAussi important="non"><Dossier ID="N23245" audience="Particuliers"><Titre>Achat ou vente d'un logement</Titre><Theme ID="N19808"><Titre>Logement</Titre></Theme></Dossier></VoirAussi><QuiPeutMAider ID="R5" sve="non" type="Local personnalisé sur SP"><Titre>Agence départementale pour l'information sur le logement (Adil)</Titre><PivotLocal>adil</PivotLocal><RessourceWeb URL="https://www.anil.org/lanil-et-les-adil/votre-adil/"/><Source ID="R30676">Agence nationale pour l'information sur le logement (Anil)</Source></QuiPeutMAider><Reference type="Texte de référence" URL="https://www.legifrance.gouv.fr/codes/section_lc/LEGITEXT000006069565/LEGISCTA000032222295/" ID="R428"><Titre>Code de la consommation : articles L313-47 à L313-49</Titre><Complement>Remboursement par anticipation</Complement></Reference><Reference type="Texte de référence" URL="https://www.legifrance.gouv.fr/codes/id/LEGISCTA000032228006" ID="R1073"><Titre>Code de la consommation : articles L313-50 à L313-52</Titre><Complement>Défaillance de l'emprunteur</Complement></Reference><Reference type="Texte de référence" URL="https://www.legifrance.gouv.fr/codes/article_lc/LEGIARTI000032807572/" ID="R655"><Titre>Code de la consommation : article R313-25</Titre><Complement>Indemnités de remboursement</Complement></Reference><Reference type="Texte de référence" URL="https://www.legifrance.gouv.fr/codes/id/LEGISCTA000023361866" ID="R55287"><Titre>Code de la construction et de l'habitation : articles D31-10-6 et D31-10-7</Titre><Complement>Maintien du PTZ</Complement></Reference><PourEnSavoirPlus type="Information pratique" ID="R53589" URL="https://www.abe-infoservice.fr/banque/credit-immobilier/rembourser-un-credit-immobilier-par-anticipation-comment-ca-marche" audience="Particuliers"><Titre>Rembourser un crédit immobilier par anticipation : comment ça marche ?</Titre><Source ID="R34551">Autorité de contrôle prudentiel et de résolution (ACPR)</Source></PourEnSavoirPlus><Definition ID="R55053"><Titre>Transfert de crédit</Titre><Texte><Paragraphe>Utilisation du solde restant d'un premier prêt pour financer l'achat d'un second bien</Paragraphe></Texte></Definition><Definition ID="R63009"><Titre>Service de la publicité foncière</Titre><Texte><Paragraphe>Service fiscal qui tient à jour les renseignements immobiliers, enregistre les actes notariés, perçoit les impôts relatifs à ces formalités et répond aux demandes d'information des usagers.</Paragraphe></Texte></Definition><QuestionReponse ID="F1669" audience="Particuliers"><Titre>Peut-on rembourser son crédit immobilier par anticipation ?</Titre></QuestionReponse><QuestionReponse ID="F22110" audience="Particuliers"><Titre>Que devient le PTZ en cas de revente du logement ?</Titre></QuestionReponse><CommentFaireSi ID="F15913" audience="Particuliers" pictogramme="icone-achat-logement"><Titre>J'achète un logement</Titre></CommentFaireSi><CommentFaireSi ID="F16123" audience="Particuliers" pictogramme="icone-credit-immobilier"><Titre>Je veux obtenir un crédit immobilier</Titre></CommentFaireSi></Publication>