<?xml version="1.0" encoding="UTF-8"?><Publication xmlns:dc="http://purl.org/dc/elements/1.1/" xmlns:xsi="http://www.w3.org/2001/XMLSchema-instance" ID="F1901" type="Fiche Question-réponse conditionnée" xsi:noNamespaceSchemaLocation="../Schemas/3.4/Publication.xsd" spUrl="https://www.service-public.fr/particuliers/vosdroits/F1901"><dc:title>Une salariée enceinte a-t-elle droit à une réduction de son temps de travail ?</dc:title><dc:creator>Direction de l'information légale et administrative</dc:creator><dc:subject>Travail - Formation</dc:subject><dc:description>La réduction de l'horaire journalier de travail pour une salariée enceinte n'est pas une obligation légale.</dc:description><dc:publisher>Direction de l'information légale et administrative</dc:publisher><dc:contributor>Direction de l'information légale et administrative (Premier ministre)</dc:contributor><dc:date>modified 2023-11-22</dc:date><dc:type>Question-réponse</dc:type><dc:format>text/xml</dc:format><dc:identifier>F1901</dc:identifier><dc:source>https://www.legifrance.gouv.fr/codes/section_lc/LEGITEXT000006072050/LEGISCTA000006177925</dc:source><dc:language>Fr</dc:language><dc:relation>isPartOf N492</dc:relation><dc:coverage>France entière</dc:coverage><dc:rights>https://www.service-public.fr/a-propos/mentions-legales</dc:rights><SurTitre>Question-réponse</SurTitre><Audience>Particuliers</Audience><Canal>www.service-public.fr</Canal><FilDAriane><Niveau ID="Particuliers">Accueil particuliers</Niveau><Niveau ID="N19806">Travail - Formation</Niveau><Niveau ID="N492">Conditions de travail dans le secteur privé</Niveau><Niveau ID="F1901" type="Fiche Question-réponse conditionnée">Une salariée enceinte a-t-elle droit à une réduction de son temps de travail ?</Niveau></FilDAriane><Theme ID="N19806"><Titre>Travail - Formation</Titre></Theme><SousThemePere ID="N19965">Santé, sécurité et conditions de travail</SousThemePere><DossierPere ID="N492"><Titre>Conditions de travail dans le secteur privé</Titre><SousDossier ID="N492-1"><Titre>Hygiène, sécurité et conditions de travail</Titre><Fiche ID="F2210">Obligations de l'employeur</Fiche><Fiche ID="F35101">Obligations du salarié</Fiche><Fiche ID="F2344">Jeunes dans l'entreprise</Fiche><Fiche ID="F58">Travailleur à domicile</Fiche><Fiche ID="F2211">Médecine du travail pour un salarié du secteur privé</Fiche><Fiche ID="F15504">Compte professionnel de prévention (C2P)</Fiche><Fiche ID="F13851">Télétravail</Fiche></SousDossier><SousDossier ID="N492-2"><Titre>Travail de nuit</Titre><Fiche ID="F2212">Principes généraux</Fiche><Fiche ID="F1688">Jeune de moins de 18 ans</Fiche><Fiche ID="F2691">Pour une salariée enceinte</Fiche></SousDossier><SousDossier ID="N492-3"><Titre>Conditions de travail : informations diverses</Titre><Fiche ID="F31854">Évaluation du salarié</Fiche><Fiche ID="F1905">Règlement intérieur d'une entreprise</Fiche><Fiche ID="F78">Convention collective</Fiche><Fiche ID="F32031">Lanceurs d'alerte en entreprise</Fiche><Fiche ID="F35274">Utilisation et aménagement des lieux de travail</Fiche></SousDossier></DossierPere><Texte><Paragraphe><MiseEnEvidence>Non,</MiseEnEvidence> la réduction de l'horaire journalier de travail pour une salariée enceinte n'est <MiseEnEvidence>pas une obligation légale</MiseEnEvidence>.</Paragraphe><Paragraphe>Par contre, cette réduction d'horaires peut être prévue par la <LienInterne LienPublication="F78" type="Fiche d'information conditionnée" audience="Particuliers">convention collective</LienInterne> ou l'<LienIntra LienID="R57077" type="Définition de glossaire">accord d'entreprise</LienIntra>. La réduction d'horaires peut aussi résulter d'un <LienInterne LienPublication="F311" type="Fiche Question-réponse conditionnée" audience="Particuliers">usage</LienInterne> dans l'entreprise.</Paragraphe><Paragraphe>Un simulateur permet de rechercher la convention collective avec le nom de l'entreprise ou son numéro <LienIntra LienID="R1041" type="Définition de glossaire">Siret</LienIntra> :</Paragraphe><ServiceEnLigne ID="R60805" URL="https://code.travail.gouv.fr/outils/convention-collective?src_url=https://service-public.fr/particuliers/vosdroits/F78" audience="Particuliers" type="Simulateur"><Titre>Trouver sa convention collective</Titre><Source ID="R30661">Ministère chargé du travail</Source></ServiceEnLigne><ANoter><Titre>À noter</Titre><Paragraphe>L'employeur et la salariée peuvent aussi <MiseEnEvidence><MiseEnEvidence/>d'un commun accord</MiseEnEvidence> décider d'une diminution de l'horaire de travail journalier.</Paragraphe></ANoter></Texte><VoirAussi important="non"><Fiche ID="F2691" audience="Particuliers"><Titre>Travail de nuit d'une salariée enceinte</Titre><Theme ID="N19806"><Titre>Travail - Formation</Titre></Theme></Fiche><Fiche ID="F2873" audience="Particuliers"><Titre>Licenciement d'une salariée enceinte ou en congé de maternité</Titre><Theme ID="N19806"><Titre>Travail - Formation</Titre></Theme></Fiche></VoirAussi><Reference type="Texte de référence" URL="https://www.legifrance.gouv.fr/codes/section_lc/LEGITEXT000006072050/LEGISCTA000006177925" ID="R32837"><Titre>Code du travail : articles L2221-1 à L2221-3</Titre></Reference><Definition ID="R57077"><Titre>Accord collectif d'entreprise</Titre><Texte><Paragraphe>Résultat des négociations menées entre les partenaires sociaux (employeurs et salariés)</Paragraphe></Texte></Definition><Definition ID="R1041"><Titre>Siret</Titre><Texte><Paragraphe>Identifiant géographique d'un établissement ou d'une entreprise, composé de 14 chiffres</Paragraphe></Texte></Definition><QuestionReponse ID="F2395" audience="Particuliers"><Titre>Comment consulter une convention collective ?</Titre></QuestionReponse><QuestionReponse ID="F1144" audience="Particuliers"><Titre>Une salariée enceinte est-elle obligée de révéler sa grossesse à son employeur ?</Titre></QuestionReponse><QuestionReponse ID="F2330" audience="Particuliers"><Titre>Une salariée a-t-elle droit à des absences liées à sa grossesse ?</Titre></QuestionReponse><QuestionReponse ID="F2775" audience="Particuliers"><Titre>Une salariée enceinte peut-elle bénéficier d'un aménagement de son poste de travail ?</Titre></QuestionReponse><QuestionReponse ID="F1769" audience="Particuliers"><Titre>Une salariée peut-elle allaiter pendant les heures de travail ?</Titre></QuestionReponse><CommentFaireSi ID="F16225" audience="Particuliers" pictogramme="icone-attente-enfant"><Titre>J'attends un enfant</Titre></CommentFaireSi></Publication>