<?xml version="1.0" encoding="UTF-8"?><Publication xmlns:dc="http://purl.org/dc/elements/1.1/" xmlns:xsi="http://www.w3.org/2001/XMLSchema-instance" ID="F19261" type="Fiche d'information conditionnée" xsi:noNamespaceSchemaLocation="../Schemas/3.4/Publication.xsd" dateDerniereModificationImportante="2024-01-01T00:00:00" spUrl="https://www.service-public.fr/particuliers/vosdroits/F19261"><dc:title>Durée du travail du salarié : convention de forfait en heures ou en jours</dc:title><dc:creator>Direction de l'information légale et administrative</dc:creator><dc:subject>Travail - Formation</dc:subject><dc:description>La convention de forfait est un document qui prévoit une durée du travail différente de la durée légale ou conventionnelle.</dc:description><dc:publisher>Direction de l'information légale et administrative</dc:publisher><dc:contributor>Direction de l'information légale et administrative (Premier ministre)</dc:contributor><dc:date>modified 2024-01-01</dc:date><dc:type>Fiche pratique</dc:type><dc:format>text/xml</dc:format><dc:identifier>F19261</dc:identifier><dc:source>https://www.legifrance.gouv.fr/codes/id/LEGISCTA000033003095, https://www.legifrance.gouv.fr/codes/id/LEGISCTA000033003176, https://www.legifrance.gouv.fr/codes/id/LEGISCTA000033003217, https://www.legifrance.gouv.fr/codes/id/LEGISCTA000033003275, https://www.legifrance.gouv.fr/codes/id/LEGISCTA000033003367</dc:source><dc:language>Fr</dc:language><dc:relation>isPartOf N458</dc:relation><dc:coverage>France entière</dc:coverage><dc:rights>https://www.service-public.fr/a-propos/mentions-legales</dc:rights><SurTitre>Fiche pratique</SurTitre><Audience>Particuliers</Audience><Canal>www.service-public.fr</Canal><FilDAriane><Niveau ID="Particuliers">Accueil particuliers</Niveau><Niveau ID="N19806">Travail - Formation</Niveau><Niveau ID="N458">Temps de travail dans le secteur privé</Niveau><Niveau ID="F19261" type="Fiche d'information conditionnée">Durée du travail du salarié : convention de forfait en heures ou en jours</Niveau></FilDAriane><Theme ID="N19806"><Titre>Travail - Formation</Titre></Theme><SousThemePere ID="N31777">Temps de travail</SousThemePere><DossierPere ID="N458"><Titre>Temps de travail dans le secteur privé</Titre><SousDossier ID="N458-1"><Titre>Durée du travail</Titre><Fiche ID="F1911">Durée du travail à temps complet</Fiche><Fiche ID="F2216">Durée du travail d'un jeune avant 18 ans</Fiche><Fiche ID="F19261">Convention de forfait (en heures ou en jours)</Fiche></SousDossier><SousDossier ID="N458-2"><Titre>Travail à temps partiel</Titre><Fiche ID="F32428">Temps partiel</Fiche><Fiche ID="F2332">Congé parental à temps partiel</Fiche></SousDossier><SousDossier ID="N458-3"><Titre>Repos</Titre><Fiche ID="F990">Repos quotidien</Fiche><Fiche ID="F2327">Repos hebdomadaire</Fiche><Fiche ID="F13887">Repos dominical</Fiche><Fiche ID="F1907">Compte épargne-temps</Fiche></SousDossier><SousDossier ID="N458-4"><Titre>Aménagement du temps de travail</Titre><Fiche ID="F75">Répartition des horaires</Fiche><Fiche ID="F74">Horaires individualisés</Fiche></SousDossier><SousDossier ID="N458-5"><Titre>Heures supplémentaires, équivalence et astreintes</Titre><Fiche ID="F2391">Heures supplémentaires</Fiche><Fiche ID="F1903">Heures d'équivalence</Fiche><Fiche ID="F20873">Astreintes</Fiche></SousDossier></DossierPere><SousDossierPere>Durée du travail</SousDossierPere><Introduction><Texte><Paragraphe>La convention de forfait est un document qui prévoit une durée du travail différente de la durée légale ou conventionnelle, sur la base d'un forfait établi <MiseEnEvidence>en heures</MiseEnEvidence> (sur la semaine, le mois ou l'année) ou <MiseEnEvidence>en jours</MiseEnEvidence> (sur l'année).</Paragraphe></Texte></Introduction><ListeSituations affichage="onglet"><Situation><Titre>En jours</Titre><Texte><Chapitre><Titre><Paragraphe>Qu'est-ce qu'une convention individuelle de forfait en jours ?</Paragraphe></Titre><Paragraphe>La convention individuelle de forfait en jours est un document établi par écrit, qui formalise les conditions permettant au salarié de travailler dans le cadre d'un forfait en jours.</Paragraphe><Paragraphe>Les conditions applicables au salarié sont fixées :</Paragraphe><Liste type="puce"><Item><Paragraphe>Soit par un accord collectif d'entreprise ou d'établissement</Paragraphe></Item><Item><Paragraphe>Soit par une convention ou un accord de branche</Paragraphe></Item></Liste><Paragraphe>L'accord du salarié est obligatoire.</Paragraphe><Paragraphe>Le salarié doit signer la convention individuelle de forfait.</Paragraphe></Chapitre><Chapitre><Titre><Paragraphe>Qui est concerné par la convention individuelle de forfait en jours ?</Paragraphe></Titre><Paragraphe>Seuls peuvent conclure une convention individuelle de forfait en jours sur l'année, dans la limite du nombre de jours fixé par l'accord collectif :</Paragraphe><Liste type="puce"><Item><Paragraphe>Cadres disposant d'une autonomie dans l'organisation de leur emploi du temps et non soumis à un système de pointage (manuel, automatique ou informatique)</Paragraphe></Item><Item><Paragraphe>Salariés dont la durée du temps de travail ne peut être prédéterminée et qui disposent d'une autonomie dans l'organisation de leur emploi du temps</Paragraphe></Item></Liste></Chapitre><Chapitre><Titre><Paragraphe>Quelle durée du travail dans le cas d'une convention individuelle de forfait en jours ?</Paragraphe></Titre><Paragraphe>La durée de travail du salarié n'est pas comptabilisée en heures. Le salarié en forfait jours est tenu de travailler un certain nombre de jours dans l'année.</Paragraphe><Paragraphe>Ce nombre de jours de travail dans l'année est fixé à <MiseEnEvidence>218 jours</MiseEnEvidence> au maximum.</Paragraphe><Paragraphe>Toutefois, un accord collectif d'entreprise ou d'établissement (ou, à défaut, une convention ou un accord de branche) peut fixer un nombre de jours de travail inférieur à 218.</Paragraphe><Paragraphe>Le salarié n'est donc pas soumis au respect des durées maximales quotidienne et hebdomadaire de travail.</Paragraphe><Paragraphe>À l'inverse, il continue de bénéficier des garanties légales prévues en matière de repos <LienInterne LienPublication="F990" type="Fiche d'information conditionnée" audience="Particuliers">quotidien</LienInterne> et <LienInterne LienPublication="F2327" type="Fiche d'information conditionnée" audience="Particuliers">hebdomadaire</LienInterne>, de <LienInterne LienPublication="F2258" type="Fiche d'information conditionnée" audience="Particuliers">congés payés</LienInterne> et de <LienInterne LienPublication="F2405" type="Fiche d'information conditionnée" audience="Particuliers">jours fériés</LienInterne> chômés dans l'entreprise. Pour s'assurer du respect de ces garanties, l'employeur doit s'assurer régulièrement :</Paragraphe><Liste type="puce"><Item><Paragraphe>que la charge de travail du salarié est raisonnable et permet une bonne répartition dans le temps de son travail</Paragraphe></Item><Item><Paragraphe>de la bonne articulation entre l'activité professionnelle du salarié et sa vie personnelle</Paragraphe></Item></Liste></Chapitre><Chapitre><Titre><Paragraphe>Quelles contreparties pour le salarié en convention individuelle de forfait en jours ?</Paragraphe></Titre><SousChapitre><Titre><Paragraphe>Repos</Paragraphe></Titre><Paragraphe>Le salarié bénéficie d'un certain de nombre de jours de repos, prévus à l'avance.</Paragraphe><Paragraphe>Toutefois, le salarié peut renoncer à une partie de ses jours de repos.</Paragraphe><Paragraphe>En contrepartie, il bénéficie d'une majoration de son salaire pour les jours de travail supplémentaires. Un accord doit alors être établi par écrit entre le salarié et l'employeur.</Paragraphe><Paragraphe>La majoration de salaire est précisée par un avenant à la convention individuelle de forfait. Son taux est au minimum fixé à 10%.</Paragraphe><Paragraphe>Si le salarié renonce à une partie des jours de repos, il ne peut pas travailler plus de 235 jours dans l'année, sauf si l'accord ou la convention applicable dans l'entreprise prévoit une durée différente (supérieure ou inférieure).</Paragraphe><Paragraphe>Dans tous les cas, le nombre de jours travaillés ne doit pas remettre en cause les garanties du salarié en matière de repos <LienInterne LienPublication="F990" type="Fiche d'information conditionnée" audience="Particuliers">quotidien</LienInterne> et <LienInterne LienPublication="F2327" type="Fiche d'information conditionnée" audience="Particuliers">hebdomadaire</LienInterne>, de <LienInterne LienPublication="F2258" type="Fiche d'information conditionnée" audience="Particuliers">congés payés</LienInterne> et de <LienInterne LienPublication="F2405" type="Fiche d'information conditionnée" audience="Particuliers">jours fériés</LienInterne> chômés dans l'entreprise.</Paragraphe></SousChapitre><SousChapitre><Titre><Paragraphe>Rémunération</Paragraphe></Titre><Paragraphe>La rémunération du salarié doit tenir compte de la charge de travail imposée au salarié en forfait jours.</Paragraphe><Paragraphe>La rémunération du salarié fait l'objet d'un entretien annuel avec l'employeur (sauf conditions différentes prévues par accord ou convention applicable dans l'entreprise).</Paragraphe><Paragraphe>Si la rémunération est manifestement sans rapport avec les contraintes imposées au salarié, celui-ci peut <LienInterne LienPublication="F2360" type="Fiche d'information conditionnée" audience="Particuliers">saisir le conseil des prud'hommes</LienInterne> pour demander une indemnité.</Paragraphe><Paragraphe>Cette indemnité est calculée en fonction du préjudice subi.</Paragraphe></SousChapitre><SousChapitre><Titre><Paragraphe>Droits RTT d'un salarié au forfait jour</Paragraphe></Titre><Paragraphe>Le calcul du nombre de jours de réduction du temps de travail (RTT) dans le cadre de la convention individuelle de forfait est réalisé dans les conditions suivantes :</Paragraphe><Liste type="puce"><Item><Paragraphe>Détermination du nombre de jours dans l'année</Paragraphe></Item><Item><Paragraphe>Déduction du nombre de jours maximum de travail dans l'année</Paragraphe></Item><Item><Paragraphe>Déduction des jours de repos hebdomadaires (nombre de samedi et dimanche)</Paragraphe></Item><Item><Paragraphe>Déduction des jours ouvrés de congés payés</Paragraphe></Item><Item><Paragraphe>Déduction des jours fériés tombant entre le lundi et le vendredi</Paragraphe></Item></Liste><Paragraphe>Soit pour l'année 2024 : 366 - (218 + 104 + 25 + 10) = 9.</Paragraphe><Paragraphe>Ainsi, pour 2024, le nombre de jours de RTT pour un salarié au forfait jour est de 9.</Paragraphe><ANoter><Titre>À noter</Titre><Paragraphe>Si une catégorie de travailleurs bénéficie de jours fériés supplémentaires compte tenu de leur lieu de travail (par exemple en Alsace -Moselle), ils doivent être pris en compte pour déterminer le nombre de jours de RTT.</Paragraphe></ANoter></SousChapitre></Chapitre></Texte></Situation><Situation><Titre>En heures</Titre><Texte><Chapitre><Titre><Paragraphe>Qu'est-ce qu'une convention de forfait en heures ?</Paragraphe></Titre><Paragraphe>Une convention de forfait en heures permet d'intégrer, dans la durée de travail d'un salarié, et sur une période prédéterminée, un certain nombre d'heures supplémentaires prévisibles.</Paragraphe><Paragraphe>Si l'entreprise a une forte activité en fin d'année, il est possible, par exemple, de signer une convention prévoyant à l'avance le paiement au salarié de 15 heures supplémentaires sur le mois de décembre.</Paragraphe><Paragraphe>Le forfait en heures est hebdomadaire, mensuel ou annuel.</Paragraphe><Paragraphe>L'accord du salarié est obligatoire.</Paragraphe><Paragraphe>Le salarié doit signer la convention individuelle de forfait.</Paragraphe></Chapitre><Chapitre><Titre><Paragraphe>Qui est concerné par la convention de forfait en heures ?</Paragraphe></Titre><Paragraphe>Seuls les salariés suivants peuvent conclure une convention individuelle de forfait en heures sur l'année, dans la limite du nombre d'heures fixé par l'accord collectif :</Paragraphe><Liste type="puce"><Item><Paragraphe>Cadres dont la nature des fonctions ne leur permet pas d'appliquer l'horaire collectif en vigueur au sein de l'atelier, du service ou de l'équipe auquel ils sont intégrés</Paragraphe></Item><Item><Paragraphe>Salariés ayant une réelle autonomie dans l'organisation de leur emploi du temps</Paragraphe></Item></Liste><Paragraphe>Tout salarié peut bénéficier d'une convention individuelle de forfait en heures prévue sur la semaine ou sur le mois.</Paragraphe></Chapitre><Chapitre><Titre><Paragraphe>Quelle durée de travail dans le cas d'une convention de forfait en heures ?</Paragraphe></Titre><Paragraphe>La durée de travail est fixée dans la convention individuelle de forfait. Elle prévoit à l'avance un certain nombre d'heures supplémentaires travaillées et rémunérées, sans dépasser la <LienInterne LienPublication="F1911" type="Fiche d'information conditionnée" audience="Particuliers">durée maximale quotidienne et hebdomadaire</LienInterne> de travail.</Paragraphe><Paragraphe>Si le salarié effectue des heures supplémentaires au-delà du forfait, celles-ci sont rémunérées dans les <LienInterne LienPublication="F2391" type="Fiche d'information conditionnée" audience="Particuliers">conditions habituelles.</LienInterne></Paragraphe><Paragraphe>Le salarié continue de bénéficier des garanties légales prévues en matière de repos <LienInterne LienPublication="F990" type="Fiche d'information conditionnée" audience="Particuliers">quotidien</LienInterne> et <LienInterne LienPublication="F2327" type="Fiche d'information conditionnée" audience="Particuliers">hebdomadaire</LienInterne>, de <LienInterne LienPublication="F2258" type="Fiche d'information conditionnée" audience="Particuliers">congés payés</LienInterne> et de <LienInterne LienPublication="F2405" type="Fiche d'information conditionnée" audience="Particuliers">jours fériés</LienInterne> chômés dans l'entreprise.</Paragraphe></Chapitre><Chapitre><Titre><Paragraphe>Quelle rémunération dans le cas d'une convention de forfait en heures ?</Paragraphe></Titre><Paragraphe>La rémunération du salarié ayant conclu une convention de forfait en heures est au moins égale à la rémunération minimale applicable dans l'entreprise.</Paragraphe><Paragraphe>Si la convention de forfait prévoit des heures supplémentaires, des majorations sont dues.</Paragraphe></Chapitre></Texte></Situation></ListeSituations><Reference type="Texte de référence" URL="https://www.legifrance.gouv.fr/codes/id/LEGISCTA000033003095" ID="R39271"><Titre>Code du travail : articles L3121-53 à L3121-55</Titre><Complement>Durée du travail : dispositions communes</Complement></Reference><Reference type="Texte de référence" URL="https://www.legifrance.gouv.fr/codes/id/LEGISCTA000033003176" ID="R39272"><Titre>Code du travail : articles L3121-56 et L3121-57</Titre><Complement>Conventions de forfait en heures (ordre public)</Complement></Reference><Reference type="Texte de référence" URL="https://www.legifrance.gouv.fr/codes/id/LEGISCTA000033003217" ID="R39273"><Titre>Code du travail : articles L3121-58 à L3121-62</Titre><Complement>Conventions de forfait en jours (ordre public)</Complement></Reference><Reference type="Texte de référence" URL="https://www.legifrance.gouv.fr/codes/id/LEGISCTA000033003275" ID="R45861"><Titre>Code du travail : articles L3121-63 et L3121-64</Titre><Complement>Conventions de forfait en heures et en jours sur l'année (champ de la négociation collective)</Complement></Reference><Reference type="Texte de référence" URL="https://www.legifrance.gouv.fr/codes/id/LEGISCTA000033003367" ID="R45862"><Titre>Code du travail : articles L3121-65 et L3121-66</Titre><Complement>Conventions de forfait en jours (dispositions supplétives)</Complement></Reference></Publication>