<?xml version="1.0" encoding="UTF-8"?><Publication xmlns:dc="http://purl.org/dc/elements/1.1/" xmlns:xsi="http://www.w3.org/2001/XMLSchema-instance" ID="F2009" type="Fiche Question-réponse conditionnée" xsi:noNamespaceSchemaLocation="../Schemas/3.4/Publication.xsd" spUrl="https://www.service-public.fr/particuliers/vosdroits/F2009"><dc:title>Est-on obligé d'aider ses parents ou beaux-parents qui sont dans le besoin ?</dc:title><dc:creator>Direction de l'information légale et administrative</dc:creator><dc:subject>Famille - Scolarité</dc:subject><dc:description>Oui, un enfant a l'obligation d'aider un parent ou un beau-parent qui n'est pas en mesure d'assurer ses besoins (manger, s'habiller, se loger, se soigner,...).</dc:description><dc:publisher>Direction de l'information légale et administrative</dc:publisher><dc:contributor>Direction de l'information légale et administrative (Premier ministre)</dc:contributor><dc:date>modified 2023-01-26</dc:date><dc:type>Question-réponse</dc:type><dc:format>text/xml</dc:format><dc:identifier>F2009</dc:identifier><dc:source>https://www.legifrance.gouv.fr/codes/section_lc/LEGITEXT000006070721/LEGISCTA000006136127, https://www.legifrance.gouv.fr/codes/id/LEGISCTA000006165318, https://www.legifrance.gouv.fr/codes/article_lc/LEGIARTI000006691040, https://www.legifrance.gouv.fr/codes/id/LEGISCTA000006157562/, https://www.legifrance.gouv.fr/codes/id/LEGISCTA000006178304/, https://www.legifrance.gouv.fr/juri/id/JURITEXT000023012626/</dc:source><dc:language>Fr</dc:language><dc:relation>isPartOf N135</dc:relation><dc:coverage>France entière</dc:coverage><dc:rights>https://www.service-public.fr/a-propos/mentions-legales</dc:rights><SurTitre>Question-réponse</SurTitre><Audience>Particuliers</Audience><Canal>www.service-public.fr</Canal><FilDAriane><Niveau ID="Particuliers">Accueil particuliers</Niveau><Niveau ID="N19805">Famille - Scolarité</Niveau><Niveau ID="N135">Autorité parentale</Niveau><Niveau ID="F2009" type="Fiche Question-réponse conditionnée">Est-on obligé d'aider ses parents ou beaux-parents qui sont dans le besoin ?</Niveau></FilDAriane><Theme ID="N19805"><Titre>Famille - Scolarité</Titre></Theme><SousThemePere ID="N127">Enfant</SousThemePere><DossierPere ID="N135"><Titre>Autorité parentale</Titre><Fiche ID="F3132">Exercice</Fiche><Fiche ID="F3134">Délégation</Fiche><Fiche ID="F2139">Tutelle</Fiche><Fiche ID="F3135">Retrait</Fiche><Fiche ID="F1194">Émancipation</Fiche></DossierPere><Introduction><Texte><Paragraphe>Oui, les enfants ont l'obligation d'aider un parent ou un beau-parent qui n'est pas en mesure d'assurer ses besoins (manger, s'habiller, se loger, se soigner,...). On parle alors d'<Expression>obligation alimentaire</Expression>. Elle se matérialise par une aide financière ou <LienIntra LienID="R51728" type="Définition de glossaire">en nature</LienIntra>. Cette aide varie en fonction des revenus et des charges de l'enfant (ou de la personne qui va la verser) et du parent qui va la recevoir.</Paragraphe></Texte></Introduction><Texte><Chapitre><Titre><Paragraphe>Qui est concerné par l'obligation alimentaire ?</Paragraphe></Titre><Paragraphe>Les <LienIntra LienID="R12574" type="Définition de glossaire">descendants</LienIntra> sont concernés par l'obligation alimentaire à l'égard de leurs père, mère ou de leurs <LienIntra LienID="R12668" type="Définition de glossaire">ascendants</LienIntra> dans le besoin.</Paragraphe><Paragraphe>Les gendres et belles-filles peuvent également être concernés par cette aide à l'égard de leurs beaux-parents dans le besoin.</Paragraphe></Chapitre><Chapitre><Titre><Paragraphe>Qui peut être dispensé de l'obligation alimentaire ?</Paragraphe></Titre><Paragraphe>Les personnes suivantes peuvent être dispensées de l'obligation alimentaire par le juge aux affaires familiales (Jaf) :</Paragraphe><Liste type="puce"><Item><Paragraphe>Enfant dont le père ou la mère a manqué gravement à cette obligation à son égard (exemples : violence, abandon de famille)</Paragraphe></Item><Item><Paragraphe>Enfant dont le père ou la mère s'est vu retirer ses droits et ses devoirs à son égard (<LienInterne LienPublication="F3135" type="Fiche d'information conditionnée" audience="Particuliers">retrait de l'autorité parentale</LienInterne>)</Paragraphe></Item><Item><Paragraphe>Enfant qui a été retiré de son milieu familial avant ses 12 ans <MiseEnEvidence>et</MiseEnEvidence> depuis plus de 36 mois</Paragraphe></Item></Liste><Paragraphe>Pour pouvoir être dispensée, la personne concernée doit prouver que le parent a gravement manqué à ses obligations à son égard. Elle doit effectuer une requête en obligation alimentaire auprès du Jaf (en utilisant le formulaire <LienInterne LienPublication="R42402" type="Formulaire" audience="Particuliers">cerfa n°15454</LienInterne>). La requête doit être adressée par lettre recommandée avec accusé de réception ou déposée au greffe du juge aux affaires familiales du tribunal judiciaire de la personne qui va verser l'aide financière.</Paragraphe><ASavoir><Titre>À savoir</Titre><Paragraphe>La présence d’un avocat n'est pas obligatoire dans cette procédure, mais elle est vivement recommandée.</Paragraphe></ASavoir></Chapitre><Chapitre><Titre><Paragraphe>Que doit faire le parent qui est dans le besoin ?</Paragraphe></Titre><Paragraphe>Le parent qui est dans le besoin doit <MiseEnEvidence>tenter de fixer amiablement un accord écrit</MiseEnEvidence> avec ses enfants ou la personne qui va lui verser l'aide financière <MiseEnEvidence>avant de s'adresser au juge</MiseEnEvidence>.</Paragraphe><Paragraphe>Il est possible de solliciter un médiateur familial.</Paragraphe><Paragraphe>L'accord peut également être <LienIntra LienID="R55691" type="Définition de glossaire">homologué</LienIntra> par le juge.</Paragraphe><OuSAdresser ID="R42965" sve="non" type="Local personnalisable"><Titre>Médiateur familial</Titre><PivotLocal>mediateur_familial</PivotLocal><RessourceWeb URL="http://www.annuaires.justice.gouv.fr"/><Source ID="R30663">Ministère chargé de la justice</Source></OuSAdresser><Paragraphe>Si aucun accord n'est possible, le parent qui demande l'aide doit démontrer qu'il est dans le besoin, c'est-à-dire dans l'impossibilité de s'acheter de la nourriture, des vêtements, des médicaments ou même de se loger.</Paragraphe></Chapitre><Chapitre><Titre><Paragraphe>Comment faire la demande au juge si vous n'avez pas trouvé d'accord amiable ?</Paragraphe></Titre><Paragraphe>La demande se fait alors auprès du juge aux affaires familiales, soit sur papier libre, soit à l'aide du formulaire suivant :</Paragraphe><ServiceEnLigne ID="R42402" URL="https://www.formulaires.service-public.fr/gf/cerfa_15454.do" audience="Particuliers" format="application/pdf" poids="98.2 KB" numerocerfa="15454*03" type="Formulaire"><Titre>Requête en obligation alimentaire - Saisine du juge aux affaires familiales</Titre><Source ID="R30663">Ministère chargé de la justice</Source><NoticeLiee ID="R42411" URL="https://www.formulaires.service-public.fr/gf/getNotice.do?cerfaNotice=52034&amp;cerfaFormulaire=15454" type="Notice" numerocerfa="52034*04" format="application/pdf" poids="93.0 KB">Notice - Requête en obligation alimentaire</NoticeLiee></ServiceEnLigne><Paragraphe>La demande doit être adressée par lettre recommandée avec accusé de réception ou déposée au greffe du juge aux affaires familiales du tribunal judiciaire<MiseEnEvidence> de la personne qui va vous verser l'aide financière.</MiseEnEvidence></Paragraphe><OuSAdresser ID="R30" sve="non" type="Local"><Titre>Tribunal judiciaire</Titre><RessourceWeb URL="http://www.annuaires.justice.gouv.fr/"/><Source ID="R30663">Ministère chargé de la justice</Source></OuSAdresser><Paragraphe>Les documents suivants doivent être joints à la demande :</Paragraphe><Liste type="puce"><Item><Paragraphe>Copie intégrale de moins de 3 mois de<LienInterne LienPublication="F1427" type="Fiche d'information conditionnée" audience="Particuliers"> l'acte de naissance</LienInterne> de la personne qui fait la demande ou la copie du <LienInterne LienPublication="N31784" type="Dossier" audience="Particuliers">livret de famille</LienInterne></Paragraphe></Item><Item><Paragraphe>Copie de l’acte de naissance de la personne qui va verser l'aide financière avec mention de la filiation ou du livret de famille</Paragraphe></Item><Item><Paragraphe>Justificatifs des charges et des ressources (fiches de paye, avis d’imposition sur les revenus, justificatif de crédit immobilier, quittances de loyer,...) du parent qui est dans le besoin</Paragraphe></Item><Item><Paragraphe>Photocopie de toutes les décisions antérieures à la nouvelle demande en cas de demande de modification de la pension alimentaire</Paragraphe></Item></Liste></Chapitre><Chapitre><Titre><Paragraphe>Quelles sont les ressources prises en compte par le juge dans le cadre de l'obligation alimentaire ?</Paragraphe></Titre><Paragraphe>L'ensemble des charges et des revenus de la personne concernée par l'obligation d'aliment (c'est-à-dire le devoir de subvenir aux besoins de ses parents) est pris en compte.</Paragraphe><Paragraphe><Expression>L'obligé alimentaire</Expression> (c'est-à-dire celui qui va financer les besoins de ses parents) doit apporter au juge la preuve des dépenses qui lui sont obligatoires dans sa vie quotidienne (loyer par exemple), si elle souhaite qu'il les prenne en compte.</Paragraphe><Paragraphe>Toutefois, ses ressources doivent être suffisantes pour lui permettre de subvenir également à ses propres besoins.</Paragraphe><Paragraphe>Si la personne avec qui il (ou elle) vit n'a pas été personnellement convoquée ou assignée par le juge, ses ressources ne sont pas prises en compte.</Paragraphe><Paragraphe>Il en est de même pour les revenus du partenaire pacsé ou du concubin.</Paragraphe><Paragraphe>En revanche, le juge tient compte du partage des charges (loyer par exemple) dont la personne qui va recevoir l'obligation alimentaire peut bénéficier.</Paragraphe><Paragraphe>Le devoir de secours entre époux (qui est un équivalent de l'obligation d'aliment) prime sur l'obligation de fournir des aliments à ses parents qui est à la charge de l'enfant.</Paragraphe><Paragraphe>Par exemple, si la mère est dans le besoin, ce sera d'abord à son époux de l'aider financièrement.</Paragraphe><Paragraphe>C'est seulement si ses revenus ne sont pas suffisants que les enfants seront sollicités.</Paragraphe><Paragraphe>Les enfants peuvent également devoir payer la partie concernant les <LienIntra LienID="R17620" type="Définition de glossaire">aliments</LienIntra> lorsque l'un de ses parents ne peut payer la maison de retraite ou l'<LienInterne LienPublication="R46913" type="Acronyme">Éhpad</LienInterne> où il réside. Le pensionnaire devra démontrer qu'il est dans le besoin et que sa pension de retraite est insuffisante.</Paragraphe></Chapitre><Chapitre><Titre><Paragraphe>Comment est prise la décision d'attribution de la contribution alimentaire ?</Paragraphe></Titre><Paragraphe>L'obligation alimentaire peut être fixée selon l'une des manières suivantes :</Paragraphe><Liste type="puce"><Item><Paragraphe>Soit d'un accord amiable entre le parent qui va recevoir l'aide financière et la personne qui va lui verser. Cet accord peut être <LienIntra LienID="R55691" type="Définition de glossaire">homologué</LienIntra> par le juge.</Paragraphe></Item></Liste><Liste type="puce"><Item><Paragraphe>Soit par le juge aux affaires familiales (Jaf) du tribunal dont relève le parent ou l'enfant (en cas de demande par le parent)</Paragraphe></Item></Liste><Paragraphe>Le juge fixera, dans le jugement, la contribution alimentaire en tenant compte de la situation des 2 parties.</Paragraphe><Paragraphe>La contribution alimentaire peut revêtir diverses formes : hébergement gratuit, nourriture ou somme d'argent (pension).</Paragraphe></Chapitre><Chapitre><Titre><Paragraphe>Le tiers qui a financé les besoins d'un parent à la place d'un enfant a-t-il un recours ?</Paragraphe></Titre><Paragraphe>Une personne étrangère à la famille ou organisme (on l’appelle un <Expression>tiers</Expression>) qui a financé les besoins d'un parent à la place de l'enfant peut se retourner contre lui.</Paragraphe><Paragraphe>Le tiers peut mettre en place l'une des actions suivantes :</Paragraphe><Liste type="puce"><Item><Paragraphe>Recourir aux services du département pour récupérer les sommes dues à l'aide sociale</Paragraphe></Item><Item><Paragraphe>Recourir aux établissements publics de santé pour récupérer les frais d'hospitalisation ou d'hébergement en maison de retraite</Paragraphe></Item></Liste><Paragraphe>Une lettre doit être adressée au <LienIntra LienID="R1123" type="Définition de glossaire">procureur de la République</LienIntra> du tribunal dont dépend la personne dans le besoin ou celui de l'enfant.</Paragraphe><OuSAdresser ID="R30" sve="non" type="Local"><Titre>Tribunal judiciaire</Titre><RessourceWeb URL="http://www.annuaires.justice.gouv.fr/"/><Source ID="R30663">Ministère chargé de la justice</Source></OuSAdresser></Chapitre><Chapitre><Titre><Paragraphe>Quelle peut être la sanction si l'enfant ne verse pas la pension alimentaire ?</Paragraphe></Titre><Paragraphe>L'enfant ou la personne qui ne verse pas la pension alimentaire pendant <MiseEnEvidence>plus de 2 mois</MiseEnEvidence> à un parent ou beau-parent commet un <LienIntra LienID="R49229" type="Définition de glossaire">délit</LienIntra> d'abandon de famille. Elle s'expose à une peine d'emprisonnement de 2 ans et de <Valeur>15 000 €</Valeur> d'amende.</Paragraphe></Chapitre><Chapitre><Titre><Paragraphe>Quand prend fin l'obligation alimentaire ?</Paragraphe></Titre><Paragraphe>En principe, l'obligation d'aliment n'a pas de limitation dans le temps.</Paragraphe><Paragraphe>Toutefois, cette obligation prend fin dans l'un des cas suivants :</Paragraphe><Liste type="puce"><Item><Paragraphe>En cas de divorce</Paragraphe></Item><Item><Paragraphe>En cas de décès de la personne avec qui vous viviez, si vous n'avez pas eu d'enfant en commun ou lorsque ceux-ci sont décédés</Paragraphe></Item></Liste></Chapitre></Texte><QuiPeutMAider ID="R34" sve="non" type="Local personnalisable"><Titre>Permanence juridique</Titre><PivotLocal>permanence_juridique</PivotLocal><RessourceWeb URL="http://www.annuaires.justice.gouv.fr/annuaires-12162/annuaire-des-permanences-juridiques-21770.html"/><Source ID="R30663">Ministère chargé de la justice</Source></QuiPeutMAider><QuiPeutMAider ID="R42965" sve="non" type="Local personnalisable"><Titre>Médiateur familial</Titre><PivotLocal>mediateur_familial</PivotLocal><RessourceWeb URL="http://www.annuaires.justice.gouv.fr"/><Source ID="R30663">Ministère chargé de la justice</Source></QuiPeutMAider><QuiPeutMAider ID="R14218" sve="non" type="Local personnalisable"><Titre>Avocat</Titre><PivotLocal>avocat_conseil_national</PivotLocal><RessourceWeb URL="https://www.cnb.avocat.fr/annuaire-des-avocats-de-france"/><Source ID="R30762">Conseil national des barreaux</Source></QuiPeutMAider><QuiPeutMAider ID="R30" sve="non" type="Local"><Titre>Tribunal judiciaire</Titre><RessourceWeb URL="http://www.annuaires.justice.gouv.fr/"/><Source ID="R30663">Ministère chargé de la justice</Source></QuiPeutMAider><Reference type="Texte de référence" URL="https://www.legifrance.gouv.fr/codes/section_lc/LEGITEXT000006070721/LEGISCTA000006136127" ID="R20164"><Titre>Code civil : articles 203 à 211</Titre><Complement>Obligations qui naissent du mariage</Complement></Reference><Reference type="Texte de référence" URL="https://www.legifrance.gouv.fr/codes/id/LEGISCTA000006165318" ID="R255"><Titre>Code pénal : articles 227-3 à 227-4-1</Titre><Complement>Abandon de famille</Complement></Reference><Reference type="Texte de référence" URL="https://www.legifrance.gouv.fr/codes/article_lc/LEGIARTI000006691040" ID="R2187"><Titre>Code de la santé publique : article L6145-11</Titre><Complement>Recours des établissements publics de santé contre les personnes liées à l'obligation alimentaire</Complement></Reference><Reference type="Texte de référence" URL="https://www.legifrance.gouv.fr/codes/id/LEGISCTA000006157562/" ID="R13626"><Titre>Code de l'action sociale et des familles : articles L132-1 à L132-12</Titre><Complement>Participation et récupération.</Complement></Reference><Reference type="Texte de référence" URL="https://www.legifrance.gouv.fr/codes/id/LEGISCTA000006178304/" ID="R34080"><Titre>Code de l'action sociale et des familles : articles R132-9 à R132-10</Titre><Complement>Mise en jeu de l'obligation alimentaire</Complement></Reference><Reference type="Texte de référence" URL="https://www.legifrance.gouv.fr/juri/id/JURITEXT000023012626/" ID="R52897"><Titre>Cour de cassation - Chambre civile - n° 09-16839</Titre><Complement>Devoir de secours prime sur l'obligation alimentaire liant l'enfant</Complement></Reference><ServiceEnLigne ID="R42402" URL="https://www.formulaires.service-public.fr/gf/cerfa_15454.do" audience="Particuliers" format="application/pdf" poids="98.2 KB" numerocerfa="15454*03" type="Formulaire"><Titre>Requête en obligation alimentaire - Saisine du juge aux affaires familiales</Titre><Source ID="R30663">Ministère chargé de la justice</Source><NoticeLiee ID="R42411" URL="https://www.formulaires.service-public.fr/gf/getNotice.do?cerfaNotice=52034&amp;cerfaFormulaire=15454" type="Notice" numerocerfa="52034*04" format="application/pdf" poids="93.0 KB">Notice - Requête en obligation alimentaire</NoticeLiee></ServiceEnLigne><Definition ID="R51728"><Titre>En nature</Titre><Texte><Paragraphe>Rémunéré autrement qu'avec de l'argent (en objets, en service ...)</Paragraphe></Texte></Definition><Definition ID="R12574"><Titre>Descendant</Titre><Texte><Paragraphe>Enfant, petit-enfant, arrière petit-enfant</Paragraphe></Texte></Definition><Definition ID="R12668"><Titre>Ascendant</Titre><Texte><Paragraphe>Personne dont on est issu : parent, grand-parent, arrière-grand-parent,...</Paragraphe></Texte></Definition><Definition ID="R55691"><Titre>Homologation</Titre><Texte><Paragraphe>Approbation d'un acte ou d'une convention par le juge</Paragraphe></Texte></Definition><Definition ID="R17620"><Titre>Aliments</Titre><Texte><Paragraphe>Somme versée par une personne à un proche parent (père, mère, grands-parents ou enfants) pour lui permettre d'assurer les besoins nécessaires à sa vie quotidienne</Paragraphe></Texte></Definition><Definition ID="R1123"><Titre>Procureur de la République</Titre><Texte><Paragraphe>Magistrat à la tête du parquet (ou ministère public). Il est destinataire des plaintes et signalements. Il dirige les enquêtes, décide des poursuites et veille à l'application de la loi.</Paragraphe></Texte></Definition><Definition ID="R49229"><Titre>Délit</Titre><Texte><Paragraphe>Acte interdit par la loi et puni d'une amende et/ou d'une peine d'emprisonnement inférieure à 10 ans</Paragraphe></Texte></Definition><Abreviation ID="R46913" type="Acronyme"><Titre>Éhpad</Titre><Texte><Paragraphe>Établissement d'hébergement pour personnes âgées dépendantes</Paragraphe></Texte></Abreviation><QuestionReponse ID="F1249" audience="Particuliers"><Titre>Que faire si la pension alimentaire n'est pas payée ?</Titre></QuestionReponse><QuestionReponse ID="F10416" audience="Particuliers"><Titre>Peut-on modifier la pension alimentaire si le salaire de l'autre parent augmente ?</Titre></QuestionReponse><QuestionReponse ID="F21571" audience="Particuliers"><Titre>Un enfant est-il responsable des dettes de ses parents ?</Titre></QuestionReponse><QuestionReponse ID="F10435" audience="Particuliers"><Titre>Doit-on encore verser une pension alimentaire à un enfant devenu majeur ?</Titre></QuestionReponse></Publication>