<?xml version="1.0" encoding="UTF-8"?><Publication xmlns:dc="http://purl.org/dc/elements/1.1/" xmlns:xsi="http://www.w3.org/2001/XMLSchema-instance" ID="F2007" type="Fiche d'information conditionnée" xsi:noNamespaceSchemaLocation="../Schemas/3.4/Publication.xsd" spUrl="https://www.service-public.fr/particuliers/vosdroits/F2007"><dc:title>Bracelet électronique lors d'une assignation à résidence</dc:title><dc:creator>Direction de l'information légale et administrative</dc:creator><dc:subject>Justice</dc:subject><dc:description>La mesure d'assignation à résidence avec surveillance électronique (ARSE) ou "bracelet électronique" est une solution alternative à la détention provisoire. Le tribunal peut ainsi contraindre la personne à vivre dans un lieu précis, avec un bracelet comportant un émetteur relié à une alarme. Nous vous présentons les informations à connaître sur le sujet.</dc:description><dc:publisher>Direction de l'information légale et administrative</dc:publisher><dc:contributor>Direction de l'information légale et administrative (Premier ministre), Ministère chargé de la justice</dc:contributor><dc:date>modified 2023-02-16</dc:date><dc:type>Fiche pratique</dc:type><dc:format>text/xml</dc:format><dc:identifier>F2007</dc:identifier><dc:source>https://www.legifrance.gouv.fr/codes/section_lc/LEGITEXT000006071154/LEGISCTA000006167427/, https://www.legifrance.gouv.fr/codes/section_lc/LEGITEXT000006071154/LEGISCTA000021330868/#LEGISCTA000021331515, https://www.legifrance.gouv.fr/codes/section_lc/LEGITEXT000006071154/LEGISCTA000006182903/, https://www.legifrance.gouv.fr/codes/article_lc/LEGIARTI000045491576</dc:source><dc:language>Fr</dc:language><dc:relation>isPartOf N263</dc:relation><dc:coverage>France entière</dc:coverage><dc:rights>https://www.service-public.fr/a-propos/mentions-legales</dc:rights><SurTitre>Fiche pratique</SurTitre><Audience>Particuliers</Audience><Canal>www.service-public.fr</Canal><FilDAriane><Niveau ID="Particuliers">Accueil particuliers</Niveau><Niveau ID="N19807">Justice</Niveau><Niveau ID="N263">Affaire pénale</Niveau><Niveau ID="F2007" type="Fiche d'information conditionnée">Bracelet électronique lors d'une assignation à résidence</Niveau></FilDAriane><Theme ID="N19807"><Titre>Justice</Titre></Theme><SousThemePere ID="N271">Procédures judiciaires</SousThemePere><DossierPere ID="N263"><Titre>Affaire pénale</Titre><SousDossier ID="N263-1"><Titre>Procédures alternatives</Titre><Fiche ID="F1824">Médiation pénale</Fiche><Fiche ID="F1461">Composition pénale</Fiche><Fiche ID="F36141">Ordonnance pénale</Fiche></SousDossier><SousDossier ID="N263-2"><Titre>Lancement des poursuites</Titre><Fiche ID="F1435">Plainte simple</Fiche><Fiche ID="F20798">Plainte avec constitution de partie civile</Fiche><Fiche ID="F1455">Citation directe</Fiche></SousDossier><SousDossier ID="N263-3"><Titre>Procédures rapides</Titre><Fiche ID="F10409">Comparution sur reconnaissance préalable de culpabilité (CRPC)</Fiche><Fiche ID="F32129">Comparution immédiate</Fiche></SousDossier><SousDossier ID="N263-4"><Titre>Enquête</Titre><Fiche ID="F14837">Garde à vue</Fiche><Fiche ID="F32326">Perquisition</Fiche><Fiche ID="F1456">Information judiciaire</Fiche><Fiche ID="F1470">Mise en examen</Fiche><Fiche ID="F1807">Témoin assisté</Fiche><Fiche ID="F1489">Audition des témoins</Fiche></SousDossier><SousDossier ID="N263-5"><Titre>Mesures de sureté</Titre><Fiche ID="F2902">Contrôle judiciaire</Fiche><Fiche ID="F2007">Assignation à résidence avec surveillance électronique</Fiche><Fiche ID="F1042">Détention provisoire</Fiche></SousDossier><SousDossier ID="N263-6"><Titre>Déroulement d'un procès</Titre><Fiche ID="F1457">Devant le tribunal de police</Fiche><Fiche ID="F1485">Devant le tribunal correctionnel</Fiche><Fiche ID="F1487">Devant la cour d'assises</Fiche><Fiche ID="F34165">Audition des témoins</Fiche></SousDossier></DossierPere><SousDossierPere>Mesures de sureté</SousDossierPere><Introduction><Texte><Paragraphe>La mesure d'assignation à résidence avec surveillance électronique (ARSE) ou "bracelet électronique" est une solution <MiseEnEvidence>alternative à la <LienIntra LienID="R52093" type="Définition de glossaire">détention provisoire</LienIntra></MiseEnEvidence>. Le tribunal peut ainsi contraindre la personne à vivre dans un lieu précis, avec un bracelet comportant un émetteur relié à une alarme. Nous vous présentons les informations à connaître sur le sujet.</Paragraphe></Texte></Introduction><Texte><Chapitre><Titre><Paragraphe>Qu'est-ce que le placement sous bracelet électronique ?</Paragraphe></Titre><Paragraphe>L'assignation à résidence avec surveillance électronique (ARSE) est une mesure alternative à la <LienIntra LienID="R52093" type="Définition de glossaire">détention provisoire</LienIntra>.</Paragraphe><Paragraphe>Elle peut être <MiseEnEvidence>décidée par un juge</MiseEnEvidence> quand une personne est <LienInterne LienPublication="F1470" type="Fiche d'information conditionnée" audience="Particuliers">mise en examen</LienInterne> dans une <LienIntra LienID="R52092" type="Définition de glossaire">information judiciaire</LienIntra>.</Paragraphe><Paragraphe>Le procureur de la République peut également demander le placement sous assignation à résidence avec surveillance électronique, à l'encontre du <LienIntra LienID="R52097" type="Définition de glossaire">prévenu</LienIntra> <MiseEnEvidence>en attente de son jugement.</MiseEnEvidence></Paragraphe><BlocCas affichage="onglet"><Cas><Titre>Mis en examen</Titre><Paragraphe>L'ARSE est ordonnée par le juge d'instruction ou par le juge des libertés et de la détention (JLD) à leur initiative ou à la demande du mis en examen et de son avocat.</Paragraphe><Paragraphe>Pour que le placement sous ARSE soit ordonné, plusieurs éléments doivent être réunis :</Paragraphe><Liste type="puce"><Item><Paragraphe>La personne doit être <LienInterne LienPublication="F1470" type="Fiche d'information conditionnée" audience="Particuliers">mise en examen</LienInterne></Paragraphe></Item><Item><Paragraphe>Les nécessités de l'instruction le justifient</Paragraphe></Item><Item><Paragraphe>À titre de <LienIntra LienID="R54356" type="Définition de glossaire">mesure de sûreté</LienIntra> si les obligations du <LienInterne LienPublication="F2902" type="Fiche d'information conditionnée" audience="Particuliers">contrôle judiciaire</LienInterne> sont insuffisantes</Paragraphe></Item><Item><Paragraphe>La peine qu'encoure la personne est une peine de prison d'au moins 2 ans</Paragraphe></Item><Item><Paragraphe>La vérification technique par le service pénitentiaire d'insertion et de probation (SPIP) doit être faite (couverture du réseau mobile et électricité).</Paragraphe></Item></Liste><Paragraphe>L'ARSE est ordonnée pour une durée de 6 mois. Elle est renouvelable à 3 reprises pour la même période, sans que la durée totale du placement ne dépasse 2 ans.</Paragraphe><Paragraphe>Si le mis en examen est placé en détention provisoire, il peut demander sa mise en liberté avec placement sous ARSE par le juge comme <LienIntra LienID="R2456" type="Définition de glossaire">alternative à sa détention</LienIntra>.</Paragraphe><Attention><Titre>Attention</Titre><Paragraphe>en cas de <LienInterne LienPublication="F12544" type="Fiche d'information conditionnée" audience="Particuliers">violences conjugales</LienInterne>, l'auteur des faits peut faire l'objet d'une assignation à résidence sous surveillance électronique.</Paragraphe></Attention></Cas><Cas><Titre>Prévenu</Titre><Paragraphe>Avant le procès devant le tribunal correctionnel, le procureur de la République peut demander le placement du <LienIntra LienID="R52097" type="Définition de glossaire">prévenu</LienIntra> sous ARSE. Il saisit le juge des libertés et de la détention (JLD), qui peut décider de ce placement.</Paragraphe><Paragraphe>L'ARSE peut être prononcée dans les procédures suivantes :</Paragraphe><Liste type="puce"><Item><Paragraphe><LienInterne LienPublication="F33849" type="Fiche Question-réponse conditionnée" audience="Particuliers">Convocation par procès-verbal</LienInterne> devant le tribunal</Paragraphe></Item><Item><Paragraphe><LienInterne LienPublication="F32129" type="Fiche d'information conditionnée" audience="Particuliers">Comparution immédiate</LienInterne> si le tribunal ne peut pas se réunir le jour même</Paragraphe></Item><Item><Paragraphe><LienInterne LienPublication="F34924" type="Fiche Question-réponse conditionnée" audience="Particuliers">Comparution à délai différé</LienInterne></Paragraphe></Item></Liste><Paragraphe>Le tribunal peut ordonner le placement sous ARSE jusqu'à la date de renvoi. Dans ce cas, il ajourne le prononcé de la peine lorsqu'il est utile d'ordonner des investigations complémentaires sur la personnalité du prévenu (situation matérielle, familiale et sociale).</Paragraphe></Cas></BlocCas><Paragraphe>L'ARSE peut être complétée par les obligations qui sont possibles en cas de <LienInterne LienPublication="F2902" type="Fiche d'information conditionnée" audience="Particuliers">contrôle judiciaire</LienInterne> (interdiction de se rendre dans certains lieux, de rencontrer certaines personnes, suivre des soins...).</Paragraphe><Attention><Titre>Attention</Titre><Paragraphe>en cas de <LienInterne LienPublication="F12544" type="Fiche d'information conditionnée" audience="Particuliers">violences conjugales</LienInterne>, l'auteur des faits peut faire l'objet d'une assignation à résidence sous surveillance électronique.</Paragraphe></Attention></Chapitre><Chapitre><Titre><Paragraphe>Comment s'effectue la mise en place du bracelet électronique ?</Paragraphe></Titre><Paragraphe>La pose du bracelet doit se faire dans un délai de<MiseEnEvidence> 5 jours </MiseEnEvidence>à compter de l'ordonnance de placement sous ARSE.</Paragraphe><Paragraphe>La pose du bracelet se fait <MiseEnEvidence>avec le consentement de la personne</MiseEnEvidence>. Cet accord doit être donné <MiseEnEvidence>en présence d'un avocat</MiseEnEvidence>. Si la personne refuse cette installation, le juge peut décider de la révocation de l'ARSE et placer la personne en détention provisoire.</Paragraphe><Paragraphe>Le personnel de l'administration pénitentiaire pose et enlève le bracelet porté généralement à la cheville.</Paragraphe><Paragraphe>La personne peut demander au juge, à tout moment, qu'un médecin vérifie que le bracelet ne présente pas d'inconvénient pour sa santé.</Paragraphe><Paragraphe>L'ARSE est une détention provisoire pendant toute sa durée : c'est une mesure privative de liberté.</Paragraphe><Paragraphe><MiseEnEvidence>Pour un mineur</MiseEnEvidence>, l'ARSE peut être exécutée dans un établissement de placement éducatif ou au domicile du <LienIntra LienID="R10398" type="Définition de glossaire">représentant légal</LienIntra> du mineur (avec son accord).</Paragraphe></Chapitre><Chapitre><Titre><Paragraphe>Comment s'exerce le contrôle du bracelet électronique ?</Paragraphe></Titre><Paragraphe>Le contrôle et le suivi de la mesure de l'ARSE sont faits par le service pénitentiaire d'insertion et de probation (SPIP).</Paragraphe><OuSAdresser ID="R17018" sve="non" type="Local personnalisé sur SP"><Titre>Service pénitentiaire d'insertion et de probation (Spip)</Titre><PivotLocal>spip</PivotLocal><RessourceWeb URL="http://www.annuaires.justice.gouv.fr/services-penitentiaires-insertion-et-probation-10114/"/><Source ID="R30663">Ministère chargé de la justice</Source></OuSAdresser><Paragraphe>Le contrôle du respect des obligations peut se faire par les moyens suivants :</Paragraphe><Liste type="puce"><Item><Paragraphe>Vérification téléphonique</Paragraphe></Item><Item><Paragraphe>Visite au lieu de résidence</Paragraphe></Item><Item><Paragraphe>Convocation à la prison</Paragraphe></Item><Item><Paragraphe>Convocation au SPIP</Paragraphe></Item></Liste></Chapitre><Chapitre><Titre><Paragraphe>Comment modifier et mettre fin au placement sous bracelet électronique ?</Paragraphe></Titre><Paragraphe>La mainlevée ou la modification du placement sous bracelet électronique peut être ordonnée par le juge ou demandée par la personne ou son avocat.</Paragraphe><BlocCas affichage="radio"><Cas><Titre>À la demande du juge</Titre><Paragraphe>Le juge peut, à tout moment :</Paragraphe><Liste type="puce"><Item><Paragraphe>Ordonner la mainlevée de la mesure de placement sous bracelet électronique</Paragraphe></Item><Item><Paragraphe>Remplacer la mesure par un contrôle judiciaire</Paragraphe></Item></Liste><Liste type="puce"><Item><Paragraphe>Lever temporairement une obligation</Paragraphe></Item></Liste><Liste type="puce"><Item><Paragraphe>Modifier les horaires de présence au domicile</Paragraphe></Item><Item><Paragraphe>Modifier, ajouter ou supprimer une obligation</Paragraphe></Item></Liste><Paragraphe>À la fin d'une <LienIntra LienID="R52092" type="Définition de glossaire">information judiciaire</LienIntra>, si la personne mise en examen est renvoyée devant le tribunal correctionnel, la mesure prend fin. Néanmoins, sur décision motivée, le juge d'instruction peut maintenir le placement sous bracelet électronique.</Paragraphe><Paragraphe>Si la personne est renvoyée devant la cour d'assises, <LienIntra LienID="R52098" type="Définition de glossaire">l'accusé</LienIntra> reste sous ARSE jusqu'à l'audience.</Paragraphe></Cas><Cas><Titre>À la demande de la personne ou de son avocat</Titre><Paragraphe>La personne ou son avocat peut demander, à tout moment :</Paragraphe><Liste type="puce"><Item><Paragraphe>La mainlevée de la mesure de placement sous bracelet électronique</Paragraphe></Item><Item><Paragraphe>Le remplacement de la mesure par un contrôle judiciaire</Paragraphe></Item></Liste><Liste type="puce"><Item><Paragraphe>La levée temporaire d'une ou plusieurs obligations</Paragraphe></Item></Liste><Liste type="puce"><Item><Paragraphe>La modification des horaires de présence au domicile</Paragraphe></Item><Item><Paragraphe>La modification ou la suppression d'une obligation</Paragraphe></Item></Liste><Paragraphe>Le juge rend sa décision dans un délai de <MiseEnEvidence>5 jours</MiseEnEvidence> par <LienIntra LienID="R58200" type="Définition de glossaire">ordonnance motivée</LienIntra>. La décision peut faire l'objet d'un appel dans les <MiseEnEvidence>10 jours </MiseEnEvidence>qui suivent la <LienIntra LienID="R14732" type="Définition de glossaire">notification</LienIntra> par <MiseEnEvidence>déclaration au greffe</MiseEnEvidence>.</Paragraphe><OuSAdresser ID="R11624" sve="non" type="Local personnalisable"><Titre>Cour d'appel</Titre><PivotLocal>cour_appel</PivotLocal><RessourceWeb URL="http://www.annuaires.justice.gouv.fr/"/><Source ID="R30663">Ministère chargé de la justice</Source></OuSAdresser><Paragraphe>Si le juge n'a pas rendu sa décision dans le délai de <MiseEnEvidence>5 jours</MiseEnEvidence>, la personne ou son avocat peut saisir directement <Expression>la chambre de l'instruction</Expression> de la cour d'appel, qui se prononce dans les <MiseEnEvidence>20 jours</MiseEnEvidence>. Sinon, la mesure de placement électronique est levée.</Paragraphe><Paragraphe>A la fin d'une <LienIntra LienID="R52092" type="Définition de glossaire">information judiciaire</LienIntra>, si la personne mise en examen est renvoyée devant le tribunal correctionnel, la mesure prend fin. Néanmoins, sur décision motivée le juge d'instruction peut maintenir le placement sous bracelet électronique.</Paragraphe><Paragraphe>Si la personne est renvoyée devant la cour d'assises, <LienIntra LienID="R52098" type="Définition de glossaire">l'accusé</LienIntra> reste sous ARSE jusqu'à l'audience.</Paragraphe></Cas></BlocCas></Chapitre><Chapitre><Titre><Paragraphe>Que se passe-t-il en cas de non-respect de la mesure de placement sous bracelet électronique ?</Paragraphe></Titre><Paragraphe>La personne qui ne respecte pas les obligations du placement sous bracelet électronique peut faire l'objet d'un <LienInterne LienPublication="F1456" type="Fiche d'information conditionnée" audience="Particuliers">mandat d'arrêt</LienInterne> ou d'un <LienInterne LienPublication="F1456" type="Fiche d'information conditionnée" audience="Particuliers">mandat d'amener</LienInterne>, décidé par le juge ou le procureur de la République.</Paragraphe><Paragraphe>La personne peut être placée en <MiseEnEvidence>détention provisoire </MiseEnEvidence>sur décision du JLD.</Paragraphe><Paragraphe>La personne sous bracelet électronique ne peut s'absenter de sa résidence qu'aux conditions et motifs fixés par le juge. Si elle sort de chez elle en dehors des heures fixées, un centre de surveillance est aussitôt averti par une alarme à distance.</Paragraphe><Paragraphe>À chaque signal d'alarme déclenché par le bracelet (retrait, dégradation, retard...), un compte rendu d'incident est rédigé par un agent du centre de surveillance. Il est transmis au juge, au procureur de la République et au SPIP.</Paragraphe><Attention><Titre>Attention</Titre><Paragraphe>il est interdit d'enlever, casser ou détériorer le bracelet électronique et le boîtier du domicile sous peine de poursuites pénales.</Paragraphe></Attention></Chapitre><Chapitre><Titre><Paragraphe>Quelle est la conséquence de la mesure sur la peine prononcée ?</Paragraphe></Titre><Paragraphe>Le placement sous bracelet électronique est une alternative à la détention provisoire. Elle est intégralement déduite de la durée de la peine prononcée, quel que soit le stade de la procédure.</Paragraphe></Chapitre><Chapitre><Titre><Paragraphe>Comment obtenir réparation en cas de détention injustifiée sous bracelet ?</Paragraphe></Titre><Paragraphe>En cas de décision de <LienIntra LienID="R2465" type="Définition de glossaire">non-lieu</LienIntra>, de <LienIntra LienID="R2544" type="Définition de glossaire">relaxe</LienIntra> ou <LienIntra LienID="R2696" type="Définition de glossaire">d'acquittement</LienIntra> devenue<LienIntra LienID="R51889" type="Définition de glossaire"> définitive</LienIntra>, la personne placée sous bracelet électronique peut demander <LienInterne LienPublication="F13286" type="Fiche Question-réponse conditionnée" audience="Particuliers">réparation du préjudice subi</LienInterne>, moral et matériel.</Paragraphe><Paragraphe>La demande doit se faire auprès du premier président de la Cour d'appel dont dépend le tribunal qui a prononcé la décision.</Paragraphe><OuSAdresser ID="R11624" sve="non" type="Local personnalisable"><Titre>Cour d'appel</Titre><PivotLocal>cour_appel</PivotLocal><RessourceWeb URL="http://www.annuaires.justice.gouv.fr/"/><Source ID="R30663">Ministère chargé de la justice</Source></OuSAdresser><Attention><Titre>Attention</Titre><Paragraphe>la <LienIntra LienID="R12542" type="Définition de glossaire">requête</LienIntra> doit être envoyée dans les <MiseEnEvidence>6 mois </MiseEnEvidence>qui suivent la décision définitive.</Paragraphe></Attention></Chapitre></Texte><VoirAussi important="non"><Fiche ID="F1456" audience="Particuliers"><Titre>Information judiciaire</Titre><Theme ID="N19807"><Titre>Justice</Titre></Theme></Fiche><Fiche ID="F1470" audience="Particuliers"><Titre>Mise en examen</Titre><Theme ID="N19807"><Titre>Justice</Titre></Theme></Fiche><Fiche ID="F1042" audience="Particuliers"><Titre>Détention provisoire</Titre><Theme ID="N19807"><Titre>Justice</Titre></Theme></Fiche><Fiche ID="F2902" audience="Particuliers"><Titre>Contrôle judiciaire</Titre><Theme ID="N19807"><Titre>Justice</Titre></Theme></Fiche><Fiche ID="F1826" audience="Particuliers"><Titre>Mineur délinquant : limitations de liberté avant le prononcé de la sanction</Titre><Theme ID="N19807"><Titre>Justice</Titre></Theme></Fiche><Fiche ID="F12544" audience="Particuliers"><Titre>Violences conjugales</Titre><Theme ID="N19807"><Titre>Justice</Titre></Theme></Fiche></VoirAussi><QuiPeutMAider ID="R11624" sve="non" type="Local personnalisable"><Titre>Cour d'appel</Titre><Complement>Pour contester la décision</Complement><PivotLocal>cour_appel</PivotLocal><RessourceWeb URL="http://www.annuaires.justice.gouv.fr/"/><Source ID="R30663">Ministère chargé de la justice</Source></QuiPeutMAider><QuiPeutMAider ID="R14218" sve="non" type="Local personnalisable"><Titre>Avocat</Titre><Complement>Pour se faire assister</Complement><PivotLocal>avocat_conseil_national</PivotLocal><RessourceWeb URL="https://www.cnb.avocat.fr/annuaire-des-avocats-de-france"/><Source ID="R30762">Conseil national des barreaux</Source></QuiPeutMAider><QuiPeutMAider ID="R11621" sve="non" type="Local personnalisé sur SP"><Titre>Maison de justice et du droit</Titre><Complement>Pour s'informer</Complement><PivotLocal>mjd</PivotLocal><RessourceWeb URL="http://www.annuaires.justice.gouv.fr/lieux-dacces-aux-droits-10111/"/><Source ID="R30663">Ministère chargé de la justice</Source></QuiPeutMAider><Reference type="Texte de référence" URL="https://www.legifrance.gouv.fr/codes/section_lc/LEGITEXT000006071154/LEGISCTA000006167427/" ID="R2136"><Titre>Code de procédure pénale : articles 137 à 150</Titre><Complement>Juge d'instruction et ARSE</Complement></Reference><Reference type="Texte de référence" URL="https://www.legifrance.gouv.fr/codes/section_lc/LEGITEXT000006071154/LEGISCTA000021330868/#LEGISCTA000021331515" ID="R33120"><Titre>Code de procédure pénale : articles 142-5 à 142-13</Titre><Complement>ARSE dans le cadre d'une information judiciaire</Complement></Reference><Reference type="Texte de référence" URL="https://www.legifrance.gouv.fr/codes/section_lc/LEGITEXT000006071154/LEGISCTA000006182903/" ID="R16418"><Titre>Code de procédure pénale : articles 393 à 397-7</Titre><Complement>ARSE avant jugement</Complement></Reference><Reference type="Texte de référence" URL="https://www.legifrance.gouv.fr/codes/article_lc/LEGIARTI000045491576" ID="R64398"><Titre>Code pénitentiaire : article D632-2</Titre><Complement>Pose du bracelet</Complement></Reference><PourEnSavoirPlus type="Information pratique" ID="R17506" URL="https://www.justice.gouv.fr/placement-surveillance-electronique-mobile" audience="Particuliers"><Titre>Bracelet électronique : placement sous surveillance électronique</Titre><Source ID="R30663">Ministère chargé de la justice</Source></PourEnSavoirPlus><Definition ID="R52093"><Titre>Détention provisoire</Titre><Texte><Paragraphe>Emprisonnement d'une personne mise en cause dans une affaire pénale, avant la tenue de son procès</Paragraphe></Texte></Definition><Definition ID="R52092"><Titre>Information judiciaire</Titre><Texte><Paragraphe>Enquête judiciaire menée dans une affaire pénale et dirigée par un juge d'instruction</Paragraphe></Texte></Definition><Definition ID="R52097"><Titre>Prévenu</Titre><Texte><Paragraphe>Personne soupçonnée d'avoir commis un délit ou une contravention et poursuivie devant le tribunal de police ou devant le tribunal correctionnel</Paragraphe></Texte></Definition><Definition ID="R54356"><Titre>Mesure de sûreté</Titre><Texte><Paragraphe>Obligation imposée par la justice à une personne soupçonnée de vouloir commettre ou d'avoir commis une infraction, pour l'empêcher de passer à l'acte</Paragraphe></Texte></Definition><Definition ID="R2456"><Titre>Peine alternative</Titre><Texte><Paragraphe>Peine de substitution qui permet au juge pénal de remplacer l'emprisonnement ou l'amende par une autre sanction plus légère. Exemples : un placement sous bracelet électronique, des travaux d'intérêt général ou un suivi socio-judiciaire.</Paragraphe></Texte></Definition><Definition ID="R10398"><Titre>Représentant légal</Titre><Texte><Paragraphe>Personne désignée par la loi pour représenter et défendre les intérêts d'une autre personne. Par exemple, le père ou la mère d'un enfant mineur ou le dirigeant d'un organisme.</Paragraphe></Texte></Definition><Definition ID="R52098"><Titre>Accusé</Titre><Texte><Paragraphe>Personne soupçonnée d'avoir commis un crime et qui comparaît devant la cour d'assises</Paragraphe></Texte></Definition><Definition ID="R58200"><Titre>Décision motivée (justice)</Titre><Texte><Paragraphe>Obligation pour le juge d'expliquer les raisons pour lesquelles il a pris cette décision</Paragraphe></Texte></Definition><Definition ID="R14732"><Titre>Notification</Titre><Texte><Paragraphe>Formalité par laquelle un acte de procédure ou une décision est porté à la connaissance d’une personne</Paragraphe></Texte></Definition><Definition ID="R2465"><Titre>Non-lieu</Titre><Texte><Paragraphe>Décision d'un juge d'instruction ou de la chambre de l'instruction mettant fin à des poursuites pénales</Paragraphe></Texte></Definition><Definition ID="R2544"><Titre>Relaxe</Titre><Texte><Paragraphe>Décision d'un tribunal correctionnel ou d'un tribunal de police déclarant un prévenu non coupable</Paragraphe></Texte></Definition><Definition ID="R2696"><Titre>Acquittement</Titre><Texte><Paragraphe>Décision d'une cour d'assises déclarant un accusé non coupable</Paragraphe></Texte></Definition><Definition ID="R51889"><Titre>Condamnation définitive</Titre><Texte><Paragraphe>Qui ne peut plus faire l'objet d'un recours</Paragraphe></Texte></Definition><Definition ID="R12542"><Titre>Requête</Titre><Texte><Paragraphe>Écrit formalisé permettant de saisir un tribunal</Paragraphe></Texte></Definition></Publication>