<?xml version="1.0" encoding="UTF-8"?><Publication xmlns:dc="http://purl.org/dc/elements/1.1/" xmlns:xsi="http://www.w3.org/2001/XMLSchema-instance" ID="F20568" type="Fiche Question-réponse conditionnée" xsi:noNamespaceSchemaLocation="../Schemas/3.4/Publication.xsd" spUrl="https://www.service-public.fr/particuliers/vosdroits/F20568"><dc:title>Dans quel cas doit-on recourir à un architecte ?</dc:title><dc:creator>Direction de l'information légale et administrative</dc:creator><dc:subject>Logement, Secteurs d'activité</dc:subject><dc:description>Le recours à l'architecte est obligatoire pour déposer un permis de construire. Il existe des dérogations.</dc:description><dc:publisher>Direction de l'information légale et administrative</dc:publisher><dc:contributor>Direction de l'information légale et administrative (Premier ministre)</dc:contributor><dc:date>modified 2021-10-29</dc:date><dc:type>Question-réponse</dc:type><dc:format>text/xml</dc:format><dc:identifier>F20568</dc:identifier><dc:source>https://www.legifrance.gouv.fr/codes/id/LEGISCTA000006158641, https://www.legifrance.gouv.fr/codes/article_lc/LEGIARTI000038682379, https://www.legifrance.gouv.fr/loda/article_lc/LEGIARTI000037667645, http://circulaire.legifrance.gouv.fr/pdf/2012/02/cir_34719.pdf</dc:source><dc:language>Fr</dc:language><dc:relation>isPartOf N319</dc:relation><dc:coverage>France entière</dc:coverage><dc:rights>https://www.service-public.fr/a-propos/mentions-legales</dc:rights><SurTitre>Question-réponse</SurTitre><Audience>Particuliers</Audience><Audience>Professionnels</Audience><Canal>www.service-public.fr</Canal><FilDAriane><Niveau ID="Particuliers">Accueil particuliers</Niveau><Niveau ID="N19808">Logement</Niveau><Niveau ID="N319">Autorisation d'urbanisme</Niveau><Niveau ID="F20568" type="Fiche Question-réponse conditionnée">Dans quel cas doit-on recourir à un architecte ?</Niveau></FilDAriane><Theme ID="N19808"><Titre>Logement</Titre></Theme><SousThemePere ID="N557">Urbanisme</SousThemePere><DossierPere ID="N319"><Titre>Autorisation d'urbanisme</Titre><Fiche ID="F1633">Certificat d'urbanisme (CU)</Fiche><Fiche ID="F17578">Déclaration préalable de travaux (DP)</Fiche><Fiche ID="F1986">Permis de construire</Fiche><Fiche ID="F17665">Permis d'aménager</Fiche><Fiche ID="F19450">Permis modificatif d'un permis de construire ou d'aménager</Fiche><Fiche ID="F17669">Permis de démolir</Fiche><Fiche ID="F2698">Transfert d'un permis de construire ou d'aménager</Fiche><Fiche ID="F20567">Contestation d'une autorisation d'urbanisme</Fiche><Fiche ID="F23263">Taxe d'aménagement (TA)</Fiche><Fiche ID="F447">Assainissement des eaux usées domestiques</Fiche></DossierPere><Texte><Paragraphe>En règle générale, le recours à l'architecte est obligatoire pour élaborer les plans du dossier de votre <LienInterne LienPublication="F1986" type="Fiche d'information conditionnée" audience="Particuliers">permis de construire</LienInterne>. Cependant, dans certains cas, vous pouvez en être dispensé.</Paragraphe><BlocCas affichage="radio"><Cas><Titre>Vous êtes un particulier</Titre><BlocCas affichage="radio"><Cas><Titre>Il s'agit d'une nouvelle construction</Titre><BlocCas affichage="radio"><Cas><Titre>Elle fait plus de 150 m²</Titre><Paragraphe>Vous êtes obligé de recourir à un architecte quand vous construisez un bâtiment autre qu'agricole, comme une maison individuelle, dont la <LienIntra LienID="R11405" type="Définition de glossaire">surface de plancher</LienIntra> est supérieure à 150 m².</Paragraphe></Cas><Cas><Titre>Elle fait moins de 150 m²</Titre><Paragraphe>Vous n'êtes pas obligé de recourir à un architecte quand vous construisez un bâtiment autre qu'agricole, comme une maison individuelle, dont la <LienIntra LienID="R11405" type="Définition de glossaire">surface de plancher</LienIntra> est inférieure ou égale à 150 m².</Paragraphe></Cas></BlocCas></Cas><Cas><Titre>Il s'agit de l'agrandissement de construction existante</Titre><BlocCas affichage="radio"><Cas><Titre>La construction fera plus de 150 m² après les travaux</Titre><Paragraphe>Quand vous déposez un permis de construire pour agrandir une construction existante, vous êtes obligé de recourir à un architecte si la <LienIntra LienID="R11405" type="Définition de glossaire">surface de plancher </LienIntra>après travaux dépasse 150 m².</Paragraphe></Cas><Cas><Titre>La construction fera moins de 150 m² après les travaux</Titre><Paragraphe>Quand vous déposez un permis de construire pour agrandir une construction existante, vous n'êtes pas obligé de recourir à un architecte si la <LienIntra LienID="R11405" type="Définition de glossaire">surface de plancher</LienIntra> après travaux est inférieure ou égale à 150 m².</Paragraphe></Cas></BlocCas></Cas></BlocCas></Cas><Cas><Titre>Vous êtes exploitant agricole (personne physique ou morale)</Titre><BlocCas affichage="radio"><Cas><Titre>Il s'agit d'une nouvelle construction</Titre><BlocCas affichage="radio"><Cas><Titre>Il s'agit d'un bâtiment agricole</Titre><BlocCas affichage="radio"><Cas><Titre>Il fera plus de 800 m²</Titre><Paragraphe>Les exploitants agricoles ont l'obligation de recourir à un architecte pour une construction à usage agricole lorsque la <LienIntra LienID="R11405" type="Définition de glossaire">surface de plancher</LienIntra> ou <LienIntra LienID="R15257" type="Définition de glossaire">l'emprise au sol</LienIntra> dépasse 800 m². Il en est de même pour les coopératives d'utilisation de matériel agricole.</Paragraphe></Cas><Cas><Titre>Il fera moins de 800 m²</Titre><Paragraphe>Les exploitants agricoles n'ont pas l'obligation de recourir à un architecte pour une construction à usage agricole dont à la fois la <LienIntra LienID="R11405" type="Définition de glossaire">surface de plancher</LienIntra> et <LienIntra LienID="R15257" type="Définition de glossaire">l'emprise au sol</LienIntra> sont inférieures ou égales à 800 m². Il en est de même pour les coopératives d'utilisation de matériel agricole.</Paragraphe></Cas></BlocCas></Cas><Cas><Titre>Il s'agit d'une serre</Titre><Paragraphe>Les exploitants agricoles ont l'obligation de recourir à un architecte pour édifier une serre si ses dimensions dépassent 1 des limites suivantes :</Paragraphe><Liste type="puce"><Item><Paragraphe>4 m de hauteur du pied droit (montant vertical droit)</Paragraphe></Item><Item><Paragraphe>2 000 m² de <LienIntra LienID="R11405" type="Définition de glossaire">surface de plancher</LienIntra></Paragraphe></Item><Item><Paragraphe>2 000 m² <LienIntra LienID="R15257" type="Définition de glossaire">d'emprise au sol</LienIntra></Paragraphe></Item></Liste><Paragraphe>Il en est de même pour les coopératives d'utilisation de matériel agricole.</Paragraphe></Cas></BlocCas></Cas><Cas><Titre>Il s'agit de l'agrandissement d'une construction existante</Titre><BlocCas affichage="radio"><Cas><Titre>Il s'agit d'un bâtiment agricole</Titre><BlocCas affichage="radio"><Cas><Titre>Il fera plus de 800 m² après travaux</Titre><Paragraphe>Les exploitants agricoles ont l'obligation de recourir à un architecte pour agrandir une construction existante à usage agricole, si la <LienIntra LienID="R11405" type="Définition de glossaire">surface de plancher</LienIntra> ou <LienIntra LienID="R15257" type="Définition de glossaire">l'emprise au sol</LienIntra> après travaux dépasse 800 m². Il en est de même pour les coopératives d'utilisation de matériel agricole.</Paragraphe></Cas><Cas><Titre>Il fera moins de 800 m² après travaux</Titre><Paragraphe>Les exploitants agricoles n'ont pas l'obligation de recourir à un architecte pour agrandir une construction existante à usage agricole, si la <LienIntra LienID="R11405" type="Définition de glossaire">surface de plancher</LienIntra> et <LienIntra LienID="R15257" type="Définition de glossaire">l'emprise au sol</LienIntra> après travaux sont inférieures ou égales à 800 m².</Paragraphe></Cas></BlocCas></Cas><Cas><Titre>Il s'agit d'une serre</Titre><Paragraphe>Les exploitants agricoles ont l'obligation de recourir à un architecte pour agrandir une serre existante si ses dimensions après travaux dépassent 1 des limites suivantes :</Paragraphe><Liste type="puce"><Item><Paragraphe>4 m de hauteur du pied droit (montant vertical droit)</Paragraphe></Item><Item><Paragraphe>2 000 m² de <LienIntra LienID="R11405" type="Définition de glossaire">surface de plancher</LienIntra></Paragraphe></Item><Item><Paragraphe>2 000 m² <LienIntra LienID="R15257" type="Définition de glossaire">d'emprise au sol</LienIntra></Paragraphe></Item></Liste><Paragraphe>Il en est de même pour les coopératives d'utilisation de matériel agricole.</Paragraphe></Cas></BlocCas></Cas></BlocCas></Cas><Cas><Titre>Vous êtes une personne morale</Titre><Paragraphe>Les <LienIntra LienID="R40703" type="Définition de glossaire">personnes morales</LienIntra> doivent recourir aux services d'un architecte pour établir leur projet architectural <MiseEnEvidence>quel que soit le projet de construction ou de travaux</MiseEnEvidence>.</Paragraphe></Cas></BlocCas><ASavoir><Titre>À savoir</Titre><Paragraphe>Vous n'êtes pas obligé de recourir aux services d'un architecte pour les projets soumis à <LienInterne LienPublication="F17578" type="Fiche d'information conditionnée" audience="Particuliers">déclaration préalable de travaux</LienInterne>.</Paragraphe></ASavoir><Paragraphe>Il est possible d'obtenir gratuitement des conseils auprès des services suivants :</Paragraphe><Liste type="puce"><Item><Paragraphe>Conseil d'architecture, d'urbanisme et d'environnement (CAUE)</Paragraphe></Item><Item><Paragraphe>Service de l'urbanisme de la commune où est situé le terrain.</Paragraphe></Item></Liste><OuSAdresser ID="R17594" sve="non" type="Local personnalisable"><Titre>Conseil d'architecture, d'urbanisme et d'environnement (CAUE)</Titre><PivotLocal>caue</PivotLocal><RessourceWeb URL="https://www.fncaue.com/accueil/le-reseau-national/"/></OuSAdresser><OuSAdresser ID="R1" sve="non" type="Local personnalisé sur SP"><Titre>Mairie</Titre><PivotLocal>mairie</PivotLocal><RessourceWeb URL="https://lannuaire.service-public.fr/navigation/mairie"/></OuSAdresser></Texte><VoirAussi important="non"><Fiche ID="F1986" audience="Particuliers"><Titre>Permis de construire</Titre><Theme ID="N19808"><Titre>Logement</Titre></Theme></Fiche><Fiche ID="F2698" audience="Particuliers"><Titre>Transfert d'un permis de construire ou d'aménager</Titre><Theme ID="N19808"><Titre>Logement</Titre></Theme></Fiche><Fiche ID="F17578" audience="Particuliers"><Titre>Déclaration préalable de travaux (DP)</Titre><Theme ID="N19808"><Titre>Logement</Titre></Theme></Fiche></VoirAussi><QuiPeutMAider ID="R1" sve="non" type="Local personnalisé sur SP"><Titre>Mairie</Titre><PivotLocal>mairie</PivotLocal><RessourceWeb URL="https://lannuaire.service-public.fr/navigation/mairie"/></QuiPeutMAider><QuiPeutMAider ID="R34944" sve="non" type="Local"><Titre>Ordre régional des architectes</Titre><RessourceWeb URL="http://www.architectes.org/choose_region"/></QuiPeutMAider><OuSAdresser ID="R34944" sve="non" type="Local"><Titre>Ordre régional des architectes</Titre><RessourceWeb URL="http://www.architectes.org/choose_region"/></OuSAdresser><Reference type="Texte de référence" URL="https://www.legifrance.gouv.fr/codes/id/LEGISCTA000006158641" ID="R35536"><Titre>Code de l'urbanisme : articles L431-1 à L431-4</Titre><Complement>Cas de recours obligatoire</Complement></Reference><Reference type="Texte de référence" URL="https://www.legifrance.gouv.fr/codes/article_lc/LEGIARTI000038682379" ID="R35538"><Titre>Code de l'urbanisme : article R*431-2</Titre><Complement>Recours obligatoire et dérogations</Complement></Reference><Reference type="Texte de référence" URL="https://www.legifrance.gouv.fr/loda/article_lc/LEGIARTI000037667645" ID="R2099"><Titre>Loi n°77-2 du 3 janvier 1977 sur l'architecture : article 4</Titre><Complement>Cas de dérogation</Complement></Reference><Reference type="Texte de référence" URL="http://circulaire.legifrance.gouv.fr/pdf/2012/02/cir_34719.pdf" ID="R2645" format="application/pdf" poids="1.4 MB"><Titre>Circulaire du 3 février 2012 relative au respect des modalités de calcul de la surface de plancher des constructions</Titre><Complement>Notion de surface de plancher et d'emprise au sol</Complement></Reference><PourEnSavoirPlus type="Information pratique" ID="R48442" URL="http://www.architectes.org/" audience="Particuliers"><Titre>Ordre des architectes</Titre><Source ID="R34940">Ordre des architectes</Source></PourEnSavoirPlus><Definition ID="R11405"><Titre>Surface de plancher d'une construction</Titre><Texte><Paragraphe>Unité de calcul des surfaces des constructions servant à la délivrance des autorisations d'urbanisme</Paragraphe></Texte></Definition><Definition ID="R15257"><Titre>Emprise au sol d'une construction</Titre><Texte><Paragraphe>Projection verticale du volume de la construction, tous débords et surplombs inclus. Toutefois, les ornements (exemple : marquises) sont exclus, ainsi que les débords de toiture lorsqu'ils ne sont pas soutenus par des poteaux ou des encorbellements.</Paragraphe></Texte></Definition><Definition ID="R40703"><Titre>Personne morale</Titre><Texte><Paragraphe>Groupement de personnes physiques réunies pour accomplir quelque chose en commun (entreprises, sociétés civiles, associations, État, collectivités territoriales, etc.). Ce groupe peut aussi réunir des personnes physiques et des personnes morales. Il peut aussi n'être constitué que d'un seul membre (entreprise unipersonnelle à responsabilité limitée - EURL - par exemple).</Paragraphe></Texte></Definition><QuestionReponse ID="F2868" audience="Particuliers"><Titre>Surface de plancher d'une construction : quelles sont les règles de calcul ?</Titre></QuestionReponse><QuestionReponse ID="F2416" audience="Particuliers"><Titre>Comment transformer un bureau ou un commerce en logement ?</Titre></QuestionReponse></Publication>