<?xml version="1.0" encoding="UTF-8"?><Publication xmlns:dc="http://purl.org/dc/elements/1.1/" xmlns:xsi="http://www.w3.org/2001/XMLSchema-instance" ID="F20712" type="Fiche Question-réponse conditionnée" xsi:noNamespaceSchemaLocation="../Schemas/3.4/Publication.xsd" dateDerniereModificationImportante="2023-07-26T00:00:00" spUrl="https://www.service-public.fr/particuliers/vosdroits/F20712"><dc:title>Le temps de trajet du salarié donne-t-il droit à des heures supplémentaires ?</dc:title><dc:creator>Direction de l'information légale et administrative</dc:creator><dc:subject>Travail - Formation</dc:subject><dc:description>Le temps de trajet entre le domicile et le lieu de travail n'est pas considéré comme du temps de travail effectif.</dc:description><dc:publisher>Direction de l'information légale et administrative</dc:publisher><dc:contributor>Direction de l'information légale et administrative (Premier ministre)</dc:contributor><dc:date>modified 2023-07-31</dc:date><dc:type>Question-réponse</dc:type><dc:format>text/xml</dc:format><dc:identifier>F20712</dc:identifier><dc:source>https://www.legifrance.gouv.fr/codes/article_lc/LEGIARTI000033020507, https://www.legifrance.gouv.fr/codes/article_lc/LEGIARTI000033020493, https://www.legifrance.gouv.fr/codes/id/LEGISCTA000033001523</dc:source><dc:language>Fr</dc:language><dc:relation>isPartOf N458</dc:relation><dc:coverage>France entière</dc:coverage><dc:rights>https://www.service-public.fr/a-propos/mentions-legales</dc:rights><SurTitre>Question-réponse</SurTitre><Audience>Particuliers</Audience><Canal>www.service-public.fr</Canal><FilDAriane><Niveau ID="Particuliers">Accueil particuliers</Niveau><Niveau ID="N19806">Travail - Formation</Niveau><Niveau ID="N458">Temps de travail dans le secteur privé</Niveau><Niveau ID="F20712" type="Fiche Question-réponse conditionnée">Le temps de trajet du salarié donne-t-il droit à des heures supplémentaires ?</Niveau></FilDAriane><Theme ID="N19806"><Titre>Travail - Formation</Titre></Theme><SousThemePere ID="N31777">Temps de travail</SousThemePere><DossierPere ID="N458"><Titre>Temps de travail dans le secteur privé</Titre><SousDossier ID="N458-1"><Titre>Durée du travail</Titre><Fiche ID="F1911">Durée du travail à temps complet</Fiche><Fiche ID="F2216">Durée du travail d'un jeune avant 18 ans</Fiche><Fiche ID="F19261">Convention de forfait (en heures ou en jours)</Fiche></SousDossier><SousDossier ID="N458-2"><Titre>Travail à temps partiel</Titre><Fiche ID="F32428">Temps partiel</Fiche><Fiche ID="F2332">Congé parental à temps partiel</Fiche></SousDossier><SousDossier ID="N458-3"><Titre>Repos</Titre><Fiche ID="F990">Repos quotidien</Fiche><Fiche ID="F2327">Repos hebdomadaire</Fiche><Fiche ID="F13887">Repos dominical</Fiche><Fiche ID="F1907">Compte épargne-temps</Fiche></SousDossier><SousDossier ID="N458-4"><Titre>Aménagement du temps de travail</Titre><Fiche ID="F75">Répartition des horaires</Fiche><Fiche ID="F74">Horaires individualisés</Fiche></SousDossier><SousDossier ID="N458-5"><Titre>Heures supplémentaires, équivalence et astreintes</Titre><Fiche ID="F2391">Heures supplémentaires</Fiche><Fiche ID="F1903">Heures d'équivalence</Fiche><Fiche ID="F20873">Astreintes</Fiche></SousDossier></DossierPere><Texte><Paragraphe>Le temps de trajet entre votre domicile et votre lieu de travail est-il considéré comme du temps de <LienIntra LienID="R32095" type="Définition de glossaire">travail effectif</LienIntra> ? Votre employeur doit-il vous verser des <LienInterne LienPublication="F2391" type="Fiche d'information conditionnée" audience="Particuliers">heures supplémentaires</LienInterne> à l'occasion de votre trajet domicile / lieu de travail et lieu de travail / domicile ? Nous vous présentons les informations à connaître.</Paragraphe><TitreFlottant><Paragraphe>Trajet domicile / lieu de travail et lieu de travail / domicile</Paragraphe></TitreFlottant><Paragraphe>Aucune compensation salariale n'est imposée à votre employeur (à l'exception du <LienInterne LienPublication="F19846" type="Fiche d'information conditionnée" audience="Particuliers">remboursement partiel des frais de transport domicile-travail</LienInterne>).</Paragraphe><Paragraphe>Le temps de trajet entre le domicile et le lieu de travail ne donne pas donc lieu au versement d' <LienInterne LienPublication="F2391" type="Fiche d'information conditionnée" audience="Particuliers">heures supplémentaires</LienInterne>.</Paragraphe><TitreFlottant><Paragraphe>Déplacement professionnel</Paragraphe></TitreFlottant><Paragraphe>Cependant, à l'occasion d'un déplacement professionnel, votre temps de trajet peut dépasser votre temps habituel de trajet entre votre domicile et votre lieu de travail.</Paragraphe><Paragraphe>Ce dépassement peut se produire, par exemple, à l'occasion d'une  :</Paragraphe><Liste type="puce"><Item><Paragraphe>Réunion dans un autre établissement de l'entreprise</Paragraphe></Item><Item><Paragraphe>Rencontre avec un client sur un lieu différent de votre lieu de travail habituel</Paragraphe></Item></Liste><Paragraphe>Si c'est le cas, une contrepartie versée par votre employeur doit être prévue soit sous forme de repos, soit sous forme financière.</Paragraphe><Paragraphe>Le contenu de cette contrepartie est fixé par <LienIntra LienID="R59273" type="Définition de glossaire">convention collective</LienIntra> ou <LienIntra LienID="R57077" type="Définition de glossaire">accord collectif d'entreprise</LienIntra>.</Paragraphe><Paragraphe>En l'absence de convention ou d'accord, la contrepartie (sous forme de repos ou sous forme financière) est fixée directement par votre employeur (après consultation du <LienInterne LienPublication="F34474" type="Fiche d'information conditionnée" audience="Particuliers">comité social et économique (CSE)</LienInterne> s'il existe dans l'entreprise).</Paragraphe><ANoter><Titre>À noter</Titre><Paragraphe>La part de ce temps de déplacement professionnel coïncidant avec l'horaire de travail n'entraîne aucune perte de salaire</Paragraphe></ANoter></Texte><Reference type="Texte de référence" URL="https://www.legifrance.gouv.fr/codes/article_lc/LEGIARTI000033020507" ID="R18805"><Titre>Code du travail : article L3121-4</Titre><Complement>Droits à contreparties (dispositions d'ordre public)</Complement></Reference><Reference type="Texte de référence" URL="https://www.legifrance.gouv.fr/codes/article_lc/LEGIARTI000033020493" ID="R45378"><Titre>Code du travail : article L3121-7</Titre><Complement>Contreparties fixées par l'employeur</Complement></Reference><Reference type="Texte de référence" URL="https://www.legifrance.gouv.fr/codes/id/LEGISCTA000033001523" ID="R45375"><Titre>Code du travail : article L3121-8</Titre><Complement>Contreparties fixées par l'employeur (dispositions supplétives)</Complement></Reference><Definition ID="R32095"><Titre>Temps de travail effectif</Titre><Texte><Paragraphe>Temps pendant lequel un salarié ou un agent public est à la disposition de l'employeur ou de l'administration et se conforme à ses directives sans pouvoir vaquer librement à ses occupations personnelles</Paragraphe></Texte><Reference type="Texte de référence" URL="https://www.legifrance.gouv.fr/codes/article_lc/LEGIARTI000033020517" ID="R45052"><Titre>Code du travail : article L3121-1</Titre></Reference></Definition><Definition ID="R59273"><Titre>Convention collective</Titre><Texte><Paragraphe>Accord écrit négocié entre les représentants syndicaux de salariés et des groupements d'employeurs. Il complète et adapte la législation du travail dans un secteur d'activité donné, souvent de façon plus favorable pour les salariés.</Paragraphe></Texte></Definition><Definition ID="R57077"><Titre>Accord collectif d'entreprise</Titre><Texte><Paragraphe>Résultat des négociations menées entre les partenaires sociaux (employeurs et salariés)</Paragraphe></Texte></Definition><QuestionReponse ID="F31881" audience="Particuliers"><Titre>Qu'est-ce qu'un accident de trajet ?</Titre></QuestionReponse><QuestionReponse ID="F36444" audience="Particuliers"><Titre>Un ressortissant européen salarié en France a-t-il les mêmes droits qu'un salarié français ?</Titre></QuestionReponse></Publication>