<?xml version="1.0" encoding="UTF-8"?><Publication xmlns:dc="http://purl.org/dc/elements/1.1/" xmlns:xsi="http://www.w3.org/2001/XMLSchema-instance" ID="F2075" type="Fiche d'information conditionnée" xsi:noNamespaceSchemaLocation="../Schemas/3.4/Publication.xsd" dateDerniereModificationImportante="2020-01-01T00:00:00" spUrl="https://www.service-public.fr/particuliers/vosdroits/F2075"><dc:title>Sauvegarde de justice d'un majeur</dc:title><dc:creator>Direction de l'information légale et administrative</dc:creator><dc:subject>Famille - Scolarité</dc:subject><dc:description>Vous voulez savoir ce qu'est la sauvegarde de justice et qui peut être concerné par cette mesure ? La sauvegarde de justice est une mesure de protection de courte durée. Elle permet à un majeur d'être représenté pour accomplir certains actes de la vie courante. Elle peut éviter de prononcer une tutelle ou une curatelle, qui sont plus contraignantes. Il existe 2 types de mesures de sauvegarde de justice : une médicale et une judiciaire. Nous vous présentons les informations à connaître.</dc:description><dc:publisher>Direction de l'information légale et administrative</dc:publisher><dc:contributor>Direction de l'information légale et administrative (Premier ministre)</dc:contributor><dc:date>modified 2023-03-17</dc:date><dc:type>Fiche pratique</dc:type><dc:format>text/xml</dc:format><dc:identifier>F2075</dc:identifier><dc:source>https://www.legifrance.gouv.fr/codes/id/LEGISCTA000006150532/, https://www.legifrance.gouv.fr/codes/article_lc/LEGIARTI000020030991/</dc:source><dc:language>Fr</dc:language><dc:relation>isPartOf N155</dc:relation><dc:coverage>France entière</dc:coverage><dc:rights>https://www.service-public.fr/a-propos/mentions-legales</dc:rights><SurTitre>Fiche pratique</SurTitre><Audience>Particuliers</Audience><Canal>www.service-public.fr</Canal><FilDAriane><Niveau ID="Particuliers">Accueil particuliers</Niveau><Niveau ID="N19805">Famille - Scolarité</Niveau><Niveau ID="N155">Protection juridique (tutelle, curatelle...)</Niveau><Niveau ID="F2075" type="Fiche d'information conditionnée">Sauvegarde de justice d'un majeur</Niveau></FilDAriane><Theme ID="N19805"><Titre>Famille - Scolarité</Titre></Theme><SousThemePere ID="N20091">Protection des personnes</SousThemePere><DossierPere ID="N155"><Titre>Protection juridique (tutelle, curatelle...)</Titre><Fiche ID="F2120">Tutelle</Fiche><Fiche ID="F2094">Curatelle</Fiche><Fiche ID="F2075">Sauvegarde de justice</Fiche><Fiche ID="F34327">Habilitation du conjoint</Fiche><Fiche ID="F33367">Habilitation familiale</Fiche><Fiche ID="F1336">Mesure d'accompagnement (Masp ou Maj)</Fiche><Fiche ID="F16670">Mandat de protection future</Fiche></DossierPere><Introduction><Texte><Paragraphe>Vous voulez savoir ce qu'est la sauvegarde de justice et qui peut être concerné par cette mesure ?</Paragraphe><Paragraphe>La sauvegarde de justice est une mesure de protection de<MiseEnEvidence> courte durée</MiseEnEvidence>. Elle permet à un majeur d'être <MiseEnEvidence>représenté</MiseEnEvidence> pour accomplir certains actes de la vie courante. Elle peut éviter de prononcer une tutelle ou une curatelle, qui sont plus contraignantes.</Paragraphe><Paragraphe>Il existe <MiseEnEvidence>2 types</MiseEnEvidence> de mesures de sauvegarde de justice : une <MiseEnEvidence>médicale</MiseEnEvidence> et une <MiseEnEvidence>judiciaire</MiseEnEvidence>.</Paragraphe><Paragraphe>Nous vous présentons les informations à connaître.</Paragraphe></Texte></Introduction><Texte><Chapitre><Titre><Paragraphe>Qui peut être concerné par une mesure de sauvegarde de justice ?</Paragraphe></Titre><Paragraphe>La mesure de sauvegarde de justice concerne les personnes suivantes :</Paragraphe><Liste type="puce"><Item><Paragraphe>Majeur rencontrant des difficultés physiques ou psychologiques du fait d'une maladie</Paragraphe></Item><Item><Paragraphe>Majeur souffrant d'une infirmité ou un affaiblissement dû à l'âge</Paragraphe></Item><Item><Paragraphe>Majeur ayant une diminution de ses facultés physiques et/ou psychiques l'empêchant d'exprimer sa volonté</Paragraphe></Item></Liste><ASavoir><Titre>À savoir</Titre><Paragraphe>pour les personnes dont les facultés sont plus gravement atteintes, la sauvegarde de justice est une<MiseEnEvidence> mesure immédiate</MiseEnEvidence> en attendant la mise en place d'une <LienInterne LienPublication="F2120" type="Fiche d'information conditionnée" audience="Particuliers">tutelle</LienInterne> ou d'une <LienInterne LienPublication="F2094" type="Fiche d'information conditionnée" audience="Particuliers">curatelle</LienInterne>.</Paragraphe></ASavoir></Chapitre><Chapitre><Titre><Paragraphe>Comment est mise en place la sauvegarde de justice prise à la suite d'une déclaration médicale ?</Paragraphe></Titre><Paragraphe>La sauvegarde médicale est mise en place suite à une déclaration qui a été faite par un médecin au <LienIntra LienID="R1123" type="Définition de glossaire">procureur de la République</LienIntra>.</Paragraphe><Paragraphe>Il peut s'agir :</Paragraphe><Liste type="puce"><Item><Paragraphe>soit du médecin de la personne à protéger (la déclaration doit dans ce cas être accompagnée de l'avis conforme d'un psychiatre),</Paragraphe></Item><Item><Paragraphe>soit du médecin de l’établissement de santé où se trouve la personne à protéger.</Paragraphe></Item></Liste></Chapitre><Chapitre><Titre><Paragraphe>Comment est mise en place la sauvegarde de justice prise sur décision du juge ?</Paragraphe></Titre><SousChapitre><Titre><Paragraphe>Qui peut faire la demande de sauvegarde de justice ?</Paragraphe></Titre><Paragraphe>La mise sous sauvegarde de justice d'un majeur peut être demandée au juge des contentieux de la protection (ex juge des tutelles) par les personnes suivantes :</Paragraphe><Liste type="puce"><Item><Paragraphe>Majeur lui-même</Paragraphe></Item><Item><Paragraphe>Personne avec qui le majeur à protéger <LienIntra LienID="R42442" type="Définition de glossaire">vit en couple</LienIntra></Paragraphe></Item><Item><Paragraphe>Parent ou <LienIntra LienID="R12901" type="Définition de glossaire">allié</LienIntra></Paragraphe></Item><Item><Paragraphe>Personne qui entretient, avec le majeur, des liens étroits et stables</Paragraphe></Item><Item><Paragraphe>Personne qui exerce déjà une autre mesure de protection juridique (curateur ou tuteur)</Paragraphe></Item><Item><Paragraphe><LienIntra LienID="R1123" type="Définition de glossaire">Procureur de la République</LienIntra> (de sa propre initiative)</Paragraphe></Item><Item><Paragraphe>Tiers (médecin, directeur d'établissement de santé, ...)</Paragraphe></Item></Liste><Paragraphe>La mesure de sauvegarde de justice est déterminée en fonction du degré d'altération (c'est-à-dire de la dégradation) des facultés personnelles de la personne à protéger.</Paragraphe></SousChapitre><SousChapitre><Titre><Paragraphe>Quels sont les documents à joindre à la demande de sauvegarde de justice ?</Paragraphe></Titre><Paragraphe>La demande (<Expression>requête</Expression>) doit comporter les documents suivants :</Paragraphe><Liste type="puce"><Item><Paragraphe>Identité de la personne à protéger,</Paragraphe></Item><Item><Paragraphe><LienInterne LienPublication="F1427" type="Fiche d'information conditionnée" audience="Particuliers">Copie intégrale de l'acte de naissance</LienInterne> de la personne à protéger, datant de moins de 3 mois</Paragraphe></Item><Item><Paragraphe>Copie (recto-verso) de la pièce d'identité de la personne à protéger</Paragraphe></Item><Item><Paragraphe>Copie (recto-verso) de la pièce d'identité du demandeur</Paragraphe></Item><Item><Paragraphe><LienInterne LienPublication="F21667" type="Fiche Question-réponse conditionnée" audience="Particuliers">Certificat médical circonstancié</LienInterne></Paragraphe></Item><Item><Paragraphe>Formulaire <LienInterne LienPublication="R50473" type="Formulaire" audience="Particuliers">cerfa n°15891</LienInterne></Paragraphe></Item></Liste></SousChapitre><SousChapitre><Titre><Paragraphe>Où adresser la demande ?</Paragraphe></Titre><Paragraphe>La demande doit être adressée au juge des contentieux de la protection du tribunal judiciaire dont dépend le domicile de la personne à protéger.</Paragraphe><OuSAdresser ID="R30" sve="non" type="Local"><Titre>Tribunal judiciaire</Titre><RessourceWeb URL="http://www.annuaires.justice.gouv.fr/"/><Source ID="R30663">Ministère chargé de la justice</Source></OuSAdresser></SousChapitre><SousChapitre><Titre><Paragraphe>Quand et comment se déroule l'audition de la personne à protéger ?</Paragraphe></Titre><Paragraphe>Avant de prendre sa décision, le juge entend la personne à protéger. Celle-ci peut être accompagnée par un avocat ou, sur accord du juge, d'une personne qu'elle a choisie.</Paragraphe><Paragraphe>L'audition n'est pas publique. En cas d'urgence, l'audition peut avoir lieu après la décision de mise sous sauvegarde de justice.</Paragraphe><Paragraphe>Le juge peut décider, après avis du médecin ayant établi le certificat médical, de ne pas entendre la personne, si l'audition peut nuire à sa santé ou si la personne ne peut pas exprimer sa volonté.</Paragraphe><Paragraphe>Le juge peut ordonner des mesures pour obtenir des informations (par exemple : enquête sociale) ou demander à entendre les parents ou proches de la personne à protéger.</Paragraphe></SousChapitre></Chapitre><Chapitre><Titre><Paragraphe>Une fois la mise sous sauvegarde de justice décidée, existe-t il un recours ?</Paragraphe></Titre><BlocCas affichage="radio"><Cas><Titre>En cas de sauvegarde de justice sur déclaration médicale</Titre><Paragraphe>La personne protégée peut faire un<MiseEnEvidence> recours amiable</MiseEnEvidence> pour obtenir la <LienIntra LienID="R57060" type="Définition de glossaire">radiation</LienIntra> de cette sauvegarde.</Paragraphe><Paragraphe>Ce recours doit être adressé au procureur de la République auprès de son tribunal judiciaire.</Paragraphe><OuSAdresser ID="R30" sve="non" type="Local"><Titre>Tribunal judiciaire</Titre><RessourceWeb URL="http://www.annuaires.justice.gouv.fr/"/><Source ID="R30663">Ministère chargé de la justice</Source></OuSAdresser></Cas><Cas><Titre>En cas de sauvegarde de justice sur décision du juge</Titre><Paragraphe><MiseEnEvidence>Aucun recours n'est possible</MiseEnEvidence>, car la sauvegarde n'entraîne pas en soi de modification des droits de l'intéressé.</Paragraphe></Cas></BlocCas></Chapitre><Chapitre><Titre><Paragraphe>Quand un mandataire spécial peut-il être désigné ?</Paragraphe></Titre><Paragraphe>Le juge peut désigner un ou plusieurs mandataires spéciaux pour accomplir des actes précis, de <MiseEnEvidence>représentation</MiseEnEvidence> ou d'<MiseEnEvidence>assistance</MiseEnEvidence>, que la protection de la personne rend nécessaires. Il s'agit, par exemple, de l'utilisation d'un placement bancaire ou de la vente d'une maison.</Paragraphe><Paragraphe>Le juge choisit le mandataire spécial <LienInterne LienPublication="F23603" type="Fiche Question-réponse conditionnée" audience="Particuliers">en priorité parmi les proches.</LienInterne> Si c'est impossible, il désigne un professionnel inscrit sur une liste départementale tenue par le préfet.</Paragraphe><Paragraphe>Le mandataire spécial doit rendre compte de l'exécution de son mandat à la personne protégée et au juge. Il doit notamment rendre compte en fin de gestion.</Paragraphe><Paragraphe>Si un mandataire spécial est désigné pour accomplir certains actes, cette décision peut faire l'objet d'un recours dans les 15 jours à compter de la réception de la <LienIntra LienID="R14732" type="Définition de glossaire">notification</LienIntra>. Ce recours peut être formé par <LienInterne LienPublication="F23595" type="Fiche Question-réponse conditionnée" audience="Particuliers">les mêmes personnes</LienInterne> que celles autorisées à demander une mesure de sauvegarde. Une lettre recommandée avec accusé de réception doit être adressée au greffe du tribunal. Le greffe la transmettra à la cour d'appel.</Paragraphe><OuSAdresser ID="R30" sve="non" type="Local"><Titre>Tribunal judiciaire</Titre><RessourceWeb URL="http://www.annuaires.justice.gouv.fr/"/><Source ID="R30663">Ministère chargé de la justice</Source></OuSAdresser></Chapitre><Chapitre><Titre><Paragraphe>Quels sont les effets de la sauvegarde de justice ?</Paragraphe></Titre><Paragraphe>La personne sous sauvegarde de justice <MiseEnEvidence>conserve le droit d'accomplir tous les actes de la vie civile</MiseEnEvidence>, sauf ceux confiés au mandataire spécial s'il a été nommé.</Paragraphe><Paragraphe>Toutefois, la personne sous sauvegarde de justice ne peut pas <LienInterne LienPublication="F10567" type="Fiche d'information conditionnée" audience="Particuliers">divorcer par consentement mutuel</LienInterne> ou accepté.</Paragraphe><Paragraphe>La sauvegarde permet au mandataire spécial de contester (soit en les annulant, soit en les corrigeant) certains actes contraires aux intérêts du majeur, qu'il aurait passés pendant la sauvegarde de justice.</Paragraphe></Chapitre><Chapitre><Titre><Paragraphe>Comment faire une demande de réexamen pour prolonger la sauvegarde de justice ?</Paragraphe></Titre><Paragraphe>Avant la fin de la mesure de protection juridique, les personnes qui l'ont demandée peuvent adresser au juge des contentieux de la protection (ancien juge des tutelles) une demande de réexamen de la personne protégée. Il faut utiliser le formulaire cerfa n°14919 et joindre des documents à votre demande (la liste des documents se trouve dans la notice explicative du formulaire Cerfa). Cette demande vise à prolonger la durée de la mesure.</Paragraphe><ServiceEnLigne ID="R31793" URL="https://www.service-public.fr/simulateur/calcul/14919" audience="Particuliers" format="application/pdf" numerocerfa="14919*04" type="Formulaire"><Titre>Requête au juge des tutelles - Nouvel examen d'une mesure de protection judiciaire d'un majeur</Titre><Source ID="R30663">Ministère chargé de la justice</Source><NoticeLiee ID="R31795" URL="https://www.formulaires.service-public.fr/gf/getNotice.do?cerfaNotice=51708&amp;cerfaFormulaire=14919" type="Notice" numerocerfa="51708#04" format="application/pdf" poids="108.0 KB">Notice - Requête au juge des tutelles - Nouvel examen d'une mesure de protection judiciaire d'un majeur</NoticeLiee></ServiceEnLigne></Chapitre><Chapitre><Titre><Paragraphe>Quand la mesure de sauvegarde de justice prend-t elle fin ?</Paragraphe></Titre><Paragraphe>La sauvegarde de justice ne peut pas dépasser <MiseEnEvidence>1 an</MiseEnEvidence>.</Paragraphe><Paragraphe>Elle est renouvelable une fois par le juge des contentieux de la protection.</Paragraphe><Paragraphe>La durée totale est de <MiseEnEvidence>2 ans maximum</MiseEnEvidence>.</Paragraphe><Paragraphe>La sauvegarde de justice cesse dans les cas suivants :</Paragraphe><Liste type="puce"><Item><Paragraphe>À la fin du délai pour laquelle elle a été prononcée</Paragraphe></Item><Item><Paragraphe>À la levée de la mesure par le juge des contentieux de la protection, après l’accomplissement des actes pour lesquels elle a été ordonnée</Paragraphe></Item><Item><Paragraphe>À la levée de la mesure par le juge des contentieux de la protection, lorsque le majeur reprend possession de ses facultés</Paragraphe></Item><Item><Paragraphe>Par l'ouverture d'une mesure de curatelle ou de tutelle</Paragraphe></Item></Liste></Chapitre></Texte><VoirAussi important="non"><Fiche ID="F2139" audience="Particuliers"><Titre>Tutelle d'un mineur</Titre><Theme ID="N19805"><Titre>Famille - Scolarité</Titre></Theme></Fiche><Fiche ID="F2094" audience="Particuliers"><Titre>Curatelle d'une personne majeure</Titre><Theme ID="N19805"><Titre>Famille - Scolarité</Titre></Theme></Fiche><Fiche ID="F33367" audience="Particuliers"><Titre>Habilitation familiale</Titre><Theme ID="N19805"><Titre>Famille - Scolarité</Titre></Theme></Fiche></VoirAussi><QuiPeutMAider ID="R34" sve="non" type="Local personnalisable"><Titre>Permanence juridique</Titre><PivotLocal>permanence_juridique</PivotLocal><RessourceWeb URL="http://www.annuaires.justice.gouv.fr/annuaires-12162/annuaire-des-permanences-juridiques-21770.html"/><Source ID="R30663">Ministère chargé de la justice</Source></QuiPeutMAider><QuiPeutMAider ID="R11621" sve="non" type="Local personnalisé sur SP"><Titre>Maison de justice et du droit</Titre><PivotLocal>mjd</PivotLocal><RessourceWeb URL="http://www.annuaires.justice.gouv.fr/lieux-dacces-aux-droits-10111/"/><Source ID="R30663">Ministère chargé de la justice</Source></QuiPeutMAider><Reference type="Texte de référence" URL="https://www.legifrance.gouv.fr/codes/id/LEGISCTA000006150532/" ID="R498"><Titre>Code civil : articles 433 à 439</Titre><Complement>Décision de placement en sauvegarde de justice</Complement></Reference><Reference type="Texte de référence" URL="https://www.legifrance.gouv.fr/codes/article_lc/LEGIARTI000020030991/" ID="R15149"><Titre>Code de procédure civile : articles 1248 à 1252-1</Titre><Complement>Sauvegarde de justice</Complement></Reference><ServiceEnLigne ID="R50473" URL="https://www.service-public.fr/simulateur/calcul/15891" audience="Particuliers" numerocerfa="15891*03" type="Formulaire"><Titre>Requête en vue d'une protection juridique d'un majeur (habilitation familiale ou protection judiciaire)</Titre><Source ID="R30663">Ministère chargé de la justice</Source><NoticeLiee ID="R50474" URL="https://www.formulaires.service-public.fr/gf/getNotice.do?cerfaNotice=52257&amp;cerfaFormulaire=15891" type="Notice" numerocerfa="52257#03" format="application/pdf" poids="212.4 KB">Notice - Requête en vue d'une protection juridique d'un majeur (habilitation familiale ou protection judiciaire)</NoticeLiee></ServiceEnLigne><ServiceEnLigne ID="R31793" URL="https://www.service-public.fr/simulateur/calcul/14919" audience="Particuliers" format="application/pdf" numerocerfa="14919*04" type="Formulaire"><Titre>Requête au juge des tutelles - Nouvel examen d'une mesure de protection judiciaire d'un majeur</Titre><Source ID="R30663">Ministère chargé de la justice</Source><NoticeLiee ID="R31795" URL="https://www.formulaires.service-public.fr/gf/getNotice.do?cerfaNotice=51708&amp;cerfaFormulaire=14919" type="Notice" numerocerfa="51708#04" format="application/pdf" poids="108.0 KB">Notice - Requête au juge des tutelles - Nouvel examen d'une mesure de protection judiciaire d'un majeur</NoticeLiee></ServiceEnLigne><Definition ID="R1123"><Titre>Procureur de la République</Titre><Texte><Paragraphe>Magistrat à la tête du parquet (ou ministère public). Il est destinataire des plaintes et signalements. Il dirige les enquêtes, décide des poursuites et veille à l'application de la loi.</Paragraphe></Texte></Definition><Definition ID="R42442"><Titre>Vivre en couple</Titre><Texte><Paragraphe>Mariage, Pacs ou concubinage (union libre)</Paragraphe></Texte></Definition><Definition ID="R12901"><Titre>Alliés</Titre><Texte><Paragraphe>Personnes liées par des liens résultant du mariage et non du sang (par exemple, beau-frère belle-mère)</Paragraphe></Texte></Definition><Definition ID="R57060"><Titre>Radiation</Titre><Texte><Paragraphe>Rayer quelqu'un ou quelque chose d'une liste, d'un registre ou d'un fichier sur lequel il est inscrit</Paragraphe></Texte></Definition><Definition ID="R14732"><Titre>Notification</Titre><Texte><Paragraphe>Formalité par laquelle un acte de procédure ou une décision est porté à la connaissance d’une personne</Paragraphe></Texte></Definition><QuestionReponse ID="F21667" audience="Particuliers"><Titre>Tutelle, curatelle, sauvegarde de justice : comment obtenir le certificat médical ?</Titre></QuestionReponse><QuestionReponse ID="F23595" audience="Particuliers"><Titre>Qui peut demander la mise sous tutelle, curatelle ou sauvegarde de justice ?</Titre></QuestionReponse><QuestionReponse ID="F23603" audience="Particuliers"><Titre>Qui peut être nommé tuteur, curateur ou mandataire spécial d'un majeur ?</Titre></QuestionReponse></Publication>