<?xml version="1.0" encoding="UTF-8"?><Publication xmlns:dc="http://purl.org/dc/elements/1.1/" xmlns:xsi="http://www.w3.org/2001/XMLSchema-instance" ID="F21038" type="Fiche Question-réponse conditionnée" xsi:noNamespaceSchemaLocation="../Schemas/3.4/Publication.xsd" spUrl="https://www.service-public.fr/particuliers/vosdroits/F21038"><dc:title>Un employeur peut-il s'opposer à ce qu'un salarié soit juré d'assises ?</dc:title><dc:creator>Direction de l'information légale et administrative</dc:creator><dc:subject>Travail - Formation</dc:subject><dc:description>Non. Si un salarié est sélectionné pour être juré d'assises, son employeur ne peut pas s'y opposer.</dc:description><dc:publisher>Direction de l'information légale et administrative</dc:publisher><dc:contributor>Direction de l'information légale et administrative (Premier ministre)</dc:contributor><dc:date>modified 2024-01-25</dc:date><dc:type>Question-réponse</dc:type><dc:format>text/xml</dc:format><dc:identifier>F21038</dc:identifier><dc:source>https://www.legifrance.gouv.fr/codes/article_lc/LEGIARTI000024459527, https://www.legifrance.gouv.fr/codes/id/LEGISCTA000006182226</dc:source><dc:language>Fr</dc:language><dc:relation>isPartOf N19871</dc:relation><dc:coverage>France entière</dc:coverage><dc:rights>https://www.service-public.fr/a-propos/mentions-legales</dc:rights><SurTitre>Question-réponse</SurTitre><Audience>Particuliers</Audience><Canal>www.service-public.fr</Canal><FilDAriane><Niveau ID="Particuliers">Accueil particuliers</Niveau><Niveau ID="N19806">Travail - Formation</Niveau><Niveau ID="N19871">Contrats de travail dans le secteur privé</Niveau><Niveau ID="F21038" type="Fiche Question-réponse conditionnée">Un employeur peut-il s'opposer à ce qu'un salarié soit juré d'assises ?</Niveau></FilDAriane><Theme ID="N19806"><Titre>Travail - Formation</Titre></Theme><SousThemePere ID="N19962">Contrats et carrière</SousThemePere><DossierPere ID="N19871"><Titre>Contrats de travail dans le secteur privé</Titre><SousDossier ID="N19871-1"><Titre>Contrat à durée indéterminée (CDI)</Titre><Fiche ID="F1906">Caractéristiques</Fiche><Fiche ID="F2339">Modification</Fiche><Fiche ID="F10033">Rupture</Fiche></SousDossier><SousDossier ID="N19871-2"><Titre>Contrat à durée déterminée (CDD)</Titre><Fiche ID="F36">Conclusion</Fiche><Fiche ID="F41">Situation du salarié</Fiche><Fiche ID="F38">Renouvellement</Fiche><Fiche ID="F40">Fin</Fiche></SousDossier><SousDossier ID="N19871-3"><Titre>Contrat temporaire</Titre><Fiche ID="F11215">Contrat d'intérim</Fiche><Fiche ID="F33693">Contrat d'extra (CDD d'usage)</Fiche></SousDossier></DossierPere><Texte><Paragraphe>Non. L'employeur ne peut pas interdire au salarié d'assister à un <LienInterne LienPublication="F1540" type="Fiche d'information conditionnée" audience="Particuliers">juré d'assises</LienInterne>.</Paragraphe><TitreFlottant><Paragraphe>Obligation</Paragraphe></TitreFlottant><Paragraphe>Il s'agit d'une <MiseEnEvidence>obligation</MiseEnEvidence> citoyenne qui s'impose à l'employeur. L'accord de l'employeur n'est pas donc nécessaire.</Paragraphe><Paragraphe>Le salarié doit toutefois prévenir son employeur de son absence en lui remettant une copie de la convocation dès qu'il l'a reçue.</Paragraphe><Paragraphe>L'employeur ne peut pas sanctionner le salarié en raison de son absence pour exercer une fonction de juré (qu'il s'agisse d'une <LienInterne LienPublication="F2234" type="Fiche d'information conditionnée" audience="Particuliers">sanction disciplinaire</LienInterne>, d'un <LienInterne LienPublication="F2835" type="Fiche d'information conditionnée" audience="Particuliers">licenciement</LienInterne>, ou de <LienInterne LienPublication="F1642" type="Fiche d'information conditionnée" audience="Particuliers">mesures discriminatoires</LienInterne>).</Paragraphe><TitreFlottant><Paragraphe>Rémunération</Paragraphe></TitreFlottant><Paragraphe>Pendant son absence, le contrat de travail du salarié est <LienIntra LienID="R43526" type="Définition de glossaire">suspendu</LienIntra>. Il ne perçoit alors aucune rémunération de la part de son employeur.</Paragraphe><Paragraphe>Toutefois, le salarié a droit à une <LienInterne LienPublication="F17783" type="Fiche Question-réponse conditionnée" audience="Particuliers">indemnisation</LienInterne> pour perte de revenus professionnels (sur demande et sur justification auprès du tribunal d'assises).</Paragraphe></Texte><VoirAussi important="non"><Fiche ID="F1540" audience="Particuliers"><Titre>Juré d'assises</Titre><Theme ID="N19807"><Titre>Justice</Titre></Theme></Fiche></VoirAussi><Reference type="Texte de référence" URL="https://www.legifrance.gouv.fr/codes/article_lc/LEGIARTI000024459527" ID="R39907"><Titre>Code du travail : article L1132-3-1</Titre><Complement>Interdiction de sanctionner un salarié sélectionné pour être juré</Complement></Reference><Reference type="Texte de référence" URL="https://www.legifrance.gouv.fr/codes/id/LEGISCTA000006182226" ID="R17150"><Titre>Code de procédure pénale : articles R139 à R146</Titre><Complement>Indemnités</Complement></Reference><Definition ID="R43526"><Titre>Suspension d'un contrat de travail</Titre><Texte><Paragraphe>Situation durant laquelle le paiement du salaire par l'employeur et l'exécution d'un travail par le salarié cessent temporairement (par exemple : exercice du droit de grève, fonction de juré d'assise, maladie ou accident du travail, congé de maternité, de paternité, d'adoption ou parental, congé sabbatique, fermeture temporaire de l'entreprise , mise à pied)</Paragraphe></Texte></Definition></Publication>