<?xml version="1.0" encoding="UTF-8"?><Publication xmlns:dc="http://purl.org/dc/elements/1.1/" xmlns:xsi="http://www.w3.org/2001/XMLSchema-instance" ID="F2124" type="Fiche d'information conditionnée" xsi:noNamespaceSchemaLocation="../Schemas/3.4/Publication.xsd" dateDerniereModificationImportante="2022-03-09T00:00:00" spUrl="https://www.service-public.fr/particuliers/vosdroits/F2124"><dc:title>Médaille de l'enfance et des familles</dc:title><dc:creator>Direction de l'information légale et administrative</dc:creator><dc:subject>Papiers - Citoyenneté - Élections</dc:subject><dc:description>La médaille de l'enfance et des familles est un titre honorifique décerné pou rendre hommage aux mérites de certaines personnes.</dc:description><dc:publisher>Direction de l'information légale et administrative</dc:publisher><dc:contributor>Direction de l'information légale et administrative (Premier ministre)</dc:contributor><dc:date>modified 2023-08-02</dc:date><dc:type>Fiche pratique</dc:type><dc:format>text/xml</dc:format><dc:identifier>F2124</dc:identifier><dc:source>https://www.legifrance.gouv.fr/codes/id/LEGISCTA000006178332/, https://www.legifrance.gouv.fr/jorf/id/JORFTEXT000045316950, https://www.legifrance.gouv.fr/loda/id/JORFTEXT000033161614/</dc:source><dc:language>Fr</dc:language><dc:relation>isPartOf N23501</dc:relation><dc:coverage>France entière</dc:coverage><dc:rights>https://www.service-public.fr/a-propos/mentions-legales</dc:rights><SurTitre>Fiche pratique</SurTitre><Audience>Particuliers</Audience><Canal>www.service-public.fr</Canal><FilDAriane><Niveau ID="Particuliers">Accueil particuliers</Niveau><Niveau ID="N19810">Papiers - Citoyenneté - Élections</Niveau><Niveau ID="N23501">Médailles et décorations officielles</Niveau><Niveau ID="F2124" type="Fiche d'information conditionnée">Médaille de l'enfance et des familles</Niveau></FilDAriane><Theme ID="N19810"><Titre>Papiers - Citoyenneté - Élections</Titre></Theme><SousThemePere ID="N20070">Citoyenneté</SousThemePere><DossierPere ID="N23501"><Titre>Médailles et décorations officielles</Titre><Fiche ID="F10">Médaille d'honneur du travail</Fiche><Fiche ID="F12086">Médaille d'honneur régionale, départementale et communale</Fiche><Fiche ID="F34332">Médaille d'honneur des sapeurs-pompiers</Fiche><Fiche ID="F2124">Médaille de l'enfance et des familles</Fiche><Fiche ID="F34004">Ordre national du Mérite</Fiche><Fiche ID="F16879">Légion d'honneur</Fiche></DossierPere><Introduction><Texte><Paragraphe>Vous souhaitez savoir à qui peut être attribuée la médaille de l'enfance et des familles, comment faire la demande et quelles en sont les effets ?</Paragraphe><Paragraphe>Nous vous présentons les informations à connaître.</Paragraphe><Paragraphe>Elles diffèrent selon que la famille réside en France ou non.</Paragraphe></Texte></Introduction><ListeSituations affichage="onglet"><Situation><Titre>En France</Titre><Texte><Paragraphe>Les personnes de nationalité française ou les personnes étrangères en situation régulière peuvent obtenir la médaille de l'enfance et de la famille.</Paragraphe><Chapitre><Titre><Paragraphe>Qu'est-ce que la médaille de l'enfance et des familles ?</Paragraphe></Titre><Paragraphe>La médaille de l'enfance et des familles est accordée aux personnes (père, mère,... ) qui ont élevé des enfants en leur apportant leur dévouement et des soins attentifs.</Paragraphe><Paragraphe>Elle peut également être remise au bénévole et au professionnel intervenant auprès des familles et assurant l'accueil du jeune enfant et la protection de l'enfance.</Paragraphe><Paragraphe>Il s'agit d'un titre honorifique décerné pour rendre hommage à leur mérite ou pour leur témoigner la reconnaissance de la Nation.</Paragraphe></Chapitre><Chapitre><Titre><Paragraphe>Qui peut recevoir la médaille de l'enfance et des familles ?</Paragraphe></Titre><Paragraphe><MiseEnEvidence>En principe</MiseEnEvidence>, les personnes suivantes peuvent recevoir la médaille de l'enfance et des familles :</Paragraphe><Liste type="puce"><Item><Paragraphe>Personne élevant ou ayant élevé au moins 4 enfants de nationalité française, dont l'aîné a atteint l'âge de 16 ans. La personne doit avoir fait également, dans l'exercice des droits et des devoirs liés aux enfants, un constant effort pour les élever dans les meilleures conditions matérielles et morales possibles.</Paragraphe></Item><Item><Paragraphe>Personne élevant ou ayant élevé dignement un ou des enfants dans un contexte familial, social ou économique particulièrement difficile, dont l'aîné a atteint l'âge de 16 ans.</Paragraphe></Item></Liste><Paragraphe>Toutefois, <MiseEnEvidence>par dérogation</MiseEnEvidence>, les personnes suivantes peuvent également recevoir la médaille :</Paragraphe><Liste type="puce"><Item><Paragraphe>Personne ayant élevé, au décès de ses parents, seule pendant au moins 2 ans un ou plusieurs de leurs frères et sœurs</Paragraphe></Item><Item><Paragraphe>Personne ayant élevé pendant au moins 2 ans au moins un orphelin avec lequel elle a un lien de parenté</Paragraphe></Item><Item><Paragraphe>Veuf ou veuve de guerre ou d'acte de terrorisme élevant ou ayant élevé seul un ou des enfants, du fait du décès de son époux</Paragraphe></Item><Item><Paragraphe>Personne dédiant ou ayant dédié sa vie professionnelle ou son action bénévole à l'accompagnement, à la protection et à la défense de l'enfance et des familles. Cette personne doit avoir notamment agi dans les domaines de l'accueil des jeunes enfants, de la protection de l'enfance, du soutien à la parentalité.</Paragraphe></Item><Item><Paragraphe>Personne rendant ou ayant rendu des services exceptionnels pour l'accompagnement et le soutien des familles ou pour l'accompagnement et la protection des enfants et de leurs droits</Paragraphe></Item></Liste><ANoter><Titre>À noter</Titre><Paragraphe>la médaille peut être accordée à titre posthume si la demande est faite dans les 2 ans qui suivent le décès.</Paragraphe></ANoter></Chapitre><Chapitre><Titre><Paragraphe>Qui peut faire une demande d'obtention de la médaille de l'enfance et des familles ?</Paragraphe></Titre><BlocCas affichage="radio"><Cas><Titre>Cas général</Titre><Paragraphe>La demande d'attribution de la médaille de l'enfance et des familles doit être déposée par la <MiseEnEvidence>personne qui souhaite l'obtenir</MiseEnEvidence>.</Paragraphe><Paragraphe>Toutefois, l'une des personnes suivantes peut proposer une candidature :</Paragraphe><Liste type="puce"><Item><Paragraphe>Préfet</Paragraphe></Item><Item><Paragraphe>Parlementaire</Paragraphe></Item><Item><Paragraphe>Maire</Paragraphe></Item><Item><Paragraphe>Président du conseil départemental, de la <LienInterne LienPublication="R24582" type="Acronyme">Caf</LienInterne>, de la caisse locale de mutualité sociale agricole</Paragraphe></Item><Item><Paragraphe>Président de l'union départementale des associations familiales du département où réside la personne intéressée</Paragraphe></Item></Liste></Cas><Cas><Titre>Personnes concernées par la dérogation</Titre><Paragraphe>La demande d'attribution de la médaille de l'enfance et des familles peut être faites par des particuliers, des collectivités ou de l'Union départementale des associations familiales (Unaf).</Paragraphe></Cas></BlocCas><Paragraphe>La personne faisant l'objet d'une proposition doit signer une déclaration d'acceptation.</Paragraphe></Chapitre><Chapitre><Titre><Paragraphe>Quels documents fournir pour demander la médaille de l'enfance et des familles ?</Paragraphe></Titre><Paragraphe>La demande ou proposition doit être accompagnée des documents suivants :</Paragraphe><Liste type="puce"><Item><Paragraphe>Formulaire <LienInterne LienPublication="R2500" type="Formulaire" audience="Particuliers">cerfa n°15319</LienInterne></Paragraphe></Item><Item><Paragraphe>Copie de la carte nationale d'identité ou du passeport en cours de validité (ou du titre autorisant le séjour ou du récépissé de demande de renouvellement de titre de séjour)</Paragraphe></Item><Item><Paragraphe>Extrait du casier judiciaire</Paragraphe></Item><Item><Paragraphe>Copie intégrale ou extrait avec filiation de l'acte de naissance de chacun des enfants</Paragraphe></Item><Item><Paragraphe>Certificat de scolarité pour tous les enfants d'âge scolaire</Paragraphe></Item><Item><Paragraphe>En cas de divorce ou de séparation, extrait de la décision l'ayant prononcé et toute autre décision judiciaire relative à l'autorité parentale</Paragraphe></Item><Item><Paragraphe>Attestations éventuelles de personnalités ou de groupements qualifiés et portant sur les titres et mérites du demandeur</Paragraphe></Item></Liste></Chapitre><Chapitre><Titre><Paragraphe>Où déposer la demande d'obtention de la médaille de l'enfance et des familles ?</Paragraphe></Titre><BlocCas affichage="radio"><Cas><Titre>Cas général</Titre><Paragraphe>La demande ou la proposition d'attribution doit être déposée à la <MiseEnEvidence>mairie du domicile de la personne qui recevra la médaille.</MiseEnEvidence></Paragraphe><OuSAdresser ID="R1" sve="non" type="Local personnalisé sur SP"><Titre>Mairie</Titre><PivotLocal>mairie</PivotLocal><RessourceWeb URL="https://lannuaire.service-public.fr/navigation/mairie"/></OuSAdresser><Paragraphe>La mairie remet à la personne qui dépose le dossier un <MiseEnEvidence>récépissé</MiseEnEvidence> attestant de sa demande.</Paragraphe><Attention><Titre>Attention</Titre><Paragraphe>lors de l'instruction, tout dossier incomplet, pour lequel la mairie a fait des relances à l'intéressé qui sont restées sans réponse, est rejeté.</Paragraphe></Attention><Paragraphe>Les dossiers complets sont vérifiés et transmis par le maire au préfet, avec son avis sur la demande ou proposition.</Paragraphe></Cas><Cas><Titre>Personnes concernées par la dérogation</Titre><Paragraphe>Pour les cas dérogatoires, la demande ou la proposition d'attribution doit être déposée à la <MiseEnEvidence>préfecture du domicile de la personne qui recevra la médaille.</MiseEnEvidence></Paragraphe><OuSAdresser ID="R1192" sve="non" type="Local personnalisé sur SP"><Titre>Préfecture de Paris</Titre><PivotLocal>paris_prefecture</PivotLocal><RessourceWeb URL="https://lannuaire.service-public.fr/ile-de-france/paris/0126dc1d-50fa-4340-ba09-dbabfb23fb81"/></OuSAdresser><OuSAdresser ID="R14145" sve="non" type="Local personnalisé sur SP"><Titre>Sous-préfecture</Titre><PivotLocal>sous_pref</PivotLocal><RessourceWeb URL="http://www.interieur.gouv.fr/Le-ministere/Prefectures"/><Source ID="R30603">Ministère chargé de l'intérieur</Source></OuSAdresser><Paragraphe>La préfecture de Paris ou la sous-préfecture remet à la personne qui dépose le dossier un <MiseEnEvidence>récépissé</MiseEnEvidence> attestant de sa demande.</Paragraphe></Cas></BlocCas></Chapitre><Chapitre><Titre><Paragraphe>Qui attribue la médaille de l'enfance et des familles ?</Paragraphe></Titre><Paragraphe>La décision d'attribution est prise, selon la personne concernée, après enquête par les personnes suivantes :</Paragraphe><Liste type="puce"><Item><Paragraphe>Préfet du département et président de l'union départementale des associations familiales (Unaf)</Paragraphe></Item><Item><Paragraphe>Préfet du département et ministre chargé de la famille</Paragraphe></Item><Item><Paragraphe>Ministre chargé de la famille de sa propre initiative ou sur demande du préfet du département conjointement avec celle du président de l'union départementale des associations familiales</Paragraphe></Item></Liste></Chapitre><Chapitre><Titre><Paragraphe>Quels sont les effets de la médaille de l'enfance et des familles ?</Paragraphe></Titre><Paragraphe>L'attribution de la médaille de l'enfance et des familles est purement <MiseEnEvidence>honorifique</MiseEnEvidence>.</Paragraphe><Paragraphe>La personne reçoit une médaille et un diplôme contenant l'extrait d'arrêté d'attribution. À cet effet, une cérémonie officielle peut être organisée par la préfecture, par la mairie ou par l'union départementale des associations familiales (Udaf).</Paragraphe><Paragraphe>La personne a droit de porter son insigne et sa médaille en public.</Paragraphe><Paragraphe>L'insigne et la médaille peuvent s'acheter auprès de la Monnaie de Paris ou auprès de fabricants privés.</Paragraphe><OuSAdresser ID="R43709" sve="non" type="National"><Titre>Monnaie de Paris</Titre><RessourceWeb URL="https://www.monnaiedeparis.fr/fr/boutique-en-ligne?esl-k=googleads|ng|c588241683839|mp|kmonnaie%20de%20paris|p|t|dc|a120137224739|g12612416871&amp;gclid=EAIaIQobChMIsOnIjY_o9gIVia3tCh0NUwkeEAAYASAAEgL6A_D_BwE"/></OuSAdresser></Chapitre><Chapitre><Titre><Paragraphe>Dans quels cas une personne peut se faire retirer la médaille de l'enfance et des familles ?</Paragraphe></Titre><Paragraphe>La personne qui a obtenu la médaille peut la perdre et se la faire retirer dans les cas suivants :</Paragraphe><Liste type="puce"><Item><Paragraphe>Perte de l'exercice des droits et devoirs d'un parent vis à vis d'un enfant (perte de l'autorité parentale)</Paragraphe></Item><Item><Paragraphe>Condamnation pour un <LienIntra LienID="R49230" type="Définition de glossaire">crime</LienIntra> ou un <LienIntra LienID="R49229" type="Définition de glossaire">délit</LienIntra></Paragraphe></Item><Item><Paragraphe>Démérite reconnu (perte d'un droit en raison d'une mauvaise conduite, de maltraitance sur un enfant) ou urgence</Paragraphe></Item></Liste><Paragraphe>La demande de retrait peut être faite par les mêmes personnes, autre que l'intéressé (le préfet, le maire, le président du conseil général, de la caisse d'allocation familiale,...) qui ont présenté sa candidature.</Paragraphe><BlocCas affichage="radio"><Cas><Titre>Cas général</Titre><Paragraphe>La décision de retrait est prise par le <MiseEnEvidence>préfet</MiseEnEvidence>. Celui-ci en informe le maire du domicile de l'intéressé.</Paragraphe></Cas><Cas><Titre>Personnes concernées par la dérogation</Titre><Paragraphe>La décision de retrait est prise par le <MiseEnEvidence>ministre chargé de la famille</MiseEnEvidence>. Celui-ci prend un arrêté.</Paragraphe></Cas></BlocCas></Chapitre></Texte></Situation><Situation><Titre>À l'étranger</Titre><Texte><Paragraphe>Les personnes de nationalité française résidant à l'étranger ou les personnes étrangères résidant à l'étranger mais dont les enfants sont Français peuvent obtenir la médaille de l'enfance et de la famille.</Paragraphe><Chapitre><Titre><Paragraphe>Qui peut recevoir la médaille de l'enfance et des familles ?</Paragraphe></Titre><Paragraphe>Une famille ou une personne qui</Paragraphe><Liste type="puce"><Item><Paragraphe>a élevé ou élève au moins 4 enfants de nationalité française,</Paragraphe></Item><Item><Paragraphe>ou a œuvré de façon remarquable dans le domaine de la famille.</Paragraphe></Item></Liste></Chapitre><Chapitre><Titre><Paragraphe>Qui peut faire la demande de médaille de l'enfance et des familles ?</Paragraphe></Titre><Paragraphe>La demande d'attribution de la médaille de l'enfance et des famille est, en principe, déposée par la <MiseEnEvidence>personne qui souhaite l'obtenir</MiseEnEvidence>.</Paragraphe><Paragraphe>Toutefois, une autre personne peut proposer une candidature.</Paragraphe></Chapitre><Chapitre><Titre><Paragraphe>Quels documents fournir pour demander la médaille de l'enfance et des familles ?</Paragraphe></Titre><Liste type="puce"><Item><Paragraphe>Formulaire <LienInterne LienPublication="R2500" type="Formulaire" audience="Particuliers">cerfa n°15319</LienInterne>, dont seules les pages 1 à 4 doivent être renseignées</Paragraphe></Item><Item><Paragraphe>Tous documents d'acte civil (copie intégrale ou extrait acte de naissance, mariage, décès, filiation...) permettant d'établir que le candidat remplit les conditions d'attribution de la médaille</Paragraphe></Item><Item><Paragraphe>Copie de la carte d'identité française ou du passeport français des enfants</Paragraphe></Item><Item><Paragraphe>Certificats de scolarité pour tous les enfants d'âge scolaire</Paragraphe></Item><Item><Paragraphe>En cas de divorce ou de séparation, extrait de la décision l'ayant prononcé et toute autre décision judiciaire relative à l'autorité parentale</Paragraphe></Item><Item><Paragraphe>Tous documents établissant que le candidat n'a pas encouru de condamnation dans le pays où il est domicilié</Paragraphe></Item><Item><Paragraphe>Pour les candidats français, copie du bulletin n°3 de leur casier judiciaire</Paragraphe></Item></Liste><Paragraphe>Si ces documents sont rédigés en langue étrangère, ils doivent être accompagnés de leur traduction en langue française assurée par un <LienInterne LienPublication="F12956" type="Fiche Question-réponse conditionnée" audience="Particuliers">traducteur assermenté</LienInterne>.</Paragraphe></Chapitre><Chapitre><Titre><Paragraphe>Où déposer la demande de médaille de l'enfance et des familles ?</Paragraphe></Titre><Paragraphe>La demande d'attribution de la médaille de l'enfance et des familles doit parvenir à la <MiseEnEvidence>division des cabinets auprès des ministres chargés des affaires sociales</MiseEnEvidence>.</Paragraphe><OuSAdresser ID="R46088" sve="non" type="Local"><Titre>Division des cabinets : ministres du travail, des affaires sociales, des sports</Titre><RessourceWeb URL="https://lannuaire.service-public.fr/gouvernement/958f2819-2237-46c2-ba29-6f2f236e1694"/></OuSAdresser></Chapitre><Chapitre><Titre><Paragraphe>Qui attribue la médaille de l'enfance et des familles ?</Paragraphe></Titre><Paragraphe>La décision est prise par <MiseEnEvidence>arrêté ministériel</MiseEnEvidence>, après enquête.</Paragraphe></Chapitre><Chapitre><Titre><Paragraphe>Quels sont les effets de la médaille de l'enfance et des familles ?</Paragraphe></Titre><Paragraphe>L'attribution de la médaille de l'enfance et des familles est purement <MiseEnEvidence>honorifique</MiseEnEvidence>.</Paragraphe><Paragraphe>La personne reçoit une médaille, un diplôme contenant l'extrait d'arrêté d'attribution qui lui sont adressés par le consulat.</Paragraphe><Paragraphe>La personne a le droit de porter son insigne et sa médaille en public.</Paragraphe><Paragraphe>L'insigne et la médaille peuvent s'acheter auprès de la Monnaie de Paris ou auprès de fabricants privés.</Paragraphe><OuSAdresser ID="R43709" sve="non" type="National"><Titre>Monnaie de Paris</Titre><RessourceWeb URL="https://www.monnaiedeparis.fr/fr/boutique-en-ligne?esl-k=googleads|ng|c588241683839|mp|kmonnaie%20de%20paris|p|t|dc|a120137224739|g12612416871&amp;gclid=EAIaIQobChMIsOnIjY_o9gIVia3tCh0NUwkeEAAYASAAEgL6A_D_BwE"/></OuSAdresser></Chapitre><Chapitre><Titre><Paragraphe>Dans quels cas une personne peut se faire retirer la médaille de l'enfance et des familles ?</Paragraphe></Titre><Paragraphe>La personne qui a obtenu la médaille peut la perdre et se la faire retirer dans les cas suivants :</Paragraphe><Liste type="puce"><Item><Paragraphe>Perte de l'exercice des droits et devoirs d'un parent vis à vis d'un enfant (perte de l'autorité parentale)</Paragraphe></Item><Item><Paragraphe>Condamnation pour un <LienIntra LienID="R49230" type="Définition de glossaire">crime</LienIntra> ou un <LienIntra LienID="R49229" type="Définition de glossaire">délit</LienIntra></Paragraphe></Item><Item><Paragraphe>Démérite reconnu (perte d'un droit en raison d'une mauvaise conduite, de maltraitance sur un enfant) ou urgence</Paragraphe></Item></Liste><Paragraphe>La demande de retrait peut être faite par les mêmes personnes, autre que l'intéressé (le préfet, le maire, le président du conseil général, de la caisse d'allocation familiale,...) qui ont présenté sa candidature.</Paragraphe><Paragraphe>La décision de retrait est prise par le <MiseEnEvidence>ministre en charge de la famille</MiseEnEvidence>. Celui-ci en informe le maire du domicile de l'intéressé.</Paragraphe></Chapitre></Texte></Situation></ListeSituations><VoirAussi important="non"><Dossier ID="N23501" audience="Particuliers"><Titre>Médailles et décorations officielles</Titre><Theme ID="N19810"><Titre>Papiers - Citoyenneté - Élections</Titre></Theme></Dossier></VoirAussi><Reference type="Texte de référence" URL="https://www.legifrance.gouv.fr/codes/id/LEGISCTA000006178332/" ID="R1902"><Titre>Code de l'action sociale et des familles : articles D215-7 à D215-13</Titre><Complement>Médaille de la famille</Complement></Reference><Reference type="Texte de référence" URL="https://www.legifrance.gouv.fr/jorf/id/JORFTEXT000045316950" ID="R43695"><Titre>Arrêté du 2 mars 2022 relatif à la médaille de l'enfance et des familles</Titre></Reference><Reference type="Texte de référence" URL="https://www.legifrance.gouv.fr/loda/id/JORFTEXT000033161614/" ID="R45452"><Titre>Arrêté du 13 septembre 2016 portant application aux familles et personnes domiciliées à l'étranger des dispositions relatives à la médaille de la famille</Titre></Reference><ServiceEnLigne ID="R2500" URL="https://www.formulaires.service-public.fr/gf/cerfa_15319.do" audience="Particuliers" format="application/pdf" poids="769.5 KB" numerocerfa="15319*02" type="Formulaire"><Titre>Demande de médaille de la famille</Titre><Source ID="R30673">Ministère chargé des affaires sociales</Source></ServiceEnLigne><Definition ID="R49230"><Titre>Crime</Titre><Texte><Paragraphe>Infraction la plus grave punissable par une peine de prison (homicide volontaire ou viol par exemple)</Paragraphe></Texte></Definition><Definition ID="R49229"><Titre>Délit</Titre><Texte><Paragraphe>Acte interdit par la loi et puni d'une amende et/ou d'une peine d'emprisonnement inférieure à 10 ans</Paragraphe></Texte></Definition><Abreviation ID="R24582" type="Acronyme"><Titre>Caf</Titre><Texte><Paragraphe>Caisse d'allocations familiales</Paragraphe></Texte></Abreviation></Publication>