<?xml version="1.0" encoding="UTF-8"?><Publication xmlns:dc="http://purl.org/dc/elements/1.1/" xmlns:xsi="http://www.w3.org/2001/XMLSchema-instance" ID="F2123" type="Fiche Question-réponse conditionnée" xsi:noNamespaceSchemaLocation="../Schemas/3.4/Publication.xsd" spUrl="https://www.service-public.fr/particuliers/vosdroits/F2123"><dc:title>Assurance habitation : qu'est-ce que la garantie responsabilité civile ?</dc:title><dc:creator>Direction de l'information légale et administrative</dc:creator><dc:subject>Argent - Impôts - Consommation</dc:subject><dc:description>La responsabilité civile correspond à l'obligation de réparer les dommages causés à autrui. Ce dommage peut résulter, par exemple, d'une imprudence.</dc:description><dc:publisher>Direction de l'information légale et administrative</dc:publisher><dc:contributor>Direction de l'information légale et administrative (Premier ministre)</dc:contributor><dc:date>modified 2021-01-22</dc:date><dc:type>Question-réponse</dc:type><dc:format>text/xml</dc:format><dc:identifier>F2123</dc:identifier><dc:source>https://www.legifrance.gouv.fr/codes/id/LEGISCTA000032021488/, https://www.legifrance.gouv.fr/codes/id/LEGISCTA000006157222</dc:source><dc:language>Fr</dc:language><dc:relation>isPartOf N44</dc:relation><dc:coverage>France entière</dc:coverage><dc:rights>https://www.service-public.fr/a-propos/mentions-legales</dc:rights><SurTitre>Question-réponse</SurTitre><Audience>Particuliers</Audience><Canal>www.service-public.fr</Canal><FilDAriane><Niveau ID="Particuliers">Accueil particuliers</Niveau><Niveau ID="N19803">Argent - Impôts - Consommation</Niveau><Niveau ID="N44">Assurance habitation</Niveau><Niveau ID="F2123" type="Fiche Question-réponse conditionnée">Assurance habitation : qu'est-ce que la garantie responsabilité civile ?</Niveau></FilDAriane><Theme ID="N19803"><Titre>Argent - Impôts - Consommation</Titre></Theme><SousThemePere ID="N20263">Assurance</SousThemePere><DossierPere ID="N44"><Titre>Assurance habitation</Titre><SousDossier ID="N44-1"><Titre>Vie du contrat</Titre><Fiche ID="F2591">Souscription</Fiche><Fiche ID="F2594">Modification</Fiche><Fiche ID="F19083">Résiliation</Fiche><Fiche ID="F3050">Recours et litiges</Fiche></SousDossier><SousDossier ID="N44-2"><Titre>Assurance du locataire</Titre><Fiche ID="F1349">Assurance de base</Fiche><Fiche ID="F1350">Assurances complémentaires</Fiche><Fiche ID="F21478">Colocation</Fiche></SousDossier><SousDossier ID="N44-3"><Titre>Assurance du propriétaire</Titre><Fiche ID="F2023">Obligations du propriétaire</Fiche><Fiche ID="F10830">Vente ou achat</Fiche></SousDossier><SousDossier ID="N44-4"><Titre>Sinistre</Titre><Fiche ID="F3077">Sinistre courant</Fiche><Fiche ID="F2028">Cambriolage</Fiche><Fiche ID="F1352">Dégât des eaux</Fiche><Fiche ID="F21532">Incendie ou explosion</Fiche><Fiche ID="F3076">Catastrophes naturelles</Fiche></SousDossier></DossierPere><Introduction><Texte><Paragraphe>La responsabilité civile est l'obligation de réparer les dommages causés à autrui. En matière d'assurance habitation, il s'agit de réparer les dommages causés par un élément de votre logement : fuite d'eau, chute d'arbre, chute de mur, incendie, etc... Vous pouvez vous protéger en souscrivant la garantie responsabilité civile dans votre contrat d'assurance habitation. L'assurance prendra alors en charge la réparation du dommage causé par votre logement. Mais il y a des exceptions.</Paragraphe></Texte></Introduction><Texte><Chapitre><Titre><Paragraphe>Que couvre la garantie responsabilité civile ?</Paragraphe></Titre><Paragraphe>La garantie responsabilité civile souscrite couvre les dommages que vous causez aux tiers.</Paragraphe><Paragraphe>La garantie couvre également les dommages causés aux tiers par les personnes ou les choses qui sont sous votre responsabilité :</Paragraphe><Liste type="puce"><Item><Paragraphe>Vos enfants, s'ils vivent sous votre toit (les enfants majeurs vivant sous votre toit sont en principe également couverts)</Paragraphe></Item><Item><Paragraphe>Vos parents vivant sous votre toit</Paragraphe></Item><Item><Paragraphe>Vos employés (femme de ménage, jardinier, baby-sitter...)</Paragraphe></Item><Item><Paragraphe>Vos animaux (ou ceux que vous gardez)</Paragraphe></Item><Item><Paragraphe>Vos objets ou ceux que vous avez empruntés ou loués</Paragraphe></Item><Item><Paragraphe>Votre logement dont vous êtes propriétaire ou locataire (par exemple du fait d'un défaut d'entretien ou d'un vice de construction, même si le logement est inoccupé ou loué)</Paragraphe></Item></Liste><Attention><Titre>Attention</Titre><Paragraphe>il faut vérifier dans votre contrat les personnes couvertes par la garantie, car tous les assureurs ne les considèrent pas de la même façon.</Paragraphe></Attention></Chapitre><Chapitre><Titre><Paragraphe>Quelles en sont les limites ?</Paragraphe></Titre><Paragraphe>Certains dommages ne sont pas couverts par la garantie responsabilité civile de l'assurance. Il s'agit principalement des dommages suivants :</Paragraphe><Liste type="puce"><Item><Paragraphe>Dommage que vous vous causez ou que vous causez à vos proches</Paragraphe></Item><Item><Paragraphe>Dommage que vous causez intentionnellement</Paragraphe></Item><Item><Paragraphe>Dommage causé par votre chien, s'il est considéré comme un chien <Expression>dangereux</Expression></Paragraphe></Item><Item><Paragraphe>Dommage causé par un véhicule à moteur (assurance spéciale auto)</Paragraphe></Item><Item><Paragraphe>Dommage liés à vos activités professionnelles exercées à domicile (assurances spéciales).</Paragraphe></Item></Liste><Paragraphe>Si vous vous retrouvez dans une de ces situations, vous devrez <MiseEnEvidence>personnellement</MiseEnEvidence> réparer le préjudice.</Paragraphe><Paragraphe>Cependant, certaines de ces exclusions peuvent faire l'objet d'un contrat spécifique. Ainsi, par exemple, vous pouvez garantir votre responsabilité civile professionnelle.</Paragraphe></Chapitre><Chapitre><Titre><Paragraphe>Comment l'obtenir ?</Paragraphe></Titre><Paragraphe>Vous pouvez souscrire une assurance spécifique, dite <Expression>responsabilité civile vie privée</Expression>.</Paragraphe><Paragraphe>Cependant, si vous avez souscrit une <LienInterne LienPublication="F1350" type="Fiche d'information conditionnée" audience="Particuliers">assurance "multirisque habitation"</LienInterne>, la garantie responsabilité civile est incluse dans votre contrat.</Paragraphe><Paragraphe>Certaines assurances obligatoires comprennent une garantie responsabilité civile limitée, notamment <LienInterne LienPublication="F1349" type="Fiche d'information conditionnée" audience="Particuliers">l'assurance des locataires.</LienInterne></Paragraphe><Paragraphe>D'autres vous garantissent partiellement. C'est le cas par exemple pour les contrats suivants :</Paragraphe><Liste type="puce"><Item><Paragraphe><LienInterne LienPublication="F1871" type="Fiche Question-réponse conditionnée" audience="Particuliers">Assurance scolaire</LienInterne> ou extra-scolaire (limitée à la responsabilité des enfants)</Paragraphe></Item></Liste><Liste type="puce"><Item><Paragraphe><LienInterne LienPublication="F2143" type="Fiche d'information conditionnée" audience="Particuliers">Assurance d'un club sportif</LienInterne> (limitée à la pratique du sport)</Paragraphe></Item><Item><Paragraphe>Assurance <Expression>bicyclette</Expression></Paragraphe></Item></Liste><SousChapitre><Titre><Paragraphe>Où la souscrire ?</Paragraphe></Titre><Paragraphe>Vous pouvez souscrire un contrat d'assurance <Expression>responsabilité civile vie privée</Expression> auprès d'un assureur.</Paragraphe></SousChapitre><SousChapitre><Titre><Paragraphe>Points à vérifier au contrat</Paragraphe></Titre><Paragraphe>Les contrats peuvent présenter des différences de garanties.</Paragraphe><Paragraphe>Avant de signer le contrat, il convient de vérifier certains points et notamment  :</Paragraphe><Liste type="puce"><Item><Paragraphe>Personnes du foyer qui sont garanties</Paragraphe></Item><Item><Paragraphe>Présence de <LienInterne LienPublication="F2706" type="Fiche Question-réponse conditionnée" audience="Particuliers">franchises</LienInterne></Paragraphe></Item><Item><Paragraphe>Limites des garanties prévues (exclusions, plafonds...)</Paragraphe></Item></Liste><Paragraphe>Vous pouvez également demander à votre assurance des extensions de garantie.</Paragraphe></SousChapitre></Chapitre></Texte><OuSAdresser ID="R16526" sve="non" type="Local"><Titre>Assurance Banque Épargne Info Service</Titre><RessourceWeb URL="https://www.abe-infoservice.fr/qui-sommes-nous/nous-contacter"/></OuSAdresser><Reference type="Texte de référence" URL="https://www.legifrance.gouv.fr/codes/id/LEGISCTA000032021488/" ID="R610"><Titre>Code civil : articles 1240 à 1244</Titre><Complement>Responsabilité extracontractuelle en général</Complement></Reference><Reference type="Texte de référence" URL="https://www.legifrance.gouv.fr/codes/id/LEGISCTA000006157222" ID="R712"><Titre>Code des assurances : articles L121-1 à L121-17</Titre><Complement>Règles relatives aux assurances dommages</Complement></Reference><PourEnSavoirPlus type="Information pratique" ID="R53613" URL="https://www.abe-infoservice.fr/assurance/assurance-responsabilite-civile" audience="Particuliers"><Titre>Assurance responsabilité civile</Titre><Source ID="R34551">Autorité de contrôle prudentiel et de résolution (ACPR)</Source></PourEnSavoirPlus><PourEnSavoirPlus type="Information pratique" ID="R51387" URL="https://www.inc-conso.fr/content/lassurance-multirisques-habitation" audience="Particuliers"><Titre>L'assurance multirisques habitation</Titre><Source ID="R30643">Institut national de la consommation (INC)</Source></PourEnSavoirPlus><QuestionReponse ID="F21559" audience="Particuliers"><Titre>Qui doit payer en cas de casse dans un magasin ?</Titre></QuestionReponse><QuestionReponse ID="F17603" audience="Particuliers"><Titre>Doit-on assurer son animal de compagnie ?</Titre></QuestionReponse><QuestionReponse ID="F31258" audience="Particuliers"><Titre>Assurance auto : qu'est-ce que la garantie responsabilité civile ?</Titre></QuestionReponse></Publication>