<?xml version="1.0" encoding="UTF-8"?><Publication xmlns:dc="http://purl.org/dc/elements/1.1/" xmlns:xsi="http://www.w3.org/2001/XMLSchema-instance" ID="F21245" type="Fiche d'information conditionnée" xsi:noNamespaceSchemaLocation="../Schemas/3.4/Publication.xsd" dateDerniereModificationImportante="2018-01-30T00:00:00" spUrl="https://www.service-public.fr/particuliers/vosdroits/F21245"><dc:title>Passeport d'un mineur : en cas de vol</dc:title><dc:creator>Direction de l'information légale et administrative</dc:creator><dc:subject>Papiers - Citoyenneté - Élections</dc:subject><dc:description>Si le passeport a été volé, il faut faire une déclaration de vol. Cette déclaration devra être fournie lors du dossier de demande de passeport.</dc:description><dc:publisher>Direction de l'information légale et administrative</dc:publisher><dc:contributor>Direction de l'information légale et administrative (Premier ministre), Ministère chargé de l'intérieur</dc:contributor><dc:date>modified 2022-11-23</dc:date><dc:type>Fiche pratique</dc:type><dc:format>text/xml</dc:format><dc:identifier>F21245</dc:identifier><dc:source>https://www.legifrance.gouv.fr/codes/id/LEGISCTA000006179981/, https://www.legifrance.gouv.fr/loda/article_lc/LEGIARTI000033333857, https://www.legifrance.gouv.fr/loda/id/JORFTEXT000020246797/, https://www.legifrance.gouv.fr/loda/article_lc/LEGIARTI000033333855, https://www.legifrance.gouv.fr/loda/article_lc/LEGIARTI000033333863</dc:source><dc:language>Fr</dc:language><dc:relation>isPartOf N360</dc:relation><dc:coverage>France entière</dc:coverage><dc:rights>https://www.service-public.fr/a-propos/mentions-legales</dc:rights><SurTitre>Fiche pratique</SurTitre><Audience>Particuliers</Audience><Canal>www.service-public.fr</Canal><Cible>Parent</Cible><FilDAriane><Niveau ID="Particuliers">Accueil particuliers</Niveau><Niveau ID="N19810">Papiers - Citoyenneté - Élections</Niveau><Niveau ID="N360">Passeport</Niveau><Niveau ID="F21245" type="Fiche d'information conditionnée">Passeport d'un mineur : en cas de vol</Niveau></FilDAriane><Theme ID="N19810"><Titre>Papiers - Citoyenneté - Élections</Titre></Theme><SousThemePere ID="N103">Identité - Authentification</SousThemePere><DossierPere ID="N360"><Titre>Passeport</Titre><SousDossier ID="N360-1"><Titre>Pour un majeur</Titre><Fiche ID="F14929">Première demande</Fiche><Fiche ID="F21091">Renouvellement</Fiche><Fiche ID="F21246">Passeport perdu</Fiche><Fiche ID="F21247">Passeport volé</Fiche><Fiche ID="F1373">Passeport en urgence</Fiche></SousDossier><SousDossier ID="N360-2"><Titre>Pour un mineur</Titre><Fiche ID="F14930">Première demande</Fiche><Fiche ID="F21092">Renouvellement</Fiche><Fiche ID="F21244">Passeport perdu</Fiche><Fiche ID="F21245">Passeport volé</Fiche><Fiche ID="F1035">Passeport en urgence</Fiche></SousDossier></DossierPere><SousDossierPere>Pour un mineur</SousDossierPere><ListeSituations affichage="onglet"><Situation><Titre>En France</Titre><Condition><estVrai var="T10576"/></Condition><Texte><FragmentConditionne><Condition><estVrai var="T10010"/></Condition><Paragraphe>Si le passeport a été volé, vous devez faire une déclaration de vol. Cette déclaration devra être fournie lors du dossier de demande de renouvellement. Les autres documents à fournir à l'appui du dossier dépendent de type de passeport qui a été volé.</Paragraphe></FragmentConditionne><Chapitre><Titre><Paragraphe>Déclaration de vol</Paragraphe></Titre><Paragraphe>Il faut se rendre dans un commissariat de police ou une gendarmerie.</Paragraphe><OuSAdresser ID="R13" sve="non" type="Local personnalisé sur SP"><Titre>Commissariat</Titre><PivotLocal>commissariat_police</PivotLocal><RessourceWeb URL="http://www.interieur.gouv.fr/Contact/Contacter-une-brigade-de-gendarmerie-ou-un-commissariat-de-police"/></OuSAdresser><OuSAdresser ID="R59967" sve="non" type="Local personnalisé sur SP"><Titre>Gendarmerie</Titre><PivotLocal>gendarmerie</PivotLocal><RessourceWeb URL="http://www.interieur.gouv.fr/Contact/Contacter-une-brigade-de-gendarmerie-ou-un-commissariat-de-police"/></OuSAdresser><Paragraphe>Un récépissé vous sera remis.</Paragraphe></Chapitre><Chapitre><Titre><Paragraphe>Où et comment demander le nouveau passeport ?</Paragraphe></Titre><Paragraphe>Le mineur et son responsable doivent se présenter <MiseEnEvidence>ensemble</MiseEnEvidence> au guichet. Leur présence est indispensable.</Paragraphe><Paragraphe>Le responsable doit exercer <LienInterne LienPublication="F18605" type="Fiche Question-réponse conditionnée" audience="Particuliers">l'autorité parentale</LienInterne>. Il peut s'agir du père, de la mère ou du tuteur. Il doit présenter sa propre pièce d'identité.</Paragraphe><Paragraphe>Le lieu de la demande ne dépend pas du domicile. Vous pouvez vous rendre <MiseEnEvidence>dans n'importe quelle mairie</MiseEnEvidence>, à condition qu'elle soit équipée d'une station d'enregistrement.</Paragraphe><Paragraphe>La <MiseEnEvidence>liste des mairies équipées</MiseEnEvidence> est consultable en ligne :</Paragraphe><OuSAdresser ID="R14970" sve="non" type="Local personnalisable"><Titre>Mairie délivrant des passeports</Titre><PivotLocal>mairie_passeport_bio</PivotLocal><RessourceWeb URL="https://passeport.ants.gouv.fr/services/geolocaliser-une-mairie-habilitee"/><Source ID="R30628">Agence nationale des titres sécurisés (ANTS)</Source></OuSAdresser><Attention><Titre>Attention</Titre><Paragraphe>de nombreuses mairies exigent que le dépôt du dossier se fasse <MiseEnEvidence>uniquement sur rendez-vous</MiseEnEvidence>.</Paragraphe></Attention><Paragraphe>L'<LienInterne LienPublication="R50821" type="Sigle">ANTS</LienInterne> met à disposition un <MiseEnEvidence>moteur de recherche</MiseEnEvidence> vous permettant de <MiseEnEvidence>trouver un rendez-vous</MiseEnEvidence> dans une mairie équipée :</Paragraphe><ServiceEnLigne ID="R63716" URL="https://rendezvouspasseport.ants.gouv.fr/" audience="Particuliers" type="Outil de recherche"><Titre>Rechercher un rendez-vous pour une demande de passeport</Titre><Source ID="R30628">Agence nationale des titres sécurisés (ANTS)</Source></ServiceEnLigne><Paragraphe>Vous pouvez préparer la démarche en faisant une <MiseEnEvidence>pré-demande en ligne</MiseEnEvidence>, mais ce n'est pas une obligation.</Paragraphe><Paragraphe>La pré-demande vous permet de gagner du temps lors du dépôt du dossier.</Paragraphe><ServiceEnLigne ID="R62484" URL="https://passeport.ants.gouv.fr/demarches-en-ligne/effectuer-le-renouvellement-de-votre-passeport" audience="Particuliers" type="Téléservice"><Titre>Pré-demande de renouvellement de passeport</Titre><Source ID="R30628">Agence nationale des titres sécurisés (ANTS)</Source><Introduction><Texte><Paragraphe>Accessible avec un compte ANTS ou via <LienIntra LienID="R48788" type="Définition de glossaire">France Connect</LienIntra>.</Paragraphe></Texte></Introduction></ServiceEnLigne><Paragraphe>Vous devez ensuite vous rendre à la mairie avec les documents justificatifs.</Paragraphe></Chapitre><Chapitre type="pieces"><Titre><Paragraphe>Documents à fournir</Paragraphe></Titre><FragmentConditionne><Condition><estVrai var="T10010"/></Condition><Paragraphe>Les pièces à fournir dépendent de type de passeport qui a été volé.</Paragraphe></FragmentConditionne><Paragraphe>Il faut présenter les documents <MiseEnEvidence>originaux</MiseEnEvidence>.</Paragraphe><BlocCas affichage="radio"><Cas><Titre>Si le passeport volé était biométrique</Titre><Condition><estVrai var="T10710"/></Condition><Liste type="puce"><Item><Paragraphe>Photo d'identité de moins de 6 mois et <LienInterne LienPublication="F10619" type="Fiche Question-réponse conditionnée" audience="Particuliers">conforme aux normes</LienInterne></Paragraphe></Item><Item><Paragraphe>Timbre fiscal (<LienInterne LienPublication="F21258" type="Fiche Question-réponse conditionnée" audience="Particuliers">achat sur internet ou dans un bureau de tabac</LienInterne>) : <LienInterne LienPublication="F34752" type="Fiche Question-réponse conditionnée" audience="Particuliers">montant variable</LienInterne> selon l'âge</Paragraphe></Item><Item><Paragraphe><LienInterne LienPublication="F32675" type="Fiche Question-réponse conditionnée" audience="Particuliers">Justificatif du domicile</LienInterne></Paragraphe></Item><Item><Paragraphe>Pièce d'identité du parent qui fait la demande</Paragraphe></Item><Item><Paragraphe>Si vous avez fait la <LienInterne LienPublication="R42946" type="Téléservice" audience="Particuliers">pré-demande</LienInterne>, numéro et/ou QR code obtenus (si vous n'avez pas fait de pré-demande, vous devrez remplir et signer le formulaire cartonné qui vous sera remis au guichet)</Paragraphe></Item></Liste><Liste type="puce"><Item><Paragraphe>Déclaration de vol</Paragraphe></Item></Liste></Cas><Cas><Titre>S'il s'agissait d'un ancien modèle</Titre><Condition><estVrai var="T10711"/></Condition><BlocCas affichage="radio"><Cas><Titre>L'enfant a une carte d'identité valide</Titre><Condition><estVrai var="T10685"/></Condition><Liste type="puce"><Item><Paragraphe>Carte d'identité</Paragraphe></Item></Liste><Liste type="puce"><Item><Paragraphe>Photo d'identité de moins de 6 mois et <LienInterne LienPublication="F10619" type="Fiche Question-réponse conditionnée" audience="Particuliers">conforme aux normes</LienInterne></Paragraphe></Item><Item><Paragraphe>Timbre fiscal (<LienInterne LienPublication="F21258" type="Fiche Question-réponse conditionnée" audience="Particuliers">achat sur internet ou dans un bureau de tabac</LienInterne>) : <LienInterne LienPublication="F34752" type="Fiche Question-réponse conditionnée" audience="Particuliers">montant variable</LienInterne> selon l'âge</Paragraphe></Item><Item><Paragraphe><LienInterne LienPublication="F32675" type="Fiche Question-réponse conditionnée" audience="Particuliers">Justificatif du domicile</LienInterne></Paragraphe></Item><Item><Paragraphe>Pièce d'identité du parent qui fait la demande</Paragraphe></Item><Item><Paragraphe>Si vous avez fait la <LienInterne LienPublication="R42946" type="Téléservice" audience="Particuliers">pré-demande</LienInterne>, numéro et/ou QR code obtenus (si vous n'avez pas fait de pré-demande, vous devrez remplir et signer le formulaire cartonné qui vous sera remis au guichet)</Paragraphe></Item></Liste><Liste type="puce"><Item><Paragraphe>Déclaration de vol</Paragraphe></Item></Liste></Cas><Cas><Titre>L'enfant a une carte d'identité périmée</Titre><Condition><estVrai var="T10695"/></Condition><BlocCas affichage="radio"><Cas><Titre>Date d'expiration de la carte : moins de 5 ans</Titre><Condition><estVrai var="T10694"/></Condition><Liste type="puce"><Item><Paragraphe>Carte d'identité</Paragraphe></Item></Liste><Liste type="puce"><Item><Paragraphe>Photo d'identité de moins de 6 mois et <LienInterne LienPublication="F10619" type="Fiche Question-réponse conditionnée" audience="Particuliers">conforme aux normes</LienInterne></Paragraphe></Item><Item><Paragraphe>Timbre fiscal (<LienInterne LienPublication="F21258" type="Fiche Question-réponse conditionnée" audience="Particuliers">achat sur internet ou dans un bureau de tabac</LienInterne>) : <LienInterne LienPublication="F34752" type="Fiche Question-réponse conditionnée" audience="Particuliers">montant variable</LienInterne> selon l'âge</Paragraphe></Item><Item><Paragraphe><LienInterne LienPublication="F32675" type="Fiche Question-réponse conditionnée" audience="Particuliers">Justificatif du domicile</LienInterne></Paragraphe></Item><Item><Paragraphe>Pièce d'identité du parent qui fait la demande</Paragraphe></Item><Item><Paragraphe>Si vous avez fait la <LienInterne LienPublication="R42946" type="Téléservice" audience="Particuliers">pré-demande</LienInterne>, numéro et/ou QR code obtenus (si vous n'avez pas fait de pré-demande, vous devrez remplir et signer le formulaire cartonné qui vous sera remis au guichet)</Paragraphe></Item></Liste><Liste type="puce"><Item><Paragraphe>Déclaration de vol</Paragraphe></Item></Liste></Cas><Cas><Titre>Date d'expiration de la carte : + de 5 ans</Titre><Condition><estVrai var="T10686"/></Condition><Liste type="puce"><Item><Paragraphe>Déclaration de vol</Paragraphe></Item></Liste><Liste type="puce"><Item><Paragraphe>Photo d'identité de moins de 6 mois et <LienInterne LienPublication="F10619" type="Fiche Question-réponse conditionnée" audience="Particuliers">conforme aux normes</LienInterne></Paragraphe></Item><Item><Paragraphe>Timbre fiscal (<LienInterne LienPublication="F21258" type="Fiche Question-réponse conditionnée" audience="Particuliers">achat sur internet ou dans un bureau de tabac</LienInterne>) : <LienInterne LienPublication="F34752" type="Fiche Question-réponse conditionnée" audience="Particuliers">montant variable</LienInterne> selon l'âge</Paragraphe></Item><Item><Paragraphe><LienInterne LienPublication="F32675" type="Fiche Question-réponse conditionnée" audience="Particuliers">Justificatif du domicile</LienInterne></Paragraphe></Item><Item><Paragraphe>Pièce d'identité du parent qui fait la demande</Paragraphe></Item><Item><Paragraphe>Si vous avez fait la <LienInterne LienPublication="R42946" type="Téléservice" audience="Particuliers">pré-demande</LienInterne>, numéro et/ou QR code obtenus (si vous n'avez pas fait de pré-demande, vous devrez remplir et signer le formulaire cartonné qui vous sera remis au guichet)</Paragraphe></Item></Liste><Liste type="puce"><Item><Paragraphe>Vérifiez si <LienExterne URL="https://passeport.ants.gouv.fr/services/villes-adherentes-a-la-dematerialisation">l'état civil du lieu de naissance est dématérialisé</LienExterne>. Si ce n'est pas le cas, il faut fournir un <LienInterne LienPublication="R1406" type="Téléservice" audience="Particuliers">acte de naissance (copie intégrale ou extrait avec filiation)</LienInterne> de <MiseEnEvidence>moins de 3 mois</MiseEnEvidence>.</Paragraphe></Item><Item><Paragraphe><LienInterne LienPublication="F18713" type="Fiche Question-réponse conditionnée" audience="Particuliers">Justificatif de nationalité française</LienInterne> si vous vous trouvez dans une situation particulière (naissance à l'étranger de parents nés à l'étranger par exemple)</Paragraphe></Item></Liste></Cas></BlocCas></Cas><Cas><Titre>L'enfant n'a pas de carte d'identité</Titre><Condition><estVrai var="T10691"/></Condition><Liste type="puce"><Item><Paragraphe>Déclaration de vol</Paragraphe></Item></Liste><Liste type="puce"><Item><Paragraphe>Photo d'identité de moins de 6 mois et <LienInterne LienPublication="F10619" type="Fiche Question-réponse conditionnée" audience="Particuliers">conforme aux normes</LienInterne></Paragraphe></Item><Item><Paragraphe>Timbre fiscal (<LienInterne LienPublication="F21258" type="Fiche Question-réponse conditionnée" audience="Particuliers">achat sur internet ou dans un bureau de tabac</LienInterne>) : <LienInterne LienPublication="F34752" type="Fiche Question-réponse conditionnée" audience="Particuliers">montant variable</LienInterne> selon l'âge</Paragraphe></Item><Item><Paragraphe><LienInterne LienPublication="F32675" type="Fiche Question-réponse conditionnée" audience="Particuliers">Justificatif du domicile</LienInterne></Paragraphe></Item><Item><Paragraphe>Pièce d'identité du parent qui fait la demande</Paragraphe></Item><Item><Paragraphe>Si vous avez fait la <LienInterne LienPublication="R42946" type="Téléservice" audience="Particuliers">pré-demande</LienInterne>, numéro et/ou QR code obtenus (si vous n'avez pas fait de pré-demande, vous devrez remplir et signer le formulaire cartonné qui vous sera remis au guichet)</Paragraphe></Item></Liste><Liste type="puce"><Item><Paragraphe>Vérifiez si <LienExterne URL="https://passeport.ants.gouv.fr/services/villes-adherentes-a-la-dematerialisation">l'état civil du lieu de naissance est dématérialisé</LienExterne>. Si ce n'est pas le cas, il faut fournir un <LienInterne LienPublication="R1406" type="Téléservice" audience="Particuliers">acte de naissance (copie intégrale ou extrait avec filiation)</LienInterne> de <MiseEnEvidence>moins de 3 mois</MiseEnEvidence>.</Paragraphe></Item><Item><Paragraphe><LienInterne LienPublication="F18713" type="Fiche Question-réponse conditionnée" audience="Particuliers">Justificatif de nationalité française</LienInterne> si vous vous trouvez dans une situation particulière (naissance à l'étranger de parents nés à l'étranger par exemple)</Paragraphe></Item></Liste></Cas></BlocCas></Cas></BlocCas><ASavoir><Titre>À savoir</Titre><Paragraphe>si vous souhaitez que l'enfant utilise un nom d'usage (double-nom), d'autres documents peuvent être réclamés pour justifier <LienInterne LienPublication="F1343" type="Fiche d'information conditionnée" audience="Particuliers">l'utilisation du nom de l'autre parent</LienInterne>.</Paragraphe></ASavoir></Chapitre><Chapitre><Titre><Paragraphe>Coût</Paragraphe></Titre><BlocCas affichage="radio"><Cas><Titre>Cas général</Titre><Condition><estVrai var="T10635"/></Condition><Liste type="puce"><Item><Paragraphe>Jusqu'à 14 ans : <Valeur>17 €</Valeur></Paragraphe></Item><Item><Paragraphe>Entre 15 et 17 ans : <Valeur>42 €</Valeur></Paragraphe></Item></Liste><ServiceEnLigne ID="R39812" URL="https://timbres.impots.gouv.fr/pages/achat/choixTimbres.jsp" audience="Particuliers" type="Téléservice"><Titre>Achat en ligne du timbre fiscal - Passeport</Titre><Source ID="R30612">Ministère chargé des finances</Source><Introduction><Texte><Paragraphe>Se munir d'une carte bancaire</Paragraphe></Texte></Introduction></ServiceEnLigne></Cas><Cas><Titre>En Guyane</Titre><Condition><estVrai var="T10631"/></Condition><Liste type="puce"><Item><Paragraphe>Jusqu'à 14 ans : <Valeur>8,50 €</Valeur></Paragraphe></Item><Item><Paragraphe>Entre 15 et 17 ans : <Valeur>21 €</Valeur></Paragraphe></Item></Liste><ServiceEnLigne ID="R39812" URL="https://timbres.impots.gouv.fr/pages/achat/choixTimbres.jsp" audience="Particuliers" type="Téléservice"><Titre>Achat en ligne du timbre fiscal - Passeport</Titre><Source ID="R30612">Ministère chargé des finances</Source><Introduction><Texte><Paragraphe>Se munir d'une carte bancaire</Paragraphe></Texte></Introduction></ServiceEnLigne></Cas><Cas><Titre>À Mayotte</Titre><Condition><estVrai var="T10633"/></Condition><Liste type="puce"><Item><Paragraphe><MiseEnEvidence>Jusqu'à 14 ans</MiseEnEvidence>, le passeport coûte <Valeur>17 €</Valeur> si vous fournissez la photo.</Paragraphe><Paragraphe>S'il n'existe pas de photographe professionnel, la photo peut être est prise au guichet. Dans ce cas, le passeport coûte <Valeur>20 €</Valeur>.</Paragraphe></Item><Item><Paragraphe><MiseEnEvidence>Entre 15 et 17 ans</MiseEnEvidence>, le passeport coûte <Valeur>42 €</Valeur> si vous fournissez la photo.</Paragraphe><Paragraphe>S'il n'existe pas de photographe professionnel, la photo peut être est prise au guichet. Dans ce cas, le passeport coûte <Valeur>45 €</Valeur>.</Paragraphe></Item></Liste><ServiceEnLigne ID="R39812" URL="https://timbres.impots.gouv.fr/pages/achat/choixTimbres.jsp" audience="Particuliers" type="Téléservice"><Titre>Achat en ligne du timbre fiscal - Passeport</Titre><Source ID="R30612">Ministère chargé des finances</Source><Introduction><Texte><Paragraphe>Se munir d'une carte bancaire</Paragraphe></Texte></Introduction></ServiceEnLigne></Cas></BlocCas></Chapitre><Chapitre ID="R41843"><Titre><Paragraphe>Quel est le délai de fabrication du passeport ?</Paragraphe></Titre><Paragraphe>Le passeport n'est pas fabriqué sur place. Il ne peut donc pas être délivré immédiatement.</Paragraphe><Paragraphe>Les délais de fabrication dépendent du lieu et de la période de la demande. Par exemple, à l'approche des vacances d'été, les délais peuvent être plus longs.</Paragraphe><Paragraphe>Si vous avez indiqué un numéro de téléphone portable lors de votre demande, vous recevez un SMS quand le passeport est disponible.</Paragraphe><Paragraphe>Vous pouvez aussi suivre l'état d'avancement de votre demande sur le site de l'<LienInterne LienPublication="R50821" type="Sigle">ANTS</LienInterne> :</Paragraphe><ServiceEnLigne ID="R1827" URL="https://passeport.ants.gouv.fr/demarches-en-ligne" audience="Particuliers" type="Téléservice"><Titre>Suivez votre demande de passeport</Titre><Source ID="R30628">Agence nationale des titres sécurisés (ANTS)</Source><Introduction><Texte><Paragraphe>Se munir du numéro de demande fourni au dépôt du dossier.</Paragraphe></Texte></Introduction></ServiceEnLigne></Chapitre><Chapitre><Titre><Paragraphe>Retrait du passeport</Paragraphe></Titre><BlocCas affichage="radio"><Cas><Titre>Avant 12 ans</Titre><Paragraphe>Le responsable doit se présenter au guichet pour récupérer le passeport.</Paragraphe><Paragraphe>Il signe le passeport sur place accompagné de la mention <Expression>le père</Expression>, <Expression>la mère</Expression> ou <Expression>le tuteur</Expression>.</Paragraphe><Paragraphe>Le passeport doit être retiré dans les <MiseEnEvidence>3 mois</MiseEnEvidence> de sa mise à disposition. Passé ce délai, le passeport est détruit.</Paragraphe><Paragraphe>Le passeport d'un mineur est valable pendant <MiseEnEvidence>5 ans</MiseEnEvidence>.</Paragraphe></Cas><Cas><Titre>Entre 12 et 13 ans</Titre><Paragraphe>Le responsable doit se présenter au guichet <MiseEnEvidence>avec son enfant</MiseEnEvidence> pour récupérer le passeport.</Paragraphe><Paragraphe>Le responsable signe le passeport sur place accompagné de la mention <Expression>le père</Expression>, <Expression>la mère</Expression> ou <Expression>le tuteur</Expression>.</Paragraphe><Paragraphe>Le passeport doit être retiré dans les <MiseEnEvidence>3 mois</MiseEnEvidence> de sa mise à disposition. Passé ce délai, le passeport est détruit.</Paragraphe><Paragraphe>Le passeport d'un mineur est valable pendant <MiseEnEvidence>5 ans</MiseEnEvidence>.</Paragraphe><Paragraphe>S'il devient majeur avant sa date d'expiration, il peut continuer à l'utiliser et n'a pas besoin de demander un nouveau passeport.</Paragraphe></Cas><Cas><Titre>À partir de 13 ans</Titre><Paragraphe>Le responsable doit se présenter au guichet <MiseEnEvidence>avec son enfant</MiseEnEvidence> pour récupérer le passeport.</Paragraphe><Paragraphe>Si son responsable est d'accord, l'enfant peut signer le passeport.</Paragraphe><Paragraphe>Sinon, c'est le responsable qui appose sa signature accompagnée de la mention <Expression>le père</Expression>, <Expression>la mère</Expression> ou <Expression>le tuteur</Expression>.</Paragraphe><Paragraphe>Le passeport doit être retiré dans les <MiseEnEvidence>3 mois</MiseEnEvidence> de sa mise à disposition. Passé ce délai, le passeport est détruit.</Paragraphe><Paragraphe>Le passeport d'un mineur est valable pendant <MiseEnEvidence>5 ans</MiseEnEvidence>.</Paragraphe><Paragraphe>S'il devient majeur avant sa date d'expiration, il peut continuer à l'utiliser et n'a pas besoin de demander un nouveau passeport.</Paragraphe></Cas></BlocCas></Chapitre><Chapitre><Titre><Paragraphe>Durée de validité</Paragraphe></Titre><Paragraphe>Le passeport d'un mineur est valable pendant <MiseEnEvidence>5 ans</MiseEnEvidence>.</Paragraphe><Paragraphe>S'il devient majeur avant sa date d'expiration, il peut continuer à l'utiliser et n'a pas besoin de demander un nouveau passeport.</Paragraphe></Chapitre></Texte></Situation><Situation><Titre>À l'étranger</Titre><Condition><estVrai var="T10580"/></Condition><Texte><Chapitre><Titre><Paragraphe>Déclaration de vol</Paragraphe></Titre><BlocCas affichage="radio"><Cas><Titre>Si le vol a eu lieu à l'étranger</Titre><Condition><estVrai var="T11719"/></Condition><Paragraphe>Il faut d'abord s'adresser <MiseEnEvidence>aux autorités de police locales</MiseEnEvidence>.</Paragraphe><Paragraphe>Ensuite, il faut se rendre en personne <MiseEnEvidence>à l’ambassade ou au consulat</MiseEnEvidence> le plus proche pour faire enregistrer la déclaration. L’ambassade ou le consulat vous remet alors un exemplaire de la déclaration de vol. Le document devra être présenté lors du renouvellement de votre document d’identité en France.</Paragraphe><OuSAdresser ID="R2750" sve="non" type="Local personnalisable"><Titre>Ambassade ou consulat français à l'étranger</Titre><PivotLocal>ambassade_france_etranger</PivotLocal><RessourceWeb URL="https://www.diplomatie.gouv.fr/fr/le-ministere-et-son-reseau/annuaires-et-adresses-du-ministere-de-l-europe-et-des-affaires-etrangeres-meae/ambassades-et-consulats-francais-a-l-etranger/"/></OuSAdresser><Attention><Titre>Attention</Titre><Paragraphe>Il n'est pas possible de demander la délivrance de la déclaration de vol à l'ambassade ou au consulat une fois que vous êtes revenu en France.</Paragraphe></Attention></Cas><Cas><Titre>Si le vol a eu lieu en France</Titre><Condition><estVrai var="T11373"/></Condition><Paragraphe>il faut se rendre dans un commissariat de police ou une gendarmerie.</Paragraphe><Paragraphe>Un récépissé vous sera remis.</Paragraphe><OuSAdresser ID="R13" sve="non" type="Local personnalisé sur SP"><Titre>Commissariat</Titre><PivotLocal>commissariat_police</PivotLocal><RessourceWeb URL="http://www.interieur.gouv.fr/Contact/Contacter-une-brigade-de-gendarmerie-ou-un-commissariat-de-police"/></OuSAdresser><OuSAdresser ID="R59967" sve="non" type="Local personnalisé sur SP"><Titre>Gendarmerie</Titre><PivotLocal>gendarmerie</PivotLocal><RessourceWeb URL="http://www.interieur.gouv.fr/Contact/Contacter-une-brigade-de-gendarmerie-ou-un-commissariat-de-police"/></OuSAdresser></Cas></BlocCas></Chapitre><Chapitre><Titre><Paragraphe>Où et comment demander un nouveau passeport ?</Paragraphe></Titre><Paragraphe>Le mineur et son responsable doivent se présenter <MiseEnEvidence>ensemble</MiseEnEvidence> au guichet. Leur présence est indispensable.</Paragraphe><Paragraphe>Le responsable doit exercer <LienInterne LienPublication="F18605" type="Fiche Question-réponse conditionnée" audience="Particuliers">l'autorité parentale</LienInterne>. Il peut s'agir du père, de la mère ou du tuteur. Il doit présenter sa propre pièce d'identité.</Paragraphe><OuSAdresser ID="R2750" sve="non" type="Local personnalisable"><Titre>Ambassade ou consulat français à l'étranger</Titre><PivotLocal>ambassade_france_etranger</PivotLocal><RessourceWeb URL="https://www.diplomatie.gouv.fr/fr/le-ministere-et-son-reseau/annuaires-et-adresses-du-ministere-de-l-europe-et-des-affaires-etrangeres-meae/ambassades-et-consulats-francais-a-l-etranger/"/></OuSAdresser><Attention><Titre>Attention</Titre><Paragraphe>le service peut exiger que le dépôt du dossier se fasse uniquement sur rendez-vous.</Paragraphe></Attention></Chapitre><Chapitre><Titre><Paragraphe>Choix du mode de retrait</Paragraphe></Titre><BlocCas affichage="radio"><Cas><Titre>En Europe</Titre><Paragraphe>Dans <LienIntra LienID="R49824" type="Définition de glossaire">la majorité des pays</LienIntra>, vous pouvez demander à ce que le passeport vous soit envoyé par courrier. Mais il faut être inscrit au registre des Français de l'étranger du même pays, avoir une adresse mail et pouvoir transmettre des fichiers par internet.</Paragraphe><Paragraphe>Si vous demandez l'envoi par courrier, il faut fournir au moment du dépôt du dossier, en plus des pièces justificatives nécessaires, une enveloppe affranchie achetée auprès du prestataire habilité dans le pays. Il faut se renseigner auprès du consulat pour connaître le prestataire habilité, la taille de l'enveloppe à fournir et l’affranchissement nécessaire.</Paragraphe><Paragraphe>Si vous n'indiquez rien au moment du dépôt du dossier, vous devrez retirer le passeport au lieu du dépôt du dossier.</Paragraphe><Paragraphe>Si vous préférez le retirer auprès d'un <LienExterne URL="https://www.legifrance.gouv.fr/jorf/id/JORFTEXT000043466325">consul honoraire habilité</LienExterne>, il faut l'indiquer au guichet au moment du dépôt du dossier.</Paragraphe></Cas><Cas><Titre>Ailleurs</Titre><Paragraphe>Si vous n'indiquez rien au moment du dépôt du dossier, il faudra retirer le passeport au lieu du dépôt du dossier.</Paragraphe><Paragraphe>Si vous préférez le retirer auprès d'un <LienExterne URL="https://www.legifrance.gouv.fr/jorf/id/JORFTEXT000043466325">consul honoraire habilité</LienExterne>, il faut l'indiquer au guichet au moment du dépôt du dossier.</Paragraphe><Paragraphe>Dans <LienIntra LienID="R49794" type="Définition de glossaire">certains pays</LienIntra>, vous pouvez demander à ce que le passeport vous soit envoyé par courrier. Mais il faut être inscrit au registre des Français de l'étranger du même pays, avoir une adresse mail et pouvoir transmettre des fichiers par internet.</Paragraphe><Paragraphe>Dans ce cas, au moment du dépôt du dossier, il faut fournir, en plus des pièces justificatives nécessaires, une enveloppe affranchie achetée auprès du prestataire habilité dans le pays. Il faut se renseigner auprès du consulat pour connaître le prestataire habilité, la taille de l'enveloppe à fournir et l'affranchissement nécessaire.</Paragraphe></Cas></BlocCas></Chapitre><Chapitre><Titre><Paragraphe>Pièces à fournir</Paragraphe></Titre><FragmentConditionne><Condition><estVrai var="T10010"/></Condition><Paragraphe>Les pièces à fournir dépendent de type de passeport qui a été volé.</Paragraphe></FragmentConditionne><Paragraphe>Il faut présenter les documents <MiseEnEvidence>originaux</MiseEnEvidence>.</Paragraphe><BlocCas affichage="radio"><Cas><Titre>Si le passeport volé était biométrique</Titre><Condition><estVrai var="T10710"/></Condition><Liste type="puce"><Item><Paragraphe>Photo d'identité de moins de 6 mois et <LienInterne LienPublication="F10619" type="Fiche Question-réponse conditionnée" audience="Particuliers">conforme aux normes</LienInterne></Paragraphe></Item><Item><Paragraphe><LienInterne LienPublication="F34752" type="Fiche Question-réponse conditionnée" audience="Particuliers">Montant du passeport</LienInterne>, qui est variable selon l'âge du mineur</Paragraphe></Item><Item><Paragraphe><LienInterne LienPublication="F32675" type="Fiche Question-réponse conditionnée" audience="Particuliers">Justificatif du domicile</LienInterne></Paragraphe></Item><Item><Paragraphe>Pièce d'identité du parent qui fait la demande</Paragraphe></Item></Liste><Liste type="puce"><Item><Paragraphe>Déclaration de vol</Paragraphe></Item></Liste></Cas><Cas><Titre>S'il s'agissait d'un ancien modèle</Titre><Condition><estVrai var="T10711"/></Condition><BlocCas affichage="radio"><Cas><Titre>L'enfant a une carte d'identité valide</Titre><Condition><estVrai var="T10685"/></Condition><Liste type="puce"><Item><Paragraphe>Carte d'identité</Paragraphe></Item></Liste><Liste type="puce"><Item><Paragraphe>Photo d'identité de moins de 6 mois et <LienInterne LienPublication="F10619" type="Fiche Question-réponse conditionnée" audience="Particuliers">conforme aux normes</LienInterne></Paragraphe></Item><Item><Paragraphe><LienInterne LienPublication="F34752" type="Fiche Question-réponse conditionnée" audience="Particuliers">Montant du passeport</LienInterne>, qui est variable selon l'âge du mineur</Paragraphe></Item><Item><Paragraphe><LienInterne LienPublication="F32675" type="Fiche Question-réponse conditionnée" audience="Particuliers">Justificatif du domicile</LienInterne></Paragraphe></Item><Item><Paragraphe>Pièce d'identité du parent qui fait la demande</Paragraphe></Item></Liste><Liste type="puce"><Item><Paragraphe>Déclaration de vol</Paragraphe></Item></Liste></Cas><Cas><Titre>L'enfant a une carte d'identité périmée</Titre><Condition><estVrai var="T10695"/></Condition><BlocCas affichage="radio"><Cas><Titre>Date d'expiration de la carte : moins de 5 ans</Titre><Condition><estVrai var="T10694"/></Condition><Liste type="puce"><Item><Paragraphe>Carte d'identité</Paragraphe></Item></Liste><Liste type="puce"><Item><Paragraphe>Photo d'identité de moins de 6 mois et <LienInterne LienPublication="F10619" type="Fiche Question-réponse conditionnée" audience="Particuliers">conforme aux normes</LienInterne></Paragraphe></Item><Item><Paragraphe><LienInterne LienPublication="F34752" type="Fiche Question-réponse conditionnée" audience="Particuliers">Montant du passeport</LienInterne>, qui est variable selon l'âge du mineur</Paragraphe></Item><Item><Paragraphe><LienInterne LienPublication="F32675" type="Fiche Question-réponse conditionnée" audience="Particuliers">Justificatif du domicile</LienInterne></Paragraphe></Item><Item><Paragraphe>Pièce d'identité du parent qui fait la demande</Paragraphe></Item></Liste><Liste type="puce"><Item><Paragraphe>Déclaration de vol</Paragraphe></Item></Liste></Cas><Cas><Titre>Date d'expiration de la carte : + de 5 ans</Titre><Condition><estVrai var="T10686"/></Condition><Liste type="puce"><Item><Paragraphe>Photo d'identité de moins de 6 mois et <LienInterne LienPublication="F10619" type="Fiche Question-réponse conditionnée" audience="Particuliers">conforme aux normes</LienInterne></Paragraphe></Item><Item><Paragraphe><LienInterne LienPublication="F34752" type="Fiche Question-réponse conditionnée" audience="Particuliers">Montant du passeport</LienInterne>, qui est variable selon l'âge du mineur</Paragraphe></Item><Item><Paragraphe><LienInterne LienPublication="F32675" type="Fiche Question-réponse conditionnée" audience="Particuliers">Justificatif du domicile</LienInterne></Paragraphe></Item><Item><Paragraphe>Pièce d'identité du parent qui fait la demande</Paragraphe></Item></Liste><Liste type="puce"><Item><Paragraphe>Déclaration de vol</Paragraphe></Item></Liste><Liste type="puce"><Item><Paragraphe>Vérifiez si <LienExterne URL="https://passeport.ants.gouv.fr/services/villes-adherentes-a-la-dematerialisation">l'état civil du lieu de naissance est dématérialisé</LienExterne>. Si ce n'est pas le cas, il faut fournir un <LienInterne LienPublication="R1406" type="Téléservice" audience="Particuliers">acte de naissance (copie intégrale ou extrait avec filiation)</LienInterne> de <MiseEnEvidence>moins de 3 mois</MiseEnEvidence>.</Paragraphe></Item><Item><Paragraphe><LienInterne LienPublication="F18713" type="Fiche Question-réponse conditionnée" audience="Particuliers">Justificatif de nationalité française</LienInterne> si vous vous trouvez dans une situation particulière (naissance à l'étranger de parents nés à l'étranger par exemple)</Paragraphe></Item></Liste></Cas></BlocCas></Cas><Cas><Titre>L'enfant n'a pas de carte d'identité</Titre><Condition><estVrai var="T10691"/></Condition><Liste type="puce"><Item><Paragraphe>Photo d'identité de moins de 6 mois et <LienInterne LienPublication="F10619" type="Fiche Question-réponse conditionnée" audience="Particuliers">conforme aux normes</LienInterne></Paragraphe></Item><Item><Paragraphe><LienInterne LienPublication="F34752" type="Fiche Question-réponse conditionnée" audience="Particuliers">Montant du passeport</LienInterne>, qui est variable selon l'âge du mineur</Paragraphe></Item><Item><Paragraphe><LienInterne LienPublication="F32675" type="Fiche Question-réponse conditionnée" audience="Particuliers">Justificatif du domicile</LienInterne></Paragraphe></Item><Item><Paragraphe>Pièce d'identité du parent qui fait la demande</Paragraphe></Item></Liste><Liste type="puce"><Item><Paragraphe>Déclaration de vol</Paragraphe></Item></Liste><Liste type="puce"><Item><Paragraphe>Vérifiez si <LienExterne URL="https://passeport.ants.gouv.fr/services/villes-adherentes-a-la-dematerialisation">l'état civil du lieu de naissance est dématérialisé</LienExterne>. Si ce n'est pas le cas, il faut fournir un <LienInterne LienPublication="R1406" type="Téléservice" audience="Particuliers">acte de naissance (copie intégrale ou extrait avec filiation)</LienInterne> de <MiseEnEvidence>moins de 3 mois</MiseEnEvidence>.</Paragraphe></Item><Item><Paragraphe><LienInterne LienPublication="F18713" type="Fiche Question-réponse conditionnée" audience="Particuliers">Justificatif de nationalité française</LienInterne> si vous vous trouvez dans une situation particulière (naissance à l'étranger de parents nés à l'étranger par exemple)</Paragraphe></Item></Liste></Cas></BlocCas></Cas></BlocCas><ASavoir><Titre>À savoir</Titre><Paragraphe>si vous souhaitez que l'enfant utilise un nom d'usage (double-nom), d'autres documents peuvent être réclamés pour justifier <LienInterne LienPublication="F1343" type="Fiche d'information conditionnée" audience="Particuliers">l'utilisation du nom de l'autre parent</LienInterne>.</Paragraphe></ASavoir></Chapitre><Chapitre><Titre><Paragraphe>Coût</Paragraphe></Titre><Liste type="puce"><Item><Paragraphe>Jusqu'à 14 ans : <Valeur>27 €</Valeur></Paragraphe></Item><Item><Paragraphe>Entre 15 et 17 ans : <Valeur>52 €</Valeur></Paragraphe></Item></Liste><Paragraphe>Vous pouvez régler en espèces. Certains consulats acceptent aussi le paiement par carte bancaire, chèque ou virement. Consultez le site internet du consulat pour savoir comment payer.</Paragraphe><ASavoir><Titre>À savoir</Titre><Paragraphe>en Guinée Équatoriale (poste de Malabo) et en Mauritanie (poste de Nouakchott), la photo est prise au guichet. Jusqu'à 14 ans, le passeport coûte <Valeur>30 €</Valeur>. Entre 15 et 17 ans, il coûte <Valeur>55 €</Valeur>.</Paragraphe></ASavoir></Chapitre><Chapitre><Titre><Paragraphe>Délai de fabrication</Paragraphe></Titre><Paragraphe>Le passeport n'est pas fabriqué sur place. Il ne peut donc pas être délivré immédiatement.</Paragraphe><Paragraphe>Les délais de fabrication dépendent du lieu et de la période de la demande.</Paragraphe><Paragraphe>Si vous avez indiqué un numéro de téléphone portable sur le formulaire de demande, vous recevez un SMS lorsque le passeport est disponible.</Paragraphe><Paragraphe>Vous pouvez suivre en ligne l'état d'avancement de votre demande :</Paragraphe><ServiceEnLigne ID="R1827" URL="https://passeport.ants.gouv.fr/demarches-en-ligne" audience="Particuliers" type="Téléservice"><Titre>Suivez votre demande de passeport</Titre><Source ID="R30628">Agence nationale des titres sécurisés (ANTS)</Source><Introduction><Texte><Paragraphe>Se munir du numéro de demande fourni au dépôt du dossier.</Paragraphe></Texte></Introduction></ServiceEnLigne></Chapitre><Chapitre><Titre><Paragraphe>Récupération du passeport</Paragraphe></Titre><Paragraphe>Le passeport qui est délivré est un passeport <MiseEnEvidence>biométrique</MiseEnEvidence>.</Paragraphe><BlocCas affichage="radio"><Cas><Titre>Sur place</Titre><BlocCas affichage="radio"><Cas><Titre>Avant 12 ans</Titre><Paragraphe>Le responsable doit se présenter au lieu de dépôt du dossier ou auprès d'un <LienExterne URL="https://www.legifrance.gouv.fr/jorf/id/JORFTEXT000043466325">consul honoraire habilité</LienExterne> pour récupérer le passeport.</Paragraphe><Paragraphe>Il signe le passeport sur place accompagné de la mention <Expression>le père</Expression>, <Expression>la mère</Expression> ou <Expression>le tuteur</Expression>.</Paragraphe></Cas><Cas><Titre>Entre 12 et 13 ans</Titre><Paragraphe>Le responsable doit se présenter au lieu de dépôt du dossier ou auprès d'un <LienExterne URL="https://www.legifrance.gouv.fr/jorf/id/JORFTEXT000043466325">consul honoraire habilité</LienExterne> <MiseEnEvidence>avec son enfant</MiseEnEvidence> pour récupérer le passeport.</Paragraphe><Paragraphe>Le responsable signe le passeport sur place accompagné de la mention <Expression>le père</Expression>, <Expression>la mère</Expression> ou <Expression>le tuteur</Expression>.</Paragraphe></Cas><Cas><Titre>À partir de 13 ans</Titre><Paragraphe>Le responsable doit se présenter au au lieu de dépôt du dossier ou auprès d'un <LienExterne URL="https://www.legifrance.gouv.fr/jorf/id/JORFTEXT000043466325">consul honoraire habilité</LienExterne> <MiseEnEvidence>avec son enfant</MiseEnEvidence> pour récupérer le passeport.</Paragraphe><Paragraphe>Si son responsable est d'accord, l'enfant peut signer le passeport.</Paragraphe><Paragraphe>Sinon, c'est le responsable qui appose sa signature accompagnée de la mention <Expression>le père</Expression>, <Expression>la mère</Expression> ou <Expression>le tuteur</Expression>.</Paragraphe></Cas></BlocCas></Cas><Cas><Titre>Par courrier</Titre><Paragraphe>Au moment du dépôt du dossier, si vous avez demandé à recevoir le passeport par courrier, vous recevez un mail de notification d'envoi dans lequel figure un code secret.</Paragraphe><Paragraphe>Dès que vous recevez votre passeport, vous devez en accuser la réception sur le téléservice suivant :</Paragraphe><ServiceEnLigne ID="R49796" URL="https://telereception-passeport.ants.gouv.fr/" audience="Particuliers" type="Téléservice"><Titre>Accusez réception de votre passeport</Titre><Source ID="R30628">Agence nationale des titres sécurisés (ANTS)</Source><Introduction><Texte><Paragraphe>Se munir du numéro du passeport, du code secret reçu par courriel et du scan de l'attestation de remise datée et signée</Paragraphe></Texte></Introduction></ServiceEnLigne></Cas></BlocCas></Chapitre><Chapitre><Titre><Paragraphe>Durée de validité</Paragraphe></Titre><Paragraphe>Le passeport d'un mineur est valable pendant <MiseEnEvidence>5 ans</MiseEnEvidence>.</Paragraphe><Paragraphe>S'il devient majeur avant sa date d'expiration, il peut continuer à l'utiliser et n'a pas besoin de demander un nouveau passeport.</Paragraphe></Chapitre></Texte></Situation></ListeSituations><QuiPeutMAider ID="R55753" sve="non" type="Local personnalisé sur SP"><Titre>France Services / Maison de services au public</Titre><PivotLocal>msap</PivotLocal><RessourceWeb URL="https://lannuaire.service-public.fr/navigation/msap"/></QuiPeutMAider><Reference type="Texte de référence" URL="https://www.legifrance.gouv.fr/codes/id/LEGISCTA000006179981/" ID="R551"><Titre>Code général des impôts : articles 953 à 955</Titre><Complement>Coût du passeport</Complement></Reference><Reference type="Texte de référence" URL="https://www.legifrance.gouv.fr/loda/article_lc/LEGIARTI000033333857" ID="R1217"><Titre>Décret n°2005-1726 du 30 décembre 2005 relatif au passeport : article 6-1 - Empreintes et photo</Titre><Complement>Dérogation à la prise d'empreinte pour un enfant de moins de 12 ans</Complement></Reference><Reference type="Texte de référence" URL="https://www.legifrance.gouv.fr/loda/id/JORFTEXT000020246797/" ID="R10971"><Titre>Arrêté du 5 février 2009 relatif aux photos d'identité produites pour une demande de passeport</Titre></Reference><Reference type="Texte de référence" URL="https://www.legifrance.gouv.fr/loda/article_lc/LEGIARTI000033333855" ID="R2303"><Titre>Décret n°2005-1726 du 30 décembre 2005 relatif aux passeports : article 8 - Représentant légal et présence obligatoire</Titre></Reference><Reference type="Texte de référence" URL="https://www.legifrance.gouv.fr/loda/article_lc/LEGIARTI000033333863" ID="R39384"><Titre>Décret n°2005-1726 du 30 décembre 2005 relatif au passeport : article 10 - Retrait du passeport</Titre></Reference><ServiceEnLigne ID="R63716" URL="https://rendezvouspasseport.ants.gouv.fr/" audience="Particuliers" type="Outil de recherche"><Titre>Rechercher un rendez-vous pour une demande de passeport</Titre><Source ID="R30628">Agence nationale des titres sécurisés (ANTS)</Source></ServiceEnLigne><ServiceEnLigne ID="R62484" URL="https://passeport.ants.gouv.fr/demarches-en-ligne/effectuer-le-renouvellement-de-votre-passeport" audience="Particuliers" type="Téléservice"><Titre>Pré-demande de renouvellement de passeport</Titre><Source ID="R30628">Agence nationale des titres sécurisés (ANTS)</Source></ServiceEnLigne><ServiceEnLigne ID="R1827" URL="https://passeport.ants.gouv.fr/demarches-en-ligne" audience="Particuliers" type="Téléservice"><Titre>Suivez votre demande de passeport</Titre><Source ID="R30628">Agence nationale des titres sécurisés (ANTS)</Source></ServiceEnLigne><ServiceEnLigne ID="R39812" URL="https://timbres.impots.gouv.fr/pages/achat/choixTimbres.jsp" audience="Particuliers" type="Téléservice"><Titre>Achat en ligne du timbre fiscal - Passeport</Titre><Source ID="R30612">Ministère chargé des finances</Source></ServiceEnLigne><PourEnSavoirPlus type="Information pratique" ID="R23695" URL="https://passeport.ants.gouv.fr/services/villes-adherentes-a-la-dematerialisation" audience="Particuliers"><Titre>Vérifier si l'état civil de votre ville de naissance est dématérialisé</Titre><Source ID="R30628">Agence nationale des titres sécurisés (ANTS)</Source></PourEnSavoirPlus><PourEnSavoirPlus type="Information pratique" ID="R44353" URL="https://www.legifrance.gouv.fr/jorf/id/JORFTEXT000043466325" audience="Particuliers"><Titre>Consuls honoraires habilités à remettre les cartes d'identité et les passeports</Titre><Source ID="R38880">Legifrance</Source></PourEnSavoirPlus><Definition ID="R48788"><Titre>Identification avec FranceConnect</Titre><Texte><Paragraphe>Connexion avec l'identifiant et le mot de passe de l'un des comptes suivants : Impots.gouv, Ameli, Iidentitenumerique (laposte), Yris, MSA ou Alicem</Paragraphe></Texte></Definition><Definition ID="R49824"><Titre>Pays - Passeport envoyé par courrier - Europe</Titre><Texte><Paragraphe>Allemagne, Autriche, Belgique, Bulgarie, Chypre, Croatie, Danemark, Espagne, Estonie, Finlande, France, Grèce, Hongrie, Irlande, Italie, Lituanie, Lettonie, Luxembourg, Malte, Norvège, Pays-Bas, Pologne, Portugal, République tchèque, Roumanie, Slovaquie, Slovénie, Suède, Suisse</Paragraphe></Texte><Reference type="Texte de référence" URL="https://www.legifrance.gouv.fr/loda/id/JORFTEXT000034518557/" ID="R36735"><Titre>Arrêté du 27 avril 2017 relatif aux conditions d'envoi d'un passeport à l'étranger</Titre></Reference></Definition><Definition ID="R49794"><Titre>Pays - Passeport transmis par courrier (hors Europe)</Titre><Texte><Paragraphe>Argentine, Australie, Brésil, Canada, États-Unis, Japon, Nouvelle-Zélande, Royaume-Uni</Paragraphe></Texte><Reference type="Texte de référence" URL="https://www.legifrance.gouv.fr/loda/id/JORFTEXT000034518557/" ID="R36735"><Titre>Arrêté du 27 avril 2017 relatif aux conditions d'envoi d'un passeport à l'étranger</Titre></Reference></Definition><Abreviation ID="R50821" type="Sigle"><Titre>ANTS</Titre><Texte><Paragraphe>Agence nationale des titres sécurisés</Paragraphe></Texte></Abreviation><QuestionReponse ID="F18704" audience="Particuliers"><Titre>Que faire si vous retrouvez une carte d'identité ou un passeport déclaré perdu ou volé ?</Titre></QuestionReponse><QuestionReponse ID="F12567" audience="Particuliers"><Titre>Quels recours si ma demande de passeport n'aboutit pas ?</Titre></QuestionReponse><QuestionReponse ID="F18605" audience="Particuliers"><Titre>Comment prouver l'autorité parentale ?</Titre></QuestionReponse><QuestionReponse ID="F1357" audience="Particuliers"><Titre>Carte d'identité / Passeport : la photo peut-elle être prise au guichet ?</Titre></QuestionReponse><QuestionReponse ID="F32675" audience="Particuliers"><Titre>Comment prouver le domicile ?</Titre></QuestionReponse></Publication>