<?xml version="1.0" encoding="UTF-8"?><Publication xmlns:dc="http://purl.org/dc/elements/1.1/" xmlns:xsi="http://www.w3.org/2001/XMLSchema-instance" ID="F21573" type="Fiche Question-réponse conditionnée" xsi:noNamespaceSchemaLocation="../Schemas/3.4/Publication.xsd" dateDerniereModificationImportante="2017-07-12T00:00:00" spUrl="https://www.service-public.fr/particuliers/vosdroits/F21573"><dc:title>Comment se fixe l'ordre du jour de l'assemblée générale d'une association ?</dc:title><dc:creator>Direction de l'information légale et administrative</dc:creator><dc:subject>Formalités administratives d'une association, Associations</dc:subject><dc:description>Il revient à chaque association de fixer les conditions d'établissement de l'ordre du jour de ses assembles générales.</dc:description><dc:publisher>Direction de l'information légale et administrative</dc:publisher><dc:contributor>Direction de l'information légale et administrative (Premier ministre), Ministère chargé de la vie associative</dc:contributor><dc:date>modified 2023-02-02</dc:date><dc:type>Question-réponse</dc:type><dc:format>text/xml</dc:format><dc:identifier>F21573</dc:identifier><dc:language>Fr</dc:language><dc:relation>isPartOf N19554</dc:relation><dc:coverage>France entière</dc:coverage><dc:rights>https://www.service-public.fr/a-propos/mentions-legales</dc:rights><SurTitre>Question-réponse</SurTitre><Audience>Associations</Audience><Audience>Particuliers</Audience><Canal>www.service-public.fr</Canal><FilDAriane><Niveau ID="Particuliers">Accueil particuliers</Niveau><Niveau ID="N31931">Associations</Niveau><Niveau ID="N19554">Création d'une association</Niveau><Niveau ID="F21573" type="Fiche Question-réponse conditionnée">Comment se fixe l'ordre du jour de l'assemblée générale d'une association ?</Niveau></FilDAriane><Theme ID="N31931"><Titre>Associations</Titre></Theme><SousThemePere ID="N31975">Formalités administratives d'une association</SousThemePere><DossierPere ID="N19554"><Titre>Création d'une association</Titre><Fiche ID="F1120">Rédaction des statuts</Fiche><Fiche ID="F1119">Déclaration initiale</Fiche><Fiche ID="F1926">Identification et immatriculation d'une association</Fiche><Fiche ID="F11966">Agrément d'une association</Fiche></DossierPere><Texte><Paragraphe>Pour la tenue de chaque assemblée générale (ordinaire ou extraordinaire), un ordre du jour doit être établi. Il correspond aux différents points, appelés « résolutions », qui seront soumis au vote des membres de l'association.</Paragraphe><Paragraphe>Les conditions dans lesquelles l'ordre du jour est arrêté sont définis dans les statuts de l'association. De ce fait, il est recommandé d'y prévoir ou d'indiquer dans le <LienInterne LienPublication="F35042" type="Fiche Question-réponse conditionnée" audience="Particuliers"/> <LienInterne LienPublication="F35042" type="Fiche Question-réponse conditionnée" audience="Particuliers">règlement intérieur</LienInterne> des dispositions concernant les points suivants :</Paragraphe><Liste type="puce"><Item><Paragraphe>Personnes ou instance ayant autorité pour déterminer l'ordre du jour</Paragraphe></Item><Item><Paragraphe>Conditions dans lesquelles des membres peuvent demander l'inscription d'une question à l'ordre du jour</Paragraphe></Item></Liste><Paragraphe>Il est également recommandé de prévoir dans les statuts ou dans le règlement intérieur les sujets devant être inscrits périodiquement à l'ordre du jour de l'assemblée générale.</Paragraphe><Paragraphe>Par exemple :</Paragraphe><Liste type="puce"><Item><Paragraphe>Approbation des comptes et du rapport d'activités</Paragraphe></Item><Item><Paragraphe>Vote du budget prévisionnel</Paragraphe></Item><Item><Paragraphe>Désignation des dirigeants (membres du bureau)</Paragraphe></Item></Liste><Paragraphe>Cependant, certaines règles en la matière ont été établies par les tribunaux. Elles concernent les éléments suivants :</Paragraphe><Liste type="puce"><Item><Paragraphe>Le libellé des questions inscrites à l'ordre du jour doit être précis pour permettre aux membres de préparer les débats</Paragraphe></Item><Item><Paragraphe>Le libellé des points inscrits à l'ordre du jour ne peut pas être à la fois positif et négatif. Par exemple, maintien ou non de monsieur/madame X en tant que directeur, car le vote pourrait être interprété positivement ou négativement et serait en conséquence inapplicable</Paragraphe></Item><Item><Paragraphe>L'ordre du jour peut comporter une rubrique « questions diverses », mais elle ne doit porter que sur des points mineurs n'ayant pas d'incidence sur le fonctionnement et l'activité de l'association</Paragraphe></Item><Item><Paragraphe>L'assemblée générale doit délibérer <MiseEnEvidence>uniquement</MiseEnEvidence> sur les points inscrits à l'ordre du jour et qui figurent dans la convocation de la réunion</Paragraphe></Item><Item><Paragraphe>L'assemblée générale doit délibérer sur tous les points inscrits à l'ordre du jour. Le président de séance ne peut pas décider d'écarter des débats une question prévue. Il peut lever la séance que lorsque l'ordre du jour a été épuisé</Paragraphe></Item></Liste></Texte><VoirAussi important="non"><Fiche ID="F1120" audience="Particuliers"><Titre>Rédaction des statuts d'une association</Titre><Theme ID="N31403"><Titre>Formalités administratives d'une association</Titre></Theme></Fiche><Fiche ID="F1121" audience="Particuliers"><Titre>Instances dirigeantes d'une association</Titre><Theme ID="N31404"><Titre>Fonctionnement d'une association</Titre></Theme></Fiche></VoirAussi><QuiPeutMAider ID="R17216" sve="non" type="Local"><Titre>Point ressource à la vie associative</Titre><RessourceWeb URL="http://www.associations.gouv.fr/les-centres-de-ressources-pour-les-responsables-ou-createurs-d-association.html"/><Source ID="R30678">Ministère chargé de la vie associative</Source></QuiPeutMAider><ServiceEnLigne ID="R2707" URL="https://www.interieur.gouv.fr/content/download/32911/245384/file/Exemple_de_Reglement_interieur.pdf" audience="Particuliers" format="application/pdf" poids="17,2 Ko" type="Modèle de document"><Titre>Modèle de règlement intérieur d'une association</Titre><Source ID="R30678">Ministère chargé de la vie associative</Source></ServiceEnLigne><QuestionReponse ID="F35042" audience="Particuliers"><Titre>Une association doit-elle avoir un règlement intérieur ?</Titre></QuestionReponse><CommentFaireSi ID="F3109" audience="Particuliers" pictogramme="icone-creation-association"><Titre>Je crée une association</Titre></CommentFaireSi></Publication>