<?xml version="1.0" encoding="UTF-8"?><Publication xmlns:dc="http://purl.org/dc/elements/1.1/" xmlns:xsi="http://www.w3.org/2001/XMLSchema-instance" ID="F2164" type="Fiche d'information conditionnée" xsi:noNamespaceSchemaLocation="../Schemas/3.4/Publication.xsd" dateDerniereModificationImportante="2023-02-23T00:00:00" spUrl="https://www.service-public.fr/particuliers/vosdroits/F2164"><dc:title>Notaire</dc:title><dc:creator>Direction de l'information légale et administrative</dc:creator><dc:subject>Justice</dc:subject><dc:description>Un notaire est un officier public et ministériel chargé d'authentifier les actes pour le compte de ses clients (vente immobilière, contrat de mariage, acte de donation, par exemple). Le notaire a également un rôle de conservation des actes et un rôle de conseil juridique. Il est obligatoire de passer par le notaire pour la réalisation de certains actes.</dc:description><dc:publisher>Direction de l'information légale et administrative</dc:publisher><dc:contributor>Direction de l'information légale et administrative (Premier ministre)</dc:contributor><dc:date>modified 2023-02-23</dc:date><dc:type>Fiche pratique</dc:type><dc:format>text/xml</dc:format><dc:identifier>F2164</dc:identifier><dc:source>https://www.legifrance.gouv.fr/loda/id/LEGITEXT000006069175, https://csn.notaires.fr/fr/reglement-national-reglement-inter-cours, https://www.legifrance.gouv.fr/codes/article_lc/LEGIARTI000038310351, https://www.legifrance.gouv.fr/codes/article_lc/LEGIARTI000038310357/, https://www.legifrance.gouv.fr/codes/article_lc/LEGIARTI000043895309, https://www.legifrance.gouv.fr/codes/article_lc/LEGIARTI000038310404/2023-06-27, https://www.legifrance.gouv.fr/codes/article_lc/LEGIARTI000038314945, https://www.legifrance.gouv.fr/jorf/id/JORFTEXT000041663457</dc:source><dc:language>Fr</dc:language><dc:relation>isPartOf N279</dc:relation><dc:coverage>France entière</dc:coverage><dc:rights>https://www.service-public.fr/a-propos/mentions-legales</dc:rights><SurTitre>Fiche pratique</SurTitre><Audience>Particuliers</Audience><Canal>www.service-public.fr</Canal><FilDAriane><Niveau ID="Particuliers">Accueil particuliers</Niveau><Niveau ID="N19807">Justice</Niveau><Niveau ID="N279">Acteurs du monde judiciaire</Niveau><Niveau ID="F2164" type="Fiche d'information conditionnée">Notaire</Niveau></FilDAriane><Theme ID="N19807"><Titre>Justice</Titre></Theme><SousThemePere ID="N20260">Organisation de la justice</SousThemePere><DossierPere ID="N279"><Titre>Acteurs du monde judiciaire</Titre><Fiche ID="F2153">Avocat</Fiche><Fiche ID="F1736">Conciliateur de justice</Fiche><Fiche ID="F2161">Expert judiciaire</Fiche><Fiche ID="F2158">Huissier de justice (à présent appelé commissaire de justice)</Fiche><Fiche ID="F1540">Juré d'assises</Fiche><Fiche ID="F2176">Magistrats et autres agents publics de justice</Fiche><Fiche ID="F1822">Médiateur civil</Fiche><Fiche ID="F1739">Médiateur pénal</Fiche><Fiche ID="F2164">Notaire</Fiche></DossierPere><Introduction><Texte><Paragraphe>Un notaire est un officier public et ministériel chargé d'authentifier les actes pour le compte de ses clients (vente immobilière, contrat de mariage, acte de donation, par exemple). Le notaire a également un rôle de conservation des actes et un rôle de conseil juridique. Il est obligatoire de passer par le notaire pour la réalisation de certains actes.</Paragraphe></Texte></Introduction><ListeSituations affichage="onglet"><Situation><Titre>Cas général</Titre><Texte><Chapitre><Titre><Paragraphe>Quel est le rôle du notaire ?</Paragraphe></Titre><SousChapitre><Titre><Paragraphe>Authentification</Paragraphe></Titre><Paragraphe>Le notaire authentifie les actes qu'il établit.</Paragraphe><Paragraphe>En apposant son sceau et sa propre signature, il constate officiellement la volonté exprimée par les personnes qui les signent. Il s'engage sur le contenu et sur la date de l'acte. Cet acte s'impose alors avec la même force qu'un jugement définitif.</Paragraphe><Paragraphe>Il sécurise notamment les contrats, les <LienInterne LienPublication="F1404" type="Fiche d'information conditionnée" audience="Particuliers">donations</LienInterne>, les <LienInterne LienPublication="F2975" type="Fiche Question-réponse conditionnée" audience="Particuliers">reconnaissances de dettes</LienInterne> ou les <LienInterne LienPublication="F770" type="Fiche d'information conditionnée" audience="Particuliers">testaments</LienInterne>.</Paragraphe><Paragraphe>Il peut rédiger et enregistrer les <LienInterne LienPublication="F1618" type="Fiche d'information conditionnée" audience="Particuliers">pactes civils de solidarité (Pacs)</LienInterne>.</Paragraphe><Paragraphe>Les copies des actes notariés sont utilisées pour procéder à une <LienIntra LienID="R64476" type="Définition de glossaire">exécution forcée</LienIntra> par un commissaire de justice (anciennement huissier de justice et commissaire-priseur judiciaire).</Paragraphe><ASavoir><Titre>À savoir</Titre><Paragraphe>le notaire peut établir une procuration à distance lorsque les parties ne peuvent pas se rendre dans son étude pour signer l'acte. Il peut recueillir leur consentement et leur signature par la voie électronique.</Paragraphe></ASavoir></SousChapitre><SousChapitre><Titre><Paragraphe>Conseil</Paragraphe></Titre><Paragraphe>Le notaire a une obligation de conseil à l'égard de ses clients. Il doit leur fournir une information complète et leur proposer les moyens les plus appropriés pour parvenir au résultat désiré. Le notaire doit être impartial et doit faire passer l'intérêt du client avant son propre intérêt.</Paragraphe><ASavoir><Titre>À savoir</Titre><Paragraphe>le notaire est tenu au secret professionnel.</Paragraphe></ASavoir></SousChapitre><SousChapitre><Titre><Paragraphe>Conservation</Paragraphe></Titre><Paragraphe>Un notaire assure la conservation des actes (par exemple, un testament) au siège de son office.</Paragraphe></SousChapitre></Chapitre><Chapitre><Titre><Paragraphe>Pour quels actes le notaire est-il obligatoire ?</Paragraphe></Titre><Paragraphe>Il est obligatoire d'avoir recours aux services d'un notaire pour faire les actes suivants :</Paragraphe><Liste type="puce"><Item><Paragraphe><LienInterne LienPublication="F2962" type="Fiche d'information conditionnée" audience="Particuliers">Vente immobilière</LienInterne></Paragraphe></Item><Item><Paragraphe><LienInterne LienPublication="F948" type="Fiche d'information conditionnée" audience="Particuliers">Contrat de mariage</LienInterne></Paragraphe></Item><Item><Paragraphe><LienInterne LienPublication="F16251" type="Fiche Question-réponse conditionnée" audience="Particuliers">Pacte successoral</LienInterne></Paragraphe></Item><Item><Paragraphe><LienInterne LienPublication="F16194" type="Fiche d'information conditionnée" audience="Particuliers">Partage des biens d'une succession</LienInterne> avec testament ou comportant des biens immobiliers</Paragraphe></Item><Item><Paragraphe><LienInterne LienPublication="F1404" type="Fiche d'information conditionnée" audience="Particuliers">Donation</LienInterne></Paragraphe></Item><Item><Paragraphe><LienInterne LienPublication="F15395" type="Fiche d'information conditionnée" audience="Particuliers">Acte de notoriété</LienInterne></Paragraphe></Item><Item><Paragraphe><LienInterne LienPublication="F12697" type="Fiche Question-réponse conditionnée" audience="Particuliers">Acte de notoriété héréditaire</LienInterne></Paragraphe></Item><Item><Paragraphe>Consentement à une <LienInterne LienPublication="F31462" type="Fiche d'information conditionnée" audience="Particuliers">procréation médicalement assistée</LienInterne></Paragraphe></Item></Liste></Chapitre><Chapitre><Titre><Paragraphe>Quelle est la rémunération versée au notaire ?</Paragraphe></Titre><Paragraphe>La rémunération versée à un notaire est composée de plusieurs éléments différents. Ainsi, ce qu'on appelle communément les <LienInterne LienPublication="F17701" type="Fiche Question-réponse conditionnée" audience="Particuliers">frais de notaire</LienInterne> comprennent en réalité :</Paragraphe><Liste type="puce"><Item><Paragraphe>les droits,</Paragraphe></Item><Item><Paragraphe>les débours,</Paragraphe></Item><Item><Paragraphe>et la rémunération du notaire.</Paragraphe></Item></Liste><Paragraphe>Les <MiseEnEvidence>droits</MiseEnEvidence> sont les taxes dues à l'État et aux collectivités. Les droits sont encaissés par le notaire et reversées au Trésor public. Ils varient suivant la nature de l'acte et la nature du bien.</Paragraphe><Paragraphe>Les <MiseEnEvidence>débours</MiseEnEvidence> ou déboursés sont les sommes dues à des <LienIntra LienID="R12890" type="Définition de glossaire">tiers</LienIntra> (pour l'obtention de pièces et documents nécessaires à la sécurité de l'acte - par exemple : demande de formalité ou acte de géomètre-expert) ou des frais de déplacement.</Paragraphe><Paragraphe>Pour sa <MiseEnEvidence>rémunération proprement dite</MiseEnEvidence>, le notaire perçoit des <LienIntra LienID="R14735" type="Définition de glossaire">émoluments</LienIntra>. Ils ne sont pas libres : ils sont strictement réglementés par la loi. Il existe 96 rubriques d'actes, tous tarifés différemment. Ils correspondent à la rémunération de la mission en elle-même (par exemple, une vente d'immeuble).</Paragraphe><Paragraphe>Cependant, un notaire peut recevoir aussi des <LienIntra LienID="R14736" type="Définition de glossaire">honoraires</LienIntra> libres, mais uniquement pour des activités notariales non tarifées par la loi. Dans ce cas, il informe par écrit son client avant le début de cette activité du montant et/ ou du mode de calcul des honoraires qu’il lui réclamera.</Paragraphe><Paragraphe>Le notaire doit remettre obligatoirement à ses clients un compte détaillé (un relevé des frais dus) à la fin de sa mission.</Paragraphe></Chapitre><Chapitre><Titre><Paragraphe>Comment trouver un notaire ?</Paragraphe></Titre><Paragraphe>Il est possible de trouver un notaire en consultant l'annuaire des notaires de France.</Paragraphe><OuSAdresser ID="R18478" sve="non" type="Local personnalisable"><Titre>Notaire</Titre><PivotLocal>notaire</PivotLocal><RessourceWeb URL="https://www.notaires.fr/fr/directory"/><Source ID="R64485">Conseil supérieur du notariat</Source></OuSAdresser><Paragraphe>La compétence des notaires s'étend sur l'ensemble du territoire : on peut choisir un notaire qui n'est pas proche de son domicile.</Paragraphe><ANoter><Titre>À noter</Titre><Paragraphe>il est possible de changer de notaire avant la signature de l'acte.</Paragraphe></ANoter></Chapitre><Chapitre><Titre><Paragraphe>Le notaire fait-il l'objet d'un contrôle ?</Paragraphe></Titre><Paragraphe>Le notaire a l'obligation de respecter la loi et les règles déontologiques de sa profession.</Paragraphe><Paragraphe>Chaque notaire est rattaché à un conseil régional ou à un conseil interrégional des notaires.</Paragraphe><Paragraphe>Ces instances professionnelles sont chargées de veiller au respect des règles déontologiques par les notaires. Elles peuvent lancer des poursuites disciplinaires à l'égard du notaire qui ne respecte pas les règles professionnelles.</Paragraphe><Paragraphe>En cas de <LienInterne LienPublication="F14725" type="Fiche Question-réponse conditionnée" audience="Particuliers">litige avec un notaire</LienInterne>, le client doit <MiseEnEvidence>d'abord</MiseEnEvidence> faire une <MiseEnEvidence>réclamation</MiseEnEvidence> auprès du <MiseEnEvidence>président du conseil régional ou du conseil interrégional des notaires</MiseEnEvidence> dont dépend le notaire.</Paragraphe><Paragraphe>Par ailleurs, le procureur de la République exerce également une mission de surveillance de la déontologie et de la discipline des notaires établis dans le ressort de la cour d'appel à laquelle il est rattaché.</Paragraphe><Paragraphe>Lorsqu'il est informé des faits pouvant constituer un non-respect par un notaire des règles déontologiques, le procureur peut saisir les services d'enquête des juridictions disciplinaires. Il peut aussi saisir la justice pénale ordinaire si les faits peuvent constituer des <LienIntra LienID="R10272" type="Définition de glossaire">infractions</LienIntra>.</Paragraphe></Chapitre></Texte></Situation><Situation><Titre>Alsace-Moselle</Titre><Texte><Chapitre><Titre><Paragraphe>Quel est le rôle du notaire ?</Paragraphe></Titre><SousChapitre><Titre><Paragraphe>Authentification</Paragraphe></Titre><Paragraphe>Le notaire authentifie les actes qu'il établit.</Paragraphe><Paragraphe>En apposant son sceau et sa propre signature, il constate officiellement la volonté exprimée par les personnes qui les signent. Il s'engage sur le contenu et sur la date de l'acte. Cet acte s'impose alors avec la même force qu'un jugement définitif.</Paragraphe><Paragraphe>Il sécurise notamment les contrats, les <LienInterne LienPublication="F1404" type="Fiche d'information conditionnée" audience="Particuliers">donations</LienInterne>, les <LienInterne LienPublication="F2975" type="Fiche Question-réponse conditionnée" audience="Particuliers">reconnaissances de dettes</LienInterne> ou les <LienInterne LienPublication="F770" type="Fiche d'information conditionnée" audience="Particuliers">testaments</LienInterne>.</Paragraphe><Paragraphe>Il peut rédiger et enregistrer les <LienInterne LienPublication="F1618" type="Fiche d'information conditionnée" audience="Particuliers">pactes civils de solidarité (Pacs)</LienInterne>.</Paragraphe><Paragraphe>Les copies des actes notariés sont utilisées pour procéder à une <LienIntra LienID="R64476" type="Définition de glossaire">exécution forcée</LienIntra> par un commissaire de justice (anciennement huissier de justice et commissaire-priseur judiciaire).</Paragraphe><ASavoir><Titre>À savoir</Titre><Paragraphe>le notaire peut établir une procuration à distance lorsque les parties ne peuvent pas se rendre dans son étude pour signer l'acte. Il peut recueillir leur consentement et leur signature par la voie électronique.</Paragraphe></ASavoir></SousChapitre><SousChapitre><Titre><Paragraphe>Conseil et défense de vos intérêts</Paragraphe></Titre><Paragraphe>Le notaire a une obligation de conseil à l'égard de ses clients. Il doit leur fournir une information complète et leur proposer les moyens les plus appropriés pour parvenir au résultat désiré. Le notaire doit être impartial et doit faire passer l'intérêt du client avant son propre intérêt.</Paragraphe><ASavoir><Titre>À savoir</Titre><Paragraphe>le notaire est tenu au secret professionnel.</Paragraphe></ASavoir></SousChapitre><SousChapitre><Titre><Paragraphe>Conservation</Paragraphe></Titre><Paragraphe>Un notaire assure la conservation des actes (par exemple, un testament) au siège de son office.</Paragraphe></SousChapitre><SousChapitre><Titre><Paragraphe>Force exécutoire</Paragraphe></Titre><Paragraphe>Les actes établis par le notaire peuvent avoir la force d'un <LienIntra LienID="R1056" type="Définition de glossaire">titre exécutoire</LienIntra>, exactement comme un jugement prononcé par le tribunal. Il faut pour cela que les 2 conditions suivantes soient remplies :</Paragraphe><Liste type="puce"><Item><Paragraphe>L'acte doit concerner le paiement d'une somme d'argent (remboursement d'une dette) ou l'exécution d'une obligation dont la valeur est déterminable en argent (réparation d'une voiture)</Paragraphe></Item><Item><Paragraphe>Celui qui a la responsabilité d'effectuer le paiement ou la prestation doit avoir donné son accord pour l'<LienIntra LienID="R64476" type="Définition de glossaire">exécution forcée</LienIntra> immédiate.</Paragraphe></Item></Liste></SousChapitre></Chapitre><Chapitre><Titre><Paragraphe>Pour quels actes le notaire est-il obligatoire ?</Paragraphe></Titre><Paragraphe>Il est obligatoire d'avoir recours aux services d'un notaire pour faire les actes suivants :</Paragraphe><Liste type="puce"><Item><Paragraphe><LienInterne LienPublication="F2962" type="Fiche d'information conditionnée" audience="Particuliers">Vente immobilière</LienInterne></Paragraphe></Item><Item><Paragraphe><LienInterne LienPublication="F948" type="Fiche d'information conditionnée" audience="Particuliers">Contrat de mariage</LienInterne></Paragraphe></Item><Item><Paragraphe><LienInterne LienPublication="F16251" type="Fiche Question-réponse conditionnée" audience="Particuliers">Pacte successoral</LienInterne></Paragraphe></Item><Item><Paragraphe><LienInterne LienPublication="F16194" type="Fiche d'information conditionnée" audience="Particuliers">Partage des biens d'une succession</LienInterne> avec testament ou comportant des biens immobiliers</Paragraphe></Item><Item><Paragraphe><LienInterne LienPublication="F1404" type="Fiche d'information conditionnée" audience="Particuliers">Donation</LienInterne></Paragraphe></Item><Item><Paragraphe><LienInterne LienPublication="F15395" type="Fiche d'information conditionnée" audience="Particuliers">Acte de notoriété</LienInterne></Paragraphe></Item><Item><Paragraphe><LienInterne LienPublication="F12697" type="Fiche Question-réponse conditionnée" audience="Particuliers">Acte de notoriété héréditaire</LienInterne></Paragraphe></Item><Item><Paragraphe>Consentement à une <LienInterne LienPublication="F31462" type="Fiche d'information conditionnée" audience="Particuliers">procréation médicalement assistée</LienInterne></Paragraphe></Item></Liste></Chapitre><Chapitre><Titre><Paragraphe>Quelle est la rémunération versée au notaire ?</Paragraphe></Titre><Paragraphe>La rémunération versée à un notaire est composée de plusieurs éléments différents. Ainsi, ce qu'on appelle communément les <LienInterne LienPublication="F17701" type="Fiche Question-réponse conditionnée" audience="Particuliers">frais de notaire</LienInterne> comprennent en réalité :</Paragraphe><Liste type="puce"><Item><Paragraphe>les droits,</Paragraphe></Item><Item><Paragraphe>les débours,</Paragraphe></Item><Item><Paragraphe>et la rémunération du notaire.</Paragraphe></Item></Liste><Paragraphe>Les <MiseEnEvidence>droits</MiseEnEvidence> sont les taxes dues à l'État et aux collectivités. Les droits sont encaissés par le notaire et reversées au Trésor public. Ils varient suivant la nature de l'acte et la nature du bien.</Paragraphe><Paragraphe>Les <MiseEnEvidence>débours</MiseEnEvidence> ou déboursés sont les sommes dues à des <LienIntra LienID="R12890" type="Définition de glossaire">tiers</LienIntra> (pour l'obtention de pièces et documents nécessaires à la sécurité de l'acte - par exemple : demande de formalité ou acte de géomètre-expert) ou des frais de déplacement.</Paragraphe><Paragraphe>Pour sa <MiseEnEvidence>rémunération proprement dite</MiseEnEvidence>, le notaire perçoit des <LienIntra LienID="R14735" type="Définition de glossaire">émoluments</LienIntra>. Ils ne sont pas libres : ils sont strictement réglementés par la loi. Il existe 96 rubriques d'actes, tous tarifés différemment. Ils correspondent à la rémunération de la mission en elle-même (par exemple, une vente d'immeuble).</Paragraphe><Paragraphe>Cependant, un notaire peut recevoir aussi des <LienIntra LienID="R14736" type="Définition de glossaire">honoraires</LienIntra> libres, mais uniquement pour des activités notariales non tarifées par la loi. Dans ce cas, il informe par écrit son client avant le début de cette activité du montant et/ ou du mode de calcul des honoraires qu’il lui réclamera.</Paragraphe><Paragraphe>Le notaire doit remettre obligatoirement à ses clients un compte détaillé (un relevé des frais dus) à la fin de sa mission.</Paragraphe></Chapitre><Chapitre><Titre><Paragraphe>Comment trouver un notaire ?</Paragraphe></Titre><Paragraphe>Il est possible de trouver un notaire en consultant l'annuaire des notaires de France.</Paragraphe><OuSAdresser ID="R18478" sve="non" type="Local personnalisable"><Titre>Notaire</Titre><PivotLocal>notaire</PivotLocal><RessourceWeb URL="https://www.notaires.fr/fr/directory"/><Source ID="R64485">Conseil supérieur du notariat</Source></OuSAdresser><Paragraphe>La compétence des notaires s'étend sur l'ensemble du territoire : on peut choisir un notaire qui n'est pas proche de son domicile.</Paragraphe><ANoter><Titre>À noter</Titre><Paragraphe>il est possible de changer de notaire avant la signature de l'acte.</Paragraphe></ANoter></Chapitre><Chapitre><Titre><Paragraphe>Le notaire fait-il l'objet d'un contrôle ?</Paragraphe></Titre></Chapitre></Texte></Situation></ListeSituations><QuiPeutMAider ID="R63608" sve="non" type="National"><Titre>Notaires infos</Titre><Texte><Paragraphe><LienExterne URL="https://www.notaires.fr/fr/notairesinfos">https://www.notaires.fr/fr/notairesinfos</LienExterne></Paragraphe></Texte></QuiPeutMAider><Reference type="Texte de référence" URL="https://www.legifrance.gouv.fr/loda/id/LEGITEXT000006069175" ID="R598"><Titre>Ordonnance n°45-2590 du 2 novembre 1945 relative au statut du notariat</Titre><Complement>Statut du notaire</Complement></Reference><Reference type="Texte de référence" URL="https://csn.notaires.fr/fr/reglement-national-reglement-inter-cours" ID="R49118"><Titre>Règlement national des notaires</Titre><Complement>Règlement de la profession de notaire</Complement></Reference><Reference type="Texte de référence" URL="https://www.legifrance.gouv.fr/codes/article_lc/LEGIARTI000038310351" ID="R53316"><Titre>Code civil : article 46</Titre><Complement>Force probante de l'acte de notoriété établi par un notaire</Complement></Reference><Reference type="Texte de référence" URL="https://www.legifrance.gouv.fr/codes/article_lc/LEGIARTI000038310357/" ID="R15644"><Titre>Code civil : article 317</Titre><Complement>Modalités de délivrance d'un acte notoriété par le notaire</Complement></Reference><Reference type="Texte de référence" URL="https://www.legifrance.gouv.fr/codes/article_lc/LEGIARTI000043895309" ID="R53319"><Titre>Code de la santé publique : article L2141-10</Titre><Complement>Obligation de donner le consentement à une procréation médicalement assistée devant le notaire</Complement></Reference><Reference type="Texte de référence" URL="https://www.legifrance.gouv.fr/codes/article_lc/LEGIARTI000038310404/2023-06-27" ID="R53317"><Titre>Code civil : article 311-20</Titre><Complement>Effets du consentement donné à une procréation médicalement assistée</Complement></Reference><Reference type="Texte de référence" URL="https://www.legifrance.gouv.fr/codes/article_lc/LEGIARTI000038314945" ID="R53321"><Titre>Code des procédures civiles d'exécution : article L111-5</Titre><Complement>Force exécutoire des actes notariés en Alsace-Moselle</Complement></Reference><Reference type="Texte de référence" URL="https://www.legifrance.gouv.fr/jorf/id/JORFTEXT000041663457" ID="R57962"><Titre>Arrêté du 28 février 2020 fixant les tarifs réglementés des notaires</Titre><Complement>Tarifs</Complement></Reference><Definition ID="R64476"><Titre>Exécution forcée</Titre><Texte><Paragraphe>Procédure légale utilisée pour obliger quelqu'un à appliquer un jugement ou à respecter ses engagements</Paragraphe></Texte></Definition><Definition ID="R12890"><Titre>Tiers (procédure judiciaire)</Titre><Texte><Paragraphe>Personne étrangère à une affaire judiciaire</Paragraphe></Texte></Definition><Definition ID="R14735"><Titre>Émolument</Titre><Texte><Paragraphe>Somme perçue par un officier ministériel (notaire, huissier de justice, etc.) en contrepartie d'une prestation dont le tarif est réglementé</Paragraphe></Texte><Reference type="Texte de référence" URL="https://www.legifrance.gouv.fr/codes/id/LEGISCTA000032122792" ID="R43236"><Titre>Code du commerce : articles R444-2 à R444-3</Titre></Reference></Definition><Definition ID="R14736"><Titre>Honoraires</Titre><Texte><Paragraphe>Rémunération des services rendus par les membres de certaines professions libérales (médecins, notaires, avocats, architectes, etc.)</Paragraphe></Texte></Definition><Definition ID="R10272"><Titre>Infraction</Titre><Texte><Paragraphe>Acte interdit par la loi et passible de sanctions pénales</Paragraphe></Texte></Definition><Definition ID="R1056"><Titre>Titre exécutoire</Titre><Texte><Paragraphe>Écrit permettant au créancier d'obtenir le recouvrement forcé de sa créance</Paragraphe></Texte></Definition><QuestionReponse ID="F17701" audience="Particuliers"><Titre>Frais de notaire : de quoi s'agit-il ?</Titre></QuestionReponse><QuestionReponse ID="F14725" audience="Particuliers"><Titre>Comment régler un litige avec un notaire ?</Titre></QuestionReponse></Publication>