<?xml version="1.0" encoding="UTF-8"?><Publication xmlns:dc="http://purl.org/dc/elements/1.1/" xmlns:xsi="http://www.w3.org/2001/XMLSchema-instance" ID="F21616" type="Fiche Question-réponse conditionnée" xsi:noNamespaceSchemaLocation="../Schemas/3.4/Publication.xsd" spUrl="https://www.service-public.fr/particuliers/vosdroits/F21616"><dc:title>Assurance auto : l'accident avec un animal sauvage est-il indemnisé ?</dc:title><dc:creator>Direction de l'information légale et administrative</dc:creator><dc:subject>Argent - Impôts - Consommation</dc:subject><dc:description>Si vous heurtez un animal sauvage avec votre véhicule, vous devez déclarer l'accident auprès de votre assurance dans les 5 jours.</dc:description><dc:publisher>Direction de l'information légale et administrative</dc:publisher><dc:contributor>Direction de l'information légale et administrative (Premier ministre)</dc:contributor><dc:date>modified 2021-03-17</dc:date><dc:type>Question-réponse</dc:type><dc:format>text/xml</dc:format><dc:identifier>F21616</dc:identifier><dc:source>https://www.legifrance.gouv.fr/codes/id/LEGISCTA000006174871, https://www.legifrance.gouv.fr/codes/id/LEGISCTA000006188396</dc:source><dc:language>Fr</dc:language><dc:relation>isPartOf N32</dc:relation><dc:coverage>France entière</dc:coverage><dc:rights>https://www.service-public.fr/a-propos/mentions-legales</dc:rights><SurTitre>Question-réponse</SurTitre><Audience>Particuliers</Audience><Canal>www.service-public.fr</Canal><FilDAriane><Niveau ID="Particuliers">Accueil particuliers</Niveau><Niveau ID="N19803">Argent - Impôts - Consommation</Niveau><Niveau ID="N32">Assurance automobile (véhicule)</Niveau><Niveau ID="F21616" type="Fiche Question-réponse conditionnée">Assurance auto : l'accident avec un animal sauvage est-il indemnisé ?</Niveau></FilDAriane><Theme ID="N19803"><Titre>Argent - Impôts - Consommation</Titre></Theme><SousThemePere ID="N20263">Assurance</SousThemePere><DossierPere ID="N32"><Titre>Assurance automobile (véhicule)</Titre><SousDossier ID="N32-1"><Titre>Souscription et vie du contrat</Titre><Fiche ID="F31325">Souscription du contrat</Fiche><Fiche ID="F2628">Assurance obligatoire ou "au tiers"</Fiche><Fiche ID="F2622">Assurances facultatives et "tous risques"</Fiche><Fiche ID="F1362">Attestation et certificat d'assurance</Fiche><Fiche ID="F2595">Modification du contrat</Fiche><Fiche ID="F2659">Résiliation du contrat</Fiche><Fiche ID="F3052">Recours et litiges</Fiche></SousDossier><SousDossier ID="N32-2"><Titre>Prime</Titre><Fiche ID="F2599">Tarifs, cotisations et durée du contrat</Fiche><Fiche ID="F2655">Bonus-malus</Fiche><Fiche ID="F2663">Jeunes conducteurs et surprime d'assurance</Fiche></SousDossier><SousDossier ID="N32-3"><Titre>Sinistre</Titre><Fiche ID="F2149">Accident et constat</Fiche><Fiche ID="F2685">Vol du véhicule</Fiche></SousDossier><SousDossier ID="N32-4"><Titre>Indemnisation du sinistre</Titre><Fiche ID="F2152">Dégâts matériels</Fiche><Fiche ID="F2677">Dommages corporels</Fiche><Fiche ID="F2692">Vol</Fiche><Fiche ID="F2679">Accident de la route</Fiche></SousDossier></DossierPere><Introduction><Texte><Paragraphe>En cas d'accident de la circulation avec un animal sauvage, l'assurance ne peut vous indemniser que si vous avez souscrit les garanties <Expression>dégâts matériels</Expression> et <Expression>assurance du conducteur</Expression>. Si vous n'avez pas souscrit ces garanties, ou si l'indemnisation de votre assurance est insuffisante, vous pouvez demander une indemnisation au Fonds de garantie des assurances obligatoires de dommages (FGAO). Mais le FGAO n'indemnise que les dommages corporels.</Paragraphe></Texte></Introduction><Texte><Chapitre><Titre><Paragraphe>Dégâts du véhicule</Paragraphe></Titre><Paragraphe>L'indemnisation des dégâts du véhicule dépend du type des garanties du contrat d'assurance.</Paragraphe><BlocCas affichage="radio"><Cas><Titre>Vous êtes assuré tous risques</Titre><Paragraphe>Si vous êtes assuré "<LienInterne LienPublication="F2622" type="Fiche d'information conditionnée" audience="Particuliers">tous accidents</LienInterne>" ou <Expression>tous risques</Expression>, les dommages matériels de votre véhicule seront pris en charge par votre assurance.</Paragraphe><Paragraphe>L'assureur retiendra une <LienIntra LienID="R2082" type="Définition de glossaire">franchise</LienIntra>, prévue dans votre contrat.</Paragraphe></Cas><Cas><Titre>Vous êtes assuré au tiers</Titre><Paragraphe>Si vous êtes assuré "<LienInterne LienPublication="F2628" type="Fiche d'information conditionnée" audience="Particuliers">au tiers</LienInterne>" (ou juste une garantie <Expression>dommages collision</Expression>), l'assurance ne vous indemnisera pas.</Paragraphe></Cas></BlocCas><ANoter><Titre>À noter</Titre><Paragraphe>l'assureur n'applique pas de <LienInterne LienPublication="F2655" type="Fiche d'information conditionnée" audience="Particuliers">malus</LienInterne> si l'accident avec un animal sauvage relève de la <LienIntra LienID="R38200" type="Définition de glossaire">force majeure</LienIntra>, notamment par son caractère imprévisible.</Paragraphe></ANoter></Chapitre><Chapitre><Titre><Paragraphe>Blessures du conducteur</Paragraphe></Titre><Paragraphe>L'indemnisation des dommages corporels dépend de la gravité du préjudice et du type des garanties du contrat d'assurance.</Paragraphe><BlocCas affichage="radio"><Cas><Titre>Conducteur blessé dans l'accident</Titre><Introduction><Paragraphe>L'intervention du FGAO résulte de l'existence ou non de la <LienIntra LienID="R58897" type="Définition de glossaire">garantie du conducteur</LienIntra>.</Paragraphe></Introduction><BlocCas affichage="radio"><Cas><Titre>Vous avez souscrit la garantie du conducteur</Titre><Paragraphe>Si vous avez été blessé lors de la collision et que vous disposez d'une <Expression>garantie du conducteur</Expression>, votre assurance prendra en charge vos dommages corporels.</Paragraphe><Paragraphe>Si l'indemnisation n'est pas intégrale, le <LienInterne LienPublication="F2679" type="Fiche d'information conditionnée" audience="Particuliers">Fonds de garantie des assurances obligatoires de dommages (FGAO)</LienInterne> interviendra en complément.</Paragraphe><Paragraphe>Le dossier à la FGAO doit être déposé dans les 3 ans qui suivent l'accident, avec le formulaire suivant :</Paragraphe><ServiceEnLigne ID="R15103" URL="https://www.fondsdegarantie.fr/wp-content/uploads/2022/01/Formulaire-demande-indemnisation-FGAO-Janv-2022.pdf" audience="Particuliers" format="application/pdf" poids="574.8 KB" type="Formulaire"><Titre>Demande d'indemnisation au FGAO par une victime d'un accident de la circulation ou de chasse</Titre><Source ID="R30779">Fonds de garantie des assurances obligatoires (FGAO)</Source></ServiceEnLigne></Cas><Cas><Titre>Vous n'avez pas souscrit la garantie du conducteur</Titre><Paragraphe>Si vous ne disposez pas de <Expression>garantie du conducteur</Expression>, le FGAO peut vous indemniser.</Paragraphe><Paragraphe>Le dossier à la FGAO doit être déposé dans les 3 ans qui suivent l'accident, avec le formulaire suivant :</Paragraphe><ServiceEnLigne ID="R15103" URL="https://www.fondsdegarantie.fr/wp-content/uploads/2022/01/Formulaire-demande-indemnisation-FGAO-Janv-2022.pdf" audience="Particuliers" format="application/pdf" poids="574.8 KB" type="Formulaire"><Titre>Demande d'indemnisation au FGAO par une victime d'un accident de la circulation ou de chasse</Titre><Source ID="R30779">Fonds de garantie des assurances obligatoires (FGAO)</Source></ServiceEnLigne><Paragraphe>Vous devez envoyer le formulaire rempli accompagné des justificatifs au FGAO.</Paragraphe><OuSAdresser ID="R52" sve="non" type="Centre de contact"><Titre>Fonds de garantie des assurances obligatoires de dommages (FGAO)</Titre><Texte><Paragraphe>Indemnise les victimes d’accident de la circulation dont les auteurs n’étaient pas assurés ou n'ont pas été identifiés.</Paragraphe><Chapitre><Titre><Paragraphe>Par messagerie</Paragraphe></Titre><Paragraphe> <LienExterne URL="http://www.fondsdegarantie.fr/nous-contacter">Accès au formulaire de contact</LienExterne></Paragraphe></Chapitre></Texte></OuSAdresser></Cas></BlocCas></Cas><Cas><Titre>Conducteur décédé</Titre><Paragraphe>Si vous êtes ayant droit du conducteur décédé dans l'accident avec un animal sauvage, vous pouvez demander au <LienInterne LienPublication="F2679" type="Fiche d'information conditionnée" audience="Particuliers">Fonds de garantie des assurances obligatoires de dommages (FGAO)</LienInterne> une intervention en complément.</Paragraphe><Paragraphe>Le dossier à la FGAO doit être déposé dans les 3 ans qui suivent l'accident avec le formulaire suivant :</Paragraphe><ServiceEnLigne ID="R21646" URL="https://www.fondsdegarantie.fr/wp-content/uploads/2017/06/Formulaire_indemn_Circul__Ayant_Droit.pdf" audience="Particuliers" format="application/pdf" poids="126.7 KB" type="Formulaire"><Titre>Demande d'indemnisation auprès du FGAO de l'ayant droit (décès de la victime d'accident de la circulation/chasse)</Titre><Source ID="R30779">Fonds de garantie des assurances obligatoires (FGAO)</Source></ServiceEnLigne><Paragraphe>Vous devez envoyer le formulaire rempli accompagné des justificatifs au FGAO.</Paragraphe><OuSAdresser ID="R52" sve="non" type="Centre de contact"><Titre>Fonds de garantie des assurances obligatoires de dommages (FGAO)</Titre><Texte><Paragraphe>Indemnise les victimes d’accident de la circulation dont les auteurs n’étaient pas assurés ou n'ont pas été identifiés.</Paragraphe><Chapitre><Titre><Paragraphe>Par messagerie</Paragraphe></Titre><Paragraphe> <LienExterne URL="http://www.fondsdegarantie.fr/nous-contacter">Accès au formulaire de contact</LienExterne></Paragraphe></Chapitre></Texte></OuSAdresser></Cas></BlocCas></Chapitre><Chapitre><Titre><Paragraphe>Blessures des passagers</Paragraphe></Titre><Paragraphe>Les dommages corporels des passagers seront pris en charge par votre assurance, car l'<LienInterne LienPublication="F2628" type="Fiche d'information conditionnée" audience="Particuliers">assurance obligatoire</LienInterne> couvre ces dommages.</Paragraphe><Paragraphe>Signalez-les à l'assurance au moment où vous faites votre déclaration.</Paragraphe></Chapitre></Texte><OuSAdresser ID="R52" sve="non" type="Centre de contact"><Titre>Fonds de garantie des assurances obligatoires de dommages (FGAO)</Titre><Complement>Pour un complément d'information</Complement><Texte><Paragraphe>Indemnise les victimes d’accident de la circulation dont les auteurs n’étaient pas assurés ou n'ont pas été identifiés.</Paragraphe><Chapitre><Titre><Paragraphe>Par messagerie</Paragraphe></Titre><Paragraphe> <LienExterne URL="http://www.fondsdegarantie.fr/nous-contacter">Accès au formulaire de contact</LienExterne></Paragraphe></Chapitre></Texte></OuSAdresser><OuSAdresser ID="R16526" sve="non" type="Local"><Titre>Assurance Banque Épargne Info Service</Titre><Complement>Pour un complément d'information</Complement><RessourceWeb URL="https://www.abe-infoservice.fr/qui-sommes-nous/nous-contacter"/></OuSAdresser><Reference type="Texte de référence" URL="https://www.legifrance.gouv.fr/codes/id/LEGISCTA000006174871" ID="R17688"><Titre>Code des assurances : articles L421-1 à L421-7</Titre><Complement>Dispositions générales du Fonds de garantie des assurances obligatoires de dommages</Complement></Reference><Reference type="Texte de référence" URL="https://www.legifrance.gouv.fr/codes/id/LEGISCTA000006188396" ID="R21644"><Titre>Code des assurances : articles R421-2 à R421-17</Titre><Complement>Dispositions applicables à l'indemnisation des dommages résultant d'atteintes à la personne</Complement></Reference><ServiceEnLigne ID="R21646" URL="https://www.fondsdegarantie.fr/wp-content/uploads/2017/06/Formulaire_indemn_Circul__Ayant_Droit.pdf" audience="Particuliers" format="application/pdf" poids="126.7 KB" type="Formulaire"><Titre>Demande d'indemnisation auprès du FGAO de l'ayant droit (décès de la victime d'accident de la circulation/chasse)</Titre><Source ID="R30779">Fonds de garantie des assurances obligatoires (FGAO)</Source></ServiceEnLigne><ServiceEnLigne ID="R15103" URL="https://www.fondsdegarantie.fr/wp-content/uploads/2022/01/Formulaire-demande-indemnisation-FGAO-Janv-2022.pdf" audience="Particuliers" format="application/pdf" poids="574.8 KB" type="Formulaire"><Titre>Demande d'indemnisation au FGAO par une victime d'un accident de la circulation ou de chasse</Titre><Source ID="R30779">Fonds de garantie des assurances obligatoires (FGAO)</Source></ServiceEnLigne><PourEnSavoirPlus type="Information pratique" ID="R53614" URL="https://www.abe-infoservice.fr/assurance/assurance-automobile" audience="Particuliers"><Titre>Assurance automobile</Titre><Source ID="R34551">Autorité de contrôle prudentiel et de résolution (ACPR)</Source></PourEnSavoirPlus><Definition ID="R2082"><Titre>Franchise (assurances)</Titre><Texte><Paragraphe>Somme qui reste à la charge de l'assuré à la suite d'un sinistre et qui ne sera donc pas remboursée par l'assureur</Paragraphe></Texte></Definition><Definition ID="R38200"><Titre>Force majeure</Titre><Texte><Paragraphe>Événement exceptionnel, imprévisible et irrésistible justifiant de s'exonérer d'une obligation, d'un engagement ou d'une responsabilité (par exemple : catastrophe naturelle pour un contrat d'assurance, décès du salarié pour un contrat de travail...)</Paragraphe></Texte></Definition><Definition ID="R58897"><Titre>Garantie du conduteur</Titre><Texte><Paragraphe>Assurance qui couvre le conducteur du véhicule, même s'il est reconnu responsable de l'accident</Paragraphe></Texte></Definition><QuestionReponse ID="F2706" audience="Particuliers"><Titre>Franchise d'assurance auto : comment ça marche ?</Titre></QuestionReponse></Publication>