<?xml version="1.0" encoding="UTF-8"?><Publication xmlns:dc="http://purl.org/dc/elements/1.1/" xmlns:xsi="http://www.w3.org/2001/XMLSchema-instance" ID="F21618" type="Fiche d'information conditionnée" xsi:noNamespaceSchemaLocation="../Schemas/3.4/Publication.xsd" dateDerniereModificationImportante="2024-01-01T00:00:00" spUrl="https://www.service-public.fr/particuliers/vosdroits/F21618" statut="miseAJourAVenir"><dc:title>Impôt sur le revenu - Plus-values sur valeurs mobilières</dc:title><dc:creator>Direction de l'information légale et administrative</dc:creator><dc:subject>Argent - Impôts - Consommation</dc:subject><dc:description>Vous êtes imposable sur les plus-values mobilières que vous réalisez dans le cadre de la gestion de votre patrimoine privé.</dc:description><dc:publisher>Direction de l'information légale et administrative</dc:publisher><dc:contributor>Direction de l'information légale et administrative (Premier ministre)</dc:contributor><dc:date>modified 2024-01-01</dc:date><dc:type>Fiche pratique</dc:type><dc:format>text/xml</dc:format><dc:identifier>F21618</dc:identifier><dc:source>https://www.legifrance.gouv.fr/codes/id/LEGISCTA000006197215/, https://www.legifrance.gouv.fr/codes/id/LEGISCTA000006179579/, http://bofip.impots.gouv.fr/bofip/6957-PGP, http://bofip.impots.gouv.fr/bofip/4212-PGP</dc:source><dc:language>Fr</dc:language><dc:relation>isPartOf N247</dc:relation><dc:coverage>France entière</dc:coverage><dc:rights>https://www.service-public.fr/a-propos/mentions-legales</dc:rights><SurTitre>Fiche pratique</SurTitre><Audience>Particuliers</Audience><Canal>www.service-public.fr</Canal><FilDAriane><Niveau ID="Particuliers">Accueil particuliers</Niveau><Niveau ID="N19803">Argent - Impôts - Consommation</Niveau><Niveau ID="N247">Impôt sur le revenu : déclaration et revenus à déclarer</Niveau><Niveau ID="F21618" type="Fiche d'information conditionnée">Impôt sur le revenu - Plus-values sur valeurs mobilières</Niveau></FilDAriane><Theme ID="N19803"><Titre>Argent - Impôts - Consommation</Titre></Theme><SousThemePere ID="N20073">Impôts, taxes et douane</SousThemePere><DossierPere ID="N247"><Titre>Impôt sur le revenu : déclaration et revenus à déclarer</Titre><SousDossier ID="N247-1"><Titre>Déclaration de revenus : mode d'emploi</Titre><Fiche ID="F369">Première déclaration</Fiche><Fiche ID="F358">Déclaration annuelle</Fiche><Fiche ID="F388">Changement de situation</Fiche></SousDossier><SousDossier ID="N247-2"><Titre>Quotient familial selon les personnes à charge</Titre><Fiche ID="F2633">Enfants mineurs</Fiche><Fiche ID="F3085">Enfants majeurs</Fiche><Fiche ID="F2661">Enfants handicapés</Fiche><Fiche ID="F387">Personnes invalides</Fiche></SousDossier><SousDossier ID="N247-3"><Titre>Quotient familial selon la situation personnelle</Titre><Fiche ID="F2702">Personne seule</Fiche><Fiche ID="F34088">Personne vivant en concubinage</Fiche><Fiche ID="F2705">Couple marié ou pacsé</Fiche><Fiche ID="F35120">Parent isolé avec au moins 1 enfant</Fiche><Fiche ID="F35127">Personne veuve</Fiche></SousDossier><SousDossier ID="N247-4"><Titre>Salaires et éléments du salaire</Titre><Fiche ID="F1225">Revenus d'activité salariée</Fiche><Fiche ID="F1226">Avantages en nature</Fiche><Fiche ID="F1989">Frais professionnels : déduction forfaitaire ou frais réels</Fiche><Fiche ID="F408">Indemnités de fin de contrat</Fiche><Fiche ID="F1228">Sommes perçues par les jeunes</Fiche></SousDossier><SousDossier ID="N247-5"><Titre>Pensions, retraites et rentes imposables</Titre><Fiche ID="F415">Pensions de retraite</Fiche><Fiche ID="F3169">Pensions d'invalidité</Fiche><Fiche ID="F3173">Rentes viagères</Fiche><Fiche ID="F3170">Pension alimentaire perçue par l'époux(se) ou ex-époux(se)</Fiche><Fiche ID="F35777">Pension alimentaire perçue par un enfant</Fiche><Fiche ID="F35778">Pension alimentaire perçue par un parent ou un grand-parent</Fiche></SousDossier><SousDossier ID="N247-6"><Titre>Revenus fonciers et mobiliers</Titre><Fiche ID="F2613">Revenus d'épargne et de placements</Fiche><Fiche ID="F21618">Plus-values sur valeurs mobilières</Fiche><Fiche ID="F10864">Plus-values immobilières</Fiche><Fiche ID="F1991">Revenus fonciers de location vide</Fiche><Fiche ID="F32744">Revenus d'une location meublée</Fiche></SousDossier></DossierPere><SousDossierPere>Revenus fonciers et mobiliers</SousDossierPere><Avertissement ID="R35411" date="2024-01-01"><Titre>Impôt sur le revenu : déclaration 2024 des revenus de 2023</Titre><Texte><Paragraphe>Cette page est à jour pour la déclaration des revenus de 2023.</Paragraphe><Paragraphe>Cependant, les formulaires, services en ligne et documents d'information ne sont pas encore disponibles pour la campagne 2024. Ils seront mis en ligne dès qu'ils seront disponibles.</Paragraphe></Texte></Avertissement><Introduction><Texte><Paragraphe>Votre domicile fiscal est en France et vous avez réalisé un gain en vendant une valeur mobilière (une action ou une obligation par exemple) ? Vous devez payer un impôt sur cette plus-value, l'année qui suit la vente. Nous vous indiquons les informations à connaître.</Paragraphe></Texte></Introduction><Texte><Chapitre><Titre><Paragraphe>Quelles sont les opérations concernées ?</Paragraphe></Titre><Paragraphe>Si vous avez réalisé une plus-value en vendant un <LienIntra LienID="R1863" type="Définition de glossaire">titre</LienIntra> (action ou obligation par exemple) que vous possédez, vous êtes <MiseEnEvidence>imposable sur le gain</MiseEnEvidence> réalisé.</Paragraphe><Paragraphe>Certaines plus-values sont <MiseEnEvidence>exonérées, sous conditions</MiseEnEvidence>, notamment dans les cas suivants :</Paragraphe><Liste type="puce"><Item><Paragraphe><LienInterne LienPublication="F22449" type="Fiche Question-réponse conditionnée" audience="Particuliers">Plan d'épargne en actions (PEA)</LienInterne></Paragraphe></Item><Item><Paragraphe><LienInterne LienPublication="F487" type="Fiche Question-réponse conditionnée" audience="Particuliers">Épargne salariale</LienInterne> (<LienInterne LienPublication="R42165" type="Sigle">PEE</LienInterne>, <LienInterne LienPublication="R42167" type="Acronyme">Perco</LienInterne> par exemple)</Paragraphe></Item></Liste></Chapitre><Chapitre><Titre><Paragraphe>Comment calculer la plus-value sur valeurs mobilières ?</Paragraphe></Titre><Paragraphe>La <MiseEnEvidence>plus-value imposable</MiseEnEvidence> est le gain que vous réalisez en vendant un <LienIntra LienID="R1863" type="Définition de glossaire">titre financier</LienIntra> (on parle de <Expression>cession à titre onéreux</Expression>).</Paragraphe><Paragraphe>C'est la différence entre les montants suivants :</Paragraphe><Liste type="puce"><Item><Paragraphe>Prix d'achat du titre</Paragraphe></Item><Item><Paragraphe>Prix de vente du titre</Paragraphe></Item></Liste><Paragraphe>Si vous réalisez une perte, on parle de <MiseEnEvidence>moins-value</MiseEnEvidence>.</Paragraphe><Paragraphe>La moins-value peut être déduite d'une plus-value de même nature, sous certaines conditions.</Paragraphe><Paragraphe>Si vous n'avez pas réalisé de plus-value, la moins-value est reportable sur les plus-values des 10 années suivantes.</Paragraphe><Exemple><Titre>Exemple</Titre><Paragraphe>En 2023, vous avez vendu des titres "A" qui vous ont permis d'obtenir un gain de <Valeur>3 000 €</Valeur>, et des titres "B" qui vous ont causé une perte de <Valeur>4 000 €</Valeur>.</Paragraphe><Paragraphe>Vous subissez donc une moins-value de <Valeur>1 000 €</Valeur> (<Valeur>3 000 €</Valeur> - <Valeur>4 000 €</Valeur>).</Paragraphe><Paragraphe>Cette moins-value peut être déduite de vos gains de 2023, ou de 2024 si vous n'avez eu aucun gain en 2023.</Paragraphe></Exemple><Paragraphe>En général, l'établissement financier qui gère vos titres calcule vos plus-values et moins-values mobilières.</Paragraphe><Paragraphe>Il vous remet le <MiseEnEvidence>récapitulatif de votre situation</MiseEnEvidence> pour remplir votre déclaration de revenus.</Paragraphe></Chapitre><Chapitre><Titre><Paragraphe>Quel est l'impôt à payer sur la plus-value mobilière ?</Paragraphe></Titre><Paragraphe>La plus-value réalisée est soumise au prélèvement forfaitaire unique au taux de <Valeur>30 %</Valeur> (<Valeur>12,8 %</Valeur> d'impôt sur le revenu et <Valeur>17,20 %</Valeur> de <LienInterne LienPublication="F2329" type="Fiche d'information conditionnée" audience="Particuliers">prélèvements sociaux</LienInterne>).</Paragraphe><Paragraphe>Cependant, vous pouvez choisir <LienInterne LienPublication="F1419" type="Fiche Question-réponse conditionnée" audience="Particuliers">le barème progressif de l'impôt sur le revenu</LienInterne>.</Paragraphe><Paragraphe>La plus-value imposable doit alors être <MiseEnEvidence>ajoutée à vos autres revenus</MiseEnEvidence> lors de votre déclaration de revenus.</Paragraphe><Paragraphe>Le montant global est ensuite soumis au barème progressif.</Paragraphe><Paragraphe>Vous devrez également payer les <Valeur>17,20 %</Valeur> de <LienInterne LienPublication="F2329" type="Fiche d'information conditionnée" audience="Particuliers">prélèvements sociaux</LienInterne>.</Paragraphe><Paragraphe>Si vous optez pour l'application du barème progressif et que vous avez acquis les <MiseEnEvidence>titres avant le 1<Exposant>er</Exposant> janvier 2018</MiseEnEvidence>, vous pouvez bénéficier d'un <LienIntra LienID="R3018" type="Définition de glossaire">abattement</LienIntra> pour durée de détention.</Paragraphe><Paragraphe>Dans ce cas, votre plus-value imposable à l'impôt sur le revenu sera diminuée de la <LienExterne URL="https://www.impots.gouv.fr/portail/particulier/les-cessions-mobilieres">valeur de l'abattement</LienExterne>.</Paragraphe><Paragraphe>Par contre, les prélèvements sociaux s'appliqueront sur la totalité de la plus-value, abattement inclus.</Paragraphe></Chapitre><Chapitre><Titre><Paragraphe>Comment déclarer vos plus-values mobilières ?</Paragraphe></Titre><Paragraphe>Vous devez déclarer vos gains <MiseEnEvidence>avec les revenus de l'année où vous avez effectué la vente</MiseEnEvidence> du titre.</Paragraphe><Paragraphe>En général, l'établissement financier qui détient vos titres vous remet le <MiseEnEvidence>récapitulatif de votre situation</MiseEnEvidence> pour remplir votre déclaration de revenus.</Paragraphe><Paragraphe>Vous pouvez vous reporter aux justificatifs remis par les établissements financiers (formulaire 2561 TER) :</Paragraphe><ServiceEnLigne ID="R10883" URL="https://www.impots.gouv.fr/portail/node/9010" audience="Particuliers" numerocerfa="11428" autrenumero="2561" type="Formulaire"><Titre>Déclaration récapitulative des opérations sur valeurs mobilières et revenus de capitaux mobiliers</Titre><Source ID="R30612">Ministère chargé des finances</Source></ServiceEnLigne><Paragraphe><MiseEnEvidence>La déclaration des revenus par internet</MiseEnEvidence> est obligatoire si votre résidence principale est équipée d'un accès à internet et que vous êtes en mesure de faire votre déclaration en ligne.</Paragraphe><Paragraphe>Pour l'année 2023, la déclaration de revenus est terminée.</Paragraphe><Paragraphe>La déclaration 2024 des revenus de 2023 débutera en avril 2024.</Paragraphe><Complement><Titre>Si vous devez faire une déclaration papier</Titre><Paragraphe>Pour l'année 2023, la déclaration de revenus est terminée.</Paragraphe><Paragraphe>La déclaration 2024 des revenus de 2023 débutera en avril 2024.</Paragraphe></Complement></Chapitre></Texte><VoirAussi important="non"><Dossier ID="N247" audience="Particuliers"><Titre>Impôt sur le revenu : déclaration et revenus à déclarer</Titre><Theme ID="N19803"><Titre>Argent - Impôts - Consommation</Titre></Theme></Dossier><Dossier ID="N19785" audience="Particuliers"><Titre>Impôt sur le revenu : déductions, réductions et crédits d'impôt</Titre><Theme ID="N19803"><Titre>Argent - Impôts - Consommation</Titre></Theme></Dossier></VoirAussi><QuiPeutMAider ID="R20684" sve="non" type="Centre de contact"><Titre>Service d'information des impôts</Titre><Complement>Pour des informations générales</Complement><Source ID="R30612">Ministère chargé des finances</Source><Texte><Paragraphe>Par téléphone :</Paragraphe><Paragraphe><MiseEnEvidence>0809 401 401</MiseEnEvidence></Paragraphe><Paragraphe>Du lundi au vendredi de 8h30 à 19h, hors jours fériés.</Paragraphe><Paragraphe>Service gratuit + prix appel</Paragraphe></Texte></QuiPeutMAider><QuiPeutMAider ID="R15019" sve="non" type="Local personnalisable"><Titre>Service en charge des impôts (trésorerie, service des impôts...)</Titre><Complement>Pour joindre le service local gestionnaire de votre dossier</Complement><PivotLocal>centre_impots</PivotLocal><RessourceWeb URL="https://www.impots.gouv.fr/portail/contacts"/><Source ID="R30612">Ministère chargé des finances</Source></QuiPeutMAider><QuiPeutMAider ID="R16526" sve="non" type="Local"><Titre>Assurance Banque Épargne Info Service</Titre><Complement>Pour s'informer sur les règles financières</Complement><RessourceWeb URL="https://www.abe-infoservice.fr/qui-sommes-nous/nous-contacter"/></QuiPeutMAider><Reference type="Texte de référence" URL="https://www.legifrance.gouv.fr/codes/id/LEGISCTA000006197215/" ID="R31744"><Titre>Code général des impôts : articles 150-0 A à 150-0 F</Titre><Complement>Plus-values de cession à titre onéreux des plus-values des valeurs mobilières, droits sociaux et titres assimilés</Complement></Reference><Reference type="Texte de référence" URL="https://www.legifrance.gouv.fr/codes/id/LEGISCTA000006179579/" ID="R31747"><Titre>Code général des impôts : article 200 A</Titre><Complement>Imposition des plus-values de cession de valeurs mobilières et de droits sociaux</Complement></Reference><Reference type="Texte de référence" URL="http://bofip.impots.gouv.fr/bofip/6957-PGP" ID="R31765"><Titre>Bofip-Impôts n°BOI-RPPM-PVBMI relatif aux plus-values sur biens meubles corporels</Titre></Reference><Reference type="Texte de référence" URL="http://bofip.impots.gouv.fr/bofip/4212-PGP" ID="R36433"><Titre>Bofip-Impôts n°BOI-RPPM-PVBMI-20-10 relatif au calcul de la plus-value mobilière</Titre></Reference><ServiceEnLigne ID="R3120" URL="https://cfspart.impots.gouv.fr/LoginMDP" audience="Particuliers" type="Téléservice"><Titre>Impôts : accéder à votre espace Particulier</Titre><Source ID="R30612">Ministère chargé des finances</Source></ServiceEnLigne><ServiceEnLigne ID="R2740" URL="https://simulateur-ir-ifi.impots.gouv.fr/calcul_impot/2024/" audience="Particuliers" type="Simulateur"><Titre>Simulateur de calcul pour 2024 : impôt sur les revenus de 2023</Titre><Source ID="R30612">Ministère chargé des finances</Source></ServiceEnLigne><ServiceEnLigne ID="R1280" URL="https://cfspart.impots.gouv.fr/LoginMDP" audience="Particuliers" type="Téléservice"><Titre>Déclaration 2023 en ligne des revenus de 2022</Titre><Source ID="R30612">Ministère chargé des finances</Source></ServiceEnLigne><ServiceEnLigne ID="R1286" URL="https://www.impots.gouv.fr/portail/node/8925" audience="Particuliers" numerocerfa="11905" autrenumero="2074" type="Formulaire"><Titre>Déclaration des plus ou moins-values réalisées</Titre><Source ID="R30612">Ministère chargé des finances</Source></ServiceEnLigne><ServiceEnLigne ID="R1281" URL="https://www.impots.gouv.fr/portail/formulaire/2042/declaration-des-revenus" audience="Particuliers" numerocerfa="10330" autrenumero="2042" type="Formulaire"><Titre>Déclaration des revenus (papier)</Titre><Source ID="R30612">Ministère chargé des finances</Source></ServiceEnLigne><ServiceEnLigne ID="R1282" URL="https://www.impots.gouv.fr/portail/formulaire/2042/declaration-des-revenus" audience="Particuliers" numerocerfa="11222" autrenumero="2042-C" type="Formulaire"><Titre>Déclaration 2023 complémentaire des revenus 2022</Titre><Source ID="R30612">Ministère chargé des finances</Source></ServiceEnLigne><ServiceEnLigne ID="R10883" URL="https://www.impots.gouv.fr/portail/node/9010" audience="Particuliers" numerocerfa="11428" autrenumero="2561" type="Formulaire"><Titre>Déclaration récapitulative des opérations sur valeurs mobilières et revenus de capitaux mobiliers</Titre><Source ID="R30612">Ministère chargé des finances</Source></ServiceEnLigne><ServiceEnLigne ID="R55331" URL="https://www.impots.gouv.fr/portail/node/8936" audience="Particuliers" numerocerfa="15015" autrenumero="2074-NR" type="Formulaire"><Titre>Déclaration des plus ou moins-values réalisées (non-résidents)</Titre><Source ID="R30612">Ministère chargé des finances</Source></ServiceEnLigne><ServiceEnLigne ID="R55332" URL="https://www.impots.gouv.fr/portail/node/9145" audience="Particuliers" numerocerfa="15484" autrenumero="2074-CMV" type="Formulaire"><Titre>Déclaration des plus ou moins-values</Titre><Source ID="R30612">Ministère chargé des finances</Source></ServiceEnLigne><ServiceEnLigne ID="R55333" URL="https://www.impots.gouv.fr/portail/node/8934" audience="Particuliers" numerocerfa="11705" autrenumero="2074-I" type="Formulaire"><Titre>Déclaration des plus-values en report d'imposition</Titre><Source ID="R30612">Ministère chargé des finances</Source></ServiceEnLigne><PourEnSavoirPlus type="Information pratique" ID="R41461" URL="https://www.impots.gouv.fr/portail/" audience="Particuliers"><Titre>Site des impôts</Titre><Source ID="R30612">Ministère chargé des finances</Source></PourEnSavoirPlus><PourEnSavoirPlus type="Information pratique" ID="R17502" URL="https://www.impots.gouv.fr/www2/fichiers/documentation/brochure/ir_2023/accueil.htm" audience="Particuliers"><Titre>Brochure pratique 2023 - Déclaration des revenus de 2022</Titre><Source ID="R30612">Ministère chargé des finances</Source></PourEnSavoirPlus><PourEnSavoirPlus type="Information pratique" ID="R36423" URL="https://www.impots.gouv.fr/portail/particulier/les-cessions-mobilieres" audience="Particuliers"><Titre>Les cessions mobilières</Titre><Source ID="R30612">Ministère chargé des finances</Source></PourEnSavoirPlus><PourEnSavoirPlus type="Information pratique" ID="R47369" URL="https://www.impots.gouv.fr/portail/particulier/revenus-de-capitaux-mobiliers" audience="Particuliers"><Titre>Revenus de capitaux mobiliers et plus-values mobilières</Titre><Source ID="R30612">Ministère chargé des finances</Source></PourEnSavoirPlus><Definition ID="R1863"><Titre>Titre financier</Titre><Texte><Paragraphe>Titre négociable sur un marché financier : titre de capital (émis par une société par actions), titre de créance (obligations par exemple), part ou action d'organismes de placement collectif. Appelé aussi <Expression>valeur mobilière</Expression> ou <Expression>instrument financier</Expression>.</Paragraphe></Texte><Reference type="Texte de référence" URL="https://www.legifrance.gouv.fr/codes/id/LEGISCTA000006170017" ID="R43262"><Titre>Code monétaire et financier : article L211-1</Titre></Reference></Definition><Definition ID="R3018"><Titre>Abattement</Titre><Texte><Paragraphe>Réduction forfaitaire ou proportionnelle appliquée sur la base de calcul d'un impôt (revenus, valeur d'un bien, etc.)</Paragraphe></Texte></Definition><Abreviation ID="R42165" type="Sigle"><Titre>PEE</Titre><Texte><Paragraphe>Plan d'épargne d'entreprise</Paragraphe></Texte></Abreviation><Abreviation ID="R42167" type="Acronyme"><Titre>Perco</Titre><Texte><Paragraphe>Plan d'épargne pour la retraite collectif</Paragraphe></Texte></Abreviation><QuestionReponse ID="F62" audience="Particuliers"><Titre>Comment déterminer son domicile fiscal ?</Titre></QuestionReponse><QuestionReponse ID="F1419" audience="Particuliers"><Titre>Quel est le barème de l'impôt sur le revenu ?</Titre></QuestionReponse><QuestionReponse ID="F22449" audience="Particuliers"><Titre>Impôt sur le revenu - Comment sont imposés les revenus d'un plan d'épargne en actions (PEA) ?</Titre></QuestionReponse><QuestionReponse ID="F487" audience="Particuliers"><Titre>Impôt sur le revenu - Faut-il déclarer l'épargne salariale ?</Titre></QuestionReponse></Publication>