<?xml version="1.0" encoding="UTF-8"?><Publication xmlns:dc="http://purl.org/dc/elements/1.1/" xmlns:xsi="http://www.w3.org/2001/XMLSchema-instance" ID="F21819" type="Fiche d'information conditionnée" xsi:noNamespaceSchemaLocation="../Schemas/3.4/Publication.xsd" spUrl="https://www.service-public.fr/particuliers/vosdroits/F21819"><dc:title>Pension de réversion de l'époux(se) et de l'ex-époux(se) : décès d'un(e) fonctionnaire</dc:title><dc:creator>Direction de l'information légale et administrative</dc:creator><dc:subject>Famille - Scolarité</dc:subject><dc:description>Vous avez été marié(e) à un(e) fonctionnaire décédé(e) et vous voulez savoir si vous pouvez percevoir une pension de réversion ? Vous pouvez bénéficier d'une pension de réversion sous certaines conditions. La pension est égale à 50 % de la retraite de base que le fonctionnaire décédé percevait ou aurait pu percevoir. Nous vous donnons les informations utiles et vous expliquons les démarches à faire.</dc:description><dc:publisher>Direction de l'information légale et administrative</dc:publisher><dc:contributor>Direction de l'information légale et administrative (Premier ministre)</dc:contributor><dc:date>modified 2022-11-07</dc:date><dc:type>Fiche pratique</dc:type><dc:format>text/xml</dc:format><dc:identifier>F21819</dc:identifier><dc:source>https://www.legifrance.gouv.fr/codes/id/LEGISCTA000006148899/, https://www.legifrance.gouv.fr/codes/article_lc/LEGIARTI000006362863, https://www.legifrance.gouv.fr/codes/id/LEGISCTA000006148911, https://www.legifrance.gouv.fr/codes/id/LEGISCTA000006164405, https://www.legifrance.gouv.fr/codes/id/LEGISCTA000006148922/, https://www.legifrance.gouv.fr/codes/id/LEGISCTA000006148946/, https://www.legifrance.gouv.fr/codes/id/LEGISCTA000006134988, https://www.legifrance.gouv.fr/codes/id/LEGISCTA000006148876, https://www.legifrance.gouv.fr/loda/id/JORFTEXT000000803653/, https://www.legifrance.gouv.fr/loda/id/LEGITEXT000005753112/, https://www.legifrance.gouv.fr/loda/id/LEGITEXT000019412493/</dc:source><dc:language>Fr</dc:language><dc:relation>isPartOf N378</dc:relation><dc:coverage>France entière</dc:coverage><dc:rights>https://www.service-public.fr/a-propos/mentions-legales</dc:rights><SurTitre>Fiche pratique</SurTitre><Audience>Particuliers</Audience><Canal>www.service-public.fr</Canal><FilDAriane><Niveau ID="Particuliers">Accueil particuliers</Niveau><Niveau ID="N19805">Famille - Scolarité</Niveau><Niveau ID="N378">Pension de réversion</Niveau><Niveau ID="F21819" type="Fiche d'information conditionnée">Pension de réversion de l'époux(se) et de l'ex-époux(se) : décès d'un(e) fonctionnaire</Niveau></FilDAriane><Theme ID="N19805"><Titre>Famille - Scolarité</Titre></Theme><SousThemePere ID="N31161">Décès</SousThemePere><DossierPere ID="N378"><Titre>Pension de réversion</Titre><SousDossier ID="N378-1"><Titre>Secteur privé</Titre><Fiche ID="F13104">Pension de réversion</Fiche><Fiche ID="F2981">Pension d'invalidité pour la veuve ou le veuf d'un(e) salarié(e) décédé(e)</Fiche></SousDossier><SousDossier ID="N378-2"><Titre>Secteur public</Titre><Fiche ID="F21819">Pension de réversion de l'époux (et/ou ex-époux)</Fiche><Fiche ID="F21820">Pension d'orphelin</Fiche></SousDossier></DossierPere><SousDossierPere>Secteur public</SousDossierPere><RechercheGuideePere ID="F35774" audience="Particuliers"><Titre>Pension de réversion</Titre></RechercheGuideePere><Introduction><Texte><Paragraphe>Vous avez été marié(e) à un(e) fonctionnaire décédé(e) et vous voulez savoir si vous pouvez percevoir une pension de réversion ? Vous pouvez bénéficier d'une pension de réversion sous certaines conditions. La pension est égale à <Valeur>50 %</Valeur> de la retraite de base que le fonctionnaire décédé percevait ou aurait pu percevoir. Nous vous donnons les informations utiles et vous expliquons les démarches à faire.</Paragraphe></Texte></Introduction><Questionnaire><Question><Titre><Paragraphe>À quelle fonction publique appartenait la personne décédée ?</Paragraphe></Titre><Choix><Titre><Paragraphe>Fonction publique d'État</Paragraphe></Titre><IntituleSiSelectionne><Paragraphe>La personne décédée était fonctionnaire d'État</Paragraphe></IntituleSiSelectionne><SiSelectionne><affecteVrai var="T11233"/><affecteFaux var="T11234"/><affecteFaux var="T11235"/></SiSelectionne></Choix><Choix><Titre><Paragraphe>Fonction publique territoriale</Paragraphe></Titre><IntituleSiSelectionne><Paragraphe>La personne décédée était fonctionnaire territorial</Paragraphe></IntituleSiSelectionne><SiSelectionne><affecteVrai var="T11234"/><affecteFaux var="T11233"/><affecteFaux var="T11235"/></SiSelectionne></Choix><Choix><Titre><Paragraphe>Fonction publique hospitalière</Paragraphe></Titre><IntituleSiSelectionne><Paragraphe>La personne décédée était fonctionnaire hospitalier</Paragraphe></IntituleSiSelectionne><SiSelectionne><affecteVrai var="T11235"/><affecteFaux var="T11233"/><affecteFaux var="T11234"/></SiSelectionne></Choix></Question></Questionnaire><Texte><Paragraphe>Attention : le concubinage ou la conclusion d'un Pacs ne permettent pas d'obtenir une pension de réversion.</Paragraphe></Texte><ListeSituations affichage="onglet"><Situation><Titre>Vous êtes fonctionnaire d'État</Titre><Condition><estVrai var="T11233"/></Condition><Texte><Chapitre><Titre><Paragraphe>Qu'est-ce que la pension de réversion ?</Paragraphe></Titre><Paragraphe>Une partie de la pension de retraite que le fonctionnaire décédé percevait ou aurait pu percevoir vous est reversée.</Paragraphe></Chapitre><Chapitre><Titre><Paragraphe>Qui peut toucher une pension de réversion ?</Paragraphe></Titre><BlocCas affichage="radio"><Cas><Titre>Époux(se) d'un(e) fonctionnaire décédé(e)</Titre><Paragraphe>Pour toucher une pension de réversion, vous devez remplir <MiseEnEvidence>au moins une</MiseEnEvidence> des 4 conditions suivantes :</Paragraphe><Liste type="puce"><Item><Paragraphe>Vous avez au moins 1 enfant qui est issu de ce mariage, y compris les enfants nés avant le mariage, reconnus par le père au nom duquel les droits à pension ont été acquis</Paragraphe></Item><Item><Paragraphe>Votre mariage a duré au moins 4 ans (pour les couples de même sexe mariés au plus tard le 31 décembre 2014, la durée du Pacs précédant le mariage est prise en compte dans le calcul des 4 ans)</Paragraphe></Item><Item><Paragraphe>Votre mariage a été célébré 2 ans au moins avant la mise à la retraite du fonctionnaire décédé</Paragraphe></Item><Item><Paragraphe>Le/la défunt(e) touchait une pension d'invalidité et le mariage a eu lieu avant l'événement qui a entraîné sa mise à la retraite</Paragraphe></Item></Liste><Attention><Titre>Attention</Titre><Paragraphe>si vous <LienIntra LienID="R42442" type="Définition de glossaire">vivez de nouveau en couple</LienIntra> après le décès du fonctionnaire, vous perdez le bénéfice de la pension de réversion. Toutefois, vous pouvez demander à en bénéficier de nouveau si votre nouvelle union est rompue.</Paragraphe></Attention></Cas><Cas><Titre>Ex-époux(se) d'un(e) fonctionnaire décédé(e)</Titre><BlocCas affichage="radio"><Cas><Titre>Non remarié(e)</Titre><Paragraphe>Pour toucher une pension de réversion, vous devez remplir <MiseEnEvidence>au moins une</MiseEnEvidence> des 4 conditions suivantes :</Paragraphe><Liste type="puce"><Item><Paragraphe>Vous avez au moins 1 enfant qui est issu de ce mariage, y compris les enfants nés avant le mariage, reconnus par le père au nom duquel les droits à pension ont été acquis</Paragraphe></Item><Item><Paragraphe>Votre mariage a duré au moins 4 ans (pour les couples de même sexe mariés au plus tard le 31 décembre 2014, la durée du Pacs précédant le mariage est prise en compte dans le calcul des 4 ans)</Paragraphe></Item><Item><Paragraphe>Votre mariage a été célébré 2 ans au moins avant la mise à la retraite du fonctionnaire décédé</Paragraphe></Item><Item><Paragraphe>Le/la défunt(e) touchait une pension d'invalidité et le mariage a eu lieu avant l'événement qui a entraîné sa mise à la retraite</Paragraphe></Item></Liste><Attention><Titre>Attention</Titre><Paragraphe>si vous <LienIntra LienID="R42442" type="Définition de glossaire">vivez de nouveau en couple</LienIntra>, après le décès du fonctionnaire, vous perdez le bénéfice de la pension de réversion. Toutefois, vous pouvez demander à en bénéficier à nouveau si votre nouvelle union est rompue.</Paragraphe></Attention></Cas><Cas><Titre>Remarié(e) avant le décès du ou de la fonctionnaire</Titre><Paragraphe>Pour pouvoir toucher une pension de réversion, vous devez remplir <MiseEnEvidence>au moins une</MiseEnEvidence> des conditions suivantes :</Paragraphe><Liste type="puce"><Item><Paragraphe>Vous avez au moins 1 enfant est issu de ce mariage (y compris les enfants nés avant le mariage reconnus par le père, au nom duquel les droits à pension ont été acquis),</Paragraphe></Item><Item><Paragraphe>Votre mariage a duré au moins 4 ans (pour les couples de même sexe mariés au plus tard le 31 décembre 2014, la durée du Pacs précédant le mariage est prise en compte dans le calcul des 4 ans)</Paragraphe></Item><Item><Paragraphe>Votre mariage a été célébré 2 ans au moins avant la mise à la retraite du fonctionnaire décédé</Paragraphe></Item><Item><Paragraphe>Le/la défunt(e) touchait une pension d'invalidité et le mariage a eu lieu avant l'événement qui a entraîné sa mise à la retraite</Paragraphe></Item><Item><Paragraphe>Votre nouvelle union a cessé et vous n'avez pas acquis d'autres droits à pension de réversion pour cette nouvelle union</Paragraphe></Item><Item><Paragraphe>Le droit à pension, pour le compte du fonctionnaire décédé, ne doit pas être ouvert au profit d'un(e) autre époux(se) ou d'un orphelin</Paragraphe></Item></Liste><Attention><Titre>Attention</Titre><Paragraphe>si vous <LienIntra LienID="R42442" type="Définition de glossaire">vivez de nouveau en couple</LienIntra> après le décès du fonctionnaire, vous perdez le bénéfice de la pension de réversion. Vous pourrez demander à en bénéficier de nouveau si votre nouvelle union est rompue.</Paragraphe></Attention></Cas></BlocCas></Cas></BlocCas><Paragraphe>Lorsque vous changez de situation (remariage, divorce, etc.), vous devez le signaler au Service des retraites de l'État.</Paragraphe><OuSAdresser ID="R42337" sve="non" type="Centre de contact"><Titre>Service des retraites de l'État (SRE)</Titre><RessourceWeb URL="https://retraitesdeletat.gouv.fr/actif/contact"/></OuSAdresser><ASavoir><Titre>À savoir</Titre><Paragraphe>vous avez aussi droit, sous conditions, au paiement d'une <LienExterne URL="https://www.rafp.fr/actif/activite/reversion">prestation de réversion par la RAFP</LienExterne>.</Paragraphe></ASavoir></Chapitre><Chapitre><Titre><Paragraphe>Existe-t il des conditions d'âge et de ressources pour toucher la pension de réversion ?</Paragraphe></Titre><Paragraphe>Non, votre âge et vos ressources ne sont pas pris en compte pour obtenir la pension de réversion.</Paragraphe></Chapitre><Chapitre><Titre><Paragraphe>Comment savoir si vous pouvez bénéficier d'une pension de réversion ?</Paragraphe></Titre><Paragraphe>Pour savoir si vous pouvez bénéficier d'une pension de réversion, vous pouvez utiliser le simulateur suivant :</Paragraphe><ServiceEnLigne ID="R64787" URL="https://services.info-retraite.fr/service/simulateur-de-droit-a-la-reversion/" audience="Particuliers" type="Simulateur"><Titre>Simulateur de droit à la réversion</Titre><Source ID="R64788">Info retraite</Source></ServiceEnLigne><Paragraphe>Ce simulateur vous donne la liste des documents justificatis à fournir, et vous permet de faire votre demande en ligne.</Paragraphe></Chapitre><Chapitre><Titre><Paragraphe>Comment faire la demande de pension de réversion ?</Paragraphe></Titre><BlocCas affichage="radio"><Cas><Titre>Fonctionnaire décédé(e) en retraite</Titre><Introduction><Paragraphe>La pension de réversion n'est pas attribuée automatiquement. Vous devez la demander sur internet ou par courrier.</Paragraphe></Introduction><BlocCas affichage="radio"><Cas><Titre>Sur internet</Titre><Paragraphe>La demande s'effectue depuis votre compte personnel retraite :</Paragraphe><ServiceEnLigne ID="R58202" URL="https://www.info-retraite.fr/portail-services/drv" audience="Particuliers" type="Téléservice"><Titre>Demander ma réversion</Titre><Source ID="R64788">Info retraite</Source></ServiceEnLigne><Paragraphe>Pour obtenir des renseignements sur la demande de pension de réversion, vous pouvez contacter le Service des retraites de l’État.</Paragraphe><OuSAdresser ID="R42337" sve="non" type="Centre de contact"><Titre>Service des retraites de l'État (SRE)</Titre><RessourceWeb URL="https://retraitesdeletat.gouv.fr/actif/contact"/></OuSAdresser></Cas><Cas><Titre>Par courrier</Titre><Paragraphe>La demande s'effectue à l'aide d'un formulaire et de sa notice explicative.</Paragraphe><ServiceEnLigne ID="R1393" URL="https://www.service-public.fr/simulateur/calcul/11979" audience="Particuliers" numerocerfa="11979*10" type="Formulaire"><Titre>Demande de réversion à la suite du décès d’un fonctionnaire de l’État, d’un magistrat ou d’un militaire retraité</Titre><Source ID="R30612">Ministère chargé des finances</Source></ServiceEnLigne><Paragraphe>Si vous remplissez les conditions pour bénéficier d'une majoration pour enfants, vous devez remplir un 2e formulaire :</Paragraphe><ServiceEnLigne ID="R1348" URL="https://www.service-public.fr/simulateur/calcul/13582" audience="Particuliers" numerocerfa="13582*01" type="Formulaire"><Titre>Fonctionnaire de l'État décédé - Demande de majoration pour enfants de la pension de réversion</Titre><Source ID="R30612">Ministère chargé des finances</Source></ServiceEnLigne><Paragraphe>Vous devez transmettre la demande au Service des retraites de l’État.</Paragraphe><OuSAdresser ID="R42337" sve="non" type="Centre de contact"><Titre>Service des retraites de l'État (SRE)</Titre><RessourceWeb URL="https://retraitesdeletat.gouv.fr/actif/contact"/></OuSAdresser></Cas></BlocCas></Cas><Cas><Titre>Fonctionnaire décédé(e) en activité</Titre><Introduction><Paragraphe>La pension de réversion n'est pas attribuée automatiquement. Vous devez la demander sur internet ou par courrier.</Paragraphe></Introduction><BlocCas affichage="radio"><Cas><Titre>Sur internet</Titre><Paragraphe>La demande s'effectue depuis votre compte personnel retraite :</Paragraphe><ServiceEnLigne ID="R58202" URL="https://www.info-retraite.fr/portail-services/drv" audience="Particuliers" type="Téléservice"><Titre>Demander ma réversion</Titre><Source ID="R64788">Info retraite</Source></ServiceEnLigne><Paragraphe>Pour obtenir des renseignements sur la demande de pension de réversion, vous pouvez contacter le Service des retraites de l’État.</Paragraphe><OuSAdresser ID="R42337" sve="non" type="Centre de contact"><Titre>Service des retraites de l'État (SRE)</Titre><RessourceWeb URL="https://retraitesdeletat.gouv.fr/actif/contact"/></OuSAdresser></Cas><Cas><Titre>Par courrier</Titre><Paragraphe>La demande s'effectue à l'aide d'un formulaire et de sa notice explicative.</Paragraphe><ServiceEnLigne ID="R10692" URL="https://www.formulaires.service-public.fr/gf/cerfa_12231.do" audience="Particuliers" format="application/pdf" poids="633.4 KB" numerocerfa="12231*09" type="Formulaire"><Titre>Fonctionnaire de l'État, magistrat ou militaire décédé en activité - Demande de pension de réversion ou d'orphelin</Titre><Source ID="R30612">Ministère chargé des finances</Source></ServiceEnLigne><Paragraphe>Si vous remplissez les conditions pour bénéficier d'une majoration pour enfants, vous devez remplir un 2e formulaire :</Paragraphe><ServiceEnLigne ID="R1348" URL="https://www.service-public.fr/simulateur/calcul/13582" audience="Particuliers" numerocerfa="13582*01" type="Formulaire"><Titre>Fonctionnaire de l'État décédé - Demande de majoration pour enfants de la pension de réversion</Titre><Source ID="R30612">Ministère chargé des finances</Source></ServiceEnLigne><Paragraphe>Pour obtenir des renseignements sur la demande de pension de réversion, vous pouvez contacter le Service des retraites de l’État.</Paragraphe><OuSAdresser ID="R42337" sve="non" type="Centre de contact"><Titre>Service des retraites de l'État (SRE)</Titre><RessourceWeb URL="https://retraitesdeletat.gouv.fr/actif/contact"/></OuSAdresser></Cas></BlocCas></Cas></BlocCas></Chapitre><Chapitre><Titre><Paragraphe>Quel est le montant de la pension de réversion ?</Paragraphe></Titre><BlocCas affichage="radio"><Cas><Titre>Le/la défunt(e) a été marié(e) une seule fois</Titre><Paragraphe>La pension de réversion est égale à <Valeur>50 %</Valeur> de la retraite de base que le fonctionnaire décédé percevait ou aurait pu percevoir.</Paragraphe><Paragraphe>Si vos ressources (y compris le montant de la pension de réversion) sont inférieures au <LienInterne LienPublication="F2544" type="Fiche Question-réponse conditionnée" audience="Particuliers">montant du minimum vieillesse</LienInterne>, un complément de pension vous est versé pour atteindre ce minimum.</Paragraphe><Paragraphe>La pension de réversion peut être augmentée de la <LienInterne LienPublication="F16494" type="Fiche Question-réponse conditionnée" audience="Particuliers">moitié du montant de la majoration pour enfants</LienInterne> que le fonctionnaire décédé percevait ou aurait pu percevoir. Pour bénéficier de cette augmentation, vous devez avoir élevé au moins 3 enfants pendant au moins 9 ans avant leur 16<Exposant>e</Exposant> anniversaire ou avant l'âge où ils ont cessé d'être à charge.</Paragraphe></Cas><Cas><Titre>Le/la défunt(e) a été marié(e) plusieurs fois</Titre><Paragraphe>La pension de réversion est partagée entre l'époux et les ex-époux du fonctionnaire décédé.</Paragraphe><Paragraphe>Ce partage est proportionnel à la durée de chaque mariage.</Paragraphe></Cas></BlocCas><Paragraphe>Si le/la défunt(e) était invalide, le montant de la pension de réversion peut être augmenté de la moitié de la rente d'invalidité qu'il percevait.</Paragraphe><ASavoir><Titre>À savoir</Titre><Paragraphe>Le montant de la pension de réversion n'est pas plafonné.</Paragraphe></ASavoir></Chapitre><Chapitre><Titre><Paragraphe>Le versement de la pension de réversion est-il automatique ?</Paragraphe></Titre><Paragraphe>Le versement de la pension de réversion <MiseEnEvidence>n'est pas automatique</MiseEnEvidence>. Vous devez le demander.</Paragraphe><Paragraphe>Les sommes auxquelles vous pourrez avoir droit seront limitées à l'année en cours et aux 3 années civiles (du 1<Exposant>er</Exposant> janvier au 31 décembre) la précédant.</Paragraphe><Exemple><Titre>Exemple</Titre><Paragraphe>Si vous faites votre demande le 16 septembre 2022 alors que le décès de votre époux(se) est intervenu le 16 septembre 2012, les sommes vous revenant au titre de la réversion ne pourront pas aller au-delà du 1<Exposant>er</Exposant> janvier 2019.</Paragraphe></Exemple><BlocCas affichage="radio"><Cas><Titre>Fonctionnaire décédé(e) en retraite</Titre><Paragraphe>La pension du fonctionnaire est payée jusqu'à la fin du mois de son décès.</Paragraphe><Paragraphe>Par exemple, si le fonctionnaire décède le 16 septembre 2022, sa pension est payée jusqu'au 30 septembre 2022.</Paragraphe><Paragraphe>Le point de départ de la pension de réversion est fixé au<MiseEnEvidence> 1<Exposant>er</Exposant> jour du mois suivant le décès</MiseEnEvidence> (c'est-à-dire, dans l'exemple précédent, au 1<Exposant>er</Exposant> octobre 2022).</Paragraphe></Cas><Cas><Titre>Fonctionnaire décédé(e) en activité</Titre><Paragraphe>Le point de départ de la pension de réversion est fixé au<MiseEnEvidence> lendemain du décès.</MiseEnEvidence></Paragraphe></Cas></BlocCas></Chapitre></Texte></Situation><Situation><Titre>Vous êtes fonctionnaire territorial</Titre><Condition><estVrai var="T11234"/></Condition><Texte><Chapitre><Titre><Paragraphe>Qu'est-ce que la pension de réversion ?</Paragraphe></Titre><Paragraphe>Une partie de la pension de retraite que le ou la fonctionnaire décédé(e) percevait ou aurait pu percevoir vous est reversée.</Paragraphe></Chapitre><Chapitre><Titre><Paragraphe>Qui peut toucher une pension de réversion ?</Paragraphe></Titre><BlocCas affichage="radio"><Cas><Titre>Époux(se) d'un(e) fonctionnaire décédé(e)</Titre><Paragraphe>Pour toucher une pension de réversion, vous devez remplir <MiseEnEvidence>au moins une</MiseEnEvidence> des 4 conditions suivantes :</Paragraphe><Liste type="puce"><Item><Paragraphe>Vous avez au moins 1 enfant qui est issu de ce mariage, y compris les enfants nés avant le mariage, reconnus par le père au nom duquel les droits à pension ont été acquis</Paragraphe></Item><Item><Paragraphe>Votre mariage a duré au moins 4 ans (pour les couples de même sexe mariés au plus tard le 31 décembre 2014, la durée du Pacs précédant le mariage est prise en compte dans le calcul des 4 ans)</Paragraphe></Item><Item><Paragraphe>Votre mariage a été célébré 2 ans au moins avant la mise à la retraite du fonctionnaire décédé</Paragraphe></Item><Item><Paragraphe>Le/la défunt(e) touchait une pension d'invalidité et le mariage a eu lieu avant l'événement qui a entraîné sa mise à la retraite</Paragraphe></Item></Liste><ASavoir><Titre>À savoir</Titre><Paragraphe>si vous <LienIntra LienID="R42442" type="Définition de glossaire">vivez de nouveau en couple</LienIntra> après le décès du fonctionnaire, vous perdez le bénéfice de la pension de réversion. Toutefois, vous pouvez demander à en bénéficier de nouveau si votre nouvelle union est rompue.</Paragraphe></ASavoir></Cas><Cas><Titre>Ex-époux(se) d'un(e) fonctionnaire décédé(e)</Titre><BlocCas affichage="radio"><Cas><Titre>Non remarié(e)</Titre><Paragraphe>Pour toucher une pension de réversion, vous devez remplir <MiseEnEvidence>au moins une</MiseEnEvidence> des 4 conditions suivantes :</Paragraphe><Liste type="puce"><Item><Paragraphe>Vous avez au moins 1 enfant qui est issu de ce mariage, y compris les enfants nés avant le mariage, reconnus par le père au nom duquel les droits à pension ont été acquis</Paragraphe></Item><Item><Paragraphe>Votre mariage a duré au moins 4 ans (pour les couples de même sexe mariés au plus tard le 31 décembre 2014, la durée du Pacs précédant le mariage est prise en compte dans le calcul des 4 ans)</Paragraphe></Item><Item><Paragraphe>Votre mariage a été célébré 2 ans au moins avant la mise à la retraite du fonctionnaire décédé</Paragraphe></Item><Item><Paragraphe>Le/la défunt(e) touchait une pension d'invalidité et le mariage a eu lieu avant l'événement qui a entraîné sa mise à la retraite</Paragraphe></Item></Liste><Attention><Titre>Attention</Titre><Paragraphe>si vous <LienIntra LienID="R42442" type="Définition de glossaire">vivez de nouveau en couple</LienIntra> après le décès du fonctionnaire, vous perdez le bénéfice de la pension de réversion. Toutefois, vous pouvez demander à en bénéficier de nouveau si votre nouvelle union est rompue.</Paragraphe></Attention></Cas><Cas><Titre>Remarié(e) avant le décès du ou de la fonctionnaire</Titre><Paragraphe>Pour pouvoir toucher une pension de réversion, vous devez remplir <MiseEnEvidence>au moins une</MiseEnEvidence> des conditions suivantes :</Paragraphe><Liste type="puce"><Item><Paragraphe>Vous avez au moins 1 enfant est issu de ce mariage (y compris les enfants nés avant le mariage reconnus par le père, au nom duquel les droits à pension ont été acquis),</Paragraphe></Item><Item><Paragraphe>Votre mariage a duré au moins 4 ans (pour les couples de même sexe mariés au plus tard le 31 décembre 2014, la durée du Pacs précédant le mariage est prise en compte dans le calcul des 4 ans)</Paragraphe></Item><Item><Paragraphe>Votre mariage a été célébré 2 ans au moins avant la mise à la retraite du fonctionnaire décédé</Paragraphe></Item><Item><Paragraphe>Le/la défunt(e) touchait une pension d'invalidité et le mariage a eu lieu avant l'événement qui a entraîné sa mise à la retraite</Paragraphe></Item><Item><Paragraphe>Votre nouvelle union a cessé et vous n'avez pas acquis d'autres droits à pension de réversion pour cette nouvelle union</Paragraphe></Item><Item><Paragraphe>Le droit à pension, pour le compte du fonctionnaire décédé, ne doit pas être ouvert au profit d'un(e) autre époux(se) ou d'un orphelin</Paragraphe></Item></Liste><Attention><Titre>Attention</Titre><Paragraphe>si vous <LienIntra LienID="R42442" type="Définition de glossaire">vivez de nouveau en couple</LienIntra> après le décès du fonctionnaire, vous perdez le bénéfice de la pension de réversion. Toutefois, vous pouvez demander à en bénéficier de nouveau si votre nouvelle union est rompue.</Paragraphe></Attention></Cas></BlocCas></Cas></BlocCas><Paragraphe>Lorsque vous changez de situation (remariage, divorce, etc.), vous devez le signaler à la Caisse nationale de retraite des agents des collectivités locales.</Paragraphe><OuSAdresser ID="R216" sve="non" type="National"><Titre>Caisse nationale de retraite des agents des collectivités locales (CNRACL)</Titre><RessourceWeb URL="https://www.cnracl.retraites.fr/aide-et-contact"/></OuSAdresser><ASavoir><Titre>À savoir</Titre><Paragraphe>vous avez aussi droit, sous conditions, au paiement d'une <LienExterne URL="https://www.rafp.fr/actif/activite/reversion">prestation de réversion par la RAFP</LienExterne>.</Paragraphe></ASavoir></Chapitre><Chapitre><Titre><Paragraphe>Existe-t il des conditions d'âge et de ressources pour toucher la pension de réversion ?</Paragraphe></Titre><Paragraphe>Non, votre âge et vos ressources ne sont pas pris en compte pour obtenir la pension de réversion.</Paragraphe></Chapitre><Chapitre><Titre><Paragraphe>Comment savoir si vous pouvez bénéficier d'une pension de réversion ?</Paragraphe></Titre><Paragraphe>Pour savoir si vous pouvez bénéficier d'une pension de réversion, vous pouvez utliser le simulateur suivant :</Paragraphe><ServiceEnLigne ID="R64787" URL="https://services.info-retraite.fr/service/simulateur-de-droit-a-la-reversion/" audience="Particuliers" type="Simulateur"><Titre>Simulateur de droit à la réversion</Titre><Source ID="R64788">Info retraite</Source></ServiceEnLigne><Paragraphe>Ce simulateur vous donne la liste des documents justificatis à fournir, et vous permet de faire votre demande en ligne.</Paragraphe></Chapitre><Chapitre><Titre><Paragraphe>Comment faire la demande de pension de réversion ?</Paragraphe></Titre><BlocCas affichage="radio"><Cas><Titre>Fonctionnaire décédé(e) en activité</Titre><Paragraphe>La pension doit être demandée par l'intermédiaire de la collectivité employeur.</Paragraphe></Cas><Cas><Titre>Fonctionnaire décédé(e) en retraite</Titre><Introduction><Paragraphe>La pension de réversion n'est pas attribuée automatiquement. Vous devez la demander sur internet ou par courrier.</Paragraphe></Introduction><BlocCas affichage="radio"><Cas><Titre>Sur internet</Titre><Paragraphe>La demande s'effectue depuis votre compte personnel retraite :</Paragraphe><ServiceEnLigne ID="R58202" URL="https://www.info-retraite.fr/portail-services/drv" audience="Particuliers" type="Téléservice"><Titre>Demander ma réversion</Titre><Source ID="R64788">Info retraite</Source></ServiceEnLigne></Cas><Cas><Titre>Par courrier</Titre><Paragraphe>Vous devez remplir le formulaire suivant :</Paragraphe><ServiceEnLigne ID="R32306" URL="https://www.cdc.retraites.fr/portail/IMG/pdf/reversion_cjt.pdf?cible=_actif" audience="Particuliers" format="application/pdf" poids="141.6 KB" type="Formulaire"><Titre>Agent des collectivités locales décédé en retraite - Demande de pension de réversion (époux, ex-époux, orphelin)</Titre><Source ID="R30623">Caisse nationale de retraite des agents des collectivités locales (CNRACL)</Source></ServiceEnLigne><Paragraphe>Vous pouvez aussi obtenir un dossier à compléter auprès de la Caisse nationale de retraites des agents des collectivités locales (CNRACL).</Paragraphe><Paragraphe>Vous devez envoyer votre demande de pension de réversion à la CNRACL.</Paragraphe><OuSAdresser ID="R216" sve="non" type="National"><Titre>Caisse nationale de retraite des agents des collectivités locales (CNRACL)</Titre><RessourceWeb URL="https://www.cnracl.retraites.fr/aide-et-contact"/></OuSAdresser></Cas></BlocCas></Cas></BlocCas></Chapitre><Chapitre><Titre><Paragraphe>Quel est le montant de la pension de réversion ?</Paragraphe></Titre><BlocCas affichage="radio"><Cas><Titre>Le/la défunt(e) a été marié(e) au moins une fois</Titre><Paragraphe>La pension de réversion est égale à <Valeur>50 %</Valeur> de la retraite de base que le ou la fonctionnaire décédé(e) percevait ou aurait pu percevoir.</Paragraphe><Paragraphe>Si vos ressources (y compris le montant de la pension de réversion) sont inférieures au <LienInterne LienPublication="F2544" type="Fiche Question-réponse conditionnée" audience="Particuliers">montant du minimum vieillesse</LienInterne>, un complément de pension vous est versé pour atteindre ce minimum.</Paragraphe><Paragraphe>La pension de réversion peut être augmentée de la <LienInterne LienPublication="F16494" type="Fiche Question-réponse conditionnée" audience="Particuliers">moitié du montant de la majoration pour enfants</LienInterne> que le fonctionnaire décédé percevait ou aurait pu percevoir. Pour bénéficier de cette augmentation, vous devez avoir élevé au moins 3 enfants pendant au moins 9 ans avant leur 16<Exposant>e</Exposant> anniversaire ou avant l'âge où ils ont cessé d'être à charge.</Paragraphe></Cas><Cas><Titre>Le/la défunt(e) a été marié(e) plusieurs fois</Titre><Paragraphe>La pension de réversion est partagée entre l'époux et les ex-époux du fonctionnaire décédé.</Paragraphe><Paragraphe>Ce partage est proportionnel à la durée de chaque mariage.</Paragraphe></Cas></BlocCas><Paragraphe>Si le fonctionnaire décédé était invalide, le montant de la pension de réversion peut être augmenté de la moitié de la rente d'invalidité qu'il percevait.</Paragraphe><ASavoir><Titre>À savoir</Titre><Paragraphe>Le montant de la pension de réversion n'est pas plafonné.</Paragraphe></ASavoir></Chapitre><Chapitre><Titre><Paragraphe>Le versement de la pension de réversion est-il automatique ?</Paragraphe></Titre><Paragraphe>Le versement de la pension de réversion <MiseEnEvidence>n'est pas automatique</MiseEnEvidence>. Vous devez le demander.</Paragraphe><Paragraphe>Les sommes auxquelles vous pourrez avoir droit seront limitées à l'année en cours et aux 3 années civiles (du 1<Exposant>er</Exposant> janvier au 31 décembre) la précédant.</Paragraphe><Exemple><Titre>Exemple</Titre><Paragraphe>Si vous faites votre demande le 16 septembre 2022 alors que le décès de votre époux(se) est intervenu le 16 septembre 2012, les sommes vous revenant au titre de la réversion ne pourront pas aller au-delà du 1<Exposant>er</Exposant> janvier 2019.</Paragraphe></Exemple><BlocCas affichage="radio"><Cas><Titre>Fonctionnaire décédé(e) en retraite</Titre><Paragraphe>La pension du fonctionnaire est payée jusqu'à la fin du mois de son décès.</Paragraphe><Paragraphe>Par exemple, si le fonctionnaire décède le 16 septembre 2022, sa pension est payée jusqu'au 30 septembre 2022.</Paragraphe><Paragraphe>Le point de départ de la pension de réversion est fixé au 1<Exposant>er</Exposant> jour du mois suivant le décès (dans l'exemple précédent, au 1<Exposant>er</Exposant> octobre 2022).</Paragraphe></Cas><Cas><Titre>Fonctionnaire décédé(e) en activité</Titre><Paragraphe>Le point de départ de la pension de réversion est fixé au<MiseEnEvidence> lendemain du décès</MiseEnEvidence>.</Paragraphe></Cas></BlocCas></Chapitre></Texte></Situation><Situation><Titre>Vous êtes fonctionnaire hospitalier</Titre><Condition><estVrai var="T11235"/></Condition><Texte><Chapitre><Titre><Paragraphe>Qu'est-ce que la pension de réversion ?</Paragraphe></Titre><Paragraphe>Une partie de la pension de retraite que le fonctionnaire décédé percevait ou aurait pu percevoir vous est reversée.</Paragraphe></Chapitre><Chapitre><Titre><Paragraphe>Qui peut toucher une pension de réversion ?</Paragraphe></Titre><BlocCas affichage="radio"><Cas><Titre>Époux(se) du ou de la fonctionnaire décédé(e)</Titre><Paragraphe>Pour toucher une pension de réversion, vous devez remplir <MiseEnEvidence>au moins une</MiseEnEvidence> des 4 conditions suivantes :</Paragraphe><Liste type="puce"><Item><Paragraphe>Vous avez au moins 1 enfant qui est issu de ce mariage, y compris les enfants nés avant le mariage, reconnus par le père au nom duquel les droits à pension ont été acquis</Paragraphe></Item><Item><Paragraphe>Votre mariage a duré au moins 4 ans (pour les couples de même sexe mariés au plus tard le 31 décembre 2014, la durée du Pacs précédant le mariage est prise en compte dans le calcul des 4 ans)</Paragraphe></Item><Item><Paragraphe>Votre mariage a été célébré 2 ans au moins avant la mise à la retraite du fonctionnaire décédé</Paragraphe></Item><Item><Paragraphe>Le/la défunt(e) touchait une pension d'invalidité et le mariage a eu lieu avant l'événement qui a entraîné sa mise à la retraite</Paragraphe></Item></Liste><ASavoir><Titre>À savoir</Titre><Paragraphe>si vous <LienIntra LienID="R42442" type="Définition de glossaire">vivez de nouveau en couple</LienIntra> après le décès du fonctionnaire, vous perdez le bénéfice de la pension de réversion. Toutefois, vous pouvez demander à en bénéficier de nouveau si votre nouvelle union est rompue.</Paragraphe></ASavoir></Cas><Cas><Titre>Ex-époux(se) du ou de la fonctionnaire décédé(e)</Titre><BlocCas affichage="radio"><Cas><Titre>Non remarié(e)</Titre><Paragraphe>Pour toucher une pension de réversion, vous devez remplir <MiseEnEvidence>au moins une</MiseEnEvidence> des 4 conditions suivantes :</Paragraphe><Liste type="puce"><Item><Paragraphe>Vous avez au moins 1 enfant qui est issu de ce mariage, y compris les enfants nés avant le mariage, reconnus par le père au nom duquel les droits à pension ont été acquis</Paragraphe></Item><Item><Paragraphe>Votre mariage a duré au moins 4 ans (pour les couples de même sexe mariés au plus tard le 31 décembre 2014, la durée du Pacs précédant le mariage est prise en compte dans le calcul des 4 ans)</Paragraphe></Item><Item><Paragraphe>Votre mariage a été célébré 2 ans au moins avant la mise à la retraite du fonctionnaire décédé</Paragraphe></Item><Item><Paragraphe>Le/la défunt(e) touchait une pension d'invalidité et le mariage a eu lieu avant l'événement qui a entraîné sa mise à la retraite</Paragraphe></Item></Liste><Attention><Titre>Attention</Titre><Paragraphe>si vous <LienIntra LienID="R42442" type="Définition de glossaire">vivez de nouveau en couple</LienIntra> après le décès du fonctionnaire, vous perdez le bénéfice de la pension de réversion. Toutefois, vous pouvez demander à en bénéficier de nouveau si votre nouvelle union est rompue.</Paragraphe></Attention></Cas><Cas><Titre>Remarié(e) avant le décès du ou de la fonctionnaire</Titre><Paragraphe>Pour pouvoir toucher une pension de réversion, vous devez remplir <MiseEnEvidence>au moins une</MiseEnEvidence> des conditions suivantes :</Paragraphe><Liste type="puce"><Item><Paragraphe>Vous avez au moins 1 enfant est issu de ce mariage (y compris les enfants nés avant le mariage reconnus par le père, au nom duquel les droits à pension ont été acquis),</Paragraphe></Item><Item><Paragraphe>Votre mariage a duré au moins 4 ans (pour les couples de même sexe mariés au plus tard le 31 décembre 2014, la durée du Pacs précédant le mariage est prise en compte dans le calcul des 4 ans)</Paragraphe></Item><Item><Paragraphe>Votre mariage a été célébré 2 ans au moins avant la mise à la retraite du fonctionnaire décédé</Paragraphe></Item><Item><Paragraphe>Le/la défunt(e) touchait une pension d'invalidité et le mariage a eu lieu avant l'événement qui a entraîné sa mise à la retraite</Paragraphe></Item><Item><Paragraphe>Votre nouvelle union a cessé et vous n'avez pas acquis d'autres droits à pension de réversion pour cette nouvelle union</Paragraphe></Item><Item><Paragraphe>Le droit à pension, pour le compte du fonctionnaire décédé, ne doit pas être ouvert au profit d'un(e) autre époux(se) ou d'un orphelin</Paragraphe></Item></Liste><Attention><Titre>Attention</Titre><Paragraphe>si vous <LienIntra LienID="R42442" type="Définition de glossaire">vivez de nouveau en couple</LienIntra> après le décès du fonctionnaire, vous perdez le bénéfice de la pension de réversion. Toutefois, vous pouvez demander à en bénéficier à nouveau si votre nouvelle union est rompue.</Paragraphe></Attention></Cas></BlocCas></Cas></BlocCas><Paragraphe>Lorsque vous changez de situation (remariage, divorce, etc.), vous devez le signaler à la Caisse nationale de retraite des agents des collectivités locales. Elle gère les demandes à la fois pour la fonction publique territoriale et la fonction publique hospitalière.</Paragraphe><OuSAdresser ID="R216" sve="non" type="National"><Titre>Caisse nationale de retraite des agents des collectivités locales (CNRACL)</Titre><RessourceWeb URL="https://www.cnracl.retraites.fr/aide-et-contact"/></OuSAdresser><ASavoir><Titre>À savoir</Titre><Paragraphe>vous avez aussi droit, sous conditions, au paiement d'une <LienExterne URL="https://www.rafp.fr/actif/activite/reversion">prestation de réversion par la RAFP</LienExterne>.</Paragraphe></ASavoir></Chapitre><Chapitre><Titre><Paragraphe>Comment savoir si vous pouvez bénéficier d'une pension de réversion ?</Paragraphe></Titre><Paragraphe>Pour savoir si vous pouvez bénéficier d'une pension de réversion, vous pouvez utliser le simulateur suivant :</Paragraphe><ServiceEnLigne ID="R64787" URL="https://services.info-retraite.fr/service/simulateur-de-droit-a-la-reversion/" audience="Particuliers" type="Simulateur"><Titre>Simulateur de droit à la réversion</Titre><Source ID="R64788">Info retraite</Source></ServiceEnLigne><Paragraphe>Ce simulateur vous donne la liste des documents justificatis à fournir, et vous permet de faire votre demande en ligne.</Paragraphe></Chapitre><Chapitre><Titre><Paragraphe>Comment faire la demande de pension de réversion ?</Paragraphe></Titre><BlocCas affichage="radio"><Cas><Titre>Fonctionnaire décédé(e) en activité</Titre><Paragraphe>La pension doit être demandée par l'intermédiaire de l'établissement employeur.</Paragraphe></Cas><Cas><Titre>Fonctionnaire décédé(e) en retraite</Titre><Introduction><Paragraphe>La pension de réversion n'est pas attribuée automatiquement. Vous devez la demander sur internet ou par courrier.</Paragraphe></Introduction><BlocCas affichage="radio"><Cas><Titre>Sur internet</Titre><Paragraphe>La demande s'effectue depuis votre compte personnel retraite :</Paragraphe><ServiceEnLigne ID="R58202" URL="https://www.info-retraite.fr/portail-services/drv" audience="Particuliers" type="Téléservice"><Titre>Demander ma réversion</Titre><Source ID="R64788">Info retraite</Source></ServiceEnLigne></Cas><Cas><Titre>Par courrier</Titre><Paragraphe>La demande s'effectue à l'aide du formulaire suivant :</Paragraphe><ServiceEnLigne ID="R32306" URL="https://www.cdc.retraites.fr/portail/IMG/pdf/reversion_cjt.pdf?cible=_actif" audience="Particuliers" format="application/pdf" poids="141.6 KB" type="Formulaire"><Titre>Agent des collectivités locales décédé en retraite - Demande de pension de réversion (époux, ex-époux, orphelin)</Titre><Source ID="R30623">Caisse nationale de retraite des agents des collectivités locales (CNRACL)</Source></ServiceEnLigne><Paragraphe>Vous pouvez aussi obtenir un dossier à compléter auprès de la Caisse nationale de retraites des agents des collectivités locales (CNRACL).</Paragraphe><Paragraphe>Vous devez envoyer votre demande de pension de réversion à la <LienInterne LienPublication="R31192" type="Sigle">CNRACL</LienInterne>.</Paragraphe><OuSAdresser ID="R216" sve="non" type="National"><Titre>Caisse nationale de retraite des agents des collectivités locales (CNRACL)</Titre><RessourceWeb URL="https://www.cnracl.retraites.fr/aide-et-contact"/></OuSAdresser></Cas></BlocCas></Cas></BlocCas></Chapitre><Chapitre><Titre><Paragraphe>Quel est le montant de la pension de réversion ?</Paragraphe></Titre><BlocCas affichage="radio"><Cas><Titre>Le/la défunt(e) a été marié(e) au moins une fois</Titre><Paragraphe>La pension de réversion est égale à <Valeur>50 %</Valeur> de la retraite de base que le ou la fonctionnaire décédé(e) percevait ou aurait pu percevoir.</Paragraphe><Paragraphe>Si vos ressources (y compris le montant de la pension de réversion) sont inférieures au <LienInterne LienPublication="F2544" type="Fiche Question-réponse conditionnée" audience="Particuliers">montant du minimum vieillesse</LienInterne>, un complément de pension vous est versé pour atteindre ce minimum.</Paragraphe><Paragraphe>La pension de réversion peut être augmentée de la <LienInterne LienPublication="F16494" type="Fiche Question-réponse conditionnée" audience="Particuliers">moitié du montant de la majoration pour enfants</LienInterne> que le fonctionnaire décédé percevait ou aurait pu percevoir. Pour bénéficier de cette majoration, vous devez avoir élevé au moins 3 enfants pendant au moins 9 ans avant leur 16<Exposant>e</Exposant> anniversaire ou avant l'âge où ils ont cessé d'être à charge.</Paragraphe></Cas><Cas><Titre>Le/la défunt(e) a été marié(e) plusieurs fois</Titre><Paragraphe>La pension de réversion est partagée entre l'époux et les ex-époux du ou de la fonctionnaire décédé(e).</Paragraphe><Paragraphe>Ce partage est proportionnel à la durée de chaque mariage.</Paragraphe></Cas></BlocCas><Paragraphe>Si le/la défunt(e) était invalide, le montant de la pension de réversion peut être augmenté de la moitié de la rente d'invalidité qu'il percevait.</Paragraphe></Chapitre><Chapitre><Titre><Paragraphe>Comment est versée la pension de réversion ?</Paragraphe></Titre><Paragraphe>Le versement de la pension de réversion <MiseEnEvidence>n'est pas automatique</MiseEnEvidence>. Vous devez le demander.</Paragraphe><Paragraphe>Les sommes auxquelles vous pourrez avoir droit seront limitées à l'année en cours et aux 3 années civiles (du 1<Exposant>er</Exposant> janvier au 31 décembre) la précédant.</Paragraphe><Exemple><Titre>Exemple</Titre><Paragraphe>Si vous faites votre demande le 16 septembre 2022 alors que le décès de votre époux(se) est intervenu le 16 septembre 2012, les sommes vous revenant au titre de la réversion ne pourront pas aller au-delà du 1<Exposant>er</Exposant> janvier 2019.</Paragraphe></Exemple><BlocCas affichage="radio"><Cas><Titre>Fonctionnaire décédé(e) en retraite</Titre><Paragraphe>La pension du fonctionnaire est payée jusqu'à la fin du mois de son décès.</Paragraphe><Paragraphe>Par exemple, si le fonctionnaire décède le 16 septembre 2022, sa pension est payée jusqu'au 30 septembre 2022.</Paragraphe><Paragraphe>Le point de départ de la pension de réversion est fixé au 1<Exposant>er</Exposant> jour du mois suivant le décès (dans l'exemple précédent, au 1<Exposant>er</Exposant> octobre 2022).</Paragraphe></Cas><Cas><Titre>Fonctionnaire décédé(e) en activité</Titre><Paragraphe>Le point de départ de la pension de réversion est fixé au<MiseEnEvidence> lendemain du décès.</MiseEnEvidence></Paragraphe></Cas></BlocCas></Chapitre></Texte></Situation></ListeSituations><VoirAussi important="non"><Dossier ID="N378" audience="Particuliers"><Titre>Pension de réversion</Titre><Theme ID="N19805"><Titre>Famille - Scolarité</Titre></Theme></Dossier><Dossier ID="N379" audience="Particuliers"><Titre>Retraite d'un agent public</Titre><Theme ID="N19806"><Titre>Travail - Formation</Titre></Theme></Dossier><Fiche ID="F550" audience="Particuliers"><Titre>Retraite pour invalidité dans la fonction publique</Titre><Theme ID="N19811"><Titre>Social - Santé</Titre></Theme></Fiche></VoirAussi><QuiPeutMAider ID="R42337" sve="non" type="Centre de contact"><Titre>Service des retraites de l'État (SRE)</Titre><Complement>Si la personne décédée était fonctionnaire de l'État</Complement><RessourceWeb URL="https://retraitesdeletat.gouv.fr/actif/contact"/></QuiPeutMAider><QuiPeutMAider ID="R216" sve="non" type="National"><Titre>Caisse nationale de retraite des agents des collectivités locales (CNRACL)</Titre><Complement>Si la personne décédée était fonctionnaire territorial ou hospitalier</Complement><RessourceWeb URL="https://www.cnracl.retraites.fr/aide-et-contact"/></QuiPeutMAider><Reference type="Texte de référence" URL="https://www.legifrance.gouv.fr/codes/id/LEGISCTA000006148899/" ID="R32269"><Titre>Code des pensions civiles et militaires de retraite : articles L38 à L46</Titre><Complement>Droit à pension de l'époux (articles L38 et L39), répartition de la pension (article L43), droit du conjoint divorcé (articles L44 et L46)</Complement></Reference><Reference type="Texte de référence" URL="https://www.legifrance.gouv.fr/codes/article_lc/LEGIARTI000006362863" ID="R60129"><Titre>Code des pensions civiles et militaires de retraite : article L 93</Titre></Reference><Reference type="Texte de référence" URL="https://www.legifrance.gouv.fr/codes/id/LEGISCTA000006148911" ID="R32315"><Titre>Code des pensions civiles et militaires de retraite : articles L87 à L88</Titre><Complement>Règles de cumul de pensions (article L88)</Complement></Reference><Reference type="Texte de référence" URL="https://www.legifrance.gouv.fr/codes/id/LEGISCTA000006164405" ID="R32270"><Titre>Code des pensions civiles et militaires de retraite : articles R*32 à R33 bis</Titre><Complement>Majoration de pension pour les enfants recueillis (article R*32 bis)</Complement></Reference><Reference type="Texte de référence" URL="https://www.legifrance.gouv.fr/codes/id/LEGISCTA000006148922/" ID="R32272"><Titre>Code des pensions civiles et militaires de retraite : articles R53 à R57 bis</Titre><Complement>Droit à pension de l'époux</Complement></Reference><Reference type="Texte de référence" URL="https://www.legifrance.gouv.fr/codes/id/LEGISCTA000006148946/" ID="R32271"><Titre>Code des pensions civiles et militaires de retraite : articles R96 à R98</Titre><Complement>Paiement (article R98)</Complement></Reference><Reference type="Texte de référence" URL="https://www.legifrance.gouv.fr/codes/id/LEGISCTA000006134988" ID="R32273"><Titre>Code des pensions civiles et militaires de retraite : articles D19-1 à D19-6</Titre><Complement>Montant (article D19-1)</Complement></Reference><Reference type="Texte de référence" URL="https://www.legifrance.gouv.fr/codes/id/LEGISCTA000006148876" ID="R32288"><Titre>Code des pensions civiles et militaires de retraite : articles D20 à D26</Titre><Complement>Pièces à fournir (articles D23 et D26)</Complement></Reference><Reference type="Texte de référence" URL="https://www.legifrance.gouv.fr/loda/id/JORFTEXT000000803653/" ID="R1807"><Titre>Décret n°2004-569 du 18 juin 2004 relatif à la retraite additionnelle de la fonction publique</Titre><Complement>Droit à une prestation de réversion (article 10)</Complement></Reference><Reference type="Texte de référence" URL="https://www.legifrance.gouv.fr/loda/id/LEGITEXT000005753112/" ID="R13435"><Titre>Décret n°2003-1306 du 26 décembre 2003 relatif au régime de retraite des fonctionnaires affiliés à la Caisse nationale de retraites des agents des collectivités locales</Titre></Reference><Reference type="Texte de référence" URL="https://www.legifrance.gouv.fr/loda/id/LEGITEXT000019412493/" ID="R1996"><Titre>Arrêté du 26 novembre 2004 relatif à la retraite additionnelle de la fonction publique</Titre><Complement>Droit à une prestation de réversion (articles 4 à 9)</Complement></Reference><ServiceEnLigne ID="R64787" URL="https://services.info-retraite.fr/service/simulateur-de-droit-a-la-reversion/" audience="Particuliers" type="Simulateur"><Titre>Simulateur de droit à la réversion</Titre><Source ID="R64788">Info retraite</Source></ServiceEnLigne><ServiceEnLigne ID="R1348" URL="https://www.service-public.fr/simulateur/calcul/13582" audience="Particuliers" numerocerfa="13582*01" type="Formulaire"><Titre>Fonctionnaire de l'État décédé - Demande de majoration pour enfants de la pension de réversion</Titre><Source ID="R30612">Ministère chargé des finances</Source></ServiceEnLigne><ServiceEnLigne ID="R1393" URL="https://www.service-public.fr/simulateur/calcul/11979" audience="Particuliers" numerocerfa="11979*10" type="Formulaire"><Titre>Demande de réversion à la suite du décès d’un fonctionnaire de l’État, d’un magistrat ou d’un militaire retraité</Titre><Source ID="R30612">Ministère chargé des finances</Source></ServiceEnLigne><ServiceEnLigne ID="R10692" URL="https://www.formulaires.service-public.fr/gf/cerfa_12231.do" audience="Particuliers" format="application/pdf" poids="633.4 KB" numerocerfa="12231*09" type="Formulaire"><Titre>Fonctionnaire de l'État, magistrat ou militaire décédé en activité - Demande de pension de réversion ou d'orphelin</Titre><Source ID="R30612">Ministère chargé des finances</Source></ServiceEnLigne><ServiceEnLigne ID="R32306" URL="https://www.cdc.retraites.fr/portail/IMG/pdf/reversion_cjt.pdf?cible=_actif" audience="Particuliers" format="application/pdf" poids="141.6 KB" type="Formulaire"><Titre>Agent des collectivités locales décédé en retraite - Demande de pension de réversion (époux, ex-époux, orphelin)</Titre><Source ID="R30623">Caisse nationale de retraite des agents des collectivités locales (CNRACL)</Source></ServiceEnLigne><ServiceEnLigne ID="R58202" URL="https://www.info-retraite.fr/portail-services/drv" audience="Particuliers" type="Téléservice"><Titre>Demander ma réversion</Titre><Source ID="R64788">Info retraite</Source></ServiceEnLigne><PourEnSavoirPlus type="Information pratique" ID="R41800" URL="https://retraitesdeletat.gouv.fr/" audience="Particuliers"><Titre>Retraites des fonctionnaires de l'État</Titre><Source ID="R30647">Service des retraites de l'État (SRE) - Ministère chargé des finances publiques</Source></PourEnSavoirPlus><PourEnSavoirPlus type="Information pratique" ID="R41797" URL="https://www.cnracl.retraites.fr/" audience="Particuliers"><Titre>Caisse nationale de retraites des agents des collectivités locales (CNRACL)</Titre><Source ID="R30623">Caisse nationale de retraite des agents des collectivités locales (CNRACL)</Source></PourEnSavoirPlus><PourEnSavoirPlus type="Information pratique" ID="R64403" URL="https://www.info-retraite.fr/portail-info/sites/PortailInformationnel/home/mes-droits-a-la-retraite/ma-vie-personnelle-1/famille/pension-de-reversion-1.html" audience="Particuliers"><Titre>Droits du conjoint en cas de décès (pension de réversion)</Titre><Source ID="R30827">Groupement d'intérêt public "Union retraite"</Source></PourEnSavoirPlus><PourEnSavoirPlus type="Information pratique" ID="R33901" URL="https://www.rafp.fr/actif/activite/reversion" audience="Particuliers"><Titre>Prestations de réversion de la Rafp</Titre><Source ID="R30687">Établissement de retraite additionnelle de la fonction publique (ERAFP)</Source></PourEnSavoirPlus><PourEnSavoirPlus type="Information pratique" ID="R60212" URL="https://retraitesdeletat.gouv.fr/deces/les-demarches/la-pension-de-reversion" audience="Particuliers"><Titre>Comment demander ma pension de réversion au service des retraites de l'Etat?</Titre><Source ID="R30647">Service des retraites de l'État (SRE) - Ministère chargé des finances publiques</Source></PourEnSavoirPlus><PourEnSavoirPlus type="Information pratique" ID="R62811" URL="https://www.info-retraite.fr/portail-info/sites/PortailInformationnel/home/mes-droits-a-la-retraite/ma-vie-personnelle-1/famille/pension-de-reversion-1.html#:~:text=La%20r%C3%A9version%20est%20%C3%A9gale%20%C3%A0,60%20trimestres%20au%20r%C3%A9gime%20g%C3%A9n%C3%A9ral." audience="Particuliers"><Titre>Droit du conjoint en cas de décès (réversion)</Titre><Source ID="R64788">Info retraite</Source></PourEnSavoirPlus><Definition ID="R42442"><Titre>Vivre en couple</Titre><Texte><Paragraphe>Mariage, Pacs ou concubinage (union libre)</Paragraphe></Texte></Definition><Abreviation ID="R31192" type="Sigle"><Titre>CNRACL</Titre><Texte><Paragraphe>Caisse nationale de retraites des agents des collectivités locales</Paragraphe></Texte></Abreviation><QuestionReponse ID="F12394" audience="Particuliers"><Titre>Décès d'un agent public contractuel : quels droits à pension de réversion ?</Titre></QuestionReponse><QuestionReponse ID="F2504" audience="Particuliers"><Titre>Comment connaître ses caisses de retraite ?</Titre></QuestionReponse></Publication>