<?xml version="1.0" encoding="UTF-8"?><Publication xmlns:dc="http://purl.org/dc/elements/1.1/" xmlns:xsi="http://www.w3.org/2001/XMLSchema-instance" ID="F22118" type="Fiche d'information conditionnée" xsi:noNamespaceSchemaLocation="../Schemas/3.4/Publication.xsd" spUrl="https://www.service-public.fr/particuliers/vosdroits/F22118"><dc:title>Vol de la carte de séjour d'un Européen ou d'un membre de sa famille</dc:title><dc:creator>Direction de l'information légale et administrative</dc:creator><dc:subject>Étranger - Europe</dc:subject><dc:description>Si vous vous faites voler votre carte de séjour Citoyen UE/EEE/Suisse ou membre de la famille d'un citoyen de l'Union/EEE/Suisse, vous pouvez (ou devez) accomplir des démarches. Si vous êtes européen, ces démarches sont facultatives. Si vous êtes membre de famille non européen, ces démarches sont obligatoires. Dans tous les cas, il vous est conseillé de faire une déclaration de vol.</dc:description><dc:publisher>Direction de l'information légale et administrative</dc:publisher><dc:contributor>Direction de l'information légale et administrative (Premier ministre)</dc:contributor><dc:date>modified 2021-07-08</dc:date><dc:type>Fiche pratique</dc:type><dc:format>text/xml</dc:format><dc:identifier>F22118</dc:identifier><dc:language>Fr</dc:language><dc:relation>isPartOf N110</dc:relation><dc:coverage>France entière</dc:coverage><dc:rights>https://www.service-public.fr/a-propos/mentions-legales</dc:rights><SurTitre>Fiche pratique</SurTitre><Audience>Particuliers</Audience><Canal>www.service-public.fr</Canal><FilDAriane><Niveau ID="Particuliers">Accueil particuliers</Niveau><Niveau ID="N19804">Étranger - Europe</Niveau><Niveau ID="N110">Titres, carte de séjour et documents de circulation pour étranger en France</Niveau><Niveau ID="F22118" type="Fiche d'information conditionnée">Vol de la carte de séjour d'un Européen ou d'un membre de sa famille</Niveau></FilDAriane><Theme ID="N19804"><Titre>Étranger - Europe</Titre></Theme><SousThemePere ID="N20306">Étranger en France</SousThemePere><DossierPere ID="N110"><Titre>Titres, carte de séjour et documents de circulation pour étranger en France</Titre><SousDossier ID="N110-1"><Titre>Carte de séjour</Titre><Fiche ID="F2209">Carte de séjour "vie privée et familiale"</Fiche><Fiche ID="F15898">Carte de séjour "salarié" ou "travailleur temporaire"</Fiche><Fiche ID="F35795">Carte de séjour "entrepreneur/profession libérale"</Fiche><Fiche ID="F35799">Carte de séjour pluriannuelle "générale"</Fiche><Fiche ID="F16922">Carte de séjour "passeport talent"</Fiche><Fiche ID="F35792">Carte de séjour "passeport talent (famille)"</Fiche><Fiche ID="F21516">Carte de séjour "travailleur saisonnier"</Fiche><Fiche ID="F33952">Carte de séjour "salarié détaché ICT"</Fiche><Fiche ID="F302">Carte de séjour "visiteur"</Fiche><Fiche ID="F2710">Carte de séjour "retraité"</Fiche></SousDossier><SousDossier ID="N110-2"><Titre>Carte de résident</Titre><Fiche ID="F2208">Carte de résident</Fiche><Fiche ID="F17359">Carte de résident longue durée - UE</Fiche><Fiche ID="F11201">Carte de résident permanent</Fiche></SousDossier><SousDossier ID="N110-3"><Titre>Autorisations provisoires de séjour</Titre><Fiche ID="F17336">Parent d'enfant malade</Fiche><Fiche ID="F17335">Mission de volontariat en France</Fiche></SousDossier><SousDossier ID="N110-4"><Titre>Certificat de résidence pour Algérien</Titre><Fiche ID="F2215">Certificat d'un an</Fiche><Fiche ID="F2257">Certificat de 10 ans</Fiche><Fiche ID="F3137">Certificat de résidence "retraité" et "conjoint de retraité"</Fiche></SousDossier><SousDossier ID="N110-5"><Titre>Étudiant / Stagiaire étranger</Titre><Fiche ID="F2231">Visa ou carte de séjour "étudiant"</Fiche><Fiche ID="F35796">Carte de séjour "étudiant - programme de mobilité"</Fiche><Fiche ID="F17319">Carte de séjour - Recherche d'emploi/création d'entreprise</Fiche><Fiche ID="F17312">Visa ou carte de séjour "stagiaire"</Fiche><Fiche ID="F35178">Visa ou carte de séjour "stagiaire ICT"</Fiche><Fiche ID="F15813">Carte de séjour "jeune au pair"</Fiche></SousDossier><SousDossier ID="N110-6"><Titre>Document de circulation pour mineur étranger</Titre><Fiche ID="F2718">Document de circulation pour mineur étranger</Fiche><Fiche ID="F297">Titre d'identité républicain pour mineur étranger né en France</Fiche></SousDossier><SousDossier ID="N110-7"><Titre>Carte de séjour pour Européen</Titre><Fiche ID="F16003">Travailleur</Fiche><Fiche ID="F22116">Étudiant</Fiche><Fiche ID="F22117">Retraité ou inactif</Fiche><Fiche ID="F19315">Membre de la famille d'un européen</Fiche><Fiche ID="F847">Perte de la carte de séjour</Fiche><Fiche ID="F22118">Vol de la carte de séjour</Fiche></SousDossier></DossierPere><SousDossierPere>Carte de séjour pour Européen</SousDossierPere><Introduction><Texte><Paragraphe>Si vous vous faites voler votre carte de séjour <Expression>Citoyen UE/EEE/Suisse</Expression> ou <Expression>membre de la famille d'un citoyen de l'Union/EEE/Suisse</Expression>, vous pouvez (ou devez) accomplir des démarches. Si vous êtes <LienIntra LienID="R46210" type="Définition de glossaire">européen</LienIntra>, ces démarches sont facultatives. Si vous êtes membre de famille <MiseEnEvidence>non européen</MiseEnEvidence>, ces démarches sont obligatoires. Dans tous les cas, il vous est conseillé de faire une déclaration de vol.</Paragraphe></Texte></Introduction><ListeSituations affichage="onglet"><Situation><Titre>Vous êtes Européen</Titre><Texte><Chapitre><Titre><Paragraphe>Déclaration de vol</Paragraphe></Titre><BlocCas affichage="radio"><Cas><Titre>Le vol a eu lieu en France</Titre><Paragraphe>Vous devez effectuer votre déclaration de vol au commissariat de police ou à la gendarmerie du lieu où l'infraction s'est produite.</Paragraphe><Paragraphe>Un récépissé vous est remis.</Paragraphe><OuSAdresser ID="R13" sve="non" type="Local personnalisé sur SP"><Titre>Commissariat</Titre><PivotLocal>commissariat_police</PivotLocal><RessourceWeb URL="http://www.interieur.gouv.fr/Contact/Contacter-une-brigade-de-gendarmerie-ou-un-commissariat-de-police"/></OuSAdresser><OuSAdresser ID="R59967" sve="non" type="Local personnalisé sur SP"><Titre>Gendarmerie</Titre><PivotLocal>gendarmerie</PivotLocal><RessourceWeb URL="http://www.interieur.gouv.fr/Contact/Contacter-une-brigade-de-gendarmerie-ou-un-commissariat-de-police"/></OuSAdresser></Cas><Cas><Titre>Le vol a eu lieu à l'étranger</Titre><Paragraphe>Vous devez effectuer votre déclaration de vol aux autorités de police locales et au consulat le plus proche.</Paragraphe><Paragraphe>Un récépissé vous est remis.</Paragraphe><OuSAdresser ID="R2750" sve="non" type="Local personnalisable"><Titre>Ambassade ou consulat français à l'étranger</Titre><PivotLocal>ambassade_france_etranger</PivotLocal><RessourceWeb URL="https://www.diplomatie.gouv.fr/fr/le-ministere-et-son-reseau/annuaires-et-adresses-du-ministere-de-l-europe-et-des-affaires-etrangeres-meae/ambassades-et-consulats-francais-a-l-etranger/"/></OuSAdresser></Cas></BlocCas></Chapitre><Chapitre><Titre><Paragraphe>Demande de duplicata facultative</Paragraphe></Titre><Paragraphe><MiseEnEvidence>Pièces à fournir :</MiseEnEvidence></Paragraphe><Liste type="puce"><Item><Paragraphe>Récépissé de déclaration de vol</Paragraphe></Item><Item><Paragraphe>Passeport en cours de validité</Paragraphe></Item><Item><Paragraphe>Photocopie de votre carte volée</Paragraphe></Item><Item><Paragraphe>Indication concernant votre domicile (apportée par tout moyen)</Paragraphe></Item><Item><Paragraphe>3 <LienInterne LienPublication="F10619" type="Fiche Question-réponse conditionnée" audience="Particuliers">photos d'identité</LienInterne></Paragraphe></Item></Liste><Paragraphe>Vous devez effectuer votre demande sur internet.</Paragraphe><ServiceEnLigne ID="R59398" URL="https://administration-etrangers-en-france.interieur.gouv.fr/particuliers/#/" audience="Particuliers" type="Téléservice"><Titre>Faire une demande sur internet pour un titre de séjour, un changement de situation, un titre de voyage, une demande de naturalisation ANEF</Titre><Source ID="R30603">Ministère chargé de l'intérieur</Source></ServiceEnLigne></Chapitre><Chapitre><Titre><Paragraphe>Coût</Paragraphe></Titre><Paragraphe>La délivrance d'un duplicata est <MiseEnEvidence>gratuite</MiseEnEvidence>.</Paragraphe></Chapitre></Texte></Situation><Situation><Titre>Famille non européenne</Titre><Texte><Chapitre><Titre><Paragraphe>Déclaration de vol</Paragraphe></Titre><BlocCas affichage="radio"><Cas><Titre>Le vol a eu lieu en France</Titre><Paragraphe>Vous devez effectuer votre déclaration de vol au commissariat de police ou à la gendarmerie du lieu où l'infraction s'est produite.</Paragraphe><Paragraphe>Un récépissé vous est remis.</Paragraphe><OuSAdresser ID="R13" sve="non" type="Local personnalisé sur SP"><Titre>Commissariat</Titre><PivotLocal>commissariat_police</PivotLocal><RessourceWeb URL="http://www.interieur.gouv.fr/Contact/Contacter-une-brigade-de-gendarmerie-ou-un-commissariat-de-police"/></OuSAdresser><OuSAdresser ID="R59967" sve="non" type="Local personnalisé sur SP"><Titre>Gendarmerie</Titre><PivotLocal>gendarmerie</PivotLocal><RessourceWeb URL="http://www.interieur.gouv.fr/Contact/Contacter-une-brigade-de-gendarmerie-ou-un-commissariat-de-police"/></OuSAdresser></Cas><Cas><Titre>Le vol a eu lieu à l'étranger</Titre><Paragraphe>Vous devez effectuer votre déclaration de vol aux autorités de police locales et au consulat le plus proche.</Paragraphe><Paragraphe>Un récépissé vous est remis.</Paragraphe><OuSAdresser ID="R2750" sve="non" type="Local personnalisable"><Titre>Ambassade ou consulat français à l'étranger</Titre><PivotLocal>ambassade_france_etranger</PivotLocal><RessourceWeb URL="https://www.diplomatie.gouv.fr/fr/le-ministere-et-son-reseau/annuaires-et-adresses-du-ministere-de-l-europe-et-des-affaires-etrangeres-meae/ambassades-et-consulats-francais-a-l-etranger/"/></OuSAdresser></Cas></BlocCas></Chapitre><Chapitre><Titre><Paragraphe>Demande de duplicata obligatoire</Paragraphe></Titre><Paragraphe>Vous devez faire la demande de duplicata sur internet</Paragraphe><ServiceEnLigne ID="R59398" URL="https://administration-etrangers-en-france.interieur.gouv.fr/particuliers/#/" audience="Particuliers" type="Téléservice"><Titre>Faire une demande sur internet pour un titre de séjour, un changement de situation, un titre de voyage, une demande de naturalisation ANEF</Titre><Source ID="R30603">Ministère chargé de l'intérieur</Source></ServiceEnLigne><Rappel><Titre>Rappel</Titre><Paragraphe>si vous êtes majeur, non européen et membre de la famille d'un <LienIntra LienID="R46210" type="Définition de glossaire">Européen</LienIntra>, vous <MiseEnEvidence>devez</MiseEnEvidence> détenir une carte de séjour.</Paragraphe></Rappel><Paragraphe><MiseEnEvidence>Pièces à fournir :</MiseEnEvidence></Paragraphe><Liste type="puce"><Item><Paragraphe>Récépissé de déclaration de vol</Paragraphe></Item><Item><Paragraphe>Passeport en cours de validité</Paragraphe></Item><Item><Paragraphe>Selon votre situation :</Paragraphe><Liste type="puce"><Item><Paragraphe>Si vous êtes marié(e) : extrait d'acte de mariage</Paragraphe></Item><Item><Paragraphe>Si vous avez conclu un partenariat : attestation de non-dissolution du partenariat</Paragraphe></Item><Item><Paragraphe>Si vous êtes en concubinage : certificat de concubinage</Paragraphe></Item></Liste></Item><Item><Paragraphe>Photocopie de votre carte volée</Paragraphe></Item><Item><Paragraphe>Indication concernant votre domicile (apportée par tout moyen)</Paragraphe></Item><Item><Paragraphe>3 <LienInterne LienPublication="F10619" type="Fiche Question-réponse conditionnée" audience="Particuliers">photos d'identité</LienInterne></Paragraphe></Item><Item><Paragraphe>Justificatif de paiement de la taxe (demandé au moment de la remise de votre carte)</Paragraphe></Item></Liste></Chapitre><Chapitre><Titre><Paragraphe>Coût</Paragraphe></Titre><Paragraphe>La délivrance d'un duplicata est <MiseEnEvidence>gratuite.</MiseEnEvidence></Paragraphe></Chapitre></Texte></Situation></ListeSituations><Definition ID="R46210"><Titre>Européen (UE + EEE + Suisse)</Titre><Texte><Paragraphe>Allemagne, Autriche, Belgique, Bulgarie, Chypre, Croatie, Danemark, Espagne, Estonie, Finlande, Grèce, Hongrie, Irlande, Islande, Italie, Lettonie, Liechtenstein, Lituanie, Luxembourg, Malte, Norvège, Pays-Bas, Pologne, Portugal, République tchèque, Roumanie, Slovaquie, Slovénie, Suède, Suisse</Paragraphe></Texte></Definition><QuestionReponse ID="F10619" audience="Particuliers"><Titre>Quelle photo fournir pour un titre d'identité (passeport, carte d'identité...) ?</Titre></QuestionReponse><QuestionReponse ID="F33071" audience="Particuliers"><Titre>Étranger en France : comment acheter un timbre fiscal ?</Titre></QuestionReponse></Publication>