<?xml version="1.0" encoding="UTF-8"?><Publication xmlns:dc="http://purl.org/dc/elements/1.1/" xmlns:xsi="http://www.w3.org/2001/XMLSchema-instance" ID="F22158" type="Fiche d'information conditionnée" xsi:noNamespaceSchemaLocation="../Schemas/3.4/Publication.xsd" dateDerniereModificationImportante="2020-10-05T00:00:00" spUrl="https://www.service-public.fr/particuliers/vosdroits/F22158"><dc:title>Prêt d'accession sociale (PAS)</dc:title><dc:creator>Direction de l'information légale et administrative</dc:creator><dc:subject>Argent - Impôts - Consommation</dc:subject><dc:description>Vous voulez savoir ce qu'est un prêt d'accession sociale (PAS), dans quels cas il est accordé et sous quelles conditions ? Nous vous présentons les informations à connaître.</dc:description><dc:publisher>Direction de l'information légale et administrative</dc:publisher><dc:contributor>Direction de l'information légale et administrative (Premier ministre)</dc:contributor><dc:date>modified 2023-05-24</dc:date><dc:type>Fiche pratique</dc:type><dc:format>text/xml</dc:format><dc:identifier>F22158</dc:identifier><dc:source>https://www.legifrance.gouv.fr/codes/article_lc/LEGIARTI000038975933, https://www.legifrance.gouv.fr/codes/id/LEGISCTA000006189406, https://www.legifrance.gouv.fr/codes/id/LEGIARTI000039048328/, https://www.legifrance.gouv.fr/codes/article_lc/LEGIARTI000031781922, https://www.legifrance.gouv.fr/codes/section_lc/LEGITEXT000006074096/LEGISCTA000023361866/, https://www.legifrance.gouv.fr/loda/id/LEGISCTA000006108558, https://www.legifrance.gouv.fr/loda/id/JORFTEXT000029574683/, https://www.legifrance.gouv.fr/loda/id/JORFTEXT000029525194/, http://questions.assemblee-nationale.fr/q15/15-22751QE.htm</dc:source><dc:language>Fr</dc:language><dc:relation>isPartOf N20373</dc:relation><dc:coverage>France entière</dc:coverage><dc:rights>https://www.service-public.fr/a-propos/mentions-legales</dc:rights><SurTitre>Fiche pratique</SurTitre><Audience>Particuliers</Audience><Canal>www.service-public.fr</Canal><FilDAriane><Niveau ID="Particuliers">Accueil particuliers</Niveau><Niveau ID="N19803">Argent - Impôts - Consommation</Niveau><Niveau ID="N20373">Crédit immobilier</Niveau><Niveau ID="F22158" type="Fiche d'information conditionnée">Prêt d'accession sociale (PAS)</Niveau></FilDAriane><Theme ID="N19803"><Titre>Argent - Impôts - Consommation</Titre></Theme><SousThemePere ID="N20369">Crédit et surendettement</SousThemePere><DossierPere ID="N20373"><Titre>Crédit immobilier</Titre><Fiche ID="F16142">Prêt épargne logement à partir d'un plan épargne logement (PEL)</Fiche><Fiche ID="F16139">Prêt épargne logement à partir d'un compte épargne logement (CEL)</Fiche><Fiche ID="F10871">Prêt à taux zéro (PTZ ou PTZ+)</Fiche><Fiche ID="F10793">Prêt conventionné (PC)</Fiche><Fiche ID="F22158">Prêt d'accession sociale (PAS)</Fiche><Fiche ID="F37842">Prêts immobiliers complémentaires d'Action logement</Fiche></DossierPere><Introduction><Texte><Paragraphe>Vous voulez savoir ce qu'est un prêt d'accession sociale (PAS), dans quels cas il est accordé et sous quelles conditions ? Nous vous présentons les informations à connaître.</Paragraphe></Texte></Introduction><Texte><Chapitre><Titre><Paragraphe>Qu'est-ce qu'un prêt d'accession sociale ?</Paragraphe></Titre><Paragraphe>Le prêt d'accession sociale (PAS) est un prêt immobilier accordé si vous avez des revenus modestes.</Paragraphe><Paragraphe>Le PAS doit vous servir à devenir propriétaire de votre <LienIntra LienID="R55198" type="Définition de glossaire">résidence principale</LienIntra> (en l'achetant ou en la faisant construire) ou à y réaliser des travaux (par exemple, travaux d'adaptation au handicap).</Paragraphe><Paragraphe>Le logement doit devenir votre résidence principale au plus tard 1 an après l'achat ou la fin des travaux. Mais vous pouvez le mettre en location temporairement, dans certains cas (par exemple, en cas d'achat en vue du départ à la retraite).</Paragraphe><Paragraphe>Le PAS a les avantages suivants :</Paragraphe><Liste type="puce"><Item><Paragraphe>Son taux d'intérêt ne peut pas dépasser un montant maximum.</Paragraphe></Item><Item><Paragraphe>Les frais d'instruction du dossier de demande de prêt sont plafonnés.</Paragraphe></Item><Item><Paragraphe>Les frais de rémunération du notaire sont réduits.</Paragraphe></Item><Item><Paragraphe>Le prêt doit être garanti par une <LienIntra LienID="R32988" type="Définition de glossaire">sûreté</LienIntra> réelle (<LienInterne LienPublication="F789" type="Fiche Question-réponse conditionnée" audience="Particuliers">hypothèque</LienInterne> ou privilège de prêteur de deniers), mais cette garantie est exonérée des taxes de publicité foncière.</Paragraphe></Item></Liste></Chapitre><Chapitre><Titre><Paragraphe>Que permet de financer un prêt d'accession sociale ?</Paragraphe></Titre><Paragraphe>Le prêt doit servir à financer les opérations suivantes :</Paragraphe><Liste type="puce"><Item><Paragraphe>Achat d'un terrain et construction d'un logement sur ce terrain</Paragraphe></Item><Item><Paragraphe>Achat d'un logement neuf</Paragraphe></Item><Item><Paragraphe>Achat d'un logement ancien et éventuels travaux d'amélioration</Paragraphe><Paragraphe>En cas de travaux d'amélioration, le logement doit être achevé depuis au moins 10 ans et le montant des travaux d'amélioration doit être au moins égal à <Valeur>4 000 €</Valeur>.</Paragraphe></Item><Item><Paragraphe>Travaux pour transformer un local en logement</Paragraphe></Item><Item><Paragraphe>Travaux dans un logement pour l'agrandir, par extension ou par surélévation</Paragraphe></Item><Item><Paragraphe>Travaux pour fare des économies d'énergie dans un logement existant au 1<Exposant>er </Exposant>juillet 1981 ou ayant fait l'objet, avant cette date, d'une demande de permis de construire</Paragraphe><Paragraphe>Le montant des travaux doit être au moins être égal à <Valeur>4 000 €</Valeur>.</Paragraphe></Item></Liste><ASavoir><Titre>À savoir</Titre><Paragraphe>lorsque le prêt finance des travaux, ceux-ci doivent être finis dans le délai de remboursement du prêt. Mais vous pouvez demander un allongement de délai pour les travaux, dans certains cas (cas de <LienIntra LienID="R38200" type="Définition de glossaire">force majeure</LienIntra>, catastrophe naturelle, procédure contentieuse, maladie...).</Paragraphe></ASavoir><Paragraphe>Le prêt peut financer la totalité de l'opération immobilière, mais il ne peut pas financer les frais suivants :</Paragraphe><Liste type="puce"><Item><Paragraphe><LienIntra LienID="R1065" type="Définition de glossaire">Frais de notaire</LienIntra></Paragraphe></Item><Item><Paragraphe>Frais d'hypothèque</Paragraphe></Item><Item><Paragraphe>Frais d'instruction du dossier de demande de prêt</Paragraphe></Item><Item><Paragraphe>Éventuels frais d'achat des meubles pour meubler le logement</Paragraphe></Item></Liste><Paragraphe>Le logement doit devenir votre <LienIntra LienID="R55198" type="Définition de glossaire">résidence principale</LienIntra> au plus tard 1 an après la fin des travaux ou l'achat.</Paragraphe><Paragraphe>Ce délai peut être de 6 ans maximum lorsque les 2 conditions suivantes sont réunies :</Paragraphe><Liste type="puce"><Item><Paragraphe>Vous habiterez le logement à partir de votre départ à la retraite</Paragraphe></Item><Item><Paragraphe>Jusqu'à cette date, le logement est mis en location en respectant des <LienInterne LienPublication="F1275" type="Fiche Question-réponse conditionnée" audience="Particuliers">règles spécifiques</LienInterne></Paragraphe></Item></Liste></Chapitre><Chapitre><Titre><Paragraphe>Quelles sont les conditions de revenus d'un prêt d'accession sociale ?</Paragraphe></Titre><Paragraphe>Le montant de votre revenu à prendre en compte correspond au total des revenus fiscaux de référence de l'année N-2 des personnes à loger.</Paragraphe><Paragraphe>Par exemple, si vous faites votre demande de prêt en 2023, il s'agit du revenu fiscal de référence de 2021, inscrit sur l'avis d'imposition de 2022.</Paragraphe><Paragraphe>Votre revenu ainsi calculé ne doit pas dépasser un montant maximum, qui varie selon le nombre de personnes à loger et la zone du logement (zone A, A bis, B1, B2 ou C).</Paragraphe><Paragraphe>Pour connaître la zone du logement, vous pouvez utiliser un simulateur :</Paragraphe><ServiceEnLigne ID="R46110" URL="https://www.service-public.fr/simulateur/calcul/zonage-abc" audience="Particuliers" type="Simulateur"><Titre>Connaître la zone de sa commune : A, Abis, B1, B2 ou C</Titre><Source ID="R30608">Direction de l'information légale et administrative (Dila) - Premier ministre</Source></ServiceEnLigne><Tableau><Titre>Revenus à ne pas dépasser pour obtenir un PAS, selon le nombre de personnes à loger et la zone du logement</Titre><Colonne largeur="11" type="header"/><Colonne largeur="15" type="normal"/><Colonne largeur="15" type="normal"/><Colonne largeur="15" type="normal"/><Colonne largeur="15" type="normal"/><Rangée type="header"><Cellule><Paragraphe>Nombre de personnes à loger</Paragraphe></Cellule><Cellule><Paragraphe>Zone A et A bis</Paragraphe></Cellule><Cellule><Paragraphe>Zone B1</Paragraphe></Cellule><Cellule><Paragraphe>Zone B2</Paragraphe></Cellule><Cellule><Paragraphe>Zone C</Paragraphe></Cellule></Rangée><Rangée type="normal"><Cellule><Paragraphe>1</Paragraphe></Cellule><Cellule><Paragraphe><Valeur>37 000 €</Valeur></Paragraphe></Cellule><Cellule><Paragraphe><Valeur>30 000 €</Valeur></Paragraphe></Cellule><Cellule><Paragraphe><Valeur>27 000 €</Valeur></Paragraphe></Cellule><Cellule><Paragraphe><Valeur>24 000 €</Valeur></Paragraphe></Cellule></Rangée><Rangée type="normal"><Cellule><Paragraphe>2</Paragraphe></Cellule><Cellule><Paragraphe><Valeur>51 800 €</Valeur></Paragraphe></Cellule><Cellule><Paragraphe><Valeur>42 000 €</Valeur></Paragraphe></Cellule><Cellule><Paragraphe><Valeur>37 800 €</Valeur></Paragraphe></Cellule><Cellule><Paragraphe><Valeur>33 600 €</Valeur></Paragraphe></Cellule></Rangée><Rangée type="normal"><Cellule><Paragraphe>3</Paragraphe></Cellule><Cellule><Paragraphe><Valeur>62 900 €</Valeur></Paragraphe></Cellule><Cellule><Paragraphe><Valeur>51 000 €</Valeur></Paragraphe></Cellule><Cellule><Paragraphe><Valeur>45 900 €</Valeur></Paragraphe></Cellule><Cellule><Paragraphe><Valeur>40 800 €</Valeur></Paragraphe></Cellule></Rangée><Rangée type="normal"><Cellule><Paragraphe>4</Paragraphe></Cellule><Cellule><Paragraphe><Valeur>74 000 €</Valeur></Paragraphe></Cellule><Cellule><Paragraphe><Valeur>60 000 €</Valeur></Paragraphe></Cellule><Cellule><Paragraphe><Valeur>54 000 €</Valeur></Paragraphe></Cellule><Cellule><Paragraphe><Valeur>48 000 €</Valeur></Paragraphe></Cellule></Rangée><Rangée type="normal"><Cellule><Paragraphe>5</Paragraphe></Cellule><Cellule><Paragraphe><Valeur>85 100 €</Valeur></Paragraphe></Cellule><Cellule><Paragraphe><Valeur>69 000 €</Valeur></Paragraphe></Cellule><Cellule><Paragraphe><Valeur>62 100 €</Valeur></Paragraphe></Cellule><Cellule><Paragraphe><Valeur>55 200 €</Valeur></Paragraphe></Cellule></Rangée><Rangée type="normal"><Cellule><Paragraphe>6</Paragraphe></Cellule><Cellule><Paragraphe><Valeur>96 200 €</Valeur></Paragraphe></Cellule><Cellule><Paragraphe><Valeur>78 000 €</Valeur></Paragraphe></Cellule><Cellule><Paragraphe><Valeur>70 200 €</Valeur></Paragraphe></Cellule><Cellule><Paragraphe><Valeur>62 400 €</Valeur></Paragraphe></Cellule></Rangée><Rangée type="normal"><Cellule><Paragraphe>7</Paragraphe></Cellule><Cellule><Paragraphe><Valeur>107 300 €</Valeur></Paragraphe></Cellule><Cellule><Paragraphe><Valeur>87 000 €</Valeur></Paragraphe></Cellule><Cellule><Paragraphe><Valeur>78 300 €</Valeur></Paragraphe></Cellule><Cellule><Paragraphe><Valeur>69 600 €</Valeur></Paragraphe></Cellule></Rangée><Rangée type="normal"><Cellule><Paragraphe>À partir de 8</Paragraphe></Cellule><Cellule><Paragraphe><Valeur>118 400 €</Valeur></Paragraphe></Cellule><Cellule><Paragraphe><Valeur>96 000 €</Valeur></Paragraphe></Cellule><Cellule><Paragraphe><Valeur>86 400 €</Valeur></Paragraphe></Cellule><Cellule><Paragraphe><Valeur>76 800 €</Valeur></Paragraphe></Cellule></Rangée></Tableau></Chapitre><Chapitre><Titre><Paragraphe>Quel est le taux d'intérêt maximum d'un prêt d'accession sociale ?</Paragraphe></Titre><Paragraphe>Le taux d'intérêt ne peut pas dépasser un <LienExterne URL="https://www2.sgfgas.fr/documents/100157/2189451/Historique+des+taux+plafonds+PC.htm/801cf8de-5e63-4865-89e8-314b3308ef37?version=15.0&amp;t=1677679899279">taux maximum</LienExterne>.</Paragraphe><ASavoir><Titre>À savoir</Titre><Paragraphe>Dans le respect de cette limite, le taux d'intérêt qui vous est proposé peut varier d'un établissement de crédit à l'autre. Vous avez donc avantage à comparer plusieurs offres de prêt à l'aide de leur <LienExterne URL="https://www.lafinancepourtous.com/pratique/credit/credit-immobilier/pret-immo-l-essentiel-a-savoir/le-taux-d-interet-du-pret-immobilier/">TAEG</LienExterne>.</Paragraphe></ASavoir><Paragraphe>Le taux d'intérêt peut être <LienExterne URL="https://www.lafinancepourtous.com/pratique/credit/credit-immobilier/pret-immo-l-essentiel-a-savoir/le-taux-d-interet-du-pret-immobilier/">fixe</LienExterne> ou <LienExterne URL="https://www.lafinancepourtous.com/pratique/credit/credit-immobilier/pret-immo-l-essentiel-a-savoir/le-taux-d-interet-du-pret-immobilier/">variable</LienExterne>.</Paragraphe><Paragraphe>Un taux d'intérêt modulable (c'est-à-dire associant taux fixe et taux variable) peut en outre être proposé.</Paragraphe></Chapitre><Chapitre><Titre><Paragraphe>Quelle est la durée de remboursement d'un prêt d'accession sociale ?</Paragraphe></Titre><Paragraphe>Le durée du prêt peut aller de 5 à 30 ans.</Paragraphe><Paragraphe>Le contrat de prêt peut prévoir que cette durée peut être modifiée pour soit la réduire, soit l'allonger jusqu'à totaliser 35 ans maximum.</Paragraphe></Chapitre><Chapitre><Titre><Paragraphe>Où demander le prêt d'accession sociale ?</Paragraphe></Titre><Paragraphe>Vous devez le demander auprès d'un établissement de crédit (par exemple, une banque) qui a signé avec l'État une convention lui permettant d'accorder ce prêt.</Paragraphe><ASavoir><Titre>À savoir</Titre><Paragraphe>Vous avez avantage à comparer les offres de prêt faites par plusieurs établissements, car le taux d'intérêt du prêt proposé peut varier dans la limite du maximum autorisé. Pour cela, vous devez comparer le <LienExterne URL="https://www.lafinancepourtous.com/pratique/credit/credit-immobilier/pret-immo-l-essentiel-a-savoir/le-taux-d-interet-du-pret-immobilier/">TAEG</LienExterne> de chaque prêt qui vous est proposé.</Paragraphe></ASavoir></Chapitre><Chapitre><Titre><Paragraphe>Peut-on ajouter un autre financement au prêt d'accession sociale ?</Paragraphe></Titre><Paragraphe>Le prêt peut notamment être complété par les financements suivants :</Paragraphe><Liste type="puce"><Item><Paragraphe>Apport personnel</Paragraphe></Item><Item><Paragraphe><LienInterne LienPublication="F10871" type="Fiche d'information conditionnée" audience="Particuliers">Prêt à taux zéro (PTZ)</LienInterne></Paragraphe></Item><Item><Paragraphe><LienInterne LienPublication="F16142" type="Fiche d'information conditionnée" audience="Particuliers">Prêt d'épargne logement</LienInterne></Paragraphe></Item><Item><Paragraphe>Prêt à taux fixe inférieur ou égal à celui d'un prêt accordé en complément d'un <LienInterne LienPublication="F16136" type="Fiche d'information conditionnée" audience="Particuliers">compte épargne logement</LienInterne></Paragraphe></Item><Item><Paragraphe><LienInterne LienPublication="F37842" type="Fiche avec liens externes" audience="Particuliers">Prêt complémentaire</LienInterne></Paragraphe></Item><Item><Paragraphe>Prêt-relais dans l'attente de la vente du précédent logement</Paragraphe></Item></Liste><Attention><Titre>Attention</Titre><Paragraphe>Le prêt ne peut pas être associé à un prêt immobilier "classique".</Paragraphe></Attention></Chapitre></Texte><VoirAussi important="non"><Fiche ID="F19905" audience="Particuliers"><Titre>Éco-prêt à taux zéro (éco-PTZ)</Titre><Theme ID="N19808"><Titre>Logement</Titre></Theme></Fiche><Fiche ID="F10793" audience="Particuliers"><Titre>Prêt conventionné (PC)</Titre><Theme ID="N19803"><Titre>Argent - Impôts - Consommation</Titre></Theme></Fiche></VoirAussi><QuiPeutMAider ID="R16526" sve="non" type="Local"><Titre>Assurance Banque Épargne Info Service</Titre><RessourceWeb URL="https://www.abe-infoservice.fr/qui-sommes-nous/nous-contacter"/></QuiPeutMAider><QuiPeutMAider ID="R5" sve="non" type="Local personnalisé sur SP"><Titre>Agence départementale pour l'information sur le logement (Adil)</Titre><PivotLocal>adil</PivotLocal><RessourceWeb URL="https://www.anil.org/lanil-et-les-adil/votre-adil/"/><Source ID="R30676">Agence nationale pour l'information sur le logement (Anil)</Source></QuiPeutMAider><Reference type="Texte de référence" URL="https://www.legifrance.gouv.fr/codes/article_lc/LEGIARTI000038975933" ID="R2881"><Titre>Code de la construction et de l'habitation : article D331-63</Titre><Complement>Opérations immobilières</Complement></Reference><Reference type="Texte de référence" URL="https://www.legifrance.gouv.fr/codes/id/LEGISCTA000006189406" ID="R11184"><Titre>Code de la construction et de l'habitation : articles D331-65 à D331-70</Titre><Complement>Conditions</Complement></Reference><Reference type="Texte de référence" URL="https://www.legifrance.gouv.fr/codes/id/LEGIARTI000039048328/" ID="R49031"><Titre>Code de la construction et de l'habitation : articles D331-71 à R331-76</Titre><Complement>Caractéristiques</Complement></Reference><Reference type="Texte de référence" URL="https://www.legifrance.gouv.fr/codes/article_lc/LEGIARTI000031781922" ID="R46972"><Titre>Code de la construction et de l'habitation : article L 31-10-6</Titre><Complement>Conditions liées à la résidence principale</Complement></Reference><Reference type="Texte de référence" URL="https://www.legifrance.gouv.fr/codes/section_lc/LEGITEXT000006074096/LEGISCTA000023361866/" ID="R14313"><Titre>Code de la construction et de l'habitation : articles D31-10-6 à D31-10-7</Titre><Complement>Conditions dérogatoires de mise en location</Complement></Reference><Reference type="Texte de référence" URL="https://www.legifrance.gouv.fr/loda/id/LEGISCTA000006108558" ID="R2149"><Titre>Arrêté du 4 octobre 2001 relatif aux conditions d'octroi des prêts conventionnés</Titre></Reference><Reference type="Texte de référence" URL="https://www.legifrance.gouv.fr/loda/id/JORFTEXT000029574683/" ID="R15107"><Titre>Arrêté du 30 septembre 2014 sur le classement des communes par zone applicable à certaines aides au logement</Titre></Reference><Reference type="Texte de référence" URL="https://www.legifrance.gouv.fr/loda/id/JORFTEXT000029525194/" ID="R38419"><Titre>Arrêté du 30 septembre 2014 relatif aux prêts conventionnés</Titre></Reference><Reference type="Texte de référence" URL="http://questions.assemblee-nationale.fr/q15/15-22751QE.htm" ID="R57200"><Titre>Réponse ministérielle du 31 décembre 2019 sur l'emprunt immobilier des personnes en situation de handicap</Titre></Reference><PourEnSavoirPlus type="Information pratique" ID="R39174" URL="https://www2.sgfgas.fr/documents/100157/2189451/Historique+des+taux+plafonds+PC.htm/801cf8de-5e63-4865-89e8-314b3308ef37?version=15.0&amp;t=1677679899279" audience="Particuliers"><Titre>Taux plafonds du prêt conventionné et du prêt d'accession sociale (PAS)</Titre><Source ID="R39175">Société de gestion des financements et de la garantie de l'accession sociale à la propriété (SGFGAS)</Source></PourEnSavoirPlus><PourEnSavoirPlus type="Information pratique" ID="R54314" URL="https://www.lafinancepourtous.com/pratique/credit/credit-immobilier/pret-immo-l-essentiel-a-savoir/le-taux-d-interet-du-pret-immobilier/" audience="Particuliers"><Titre>Prêt immobilier : le taux d'intérêt fixe ou variable, le TAEG</Titre><Source ID="R50260">La finance pour tous</Source></PourEnSavoirPlus><Definition ID="R55198"><Titre>Résidence principale</Titre><Texte><Paragraphe>Logement occupé au moins 8 mois par an sauf obligation professionnelle, raison de santé ou cas de force majeure</Paragraphe></Texte></Definition><Definition ID="R32988"><Titre>Sûreté</Titre><Texte><Paragraphe>Mécanisme qui sert à garantir le règlement d'une créance (dette, emprunt bancaire, etc.) en cas d'insolvabilité du débiteur. Il existe 2 types de sûretés : les sûretés réelles lorsque la garantie repose sur un bien (hypothèque, nantissement, gage) et les sûretés personnelles lorsqu'un tiers se porte garant (cautionnement).</Paragraphe></Texte></Definition><Definition ID="R38200"><Titre>Force majeure</Titre><Texte><Paragraphe>Événement exceptionnel, imprévisible et irrésistible justifiant de s'exonérer d'une obligation, d'un engagement ou d'une responsabilité (par exemple : catastrophe naturelle pour un contrat d'assurance, décès du salarié pour un contrat de travail...)</Paragraphe></Texte></Definition><Definition ID="R1065"><Titre>Frais de notaire</Titre><Texte><Paragraphe>Expression courante pour désigner la rémunération du notaire, les taxes et frais au profit des collectivités publiques, de l'État et de divers intervenants</Paragraphe></Texte></Definition><QuestionReponse ID="F548" audience="Particuliers"><Titre>Garantie co-emprunteur : que faire en cas de divorce ou de séparation du couple ?</Titre></QuestionReponse><QuestionReponse ID="F1670" audience="Particuliers"><Titre>Que faire en cas de difficultés à payer les mensualités d'un crédit immobilier ?</Titre></QuestionReponse><CommentFaireSi ID="F16123" audience="Particuliers" pictogramme="icone-credit-immobilier"><Titre>Je veux obtenir un crédit immobilier</Titre></CommentFaireSi></Publication>