<?xml version="1.0" encoding="UTF-8"?><Publication xmlns:dc="http://purl.org/dc/elements/1.1/" xmlns:xsi="http://www.w3.org/2001/XMLSchema-instance" ID="F2234" type="Fiche d'information conditionnée" xsi:noNamespaceSchemaLocation="../Schemas/3.4/Publication.xsd" spUrl="https://www.service-public.fr/particuliers/vosdroits/F2234"><dc:title>Sanctions disciplinaires d'un salarié du secteur privé</dc:title><dc:creator>Direction de l'information légale et administrative</dc:creator><dc:subject>Travail - Formation</dc:subject><dc:description>L'employeur peut engager une procédure disciplinaire à l'encontre d'un salarié qui a commis une faute, dans le but de le sanctionner.</dc:description><dc:publisher>Direction de l'information légale et administrative</dc:publisher><dc:contributor>Direction de l'information légale et administrative (Premier ministre)</dc:contributor><dc:date>modified 2023-11-28</dc:date><dc:type>Fiche pratique</dc:type><dc:format>text/xml</dc:format><dc:identifier>F2234</dc:identifier><dc:source>https://www.legifrance.gouv.fr/codes/id/LEGISCTA000006177887/, https://www.legifrance.gouv.fr/codes/id/LEGISCTA000006177836/, https://www.legifrance.gouv.fr/codes/id/LEGISCTA000006189484/, https://www.legifrance.gouv.fr/codes/id/LEGISCTA000006189485, https://www.legifrance.gouv.fr/codes/id/LEGISCTA000018536891/</dc:source><dc:language>Fr</dc:language><dc:relation>isPartOf N470</dc:relation><dc:coverage>France entière</dc:coverage><dc:rights>https://www.service-public.fr/a-propos/mentions-legales</dc:rights><SurTitre>Fiche pratique</SurTitre><Audience>Particuliers</Audience><Canal>www.service-public.fr</Canal><FilDAriane><Niveau ID="Particuliers">Accueil particuliers</Niveau><Niveau ID="N19806">Travail - Formation</Niveau><Niveau ID="N470">Conflits du travail dans le secteur privé</Niveau><Niveau ID="F2234" type="Fiche d'information conditionnée">Sanctions disciplinaires d'un salarié du secteur privé</Niveau></FilDAriane><Theme ID="N19806"><Titre>Travail - Formation</Titre></Theme><SousThemePere ID="N19966">Relations individuelles et collectives de travail</SousThemePere><DossierPere ID="N470"><Titre>Conflits du travail dans le secteur privé</Titre><SousDossier ID="N470-1"><Titre>Dispositifs</Titre><Fiche ID="F117">Droit de grève</Fiche><Fiche ID="F2234">Sanctions disciplinaires</Fiche></SousDossier><SousDossier ID="N470-2"><Titre>Conseil de prud'hommes</Titre><Fiche ID="F2360">Saisir le conseil de prud'hommes (CPH)</Fiche><Fiche ID="F1052">Déroulement d'une affaire aux prud'hommes</Fiche></SousDossier></DossierPere><SousDossierPere>Dispositifs</SousDossierPere><Introduction><Texte><Paragraphe>Le salarié qui ne respecte pas les règles fixées par l'employeur dans l'entreprise commet une faute. L'employeur, dans le cadre de son pouvoir de direction, peut alors décider de sanctionner le salarié. Quelles sanctions peuvent être prononcées par l'employeur ? Doit-il respecter une procédure particulière ? Le salarié peut-il contester la sanction ? Nous faisons un point sur la réglementation.</Paragraphe></Texte></Introduction><Texte><Chapitre><Titre><Paragraphe>Qu'est-ce qu'une faute du salarié ?</Paragraphe></Titre><Paragraphe>La faute est le comportement du salarié qui ne respecte pas ses obligations à l'égard de son employeur.</Paragraphe><Paragraphe>Il n'existe pas de liste des faits pouvant être considérés comme fautifs par l'employeur et pouvant entraîner une sanction.</Paragraphe></Chapitre><Chapitre><Titre><Paragraphe>Qu'est-ce qu'une sanction disciplinaire ?</Paragraphe></Titre><Paragraphe>Une sanction disciplinaire est une mesure prise par l'employeur à la suite d'un <MiseEnEvidence>agissement du salarié considéré par l'employeur comme fautif</MiseEnEvidence>.</Paragraphe><Paragraphe>Cette mesure peut, selon sa nature, remettre en cause immédiatement ou non la présence du salarié dans l'entreprise, sa fonction, sa carrière ou sa rémunération.</Paragraphe><ANoter><Titre>À noter</Titre><Paragraphe>Les observations verbales ne sont pas des sanctions disciplinaires.</Paragraphe></ANoter></Chapitre><Chapitre><Titre><Paragraphe>Quels faits peuvent entraîner une sanction disciplinaire ?</Paragraphe></Titre><Paragraphe>Si l'employeur considère qu'une faute a été commise, il peut prononcer une sanction à l'encontre du salarié.</Paragraphe><Paragraphe>Les agissements du salarié soumis au pouvoir disciplinaire de l'employeur sont par exemple :</Paragraphe><Liste type="puce"><Item><Paragraphe>Non-respect des règles de discipline fixées par le <LienInterne LienPublication="F1905" type="Fiche d'information conditionnée" audience="Particuliers">règlement intérieur</LienInterne> ou par note de service. Par exemple, lorsque le salarié a consommé de l'alcool malgré une interdiction prévue par le règlement intérieur et justifiée par la prévention des accidents lors de l'exécution de travaux dangereux.</Paragraphe></Item><Item><Paragraphe>Refus de se conformer à une directive de l’employeur. Par exemple, lorsque le salarié refuse d'accomplir les heures supplémentaires mises au planning par l'employeur.</Paragraphe></Item><Item><Paragraphe>Non-respect de l’obligation de discrétion ou de loyauté. Par exemple, lorsque le salarié dénigre son entreprise sur les réseaux sociaux en diffusant de fausses informations ou des informations internes pouvant nuire à la réputation ou au fonctionnement de l'entreprise.</Paragraphe></Item><Item><Paragraphe>Critiques, injures, menaces, violences</Paragraphe></Item><Item><Paragraphe>Erreurs ou négligences commises dans le travail. Par exemple, lorsque le salarié n'a pas respecté volontairement une procédure mise en place pour assurer la qualité du travail rendu.</Paragraphe></Item><Item><Paragraphe>Tout acte de <LienInterne LienPublication="F2354" type="Fiche d'information conditionnée" audience="Particuliers">harcèlement</LienInterne> (<LienInterne LienPublication="F1043" type="Fiche d'information conditionnée" audience="Particuliers">sexuel</LienInterne> ou <LienInterne LienPublication="F2354" type="Fiche d'information conditionnée" audience="Particuliers">moral</LienInterne>) commis par un salarié</Paragraphe></Item></Liste></Chapitre><Chapitre><Titre><Paragraphe>Quelles sanctions disciplinaires peuvent être données au salarié ?</Paragraphe></Titre><Paragraphe>L'employeur peut donner au salarié l'une des sanctions suivantes :</Paragraphe><Liste type="puce"><Item><Paragraphe><LienIntra LienID="R46983" type="Définition de glossaire">Avertissement ou blâme</LienIntra></Paragraphe></Item><Item><Paragraphe><LienIntra LienID="R46984" type="Définition de glossaire">Mise à pied disciplinaire</LienIntra></Paragraphe></Item><Item><Paragraphe><LienIntra LienID="R46985" type="Définition de glossaire">Mutation</LienIntra></Paragraphe></Item><Item><Paragraphe><LienIntra LienID="R46986" type="Définition de glossaire">Rétrogradation</LienIntra></Paragraphe></Item><Item><Paragraphe><LienInterne LienPublication="F1137" type="Fiche Question-réponse conditionnée" audience="Particuliers">Licenciement pour faute simple, grave ou lourde</LienInterne></Paragraphe></Item></Liste><Paragraphe>La sanction choisie par l'employeur doit être proportionnée à la faute commise.</Paragraphe><Paragraphe>Selon la sanction choisie, les effets sur le contrat de travail sont différents.</Paragraphe><Attention><Titre>Attention</Titre><Paragraphe>Dans les entreprises où un <LienInterne LienPublication="F1905" type="Fiche d'information conditionnée" audience="Particuliers">règlement intérieur</LienInterne> existe, les sanctions applicables sont uniquement celles qui sont prévues dans ce règlement.</Paragraphe></Attention></Chapitre><Chapitre><Titre><Paragraphe>L'employeur peut-il sanctionner financièrement le salarié ?</Paragraphe></Titre><Paragraphe><MiseEnEvidence>Non</MiseEnEvidence>, Il est interdit à l'employeur de décider une amende ou toute autre sanction financière contre le salarié ayant commis une faute.</Paragraphe></Chapitre><Chapitre><Titre><Paragraphe>L'employeur peut-il sanctionner le salarié 2 fois pour les mêmes faits ?</Paragraphe></Titre><Paragraphe><MiseEnEvidence>Non</MiseEnEvidence>, l'employeur ne peut pas sanctionner le salarié 2 fois de suite pour les mêmes faits.</Paragraphe><Exemple><Titre>Exemple</Titre><Paragraphe>L'employeur sanctionne un salarié par un avertissement pour un retard injustifié de 2 heures. L'employeur ne peut plus, <MiseEnEvidence>pour ce même retard</MiseEnEvidence>, prononcer une sanction plus forte si, par la suite, il estime la 1<Exposant>re</Exposant> sanction insuffisante.</Paragraphe></Exemple><ASavoir><Titre>À savoir</Titre><Paragraphe>Si une nouvelle faute est commise, l'employeur peut tenir compte d'une sanction précédente datant de moins de 3 ans pour appuyer la nouvelle sanction.</Paragraphe></ASavoir></Chapitre><Chapitre><Titre><Paragraphe>Quels sont les délais pour sanctionner un salarié ?</Paragraphe></Titre><Paragraphe>L'employeur<MiseEnEvidence> a un délai de 2 mois</MiseEnEvidence> pour engager des poursuites disciplinaires.</Paragraphe><Paragraphe>Ce délai débute à la date à laquelle <MiseEnEvidence>l'employeur a eu connaissance des faits</MiseEnEvidence> reprochés.</Paragraphe><Exemple><Titre>Exemple</Titre><Paragraphe>L'employeur a pris connaissance le 7 janvier d'une faute commise 3 semaines plus tôt. Il peut engager des poursuites disciplinaires jusqu'au 7 mars à minuit.</Paragraphe><Paragraphe>Lorsque le délai se termine un samedi, un dimanche ou un jour férié ou <LienIntra LienID="R33413" type="Définition de glossaire">chômé</LienIntra>, le délai est prolongé jusqu’au 1<Exposant>er</Exposant> <LienIntra LienID="R17508" type="Définition de glossaire">jour ouvrable</LienIntra> suivant.</Paragraphe></Exemple><Paragraphe>L'employeur peut prendre en compte des <MiseEnEvidence>faits identiques</MiseEnEvidence> datant de plus de 2 mois pour justifier la sanction, lorsque le comportement fautif du salarié s'est poursuivi.</Paragraphe><Attention><Titre>Attention</Titre><Paragraphe>Il existe des situations qui prolongent le délai de 2 mois, par exemple l'engagement d'une procédure pénale.</Paragraphe></Attention></Chapitre><Chapitre><Titre><Paragraphe>Un salarié peut-il être licencié pour faute s'il n'a jamais eu d'avertissement ?</Paragraphe></Titre><Paragraphe>Oui, l'employeur a la possibilité de <LienIntra LienID="R14732" type="Définition de glossaire">notifier </LienIntra>un licenciement dès la 1<Exposant>re</Exposant> faute retenue s'il considère la sanction proportionnée aux faits en question.</Paragraphe><Paragraphe>Lorsqu'un <LienInterne LienPublication="F1905" type="Fiche d'information conditionnée" audience="Particuliers">règlement intérieur</LienInterne> existe dans l'entreprise, l'employeur doit respecter la nature et l'échelle des sanctions prévues par celui-ci.</Paragraphe><Paragraphe><MiseEnEvidence>Vidéo - Faut-il obligatoirement 3 avertissements avant d'être licencié ?</MiseEnEvidence></Paragraphe><Video URL="https://youtu.be/-G6MvfGNz0c" type="Video" langue="fr" fournisseur="youTube" format="text/html" redimensionnable="oui"><Titre>Faut-il obligatoirement 3 avertissements avant d'être licencié ?</Titre><Description><Paragraphe>* Ça va Emma ?</Paragraphe><Paragraphe>-*Pas trop... J'ai eu un avertissement au boulot</Paragraphe><Paragraphe>Mon boss m'a dit qu'au prochain retard, je serai virée</Paragraphe><Paragraphe>-*Tu as déjà eu d'autres avertissements ?</Paragraphe><Paragraphe>-*Non c'est mon 1er</Paragraphe><Paragraphe>-*T'inquiètes pas, il t'en faut 3 pour être licenciée</Paragraphe><Paragraphe>Faut-il obligatoirement 3 avertissements avant d'être licencié ?</Paragraphe><Paragraphe>Attention ! Il n'est pas nécessaire d'avoir reçu un ou plusieurs avertissements avant d'être licencié. L'employeur devra tenir compte de l'échelle des sanctions prévue au règlement intérieur si celui-ci existe. C'est d'ailleurs une obligation dans les entreprises de plus de 50 salariés. Il est possible que ce règlement intérieur impose d'avoir reçu un ou plusieurs avertissements avant d'être licencié, mais ce n'est pas systématique. C'est alors l'employeur qui apprécie la gravité de la faute et, dans certains cas, une seule pourrait suffire à donner lieu à votre licenciement, vol ou violence par exemple. Si vous souhaitez le contester, c'est le conseil de prud'hommes qui est compétent.</Paragraphe><Paragraphe>Rappel des points clés</Paragraphe><Liste type="puce"><Item><Paragraphe>Il n'est pas obligatoire d'avoir 1 ou plusieurs avertissements avant d'être licencié</Paragraphe></Item></Liste><Liste type="puce"><Item><Paragraphe>L'employeur doit tenir compte de l'échelle de sanction prévue dans le règlement intérieur, s'il existe</Paragraphe></Item></Liste><Liste type="puce"><Item><Paragraphe>Dans certains cas, une seule faute peut suffire</Paragraphe></Item></Liste><Liste type="puce"><Item><Paragraphe>Pour contester un licenciement, il faut saisir le conseil de prud'hommes</Paragraphe></Item></Liste></Description></Video></Chapitre><Chapitre><Titre><Paragraphe>Existe-t-il des motifs pour lesquels l'employeur ne peut pas sanctionner un salarié ?</Paragraphe></Titre><Paragraphe>L'employeur ne peut pas sanctionner un salarié pour les motifs suivants :</Paragraphe><Liste type="puce"><Item><Paragraphe><LienInterne LienPublication="F1642" type="Fiche d'information conditionnée" audience="Particuliers">Motif discriminatoire</LienInterne></Paragraphe></Item><Item><Paragraphe>Exercice d'une <LienIntra LienID="R48975" type="Définition de glossaire">liberté fondamentale</LienIntra> (liberté d'expression, liberté syndicale, usage par le salarié du droit d'agir en justice contre l'employeur ...)</Paragraphe></Item><Item><Paragraphe>Témoignage de faits de harcèlement moral ou sexuel</Paragraphe></Item><Item><Paragraphe>Témoignage de faits constitutifs d'un <LienIntra LienID="R49229" type="Définition de glossaire">délit</LienIntra> ou d'un <LienIntra LienID="R49230" type="Définition de glossaire">crime</LienIntra></Paragraphe></Item><Item><Paragraphe>Exercice du <LienInterne LienPublication="F1136" type="Fiche Question-réponse conditionnée" audience="Particuliers">droit de retrait</LienInterne> pour danger grave et imminent</Paragraphe></Item><Item><Paragraphe><LienInterne LienPublication="F32031" type="Fiche d'information conditionnée" audience="Particuliers">Lancement d'alerte</LienInterne> dans l'entreprise</Paragraphe></Item><Item><Paragraphe>Exercice des fonctions de <LienInterne LienPublication="F21038" type="Fiche Question-réponse conditionnée" audience="Particuliers">juré</LienInterne> ou de citoyen assesseur</Paragraphe></Item><Item><Paragraphe>Refus du salarié, en raison de son orientation sexuelle, d'une mutation géographique dans un État incriminant l'homosexualité</Paragraphe></Item><Item><Paragraphe>Exercice normal du <LienInterne LienPublication="F117" type="Fiche d'information conditionnée" audience="Particuliers">droit de grève</LienInterne></Paragraphe></Item></Liste></Chapitre><Chapitre><Titre><Paragraphe>L'employeur doit-il respecter une procédure disciplinaire pour sanctionner le salarié ?</Paragraphe></Titre><Paragraphe>Oui, l'employeur doit respecter une procédure particulière. Elle varie selon que l'employeur envisage de prendre une sanction mineure (avertissement, blâme par exemple) ou une sanction lourde (mise à pied disciplinaire, rétrogadation, licenciement par exemple).</Paragraphe><ASavoir><Titre>À savoir</Titre><Paragraphe>L'employeur doit vérifier si des dispositions statutaires ou des <LienIntra LienID="R51533" type="Définition de glossaire">dispositions conventionnelles</LienIntra> ne prévoient pas des règles particulières (mise en place d'une commission disciplinaire par exemple, obligation d'organiser un entretien quelle que soit la sanction envisagée ...).<LienIntra LienID="R51533" type="Définition de glossaire"/></Paragraphe></ASavoir><BlocCas affichage="onglet"><Cas><Titre>Sanction mineure</Titre><Paragraphe>Pour les sanctions mineures (par exemple avertissement, blâme sans inscription au dossier du salarié), l'employeur n'est pas obligé de convoquer le salarié à un entretien préalable.</Paragraphe><Paragraphe>La décision de l'employeur est écrite et argumentée. Elle précise la sanction choisie et les reproches qui justifient cette sanction.</Paragraphe><Paragraphe>La sanction est notifiée au salarié par lettre remise en mains propres contre décharge ou par lettre recommandée avec accusé de réception (LRAR).</Paragraphe><Attention><Titre>Attention</Titre><Paragraphe>Si l'employeur décide d'organiser un entretien, il convoque le salarié par lettre recommandée ou remise en main propre.</Paragraphe><Paragraphe>Dans ce cas, la lettre doit indiquer l'objet, la date, l'heure et le lieu de l'entretien. La lettre doit également préciser que le salarié peut se faire assister par une personne de son choix appartenant au personnel de l'entreprise.</Paragraphe><Paragraphe>Lors de l'entretien, l'employeur indique les motifs de la sanction envisagée et recueille les explications du salarié.</Paragraphe></Attention></Cas><Cas><Titre>Sanction lourde</Titre><TitreFlottant><Paragraphe>Convocation du salarié à un entretien préalable</Paragraphe></TitreFlottant><Paragraphe>Pour les sanctions lourdes (licenciement, rétrogradation, mise à pied disciplinaire par exemple), l'employeur doit convoquer le salarié à un entretien préalable. La convocation est faite par lettre recommandée avec accusé de réception (LRAR) ou par lettre remise en main propre.</Paragraphe><Paragraphe>Cette lettre doit être envoyée dans un délai de <MiseEnEvidence>2 mois maximum</MiseEnEvidence> à compter du jour où l'employeur a eu connaissance des faits qu'il considère comme fautifs.</Paragraphe><Paragraphe>La lettre doit préciser l'objet, la date, l'heure et le lieu de l'entretien. L'employeur n'est pas obligé d'indiquer les faits reprochés.</Paragraphe><Paragraphe>La lettre précise que le salarié peut se faire assister par une personne de son choix, appartenant à l'entreprise.</Paragraphe><Paragraphe>Si la sanction envisagée est un licenciement, la lettre devra préciser <LienInterne LienPublication="F2839" type="Fiche d'information conditionnée" audience="Particuliers">la possibilité pour le salarié de se faire assister</LienInterne> lors de cet entretien.</Paragraphe><Paragraphe>L'assistance du salarié est différente selon que l'entreprise est dotée ou non de représentants du personnel.</Paragraphe><ASavoir><Titre>À savoir</Titre><Paragraphe>La loi n'impose <MiseEnEvidence>pas de délai à respecter</MiseEnEvidence> entre la réception de la convocation à l'entretien et la tenue de cet entretien.</Paragraphe><Paragraphe>Un délai raisonnable doit être prévu par l'employeur pour avertir le salarié suffisamment à l'avance.</Paragraphe><Paragraphe>Si la sanction envisagée est un <MiseEnEvidence>licenciement</MiseEnEvidence>, l'employeur doit respecter la procédure propre au <LienInterne LienPublication="F2839" type="Fiche d'information conditionnée" audience="Particuliers">licenciement pour motif personnel</LienInterne>.</Paragraphe><Paragraphe>Dans ce cas, <MiseEnEvidence>le délai</MiseEnEvidence> à respecter entre la convocation et l'entretien est de <MiseEnEvidence>5 <LienIntra LienID="R17508" type="Définition de glossaire">jours ouvrables</LienIntra></MiseEnEvidence>.</Paragraphe></ASavoir><TitreFlottant><Paragraphe>Tenue de l'entretien</Paragraphe></TitreFlottant><Paragraphe>Lors de l'entretien, l'employeur indique les motifs de la sanction envisagée et recueille les explications du salarié. Le salarié n'est pas obligé de se présenter à l'entretien. Si le salarié ne se présente pas, l'employeur pourra malgré tout poursuivre la procédure.</Paragraphe><Paragraphe>La décision de l'employeur concernant la sanction ne sera pas connue à la fin de l'entretien. La loi impose à l'employeur d'observer un délai de réflexion avant de <LienIntra LienID="R14732" type="Définition de glossaire">notifier</LienIntra> sa décision.</Paragraphe><TitreFlottant><Paragraphe>Notification de la sanction au salarié</Paragraphe></TitreFlottant><Paragraphe>La sanction décidée par l'employeur <MiseEnEvidence>ne peut pas</MiseEnEvidence> être <LienIntra LienID="R14732" type="Définition de glossaire">notifiée</LienIntra> dans les <MiseEnEvidence>2</MiseEnEvidence><LienIntra LienID="R17508" type="Définition de glossaire">jours ouvrables</LienIntra> après l'entretien.</Paragraphe><Paragraphe>La sanction doit être <LienIntra LienID="R14732" type="Définition de glossaire">notifiée</LienIntra> au plus tard <MiseEnEvidence>1 mois après</MiseEnEvidence> l'entretien.</Paragraphe><Paragraphe>La sanction fait l'objet d'une décision écrite et argumentée, adressée au salarié par lettre recommandée ou remise en main propre.</Paragraphe><Exemple><Titre>Exemple</Titre><Paragraphe>Si l'entretien se déroule le lundi, l'employeur doit attendre le jeudi pour poster la lettre de notification de la sanction.</Paragraphe><Paragraphe>Si l'entretien se déroule le jeudi, l'employeur doit attendre le mardi de la semaine suivante pour poster la lettre de notification de la sanction. En effet si le délai se termine un samedi, un dimanche ou un jour férié ou <LienIntra LienID="R33413" type="Définition de glossaire">chômé</LienIntra>, il est prolongé jusqu'au 1<Exposant>er</Exposant> <LienIntra LienID="R17508" type="Définition de glossaire">jour ouvrable</LienIntra> suivant.</Paragraphe></Exemple></Cas></BlocCas></Chapitre><Chapitre><Titre><Paragraphe>Le salarié peut-il contester une sanction disciplinaire ?</Paragraphe></Titre><Paragraphe>Si le salarié s'estime injustement ou trop lourdement sanctionné, il peut <LienInterne LienPublication="F2360" type="Fiche d'information conditionnée" audience="Particuliers">saisir le conseil de prud'hommes (CPH)</LienInterne> pour contester la sanction.</Paragraphe><Paragraphe>Si la procédure prévue n'a pas été respectée par l'employeur, il est également possible de saisir le conseil de prud'hommes.</Paragraphe></Chapitre></Texte><VoirAussi important="non"><Fiche ID="F1848" audience="Particuliers"><Titre>Licenciement pour motif personnel nul, sans cause réelle et sérieuse ou irrégulier</Titre><Theme ID="N19806"><Titre>Travail - Formation</Titre></Theme></Fiche><Fiche ID="F510" audience="Particuliers"><Titre>Sanctions disciplinaires dans la fonction publique </Titre><Theme ID="N19806"><Titre>Travail - Formation</Titre></Theme></Fiche></VoirAussi><Reference type="Texte de référence" URL="https://www.legifrance.gouv.fr/codes/id/LEGISCTA000006177887/" ID="R18229"><Titre>Code du travail : articles L1331-1 à L1331-2</Titre><Complement>Sanction (définition légale)</Complement></Reference><Reference type="Texte de référence" URL="https://www.legifrance.gouv.fr/codes/id/LEGISCTA000006177836/" ID="R2808"><Titre>Code du travail : articles L1132-1 à L1132-4</Titre><Complement>Sanctions interdites</Complement></Reference><Reference type="Texte de référence" URL="https://www.legifrance.gouv.fr/codes/id/LEGISCTA000006189484/" ID="R2886"><Titre>Code du travail : articles L1332-1 à L1332-3</Titre><Complement>Procédure disciplinaire</Complement></Reference><Reference type="Texte de référence" URL="https://www.legifrance.gouv.fr/codes/id/LEGISCTA000006189485" ID="R17819"><Titre>Code du travail : articles L1332-4 à L1332-5</Titre><Complement>Prescription des faits fautifs</Complement></Reference><Reference type="Texte de référence" URL="https://www.legifrance.gouv.fr/codes/id/LEGISCTA000018536891/" ID="R10057"><Titre>Code du travail : articles R1332-1 à R1332-3</Titre><Complement>Garanties de procédure</Complement></Reference><ServiceEnLigne ID="R58644" URL="https://code.travail.gouv.fr/modeles-de-courriers/lettre-de-licenciement-pour-motif-disciplinaire?src_url=https://service-public.fr/particuliers/vosdroits/F2234" audience="Particuliers" type="Modèle de document"><Titre>Lettre de licenciement pour motif disciplinaire</Titre><Source ID="R30661">Ministère chargé du travail</Source></ServiceEnLigne><Definition ID="R46983"><Titre>Avertissement ou blâme (droit du travail)</Titre><Texte><Paragraphe>Reproches adressés par l'employeur au salarié, et notifiés par écrit, en raison du comportement fautif du salarié</Paragraphe></Texte></Definition><Definition ID="R46984"><Titre>Mise à pied disciplinaire (droit du travail)</Titre><Texte><Paragraphe>Sanction visant à suspendre temporairement le contrat de travail et la rémunération du salarié ayant eu un comportement fautif</Paragraphe></Texte></Definition><Definition ID="R46985"><Titre>Mutation disciplinaire (droit du travail)</Titre><Texte><Paragraphe>Changement d'affectation ou de lieu de travail décidé par l'employeur envers un salarié ayant eu un comportement fautif</Paragraphe></Texte></Definition><Definition ID="R46986"><Titre>Rétrogradation</Titre><Texte><Paragraphe>Modification à la baisse de la position hiérarchique du salarié</Paragraphe></Texte></Definition><Definition ID="R33413"><Titre>Jour chômé</Titre><Texte><Paragraphe>Jour non travaillé</Paragraphe></Texte></Definition><Definition ID="R17508"><Titre>Jour ouvrable</Titre><Texte><Paragraphe>Correspond à tous les jours de la semaine, à l'exception du jour de repos hebdomadaire (généralement le dimanche) et des jours fériés habituellement non travaillés dans l'entreprise</Paragraphe></Texte></Definition><Definition ID="R14732"><Titre>Notification</Titre><Texte><Paragraphe>Formalité par laquelle un acte de procédure ou une décision est porté à la connaissance d’une personne</Paragraphe></Texte></Definition><Definition ID="R48975"><Titre>Liberté fondamentale - travail</Titre><Texte><Paragraphe>Droits primordiaux visant à protéger le salarié dans son emploi contre les restrictions aux droits des personnes et aux libertés individuelles et collectives</Paragraphe></Texte></Definition><Definition ID="R49229"><Titre>Délit</Titre><Texte><Paragraphe>Acte interdit par la loi et puni d'une amende et/ou d'une peine d'emprisonnement inférieure à 10 ans</Paragraphe></Texte></Definition><Definition ID="R49230"><Titre>Crime</Titre><Texte><Paragraphe>Infraction la plus grave punissable par une peine de prison (homicide volontaire ou viol par exemple)</Paragraphe></Texte></Definition><Definition ID="R51533"><Titre>Dispositions conventionnelles</Titre><Texte><Paragraphe>Convention collective, accord collectif, accord de branche, d'entreprise ou d'établissement applicables en droit du travail. Elles fixent les obligations et les droits de l'employeur et du salarié.</Paragraphe></Texte></Definition><QuestionReponse ID="F1137" audience="Particuliers"><Titre>Licenciement pour faute simple, grave ou lourde : quelles conséquences pour le salarié ?</Titre></QuestionReponse><QuestionReponse ID="F31209" audience="Particuliers"><Titre>Qu'est-ce qu'un abandon de poste par un salarié dans le secteur privé ?</Titre></QuestionReponse></Publication>