<?xml version="1.0" encoding="UTF-8"?><Publication xmlns:dc="http://purl.org/dc/elements/1.1/" xmlns:xsi="http://www.w3.org/2001/XMLSchema-instance" ID="F22365" type="Fiche d'information conditionnée" xsi:noNamespaceSchemaLocation="../Schemas/3.4/Publication.xsd" dateDerniereModificationImportante="2021-08-11T00:00:00" spUrl="https://www.service-public.fr/particuliers/vosdroits/F22365" profilsPro="ei,societe"><dc:title>Récépissé d'entrepreneur de spectacles</dc:title><dc:creator>Direction de l'information légale et administrative</dc:creator><dc:subject>Fonctionnement d'une association, Associations, Secteurs d'activité</dc:subject><dc:description>L'entrepreneur de spectacles vivants désigne toute personne qui exerce une activité d'exploitation de lieux de spectacles, de production ou de diffusion de spectacles. Depuis octobre 2019, la licence de spectacle est remplacée par un récépissé de déclaration d'activité d'entrepreneur de spectacles. Selon la situation, ce récépissé peut s'avérer indispensable pour exercer une telle activité.</dc:description><dc:publisher>Direction de l'information légale et administrative</dc:publisher><dc:contributor>Direction de l'information légale et administrative (Premier ministre), Ministère chargé de la culture et de la communication</dc:contributor><dc:date>modified 2022-06-13</dc:date><dc:type>Fiche pratique</dc:type><dc:format>text/xml</dc:format><dc:identifier>F22365</dc:identifier><dc:source>https://www.legifrance.gouv.fr/codes/section_lc/LEGITEXT000006072050/LEGISCTA000006189958/#LEGISCTA000038723901, https://www.legifrance.gouv.fr/codes/article_lc/LEGIARTI000039159654, https://www.legifrance.gouv.fr/loda/id/JORFTEXT000037152548/, https://www.legifrance.gouv.fr/loda/id/JORFTEXT000039147042/</dc:source><dc:language>Fr</dc:language><dc:relation>isPartOf N31332</dc:relation><dc:coverage>France entière</dc:coverage><dc:rights>https://www.service-public.fr/a-propos/mentions-legales</dc:rights><SurTitre>Fiche pratique</SurTitre><Audience>Associations</Audience><Audience>Particuliers</Audience><Audience>Professionnels</Audience><Canal>www.service-public.fr</Canal><FilDAriane><Niveau ID="Particuliers">Accueil particuliers</Niveau><Niveau ID="N31931">Associations</Niveau><Niveau ID="N31332">Organisation d'événements par une association</Niveau><Niveau ID="F22365" type="Fiche d'information conditionnée">Récépissé d'entrepreneur de spectacles</Niveau></FilDAriane><Theme ID="N31931"><Titre>Associations</Titre></Theme><SousThemePere ID="N31976">Fonctionnement d'une association</SousThemePere><DossierPere ID="N31332"><Titre>Organisation d'événements par une association</Titre><Fiche ID="F21899">Organisation de manifestations, défilés ou rassemblements sur la voie publique</Fiche><Fiche ID="F34326">Organisation d'une course à pied ou d'une marche sur la voie publique</Fiche><Fiche ID="F34667">Organisation d'une course cycliste sur la voie publique</Fiche><Fiche ID="F34668">Organisation d'une course de véhicules à moteur sur la voie publique</Fiche><Fiche ID="F22365">Récépissé d'entrepreneur de spectacles</Fiche></DossierPere><Introduction><Texte><Paragraphe>L'<MiseEnEvidence>entrepreneur de spectacles vivants</MiseEnEvidence> désigne toute personne qui exerce une activité d'exploitation de lieux de spectacles, de production ou de diffusion de spectacles. Depuis octobre 2019, la licence de spectacle est remplacée par un <MiseEnEvidence>récépissé de déclaration d'activité d'entrepreneur de spectacles</MiseEnEvidence>. Selon la situation, ce récépissé peut s'avérer indispensable pour exercer une telle activité.</Paragraphe></Texte></Introduction><Questionnaire><Question><Titre><Paragraphe>Vous êtes</Paragraphe></Titre><Aide><Paragraphe>Les pays de l'Espace économique européen (EEE) sont les suivants : Allemagne, Autriche, Belgique, Bulgarie, Chypre, Croatie, Danemark, Espagne, Estonie, Finlande, France, Grèce, Hongrie, Irlande, Islande, Italie, Lettonie, Liechtenstein, Lituanie, Luxembourg, Malte, Norvège, Pays-Bas, Pologne, Portugal, République tchèque, Roumanie, Slovaquie, Slovénie, Suède.</Paragraphe></Aide><Choix><Titre><Paragraphe>Établi en France</Paragraphe></Titre><IntituleSiSelectionne><Paragraphe>Vous êtes établi en France</Paragraphe></IntituleSiSelectionne><SiSelectionne><affecteVrai var="T10576"/><affecteFaux var="T10580"/><affecteFaux var="T11723"/></SiSelectionne></Choix><Choix><Titre><Paragraphe>Établi dans un pays de l'Espace économique européen (EEE)</Paragraphe></Titre><IntituleSiSelectionne><Paragraphe>Vous êtes établi dans un pays de l'Espace économique européen (EEE)</Paragraphe></IntituleSiSelectionne><SiSelectionne><affecteVrai var="T10580"/><affecteFaux var="T10576"/><affecteFaux var="T11723"/></SiSelectionne></Choix><Choix><Titre><Paragraphe>Établi dans un autre pays</Paragraphe></Titre><IntituleSiSelectionne><Paragraphe>Vous êtes établi hors EEE</Paragraphe></IntituleSiSelectionne><SiSelectionne><affecteVrai var="T11723"/><affecteFaux var="T10576"/><affecteFaux var="T10580"/></SiSelectionne></Choix></Question></Questionnaire><ListeSituations affichage="onglet"><Situation><Titre>Entrepreneur établi en France</Titre><Condition><estVrai var="T10576"/></Condition><Texte><Chapitre><Titre><Paragraphe>Qui doit détenir un récépissé d'entrepreneur de spectacles ?</Paragraphe></Titre><Paragraphe>L'obligation pour l'entrepreneur de spectacles de détenir un récépissé de déclaration d'activité <MiseEnEvidence>n'est pas systématique</MiseEnEvidence>.</Paragraphe><Paragraphe>Tout dépend si l'activité est exercée à titre principal, secondaire ou occasionnel.</Paragraphe><ANoter><Titre>À noter</Titre><Paragraphe>lorsque la détention d'un récépissé est obligatoire, le numéro du récépissé doit figurer sur les affiches, prospectus et billets des spectacles. Le non-respect de cette obligation est sanctionnée d'une amende administrative de <Valeur>800 €</Valeur> pour une personne physique et de <Valeur>2 000 €</Valeur> pour une personne morale.</Paragraphe></ANoter><BlocCas affichage="onglet"><Cas><Titre>Activité principale</Titre><Paragraphe>Le récépissé valant licence est <MiseEnEvidence>obligatoire</MiseEnEvidence> pour toute structure privée ou publique dont l'activité principale est la production ou la diffusion de spectacles ou l'exploitation de lieux de spectacles. Peu importe que l'activité soit exercée à but lucratif ou non.</Paragraphe><Paragraphe>Il existe <MiseEnEvidence>plusieurs catégories</MiseEnEvidence> de récépissés.</Paragraphe><Tableau><Titre>Catégories du récépissé suivant le type de métiers</Titre><Colonne largeur="29" type="normal"/><Colonne largeur="32" type="normal"/><Rangée type="header"><Cellule><Paragraphe>Catégorie</Paragraphe></Cellule><Cellule><Paragraphe>Type d'activité</Paragraphe></Cellule></Rangée><Rangée type="normal"><Cellule><Paragraphe>1<Exposant>re</Exposant></Paragraphe></Cellule><Cellule><Paragraphe>Exploitant de lieux de spectacles aménagés pour les représentations publiques</Paragraphe></Cellule></Rangée><Rangée type="normal"><Cellule><Paragraphe>2<Exposant>e</Exposant></Paragraphe></Cellule><Cellule><Liste type="puce"><Item><Paragraphe>Producteur de spectacles</Paragraphe></Item></Liste><Liste type="puce"><Item><Paragraphe>Entrepreneur de tournées ayant la responsabilité du plateau artistique, notamment celle d'employeur</Paragraphe></Item></Liste></Cellule></Rangée><Rangée type="normal"><Cellule><Paragraphe>3<Exposant>e</Exposant></Paragraphe></Cellule><Cellule><Liste type="puce"><Item><Paragraphe>Diffuseur de spectacles ayant en charge, dans le cadre d'un contrat,  l'accueil du public, la billetterie et la sécurité des spectacles</Paragraphe></Item></Liste><Liste type="puce"><Item><Paragraphe>Entrepreneur de tournées n'ayant pas la responsabilité du plateau artistique</Paragraphe></Item></Liste></Cellule></Rangée></Tableau><Paragraphe>Un même entrepreneur de spectacles peut être détenteur d'un ou plusieurs récépissés, en fonction de ses diverses activités.</Paragraphe></Cas><Cas><Titre>Activité secondaire</Titre><Paragraphe>Si l'organisation de spectacles ne constitue pas l'activité principale de l'entrepreneur, l'organisation de spectacles est considérée comme une activité secondaire (accessoire).</Paragraphe><Paragraphe>Dans ce cas, le récépissé est <MiseEnEvidence>obligatoire uniquement à partir de</MiseEnEvidence> <MiseEnEvidence>7 représentations annuelles</MiseEnEvidence>. En deçà de 7 représentations par an, l'entrepreneur n'a aucune formalité à accomplir.</Paragraphe><Exemple><Titre>Exemple</Titre><Paragraphe>Le responsable d'un hôtel, café ou restaurant (HCR) qui organise 10 représentations par an doit obligatoirement détenir un récépissé de spectacle. Son activité principale reste celle des HCR.</Paragraphe></Exemple><Paragraphe>Le terme de représentation est entendu au sens strict d'une représentation dans un lieu, à un moment et pour un spectacle donné. Autrement dit, un même spectacle donné 6 fois dans une même journée, en un même lieu, compte pour 6 et non pour 1 représentation.</Paragraphe></Cas><Cas><Titre>Activité occasionnelle</Titre><Paragraphe>Si l'organisation de spectacles ne figure pas dans l'objet inscrit dans les statuts de la personne morale (société, association), l'organisation de spectacles est considérée comme une activité occasionnelle.</Paragraphe><Paragraphe>Dans ce cas, le récépissé est <MiseEnEvidence>obligatoire uniquement à partir de</MiseEnEvidence> <MiseEnEvidence>7 représentations annuelles</MiseEnEvidence>. En deçà de 7 représentations par an, il n'y a aucune formalité à accomplir.</Paragraphe><Exemple><Titre>Exemple</Titre><Paragraphe>Les responsables des salles polyvalentes qui accueillent 10 représentations par an devront avoir un récépissé valide valant licence. En revanche, les comités des fêtes, syndicats d'initiative ou communes qui n'organisent pas plus de 6 spectacles à l'occasion de festivités annuelles ne sont pas soumis à l'obligation de déclaration.</Paragraphe></Exemple><Paragraphe>Les artistes et les techniciens doivent être employés via le <LienInterne LienPublication="F1928" type="Fiche d'information conditionnée" audience="Particuliers">guichet unique du spectacle occasionnel (Guso)</LienInterne>.</Paragraphe><ServiceEnLigne ID="R14535" URL="https://www.guso.fr/webguso/accueil" audience="Particuliers" type="Téléservice"><Titre>Guichet unique du spectacle occasionnel (Guso)</Titre><Source ID="R30668">France Travail (anciennement Pôle emploi)</Source></ServiceEnLigne></Cas></BlocCas><Attention><Titre>Attention</Titre><Paragraphe>l'exercice de la profession d'entrepreneur de spectacles vivants sans détention d'un récépissé de déclaration valide peut donner lieu à une <MiseEnEvidence>amende administrative</MiseEnEvidence> de <Valeur>1 500 €</Valeur> pour une personne physique (entrepreneur individuel, particulier-employeur) et <Valeur>7 500 €</Valeur> pour une personne morale (société, association, commune). L'amende peut être assortie de la fermeture du ou des établissements pendant 1 an maximum.</Paragraphe></Attention></Chapitre><Chapitre><Titre><Paragraphe>Comment obtenir le récépissé ?</Paragraphe></Titre><Paragraphe>Pour obtenir le récépissé, l'entrepreneur de spectacles doit <MiseEnEvidence>déclarer son activité</MiseEnEvidence> et respecter des <MiseEnEvidence>conditions de compétence ou d'expérience professionnelle</MiseEnEvidence>.</Paragraphe><SousChapitre><Titre><Paragraphe>Déclaration d'activité</Paragraphe></Titre><BlocCas affichage="onglet"><Cas><Titre>Première demande</Titre><Paragraphe>L'activité d'entreprise de spectacles vivants est soumise à une démarche préalable sous la forme d'une <MiseEnEvidence>déclaration en ligne</MiseEnEvidence>. C'est après cette déclaration d'activité que le récépissé est <MiseEnEvidence>délivré pour une durée de 5 ans renouvelable</MiseEnEvidence> à l'entrepreneur de spectacles.</Paragraphe><ServiceEnLigne ID="R43742" URL="https://mesdemarches.culture.gouv.fr/loc_fr/mcc/requests/THEAT_LICEN_declaration_00/?__CSRFTOKEN__=ad5455d4-c481-4c7e-96e1-cd93b63df8f4" audience="Particuliers" type="Téléservice"><Titre>Déclaration d'activité d'entrepreneur de spectacles vivants (en vue d'un récépissé d'entrepreneur de spectacles)</Titre><Source ID="R30679">Ministère chargé de la culture et de la communication</Source></ServiceEnLigne><Paragraphe>Cependant, la déclaration <MiseEnEvidence>peut être refusée</MiseEnEvidence> par le préfet. C'est le cas, par exemple, si l'entrepreneur de spectacles ne respecte pas les conditions de compétence ou d'expérience professionnelle.</Paragraphe><Paragraphe>Le préfet a un délai de <MiseEnEvidence>30 jours</MiseEnEvidence>, à partir de la réception d'un dossier complet et conforme au droit, pour faire opposition à la déclaration d'activité.</Paragraphe><Paragraphe>L'entrepreneur de spectacles, détenteur du récépissé, doit donc <MiseEnEvidence>attendre la fin de ce délai pour commencer son activité</MiseEnEvidence>.</Paragraphe></Cas><Cas><Titre>Renouvellement</Titre><Paragraphe>Le récépissé délivré doit être renouvelé par l'entrepreneur <MiseEnEvidence>tous les 5 ans.</MiseEnEvidence> La demande de renouvellement du récépissé s'effectue en ligne.</Paragraphe><ServiceEnLigne ID="R14004" URL="https://mesdemarches.culture.gouv.fr/loc_fr/mcc/requests/THEAT_LICEN_renouvellement_00/?__CSRFTOKEN__=ad5455d4-c481-4c7e-96e1-cd93b63df8f4" audience="Particuliers" type="Téléservice"><Titre>Renouvellement de la déclaration d'activité d'entrepreneur de spectacles vivants (en vue d'un récépissé d'entrepreneur de spectacles)</Titre><Source ID="R30679">Ministère chargé de la culture et de la communication</Source><Introduction><Texte><Paragraphe>Se munir de ses identifiants ou via France Connect.</Paragraphe></Texte></Introduction></ServiceEnLigne></Cas></BlocCas></SousChapitre><SousChapitre><Titre><Paragraphe>Conditions à respecter</Paragraphe></Titre><Paragraphe>L'entrepreneur de spectacles doit remplir certaines conditions pour que sa déclaration soit acceptée. Les conditions varient selon que l'entrepreneur est une <MiseEnEvidence>personne physique</MiseEnEvidence> (entrepreneur individuel, particulier-employeur) ou une <MiseEnEvidence><LienIntra LienID="R40703" type="Définition de glossaire">personne morale</LienIntra></MiseEnEvidence> (société, association, commune).</Paragraphe><BlocCas affichage="radio"><Cas><Titre>Personne physique</Titre><Paragraphe>L'entrepreneur de spectacles doit être <MiseEnEvidence>majeur</MiseEnEvidence> et remplir <MiseEnEvidence>l'une des conditions</MiseEnEvidence> suivantes :</Paragraphe><Liste type="puce"><Item><Paragraphe>Être diplômé de l'enseignement supérieur ou être titulaire d'un titre de même niveau inscrit au <LienInterne LienPublication="R40438" type="Téléservice" audience="Particuliers">répertoire national des certifications professionnelles</LienInterne></Paragraphe></Item><Item><Paragraphe>Avoir une expérience professionnelle d'au moins 6 mois dans le spectacle vivant (artiste, technicien, administratif dans le spectacle vivant)</Paragraphe></Item><Item><Paragraphe>Avoir suivi une formation d'au moins 125 heures ou avoir un ensemble de compétences dans le spectacle vivant</Paragraphe></Item></Liste><Paragraphe>La personne déclarante doit également avoir suivi une <MiseEnEvidence>formation à la sécurité des spectacles</MiseEnEvidence>. Enfin, l'entrepreneur de spectacles ne doit pas avoir fait l'objet d'une décision judiciaire interdisant l'exercice d'une activité commerciale.</Paragraphe></Cas><Cas><Titre>Personne morale</Titre><Paragraphe>La personne morale doit justifier qu'au moins un de ses membres remplit <MiseEnEvidence>l'une des conditions</MiseEnEvidence> suivantes :</Paragraphe><Liste type="puce"><Item><Paragraphe>Être diplômé de l'enseignement supérieur ou être titulaire d'un titre de même niveau inscrit au <LienInterne LienPublication="R40438" type="Téléservice" audience="Particuliers">répertoire national des certifications professionnelles</LienInterne></Paragraphe></Item><Item><Paragraphe>Avoir une expérience professionnelle d'au moins 6 mois dans le spectacle vivant (artiste, technicien, administratif dans le spectacle vivant)</Paragraphe></Item><Item><Paragraphe>Avoir suivi une formation d'au moins 125 heures ou un ensemble de compétences dans le spectacle vivant</Paragraphe></Item></Liste><Paragraphe>La personne morale doit également justifier qu'un ou plusieurs de ses membres ont suivi une <MiseEnEvidence>formation à la sécurité des spectacles</MiseEnEvidence>. Enfin, l'organisme ne doit pas avoir fait l'objet d'une décision judiciaire interdisant l'exercice d'une activité commerciale.</Paragraphe><Paragraphe>En cas de cessation de fonctions de la personne chargée de remplir les conditions de compétence ou d'expérience, l'entrepreneur de spectacles en informe l'administration. L'entrepreneur lui communique le nom et le statut de la personne qui la remplace. Ce remplacement doit avoir lieu dans le mois suivant le départ de la personne initialement déclarée.</Paragraphe></Cas></BlocCas><Attention><Titre>Attention</Titre><Paragraphe>le préfet peut, s'il estime que les conditions de compétence ou d'expérience ne sont plus remplies, s'opposer à la poursuite de l'activité et <MiseEnEvidence>mettre fin à la validité de la déclaration</MiseEnEvidence>. L'entrepreneur de spectacles risque également de voir sa déclaration invalidée s'il ne respecte pas le droit social, le droit du travail ou le droit de la propriété littéraire et artistique.</Paragraphe></Attention></SousChapitre></Chapitre></Texte></Situation><Situation><Titre>Dans un pays de l'EEE</Titre><Condition><estVrai var="T10580"/></Condition><Introduction><Texte><Paragraphe>Lorsque l'entrepreneur de spectacles est établi dans un pays de <LienIntra LienID="R42218" type="Définition de glossaire">l'Espace économique européen (EEE)</LienIntra> autre que la France, la réglementation diffère selon qu'il souhaite s'établir en France (pour créer une entreprise) ou y exercer temporairement son activité.</Paragraphe></Texte></Introduction><Texte><BlocCas affichage="radio"><Cas><Titre>L'entrepreneur est établi dans un pays de l'EEE et souhaite s'établir en France</Titre><BlocCas affichage="radio"><Cas><Titre>L'entrepreneur a déjà une licence dans son pays d'établissement</Titre><Paragraphe>L'entrepreneur de spectacles vivants doit déposer en ligne une <MiseEnEvidence>demande de reconnaissance de titre équivalent</MiseEnEvidence> à la déclaration d'entrepreneur de spectacles vivants.</Paragraphe><Paragraphe>Le préfet de région délivre ensuite, dans un <MiseEnEvidence>délai d'1 mois</MiseEnEvidence> à compter de la demande, un <MiseEnEvidence>récépissé de déclaration</MiseEnEvidence> pour la catégorie correspondant au titre.</Paragraphe><ServiceEnLigne ID="R43745" URL="https://mesdemarches.culture.gouv.fr/loc_fr/mcc/requests/THEAT_LICEN_reconnaissance_00/?__CSRFTOKEN__=ad5455d4-c481-4c7e-96e1-cd93b63df8f4" audience="Particuliers" type="Téléservice"><Titre>Demande de reconnaissance de titre équivalent à la déclaration d'entrepreneur de spectacles vivants</Titre><Source ID="R30679">Ministère chargé de la culture et de la communication</Source><Introduction><Texte><Paragraphe>Se munir de ses identifiants ou via France Connect</Paragraphe></Texte></Introduction></ServiceEnLigne><ANoter><Titre>À noter</Titre><Paragraphe>Le silence gardé par le préfet pendant 1 mois à compter du dépôt de la demande vaut reconnaissance de l'équivalence.</Paragraphe></ANoter><Paragraphe>Si cette demande de reconnaissance d'équivalence est <MiseEnEvidence>rejetée par le préfet</MiseEnEvidence>, l'entrepreneur de spectacles devra réaliser en ligne la <MiseEnEvidence>déclaration de son activité</MiseEnEvidence> et obtenir le récépissé correspondant.</Paragraphe><ServiceEnLigne ID="R43742" URL="https://mesdemarches.culture.gouv.fr/loc_fr/mcc/requests/THEAT_LICEN_declaration_00/?__CSRFTOKEN__=ad5455d4-c481-4c7e-96e1-cd93b63df8f4" audience="Particuliers" type="Téléservice"><Titre>Déclaration d'activité d'entrepreneur de spectacles vivants (en vue d'un récépissé d'entrepreneur de spectacles)</Titre><Source ID="R30679">Ministère chargé de la culture et de la communication</Source></ServiceEnLigne></Cas><Cas><Titre>L'entrepreneur n'a pas de licence dans son pays d'établissement</Titre><Paragraphe>L'entrepreneur de spectacles doit réaliser en ligne la <MiseEnEvidence>déclaration de son activité</MiseEnEvidence> et obtenir le récépissé correspondant.</Paragraphe><ServiceEnLigne ID="R43742" URL="https://mesdemarches.culture.gouv.fr/loc_fr/mcc/requests/THEAT_LICEN_declaration_00/?__CSRFTOKEN__=ad5455d4-c481-4c7e-96e1-cd93b63df8f4" audience="Particuliers" type="Téléservice"><Titre>Déclaration d'activité d'entrepreneur de spectacles vivants (en vue d'un récépissé d'entrepreneur de spectacles)</Titre><Source ID="R30679">Ministère chargé de la culture et de la communication</Source></ServiceEnLigne></Cas></BlocCas></Cas><Cas><Titre>L'entrepreneur est établi dans un pays de l'EEE et souhaite donner des représentations occasionnelles en France</Titre><Paragraphe>L'entrepreneur de spectacles vivants qui souhaite donner des représentations occasionnelles en France doit <MiseEnEvidence>en informer le préfet</MiseEnEvidence>.</Paragraphe><Paragraphe>Cette information doit être communiquée en ligne <MiseEnEvidence>au moins 1 mois avant</MiseEnEvidence> le début de la période d'exercice en France.</Paragraphe><Paragraphe>Elle précise la date de début et la durée de l'exercice envisagé en France.</Paragraphe><ServiceEnLigne ID="R43747" URL="https://mesdemarches.culture.gouv.fr/loc_fr/mcc/requests/THEAT_LICEN_information_01/?__CSRFTOKEN__=ad5455d4-c481-4c7e-96e1-cd93b63df8f4" audience="Particuliers" type="Téléservice"><Titre>Information de prestation de service en France d'un entrepreneur de spectacles vivants établi dans l'Espace économique européen (EEE)</Titre><Source ID="R30679">Ministère chargé de la culture et de la communication</Source><Introduction><Texte><Paragraphe>Se munir de ses identifiants ou via France Connect</Paragraphe></Texte></Introduction></ServiceEnLigne></Cas></BlocCas></Texte></Situation><Situation><Titre>Dans un autre pays</Titre><Condition><estVrai var="T11723"/></Condition><Texte><Paragraphe>L'entrepreneur de spectacles vivants qui n'est pas établi dans un pays de <LienIntra LienID="R42218" type="Définition de glossaire">l'Espace économique européen (EEE)</LienIntra> doit respecter les <MiseEnEvidence>2 conditions suivantes</MiseEnEvidence> pour exercer occasionnellement son activité en France :</Paragraphe><Liste type="puce"><Item><Paragraphe><MiseEnEvidence>Conclure un contrat avec un entrepreneur de spectacles vivants</MiseEnEvidence> détenteur d'un récépissé valant licence. Ce contrat doit être envoyé au préfet, au moins 15 jours avant la date de la première représentation.</Paragraphe></Item><Item><Paragraphe><MiseEnEvidence>Informer le préfet en ligne</MiseEnEvidence>, au moins 1 mois avant le début de la période d'exercice en France.</Paragraphe></Item></Liste><ServiceEnLigne ID="R43749" URL="https://mesdemarches.culture.gouv.fr/loc_fr/mcc/requests/THEAT_LICEN_information_02/?__CSRFTOKEN__=ad5455d4-c481-4c7e-96e1-cd93b63df8f4" audience="Particuliers" type="Téléservice"><Titre>Information de prestation de service en France d'un entrepreneur de spectacles vivants établi hors de l'Espace économique européen (EEE)</Titre><Source ID="R30679">Ministère chargé de la culture et de la communication</Source><Introduction><Texte><Paragraphe>Se munir de ses identifiants ou via France Connect</Paragraphe></Texte></Introduction></ServiceEnLigne></Texte></Situation></ListeSituations><VoirAussi important="non"><Fiche ID="F36427" audience="Professionnels"><Titre>Entrepreneur de spectacles : aide à l'emploi du plateau artistique (APAJ)</Titre><Theme ID="N24269"><Titre>Secteurs d'activité</Titre></Theme></Fiche><Fiche ID="F22667" audience="Professionnels"><Titre>Contrat de cession de droits d'auteur</Titre><Theme ID="N24269"><Titre>Secteurs d'activité</Titre></Theme></Fiche><Fiche ID="F22388" audience="Professionnels"><Titre>Artiste-auteur : déclaration d'activité</Titre><Theme ID="N24269"><Titre>Secteurs d'activité</Titre></Theme></Fiche><Fiche ID="F23749" audience="Professionnels"><Titre>Artiste-auteur : affiliation et régime social</Titre><Theme ID="N24267"><Titre>Ressources humaines</Titre></Theme></Fiche></VoirAussi><QuiPeutMAider ID="R12429" sve="non" type="Local personnalisé sur SP"><Titre>Direction régionale des affaires culturelles (Drac)</Titre><PivotLocal>drac</PivotLocal><RessourceWeb URL="https://www.culture.gouv.fr/Nous-connaitre/Organisation"/><Source ID="R30679">Ministère chargé de la culture et de la communication</Source></QuiPeutMAider><Reference type="Texte de référence" URL="https://www.legifrance.gouv.fr/codes/section_lc/LEGITEXT000006072050/LEGISCTA000006189958/#LEGISCTA000038723901" ID="R62595"><Titre>Code du travail : articles L7122-1 à L7122-18</Titre></Reference><Reference type="Texte de référence" URL="https://www.legifrance.gouv.fr/codes/article_lc/LEGIARTI000039159654" ID="R37671"><Titre>Code du travail : articles D7122-1 à R7122-28</Titre></Reference><Reference type="Texte de référence" URL="https://www.legifrance.gouv.fr/loda/id/JORFTEXT000037152548/" ID="R59940"><Titre>Décret n°2018-574 du 4 juillet 2018 instituant un dispositif de soutien à l'emploi du plateau artistique de spectacles vivants diffusés dans des salles de petite jauge</Titre></Reference><Reference type="Texte de référence" URL="https://www.legifrance.gouv.fr/loda/id/JORFTEXT000039147042/" ID="R31298"><Titre>Arrêté du 27 septembre 2019 fixant la liste des informations requises en vue de l'exercice de l'activité d'entrepreneur de spectacles vivants</Titre></Reference><ServiceEnLigne ID="R43742" URL="https://mesdemarches.culture.gouv.fr/loc_fr/mcc/requests/THEAT_LICEN_declaration_00/?__CSRFTOKEN__=ad5455d4-c481-4c7e-96e1-cd93b63df8f4" audience="Particuliers" type="Téléservice"><Titre>Déclaration d'activité d'entrepreneur de spectacles vivants (en vue d'un récépissé d'entrepreneur de spectacles)</Titre><Source ID="R30679">Ministère chargé de la culture et de la communication</Source></ServiceEnLigne><ServiceEnLigne ID="R14004" URL="https://mesdemarches.culture.gouv.fr/loc_fr/mcc/requests/THEAT_LICEN_renouvellement_00/?__CSRFTOKEN__=ad5455d4-c481-4c7e-96e1-cd93b63df8f4" audience="Particuliers" type="Téléservice"><Titre>Renouvellement de la déclaration d'activité d'entrepreneur de spectacles vivants (en vue d'un récépissé d'entrepreneur de spectacles)</Titre><Source ID="R30679">Ministère chargé de la culture et de la communication</Source></ServiceEnLigne><ServiceEnLigne ID="R43745" URL="https://mesdemarches.culture.gouv.fr/loc_fr/mcc/requests/THEAT_LICEN_reconnaissance_00/?__CSRFTOKEN__=ad5455d4-c481-4c7e-96e1-cd93b63df8f4" audience="Particuliers" type="Téléservice"><Titre>Demande de reconnaissance de titre équivalent à la déclaration d'entrepreneur de spectacles vivants</Titre><Source ID="R30679">Ministère chargé de la culture et de la communication</Source></ServiceEnLigne><ServiceEnLigne ID="R43747" URL="https://mesdemarches.culture.gouv.fr/loc_fr/mcc/requests/THEAT_LICEN_information_01/?__CSRFTOKEN__=ad5455d4-c481-4c7e-96e1-cd93b63df8f4" audience="Particuliers" type="Téléservice"><Titre>Information de prestation de service en France d'un entrepreneur de spectacles vivants établi dans l'Espace économique européen (EEE)</Titre><Source ID="R30679">Ministère chargé de la culture et de la communication</Source></ServiceEnLigne><ServiceEnLigne ID="R43749" URL="https://mesdemarches.culture.gouv.fr/loc_fr/mcc/requests/THEAT_LICEN_information_02/?__CSRFTOKEN__=ad5455d4-c481-4c7e-96e1-cd93b63df8f4" audience="Particuliers" type="Téléservice"><Titre>Information de prestation de service en France d'un entrepreneur de spectacles vivants établi hors de l'Espace économique européen (EEE)</Titre><Source ID="R30679">Ministère chargé de la culture et de la communication</Source></ServiceEnLigne><ServiceEnLigne ID="R40438" URL="https://www.francecompetences.fr/recherche_certificationprofessionnelle/" audience="Particuliers" type="Téléservice"><Titre>Consultation du répertoire national des certifications professionnelles (RNCP)</Titre><Source ID="R30794">Commission de la certification professionnelle de France compétences</Source></ServiceEnLigne><PourEnSavoirPlus type="Information pratique" ID="R62596" URL="https://www.culture.gouv.fr/Thematiques/Theatre-spectacles/Pour-les-professionnels/Plateforme-des-entrepreneurs-de-spectacles-vivants-PLATESV/Fiche-5.-Comment-obtenir-le-recepisse-valant-licence-qui-permettra-d-exercer-L-administration-peut-elle-s-y-opposer" audience="Particuliers"><Titre>Comment obtenir un récépissé : étape par étape</Titre><Source ID="R30679">Ministère chargé de la culture et de la communication</Source></PourEnSavoirPlus><PourEnSavoirPlus type="Information pratique" ID="R18395" URL="https://www.culture.gouv.fr/Sites-thematiques/Theatre-spectacles/En-pratique/Plateforme-des-entrepreneurs-de-spectacles-vivants-PLATESV" audience="Particuliers"><Titre>Plateforme des entrepreneurs de spectacles vivants (PLATESV)</Titre><Source ID="R30679">Ministère chargé de la culture et de la communication</Source></PourEnSavoirPlus><PourEnSavoirPlus type="Information pratique" ID="R31596" URL="https://www.cnd.fr/fr/file/file/58/inline/contrats%20de%20cessionjanv2017.pdf" audience="Particuliers" format="application/pdf" poids="302.2 KB"><Titre>Fiche explicative d'un contrat de cession d'exploitation d'un spectacle</Titre><Source ID="R30614">Centre national de la danse (CND)</Source></PourEnSavoirPlus><Definition ID="R40703"><Titre>Personne morale</Titre><Texte><Paragraphe>Groupement de personnes physiques réunies pour accomplir quelque chose en commun (entreprises, sociétés civiles, associations, État, collectivités territoriales, etc.). Ce groupe peut aussi réunir des personnes physiques et des personnes morales. Il peut aussi n'être constitué que d'un seul membre (entreprise unipersonnelle à responsabilité limitée - EURL - par exemple).</Paragraphe></Texte></Definition><Definition ID="R42218"><Titre>Espace économique européen (EEE)</Titre><Texte><Paragraphe>Allemagne, Autriche, Belgique, Bulgarie, Chypre, Croatie, Danemark, Espagne, Estonie, Finlande, France, Grèce, Hongrie, Irlande, Islande, Italie, Lettonie, Liechtenstein, Lituanie, Luxembourg, Malte, Norvège, Pays-Bas, Pologne, Portugal, République tchèque, Roumanie, Slovaquie, Slovénie, Suède</Paragraphe></Texte></Definition><QuestionReponse ID="F22428" audience="Professionnels"><Titre>Un artiste peut-il être micro-entrepreneur ?</Titre></QuestionReponse></Publication>