<?xml version="1.0" encoding="UTF-8"?><Publication xmlns:dc="http://purl.org/dc/elements/1.1/" xmlns:xsi="http://www.w3.org/2001/XMLSchema-instance" ID="F2233" type="Fiche d'information conditionnée" xsi:noNamespaceSchemaLocation="../Schemas/3.4/Publication.xsd" dateDerniereModificationImportante="2020-02-14T00:00:00" spUrl="https://www.service-public.fr/particuliers/vosdroits/F2233"><dc:title>Fichier des comptes bancaires (Ficoba)</dc:title><dc:creator>Direction de l'information légale et administrative</dc:creator><dc:subject>Argent - Impôts - Consommation</dc:subject><dc:description>Il liste tous les comptes bancaires ouverts en France : comptes courants, comptes d'épargne, comptes-titres, etc.</dc:description><dc:publisher>Direction de l'information légale et administrative</dc:publisher><dc:contributor>Direction de l'information légale et administrative (Premier ministre)</dc:contributor><dc:date>modified 2023-01-05</dc:date><dc:type>Fiche pratique</dc:type><dc:format>text/xml</dc:format><dc:identifier>F2233</dc:identifier><dc:source>https://www.legifrance.gouv.fr/codes/id/LEGISCTA000027781495/2013-07-28, https://www.legifrance.gouv.fr/codes/id/LEGISCTA000006180061, https://www.legifrance.gouv.fr/loda/id/LEGITEXT000006069767/</dc:source><dc:language>Fr</dc:language><dc:relation>isPartOf N85</dc:relation><dc:coverage>France entière</dc:coverage><dc:rights>https://www.service-public.fr/a-propos/mentions-legales</dc:rights><SurTitre>Fiche pratique</SurTitre><Audience>Particuliers</Audience><Canal>www.service-public.fr</Canal><FilDAriane><Niveau ID="Particuliers">Accueil particuliers</Niveau><Niveau ID="N19803">Argent - Impôts - Consommation</Niveau><Niveau ID="N85">Fichiers bancaires</Niveau><Niveau ID="F2233" type="Fiche d'information conditionnée">Fichier des comptes bancaires (Ficoba)</Niveau></FilDAriane><Theme ID="N19803"><Titre>Argent - Impôts - Consommation</Titre></Theme><SousThemePere ID="N20096">Banque</SousThemePere><DossierPere ID="N85"><Titre>Fichiers bancaires</Titre><Fiche ID="F2233">Fichier des comptes bancaires (Ficoba)</Fiche><Fiche ID="F2411">Fichier central des chèques (FCC)</Fiche><Fiche ID="F21131">Fichier national des chèques irréguliers (FNCI)</Fiche><Fiche ID="F17608">Fichier incidents de remboursement - Crédits des particuliers (FICP)</Fiche></DossierPere><Introduction><Texte><Paragraphe>Le fichier national des comptes bancaires et assimilés (Ficoba) liste tous les comptes bancaires ouverts en France : comptes courants, comptes d'épargne, comptes-titres, etc. Ficoba liste également les coffres-forts loués en France.</Paragraphe><Paragraphe>Vous voulez vérifier les informations listées dans le fichier ? Nous vous expliquons qui peut y accéder, comment en faire la demande et quelle démarche vous devez respecter pour rectifier les informations du fichier.</Paragraphe></Texte></Introduction><Texte><Chapitre><Titre><Paragraphe>Que contient le fichier Ficoba ?</Paragraphe></Titre><Paragraphe>Le fichier Ficoba liste tous les comptes bancaires ouverts en France : <LienIntra LienID="R50674" type="Définition de glossaire">comptes courants</LienIntra>, <LienInterne LienPublication="N20376" type="Dossier" audience="Particuliers">comptes d'épargne</LienInterne>, <LienIntra LienID="R50673" type="Définition de glossaire">comptes-titres</LienIntra>, etc.</Paragraphe><Paragraphe>Ficoba liste aussi les coffres-forts loués en France.</Paragraphe><Paragraphe>Il indique les opérations d'ouverture, de modification et de clôture d'un compte, en précisant les informations suivantes :</Paragraphe><Liste type="puce"><Item><Paragraphe>Nom et adresse de la banque qui gère le compte</Paragraphe></Item><Item><Paragraphe>Identité du ou des titulaires</Paragraphe></Item><Item><Paragraphe>Caractéristiques essentielles du compte (numéro, type de compte, etc.)</Paragraphe></Item><Item><Paragraphe>Date et nature de l'opération déclarée (ouverture, clôture, modification)</Paragraphe></Item></Liste><Paragraphe>Il n'indique pas les opérations effectuées et le solde des comptes.</Paragraphe><Paragraphe>Les informations sont conservées pendant toute la durée de vie du compte et 10 ans après sa clôture.</Paragraphe><Paragraphe>Le fichier est renseigné et actualisé par les banques.</Paragraphe><Paragraphe>Vous ne pouvez pas vous opposer à l'inscription de vos comptes dans le Ficoba.</Paragraphe></Chapitre><Chapitre><Titre><Paragraphe>Qui peut avoir accès au fichier Ficoba ?</Paragraphe></Titre><Paragraphe>Les personnes suivantes peuvent avoir accès au fichier :</Paragraphe><Liste type="puce"><Item><Paragraphe>Titulaire du compte</Paragraphe></Item><Item><Paragraphe>Son <LienInterne LienPublication="F2094" type="Fiche d'information conditionnée" audience="Particuliers">curateur</LienInterne> ou son <LienInterne LienPublication="F2120" type="Fiche d'information conditionnée" audience="Particuliers">tuteur</LienInterne></Paragraphe></Item><Item><Paragraphe>Un de ses héritiers</Paragraphe></Item></Liste><Paragraphe>D'autres personnes et organismes ont également accès au Ficoba. Il s'agit notamment de l'administration fiscale, des officiers de police judiciaire, de certains juges, des notaires en charge d'une succession, des commissaires de justice (anciennement huissier de justice et commissaire-priseur judiciaire) et de certains agents de la <LienInterne LienPublication="R24582" type="Acronyme">Caf</LienInterne>.</Paragraphe></Chapitre><Chapitre><Titre><Paragraphe>Comment demander l'accès au fichier Ficoba ?</Paragraphe></Titre><Paragraphe>La demande d'accès est gratuite.</Paragraphe><Paragraphe>Les procédures d'accès sont différentes selon la personne à qui appartient le compte bancaire concerné par la demande.</Paragraphe><BlocCas affichage="radio"><Cas><Titre>Compte bancaire à votre nom</Titre><Paragraphe>Vous devez adresser votre demande à la Commission nationale de l'informatique et des libertés (Cnil).</Paragraphe><Paragraphe>Vous pouvez faire votre demande en ligne :</Paragraphe><ServiceEnLigne ID="R64101" URL="https://demarche.services.cnil.fr/verifier-mes-donnees-edi/" audience="Particuliers" type="Téléservice"><Titre>Faire une demande d'accès au Ficoba</Titre><Source ID="R30736">Commission nationale de l'informatique et des libertés (Cnil)</Source></ServiceEnLigne><Paragraphe>Vous pouvez aussi adresser votre demande par écrit à la cellule du droit d'accès indirect de la Commission nationale de l'informatique et des libertés (Cnil). Vous devez joindre à votre courrier un justificatif d'identité.</Paragraphe><OuSAdresser ID="R13994" sve="non" type="Centre de contact"><Titre>Commission nationale de l'informatique et des libertés (Cnil)</Titre><Source ID="R30736">Commission nationale de l'informatique et des libertés (Cnil)</Source><Texte><Chapitre><Titre><Paragraphe>Par courrier</Paragraphe></Titre><Paragraphe>3 Place de Fontenoy</Paragraphe><Paragraphe>TSA 80715</Paragraphe><Paragraphe>75334 Paris cedex 07</Paragraphe><Paragraphe>La CNIL ne reçoit pas le public et n'assure aucun renseignement sur place.</Paragraphe></Chapitre><Chapitre><Titre><Paragraphe>Par téléphone</Paragraphe></Titre><Paragraphe><MiseEnEvidence>+33 1 53 73 22 22</MiseEnEvidence></Paragraphe><Paragraphe>Accueil téléphonique ouvert du lundi au vendredi de 9h30 à 17h.</Paragraphe><Paragraphe>Renseignements juridiques ouverts les lundi, mardi, jeudi et vendredi de 10h à 12h.</Paragraphe></Chapitre><Chapitre><Titre><Paragraphe>Par courriel</Paragraphe></Titre><Paragraphe>Accès au <LienExterne URL="https://www.cnil.fr/fr/webform/nous-contacter">formulaire de contact</LienExterne></Paragraphe></Chapitre></Texte></OuSAdresser></Cas><Cas><Titre>Compte bancaire d'un de vos enfants mineurs</Titre><Paragraphe>Cela concerne par exemple la demande des parents pour le compte bancaire d’un enfant ou d'un avocat pour le compte bancaire d’un client.</Paragraphe><Paragraphe>Vous devez adresser votre demande à la Commission nationale de l'informatique et des libertés (Cnil).</Paragraphe><Paragraphe>Vous pouvez faire votre demande en ligne :</Paragraphe><ServiceEnLigne ID="R64101" URL="https://demarche.services.cnil.fr/verifier-mes-donnees-edi/" audience="Particuliers" type="Téléservice"><Titre>Faire une demande d'accès au Ficoba</Titre><Source ID="R30736">Commission nationale de l'informatique et des libertés (Cnil)</Source></ServiceEnLigne><Paragraphe>Vous pouvez aussi adresser votre demande par courrier à la cellule du droit d'accès indirect de la Commission nationale de l'informatique et des libertés (Cnil). Vous devez joindre à votre courrier un justificatif d'identité.</Paragraphe><OuSAdresser ID="R13994" sve="non" type="Centre de contact"><Titre>Commission nationale de l'informatique et des libertés (Cnil)</Titre><Source ID="R30736">Commission nationale de l'informatique et des libertés (Cnil)</Source><Texte><Chapitre><Titre><Paragraphe>Par courrier</Paragraphe></Titre><Paragraphe>3 Place de Fontenoy</Paragraphe><Paragraphe>TSA 80715</Paragraphe><Paragraphe>75334 Paris cedex 07</Paragraphe><Paragraphe>La CNIL ne reçoit pas le public et n'assure aucun renseignement sur place.</Paragraphe></Chapitre><Chapitre><Titre><Paragraphe>Par téléphone</Paragraphe></Titre><Paragraphe><MiseEnEvidence>+33 1 53 73 22 22</MiseEnEvidence></Paragraphe><Paragraphe>Accueil téléphonique ouvert du lundi au vendredi de 9h30 à 17h.</Paragraphe><Paragraphe>Renseignements juridiques ouverts les lundi, mardi, jeudi et vendredi de 10h à 12h.</Paragraphe></Chapitre><Chapitre><Titre><Paragraphe>Par courriel</Paragraphe></Titre><Paragraphe>Accès au <LienExterne URL="https://www.cnil.fr/fr/webform/nous-contacter">formulaire de contact</LienExterne></Paragraphe></Chapitre></Texte></OuSAdresser></Cas><Cas><Titre>Compte bancaire d'une personne qui vous a mandaté spécialement pour accéder à ses données</Titre><Paragraphe>Vous devez adresser votre demande à la Commission nationale de l'informatique et des libertés (Cnil).</Paragraphe><Paragraphe>Vous pouvez faire votre demande en ligne :</Paragraphe><ServiceEnLigne ID="R64101" URL="https://demarche.services.cnil.fr/verifier-mes-donnees-edi/" audience="Particuliers" type="Téléservice"><Titre>Faire une demande d'accès au Ficoba</Titre><Source ID="R30736">Commission nationale de l'informatique et des libertés (Cnil)</Source></ServiceEnLigne><Paragraphe>Vous pouvez aussi adresser votre demande par courrier à la cellule du droit d'accès indirect de la Commission nationale de l'informatique et des libertés (Cnil). Vous devez joindre à votre courrier un justificatif d'identité.</Paragraphe><OuSAdresser ID="R13994" sve="non" type="Centre de contact"><Titre>Commission nationale de l'informatique et des libertés (Cnil)</Titre><Source ID="R30736">Commission nationale de l'informatique et des libertés (Cnil)</Source><Texte><Chapitre><Titre><Paragraphe>Par courrier</Paragraphe></Titre><Paragraphe>3 Place de Fontenoy</Paragraphe><Paragraphe>TSA 80715</Paragraphe><Paragraphe>75334 Paris cedex 07</Paragraphe><Paragraphe>La CNIL ne reçoit pas le public et n'assure aucun renseignement sur place.</Paragraphe></Chapitre><Chapitre><Titre><Paragraphe>Par téléphone</Paragraphe></Titre><Paragraphe><MiseEnEvidence>+33 1 53 73 22 22</MiseEnEvidence></Paragraphe><Paragraphe>Accueil téléphonique ouvert du lundi au vendredi de 9h30 à 17h.</Paragraphe><Paragraphe>Renseignements juridiques ouverts les lundi, mardi, jeudi et vendredi de 10h à 12h.</Paragraphe></Chapitre><Chapitre><Titre><Paragraphe>Par courriel</Paragraphe></Titre><Paragraphe>Accès au <LienExterne URL="https://www.cnil.fr/fr/webform/nous-contacter">formulaire de contact</LienExterne></Paragraphe></Chapitre></Texte></OuSAdresser></Cas><Cas><Titre>Compte bancaire d'une autre personne</Titre><Paragraphe>Cela concerne notamment la demande pour le compte bancaire d’une personne décédée dont vous êtes l’héritier. Cela concerne aussi la demande pour le compte bancaire d'une personne protégée que vous représentez (tutelle, curatelle, pupille de l'Etat).</Paragraphe><Paragraphe>Vous devez adresser votre demande par écrit au Centre national de traitement FBFV. Vous devez joindre à votre courrier une copie de l'acte de décès, un justificatif de votre identité et un document prouvant que vous êtes héritier.</Paragraphe><OuSAdresser ID="R45147" sve="non" type="National"><Titre>Centre national de traitement FBFV</Titre><Texte><Chapitre><Titre><Paragraphe>Par courrier</Paragraphe></Titre><Paragraphe>BP 31</Paragraphe><Paragraphe>77421 Marne-La-Vallée Cedex 02</Paragraphe></Chapitre></Texte></OuSAdresser></Cas></BlocCas></Chapitre><Chapitre><Titre><Paragraphe>Comment demander la rectification des informations du fichier Ficoba ?</Paragraphe></Titre><Paragraphe>Si les données transmises sont fausses, vous pouvez exercer votre <LienInterne LienPublication="F2024" type="Fiche d'information conditionnée" audience="Particuliers">droit de rectification</LienInterne>. Pour cela, vous devez transmettre à la banque concernée les documents nécessaires à la rectification (par exemple : acte de décès du titulaire du compte).</Paragraphe></Chapitre></Texte><QuiPeutMAider ID="R15019" sve="non" type="Local personnalisable"><Titre>Service en charge des impôts (trésorerie, service des impôts...)</Titre><PivotLocal>centre_impots</PivotLocal><RessourceWeb URL="https://www.impots.gouv.fr/portail/contacts"/><Source ID="R30612">Ministère chargé des finances</Source></QuiPeutMAider><QuiPeutMAider ID="R13994" sve="non" type="Centre de contact"><Titre>Commission nationale de l'informatique et des libertés (Cnil)</Titre><Source ID="R30736">Commission nationale de l'informatique et des libertés (Cnil)</Source><Texte><Chapitre><Titre><Paragraphe>Par courrier</Paragraphe></Titre><Paragraphe>3 Place de Fontenoy</Paragraphe><Paragraphe>TSA 80715</Paragraphe><Paragraphe>75334 Paris cedex 07</Paragraphe><Paragraphe>La CNIL ne reçoit pas le public et n'assure aucun renseignement sur place.</Paragraphe></Chapitre><Chapitre><Titre><Paragraphe>Par téléphone</Paragraphe></Titre><Paragraphe><MiseEnEvidence>+33 1 53 73 22 22</MiseEnEvidence></Paragraphe><Paragraphe>Accueil téléphonique ouvert du lundi au vendredi de 9h30 à 17h.</Paragraphe><Paragraphe>Renseignements juridiques ouverts les lundi, mardi, jeudi et vendredi de 10h à 12h.</Paragraphe></Chapitre><Chapitre><Titre><Paragraphe>Par courriel</Paragraphe></Titre><Paragraphe>Accès au <LienExterne URL="https://www.cnil.fr/fr/webform/nous-contacter">formulaire de contact</LienExterne></Paragraphe></Chapitre></Texte></QuiPeutMAider><QuiPeutMAider ID="R45147" sve="non" type="National"><Titre>Centre national de traitement FBFV</Titre><Texte><Chapitre><Titre><Paragraphe>Par courrier</Paragraphe></Titre><Paragraphe>BP 31</Paragraphe><Paragraphe>77421 Marne-La-Vallée Cedex 02</Paragraphe></Chapitre></Texte></QuiPeutMAider><Reference type="Texte de référence" URL="https://www.legifrance.gouv.fr/codes/id/LEGISCTA000027781495/2013-07-28" ID="R2370"><Titre>Code général des impôts : articles 1649 A à 1649 AC</Titre><Complement>Transmission des informations bancaires aux services fiscaux</Complement></Reference><Reference type="Texte de référence" URL="https://www.legifrance.gouv.fr/codes/id/LEGISCTA000006180061" ID="R45154"><Titre>Livre des procédures fiscales : articles L148 à L151-B</Titre><Complement>Dérogations au profit des officiers ministériels (article L151-B)</Complement></Reference><Reference type="Texte de référence" URL="https://www.legifrance.gouv.fr/loda/id/LEGITEXT000006069767/" ID="R17352"><Titre>Arrêté du 14 juin 1982 relatif au fichier des comptes bancaires</Titre></Reference><PourEnSavoirPlus type="Information pratique" ID="R64103" URL="https://www.cnil.fr/fr/demander-une-verification-sur-le-ficoba" audience="Particuliers"><Titre>Demander une vérification sur le Ficoba</Titre><Source ID="R30736">Commission nationale de l'informatique et des libertés (Cnil)</Source></PourEnSavoirPlus><PourEnSavoirPlus type="Information pratique" ID="R53570" URL="https://www.abe-infoservice.fr/banque/compte/fichier-des-comptes-bancaires-et-assimiles" audience="Particuliers"><Titre>Fichier des comptes bancaires et assimilés</Titre><Source ID="R34551">Autorité de contrôle prudentiel et de résolution (ACPR)</Source></PourEnSavoirPlus><PourEnSavoirPlus type="Information pratique" ID="R50741" URL="https://www.cnil.fr/fr/ficoba-fichier-national-des-comptes-bancaires-et-assimiles" audience="Particuliers"><Titre>Ficoba</Titre><Source ID="R30736">Commission nationale de l'informatique et des libertés (Cnil)</Source></PourEnSavoirPlus><Definition ID="R50674"><Titre>Compte courant</Titre><Texte><Paragraphe>Également appelé <Expression>compte à vue</Expression> ou <Expression>compte chèque</Expression>. C'est un compte de dépôt ordinaire ouvert auprès d'une banque qu'on utilise pour effectuer des opérations courantes (retrait, virement, paiement).</Paragraphe></Texte></Definition><Definition ID="R50673"><Titre>Compte titres</Titre><Texte><Paragraphe>Compte sur lequel le titulaire peut déposer des titres financiers (par exemple : actions, obligations, Sicav)</Paragraphe></Texte></Definition><Abreviation ID="R24582" type="Acronyme"><Titre>Caf</Titre><Texte><Paragraphe>Caisse d'allocations familiales</Paragraphe></Texte></Abreviation><QuestionReponse ID="F1451" audience="Particuliers"><Titre>Que devient un compte bancaire en cas de décès ?</Titre></QuestionReponse></Publication>