<?xml version="1.0" encoding="UTF-8"?><Publication xmlns:dc="http://purl.org/dc/elements/1.1/" xmlns:xsi="http://www.w3.org/2001/XMLSchema-instance" ID="F2248" type="Fiche d'information conditionnée" xsi:noNamespaceSchemaLocation="../Schemas/3.4/Publication.xsd" dateDerniereModificationImportante="2023-10-10T00:00:00" spUrl="https://www.service-public.fr/particuliers/vosdroits/F2248"><dc:title>Arme de catégorie D (acquisition et détention libres)</dc:title><dc:creator>Direction de l'information légale et administrative</dc:creator><dc:subject>Loisirs - Sports - Culture</dc:subject><dc:description>Quelles sont les armes en vente libre ? Un mineur peut-il acheter une arme ? Peut-on porter et transporter ces armes ? Cette page vous indique les règles pour les armes classées en catégorie D.</dc:description><dc:publisher>Direction de l'information légale et administrative</dc:publisher><dc:contributor>Direction de l'information légale et administrative (Premier ministre)</dc:contributor><dc:date>modified 2023-10-09</dc:date><dc:type>Fiche pratique</dc:type><dc:format>text/xml</dc:format><dc:identifier>F2248</dc:identifier><dc:source>https://eur-lex.europa.eu/legal-content/FR/TXT/?uri=CELEX:01991L0477-20170613, https://www.legifrance.gouv.fr/codes/section_lc/LEGITEXT000025503132/LEGISCTA000025505562, https://www.legifrance.gouv.fr/codes/section_lc/LEGITEXT000025503132/LEGISCTA000025505647, https://www.legifrance.gouv.fr/codes/section_lc/LEGITEXT000025503132/LEGISCTA000025505658, https://www.legifrance.gouv.fr/codes/section_lc/LEGITEXT000025503132/LEGISCTA000029655041, https://www.legifrance.gouv.fr/codes/section_lc/LEGITEXT000025503132/LEGISCTA000029655365, https://www.legifrance.gouv.fr/codes/section_lc/LEGITEXT000025503132/LEGISCTA000029655429, https://www.legifrance.gouv.fr/codes/section_lc/LEGITEXT000025503132/LEGISCTA000029655505/#LEGISCTA000029658642, https://www.legifrance.gouv.fr/loda/article_lc/LEGIARTI000044277359, https://www.legifrance.gouv.fr/loda/id/JORFTEXT000048010985, https://www.legifrance.gouv.fr/loda/id/JORFTEXT000037637041/, https://www.legifrance.gouv.fr/loda/id/JORFTEXT000037391895, https://www.legifrance.gouv.fr/loda/id/JORFTEXT000027919926</dc:source><dc:language>Fr</dc:language><dc:relation>isPartOf N287</dc:relation><dc:coverage>France entière</dc:coverage><dc:rights>https://www.service-public.fr/a-propos/mentions-legales</dc:rights><SurTitre>Fiche pratique</SurTitre><Audience>Particuliers</Audience><Canal>www.service-public.fr</Canal><FilDAriane><Niveau ID="Particuliers">Accueil particuliers</Niveau><Niveau ID="N19809">Loisirs - Sports - Culture</Niveau><Niveau ID="N287">Armes</Niveau><Niveau ID="F2248" type="Fiche d'information conditionnée">Arme de catégorie D (acquisition et détention libres)</Niveau></FilDAriane><Theme ID="N19809"><Titre>Loisirs - Sports - Culture</Titre></Theme><SousThemePere ID="N19969">Chasse et pêche</SousThemePere><DossierPere ID="N287"><Titre>Armes</Titre><Fiche ID="F2242">Arme à feu et matériel de guerre de catégorie A</Fiche><Fiche ID="F2250">Arme de catégorie B (soumise à autorisation)</Fiche><Fiche ID="F2246">Arme de catégorie C (soumise à déclaration)</Fiche><Fiche ID="F2248">Arme de catégorie D (acquisition et détention libres)</Fiche><Fiche ID="F2273">Carte européenne d'armes à feu</Fiche></DossierPere><Introduction><Texte><Paragraphe>Quelles sont les <MiseEnEvidence>armes en vente libre</MiseEnEvidence> ? Un <MiseEnEvidence>mineur</MiseEnEvidence> peut-il acheter une arme ? Peut-on <MiseEnEvidence>porter</MiseEnEvidence> et <MiseEnEvidence>transporter</MiseEnEvidence> ces armes ? Cette page vous indique les règles pour les armes classées en catégorie D.</Paragraphe></Texte></Introduction><Texte><Chapitre><Titre><Paragraphe>Quelles armes sont en vente libre ?</Paragraphe></Titre><Paragraphe>Les armes suivantes, classées dans la catégorie D, peuvent être achetées et détenues librement :</Paragraphe><Tableau><Titre>Principales armes classées en catégorie D (hors munitions)</Titre><Colonne largeur="23" type="normal"/><Colonne largeur="39" type="normal"/><Rangée type="header"><Cellule><Paragraphe>Type d'arme</Paragraphe></Cellule><Cellule><Paragraphe>Caractéristiques</Paragraphe></Cellule></Rangée><Rangée type="normal"><Cellule><Paragraphe>Objet pouvant constituer une arme dangereuse pour la sécurité publique</Paragraphe></Cellule><Cellule><Paragraphe>Exemples : arme non à feu camouflée, poignard, couteau-poignard, matraque, projecteur hypodermique</Paragraphe></Cellule></Rangée><Rangée type="normal"><Cellule><Paragraphe>Certaines bombes aérosols incapacitantes ou lacrymogènes</Paragraphe></Cellule><Cellule><Paragraphe>Capacité de 100 ml maximum</Paragraphe></Cellule></Rangée><Rangée type="normal"><Cellule><Paragraphe>Certaines armes à impulsion électrique de contact</Paragraphe></Cellule><Cellule><Paragraphe>Exemples : matraque électrique, poing électrique, certains modèles de <Expression>shocker</Expression></Paragraphe></Cellule></Rangée><Rangée type="normal"><Cellule><Paragraphe>Arme et lanceur dont le projectile est propulsé de manière non pyrotechnique</Paragraphe></Cellule><Cellule><Paragraphe>Énergie à la bouche comprise entre 2 et 20 joules</Paragraphe><Paragraphe>Exemples : lanceur de paint-ball, carabine à air comprimé</Paragraphe></Cellule></Rangée><Rangée type="normal"><Cellule><Paragraphe>Arme conçue pour le tir de munitions à blanc, à gaz ou de signalisation</Paragraphe></Cellule><Cellule><Paragraphe>Non convertible pour d'autres projectiles</Paragraphe></Cellule></Rangée><Rangée type="normal"><Cellule><Paragraphe>Arme historique et de collection</Paragraphe></Cellule><Cellule><Liste type="puce"><Item><Paragraphe>certains modèles non dangereux d'avant 1900,</Paragraphe></Item><Item><Paragraphe>certains modèles d'après 1900 figurant sur une liste des ministères de l'intérieur et de la défense</Paragraphe></Item></Liste></Cellule></Rangée><Rangée type="normal"><Cellule><Paragraphe>Reproduction d'arme</Paragraphe></Cellule><Cellule><Paragraphe>Modèle d'avant 1900.</Paragraphe><Paragraphe>Tire uniquement des munitions sans étui métallique.</Paragraphe><Paragraphe>La fabrication ne doit pas améliorer sa précision et sa durabilité.</Paragraphe></Cellule></Rangée><Rangée type="normal"><Cellule><Paragraphe>Matériel de guerre neutralisé (rendu inapte au tir)</Paragraphe></Cellule><Cellule><Liste type="puce"><Item><Paragraphe>modèles d'avant 1946 sauf les armes à feu des catégories A, B ou C neutralisées</Paragraphe></Item><Item><Paragraphe>modèles d'après 1946 figurant sur une liste du ministère de la défense</Paragraphe></Item></Liste></Cellule></Rangée><Rangée type="normal"><Cellule><Paragraphe>Arme historique et de collection</Paragraphe><Paragraphe>Reproduction d'arme d'avant 1900</Paragraphe></Cellule><Cellule><Paragraphe>Arme neutralisée (rendue inapte au tir)</Paragraphe></Cellule></Rangée></Tableau></Chapitre><Chapitre><Titre><Paragraphe>Un mineur peut-il acheter une arme de catégorie D ?</Paragraphe></Titre><Paragraphe>Non. Vous devez être <MiseEnEvidence>majeur</MiseEnEvidence> pour <MiseEnEvidence>acquérir</MiseEnEvidence> une <MiseEnEvidence>arme de catégorie D</MiseEnEvidence>, y compris ses éléments et munitions.</Paragraphe></Chapitre><Chapitre><Titre><Paragraphe>Peut-on porter et transporter une arme de catégorie D ?</Paragraphe></Titre><Paragraphe>Le <MiseEnEvidence>port</MiseEnEvidence> et le <MiseEnEvidence>transport</MiseEnEvidence> d'une <MiseEnEvidence>arme de catégorie D</MiseEnEvidence> hors de votre domicile (par exemple, dans votre voiture) sont <MiseEnEvidence>interdits sans motif légitime.</MiseEnEvidence><MiseEnEvidence/></Paragraphe><Paragraphe>En cas de <MiseEnEvidence>contrôle de sécurité</MiseEnEvidence> (vérification d'un sac, d'un véhicule…), vous devez être en mesure de <MiseEnEvidence>fournir un motif légitime.</MiseEnEvidence></Paragraphe><Paragraphe>Pour déterminer si vous avez une raison valable de porter ou transporter une arme, les forces de l'ordre, ou le juge en cas de litige, <MiseEnEvidence>tiennent compte</MiseEnEvidence> du <MiseEnEvidence>lieu</MiseEnEvidence>, des <MiseEnEvidence>circonstances</MiseEnEvidence> et du <MiseEnEvidence>contexte</MiseEnEvidence>.</Paragraphe><Paragraphe><MiseEnEvidence>L'examen</MiseEnEvidence> du <MiseEnEvidence>motif légitime</MiseEnEvidence> se fait <MiseEnEvidence>au cas par cas</MiseEnEvidence>.</Paragraphe><Paragraphe>Ainsi, prétendre que l'arme servirait à mieux affronter une altercation ou un danger ne constitue pas un motif légitime en soi.</Paragraphe><Paragraphe>Cela <MiseEnEvidence>dépend</MiseEnEvidence> des <MiseEnEvidence>lieux</MiseEnEvidence>, des <MiseEnEvidence>circonstances</MiseEnEvidence> et du <MiseEnEvidence>contexte</MiseEnEvidence>.<MiseEnEvidence/></Paragraphe></Chapitre><Chapitre><Titre><Paragraphe>Quelle sanction si vous transportez sans motif légitime une arme de catégorie D ?</Paragraphe></Titre><Paragraphe>Les sanctions applicables en cas de port ou de transport d'une arme de catégorie D hors de votre domicile, sans motif légitime, varient selon l'arme.</Paragraphe><BlocCas affichage="radio"><Cas><Titre>Arme et lanceur dont le projectile est propulsé de manière non pyrotechnique (énergie à la bouche comprise entre 2 et 20 joules)</Titre><Paragraphe>Vous risquez une amende de <Valeur>750 €</Valeur>.</Paragraphe><Exemple><Titre>Exemple</Titre><Paragraphe>Lanceur de paint-ball, carabine à air comprimé.</Paragraphe></Exemple></Cas><Cas><Titre>Arme de catégorie D à feu</Titre><Paragraphe>Vous risquez une amende de <MiseEnEvidence>15 000 €</MiseEnEvidence> et <MiseEnEvidence>1 an de prison</MiseEnEvidence>.</Paragraphe><Paragraphe>Si vous commettez l'infraction avec une autre personne, vous risquez une amende de <MiseEnEvidence>30 000 €</MiseEnEvidence> et <MiseEnEvidence>2 ans de prison</MiseEnEvidence>.</Paragraphe></Cas><Cas><Titre>Autre arme de catégorie D</Titre><Paragraphe>Vous risquez une amende de <MiseEnEvidence>15 000 €</MiseEnEvidence> et <MiseEnEvidence>1 an de prison</MiseEnEvidence>.</Paragraphe><Paragraphe>Si vous commettez l'infraction avec une autre personne, vous risquez une amende de <MiseEnEvidence>30 000 €</MiseEnEvidence> et <MiseEnEvidence>2 ans de prison</MiseEnEvidence>.</Paragraphe><Paragraphe>Toutefois, si vous remettez volontairement l'arme aux forces de l'ordre, vous risquez une <LienIntra LienID="R18531" type="Définition de glossaire">amende forfaitaire</LienIntra> de <MiseEnEvidence>500 €</MiseEnEvidence>. Le montant est minorée (<MiseEnEvidence>400 €</MiseEnEvidence>) ou majorée (<MiseEnEvidence>1 000 €</MiseEnEvidence>) selon le délai dans lequel vous payez l'amende.</Paragraphe></Cas></BlocCas></Chapitre></Texte><VoirAussi important="non"><Dossier ID="N553" audience="Particuliers"><Titre>Chasse</Titre><Theme ID="N19809"><Titre>Loisirs - Sports - Culture</Titre></Theme></Dossier><Fiche ID="F2246" audience="Particuliers"><Titre>Arme de catégorie C (soumise à déclaration)</Titre><Theme ID="N19809"><Titre>Loisirs - Sports - Culture</Titre></Theme></Fiche><Fiche ID="F2250" audience="Particuliers"><Titre>Arme de catégorie B (soumise à autorisation)</Titre><Theme ID="N19809"><Titre>Loisirs - Sports - Culture</Titre></Theme></Fiche><Fiche ID="F2242" audience="Particuliers"><Titre>Arme à feu et matériel de guerre de catégorie A</Titre><Theme ID="N19809"><Titre>Loisirs - Sports - Culture</Titre></Theme></Fiche></VoirAussi><QuiPeutMAider ID="R2" sve="non" type="Local personnalisé sur SP"><Titre>Préfecture</Titre><PivotLocal>prefecture</PivotLocal><RessourceWeb URL="http://www.interieur.gouv.fr/Le-ministere/Prefectures"/><Source ID="R30603">Ministère chargé de l'intérieur</Source></QuiPeutMAider><Reference type="Texte de référence" URL="https://eur-lex.europa.eu/legal-content/FR/TXT/?uri=CELEX:01991L0477-20170613" ID="R58552"><Titre>Directive (UE) 2021/555 du Parlement européen et du Conseil du 24 mars 2021 relative au contrôle de l'acquisition et de la détention d'armes</Titre></Reference><Reference type="Texte de référence" URL="https://www.legifrance.gouv.fr/codes/section_lc/LEGITEXT000025503132/LEGISCTA000025505562" ID="R33474"><Titre>Code de la sécurité intérieure : articles L311-2 à L311-4</Titre><Complement>Classement des armes</Complement></Reference><Reference type="Texte de référence" URL="https://www.legifrance.gouv.fr/codes/section_lc/LEGITEXT000025503132/LEGISCTA000025505647" ID="R39840"><Titre>Code de la sécurité intérieure : articles L315-1 à L315-2</Titre><Complement>Port et transport d'une arme</Complement></Reference><Reference type="Texte de référence" URL="https://www.legifrance.gouv.fr/codes/section_lc/LEGITEXT000025503132/LEGISCTA000025505658" ID="R39841"><Titre>Code de la sécurité intérieure : articles L317-1 à L317-12</Titre><Complement>Sanctions concernant le port et le transport d'une arme de catégorie D (articles L317-7 à L317-8)</Complement></Reference><Reference type="Texte de référence" URL="https://www.legifrance.gouv.fr/codes/section_lc/LEGITEXT000025503132/LEGISCTA000029655041" ID="R40491"><Titre>Code de la sécurité intérieure : articles R311-2 à R311-4-1</Titre><Complement>Classement des matériels de guerre, armes et munitions</Complement></Reference><Reference type="Texte de référence" URL="https://www.legifrance.gouv.fr/codes/section_lc/LEGITEXT000025503132/LEGISCTA000029655365" ID="R41537"><Titre>Code de la sécurité intérieure : articles R314-1 à R314-4</Titre><Complement>Conservation des armes</Complement></Reference><Reference type="Texte de référence" URL="https://www.legifrance.gouv.fr/codes/section_lc/LEGITEXT000025503132/LEGISCTA000029655429" ID="R41538"><Titre>Code de la sécurité intérieure : articles R315-1 à R315-4</Titre><Complement>Autorisation de port et de transport</Complement></Reference><Reference type="Texte de référence" URL="https://www.legifrance.gouv.fr/codes/section_lc/LEGITEXT000025503132/LEGISCTA000029655505/#LEGISCTA000029658642" ID="R51485"><Titre>Code de la sécurité intérieure : articles R317-11 à R317-12</Titre><Complement>Sanctions concernant le port et transport</Complement></Reference><Reference type="Texte de référence" URL="https://www.legifrance.gouv.fr/loda/article_lc/LEGIARTI000044277359" ID="R51453"><Titre>Décret n° 2018-542 du 29 juin 2018 relatif au régime de la fabrication, du commerce, de l'acquisition et de la détention des armes</Titre></Reference><Reference type="Texte de référence" URL="https://www.legifrance.gouv.fr/loda/id/JORFTEXT000048010985" ID="R65805"><Titre>Arrêté du 29 août 2023 relatif notamment au classement d'armes et à l'entrée en vigueur de dispositions du code de la sécurité intérieure à la suite du décret n° 2023-557 du 3 juillet 2023</Titre></Reference><Reference type="Texte de référence" URL="https://www.legifrance.gouv.fr/loda/id/JORFTEXT000037637041/" ID="R52254"><Titre>Arrêté du 16 novembre 2018 portant classement de certaines armes en catégorie D</Titre></Reference><Reference type="Texte de référence" URL="https://www.legifrance.gouv.fr/loda/id/JORFTEXT000037391895" ID="R51824"><Titre>Arrêté du 24 août 2018 fixant le régime des armes historiques et de collection et de leurs reproductions</Titre></Reference><Reference type="Texte de référence" URL="https://www.legifrance.gouv.fr/loda/id/JORFTEXT000027919926" ID="R51481"><Titre>Arrêté du 30 août 2013 pris en application des articles L. 317-8, L. 317-9 et R. 317-11 du code de la sécurité intérieure</Titre></Reference><Definition ID="R18531"><Titre>Amende forfaitaire</Titre><Texte><Paragraphe>Somme à régler dans un délai précis à la suite de certaines infractions relatives notamment à la circulation routière et sans passage par un tribunal. Le montant peut être minoré ou majoré en fonction de la date de paiement.</Paragraphe></Texte></Definition><QuestionReponse ID="F31877" audience="Particuliers"><Titre>Armes : à quoi correspondent les différentes catégories ?</Titre></QuestionReponse><QuestionReponse ID="F2252" audience="Particuliers"><Titre>Qui peut porter et transporter une arme ?</Titre></QuestionReponse><QuestionReponse ID="F2253" audience="Particuliers"><Titre>Un mineur peut-il détenir une arme ?</Titre></QuestionReponse><QuestionReponse ID="F33658" audience="Particuliers"><Titre>Peut-on porter une arme pour se défendre (couteau, bombe lacrymogène...) ?</Titre></QuestionReponse><QuestionReponse ID="F33655" audience="Particuliers"><Titre>Collectionner des armes : quelles sont les règles ?</Titre></QuestionReponse><QuestionReponse ID="F33661" audience="Particuliers"><Titre>Détenir une arme pour le tir sportif : quelles sont les règles ?</Titre></QuestionReponse><QuestionReponse ID="F37333" audience="Particuliers"><Titre>Comment abandonner une arme et s'en dessaisir ?</Titre></QuestionReponse><QuestionReponse ID="F11629" audience="Particuliers"><Titre>Comment faire si vous trouvez ou si vous héritez d'une arme ?</Titre></QuestionReponse></Publication>