<?xml version="1.0" encoding="UTF-8"?><Publication xmlns:dc="http://purl.org/dc/elements/1.1/" xmlns:xsi="http://www.w3.org/2001/XMLSchema-instance" ID="F22414" type="Fiche Question-réponse conditionnée" xsi:noNamespaceSchemaLocation="../Schemas/3.4/Publication.xsd" dateDerniereModificationImportante="2024-01-01T00:00:00" spUrl="https://www.service-public.fr/particuliers/vosdroits/F22414" statut="miseAJourAVenir"><dc:title>Impôt sur le revenu - Comment sont imposés les revenus d'un contrat d'assurance-vie ?</dc:title><dc:creator>Direction de l'information légale et administrative</dc:creator><dc:subject>Argent - Impôts - Consommation</dc:subject><dc:description>Si vous récupérez tout ou partie de votre assurance-vie, vos gains sont imposés selon la durée de votre contrat. Des exonérations sont prévues.</dc:description><dc:publisher>Direction de l'information légale et administrative</dc:publisher><dc:contributor>Direction de l'information légale et administrative (Premier ministre)</dc:contributor><dc:date>modified 2024-01-01</dc:date><dc:type>Question-réponse</dc:type><dc:format>text/xml</dc:format><dc:identifier>F22414</dc:identifier><dc:source>https://www.legifrance.gouv.fr/codes/article_lc/LEGIARTI000041464342/, http://bofip.impots.gouv.fr/bofip/3793-PGP.html</dc:source><dc:language>Fr</dc:language><dc:relation>isPartOf N247</dc:relation><dc:coverage>France entière</dc:coverage><dc:rights>https://www.service-public.fr/a-propos/mentions-legales</dc:rights><SurTitre>Question-réponse</SurTitre><Audience>Particuliers</Audience><Canal>www.service-public.fr</Canal><FilDAriane><Niveau ID="Particuliers">Accueil particuliers</Niveau><Niveau ID="N19803">Argent - Impôts - Consommation</Niveau><Niveau ID="N247">Impôt sur le revenu : déclaration et revenus à déclarer</Niveau><Niveau ID="F22414" type="Fiche Question-réponse conditionnée">Impôt sur le revenu - Comment sont imposés les revenus d'un contrat d'assurance-vie ?</Niveau></FilDAriane><Theme ID="N19803"><Titre>Argent - Impôts - Consommation</Titre></Theme><SousThemePere ID="N20073">Impôts, taxes et douane</SousThemePere><DossierPere ID="N247"><Titre>Impôt sur le revenu : déclaration et revenus à déclarer</Titre><SousDossier ID="N247-1"><Titre>Déclaration de revenus : mode d'emploi</Titre><Fiche ID="F369">Première déclaration</Fiche><Fiche ID="F358">Déclaration annuelle</Fiche><Fiche ID="F388">Changement de situation</Fiche></SousDossier><SousDossier ID="N247-2"><Titre>Quotient familial selon les personnes à charge</Titre><Fiche ID="F2633">Enfants mineurs</Fiche><Fiche ID="F3085">Enfants majeurs</Fiche><Fiche ID="F2661">Enfants handicapés</Fiche><Fiche ID="F387">Personnes invalides</Fiche></SousDossier><SousDossier ID="N247-3"><Titre>Quotient familial selon la situation personnelle</Titre><Fiche ID="F2702">Personne seule</Fiche><Fiche ID="F34088">Personne vivant en concubinage</Fiche><Fiche ID="F2705">Couple marié ou pacsé</Fiche><Fiche ID="F35120">Parent isolé avec au moins 1 enfant</Fiche><Fiche ID="F35127">Personne veuve</Fiche></SousDossier><SousDossier ID="N247-4"><Titre>Salaires et éléments du salaire</Titre><Fiche ID="F1225">Revenus d'activité salariée</Fiche><Fiche ID="F1226">Avantages en nature</Fiche><Fiche ID="F1989">Frais professionnels : déduction forfaitaire ou frais réels</Fiche><Fiche ID="F408">Indemnités de fin de contrat</Fiche><Fiche ID="F1228">Sommes perçues par les jeunes</Fiche></SousDossier><SousDossier ID="N247-5"><Titre>Pensions, retraites et rentes imposables</Titre><Fiche ID="F415">Pensions de retraite</Fiche><Fiche ID="F3169">Pensions d'invalidité</Fiche><Fiche ID="F3173">Rentes viagères</Fiche><Fiche ID="F3170">Pension alimentaire perçue par l'époux(se) ou ex-époux(se)</Fiche><Fiche ID="F35777">Pension alimentaire perçue par un enfant</Fiche><Fiche ID="F35778">Pension alimentaire perçue par un parent ou un grand-parent</Fiche></SousDossier><SousDossier ID="N247-6"><Titre>Revenus fonciers et mobiliers</Titre><Fiche ID="F2613">Revenus d'épargne et de placements</Fiche><Fiche ID="F21618">Plus-values sur valeurs mobilières</Fiche><Fiche ID="F10864">Plus-values immobilières</Fiche><Fiche ID="F1991">Revenus fonciers de location vide</Fiche><Fiche ID="F32744">Revenus d'une location meublée</Fiche></SousDossier></DossierPere><RechercheGuideePere ID="F35006" audience="Particuliers"><Titre>Les revenus de votre assurance-vie sont-ils imposables ?</Titre></RechercheGuideePere><Avertissement ID="R35411" date="2024-01-01"><Titre>Impôt sur le revenu : déclaration 2024 des revenus de 2023</Titre><Texte><Paragraphe>Cette page est à jour pour la déclaration des revenus de 2023.</Paragraphe><Paragraphe>Cependant, les formulaires, services en ligne et documents d'information ne sont pas encore disponibles pour la campagne 2024. Ils seront mis en ligne dès qu'ils seront disponibles.</Paragraphe></Texte></Avertissement><RechercheGuidee ID="F35006" audience="Particuliers"><Titre><Paragraphe>Les revenus de votre assurance-vie sont-ils imposables ?</Paragraphe></Titre></RechercheGuidee><Texte><Paragraphe>Si vous possédez un contrat d’assurance-vie, vous êtes imposé uniquement si vous effectuez un rachat (qu'il soit total ou partiel). Les gains que vous avez réalisés sont imposés selon la durée de détention de votre contrat. Toutefois, des exonérations sont prévues dans certains cas.</Paragraphe><ANoter><Titre>À noter</Titre><Paragraphe>les gains tirés d'un contrat d'assurance-vie sont soumis aux <LienInterne LienPublication="F2329" type="Fiche d'information conditionnée" audience="Particuliers">prélèvements sociaux (CSG, CRDS)</LienInterne>.</Paragraphe></ANoter></Texte><ListeSituations affichage="onglet"><Situation><Titre>Contrat souscrit depuis le 26 septembre 1997</Titre><Condition><estVrai var="T11807"/></Condition><Texte><Chapitre><Titre><Paragraphe>Quel est l'impôt sur le revenu à payer sur les gains d'une assurance-vie ?</Paragraphe></Titre><FragmentConditionne><Condition><estVrai var="T11723"/></Condition><Paragraphe>Si vous possédez un contrat d’assurance-vie, vous êtes imposé uniquement si vous effectuez un <LienIntra LienID="R54072" type="Définition de glossaire">rachat</LienIntra> (qu'il soit total ou partiel).</Paragraphe><Paragraphe>L'imposition varie selon les éléments suivants :</Paragraphe><Liste type="puce"><Item><Paragraphe>Date de versement de la prime</Paragraphe></Item><Item><Paragraphe>Durée de détention du contrat</Paragraphe></Item></Liste></FragmentConditionne><BlocCas affichage="radio"><Cas><Titre>Primes versées depuis le 27 septembre 2017</Titre><BlocCas affichage="radio"><Cas><Titre>Contrat de moins de 8 ans</Titre><Paragraphe>Les intérêts de vos contrats d'assurance-vie sont imposés en 2 temps.</Paragraphe><Paragraphe>1. Lors de leur versement, ils sont soumis à un <LienIntra LienID="R63756" type="Définition de glossaire">prélèvement forfaitaire non libératoire</LienIntra> de <Valeur>12,8 %</Valeur> (sauf si vous demandez à en être dispensé compte tenu de votre revenu fiscal de référence).</Paragraphe><Paragraphe>2. Les intérêts sont inscrits sur votre déclaration de revenus pour être imposés selon l'un des moyens suivants :</Paragraphe><Liste type="puce"><Item><Paragraphe>Taux forfaitaire de <Valeur>12,8 %</Valeur></Paragraphe></Item><Item><Paragraphe><LienInterne LienPublication="F1419" type="Fiche Question-réponse conditionnée" audience="Particuliers">Barème progressif de l'impôt sur le revenu</LienInterne> si vous choisissez cette option lors du dépôt de votre déclaration de revenus</Paragraphe></Item></Liste><Paragraphe>L'excédent éventuel vous est restitué.</Paragraphe><Complement><Titre>Savoir comment être dispensé du prélèvement forfaitaire non libératoire</Titre><Paragraphe>Vous pouvez demander à être dispensé du <LienIntra LienID="R63756" type="Définition de glossaire">prélèvement forfaitaire non libératoire</LienIntra> si votre <LienInterne LienPublication="F13216" type="Fiche Question-réponse conditionnée" audience="Particuliers">revenu fiscal de référence</LienInterne> de l'avant-dernière année est inférieur à :</Paragraphe><Liste type="puce"><Item><Paragraphe><Valeur>25 000 €</Valeur> si vous êtes célibataire</Paragraphe></Item><Item><Paragraphe><Valeur>50 000 €</Valeur> pour un couple marié ou pacsé soumis à imposition commune.</Paragraphe></Item></Liste><Paragraphe>Pour les revenus perçus en 2024, il s'agit du revenu fiscal de référence de 2022.</Paragraphe><Paragraphe>La demande est à adresser à l'établissement financier qui vous verse les revenus au plus tard le 30 novembre de l'année précédant celle du paiement (le 30 novembre 2024 pour une dispense en 2025).</Paragraphe><Paragraphe>En général, l'établissement vous envoie un formulaire d'attestation sur l'honneur à lui retourner complété si vous remplissez les conditions.</Paragraphe></Complement></Cas><Cas><Titre>Contrat de plus de 8 ans</Titre><Paragraphe>Les intérêts de vos contrats d'assurance-vie sont d'abord imposés en 2 temps.</Paragraphe><Paragraphe>1. Les gains sont soumis lors de leur versement à un <LienIntra LienID="R63756" type="Définition de glossaire">prélèvement forfaitaire non libératoire</LienIntra> de <Valeur>7,5 %</Valeur> (sauf si vous demandez à en être dispensé compte tenu de votre revenu fiscal de référence).</Paragraphe><Paragraphe>2. Vous devez déclarer ces gains sur votre déclaration de revenus après déduction de <LienIntra LienID="R3018" type="Définition de glossaire">l'abattement</LienIntra> suivant :</Paragraphe><Liste type="puce"><Item><Paragraphe><Valeur>4 600 €</Valeur> pour un célibataire</Paragraphe></Item><Item><Paragraphe><Valeur>9 200 €</Valeur> pour un couple</Paragraphe></Item></Liste><Attention><Titre>Attention</Titre><Paragraphe>L'abattement est accordé pour l'ensemble des contrats d'assurance-vie détenus par un même contribuable.</Paragraphe></Attention><Paragraphe>Les intérêts sont ensuite imposés aux taux forfaitaires suivants :</Paragraphe><Liste type="puce"><Item><Paragraphe><Valeur>7,5 %</Valeur> pour les intérêts correspondant aux primes n'excédant pas <Valeur>150 000 €</Valeur></Paragraphe></Item><Item><Paragraphe><Valeur>12,8 %</Valeur> pour les intérêts correspondant aux primes excédant <Valeur>150 000 €</Valeur></Paragraphe></Item></Liste><Paragraphe>Toutefois, vous pouvez être imposé au <LienInterne LienPublication="F1419" type="Fiche Question-réponse conditionnée" audience="Particuliers">barème progressif de l'impôt sur le revenu</LienInterne> si vous choisissez cette option lors du dépôt de votre déclaration de revenus</Paragraphe><Paragraphe>L'excédent éventuel vous est restitué.</Paragraphe></Cas></BlocCas></Cas><Cas><Titre>Primes versées avant le 27 septembre 2017</Titre><BlocCas affichage="radio"><Cas><Titre>Contrat de moins de 8 ans</Titre><Paragraphe>Les intérêts de vos contrats d'assurance-vie de <MiseEnEvidence>moins de 8 ans</MiseEnEvidence> peuvent être imposés de l'une des 2 manières suivantes :</Paragraphe><Liste type="puce"><Item><Paragraphe>Soit, au moment de leur <MiseEnEvidence>versement</MiseEnEvidence>, au <MiseEnEvidence>prélèvement forfaitaire libératoire </MiseEnEvidence>de <Valeur>15 %</Valeur>, si vous choisissez cette <MiseEnEvidence>option</MiseEnEvidence> au moment du versement</Paragraphe></Item><Item><Paragraphe>Soit, au moment du traitement de votre déclaration de revenus, au <LienInterne LienPublication="F1419" type="Fiche Question-réponse conditionnée" audience="Particuliers">barème progressif de l'impôt sur le revenu</LienInterne>, si vous n'avez pas opté pour le taux forfaitaire lors du versement des intérêts</Paragraphe></Item></Liste></Cas><Cas><Titre>Contrat de plus de 8 ans</Titre><Paragraphe>Les intérêts de vos contrats d'assurance-vie <MiseEnEvidence>de plus de 8 ans</MiseEnEvidence> peuvent être imposés de l'une des 2 manières suivantes :</Paragraphe><Liste type="puce"><Item><Paragraphe>Soit, au moment de leur <MiseEnEvidence>versement</MiseEnEvidence>, au <MiseEnEvidence>prélèvement forfaitaire libératoire </MiseEnEvidence>de <Valeur>7,5 %</Valeur>, si vous choisissez cette <MiseEnEvidence>option</MiseEnEvidence> au moment du versement</Paragraphe></Item><Item><Paragraphe>Soit, au moment du traitement de votre déclaration de revenus, au <LienInterne LienPublication="F1419" type="Fiche Question-réponse conditionnée" audience="Particuliers">barème progressif de l'impôt sur le revenu</LienInterne>, si vous n'avez pas opté pour le taux forfaitaire lors du versement des intérêts</Paragraphe></Item></Liste></Cas></BlocCas></Cas></BlocCas></Chapitre><Chapitre><Titre><Paragraphe>Quels sont les cas d'exonération d'impôt sur les gains de son assurance-vie ?</Paragraphe></Titre><Condition><ou><ou><estVrai var="T11795"/><estIndefini var="T11795"/></ou><ou><estVrai var="T11796"/><estIndefini var="T11796"/></ou><ou><estVrai var="T11797"/><estIndefini var="T11797"/></ou><ou><estVrai var="T11798"/><estIndefini var="T11798"/></ou></ou></Condition><Paragraphe>Les intérêts récupérés peuvent être exonérés d'impôt dans certains cas.</Paragraphe><Paragraphe>Cela dépend du motif pour lequel vous demandez le rachat.</Paragraphe><BlocCas affichage="radio"><Cas><Titre>Licenciement</Titre><Condition><estVrai var="T11795"/></Condition><Paragraphe>Les intérêts d'une assurance-vie sont <MiseEnEvidence>exonérés</MiseEnEvidence> d'impôt sur le revenu si le rachat résulte d'un licenciement.</Paragraphe><Paragraphe>Le licenciement est retenue si vous êtes l'une des personnes suivantes :</Paragraphe><Liste type="puce"><Item><Paragraphe>Celui qui a souscrit le contrat</Paragraphe></Item><Item><Paragraphe>Époux ou partenaire de <LienInterne LienPublication="R45368" type="Sigle">Pacs</LienInterne> du souscripteur</Paragraphe></Item></Liste><Attention><Titre>Attention</Titre><Paragraphe>l'exonération ne s'applique pas en cas de rupture conventionnelle.</Paragraphe></Attention></Cas><Cas><Titre>Mise à la retraite anticipée</Titre><Condition><estVrai var="T11796"/></Condition><Paragraphe>Les intérêts d'une assurance-vie sont <MiseEnEvidence>exonérés</MiseEnEvidence> d'impôt sur le revenu si le rachat résulte de la mise à la retraite anticipée.</Paragraphe><Paragraphe>La mise à la retraite anticipée est retenue si vous êtes l'une des personnes suivantes :</Paragraphe><Liste type="puce"><Item><Paragraphe>Celui qui a souscrit le contrat</Paragraphe></Item><Item><Paragraphe>Époux ou partenaire de <LienInterne LienPublication="R45368" type="Sigle">Pacs</LienInterne> du souscripteur</Paragraphe></Item></Liste></Cas><Cas><Titre>Invalidité</Titre><Condition><estVrai var="T11797"/></Condition><Paragraphe>Les intérêts d'une assurance-vie sont <MiseEnEvidence>exonérés</MiseEnEvidence> d'impôt sur le revenu si le rachat résulte de la <LienInterne LienPublication="N31700" type="Dossier" audience="Particuliers">reconnaissance d'invalidité</LienInterne> (2<Exposant>e</Exposant> ou 3<Exposant>e</Exposant> catégorie).</Paragraphe><Paragraphe>L'invalidité est retenue si vous êtes l'une des personnes suivantes :</Paragraphe><Liste type="puce"><Item><Paragraphe>Celui qui a souscrit le contrat</Paragraphe></Item><Item><Paragraphe>Époux ou partenaire de <LienInterne LienPublication="R45368" type="Sigle">Pacs</LienInterne> du souscripteur</Paragraphe></Item></Liste></Cas><Cas><Titre>Liquidation judiciaire</Titre><Condition><estVrai var="T11798"/></Condition><Paragraphe>Les intérêts d'une assurance-vie sont <MiseEnEvidence>exonérés</MiseEnEvidence> d'impôt sur le revenu si le rachat résulte de la liquidation judiciaire.</Paragraphe><Paragraphe>La liquidation est retenue si vous êtes l'une des personnes suivantes :</Paragraphe><Liste type="puce"><Item><Paragraphe>Celui qui a souscrit le contrat</Paragraphe></Item><Item><Paragraphe>Époux ou partenaire de <LienInterne LienPublication="R45368" type="Sigle">Pacs</LienInterne> du souscripteur</Paragraphe></Item></Liste></Cas></BlocCas></Chapitre><Chapitre><Titre><Paragraphe>Comment déclarer les gains de son assurance-vie ?</Paragraphe></Titre><Paragraphe>Pour faire votre <LienInterne LienPublication="R1280" type="Téléservice" audience="Particuliers">déclaration de revenus</LienInterne>, vous pouvez consulter les documents suivants :</Paragraphe><Liste type="puce"><Item><Paragraphe><LienInterne LienPublication="R1281" type="Formulaire" audience="Particuliers">Notice explicative</LienInterne> (en particulier celle relative aux revenus des valeurs et capitaux mobiliers)</Paragraphe></Item><Item><Paragraphe><LienExterne URL="https://www.impots.gouv.fr/www2/fichiers/documentation/brochure/ir_2023/accueil.htm">Brochure pratique de l'impôt sur le revenu</LienExterne></Paragraphe></Item><Item><Paragraphe>Justificatifs remis par les établissements payeurs (<LienInterne LienPublication="R10883" type="Formulaire" audience="Particuliers">formulaire IFU</LienInterne>)</Paragraphe></Item></Liste><Paragraphe>Si un montant pré-rempli est inexact, vous devez le corriger ou le compléter.</Paragraphe></Chapitre></Texte></Situation><Situation><Titre>Contrat souscrit avant le 26 septembre 1997</Titre><Condition><estVrai var="T11809"/></Condition><Texte><Paragraphe>Si vous possédez un contrat d’assurance-vie, vous êtes imposé uniquement si vous effectuez un <LienIntra LienID="R54072" type="Définition de glossaire">rachat</LienIntra> (qu'il soit total ou partiel).</Paragraphe><Paragraphe>L'imposition varie selon les éléments suivants :</Paragraphe><Liste type="puce"><Item><Paragraphe>Date de souscription du contrat</Paragraphe></Item><Item><Paragraphe>Date de versement de la prime</Paragraphe></Item></Liste><Chapitre><Titre><Paragraphe>Quel est l'impôt sur le revenu à payer sur les gains d'une assurance-vie ?</Paragraphe></Titre><BlocCas affichage="radio"><Cas><Titre>Contrat souscrit du 1er janvier 1983 au 25 septembre 1997</Titre><Condition><estVrai var="T11281"/></Condition><BlocCas affichage="radio"><Cas><Titre>Intérêts résultant de primes versées avant le 1er janvier 1998</Titre><Paragraphe>Les intérêts perçus en 2023 sont <MiseEnEvidence>exonérés</MiseEnEvidence> d'impôt sur le revenu, sous certaines conditions, uniquement s'ils résultent de primes versées avant le 1<Exposant>er</Exposant> janvier 1998.</Paragraphe></Cas><Cas><Titre>Intérêts résultant de primes versées depuis le 1er janvier 1998</Titre><Paragraphe>Les intérêts perçus en 2023 sont <MiseEnEvidence>imposés</MiseEnEvidence> au taux de <Valeur>7,5 %</Valeur> s'ils résultent de primes versées depuis le 1<Exposant>er</Exposant> janvier 1998.</Paragraphe><Paragraphe>Les intérêts sont imposés après déduction de <LienIntra LienID="R3018" type="Définition de glossaire">l'abattement</LienIntra> suivant :</Paragraphe><Liste type="puce"><Item><Paragraphe><Valeur>4 600 €</Valeur> pour un célibataire</Paragraphe></Item><Item><Paragraphe><Valeur>9 200 €</Valeur> pour un couple</Paragraphe></Item></Liste><Paragraphe>L'abattement est accordé pour l'ensemble des contrats d'assurance-vie détenus par un même contribuable.</Paragraphe><ASavoir><Titre>À savoir</Titre><Paragraphe>Les intérêts d'une assurance-vie sont <MiseEnEvidence>exonérés</MiseEnEvidence> d'impôt sur le revenu si le rachat résulte (pour vous ou votre conjoint marié ou pacsé) de l'une des raisons suivantes :</Paragraphe><Liste type="puce"><Item><Paragraphe>Licenciement</Paragraphe></Item><Item><Paragraphe>Mise à la retraite</Paragraphe></Item><Item><Paragraphe>Invalidité</Paragraphe></Item><Item><Paragraphe>Liquidation</Paragraphe></Item></Liste></ASavoir></Cas></BlocCas></Cas><Cas><Titre>Contrat souscrit avant le 1er janvier 1983</Titre><Condition><estVrai var="T11283"/></Condition><BlocCas affichage="radio"><Cas><Titre>Intérêts résultant de primes versées avant le 10 octobre 2019</Titre><Paragraphe>Les intérêts perçus en 2023 des contrats souscrits avant le 1<Exposant>er</Exposant> janvier 1983 sont <MiseEnEvidence>exonérés</MiseEnEvidence> d'impôt sur le revenu uniquement s'ils résultent de primes versées avant le 10 octobre 2019.</Paragraphe></Cas><Cas><Titre>Intérêts résultant de primes versées depuis le 10 octobre 2019</Titre><Paragraphe>Les intérêts perçus en 2023 sont <MiseEnEvidence>imposés</MiseEnEvidence> au taux de <Valeur>7,5 %</Valeur> s'ils résultent de primes versées depuis le 10 octobre 2019.</Paragraphe><Paragraphe>Les intérêts sont imposés après déduction de <LienIntra LienID="R3018" type="Définition de glossaire">l'abattement</LienIntra> suivant :</Paragraphe><Liste type="puce"><Item><Paragraphe><Valeur>4 600 €</Valeur> pour un célibataire</Paragraphe></Item><Item><Paragraphe><Valeur>9 200 €</Valeur> pour un couple</Paragraphe></Item></Liste><Paragraphe>L'abattement est accordé pour l'ensemble des contrats d'assurance-vie détenus par un même contribuable.</Paragraphe><ASavoir><Titre>À savoir</Titre><Paragraphe>Les intérêts d'une assurance-vie sont <MiseEnEvidence>exonérés</MiseEnEvidence> d'impôt sur le revenu si le rachat résulte (pour vous ou votre conjoint marié ou pacsé) de l'une des raisons suivantes :</Paragraphe><Liste type="puce"><Item><Paragraphe>Licenciement</Paragraphe></Item><Item><Paragraphe>Mise à la retraite</Paragraphe></Item><Item><Paragraphe>Invalidité</Paragraphe></Item><Item><Paragraphe>Liquidation</Paragraphe></Item></Liste></ASavoir></Cas></BlocCas></Cas></BlocCas></Chapitre><Chapitre><Titre><Paragraphe>Comment déclarer les gains de son assurance-vie ?</Paragraphe></Titre><Paragraphe>Pour faire votre <LienInterne LienPublication="R1280" type="Téléservice" audience="Particuliers">déclaration de revenus</LienInterne>, vous pouvez consulter les documents suivants :</Paragraphe><Liste type="puce"><Item><Paragraphe><LienInterne LienPublication="R1281" type="Formulaire" audience="Particuliers">Notice explicative</LienInterne> (en particulier celle relative aux revenus des valeurs et capitaux mobiliers)</Paragraphe></Item><Item><Paragraphe><LienExterne URL="https://www.impots.gouv.fr/www2/fichiers/documentation/brochure/ir_2023/accueil.htm">Brochure pratique de l'impôt sur le revenu</LienExterne></Paragraphe></Item><Item><Paragraphe>Justificatifs remis par les établissements payeurs (<LienInterne LienPublication="R10883" type="Formulaire" audience="Particuliers">formulaire IFU</LienInterne>)</Paragraphe></Item></Liste><Paragraphe>Si un montant pré-rempli est inexact, vous devez le corriger ou le compléter.</Paragraphe></Chapitre></Texte></Situation></ListeSituations><VoirAussi important="non"><Dossier ID="N89" audience="Particuliers"><Titre>Assurance vie</Titre><Theme ID="N19803"><Titre>Argent - Impôts - Consommation</Titre></Theme></Dossier><Dossier ID="N247" audience="Particuliers"><Titre>Impôt sur le revenu : déclaration et revenus à déclarer</Titre><Theme ID="N19803"><Titre>Argent - Impôts - Consommation</Titre></Theme></Dossier><Dossier ID="N19785" audience="Particuliers"><Titre>Impôt sur le revenu : déductions, réductions et crédits d'impôt</Titre><Theme ID="N19803"><Titre>Argent - Impôts - Consommation</Titre></Theme></Dossier><Fiche ID="F2329" audience="Particuliers"><Titre>Prélèvements sociaux (CSG, CRDS...) sur les revenus du patrimoine</Titre><Theme ID="N19803"><Titre>Argent - Impôts - Consommation</Titre></Theme></Fiche><Fiche ID="F3173" audience="Particuliers"><Titre>Impôt sur le revenu - Déclarer les rentes viagères</Titre><Theme ID="N19803"><Titre>Argent - Impôts - Consommation</Titre></Theme></Fiche><Fiche ID="F358" audience="Particuliers"><Titre>Impôt sur le revenu - Déclaration de revenus annuelle</Titre><Theme ID="N19803"><Titre>Argent - Impôts - Consommation</Titre></Theme></Fiche><Fiche ID="F2613" audience="Particuliers"><Titre>Impôt sur le revenu - Revenus d'épargne et de placement</Titre><Theme ID="N19803"><Titre>Argent - Impôts - Consommation</Titre></Theme></Fiche><Fiche ID="F21618" audience="Particuliers"><Titre>Impôt sur le revenu - Plus-values sur valeurs mobilières</Titre><Theme ID="N19803"><Titre>Argent - Impôts - Consommation</Titre></Theme></Fiche></VoirAussi><QuiPeutMAider ID="R20684" sve="non" type="Centre de contact"><Titre>Service d'information des impôts</Titre><Complement>Pour des informations générales</Complement><Source ID="R30612">Ministère chargé des finances</Source><Texte><Paragraphe>Par téléphone :</Paragraphe><Paragraphe><MiseEnEvidence>0809 401 401</MiseEnEvidence></Paragraphe><Paragraphe>Du lundi au vendredi de 8h30 à 19h, hors jours fériés.</Paragraphe><Paragraphe>Service gratuit + prix appel</Paragraphe></Texte></QuiPeutMAider><QuiPeutMAider ID="R15019" sve="non" type="Local personnalisable"><Titre>Service en charge des impôts (trésorerie, service des impôts...)</Titre><Complement>Pour joindre le service local gestionnaire de votre dossier</Complement><PivotLocal>centre_impots</PivotLocal><RessourceWeb URL="https://www.impots.gouv.fr/portail/contacts"/><Source ID="R30612">Ministère chargé des finances</Source></QuiPeutMAider><Reference type="Texte de référence" URL="https://www.legifrance.gouv.fr/codes/article_lc/LEGIARTI000041464342/" ID="R32048"><Titre>Code général des impôts : article 125-0-A</Titre><Complement>Imposition des contrats d'assurance-vie</Complement></Reference><Reference type="Texte de référence" URL="http://bofip.impots.gouv.fr/bofip/3793-PGP.html" ID="R31739"><Titre>Bofip-Impôts n°BOI-RPPM-RCM relatif à la fiscalité des revenus de capitaux mobiliers</Titre></Reference><ServiceEnLigne ID="R3120" URL="https://cfspart.impots.gouv.fr/LoginMDP" audience="Particuliers" type="Téléservice"><Titre>Impôts : accéder à votre espace Particulier</Titre><Source ID="R30612">Ministère chargé des finances</Source></ServiceEnLigne><ServiceEnLigne ID="R2740" URL="https://simulateur-ir-ifi.impots.gouv.fr/calcul_impot/2024/" audience="Particuliers" type="Simulateur"><Titre>Simulateur de calcul pour 2024 : impôt sur les revenus de 2023</Titre><Source ID="R30612">Ministère chargé des finances</Source></ServiceEnLigne><ServiceEnLigne ID="R1281" URL="https://www.impots.gouv.fr/portail/formulaire/2042/declaration-des-revenus" audience="Particuliers" numerocerfa="10330" autrenumero="2042" type="Formulaire"><Titre>Déclaration des revenus (papier)</Titre><Source ID="R30612">Ministère chargé des finances</Source></ServiceEnLigne><ServiceEnLigne ID="R1280" URL="https://cfspart.impots.gouv.fr/LoginMDP" audience="Particuliers" type="Téléservice"><Titre>Déclaration 2023 en ligne des revenus de 2022</Titre><Source ID="R30612">Ministère chargé des finances</Source></ServiceEnLigne><PourEnSavoirPlus type="Information pratique" ID="R47369" URL="https://www.impots.gouv.fr/portail/particulier/revenus-de-capitaux-mobiliers" audience="Particuliers"><Titre>Revenus de capitaux mobiliers et plus-values mobilières</Titre><Source ID="R30612">Ministère chargé des finances</Source></PourEnSavoirPlus><PourEnSavoirPlus type="Information pratique" ID="R41461" URL="https://www.impots.gouv.fr/portail/" audience="Particuliers"><Titre>Site des impôts</Titre><Source ID="R30612">Ministère chargé des finances</Source></PourEnSavoirPlus><PourEnSavoirPlus type="Information pratique" ID="R17502" URL="https://www.impots.gouv.fr/www2/fichiers/documentation/brochure/ir_2023/accueil.htm" audience="Particuliers"><Titre>Brochure pratique 2023 - Déclaration des revenus de 2022</Titre><Source ID="R30612">Ministère chargé des finances</Source></PourEnSavoirPlus><PourEnSavoirPlus type="Information pratique" ID="R32028" URL="https://www.impots.gouv.fr/portail/node/11603" audience="Particuliers"><Titre>Impôt sur le revenu : dépliants d'information</Titre><Source ID="R30612">Ministère chargé des finances</Source></PourEnSavoirPlus><Definition ID="R54072"><Titre>Rachat</Titre><Texte><Paragraphe>Récupération d'une partie de l'argent versé sur un contrat d'assurance vie avant l'échéance</Paragraphe></Texte></Definition><Definition ID="R63756"><Titre>Prélèvement forfaitaire non libératoire</Titre><Texte><Paragraphe>Prélèvement appliqué à certains revenus de placements. Il constitue un acompte à l’impôt sur le revenu. L’imposition définitive a lieu lors de la déclaration de revenus.</Paragraphe></Texte></Definition><Definition ID="R3018"><Titre>Abattement</Titre><Texte><Paragraphe>Réduction forfaitaire ou proportionnelle appliquée sur la base de calcul d'un impôt (revenus, valeur d'un bien, etc.)</Paragraphe></Texte></Definition><Abreviation ID="R45368" type="Sigle"><Titre>Pacs</Titre><Texte><Paragraphe>Pacte civil de solidarité</Paragraphe></Texte></Abreviation><QuestionReponse ID="F359" audience="Particuliers"><Titre>Quelle est la date limite pour faire sa déclaration de revenus ?</Titre></QuestionReponse><QuestionReponse ID="F823" audience="Particuliers"><Titre>Déduction, réduction d'impôt, crédit d'impôt : quelles différences ?</Titre></QuestionReponse><QuestionReponse ID="F357" audience="Particuliers"><Titre>Impôt sur le revenu - Qui est imposable ?</Titre></QuestionReponse><QuestionReponse ID="F1419" audience="Particuliers"><Titre>Quel est le barème de l'impôt sur le revenu ?</Titre></QuestionReponse></Publication>