<?xml version="1.0" encoding="UTF-8"?><Publication xmlns:dc="http://purl.org/dc/elements/1.1/" xmlns:xsi="http://www.w3.org/2001/XMLSchema-instance" ID="F2246" type="Fiche d'information conditionnée" xsi:noNamespaceSchemaLocation="../Schemas/3.4/Publication.xsd" dateDerniereModificationImportante="2023-10-23T00:00:00" spUrl="https://www.service-public.fr/particuliers/vosdroits/F2246"><dc:title>Arme de catégorie C (soumise à déclaration)</dc:title><dc:creator>Direction de l'information légale et administrative</dc:creator><dc:subject>Loisirs - Sports - Culture</dc:subject><dc:description>Vous souhaitez acheter une arme de catégorie C pour faire du tir sportif ou pour chasser ? Nous vous indiquons les armes classées dans la catégorie C, les conditions à remplir et les démarches à faire pour acheter et détenir ce type d'armes. Des règles s'appliquent aussi pour la conservation, le port et le transport de l'arme.</dc:description><dc:publisher>Direction de l'information légale et administrative</dc:publisher><dc:contributor>Direction de l'information légale et administrative (Premier ministre)</dc:contributor><dc:date>modified 2023-10-23</dc:date><dc:type>Fiche pratique</dc:type><dc:format>text/xml</dc:format><dc:identifier>F2246</dc:identifier><dc:source>https://eur-lex.europa.eu/legal-content/FR/TXT/?uri=CELEX:01991L0477-20170613, https://www.legifrance.gouv.fr/codes/section_lc/LEGITEXT000025503132/LEGISCTA000025505562, https://www.legifrance.gouv.fr/codes/id/LEGISCTA000027591634, https://www.legifrance.gouv.fr/codes/section_lc/LEGITEXT000025503132/LEGISCTA000025505658, https://www.legifrance.gouv.fr/codes/section_lc/LEGITEXT000025503132/LEGISCTA000029655041, https://www.legifrance.gouv.fr/codes/section_lc/LEGITEXT000025503132/LEGISCTA000029655205, https://www.legifrance.gouv.fr/codes/section_lc/LEGITEXT000025503132/LEGISCTA000029655365, https://www.legifrance.gouv.fr/loda/id/JORFTEXT000045141244, https://www.legifrance.gouv.fr/loda/id/JORFTEXT000048010985, https://www.legifrance.gouv.fr/loda/id/JORFTEXT000045141682, https://www.legifrance.gouv.fr/loda/id/JORFTEXT000038088599, https://www.legifrance.gouv.fr/loda/id/LEGITEXT000023448117, https://www.legifrance.gouv.fr/loda/id/JORFTEXT000000393701</dc:source><dc:language>Fr</dc:language><dc:relation>isPartOf N287</dc:relation><dc:coverage>France entière</dc:coverage><dc:rights>https://www.service-public.fr/a-propos/mentions-legales</dc:rights><SurTitre>Fiche pratique</SurTitre><Audience>Particuliers</Audience><Canal>www.service-public.fr</Canal><FilDAriane><Niveau ID="Particuliers">Accueil particuliers</Niveau><Niveau ID="N19809">Loisirs - Sports - Culture</Niveau><Niveau ID="N287">Armes</Niveau><Niveau ID="F2246" type="Fiche d'information conditionnée">Arme de catégorie C (soumise à déclaration)</Niveau></FilDAriane><Theme ID="N19809"><Titre>Loisirs - Sports - Culture</Titre></Theme><SousThemePere ID="N19969">Chasse et pêche</SousThemePere><DossierPere ID="N287"><Titre>Armes</Titre><Fiche ID="F2242">Arme à feu et matériel de guerre de catégorie A</Fiche><Fiche ID="F2250">Arme de catégorie B (soumise à autorisation)</Fiche><Fiche ID="F2246">Arme de catégorie C (soumise à déclaration)</Fiche><Fiche ID="F2248">Arme de catégorie D (acquisition et détention libres)</Fiche><Fiche ID="F2273">Carte européenne d'armes à feu</Fiche></DossierPere><Introduction><Texte><Paragraphe>Vous souhaitez acheter une arme de catégorie C pour faire du tir sportif ou pour chasser ? Nous vous indiquons les armes classées dans la catégorie C, les conditions à remplir et les démarches à faire pour acheter et détenir ce type d'armes. Des règles s'appliquent aussi pour la conservation, le port et le transport de l'arme.</Paragraphe></Texte></Introduction><Texte><Chapitre><Titre><Paragraphe>Quelles sont les armes classées en catégorie C ?</Paragraphe></Titre><Tableau><Titre>Principales armes classées dans la catégorie C (hors munitions)</Titre><Colonne largeur="38" type="normal"/><Colonne largeur="67" type="normal"/><Rangée type="header"><Cellule><Paragraphe>Type d'arme</Paragraphe></Cellule><Cellule><Paragraphe>Caractéristiques</Paragraphe></Cellule></Rangée><Rangée type="normal"><Cellule><Paragraphe>Arme à feu d'épaule à répétition semi-automatique</Paragraphe></Cellule><Cellule><Paragraphe>Projectile de diamètre inférieur à 20 mm</Paragraphe><Paragraphe>Tir de 3 munitions au + sans réapprovisionnement</Paragraphe></Cellule></Rangée><Rangée type="normal"><Cellule><Paragraphe>Arme à feu d'épaule à répétition manuelle</Paragraphe></Cellule><Cellule><Paragraphe>Projectile de diamètre inférieur à 20 mm</Paragraphe><Paragraphe>Tir de 11 munitions au + sans réapprovisionnement</Paragraphe></Cellule></Rangée><Rangée type="normal"><Cellule><Paragraphe>Arme à feu d'épaule à 1 coup par canon</Paragraphe></Cellule><Cellule/></Rangée><Rangée type="normal"><Cellule><Paragraphe>Arme à feu d'épaule à répétition manuelle</Paragraphe></Cellule><Cellule><Paragraphe>Canon rayé munies d'un dispositif de rechargement à pompe chambré pour les calibres 8, 10, 12, 14, 16, 20, 24, 28, 32, 36 et 410</Paragraphe><Paragraphe>Capacité de 5 coups maximum</Paragraphe><Paragraphe>Longueur totale supérieure à 80 cm</Paragraphe><Paragraphe>Longueur du canon supérieure à 60 cm</Paragraphe><Paragraphe>Crosse fixe</Paragraphe></Cellule></Rangée><Rangée type="normal"><Cellule><Paragraphe>Arme à feu fabriquée pour tirer une balle ou plusieurs projectiles non métalliques</Paragraphe></Cellule><Cellule><Paragraphe>Classée dans cette catégorie par décision ministérielle</Paragraphe></Cellule></Rangée><Rangée type="normal"><Cellule><Paragraphe>Arme et lanceur dont le projectile est propulsé de manière non pyrotechnique</Paragraphe></Cellule><Cellule><Paragraphe>Énergie à la bouche de 20 joules ou plus</Paragraphe></Cellule></Rangée><Rangée type="normal"><Cellule><Paragraphe>Arme à feu des catégories A, B ou C neutralisée (rendue inapte au tir)</Paragraphe></Cellule><Cellule/></Rangée></Tableau><ANoter><Titre>À noter</Titre><Paragraphe>si vous détenez une arme qui est passée en catégorie B depuis août 2018, vous devez <LienInterne LienPublication="F31664" type="Fiche Question-réponse conditionnée" audience="Particuliers">régulariser votre situation</LienInterne>.</Paragraphe></ANoter></Chapitre><Chapitre><Titre><Paragraphe>Qui peut avoir une arme de catégorie C ?</Paragraphe></Titre><BlocCas affichage="onglet"><Cas><Titre>Pour un majeur</Titre><BlocCas affichage="radio"><Cas><Titre>Arme à feu des catégories A, B ou C neutralisée</Titre><Aide><Paragraphe>Arme rendue inapte au tir</Paragraphe></Aide><Paragraphe>Pour acheter une arme des catégories A, B ou C <MiseEnEvidence>neutralisée</MiseEnEvidence>, vous devez remplir les 3 conditions suivantes :</Paragraphe><Liste type="puce"><Item><Paragraphe>Ne pas être inscrit au <LienInterne LienPublication="R51442" type="Sigle">FINIADA</LienInterne></Paragraphe></Item><Item><Paragraphe>Ne pas avoir sur votre <LienInterne LienPublication="F14710" type="Fiche d'information conditionnée" audience="Particuliers">bulletin n°2 du casier judiciaire</LienInterne> de condamnations pour certaines infractions. Par exemple, meurtre, assassinat, violence volontaire, viol, agression sexuelle, trafic de stupéfiant... C'est la préfecture qui fait la demande de bulletin.</Paragraphe></Item><Item><Paragraphe>Ne pas avoir un comportement laissant craindre une utilisation de l'arme dangereuse pour vous-même ou pour autrui</Paragraphe></Item></Liste><Paragraphe>Si vous trouvez une arme des catégories A, B ou C <MiseEnEvidence>neutralisée</MiseEnEvidence> et que vous ne souhaitez pas la conserver, vous devez vous en <LienInterne LienPublication="F11629" type="Fiche Question-réponse conditionnée" audience="Particuliers">dessaisir</LienInterne> dans un délai de 3 mois. Il en est de même si vous en héritez.</Paragraphe></Cas><Cas><Titre>Arme à feu pour tirer une balle ou des projectiles non métalliques</Titre><Paragraphe>Pour acheter une <MiseEnEvidence>arme à feu fabriquée pour tirer une balle ou des projectiles non métalliques</MiseEnEvidence>, vous devez remplir les 3 conditions suivantes :</Paragraphe><Liste type="puce"><Item><Paragraphe>Ne pas être inscrit au <LienInterne LienPublication="R51442" type="Sigle">FINIADA</LienInterne></Paragraphe></Item><Item><Paragraphe>Ne pas avoir sur votre <LienInterne LienPublication="F14710" type="Fiche d'information conditionnée" audience="Particuliers">bulletin n°2 du casier judiciaire</LienInterne> de condamnations pour certaines infractions. Par exemple, meurtre, assassinat, violence volontaire, viol, agression sexuelle, trafic de stupéfiant... C'est la préfecture qui fait la demande de bulletin.</Paragraphe></Item><Item><Paragraphe>Ne pas avoir un comportement laissant craindre une utilisation de l'arme dangereuse pour vous-même ou pour autrui</Paragraphe></Item></Liste><Paragraphe>Si vous trouvez ce type d'arme et que vous ne souhaitez pas la conserver, vous devez vous en <LienInterne LienPublication="F11629" type="Fiche Question-réponse conditionnée" audience="Particuliers">dessaisir</LienInterne> dans un délai de 3 mois. Il en est de même si vous en héritez.</Paragraphe></Cas><Cas><Titre>Autre arme de catégorie C</Titre><Paragraphe>Vous devez remplir les <MiseEnEvidence>4 conditions</MiseEnEvidence> suivantes :</Paragraphe><Liste type="puce"><Item><Paragraphe>Ne pas être inscrit au <LienInterne LienPublication="R51442" type="Sigle">FINIADA</LienInterne></Paragraphe></Item><Item><Paragraphe>Ne pas avoir sur votre <LienInterne LienPublication="F14710" type="Fiche d'information conditionnée" audience="Particuliers">bulletin n°2 du casier judiciaire</LienInterne> de condamnations pour certaines infractions. Par exemple, meurtre, assassinat, violence volontaire, viol, agression sexuelle, trafic de stupéfiant... C'est la préfecture qui fait la demande de bulletin.</Paragraphe></Item><Item><Paragraphe>Ne pas avoir un comportement laissant craindre une utilisation de l'arme dangereuse pour vous-même ou pour autrui</Paragraphe></Item><Item><Paragraphe>Avoir un des titres suivants : <LienInterne LienPublication="F2088" type="Fiche d'information conditionnée" audience="Particuliers">permis de chasser</LienInterne> délivré en France ou à l'étranger avec un titre de validation annuel ou temporaire ou un titre de validation de l'année précédente, licence en cours de validité d'une fédération sportive ayant reçu une délégation ministérielle pour la pratique du tir, du ball-trap ou du biathlon (+ attestation certifiant que vous pratiquez l'un de ces sports si la fédération a également une délégation ministérielle pour d'autres disciplines sportives)</Paragraphe></Item></Liste><Paragraphe>Si vous trouvez une arme de catégorie C et que vous ne souhaitez pas la conserver, vous devez vous en <LienInterne LienPublication="F11629" type="Fiche Question-réponse conditionnée" audience="Particuliers">dessaisir</LienInterne> dans un délai de 3 mois. Il en est de même si vous en héritez.</Paragraphe></Cas></BlocCas></Cas><Cas><Titre>Pour un mineur de plus de 16 ans</Titre><Paragraphe>Un mineur ne peut pas acheter une arme de catégorie C.</Paragraphe><Paragraphe>Un <LienInterne LienPublication="F2253" type="Fiche Question-réponse conditionnée" audience="Particuliers">mineur de plus de 16 ans peut détenir une arme de catégorie C</LienInterne> sous réserve de remplir les <MiseEnEvidence>2 conditions</MiseEnEvidence> suivantes :</Paragraphe><Liste type="puce"><Item><Paragraphe>Avoir l'autorisation d'un personne exerçant<LienIntra LienID="R12506" type="Définition de glossaire"> l'autorité parentale</LienIntra> non inscrite au <LienInterne LienPublication="R51442" type="Sigle">FINIADA</LienInterne></Paragraphe></Item><Item><Paragraphe>Être titulaire du <LienInterne LienPublication="F2088" type="Fiche d'information conditionnée" audience="Particuliers">permis de chasse</LienInterne> ou d'une licence en cours de validité d'une fédération sportive ayant reçu une délégation ministérielle pour la pratique du tir, du ball-trap ou du biathlon (+ attestation certifiant que vous pratiquez l'un de ces sports si la fédération a également une délégation ministérielle pour d'autres disciplines sportives)</Paragraphe></Item></Liste></Cas><Cas><Titre>Pour un mineur entre 12 et 16 ans</Titre><Paragraphe>Un mineur ne peut pas acheter une arme de catégorie C.</Paragraphe><Paragraphe>Un <LienInterne LienPublication="F2253" type="Fiche Question-réponse conditionnée" audience="Particuliers">mineur de 12 ans ou plus peut détenir une arme de catégorie C</LienInterne> sous réserve de remplir les <MiseEnEvidence>2 conditions</MiseEnEvidence> suivantes :</Paragraphe><Liste type="puce"><Item><Paragraphe>Avoir l'autorisation d'un personne exerçant <LienIntra LienID="R12506" type="Définition de glossaire">l'autorité parentale</LienIntra> non inscrite au <LienInterne LienPublication="R51442" type="Sigle">FINIADA</LienInterne></Paragraphe></Item><Item><Paragraphe>Être titulaire d'une licence en cours de validité d'une fédération sportive ayant reçu une délégation ministérielle pour la pratique du tir, du ball-trap ou du biathlon (+ attestation certifiant que vous pratiquez l'un de ces sports si la fédération a également une délégation ministérielle pour d'autres disciplines sportives)</Paragraphe></Item></Liste></Cas></BlocCas></Chapitre><Chapitre><Titre><Paragraphe>Comment faire la démarche pour avoir une arme de catégorie C ?</Paragraphe></Titre><BlocCas affichage="radio"><Cas><Titre>Vous êtes chasseur</Titre><BlocCas affichage="radio"><Cas><Titre>Achat chez un armurier ou en sa présence</Titre><Paragraphe>Pour acheter une arme de catégorie C, vous devez vous adresser à un <MiseEnEvidence>armurier</MiseEnEvidence>, un <MiseEnEvidence>courtier agréé</MiseEnEvidence>, ou à un <MiseEnEvidence>particulier en présence d'un armurier</MiseEnEvidence>.</Paragraphe><Paragraphe>Il est obligatoire d'avoir créé un <LienInterne LienPublication="R61698" type="Téléservice" audience="Particuliers">compte SIA</LienInterne> pour acheter une arme en tant que chasseur.</Paragraphe><Paragraphe>L'armurier s'occupe de la démarche en ligne via le nouveau <LienInterne LienPublication="R61712" type="Sigle">SIA</LienInterne>.</Paragraphe><Paragraphe>L'arme achetée est transférée automatiquement dans votre râtelier numérique.</Paragraphe><Paragraphe>Vous devrez confirmer l'achat de l'arme en ligne via votre compte <LienInterne LienPublication="R61712" type="Sigle">SIA</LienInterne>.</Paragraphe><Paragraphe>Si vous ne le faites pas, l'achat est validé automatiquement au bout de 5 jours.</Paragraphe><ServiceEnLigne ID="R61698" URL="https://sia.detenteurs.interieur.gouv.fr" audience="Particuliers" type="Téléservice"><Titre>Système d'information sur les armes (SIA) - Espace détenteurs</Titre><Source ID="R30603">Ministère chargé de l'intérieur</Source><NoticeLiee ID="R61699" URL="https://sia.detenteurs.interieur.gouv.fr/auth/resources/62lqv/login/portail-detenteurs/pdf/Parcours_cr%C3%A9ation_de_compte.pdf" type="Notice" format="application/pdf">Système d'information sur les armes (SIA) : guide utilisateurs de l'espace détenteur</NoticeLiee></ServiceEnLigne></Cas><Cas><Titre>Arme trouvée ou héritage</Titre><Paragraphe>Si vous souhaitez conserver une arme de catégorie C pour chasser, <MiseEnEvidence>trouvée</MiseEnEvidence> ou <MiseEnEvidence>dont vous avez hérité</MiseEnEvidence>, vous devez vous adresser à un <MiseEnEvidence>armurier</MiseEnEvidence> ou à un <MiseEnEvidence>courtier agréé</MiseEnEvidence>.</Paragraphe><Paragraphe>Le dossier comprend les documents suivants :</Paragraphe><Liste type="puce"><Item><Paragraphe>Déclaration sur le formulaire cerfa n°12650</Paragraphe></Item><Item><Paragraphe>Copie d'une pièce d'identité</Paragraphe></Item><Item><Paragraphe>Copie d'un permis de chasser délivré en France ou à l'étranger + titre de validation annuel ou temporaire ou titre de validation de l'année précédente</Paragraphe></Item></Liste><Paragraphe>L'armurier se charge de transmettre votre dossier à la préfecture de votre domicile.</Paragraphe></Cas><Cas><Titre>Arme de chasse acquise avant le 8 février 2022</Titre><Paragraphe>Si vous déteniez une arme de chasse avant le 8 février 2022, vous devez créer un compte <LienInterne LienPublication="R61712" type="Sigle">SIA</LienInterne><MiseEnEvidence> avant le 1er juillet 2023</MiseEnEvidence>.</Paragraphe><Paragraphe>Pour ouvrir votre compte, vous devez avoir une <MiseEnEvidence>adresse mail</MiseEnEvidence>.</Paragraphe><Paragraphe>Préparez les Justificatifs suivants, scannés ou photographiés :</Paragraphe><Liste type="puce"><Item><Paragraphe><MiseEnEvidence>Pièce d'identité</MiseEnEvidence> (carte d'identité, passeport ou titre de séjour en France)</Paragraphe></Item><Item><Paragraphe><MiseEnEvidence>Permis de chasser</MiseEnEvidence></Paragraphe></Item><Item><Paragraphe><MiseEnEvidence>Justificatif de domicile</MiseEnEvidence></Paragraphe></Item></Liste><Paragraphe>Préparez également votre numéro <LienInterne LienPublication="R61712" type="Sigle">SIA</LienInterne> si votre armurier a eu l'occasion de vous en créer un depuis janvier 2021.</Paragraphe><ServiceEnLigne ID="R61698" URL="https://sia.detenteurs.interieur.gouv.fr" audience="Particuliers" type="Téléservice"><Titre>Système d'information sur les armes (SIA) - Espace détenteurs</Titre><Source ID="R30603">Ministère chargé de l'intérieur</Source><NoticeLiee ID="R61699" URL="https://sia.detenteurs.interieur.gouv.fr/auth/resources/62lqv/login/portail-detenteurs/pdf/Parcours_cr%C3%A9ation_de_compte.pdf" type="Notice" format="application/pdf">Système d'information sur les armes (SIA) : guide utilisateurs de l'espace détenteur</NoticeLiee></ServiceEnLigne><Paragraphe>Une fois le compte créé :</Paragraphe><Liste type="puce"><Item><Paragraphe>un <MiseEnEvidence>numéro d'identifiant</MiseEnEvidence> vous est attribué.</Paragraphe><Paragraphe>Pour vous connecter à votre espace personnel, vous devrez saisir ce numéro et le mot de passe que vous avez choisi.</Paragraphe></Item><Item><Paragraphe>un <MiseEnEvidence>numéro SIA</MiseEnEvidence> vous est affecté.</Paragraphe><Paragraphe>Ce numéro vous suivra tout au long de votre vie de détenteur d'armes.</Paragraphe><Paragraphe>Il doit être présenté à votre armurier avant chaque intervention de sa part sur votre arme.</Paragraphe></Item></Liste><Paragraphe>Lorsque vous vous connectez à <MiseEnEvidence>votre espace personnel</MiseEnEvidence>, vous accédez à <MiseEnEvidence>votre râtelier numérique</MiseEnEvidence> dans lequel figurent toutes vos armes connues.</Paragraphe><Paragraphe>À partir de l'ouverture de votre compte SIA, <MiseEnEvidence>vous avez 6 mois pour compléter les informations</MiseEnEvidence> de votre râtelier numérique provisoire.</Paragraphe><Paragraphe>Si nécessaire, vous pouvez <MiseEnEvidence>contacter votre préfecture via un formulaire de contact</MiseEnEvidence> disponible dans votre espace personnel.</Paragraphe><ASavoir><Titre>À savoir</Titre><Paragraphe>en cas difficultés pour créer votre compte SIA, vous pouvez vous faire aider par votre armurier ou dans un point d'accueil numérique en préfecture.</Paragraphe></ASavoir><OuSAdresser ID="R49378" sve="non" type="Local personnalisé sur SP"><Titre>Point d'accueil numérique</Titre><PivotLocal>point_accueil_numérique</PivotLocal><RessourceWeb URL="https://lannuaire.service-public.fr/navigation/point_accueil_numerique"/></OuSAdresser></Cas></BlocCas></Cas><Cas><Titre>Vous êtes tireur sportif</Titre><BlocCas affichage="radio"><Cas><Titre>Achat chez un armurier ou en sa présence</Titre><Paragraphe>Vous devez vous adresser à un armurier ou à un courtier.</Paragraphe><Paragraphe>Vous devez lui remettre un dossier constitué des documents suivants :</Paragraphe><Liste type="puce"><Item><Paragraphe>Déclaration sur le formulaire <LienInterne LienPublication="R1501" type="Formulaire" audience="Particuliers">cerfa n°12650</LienInterne></Paragraphe></Item><Item><Paragraphe>Copie d'une pièce d'identité en cours de validité</Paragraphe></Item><Item><Paragraphe>Copie de votre licence en cours de validité d'une fédération sportive ayant reçu une délégation ministérielle pour la pratique du tir, du ball-trap ou du biathlon (+ attestation certifiant que vous pratiquez l'un de ces sports si la fédération a également une délégation ministérielle pour d'autres disciplines sportives)</Paragraphe></Item></Liste><Paragraphe>L'armurier ou le courtier se charge de transmettre votre dossier à la préfecture de votre domicile.</Paragraphe><Paragraphe>Si vous avez été admis en soins psychiatriques sans consentement, le préfet peut vous demander de fournir un certificat médical de moins d'1 mois délivré par un psychiatre.</Paragraphe></Cas><Cas><Titre>Arme trouvée en héritage</Titre><Paragraphe>Si vous souhaitez conserver une arme de catégorie C, trouvée ou dont vous avez hérité, vous devez vous adresser à un armurier ou à un courtier agréé.</Paragraphe><Paragraphe>Vous devez lui remettre un dossier constitué des documents suivants :</Paragraphe><Liste type="puce"><Item><Paragraphe>Déclaration sur le formulaire <LienInterne LienPublication="R1501" type="Formulaire" audience="Particuliers">cerfa n°12650</LienInterne></Paragraphe></Item><Item><Paragraphe>Copie d'une pièce d'identité</Paragraphe></Item><Item><Paragraphe>Copie de votre licence en cours de validité d'une fédération sportive ayant reçu une délégation ministérielle pour la pratique du tir, du ball-trap ou du biathlon (+ attestation certifiant que vous pratiquez l'un de ces sports si la fédération a également une délégation ministérielle pour d'autres disciplines sportives)</Paragraphe></Item></Liste><Paragraphe>L'armurier ou le courtier se charge de transmettre votre dossier à la préfecture de votre domicile.</Paragraphe><Paragraphe>Si vous avez été admis en soins psychiatriques sans consentement, le préfet peut vous demander de fournir un certificat médical de moins d'1 mois délivré par un psychiatre.</Paragraphe></Cas></BlocCas></Cas><Cas><Titre>Vous êtes collectionneur et avez la carte du collectionneur</Titre><BlocCas affichage="radio"><Cas><Titre>Achat chez un armurier ou en sa présence</Titre><Paragraphe>Vous devez vous adresser à un armurier ou à un courtier.</Paragraphe><Paragraphe>Vous devez lui remettre un dossier constitué des documents suivants :</Paragraphe><Liste type="puce"><Item><Paragraphe>Déclaration sur le formulaire <LienInterne LienPublication="R1501" type="Formulaire" audience="Particuliers">cerfa n°12650</LienInterne></Paragraphe></Item><Item><Paragraphe>Copie d'une pièce d'identité en cours de validité</Paragraphe></Item><Item><Paragraphe>Copie de votre carte de collectionneur en cours de validité</Paragraphe></Item></Liste><Paragraphe>L'armurier ou le courtier se charge de transmettre votre dossier à la préfecture de votre domicile.</Paragraphe><Paragraphe>Si vous avez été admis en soins psychiatriques sans consentement, le préfet peut vous demander de fournir un certificat médical de moins d'1 mois délivré par un psychiatre.</Paragraphe></Cas><Cas><Titre>Arme trouvée en héritage</Titre><Paragraphe>Si vous souhaitez conserver une arme de catégorie C, trouvée ou dont vous avez hérité, vous devez vous adresser à un armurier ou à un courtier agréé.</Paragraphe><Paragraphe>Vous devez lui remettre un dossier constitué des documents suivants :</Paragraphe><Liste type="puce"><Item><Paragraphe>Déclaration sur le formulaire <LienInterne LienPublication="R1501" type="Formulaire" audience="Particuliers">cerfa n°12650</LienInterne></Paragraphe></Item><Item><Paragraphe>Copie d'une pièce d'identité</Paragraphe></Item><Item><Paragraphe>Copie de votre carte de collectionneur en cours de validité</Paragraphe></Item></Liste><Paragraphe>L'armurier ou le courtier se charge de transmettre votre dossier à la préfecture de votre domicile.</Paragraphe><Paragraphe>Si vous avez été admis en soins psychiatriques sans consentement, le préfet peut vous demander de fournir un certificat médical de moins d'1 mois délivré par un psychiatre.</Paragraphe></Cas></BlocCas></Cas><Cas><Titre>Vous êtes dans une autre situation</Titre><BlocCas affichage="radio"><Cas><Titre>Achat chez un armurier ou en sa présence</Titre><BlocCas affichage="radio"><Cas><Titre>Armes à feu des catégories A, B ou C neutralisées</Titre><Paragraphe>Vous devez vous adresser à un <MiseEnEvidence>armurier</MiseEnEvidence>, un <MiseEnEvidence>courtier agréé</MiseEnEvidence>, ou à un <MiseEnEvidence>particulier en présence d'un armurier</MiseEnEvidence>.</Paragraphe><Paragraphe>Vous devez avoir créé un <LienInterne LienPublication="R61698" type="Téléservice" audience="Particuliers">compte SIA</LienInterne>.</Paragraphe><Paragraphe>Vous avez besoin d'un certificat médical attestant que votre état de santé physique et psychique est compatible avec la détention des armes de catégorie C.</Paragraphe><Paragraphe>Si vous avez été admis en soins psychiatriques sans consentement, un certificat médical de moins d'1 mois délivré par un psychiatre pourra vous être demandé.</Paragraphe><Paragraphe>L'armurier s'occupe de la démarche en ligne via le nouveau <LienInterne LienPublication="R61712" type="Sigle">SIA</LienInterne>.</Paragraphe><Paragraphe>L'arme achetée est transférée automatiquement dans votre râtelier numérique.</Paragraphe><Paragraphe>Vous devrez confirmer l'achat de l'arme en ligne via votre compte <LienInterne LienPublication="R61712" type="Sigle">SIA</LienInterne>.</Paragraphe><Paragraphe>Si vous ne le faites pas, l'achat est validé automatiquement au bout de 5 jours.</Paragraphe><ServiceEnLigne ID="R61698" URL="https://sia.detenteurs.interieur.gouv.fr" audience="Particuliers" type="Téléservice"><Titre>Système d'information sur les armes (SIA) - Espace détenteurs</Titre><Source ID="R30603">Ministère chargé de l'intérieur</Source><NoticeLiee ID="R61699" URL="https://sia.detenteurs.interieur.gouv.fr/auth/resources/62lqv/login/portail-detenteurs/pdf/Parcours_cr%C3%A9ation_de_compte.pdf" type="Notice" format="application/pdf">Système d'information sur les armes (SIA) : guide utilisateurs de l'espace détenteur</NoticeLiee></ServiceEnLigne></Cas><Cas><Titre>Armes à feu fabriquées pour tirer une balle ou plusieurs projectiles non métalliques</Titre><Paragraphe>Vous devez vous adresser à un <MiseEnEvidence>armurier</MiseEnEvidence>, un <MiseEnEvidence>courtier agréé</MiseEnEvidence>, ou à un <MiseEnEvidence>particulier en présence d'un armurier</MiseEnEvidence>.</Paragraphe><Paragraphe>Vous devez avoir créé un <LienInterne LienPublication="R61698" type="Téléservice" audience="Particuliers">compte SIA</LienInterne>.</Paragraphe><Paragraphe>Vous avez besoin d'un certificat médical attestant que votre état de santé physique et psychique est compatible avec la détention des armes de catégorie C.</Paragraphe><Paragraphe>Si vous avez été admis en soins psychiatriques sans consentement, un certificat médical de moins d'1 mois délivré par un psychiatre pourra vous être demandé.</Paragraphe><Paragraphe>L'armurier s'occupe de la démarche en ligne via le nouveau <LienInterne LienPublication="R61712" type="Sigle">SIA</LienInterne>.</Paragraphe><Paragraphe>L'arme achetée est transférée automatiquement dans votre râtelier numérique.</Paragraphe><Paragraphe>Vous devrez confirmer l'achat de l'arme en ligne via votre compte <LienInterne LienPublication="R61712" type="Sigle">SIA</LienInterne>.</Paragraphe><Paragraphe>Si vous ne le faites pas, l'achat est validé automatiquement au bout de 5 jours.</Paragraphe><ServiceEnLigne ID="R61698" URL="https://sia.detenteurs.interieur.gouv.fr" audience="Particuliers" type="Téléservice"><Titre>Système d'information sur les armes (SIA) - Espace détenteurs</Titre><Source ID="R30603">Ministère chargé de l'intérieur</Source><NoticeLiee ID="R61699" URL="https://sia.detenteurs.interieur.gouv.fr/auth/resources/62lqv/login/portail-detenteurs/pdf/Parcours_cr%C3%A9ation_de_compte.pdf" type="Notice" format="application/pdf">Système d'information sur les armes (SIA) : guide utilisateurs de l'espace détenteur</NoticeLiee></ServiceEnLigne></Cas><Cas><Titre>Autres armes de catégorie C</Titre><Paragraphe>Vous ne pouvez pas acquérir d'autres armes de catégorie C.</Paragraphe><Paragraphe>En effet, leur acquisition est réservée aux personnes ayant un titre de détention en cours de validité (permis de chasser, licence de tir sportif ou carte du collectionneur).</Paragraphe></Cas></BlocCas></Cas><Cas><Titre>Arme trouvée ou héritage</Titre><Paragraphe>Si vous souhaitez conserver une arme de catégorie C <MiseEnEvidence>trouvée</MiseEnEvidence> ou <MiseEnEvidence>dont vous avez hérité</MiseEnEvidence>, vous devez créer un <LienInterne LienPublication="R61698" type="Téléservice" audience="Particuliers">compte SIA</LienInterne> et déclarer l'arme en ligne.</Paragraphe><ServiceEnLigne ID="R61698" URL="https://sia.detenteurs.interieur.gouv.fr" audience="Particuliers" type="Téléservice"><Titre>Système d'information sur les armes (SIA) - Espace détenteurs</Titre><Source ID="R30603">Ministère chargé de l'intérieur</Source><NoticeLiee ID="R61699" URL="https://sia.detenteurs.interieur.gouv.fr/auth/resources/62lqv/login/portail-detenteurs/pdf/Parcours_cr%C3%A9ation_de_compte.pdf" type="Notice" format="application/pdf">Système d'information sur les armes (SIA) : guide utilisateurs de l'espace détenteur</NoticeLiee></ServiceEnLigne></Cas></BlocCas></Cas></BlocCas></Chapitre><Chapitre><Titre><Paragraphe>Comment conserver une arme de catégorie C à domicile ?</Paragraphe></Titre><Paragraphe>Vous devez conserver votre arme de catégorie C et ses éléments d'une des manières suivantes :</Paragraphe><Liste type="puce"><Item><Paragraphe>Dans un coffre-fort ou une armoire forte adaptés</Paragraphe></Item><Item><Paragraphe>Par démontage d'un élément d'arme la rendant immédiatement inutilisable, lequel est conservé à part</Paragraphe></Item><Item><Paragraphe>Par tout autre dispositif empêchant l'enlèvement de l'arme (par exemple, enchaînement sur un râtelier, passage d'un câble dans le <LienIntra LienID="R58475" type="Définition de glossaire">pontet</LienIntra>)</Paragraphe></Item></Liste><Paragraphe>Les munitions doivent être conservées séparément dans des conditions interdisant l'accès libre.</Paragraphe><ANoter><Titre>À noter</Titre><Paragraphe>ces dispositions ne s'appliquent pas aux armes des catégories A, B ou C <MiseEnEvidence>neutralisées</MiseEnEvidence> (rendue inapte au tir)</Paragraphe></ANoter></Chapitre><Chapitre><Titre><Paragraphe>Quelle sanction si vous ne déclarez pas une arme de catégorie C ?</Paragraphe></Titre><Paragraphe>Acheter, vendre ou détenir une ou plusieurs armes de catégorie C sans faire de déclaration est sanctionné par une peine de prison de 2 ans et une amende de <Valeur>30 000 €</Valeur>.</Paragraphe><Paragraphe>La peine de prison est de 7 ans et l'amende de <Valeur>100 000 €</Valeur> en cas d'infraction commise en bande organisée.</Paragraphe><Paragraphe>Les <LienIntra LienID="R2515" type="Définition de glossaire">peines complémentaires</LienIntra> suivantes peuvent s'y ajouter  :</Paragraphe><Liste type="puce"><Item><Paragraphe>Interdiction de détenir ou de porter, pendant 5 ans maximum, une arme soumise à autorisation</Paragraphe></Item><Item><Paragraphe>Confiscation d'une ou plusieurs armes</Paragraphe></Item><Item><Paragraphe>Retrait du permis de chasser avec interdiction de demander un nouveau permis pendant 5 ans maximum.</Paragraphe></Item></Liste></Chapitre></Texte><VoirAussi important="non"><Fiche ID="F2093" audience="Particuliers"><Titre>Achat et détention d'une arme de chasse</Titre><Theme ID="N19809"><Titre>Loisirs - Sports - Culture</Titre></Theme></Fiche><Fiche ID="F2248" audience="Particuliers"><Titre>Arme de catégorie D (acquisition et détention libres)</Titre><Theme ID="N19809"><Titre>Loisirs - Sports - Culture</Titre></Theme></Fiche><Fiche ID="F2250" audience="Particuliers"><Titre>Arme de catégorie B (soumise à autorisation)</Titre><Theme ID="N19809"><Titre>Loisirs - Sports - Culture</Titre></Theme></Fiche><Fiche ID="F2242" audience="Particuliers"><Titre>Arme à feu et matériel de guerre de catégorie A</Titre><Theme ID="N19809"><Titre>Loisirs - Sports - Culture</Titre></Theme></Fiche><Fiche ID="F2273" audience="Particuliers"><Titre>Voyager en Europe avec une arme : carte européenne d'armes à feu</Titre><Theme ID="N19809"><Titre>Loisirs - Sports - Culture</Titre></Theme></Fiche></VoirAussi><Reference type="Texte de référence" URL="https://eur-lex.europa.eu/legal-content/FR/TXT/?uri=CELEX:01991L0477-20170613" ID="R58552"><Titre>Directive (UE) 2021/555 du Parlement européen et du Conseil du 24 mars 2021 relative au contrôle de l'acquisition et de la détention d'armes</Titre></Reference><Reference type="Texte de référence" URL="https://www.legifrance.gouv.fr/codes/section_lc/LEGITEXT000025503132/LEGISCTA000025505562" ID="R33474"><Titre>Code de la sécurité intérieure : articles L311-2 à L311-4</Titre><Complement>Classification des armes</Complement></Reference><Reference type="Texte de référence" URL="https://www.legifrance.gouv.fr/codes/id/LEGISCTA000027591634" ID="R44912"><Titre>Code de la sécurité intérieure : articles L 312-1 à L 312-6</Titre><Complement>Acquisition et détention</Complement></Reference><Reference type="Texte de référence" URL="https://www.legifrance.gouv.fr/codes/section_lc/LEGITEXT000025503132/LEGISCTA000025505658" ID="R39841"><Titre>Code de la sécurité intérieure : articles L317-1 à L317-12</Titre><Complement>Sanctions</Complement></Reference><Reference type="Texte de référence" URL="https://www.legifrance.gouv.fr/codes/section_lc/LEGITEXT000025503132/LEGISCTA000029655041" ID="R40491"><Titre>Code de la sécurité intérieure : articles R311-2 à R311-4-1</Titre><Complement>Classement des matériels de guerre, armes et munitions</Complement></Reference><Reference type="Texte de référence" URL="https://www.legifrance.gouv.fr/codes/section_lc/LEGITEXT000025503132/LEGISCTA000029655205" ID="R41535"><Titre>Code de la sécurité intérieure : articles R312-52 à R312-59</Titre><Complement>Acquisition et détention d'armes soumises à déclaration</Complement></Reference><Reference type="Texte de référence" URL="https://www.legifrance.gouv.fr/codes/section_lc/LEGITEXT000025503132/LEGISCTA000029655365" ID="R41537"><Titre>Code de la sécurité intérieure : articles R314-1 à R314-4</Titre><Complement>Conservation des armes</Complement></Reference><Reference type="Texte de référence" URL="https://www.legifrance.gouv.fr/loda/id/JORFTEXT000045141244" ID="R61700"><Titre>Décret n° 2022-144 du 8 février 2022 relatif au compte individualisé des détenteurs d'armes dans le système d'information sur les armes (SIA) et aux procédures relatives aux armes</Titre></Reference><Reference type="Texte de référence" URL="https://www.legifrance.gouv.fr/loda/id/JORFTEXT000048010985" ID="R65805"><Titre>Arrêté du 29 août 2023 relatif notamment au classement d'armes et à l'entrée en vigueur de dispositions du code de la sécurité intérieure à la suite du décret n° 2023-557 du 3 juillet 2023</Titre></Reference><Reference type="Texte de référence" URL="https://www.legifrance.gouv.fr/loda/id/JORFTEXT000045141682" ID="R61701"><Titre>Arrêté du 8 février 2022 portant application de l'article R. 312-91 du code de la sécurité intérieure et de l'article 8 du décret n° 2022-144 du 8 février 2022 - compte détenteurs d'armes dans le SIA</Titre></Reference><Reference type="Texte de référence" URL="https://www.legifrance.gouv.fr/loda/id/JORFTEXT000038088599" ID="R56071"><Titre>Arrêté du 28 janvier 2019 relatif aux armes à feu neutralisées</Titre></Reference><Reference type="Texte de référence" URL="https://www.legifrance.gouv.fr/loda/id/LEGITEXT000023448117" ID="R63168"><Titre>Arrêté du 30 avril 2001 relatif au classement de certaines armes et munitions - application du décret n°95-589 du 6 mai 1995</Titre></Reference><Reference type="Texte de référence" URL="https://www.legifrance.gouv.fr/loda/id/JORFTEXT000000393701" ID="R65793"><Titre>Arrêté du 11 mars 1999 relatif au classement d'une arme et de sa munition en application du 3° du III de l'article R. 311-2 du code de la sécurité intérieure</Titre></Reference><ServiceEnLigne ID="R61698" URL="https://sia.detenteurs.interieur.gouv.fr" audience="Particuliers" type="Téléservice"><Titre>Système d'information sur les armes (SIA) - Espace détenteurs</Titre><Source ID="R30603">Ministère chargé de l'intérieur</Source><NoticeLiee ID="R61699" URL="https://sia.detenteurs.interieur.gouv.fr/auth/resources/62lqv/login/portail-detenteurs/pdf/Parcours_cr%C3%A9ation_de_compte.pdf" type="Notice" format="application/pdf">Système d'information sur les armes (SIA) : guide utilisateurs de l'espace détenteur</NoticeLiee></ServiceEnLigne><ServiceEnLigne ID="R1501" URL="https://www.formulaires.service-public.fr/gf/cerfa_12650.do" audience="Particuliers" format="application/pdf" poids="192.4 KB" numerocerfa="12650*05" type="Formulaire"><Titre>Arme de catégorie C - Déclaration d'acquisition, vente, cession ou mise en possession</Titre><Source ID="R30603">Ministère chargé de l'intérieur</Source></ServiceEnLigne><Definition ID="R12506"><Titre>Autorité parentale</Titre><Texte><Paragraphe>Ensemble de droits et de devoirs ayant pour finalité l'intérêt de l'enfant. Elle appartient aux parents ou à une tierce personne sur décision du juge, jusqu'à la majorité ou l'émancipation de l'enfant. Elle sert à protéger l'enfant dans sa sécurité, sa santé et sa moralité, pour assurer son éducation et permettre son développement, dans le respect dû à sa personne.</Paragraphe></Texte></Definition><Definition ID="R58475"><Titre>Pontet (arme à feu)</Titre><Texte><Paragraphe>Partie métallique qui protège la détente</Paragraphe></Texte></Definition><Definition ID="R2515"><Titre>Peine complémentaire</Titre><Texte><Paragraphe>Sanction qui peut s'ajouter à une peine principale de prison ou d'amende. Exemples : privation des droits civiques (droit de vote et éligibilité...), obligation de soins, retrait du permis de conduire.</Paragraphe></Texte></Definition><Abreviation ID="R51442" type="Sigle"><Titre>FINIADA</Titre><Texte><Paragraphe>fichier national des interdits d'acquisition et de détention d'armes</Paragraphe></Texte></Abreviation><Abreviation ID="R61712" type="Sigle"><Titre>SIA</Titre><Texte><Paragraphe>Système d'information sur les armes</Paragraphe></Texte></Abreviation><QuestionReponse ID="F31664" audience="Particuliers"><Titre>Arme surclassée : comment régulariser votre situation ?</Titre></QuestionReponse><QuestionReponse ID="F31877" audience="Particuliers"><Titre>Armes : à quoi correspondent les différentes catégories ?</Titre></QuestionReponse><QuestionReponse ID="F33655" audience="Particuliers"><Titre>Collectionner des armes : quelles sont les règles ?</Titre></QuestionReponse><QuestionReponse ID="F33661" audience="Particuliers"><Titre>Détenir une arme pour le tir sportif : quelles sont les règles ?</Titre></QuestionReponse><QuestionReponse ID="F33639" audience="Particuliers"><Titre>En cas de risque professionnel, peut-on avoir une arme pour se défendre ?</Titre></QuestionReponse><QuestionReponse ID="F33658" audience="Particuliers"><Titre>Peut-on porter une arme pour se défendre (couteau, bombe lacrymogène...) ?</Titre></QuestionReponse><QuestionReponse ID="F11629" audience="Particuliers"><Titre>Comment faire si vous trouvez ou si vous héritez d'une arme ?</Titre></QuestionReponse><QuestionReponse ID="F2252" audience="Particuliers"><Titre>Qui peut porter et transporter une arme ?</Titre></QuestionReponse><QuestionReponse ID="F2253" audience="Particuliers"><Titre>Un mineur peut-il détenir une arme ?</Titre></QuestionReponse><QuestionReponse ID="F31661" audience="Particuliers"><Titre>Détention d'une arme : faut-il signaler son changement d'adresse ?</Titre></QuestionReponse><QuestionReponse ID="F2255" audience="Particuliers"><Titre>Que faire en cas de vol ou de perte d'une arme ?</Titre></QuestionReponse></Publication>