<?xml version="1.0" encoding="UTF-8"?><Publication xmlns:dc="http://purl.org/dc/elements/1.1/" xmlns:xsi="http://www.w3.org/2001/XMLSchema-instance" ID="F2310" type="Fiche d'information conditionnée" xsi:noNamespaceSchemaLocation="../Schemas/3.4/Publication.xsd" dateDerniereModificationImportante="2024-01-01T00:00:00" spUrl="https://www.service-public.fr/particuliers/vosdroits/F2310"><dc:title>Élu local salarié : absence et crédits d'heures</dc:title><dc:creator>Direction de l'information légale et administrative</dc:creator><dc:subject>Travail - Formation</dc:subject><dc:description>Tout salarié exerçant un mandat local peut bénéficier d'autorisations d'absence et d'un crédit d'heures permettant de remplir ses obligations d'élu.</dc:description><dc:publisher>Direction de l'information légale et administrative</dc:publisher><dc:contributor>Direction de l'information légale et administrative (Premier ministre)</dc:contributor><dc:date>modified 2024-01-01</dc:date><dc:type>Fiche pratique</dc:type><dc:format>text/xml</dc:format><dc:identifier>F2310</dc:identifier><dc:source>https://www.legifrance.gouv.fr/codes/id/LEGISCTA000006192258, https://www.legifrance.gouv.fr/codes/id/LEGISCTA000006192354, https://www.legifrance.gouv.fr/codes/id/LEGISCTA000006192385</dc:source><dc:language>Fr</dc:language><dc:relation>isPartOf N510</dc:relation><dc:coverage>France entière</dc:coverage><dc:rights>https://www.service-public.fr/a-propos/mentions-legales</dc:rights><SurTitre>Fiche pratique</SurTitre><Audience>Particuliers</Audience><Canal>www.service-public.fr</Canal><FilDAriane><Niveau ID="Particuliers">Accueil particuliers</Niveau><Niveau ID="N19806">Travail - Formation</Niveau><Niveau ID="N510">Congés dans le secteur privé</Niveau><Niveau ID="F2310" type="Fiche d'information conditionnée">Élu local salarié : absence et crédits d'heures</Niveau></FilDAriane><Theme ID="N19806"><Titre>Travail - Formation</Titre></Theme><SousThemePere ID="N19964">Congés</SousThemePere><DossierPere ID="N510"><Titre>Congés dans le secteur privé</Titre><SousDossier ID="N510-1"><Titre>Jours non travaillés</Titre><Fiche ID="F2258">Congés payés</Fiche><Fiche ID="F2405">Jours fériés et ponts</Fiche><Fiche ID="F34151">Réduction du temps de travail (RTT)</Fiche></SousDossier><SousDossier ID="N510-2"><Titre>Congés liés à l'arrivée d'un enfant</Titre><Fiche ID="F2265">Congé maternité</Fiche><Fiche ID="F3156">Congé de paternité et d'accueil de l'enfant</Fiche><Fiche ID="F35002">Congé en cas d'hospitalisation immédiate de l'enfant après sa naissance</Fiche><Fiche ID="F2268">Congé d'adoption</Fiche><Fiche ID="F2266">Congé de 3 jours pour naissance ou adoption</Fiche><Fiche ID="F2280">Congé parental à temps plein</Fiche></SousDossier><SousDossier ID="N510-3"><Titre>Congés pour maladie, handicap ou dépendance d'un membre de la famille</Titre><Fiche ID="F151">Congé pour enfant malade</Fiche><Fiche ID="F1631">Congé de présence parentale</Fiche><Fiche ID="F16920">Congé de proche aidant</Fiche><Fiche ID="F1767">Congé de solidarité familiale</Fiche><Fiche ID="F706">Allocation journalière d'accompagnement d'une personne en fin de vie</Fiche><Fiche ID="F34158">Survenue du handicap d'un enfant</Fiche><Fiche ID="F32112">Don de jours de repos pour enfant gravement malade</Fiche><Fiche ID="F35312">Don de jours de repos à un salarié dont l'enfant est décédé</Fiche></SousDossier><SousDossier ID="N510-4"><Titre>Exercice d'une autre activité</Titre><Fiche ID="F2382">Création ou reprise d'entreprise</Fiche><Fiche ID="F2310">Exercice d'un mandat politique local</Fiche></SousDossier><SousDossier ID="N510-5"><Titre>Congés spécifiques</Titre><Fiche ID="F34154">Mariage ou Pacs</Fiche><Fiche ID="F35134">Mariage de son enfant</Fiche><Fiche ID="F2278">Décès d'un membre de sa famille</Fiche><Fiche ID="F2381">Congé sabbatique</Fiche></SousDossier></DossierPere><SousDossierPere>Exercice d'une autre activité</SousDossierPere><Introduction><Texte><Paragraphe>Le salarié exerçant un mandat local peut bénéficier d'autorisations d'absence et d'un crédit d'heures lui permettant de remplir ses obligations d'élu. Ces droits varient en fonction du mandat du salarié (élu municipal, départemental ou régional).</Paragraphe></Texte></Introduction><ListeSituations affichage="onglet"><Situation><Titre>Élu municipal</Titre><Texte><Paragraphe>L'employeur est tenu de laisser au salarié de son entreprise membre d'un conseil municipal le temps nécessaire pour exercer son mandat.</Paragraphe><Paragraphe>Indépendamment des autorisations d'absence dont ils bénéficient, les maires, les adjoints et les conseillers municipaux ont droit à un crédit d'heures leur permettant de disposer du temps nécessaire à l'administration de la commune.</Paragraphe><Chapitre><Titre><Paragraphe>Absences autorisées</Paragraphe></Titre><SousChapitre><Titre><Paragraphe>Objet</Paragraphe></Titre><Paragraphe>Les autorisations d'absence du salarié sont prévues pour se rendre et participer aux réunions suivantes :</Paragraphe><Liste type="puce"><Item><Paragraphe>Séances plénières du conseil municipal</Paragraphe></Item><Item><Paragraphe>Réunions des commissions dont il est membre</Paragraphe></Item><Item><Paragraphe>Réunions des assemblées délibérantes et des bureaux des organismes où il a été désigné pour représenter la commune</Paragraphe></Item></Liste></SousChapitre><SousChapitre><Titre><Paragraphe>Durée</Paragraphe></Titre><Paragraphe>La durée des absences n'est pas définie par avance. Le salarié doit bénéficier du temps nécessaire pour se rendre et participer aux réunions et séances auxquelles il est convié.</Paragraphe></SousChapitre><SousChapitre><Titre><Paragraphe>Démarches</Paragraphe></Titre><Paragraphe>Le salarié doit informer par écrit son employeur dès qu'il a connaissance de la date et de la durée de l'absence envisagée pour se rendre et participer aux séances et réunions auxquelles il est convié.</Paragraphe></SousChapitre><SousChapitre><Titre><Paragraphe>Situation du salarié</Paragraphe></Titre><Paragraphe>L'employeur n'a pas l'obligation de rémunérer les temps d'absence du salarié.</Paragraphe><Paragraphe>Les pertes de revenu subies par le salarié élu municipal qui ne bénéficie pas d'indemnités de fonction peuvent être compensées par la commune.</Paragraphe><Paragraphe>Cette compensation est limitée à 72 heures par an. Chaque heure est rémunérée à un montant maximum de <Valeur>17,48 €</Valeur>.</Paragraphe><Paragraphe>Ce temps d'absence est assimilé à une période de <LienIntra LienID="R32095" type="Définition de glossaire">travail effectif</LienIntra>. Il est pris en compte pour le calcul de l'ancienneté et des droits à congés payés.</Paragraphe><Paragraphe>Le salarié absent durant son mandat d'élu ne peut pas être sanctionné (licenciement, déclassement professionnel ou sanction disciplinaire).</Paragraphe></SousChapitre><SousChapitre><Titre><Paragraphe>Absence pour participer à une campagne éléctorale</Paragraphe></Titre><Paragraphe>Le salarié candidat à des élections peut bénéficier également d'une autorisation d'absence pour participer à la campagne électorale.</Paragraphe><Paragraphe><MiseEnEvidence>Conditions</MiseEnEvidence></Paragraphe><Paragraphe>Le salarié doit être candidat à un mandat local.</Paragraphe><Paragraphe>Aucune condition d'ancienneté du salarié n'est exigée.</Paragraphe><Paragraphe><MiseEnEvidence>Durée</MiseEnEvidence></Paragraphe><Paragraphe>Le nombre de <LienIntra LienID="R17508" type="Définition de glossaire">jours ouvrables</LienIntra> d'absence autorisés est fixé à <MiseEnEvidence>10</MiseEnEvidence>.</Paragraphe><Paragraphe><MiseEnEvidence>Démarches</MiseEnEvidence></Paragraphe><Paragraphe>Le salarié avertit son employeur 24 heures au moins avant le début de chaque absence (par écrit ou par oral). L'employeur ne peut pas refuser la demande d'absence du salarié, sauf si le délai de 24 heures n'est pas respecté.</Paragraphe><Paragraphe><MiseEnEvidence>Situation du salarié</MiseEnEvidence></Paragraphe><Paragraphe>Si le salarié le demande, la durée de ses absences peut être décomptée des congés payés, dans la limite des droits acquis à ce titre à la date du premier tour de scrutin.</Paragraphe><Paragraphe>Lorsqu'elles ne sont pas décomptées des congés payés, les absences ne sont pas rémunérées. Dans ce cas, elles peuvent donner lieu à récupération, en accord avec l'employeur.</Paragraphe><Paragraphe>Les jours d'absence, <MiseEnEvidence>payés ou non</MiseEnEvidence>, pour participation à une campagne électorale sont assimilés à une période de <LienIntra LienID="R32095" type="Définition de glossaire">travail effectif</LienIntra>. Ils sont pris en compte pour le calcul de l'ancienneté et des droits à congés payés.</Paragraphe></SousChapitre></Chapitre><Chapitre><Titre><Paragraphe>Crédit d'heures</Paragraphe></Titre><SousChapitre><Titre><Paragraphe>Bénéficiaires</Paragraphe></Titre><Paragraphe>Le salarié élu municipal bénéficie d'un crédit d'heures, qui peut être utilisé pour :</Paragraphe><Liste type="puce"><Item><Paragraphe>la gestion administrative de la commune ou de l'organisme auprès duquel il la représente</Paragraphe></Item><Item><Paragraphe>la préparation des réunions des instances où il siège</Paragraphe></Item></Liste></SousChapitre><SousChapitre><Titre><Paragraphe>Durée</Paragraphe></Titre><Paragraphe>La durée du crédit d'heures autorisé varie selon les fonctions exercées et la taille de la commune, dans les conditions suivantes :</Paragraphe><Tableau><Titre>Durée du crédit d'heures, par trimestre, selon les fonctions du salarié élu municipal</Titre><Colonne largeur="19" type="header"/><Colonne largeur="36" type="normal"/><Colonne largeur="38" type="normal"/><Rangée type="header"><Cellule><Paragraphe>Fonctions de l'élu</Paragraphe></Cellule><Cellule><Paragraphe>Taille de la commune</Paragraphe></Cellule><Cellule><Paragraphe>Durée légale du crédit d'heures (par trimestre)</Paragraphe></Cellule></Rangée><Rangée type="normal"><Cellule fusionVerticale="5"><Paragraphe>Conseiller municipal</Paragraphe></Cellule><Cellule><Paragraphe>Moins de 3 500 habitants</Paragraphe></Cellule><Cellule><Paragraphe>10 heures 30</Paragraphe></Cellule></Rangée><Rangée type="normal"><Cellule><Paragraphe>Entre 3 500 habitants et 9 999 habitants</Paragraphe></Cellule><Cellule><Paragraphe>10 heures 30</Paragraphe></Cellule></Rangée><Rangée type="normal"><Cellule><Paragraphe>Entre 10 000 et 29 999 habitants</Paragraphe></Cellule><Cellule><Paragraphe>21 heures</Paragraphe></Cellule></Rangée><Rangée type="normal"><Cellule><Paragraphe>Entre 30 000 et 99 999 habitants</Paragraphe></Cellule><Cellule><Paragraphe>35 heures</Paragraphe></Cellule></Rangée><Rangée type="normal"><Cellule><Paragraphe>100 000 habitants ou plus</Paragraphe></Cellule><Cellule><Paragraphe>70 heures</Paragraphe></Cellule></Rangée><Rangée type="normal"><Cellule fusionVerticale="3"><Paragraphe>Adjoint au maire</Paragraphe></Cellule><Cellule><Paragraphe>Moins de 10 000 habitants</Paragraphe></Cellule><Cellule><Paragraphe>70 heures</Paragraphe></Cellule></Rangée><Rangée type="normal"><Cellule><Paragraphe>Entre 10 000 et 29 999 habitants</Paragraphe></Cellule><Cellule><Paragraphe>122 heures 30</Paragraphe></Cellule></Rangée><Rangée type="normal"><Cellule><Paragraphe>30 000 habitants ou plus</Paragraphe></Cellule><Cellule><Paragraphe>140 heures</Paragraphe></Cellule></Rangée><Rangée type="normal"><Cellule fusionVerticale="2"><Paragraphe>Maire</Paragraphe></Cellule><Cellule><Paragraphe>Moins de 10 000 habitants</Paragraphe></Cellule><Cellule><Paragraphe>122 heures 30</Paragraphe></Cellule></Rangée><Rangée type="normal"><Cellule><Paragraphe>10 000 habitants ou plus</Paragraphe></Cellule><Cellule><Paragraphe>140 heures</Paragraphe></Cellule></Rangée></Tableau><Paragraphe>En cas de travail à temps partiel, ce crédit d'heures est réduit proportionnellement à la réduction du temps de travail prévue pour l'emploi considéré.</Paragraphe><Paragraphe>Les heures non utilisées ne sont pas reportées d'un trimestre à l'autre.</Paragraphe><Paragraphe>La durée cumulée des absences autorisées et du crédit d'heures ne doit pas dépasser <MiseEnEvidence>803 heures 30 par an</MiseEnEvidence>.</Paragraphe><ANoter><Titre>À noter</Titre><Paragraphe>le crédit d'heures peut être majoré de 30% maximum, notamment dans les communes chefs-lieux de département et d'arrondissement ou classées stations de tourisme ou sinistrées.</Paragraphe></ANoter></SousChapitre><SousChapitre><Titre><Paragraphe>Démarche</Paragraphe></Titre><Paragraphe>Le salarié informe son employeur par écrit <MiseEnEvidence>3 jours</MiseEnEvidence> au moins avant son absence. Cet écrit doit comporter les éléments suivants :</Paragraphe><Liste type="puce"><Item><Paragraphe>Date et durée de l'absence envisagée</Paragraphe></Item><Item><Paragraphe>Durée du crédit d'heures à laquelle il a encore droit au titre du trimestre en cours</Paragraphe></Item></Liste><Paragraphe>L'employeur ne peut pas refuser ou reporter la demande du salarié, sauf s'il dépasse la durée totale d'absence autorisée (crédit d'heures et autorisations d'absence cumulées) de <MiseEnEvidence>803 heures 30 par an</MiseEnEvidence>.</Paragraphe></SousChapitre><SousChapitre><Titre><Paragraphe>Situation du salarié</Paragraphe></Titre><Paragraphe>L'employeur n'a pas l'obligation de rémunérer les temps d'absence du salarié.</Paragraphe><Paragraphe>Les pertes de revenu subies par le salarié élu municipal qui ne bénéficie pas d'indemnités de fonction peuvent être compensées par la commune.</Paragraphe><Paragraphe>Cette compensation est limitée à 72 heures par an. Chaque heure est rémunérée à un montant maximum de <Valeur>17,48 €</Valeur>.</Paragraphe><Paragraphe>Ce temps d'absence est assimilé à une période de <LienIntra LienID="R32095" type="Définition de glossaire">travail effectif</LienIntra>. Il est pris en compte pour le calcul de l'ancienneté et des droits à congés payés.</Paragraphe><Paragraphe>Le salarié absent durant son mandat d'élu ne peut pas être sanctionné (licenciement, déclassement professionnel ou sanction disciplinaire).</Paragraphe></SousChapitre></Chapitre></Texte></Situation><Situation><Titre>Élu départemental</Titre><Texte><Paragraphe>L'employeur est tenu de laisser à tout salarié de son entreprise membre d'un conseil départemental le temps nécessaire pour exercer son mandat.</Paragraphe><Paragraphe>Indépendamment des autorisations d'absence dont ils bénéficient, les présidents et les conseillers départementaux ont droit à un crédit d'heures leur permettant de disposer du temps nécessaire à l'administration du département.</Paragraphe><Chapitre><Titre><Paragraphe>Absences autorisées</Paragraphe></Titre><SousChapitre><Titre><Paragraphe>Objet</Paragraphe></Titre><Paragraphe>Les autorisations d'absence du salarié sont prévues pour se rendre et participer aux :</Paragraphe><Liste type="puce"><Item><Paragraphe>séances plénières du conseil départemental</Paragraphe></Item><Item><Paragraphe>réunions des commissions dont il est membre</Paragraphe></Item><Item><Paragraphe>réunions des assemblées délibérantes et des bureaux des organismes où il a été désigné pour représenter le département</Paragraphe></Item></Liste></SousChapitre><SousChapitre><Titre><Paragraphe>Durée</Paragraphe></Titre><Paragraphe>La durée des absences n'est pas définie par avance. Le salarié doit bénéficier du temps nécessaire pour se rendre et participer aux réunions et séances auxquelles il est convié.</Paragraphe></SousChapitre><SousChapitre><Titre><Paragraphe>Démarche</Paragraphe></Titre><Paragraphe>Le salarié doit informer par écrit son employeur dès qu'il a connaissance de la date et de la durée de l'absence envisagée pour se rendre et participer aux séances et réunions auxquelles il est convié.</Paragraphe></SousChapitre><SousChapitre><Titre><Paragraphe>Situation du salarié</Paragraphe></Titre><Paragraphe>L'employeur n'est pas tenu de rémunérer les temps d'absence du salarié.</Paragraphe><Paragraphe>Les pertes de revenu subies par le salarié élu départemental qui ne bénéficie pas d'indemnités de fonction peuvent être compensées par le département.</Paragraphe><Paragraphe>Cette compensation est limitée à 72 heures par an. Chaque heure est rémunérée à un montant maximum de <Valeur>17,48 €</Valeur>.</Paragraphe><Paragraphe>Ce temps d'absence est assimilé à une période de <LienIntra LienID="R32095" type="Définition de glossaire">travail effectif</LienIntra>. Il est pris en compte pour le calcul de l'ancienneté et des droits à congés payés.</Paragraphe><Paragraphe>Le salarié absent durant son mandat d'élu ne peut pas être sanctionné (licenciement, déclassement professionnel ou sanction disciplinaire).</Paragraphe></SousChapitre><SousChapitre><Titre><Paragraphe>Absence pour participer à une campagne éléctorale</Paragraphe></Titre><Paragraphe>Le salarié candidat à des élections peut bénéficier également d'une autorisation d'absence pour participer à la campagne électorale.</Paragraphe><Paragraphe><MiseEnEvidence>Conditions</MiseEnEvidence></Paragraphe><Paragraphe>Le salarié doit être candidat à un mandat local.</Paragraphe><Paragraphe>Aucune condition d'ancienneté du salarié n'est exigée.</Paragraphe><Paragraphe><MiseEnEvidence>Durée</MiseEnEvidence></Paragraphe><Paragraphe>Le nombre de <LienIntra LienID="R17508" type="Définition de glossaire">jours ouvrables</LienIntra> d'absence autorisés est fixé à <MiseEnEvidence>10</MiseEnEvidence>.</Paragraphe><Paragraphe><MiseEnEvidence>Démarches</MiseEnEvidence></Paragraphe><Paragraphe>Le salarié avertit son employeur 24 heures au moins avant le début de chaque absence (par écrit ou par oral). L'employeur ne peut pas refuser la demande d'absence du salarié, sauf si le délai de 24 heures n'est pas respecté.</Paragraphe><Paragraphe><MiseEnEvidence>Situation du salarié</MiseEnEvidence></Paragraphe><Paragraphe>Si le salarié le demande, la durée de ses absences peut être décomptée des congés payés, dans la limite des droits acquis à ce titre à la date du premier tour de scrutin.</Paragraphe><Paragraphe>Lorsqu'elles ne sont pas décomptées des congés payés, les absences ne sont pas rémunérées. Dans ce cas, elles peuvent donner lieu à récupération, en accord avec l'employeur.</Paragraphe><Paragraphe>Les jours d'absence, <MiseEnEvidence>payés ou non</MiseEnEvidence>, pour participation à une campagne électorale sont assimilés à une période de <LienIntra LienID="R32095" type="Définition de glossaire">travail effectif</LienIntra>. Ils sont pris en compte pour le calcul de l'ancienneté et des droits à congés payés.</Paragraphe></SousChapitre></Chapitre><Chapitre><Titre><Paragraphe>Crédit d'heures</Paragraphe></Titre><SousChapitre><Titre><Paragraphe>Bénéficiaires</Paragraphe></Titre><Paragraphe>Le salarié élu départemental bénéficie d'un crédit d'heures, qui peut être utilisé pour :</Paragraphe><Liste type="puce"><Item><Paragraphe>la gestion administrative du département ou de l'organisme auprès duquel il le représente</Paragraphe></Item><Item><Paragraphe>la préparation des réunions des instances où il siège</Paragraphe></Item></Liste></SousChapitre><SousChapitre><Titre><Paragraphe>Durée</Paragraphe></Titre><Paragraphe>La durée du crédit d'heures autorisé varie selon les fonctions exercées, dans les conditions suivantes :</Paragraphe><Tableau><Titre>Durée du crédit d'heures, par trimestre, selon les fonctions du salarié élu départemental</Titre><Colonne largeur="50" type="normal"/><Colonne largeur="50" type="normal"/><Rangée type="header"><Cellule><Paragraphe>Fonctions de l'élu</Paragraphe></Cellule><Cellule><Paragraphe>Durée légale du crédit d'heures (par trimestre)</Paragraphe></Cellule></Rangée><Rangée type="normal"><Cellule><Paragraphe>Conseiller départemental</Paragraphe></Cellule><Cellule><Paragraphe>105 heures</Paragraphe></Cellule></Rangée><Rangée type="normal"><Cellule><Paragraphe>Président ou vice-président du conseil départemental</Paragraphe></Cellule><Cellule><Paragraphe>140 heures</Paragraphe></Cellule></Rangée></Tableau><Paragraphe>En cas de travail à temps partiel, ce crédit d'heures est réduit proportionnellement à la réduction du temps de travail prévue pour l'emploi considéré.</Paragraphe><Paragraphe>Les heures non utilisées ne sont pas reportées d'un trimestre à l'autre.</Paragraphe><Paragraphe>La durée cumulée des absences autorisées et du crédit d'heures ne doit pas dépasser <MiseEnEvidence>803 heures 30 par an</MiseEnEvidence>.</Paragraphe></SousChapitre><SousChapitre><Titre><Paragraphe>Démarches</Paragraphe></Titre><Paragraphe>Le salarié informe son employeur par écrit <MiseEnEvidence>3 jours</MiseEnEvidence> au moins avant son absence. Cet écrit doit comporter les éléments suivants :</Paragraphe><Liste type="puce"><Item><Paragraphe>Date et durée de l'absence envisagée</Paragraphe></Item><Item><Paragraphe>Durée du crédit d'heures à laquelle il a encore droit au titre du trimestre en cours</Paragraphe></Item></Liste><Paragraphe>L'employeur ne peut pas refuser ou reporter la demande du salarié, sauf s'il dépasse la durée totale d'absence autorisée (crédit d'heures et autorisations d'absence cumulées) de <MiseEnEvidence>803 heures 30 par an</MiseEnEvidence>.</Paragraphe></SousChapitre><SousChapitre><Titre><Paragraphe>Situation du salarié</Paragraphe></Titre><Paragraphe>L'employeur n'est pas tenu de rémunérer les temps d'absence du salarié.</Paragraphe><Paragraphe>Les pertes de revenu subies par le salarié élu départemental qui ne bénéficie pas d'indemnités de fonction peuvent être compensées par le département.</Paragraphe><Paragraphe>Cette compensation est limitée à 72 heures par an. Chaque heure est rémunérée à un montant maximum de <Valeur>17,48 €</Valeur>.</Paragraphe><Paragraphe>Ce temps d'absence est assimilé à une période de <LienIntra LienID="R32095" type="Définition de glossaire">travail effectif</LienIntra>. Il est pris en compte pour le calcul de l'ancienneté et des droits à congés payés.</Paragraphe><Paragraphe>Le salarié absent durant son mandat d'élu ne peut pas être sanctionné (licenciement, déclassement professionnel ou sanction disciplinaire).</Paragraphe></SousChapitre></Chapitre></Texte></Situation><Situation><Titre>Élu régional</Titre><Introduction><Texte><Paragraphe>L'employeur est tenu de laisser à tout salarié de son entreprise membre d'un conseil régional le temps nécessaire pour exercer son mandat. Indépendamment des autorisations d'absence dont ils bénéficient, les présidents et les conseillers régionaux ont droit à un crédit d'heures leur permettant de disposer du temps nécessaire à l'administration de la région.</Paragraphe></Texte></Introduction><Texte><Chapitre><Titre><Paragraphe>Absences autorisées</Paragraphe></Titre><SousChapitre><Titre><Paragraphe>Objet</Paragraphe></Titre><Paragraphe>Les autorisations d'absence du salarié sont prévues pour se rendre et participer aux :</Paragraphe><Liste type="puce"><Item><Paragraphe>séances plénières du conseil régional</Paragraphe></Item><Item><Paragraphe>réunions des commissions dont il est membre</Paragraphe></Item><Item><Paragraphe>réunions des assemblées délibérantes et des bureaux des organismes où il a été désigné pour représenter la région</Paragraphe></Item></Liste></SousChapitre><SousChapitre><Titre><Paragraphe>Durée</Paragraphe></Titre><Paragraphe>La durée des absences n'est pas définie par avance. Le salarié doit bénéficier du temps nécessaire pour se rendre et participer aux réunions et séances auxquelles il est convié.</Paragraphe></SousChapitre><SousChapitre><Titre><Paragraphe>Démarche</Paragraphe></Titre><Paragraphe>Le salarié doit informer par écrit son employeur dès qu'il a connaissance de la date et de la durée de l'absence envisagée pour se rendre et participer aux séances et réunions auxquelles il est convié.</Paragraphe></SousChapitre><SousChapitre><Titre><Paragraphe>Situation du salarié</Paragraphe></Titre><Paragraphe>L'employeur n'est pas tenu de rémunérer les temps d'absence du salarié.</Paragraphe><Paragraphe>Les pertes de revenu subies par le salarié élu régional qui ne bénéficie pas d'indemnités de fonction peuvent être compensées par la région.</Paragraphe><Paragraphe>Cette compensation est limitée à 72 heures par an. Chaque heure est rémunérée à un montant maximum de <Valeur>17,48 €</Valeur>.</Paragraphe><Paragraphe>Ce temps d'absence est assimilé à une période de <LienIntra LienID="R32095" type="Définition de glossaire">travail effectif</LienIntra>. Il est pris en compte pour le calcul de l'ancienneté et des droits à congés payés.</Paragraphe><Paragraphe>Le salarié absent durant son mandat d'élu ne peut pas être sanctionné (licenciement, déclassement professionnel ou sanction disciplinaire).</Paragraphe></SousChapitre><SousChapitre><Titre><Paragraphe>Absence pour participer à une campagne éléctorale</Paragraphe></Titre><Paragraphe>Le salarié candidat à des élections peut bénéficier également d'une autorisation d'absence pour participer à la campagne électorale.</Paragraphe><Paragraphe><MiseEnEvidence>Conditions</MiseEnEvidence></Paragraphe><Paragraphe>Le salarié doit être candidat à un mandat local.</Paragraphe><Paragraphe>Aucune condition d'ancienneté du salarié n'est exigée.</Paragraphe><Paragraphe><MiseEnEvidence>Durée</MiseEnEvidence></Paragraphe><Paragraphe>Le nombre de <LienIntra LienID="R17508" type="Définition de glossaire">jours ouvrables</LienIntra> d'absence autorisés est fixé à <MiseEnEvidence>10</MiseEnEvidence>.</Paragraphe><Paragraphe><MiseEnEvidence>Démarches</MiseEnEvidence></Paragraphe><Paragraphe>Le salarié avertit son employeur 24 heures au moins avant le début de chaque absence (par écrit ou par oral). L'employeur ne peut pas refuser la demande d'absence du salarié, sauf si le délai de 24 heures n'est pas respecté.</Paragraphe><Paragraphe><MiseEnEvidence>Situation du salarié</MiseEnEvidence></Paragraphe><Paragraphe>Si le salarié le demande, la durée de ses absences peut être décomptée des congés payés, dans la limite des droits acquis à ce titre à la date du premier tour de scrutin.</Paragraphe><Paragraphe>Lorsqu'elles ne sont pas décomptées des congés payés, les absences ne sont pas rémunérées. Dans ce cas, elles peuvent donner lieu à récupération, en accord avec l'employeur.</Paragraphe><Paragraphe>Les jours d'absence, <MiseEnEvidence>payés ou non</MiseEnEvidence>, pour participation à une campagne électorale sont assimilés à une période de <LienIntra LienID="R32095" type="Définition de glossaire">travail effectif</LienIntra>. Ils sont pris en compte pour le calcul de l'ancienneté et des droits à congés payés.</Paragraphe></SousChapitre></Chapitre><Chapitre><Titre><Paragraphe>Crédit d'heures</Paragraphe></Titre><SousChapitre><Titre><Paragraphe>Bénéficiaires</Paragraphe></Titre><Paragraphe>Le salarié élu régional bénéficie d'un crédit d'heures, qui peut être utilisé pour :</Paragraphe><Liste type="puce"><Item><Paragraphe>la gestion administrative de la région ou de l'organisme auprès duquel il la représente,</Paragraphe></Item><Item><Paragraphe>la préparation des réunions des instances où il siège.</Paragraphe></Item></Liste></SousChapitre><SousChapitre><Titre><Paragraphe>Durée</Paragraphe></Titre><Paragraphe>La durée du crédit d'heures autorisé varie selon les fonctions exercées, dans les conditions suivantes :</Paragraphe><Tableau><Titre>Durée du crédit d'heures, par trimestre, selon les fonctions du salarié élu régional</Titre><Colonne largeur="50" type="normal"/><Colonne largeur="50" type="normal"/><Rangée type="header"><Cellule><Paragraphe>Fonctions de l'élu</Paragraphe></Cellule><Cellule><Paragraphe>Durée légale du crédit d'heures (par trimestre)</Paragraphe></Cellule></Rangée><Rangée type="normal"><Cellule><Paragraphe>Conseiller régional</Paragraphe></Cellule><Cellule><Paragraphe>105 heures</Paragraphe></Cellule></Rangée><Rangée type="normal"><Cellule><Paragraphe>Président ou vice-président du conseil régional</Paragraphe></Cellule><Cellule><Paragraphe>140 heures</Paragraphe></Cellule></Rangée></Tableau><Paragraphe>En cas de travail à temps partiel, ce crédit d'heures est réduit proportionnellement à la réduction du temps de travail prévue pour l'emploi considéré.</Paragraphe><Paragraphe>Les heures non utilisées ne sont pas reportées d'un trimestre à l'autre.</Paragraphe><Paragraphe>La durée cumulée des absences autorisées et du crédit d'heures ne doit pas dépasser <MiseEnEvidence>803 heures 30 par an</MiseEnEvidence>.</Paragraphe></SousChapitre><SousChapitre><Titre><Paragraphe>Démarche</Paragraphe></Titre><Paragraphe>Le salarié informe son employeur par écrit <MiseEnEvidence>3 jours</MiseEnEvidence> au moins avant son absence. Cet écrit doit comporter les éléments suivants :</Paragraphe><Liste type="puce"><Item><Paragraphe>Date et durée de l'absence envisagée</Paragraphe></Item><Item><Paragraphe>Durée du crédit d'heures à laquelle il a encore droit au titre du trimestre en cours</Paragraphe></Item></Liste><Paragraphe>L'employeur ne peut pas refuser ou reporter la demande du salarié, sauf s'il dépasse la durée totale d'absence autorisée (crédit d'heures et autorisations d'absence cumulées) de <MiseEnEvidence>803 heures 30 par an</MiseEnEvidence>.</Paragraphe></SousChapitre><SousChapitre><Titre><Paragraphe>Situation du salarié</Paragraphe></Titre><Paragraphe>L'employeur n'est pas tenu de rémunérer les temps d'absence du salarié.</Paragraphe><Paragraphe>Les pertes de revenu subies par le salarié élu régional qui ne bénéficie pas d'indemnités de fonction peuvent être compensées par la région.</Paragraphe><Paragraphe>Cette compensation est limitée à 72 heures par an. Chaque heure est rémunérée à un montant maximum de <Valeur>17,48 €</Valeur>.</Paragraphe><Paragraphe>Ce temps d'absence est assimilé à une période de <LienIntra LienID="R32095" type="Définition de glossaire">travail effectif</LienIntra>. Il est pris en compte pour le calcul de l'ancienneté et des droits à congés payés.</Paragraphe><Paragraphe>Le salarié absent durant son mandat d'élu ne peut pas être sanctionné (licenciement, déclassement professionnel ou sanction disciplinaire).</Paragraphe></SousChapitre></Chapitre></Texte></Situation></ListeSituations><Reference type="Texte de référence" URL="https://www.legifrance.gouv.fr/codes/id/LEGISCTA000006192258" ID="R36133"><Titre>Code général des collectivités territoriales : articles L2123-1 à L2123-6</Titre><Complement>Élu d'un conseil municipal</Complement></Reference><Reference type="Texte de référence" URL="https://www.legifrance.gouv.fr/codes/id/LEGISCTA000006192354" ID="R36128"><Titre>Code général des collectivités territoriales : articles L3123-1 à L3123-4</Titre><Complement>Élu d'un conseil départemental</Complement></Reference><Reference type="Texte de référence" URL="https://www.legifrance.gouv.fr/codes/id/LEGISCTA000006192385" ID="R36130"><Titre>Code général des collectivités territoriales : articles L4135-1 à L4135-4</Titre><Complement>Élu d'un conseil régional</Complement></Reference><Definition ID="R32095"><Titre>Temps de travail effectif</Titre><Texte><Paragraphe>Temps pendant lequel un salarié ou un agent public est à la disposition de l'employeur ou de l'administration et se conforme à ses directives sans pouvoir vaquer librement à ses occupations personnelles</Paragraphe></Texte><Reference type="Texte de référence" URL="https://www.legifrance.gouv.fr/codes/article_lc/LEGIARTI000033020517" ID="R45052"><Titre>Code du travail : article L3121-1</Titre></Reference></Definition><Definition ID="R17508"><Titre>Jour ouvrable</Titre><Texte><Paragraphe>Correspond à tous les jours de la semaine, à l'exception du jour de repos hebdomadaire (généralement le dimanche) et des jours fériés habituellement non travaillés dans l'entreprise</Paragraphe></Texte></Definition><QuestionReponse ID="F32817" audience="Particuliers"><Titre>Quels sont les droits d'un salarié élu local qui continue de travailler ?</Titre></QuestionReponse><QuestionReponse ID="F879" audience="Particuliers"><Titre>Un salarié peut-il s'absenter pour participer à une campagne électorale ?</Titre></QuestionReponse></Publication>