<?xml version="1.0" encoding="UTF-8"?><Publication xmlns:dc="http://purl.org/dc/elements/1.1/" xmlns:xsi="http://www.w3.org/2001/XMLSchema-instance" ID="F2428" type="Fiche d'information conditionnée" xsi:noNamespaceSchemaLocation="../Schemas/3.4/Publication.xsd" spUrl="https://www.service-public.fr/particuliers/vosdroits/F2428"><dc:title>Vol de sa carte bancaire</dc:title><dc:creator>Direction de l'information légale et administrative</dc:creator><dc:subject>Argent - Impôts - Consommation</dc:subject><dc:description>Dès le vol de votre carte bancaire, vous devez immédiatement faire opposition sur carte bancaire.</dc:description><dc:publisher>Direction de l'information légale et administrative</dc:publisher><dc:contributor>Direction de l'information légale et administrative (Premier ministre)</dc:contributor><dc:date>modified 2023-08-03</dc:date><dc:type>Fiche pratique</dc:type><dc:format>text/xml</dc:format><dc:identifier>F2428</dc:identifier><dc:source>https://www.legifrance.gouv.fr/codes/id/LEGISCTA000020861605, https://www.legifrance.gouv.fr/codes/id/LEGISCTA000020861595, https://www.legifrance.gouv.fr/codes/id/LEGISCTA000020861593/2009-11-01</dc:source><dc:language>Fr</dc:language><dc:relation>isPartOf N91</dc:relation><dc:coverage>France entière</dc:coverage><dc:rights>https://www.service-public.fr/a-propos/mentions-legales</dc:rights><SurTitre>Fiche pratique</SurTitre><Audience>Particuliers</Audience><Canal>www.service-public.fr</Canal><Cible>Consommateur</Cible><FilDAriane><Niveau ID="Particuliers">Accueil particuliers</Niveau><Niveau ID="N19803">Argent - Impôts - Consommation</Niveau><Niveau ID="N91">Moyens de paiement</Niveau><Niveau ID="F2428" type="Fiche d'information conditionnée">Vol de sa carte bancaire</Niveau></FilDAriane><Theme ID="N19803"><Titre>Argent - Impôts - Consommation</Titre></Theme><SousThemePere ID="N20096">Banque</SousThemePere><DossierPere ID="N91"><Titre>Moyens de paiement</Titre><SousDossier ID="N91-1"><Titre>Carte bancaire</Titre><Fiche ID="F2420">Délivrance et retrait d'une carte</Fiche><Fiche ID="F2424">Paiement par carte</Fiche><Fiche ID="F31324">Fraude à la carte bancaire</Fiche><Fiche ID="F2428">Vol de sa carte bancaire</Fiche><Fiche ID="F31241">Perte de sa carte bancaire</Fiche></SousDossier><SousDossier ID="N91-2"><Titre>Chèque</Titre><Fiche ID="F2402">Paiement par chèque</Fiche><Fiche ID="F2409">Vol d'un chèque ou d'un chéquier</Fiche><Fiche ID="F37234">Perte d'un chèque ou d'un chéquier</Fiche><Fiche ID="F31388">Interdiction d'émettre des chèques</Fiche></SousDossier><SousDossier ID="N91-3"><Titre>Espèces</Titre><Fiche ID="F2421">Retrait d'espèces</Fiche><Fiche ID="F10999">Paiement en espèces</Fiche></SousDossier></DossierPere><SousDossierPere>Carte bancaire</SousDossierPere><RechercheGuideePere ID="F35460" audience="Particuliers"><Titre>Perceval</Titre></RechercheGuideePere><RechercheGuideePere ID="F47157" audience="Particuliers"><Titre>Arnaque sur internet</Titre></RechercheGuideePere><Introduction><Texte><Paragraphe>Vous vous êtes fait voler votre carte bancaire ? Vous devez immédiatement <LienIntra LienID="R55440" type="Définition de glossaire">faire opposition</LienIntra> sur votre carte. Il est également conseillé de porter plainte auprès des forces de l'ordre (police ou gendarmerie). Si votre vigilance n'est pas en cause, votre banque vous rembourse les sommes dépensées frauduleusement. En cas de difficultés pour obtenir le remboursement, vous pouvez saisir le médiateur bancaire et/ou la justice. Nous vous présentons les informations à connaître.</Paragraphe></Texte></Introduction><Texte><Chapitre numerote="true"><Titre><Paragraphe>Faire opposition sur votre carte</Paragraphe></Titre><BlocCas affichage="onglet"><Cas><Titre>Cas général</Titre><Paragraphe>Vous devez au plus vite <MiseEnEvidence>faire opposition</MiseEnEvidence>, c'est-à-dire bloquer l'utilisation de votre carte.</Paragraphe><Paragraphe>Pour cela, contactez votre banque ou appelez le serveur interbancaire réservé aux oppositions.</Paragraphe><OuSAdresser ID="R86" sve="non" type="Centre de contact"><Titre>Serveur interbancaire d'opposition à carte bancaire</Titre><Texte><Paragraphe>Permet de faire immédiatement opposition sur sa carte bancaire.</Paragraphe><Chapitre><Titre><Paragraphe>Par téléphone</Paragraphe></Titre><Paragraphe> <MiseEnEvidence>0 892 705 705</MiseEnEvidence></Paragraphe><Paragraphe>Ouvert 7 jours/7 et 24h/24.</Paragraphe><Paragraphe>Numéro violet ou majoré : coût d'un appel vers un numéro fixe +<MiseEnEvidence> service payant</MiseEnEvidence>, depuis un téléphone fixe ou mobile.</Paragraphe></Chapitre></Texte></OuSAdresser><Paragraphe>Un numéro d'enregistrement vous est remis.</Paragraphe><Paragraphe>Vous possédez ainsi une trace datée de votre demande d'opposition.</Paragraphe><Paragraphe>Si votre contrat de carte bancaire l'exige, vous devez avertir votre agence de votre démarche d'opposition par lettre recommandée avec accusé de réception ou vous déplacer sur place au guichet. Mais cette démarche n'est pas nécessaire si vous avez contacté votre banque pour faire opposition.</Paragraphe><Paragraphe>Vous pouvez utiliser le modèle de courrier suivant :</Paragraphe><ServiceEnLigne ID="R18301" URL="https://www.inc-conso.fr/content/votre-carte-bancaire-disparu-vous-faites-opposition-aupres-de-votre-banque" audience="Particuliers" type="Modèle de document"><Titre>Confirmer sa déclaration d'opposition téléphonique à sa carte bancaire</Titre><Source ID="R30643">Institut national de la consommation (INC)</Source></ServiceEnLigne><Attention><Titre>Attention</Titre><Paragraphe>certaines banques ne sont pas reliées au serveur interbancaire d'opposition. Vous devez alors utiliser un autre numéro de téléphone spécial.</Paragraphe></Attention><Paragraphe>La procédure d'opposition peut être payante. Son coût varie selon les banques et les garanties d'assurance éventuellement prises pour couvrir le risque.</Paragraphe><Paragraphe>Après votre opposition, il est impossible de faire une dépense avec votre carte.</Paragraphe><Paragraphe>La procédure est définitive : vous ne pouvez pas demander la remise en service de votre carte après avoir fait opposition (même si vous la retrouvez par la suite).</Paragraphe></Cas><Cas><Titre>Vous êtes à l'étranger</Titre><Paragraphe>Vous devez au plus vite <MiseEnEvidence>faire opposition</MiseEnEvidence>, c'est-à-dire bloquer l'utilisation de votre carte.</Paragraphe><Paragraphe>Pour cela, contactez votre banque ou appelez le serveur interbancaire réservé aux oppositions.</Paragraphe><OuSAdresser ID="R86" sve="non" type="Centre de contact"><Titre>Serveur interbancaire d'opposition à carte bancaire</Titre><Texte><Paragraphe>Permet de faire immédiatement opposition sur sa carte bancaire.</Paragraphe><Chapitre><Titre><Paragraphe>Par téléphone</Paragraphe></Titre><Paragraphe> <MiseEnEvidence>0 892 705 705</MiseEnEvidence></Paragraphe><Paragraphe>Ouvert 7 jours/7 et 24h/24.</Paragraphe><Paragraphe>Numéro violet ou majoré : coût d'un appel vers un numéro fixe +<MiseEnEvidence> service payant</MiseEnEvidence>, depuis un téléphone fixe ou mobile.</Paragraphe></Chapitre></Texte></OuSAdresser><Attention><Titre>Attention</Titre><Paragraphe>certaines banques peuvent vous obliger à contacter un numéro de téléphone spécial pour faire opposition. Pensez à vous renseigner avant de partir à l'étranger.</Paragraphe></Attention><Paragraphe>Un numéro d'enregistrement vous est remis.</Paragraphe><Paragraphe>Vous possédez ainsi une trace datée de votre demande d'opposition.</Paragraphe><Paragraphe>Si votre contrat de carte bancaire l'exige, vous devez avertir votre agence de votre démarche d'opposition par lettre recommandée avec accusé de réception. Mais cette démarche n'est pas nécessaire si vous avez contacté votre banque pour faire opposition.</Paragraphe><Paragraphe>Vous pouvez utiliser le modèle de courrier suivant :</Paragraphe><ServiceEnLigne ID="R18301" URL="https://www.inc-conso.fr/content/votre-carte-bancaire-disparu-vous-faites-opposition-aupres-de-votre-banque" audience="Particuliers" type="Modèle de document"><Titre>Confirmer sa déclaration d'opposition téléphonique à sa carte bancaire</Titre><Source ID="R30643">Institut national de la consommation (INC)</Source></ServiceEnLigne><Paragraphe>La procédure d'opposition peut être payante. Son coût varie selon les banques et les garanties d'assurance éventuellement prises pour couvrir le risque.</Paragraphe><Paragraphe>Après votre opposition, il est impossible de faire une dépense avec votre carte.</Paragraphe><Paragraphe>La procédure est définitive : vous ne pouvez pas demander la remise en service de votre carte après avoir fait opposition (même si vous la retrouvez par la suite).</Paragraphe></Cas></BlocCas></Chapitre><Chapitre numerote="true"><Titre><Paragraphe>Porter plainte</Paragraphe></Titre><Paragraphe>Il est conseillé de déclarer le vol aux forces de l'ordre. Pour cela, vous devez <MiseEnEvidence>porter plainte</MiseEnEvidence>. Vous pouvez le faire dans un commissariat ou à la gendarmerie. Vous pouvez aussi le faire par courrier.</Paragraphe><BlocCas affichage="onglet"><Cas><Titre>Sur place</Titre><Paragraphe><MiseEnEvidence>Vous devez vous rendre </MiseEnEvidence>dans un <MiseEnEvidence>commissariat de police</MiseEnEvidence> ou à la <MiseEnEvidence>gendarmerie</MiseEnEvidence> de votre choix.</Paragraphe><OuSAdresser ID="R13" sve="non" type="Local personnalisé sur SP"><Titre>Commissariat</Titre><PivotLocal>commissariat_police</PivotLocal><RessourceWeb URL="http://www.interieur.gouv.fr/Contact/Contacter-une-brigade-de-gendarmerie-ou-un-commissariat-de-police"/></OuSAdresser><OuSAdresser ID="R59967" sve="non" type="Local personnalisé sur SP"><Titre>Gendarmerie</Titre><PivotLocal>gendarmerie</PivotLocal><RessourceWeb URL="http://www.interieur.gouv.fr/Contact/Contacter-une-brigade-de-gendarmerie-ou-un-commissariat-de-police"/></OuSAdresser><Paragraphe>Les services de police ou de gendarmerie <MiseEnEvidence>sont obligés d'enregistrer votre plainte</MiseEnEvidence> si vous êtes victime d'une infraction.</Paragraphe><Paragraphe>La plainte est ensuite transmise au procureur de la République pour qu'il décide de la suite (enquête, classement sans suite...).</Paragraphe><Paragraphe>Si vous ne connaissez pas l'auteur des faits, vous pouvez d'abord remplir une <MiseEnEvidence>pré-plainte en ligne</MiseEnEvidence> avant de vous déplacer.</Paragraphe><Paragraphe>La pré-plainte peut être effectuée en ligne :</Paragraphe><ServiceEnLigne ID="R19620" URL="https://www.pre-plainte-en-ligne.gouv.fr/" audience="Particuliers" type="Téléservice"><Titre>Pré-plainte en ligne</Titre><Source ID="R30603">Ministère chargé de l'intérieur</Source></ServiceEnLigne><Paragraphe>Vous devez ensuite <MiseEnEvidence>signer</MiseEnEvidence> votre plainte<MiseEnEvidence> sur place</MiseEnEvidence> dans un <MiseEnEvidence>commissariat de police</MiseEnEvidence> ou une <MiseEnEvidence>brigade de gendarmerie</MiseEnEvidence> que vous choisissez.</Paragraphe><Paragraphe>Les policiers ou gendarmes ont déjà les éléments de votre plainte à votre arrivée.</Paragraphe></Cas><Cas><Titre>Par courrier</Titre><Paragraphe>Vous pouvez porter plainte auprès du procureur de la République.</Paragraphe><Paragraphe>Pour cela, vous devez envoyer un courrier au <MiseEnEvidence>tribunal judiciaire du lieu de l'infraction ou du domicile de l'auteur de l'infraction</MiseEnEvidence>.</Paragraphe><OuSAdresser ID="R30" sve="non" type="Local"><Titre>Tribunal judiciaire</Titre><RessourceWeb URL="http://www.annuaires.justice.gouv.fr/"/><Source ID="R30663">Ministère chargé de la justice</Source></OuSAdresser><Paragraphe>Votre courrier doit préciser les éléments suivants :</Paragraphe><Liste type="puce"><Item><Paragraphe>Votre état civil et vos coordonnées complètes (adresse et numéro de téléphone)</Paragraphe></Item><Item><Paragraphe>Récit détaillé des faits, date et lieu de l'infraction</Paragraphe></Item><Item><Paragraphe>Nom de l'auteur supposé si vous le connaissez (sinon, la plainte sera déposée contre X)</Paragraphe></Item><Item><Paragraphe>Nom et adresse des éventuels témoins de l'infraction</Paragraphe></Item><Item><Paragraphe>Description et estimation provisoire ou définitive du préjudice</Paragraphe></Item><Item><Paragraphe>Vos documents de preuve : certificats médicaux, arrêts de travail, factures diverses, constats...</Paragraphe></Item><Item><Paragraphe>Votre éventuelle volonté de vous constituer partie civile</Paragraphe></Item></Liste><Paragraphe>Vous pouvez utiliser le modèle de courrier suivant :</Paragraphe><ServiceEnLigne ID="R11469" URL="https://www.service-public.fr/simulateur/calcul/Porter_plainte" audience="Particuliers" type="Modèle de document"><Titre>Porter plainte auprès du procureur de la République</Titre><Source ID="R30608">Direction de l'information légale et administrative (Dila) - Premier ministre</Source></ServiceEnLigne><Paragraphe>Vous pouvez envoyer votre plainte en lettre recommandée avec accusé de réception, par lettre simple ou par lettre suivie.</Paragraphe><Paragraphe>Vous pouvez aussi déposer votre plainte directement à l'accueil du tribunal.</Paragraphe><Paragraphe>Dans tous les cas, un récépissé vous est remis dès que les services du procureur de la République ont enregistré votre plainte.</Paragraphe></Cas></BlocCas><ASavoir><Titre>À savoir</Titre><Paragraphe>vous pouvez porter plainte contre votre époux, vos parents ou votre enfant s'ils sont responsables du vol de votre carte bancaire.</Paragraphe></ASavoir><Paragraphe>La plainte vous permet d'obtenir un récépissé, c'est-à-dire un document attestant de l'enregistrement de votre déclaration. Vous pouvez transmettre le récépissé à votre banque lors de votre demande de remboursement.</Paragraphe></Chapitre><Chapitre numerote="true"><Titre><Paragraphe>Demander le remboursement</Paragraphe></Titre><SousChapitre><Titre><Paragraphe>Procédure</Paragraphe></Titre><Paragraphe><MiseEnEvidence>Si des achats frauduleux ont été réalisés</MiseEnEvidence> avec votre carte, vous pouvez en demander le remboursement à votre banque. Renseignez-vous auprès de votre banque pour savoir comment la demande doit être présentée.</Paragraphe><Paragraphe>Si vous avez <LienIntra LienID="R55440" type="Définition de glossaire">fait opposition</LienIntra> tardivement, votre banque peut refuser de vous rembourser. Un paiement frauduleux ne peut pas être remboursé s'il date de plus de 13 mois.</Paragraphe><Paragraphe>De plus, <MiseEnEvidence>vous ne pourrez pas vous faire rembourser en cas de faute ou de négligence de votre part</MiseEnEvidence> (par exemple, si vous avez écrit votre code au dos de la carte). C'est à la banque de prouver cette faute ou négligence.</Paragraphe><Paragraphe>Le niveau de remboursement dépend de l'utilisation du code secret et du montant dépensé.</Paragraphe><BlocCas affichage="radio"><Cas><Titre>Si le code secret n'a pas été utilisé</Titre><Paragraphe>Le remboursement est intégral quelles que soient les sommes dépensées.</Paragraphe></Cas><Cas><Titre>Si le code secret a été utilisé</Titre><BlocCas affichage="radio"><Cas><Titre>Jusqu'à 50 € dépensés</Titre><Paragraphe>Il n'y a aucun remboursement.</Paragraphe></Cas><Cas><Titre>Plus de 50 € dépensés</Titre><Paragraphe>Le remboursement est partiel : <Valeur>50 €</Valeur> sont à votre charge, le reste est remboursé.</Paragraphe><Exemple><Titre>Exemple</Titre><Paragraphe>Si <Valeur>200 €</Valeur> ont été dépensés, votre banque vous rembourse <Valeur>150 €</Valeur>.</Paragraphe></Exemple></Cas></BlocCas></Cas></BlocCas><ANoter><Titre>À noter</Titre><Paragraphe>les banques peuvent proposer des assurances qui permettent un remboursement plus important des sommes perdues avant opposition.</Paragraphe></ANoter><Paragraphe>Toutefois, la banque devra vous rembourser intégralement si le vol ne pouvait pas être détecté avant l'utilisation frauduleuse de la carte.</Paragraphe></SousChapitre><SousChapitre><Titre><Paragraphe>Recours</Paragraphe></Titre><Paragraphe>Si vous ne parvenez pas à obtenir le remboursement ou l'annulation de paiements associés à une demande d'opposition, vous pouvez saisir le <LienInterne LienPublication="F20523" type="Fiche Question-réponse conditionnée" audience="Particuliers">médiateur bancaire</LienInterne>.</Paragraphe><Paragraphe>Si l'intervention du médiateur bancaire n'a pas permis de régler le litige, vous pouvez saisir la justice.</Paragraphe><Paragraphe>La juridiction compétente dépend des sommes en jeu dans le litige.</Paragraphe><Liste type="puce"><Item><Paragraphe>Pour un litige inférieur ou égal à <Valeur>10 000 €</Valeur>, c'est le tribunal de proximité ou le tribunal judiciaire.</Paragraphe></Item><Item><Paragraphe>Pour un litige supérieur à <Valeur>10 000 €</Valeur>, c'est le tribunal judiciaire.</Paragraphe></Item></Liste><OuSAdresser ID="R30" sve="non" type="Local"><Titre>Tribunal judiciaire</Titre><RessourceWeb URL="http://www.annuaires.justice.gouv.fr/"/><Source ID="R30663">Ministère chargé de la justice</Source></OuSAdresser></SousChapitre><SousChapitre><Titre><Paragraphe>Sanctions en cas de fausses déclarations</Paragraphe></Titre><Paragraphe>Si vous avez fourni de faux renseignements pour justifier votre demande d'opposition, vous devrez reverser à votre banque les remboursements effectués à tort.</Paragraphe><Paragraphe>De plus, vous risquez une amende de <Valeur>375 000 €</Valeur> et une peine de 5 ans de prison.</Paragraphe></SousChapitre></Chapitre><Chapitre numerote="true"><Titre><Paragraphe>Demander une nouvelle carte</Paragraphe></Titre><Paragraphe>Pour obtenir une nouvelle carte, vous devez en faire la demande à votre banque. Renseignez-vous auprès de votre banque pour savoir comment la demande doit être présentée. La carte aura un nouveau numéro et un nouveau code secret.</Paragraphe></Chapitre></Texte><VoirAussi important="non"><Fiche ID="F31241" audience="Particuliers"><Titre>Perte de sa carte bancaire</Titre><Theme ID="N19803"><Titre>Argent - Impôts - Consommation</Titre></Theme></Fiche></VoirAussi><QuiPeutMAider ID="R16526" sve="non" type="Local"><Titre>Assurance Banque Épargne Info Service</Titre><RessourceWeb URL="https://www.abe-infoservice.fr/qui-sommes-nous/nous-contacter"/></QuiPeutMAider><Reference type="Texte de référence" URL="https://www.legifrance.gouv.fr/codes/id/LEGISCTA000020861605" ID="R384"><Titre>Code monétaire et financier : articles L133-15 à L133-17</Titre><Complement>Opposition</Complement></Reference><Reference type="Texte de référence" URL="https://www.legifrance.gouv.fr/codes/id/LEGISCTA000020861595" ID="R378"><Titre>Code monétaire et financier : article L133-18</Titre><Complement>Remboursement des sommes volées après opposition</Complement></Reference><Reference type="Texte de référence" URL="https://www.legifrance.gouv.fr/codes/id/LEGISCTA000020861593/2009-11-01" ID="R369"><Titre>Code monétaire et financier : articles L133-19 à L133-20</Titre><Complement>Remboursement des sommes volées avant opposition</Complement></Reference><ServiceEnLigne ID="R18301" URL="https://www.inc-conso.fr/content/votre-carte-bancaire-disparu-vous-faites-opposition-aupres-de-votre-banque" audience="Particuliers" type="Modèle de document"><Titre>Confirmer sa déclaration d'opposition téléphonique à sa carte bancaire</Titre><Source ID="R30643">Institut national de la consommation (INC)</Source></ServiceEnLigne><PourEnSavoirPlus type="Information pratique" ID="R46706" URL="https://www.inc-conso.fr/content/la-carte-bancaire" audience="Particuliers"><Titre>La carte bancaire</Titre><Source ID="R30643">Institut national de la consommation (INC)</Source></PourEnSavoirPlus><Definition ID="R55440"><Titre>Faire opposition</Titre><Texte><Paragraphe>Action permettant de bloquer l'utilisation d'une carte bancaire, le paiement d'un chèque ou d'empêcher un prélèvement automatique</Paragraphe></Texte></Definition><QuestionReponse ID="F20523" audience="Particuliers"><Titre>Médiateur bancaire : comment y recourir ?</Titre></QuestionReponse></Publication>