<?xml version="1.0" encoding="UTF-8"?><Publication xmlns:dc="http://purl.org/dc/elements/1.1/" xmlns:xsi="http://www.w3.org/2001/XMLSchema-instance" ID="F2655" type="Fiche d'information conditionnée" xsi:noNamespaceSchemaLocation="../Schemas/3.4/Publication.xsd" spUrl="https://www.service-public.fr/particuliers/vosdroits/F2655"><dc:title>Bonus-malus dans l'assurance automobile</dc:title><dc:creator>Direction de l'information légale et administrative</dc:creator><dc:subject>Argent - Impôts - Consommation</dc:subject><dc:description>Vous avez eu un accident de la circulation et vous vous demandez quel sera son impact sur votre contrat d'assurance auto ? Le sinistre peut affecter votre bonus-malus, qui est un système de modulation de la prime d'assurance en fonction de votre comportement sur la route. Nous vous expliquons ci-dessous comment fonctionne le système du bonus-malus.</dc:description><dc:publisher>Direction de l'information légale et administrative</dc:publisher><dc:contributor>Direction de l'information légale et administrative (Premier ministre)</dc:contributor><dc:date>modified 2023-09-04</dc:date><dc:type>Fiche pratique</dc:type><dc:format>text/xml</dc:format><dc:identifier>F2655</dc:identifier><dc:source>https://www.legifrance.gouv.fr/codes/id/LEGISCTA000006156959</dc:source><dc:language>Fr</dc:language><dc:relation>isPartOf N32</dc:relation><dc:coverage>France entière</dc:coverage><dc:rights>https://www.service-public.fr/a-propos/mentions-legales</dc:rights><SurTitre>Fiche pratique</SurTitre><Audience>Particuliers</Audience><Canal>www.service-public.fr</Canal><FilDAriane><Niveau ID="Particuliers">Accueil particuliers</Niveau><Niveau ID="N19803">Argent - Impôts - Consommation</Niveau><Niveau ID="N32">Assurance automobile (véhicule)</Niveau><Niveau ID="F2655" type="Fiche d'information conditionnée">Bonus-malus dans l'assurance automobile</Niveau></FilDAriane><Theme ID="N19803"><Titre>Argent - Impôts - Consommation</Titre></Theme><SousThemePere ID="N20263">Assurance</SousThemePere><DossierPere ID="N32"><Titre>Assurance automobile (véhicule)</Titre><SousDossier ID="N32-1"><Titre>Souscription et vie du contrat</Titre><Fiche ID="F31325">Souscription du contrat</Fiche><Fiche ID="F2628">Assurance obligatoire ou "au tiers"</Fiche><Fiche ID="F2622">Assurances facultatives et "tous risques"</Fiche><Fiche ID="F1362">Attestation et certificat d'assurance</Fiche><Fiche ID="F2595">Modification du contrat</Fiche><Fiche ID="F2659">Résiliation du contrat</Fiche><Fiche ID="F3052">Recours et litiges</Fiche></SousDossier><SousDossier ID="N32-2"><Titre>Prime</Titre><Fiche ID="F2599">Tarifs, cotisations et durée du contrat</Fiche><Fiche ID="F2655">Bonus-malus</Fiche><Fiche ID="F2663">Jeunes conducteurs et surprime d'assurance</Fiche></SousDossier><SousDossier ID="N32-3"><Titre>Sinistre</Titre><Fiche ID="F2149">Accident et constat</Fiche><Fiche ID="F2685">Vol du véhicule</Fiche></SousDossier><SousDossier ID="N32-4"><Titre>Indemnisation du sinistre</Titre><Fiche ID="F2152">Dégâts matériels</Fiche><Fiche ID="F2677">Dommages corporels</Fiche><Fiche ID="F2692">Vol</Fiche><Fiche ID="F2679">Accident de la route</Fiche></SousDossier></DossierPere><SousDossierPere>Prime</SousDossierPere><Introduction><Texte><Paragraphe>Vous avez eu un accident de la circulation et vous vous demandez quel sera son impact sur votre contrat d'assurance auto ?</Paragraphe><Paragraphe>Le sinistre peut affecter votre bonus-malus, qui est un système de modulation de la prime d'assurance en fonction de votre comportement sur la route.</Paragraphe><Paragraphe>Nous vous expliquons ci-dessous comment fonctionne le système du bonus-malus.</Paragraphe></Texte></Introduction><Texte><Chapitre><Titre><Paragraphe>Qu'appelle-t-on bonus-malus ?</Paragraphe></Titre><Paragraphe>Le système du bonus-malus, encore appelé <Expression>coefficient de réduction-majoration</Expression>, est une clause contenue dans les contrats d'assurance auto.</Paragraphe><Paragraphe>Il s'agit d'une formule de réduction ou de majoration de la prime d'assurance, à chaque échéance annuelle, en fonction de votre comportement.</Paragraphe><Paragraphe>Le principe est que votre coefficient de réduction-majoration est majoré lorsque vous avez des sinistres impliquant votre responsabilité, et minoré en l'absence de sinistre, sur une période de référence.</Paragraphe><Paragraphe>Chaque année, votre coefficient de réduction-majoration est appliqué à la prime de référence, c'est-à-dire la prime calculée lors de la souscription, pour déterminer le nouveau montant à payer.</Paragraphe><Paragraphe>Si votre coefficient a baissé, vous aurez une réduction de la prime de référence et vous paierez moins cher votre assurance.</Paragraphe><Paragraphe>Si votre coefficient a augmenté, vous aurez une majoration de la prime de référence et vous payerez un tarif plus élevé.</Paragraphe></Chapitre><Chapitre><Titre><Paragraphe>Quels sont les véhicules concernés par le bonus-malus ?</Paragraphe></Titre><Paragraphe>Le système du bonus-malus concerne tous les véhicules terrestres à moteur.</Paragraphe><Attention><Titre>Attention</Titre><Paragraphe>Les véhicules, matériels et engins suivants ne sont <MiseEnEvidence>pas concernés</MiseEnEvidence> :</Paragraphe><Liste type="puce"><Item><Paragraphe>Cyclomoteur</Paragraphe></Item><Item><Paragraphe>Engin de service hivernal</Paragraphe></Item><Item><Paragraphe>Motocyclette légère</Paragraphe></Item><Item><Paragraphe>Quadricycle léger à moteur</Paragraphe></Item><Item><Paragraphe>Quadricycle lourd à moteur</Paragraphe></Item><Item><Paragraphe>Véhicule de collection (plus de 30 ans d'âge)</Paragraphe></Item><Item><Paragraphe>Véhicule d'intérêt général prioritaire (bus)</Paragraphe></Item><Item><Paragraphe>Véhicule d'intérêt général bénéficiant de facilités de passage (ambulances, véhicules de pompiers)</Paragraphe></Item><Item><Paragraphe>Véhicule et matériel agricoles</Paragraphe></Item><Item><Paragraphe>Matériel forestier</Paragraphe></Item><Item><Paragraphe>Matériel de travaux publics</Paragraphe></Item></Liste></Attention></Chapitre><Chapitre><Titre><Paragraphe>Quels sont les sinistres pris en compte pour le bonus-malus ?</Paragraphe></Titre><Paragraphe>Les sinistres pris en compte pour l'application du bonus-malus sont ceux dans lesquels vous avez une responsabilité et qui ont entraîné une indemnisation de l'assureur.</Paragraphe><Paragraphe>Votre responsabilité peut être totale ou partielle, mais il faut qu'elle ait été établie après discussion entre les assureurs, pas seulement par le conducteur avec qui vous avez eu un accident.</Paragraphe></Chapitre><Chapitre><Titre><Paragraphe>Quelle est la période prise en compte pour calculer le bonus-malus ?</Paragraphe></Titre><Paragraphe>Le bonus-malus prend comme référence la période de 12 mois consécutifs qui se termine 2 mois avant l'échéance annuelle du contrat.</Paragraphe><Exemple><Titre>Exemple</Titre><Paragraphe>Pour un contrat dont l'échéance annuelle est le 31 décembre 2024, la période de référence doit se terminer 2 mois avant cette échéance, donc le 31 octobre 2024.</Paragraphe><Paragraphe>Si on décompte 12 mois en arrière, le début de la période de référence est le 1<Exposant>er</Exposant> novembre 2023.</Paragraphe><Paragraphe>Pour un contrat dont l'échéance annuelle est le 31 décembre 2024, la période de référence va donc du 1<Exposant>er</Exposant> novembre 2023 au 31 octobre 2024.</Paragraphe></Exemple><Paragraphe>L'assureur est obligé d'appliquer la règle du bonus-malus.</Paragraphe><Paragraphe>Cependant, la prime de référence est déterminée par l'assureur, et chaque assureur a ses propres tarifs de primes de référence. Vous devez donc comparer les primes de référence applicables par les assureurs avant de souscrire le contrat.</Paragraphe></Chapitre><Chapitre><Titre><Paragraphe>Quelles sont les règles de calcul du bonus et du malus ?</Paragraphe></Titre><Paragraphe>Les cotisations d'assurance du véhicule sont calculées en fonction d'un système de bonification-majoration (ou bonus-malus), qui prend en compte les accidents que vous déclarez.</Paragraphe><Paragraphe>Le coefficient de départ est de 1.</Paragraphe><BlocCas affichage="radio"><Cas><Titre>Bonus</Titre><Paragraphe>Pour chaque année sans accident responsable, vous bénéficiez d'une réduction de <Valeur>5 %</Valeur> sur votre coefficient de l'année précédente.</Paragraphe><Paragraphe>Il suffit de multiplier le coefficient de l'année précédente par 0,95 pour obtenir le coefficient de l'année, s'il n'y a pas eu d'accident avec une part de responsabilité. Le coefficient est arrondi par défaut à 2 chiffres après la virgule.</Paragraphe><Paragraphe>La réduction maximale est fixée à 50% (coefficient 0,50).</Paragraphe><Paragraphe>Quand vous atteignez ce niveau, le coefficient ne peut plus baisser.</Paragraphe><Tableau><Titre>Tableau illustré du bonus-malus</Titre><Colonne largeur="23" type="header"/><Colonne largeur="24" type="normal"/><Colonne largeur="24" type="normal"/><Colonne largeur="24" type="normal"/><Rangée type="header"><Cellule><Paragraphe>Ancienneté du contrat</Paragraphe></Cellule><Cellule><Paragraphe>Coefficient bonus</Paragraphe></Cellule><Cellule><Paragraphe>Calcul du coefficient</Paragraphe></Cellule><Cellule><Paragraphe>Exemple avec un prime de référence de <Valeur>1 000 €</Valeur></Paragraphe></Cellule></Rangée><Rangée type="normal"><Cellule><Paragraphe>Souscription</Paragraphe></Cellule><Cellule><Paragraphe>1</Paragraphe></Cellule><Cellule><Paragraphe>-</Paragraphe></Cellule><Cellule><Paragraphe><Valeur>1 000 €</Valeur></Paragraphe></Cellule></Rangée><Rangée type="normal"><Cellule><Paragraphe>1<Exposant>er</Exposant> anniversaire</Paragraphe></Cellule><Cellule><Paragraphe>0,95</Paragraphe></Cellule><Cellule><Paragraphe>1*0,95 = 0,95</Paragraphe></Cellule><Cellule><Paragraphe><Valeur>950 €</Valeur></Paragraphe></Cellule></Rangée><Rangée type="normal"><Cellule><Paragraphe>2<Exposant>e</Exposant> anniversaire</Paragraphe></Cellule><Cellule><Paragraphe>0,90</Paragraphe></Cellule><Cellule><Paragraphe>0,95*0,95 = 0,9025 arrondi à 0,90</Paragraphe></Cellule><Cellule><Paragraphe><Valeur>900 €</Valeur></Paragraphe></Cellule></Rangée><Rangée type="normal"><Cellule><Paragraphe>3<Exposant>e</Exposant> anniversaire</Paragraphe></Cellule><Cellule><Paragraphe>0,85</Paragraphe></Cellule><Cellule><Paragraphe>0,90*0,95 = 0,855 arrondi à 0,85</Paragraphe></Cellule><Cellule><Paragraphe><Valeur>850 €</Valeur></Paragraphe></Cellule></Rangée><Rangée type="normal"><Cellule><Paragraphe>4<Exposant>e</Exposant> anniversaire</Paragraphe></Cellule><Cellule><Paragraphe>0,80</Paragraphe></Cellule><Cellule><Paragraphe>0,85*0,95 = 0,8075 arrondi à 0,80</Paragraphe></Cellule><Cellule><Paragraphe><Valeur>800 €</Valeur></Paragraphe></Cellule></Rangée><Rangée type="normal"><Cellule><Paragraphe>5<Exposant>e</Exposant> anniversaire</Paragraphe></Cellule><Cellule><Paragraphe>0,76</Paragraphe></Cellule><Cellule><Paragraphe>0,80*0,95 = 0,76</Paragraphe></Cellule><Cellule><Paragraphe><Valeur>760 €</Valeur></Paragraphe></Cellule></Rangée><Rangée type="normal"><Cellule><Paragraphe>6<Exposant>e</Exposant> anniversaire</Paragraphe></Cellule><Cellule><Paragraphe>0,72</Paragraphe></Cellule><Cellule><Paragraphe>0,76*0,95 = 0,722 arrondi à 0,72</Paragraphe></Cellule><Cellule><Paragraphe><Valeur>720 €</Valeur></Paragraphe></Cellule></Rangée><Rangée type="normal"><Cellule><Paragraphe>7<Exposant>e</Exposant> anniversaire</Paragraphe></Cellule><Cellule><Paragraphe>0,68</Paragraphe></Cellule><Cellule><Paragraphe>0,72*0,95 = 0,684 arrondi à 0,68</Paragraphe></Cellule><Cellule><Paragraphe><Valeur>680 €</Valeur></Paragraphe></Cellule></Rangée><Rangée type="normal"><Cellule><Paragraphe>8<Exposant>e</Exposant> anniversaire</Paragraphe></Cellule><Cellule><Paragraphe>0,64</Paragraphe></Cellule><Cellule><Paragraphe>0,68*0,95 = 0,646 arrondi à 0,64</Paragraphe></Cellule><Cellule><Paragraphe><Valeur>640 €</Valeur></Paragraphe></Cellule></Rangée><Rangée type="normal"><Cellule><Paragraphe>9<Exposant>e</Exposant> anniversaire</Paragraphe></Cellule><Cellule><Paragraphe>0,60</Paragraphe></Cellule><Cellule><Paragraphe>0,64*0,95 = 0,608 arrondi à 0,6</Paragraphe></Cellule><Cellule><Paragraphe><Valeur>600 €</Valeur></Paragraphe></Cellule></Rangée><Rangée type="normal"><Cellule><Paragraphe>10<Exposant>e</Exposant> anniversaire</Paragraphe></Cellule><Cellule><Paragraphe>0,57</Paragraphe></Cellule><Cellule><Paragraphe>0,60*0,95 = 0,57 arrondi à 0,57</Paragraphe></Cellule><Cellule><Paragraphe><Valeur>570 €</Valeur></Paragraphe></Cellule></Rangée><Rangée type="normal"><Cellule><Paragraphe>11<Exposant>e</Exposant> anniversaire</Paragraphe></Cellule><Cellule><Paragraphe>0,54</Paragraphe></Cellule><Cellule><Paragraphe>0,57*0,95 = 0,541 arrondi à 0,54</Paragraphe></Cellule><Cellule><Paragraphe><Valeur>540 €</Valeur></Paragraphe></Cellule></Rangée><Rangée type="normal"><Cellule><Paragraphe>12<Exposant>e</Exposant> anniversaire</Paragraphe></Cellule><Cellule><Paragraphe>0,51</Paragraphe></Cellule><Cellule><Paragraphe>0,54*0,95 = 0,513 arrondi à 0,51</Paragraphe></Cellule><Cellule><Paragraphe><Valeur>510 €</Valeur></Paragraphe></Cellule></Rangée><Rangée type="normal"><Cellule><Paragraphe>13<Exposant>e</Exposant> anniversaire</Paragraphe></Cellule><Cellule><Paragraphe>0,50</Paragraphe></Cellule><Cellule><Paragraphe>0,51*0.95 = 0,48 arrondi à 0.5 coefficient maximum</Paragraphe></Cellule><Cellule><Paragraphe><Valeur>500 €</Valeur></Paragraphe></Cellule></Rangée></Tableau><ANoter><Titre>À noter</Titre><Paragraphe>le coefficient obtenu par l'application de la règle du bonus-malus est modifié en fonction du nombre de sinistres enregistrés par les assurances au cours de l'année précédente. Il s'agit du <Expression>coefficient de variation technique de sinistralité</Expression>.</Paragraphe></ANoter></Cas><Cas><Titre>Malus</Titre><Paragraphe>Pour chaque accident responsable, l'assuré subit une majoration de 25 %.</Paragraphe><Paragraphe>Pour déterminer le coefficient qui résultera de cette majoration, on prend le coefficient avant l'accident que l'on multiplie par 1,25.</Paragraphe><Exemple><Titre>Exemple</Titre><Paragraphe>Exemple :</Paragraphe><Liste type="puce"><Item><Paragraphe>Vous avez un coefficient de 0,68.</Paragraphe></Item><Item><Paragraphe>Un 1<Exposant>er</Exposant> accident entraînera un nouveau coefficient, à savoir : 0,68 * 1,25 = 0,85.</Paragraphe></Item><Item><Paragraphe>Si vous avez un second accident la même année, votre coefficient passera à : 0,85 * 1,25 = 1,06.</Paragraphe></Item></Liste></Exemple><Paragraphe>Le coefficient maximal est fixé à 3,5.</Paragraphe><Paragraphe>Ainsi, pour une prime de référence de <Valeur>1 000 €</Valeur>, le montant maximum de prime est de <Valeur>3 500 €</Valeur>.</Paragraphe><Paragraphe>Si vous avez une responsabilité partielle dans l'accident, la majoration est de 12,5%. Dans cette hypothèse, le coefficient reviendra à nouveau à 1 si vous n'avez pas d'accident responsable pendant 2 ans.</Paragraphe><ASavoir><Titre>À savoir</Titre><Paragraphe>si vous avez un coefficient de 0,50 depuis au moins 3 ans, le 1<Exposant>er</Exposant> accident responsable qui survient n'entraîne pas l'application du malus.</Paragraphe></ASavoir></Cas><Cas><Titre>Articulation entre le bonus et le malus</Titre><Paragraphe>Lors de la souscription du 1<Exposant>er</Exposant> contrat, vous avez un coefficient de 1.</Paragraphe><Paragraphe>Si vous n'avez pas d'accident impliquant même partiellement votre responsabilité au cours de la 1<Exposant>re</Exposant> année, vous bénéficiez d'une réduction de <Valeur>5 %</Valeur>.</Paragraphe><Paragraphe>Votre coefficient pour la 2<Exposant>e</Exposant> année sera donc : 1*0,95 = 0,95.</Paragraphe><Paragraphe>Si vous avez un accident responsable au cours de la 2<Exposant>e</Exposant> année, vous subirez une majoration de <Valeur>25 %</Valeur>.</Paragraphe><Paragraphe>Votre coefficient pour la 3<Exposant>e</Exposant> année sera donc celui de la 2<Exposant>e</Exposant> année majoré de <Valeur>25 %</Valeur> : 0,95*1,25 = 1,1875, arrondi à 1,18.</Paragraphe><Paragraphe>Pour déterminer le coefficient de la 4<Exposant>e</Exposant> année, on appliquera au coefficient de la 3<Exposant>e</Exposant> année soit une réduction de <Valeur>5 %</Valeur> soit une majoration de <Valeur>25 %</Valeur> suivant qu'il y ait eu ou non un accident responsable.</Paragraphe></Cas></BlocCas></Chapitre><Chapitre><Titre><Paragraphe>Que devient le bonus-malus en cas de changement de véhicule ou d'assurance ?</Paragraphe></Titre><SousChapitre><Titre><Paragraphe>Comment se fait le transfert ?</Paragraphe></Titre><Paragraphe>Vous conservez votre coefficient de bonus-malus à la fin de votre contrat d'assurance.</Paragraphe><Paragraphe>Il sera <MiseEnEvidence>transféré automatiquement</MiseEnEvidence> si vous changez de véhicule ou d'assureur ou si vous achetez un véhicule supplémentaire (sous réserve qu'il n'y ait pas de nouveaux conducteurs habituels).</Paragraphe><Paragraphe>Si <MiseEnEvidence>vous vendez votre véhicule </MiseEnEvidence>et que vous n'en reprenez pas un autre dans l'immédiat, votre contrat sera interrompu.</Paragraphe><Paragraphe>Si l'interruption est inférieure à 3 mois et que vous n'avez subi aucun sinistre responsable dans l'année, vous bénéficierez d'une évolution de <Valeur>5 %</Valeur> de votre bonus en souscrivant votre prochain contrat.</Paragraphe><Paragraphe>Si l'interruption est supérieure à 3 mois, vous conservez le bonus-malus que vous aviez avant l'interruption, mais l'assureur peut décider de vous considérer comme un nouveau conducteur si la durée de l'interruption est très longue.</Paragraphe></SousChapitre><SousChapitre><Titre><Paragraphe>Comment connaître votre coefficient bonus malus?</Paragraphe></Titre><Paragraphe>Chaque année, à l'échéance de votre contrat, votre assureur vous délivre un relevé d'informations.</Paragraphe><Paragraphe>Ce document mentionne votre coefficient de bonus-malus et la liste des sinistres responsables survenus au cours des 5 périodes annuelles précédentes. Vous pouvez également demander ce relevé à un autre moment.</Paragraphe><Paragraphe>Ce relevé vous sera indispensable si vous désirez changer d'assureur.</Paragraphe></SousChapitre></Chapitre></Texte><QuiPeutMAider ID="R16526" sve="non" type="Local"><Titre>Assurance Banque Épargne Info Service</Titre><RessourceWeb URL="https://www.abe-infoservice.fr/qui-sommes-nous/nous-contacter"/></QuiPeutMAider><Reference type="Texte de référence" URL="https://www.legifrance.gouv.fr/codes/id/LEGISCTA000006156959" ID="R304"><Titre>Code des assurances : articles A121-1 à A121-2</Titre><Complement>Dispositions générales du contrat d'assurance</Complement></Reference><PourEnSavoirPlus type="Information pratique" ID="R59405" URL="https://www.franceassureurs.fr/assurance-protege-finance-et-emploie/assurance-protege/lassurance-en-pratique-pour-les-particuliers/assurance-auto-moto-le-bonus-malus/" audience="Particuliers"><Titre>Assurance auto, moto : le bonus-malus</Titre><Source ID="R30626">France Assureurs</Source></PourEnSavoirPlus><PourEnSavoirPlus type="Information pratique" ID="R53614" URL="https://www.abe-infoservice.fr/assurance/assurance-automobile" audience="Particuliers"><Titre>Assurance automobile</Titre><Source ID="R34551">Autorité de contrôle prudentiel et de résolution (ACPR)</Source></PourEnSavoirPlus><PourEnSavoirPlus type="Information pratique" ID="R48273" URL="http://europa.eu/youreurope/citizens/vehicles/insurance/validity/index_fr.htm" audience="Particuliers"><Titre>Validité de l'assurance automobile dans l'UE</Titre><Source ID="R30669">Commission européenne</Source></PourEnSavoirPlus></Publication>