<?xml version="1.0" encoding="UTF-8"?><Publication xmlns:dc="http://purl.org/dc/elements/1.1/" xmlns:xsi="http://www.w3.org/2001/XMLSchema-instance" ID="F2826" type="Fiche d'information conditionnée" xsi:noNamespaceSchemaLocation="../Schemas/3.4/Publication.xsd" dateDerniereModificationImportante="2024-01-01T00:00:00" spUrl="https://www.service-public.fr/particuliers/vosdroits/F2826"><dc:title>Permis de conduire : apprentissage anticipé (AAC) à partir de 15 ans</dc:title><dc:creator>Direction de l'information légale et administrative</dc:creator><dc:subject>Transports - Mobilité</dc:subject><dc:description>Qu'est-ce que l'apprentissage anticipé de la conduite (AAC) ? Quelles sont les conditions pour commencer la conduite accompagnée ? Qui peut être accompagnateur ? Quelle durée minimale ? Quelle distance minimale ? Nous vous indiquons les règles à connaître sur l'apprentissage anticipé de la conduite (AAC).</dc:description><dc:publisher>Direction de l'information légale et administrative</dc:publisher><dc:contributor>Direction de l'information légale et administrative (Premier ministre)</dc:contributor><dc:date>modified 2024-01-01</dc:date><dc:type>Fiche pratique</dc:type><dc:format>text/xml</dc:format><dc:identifier>F2826</dc:identifier><dc:source>https://www.legifrance.gouv.fr/codes/section_lc/LEGITEXT000006074228/LEGISCTA000006159511/#LEGISCTA000006159511, https://www.legifrance.gouv.fr/codes/section_lc/LEGITEXT000006074228/LEGISCTA000006177075, https://www.legifrance.gouv.fr/jorf/id/JORFTEXT000048604456, https://www.legifrance.gouv.fr/loda/id/JORFTEXT000048669153, https://www.legifrance.gouv.fr/loda/id/JORFTEXT000027899735/, https://www.legifrance.gouv.fr/loda/id/JORFTEXT000025803494/, https://www.legifrance.gouv.fr/loda/id/JORFTEXT000021560658/</dc:source><dc:language>Fr</dc:language><dc:relation>isPartOf N530</dc:relation><dc:coverage>France entière</dc:coverage><dc:rights>https://www.service-public.fr/a-propos/mentions-legales</dc:rights><SurTitre>Fiche pratique</SurTitre><Audience>Particuliers</Audience><Canal>www.service-public.fr</Canal><FilDAriane><Niveau ID="Particuliers">Accueil particuliers</Niveau><Niveau ID="N19812">Transports - Mobilité</Niveau><Niveau ID="N530">Permis de conduire</Niveau><Niveau ID="F2826" type="Fiche d'information conditionnée">Permis de conduire : apprentissage anticipé (AAC) à partir de 15 ans</Niveau></FilDAriane><Theme ID="N19812"><Titre>Transports - Mobilité</Titre></Theme><DossierPere ID="N530"><Titre>Permis de conduire</Titre><SousDossier ID="N530-1"><Titre>Attestation et brevet de sécurité routière</Titre><Fiche ID="F16511">Attestation de sécurité routière (ASR)</Fiche><Fiche ID="F16548">Attestation scolaire de sécurité routière (ASSR)</Fiche><Fiche ID="F2890">Brevet de sécurité routière (BSR), catégorie AM du permis de conduire</Fiche></SousDossier><SousDossier ID="N530-2"><Titre>Permis moto</Titre><Fiche ID="F2832">Permis A1 (permis 125 cm3)</Fiche><Fiche ID="F31083">Permis A2 (- de 35 kw)</Fiche><Fiche ID="F2830">Permis A (+ de 35 kw)</Fiche></SousDossier><SousDossier ID="N530-3"><Titre>Permis B (voiture ou quadricycle lourd)</Titre><Fiche ID="F2826">Apprentissage anticipé de la conduite à partir de 15 ans (AAC)</Fiche><Fiche ID="F10036">Conduite encadrée à partir de 16 ans</Fiche><Fiche ID="F21012">Conduite supervisée à partir de 18 ans</Fiche><Fiche ID="F2825">Permis B en candidat libre</Fiche><Fiche ID="F2828">Permis B : voiture ou camionnette</Fiche><Fiche ID="F2833">Permis B1 : quadricycle lourd à moteur</Fiche><Fiche ID="F2845">Permis BE : voiture + remorque de plus de 750 kg</Fiche></SousDossier><SousDossier ID="N530-4"><Titre>Permis pour le transport de marchandises et de personnes</Titre><Fiche ID="F2843">Permis C (+ de 3,5 t)</Fiche><Fiche ID="F2846">Permis CE (+ de 3,5 t avec remorque)</Fiche><Fiche ID="F31121">Permis C1 (entre 3,5 t et 7,5 t)</Fiche><Fiche ID="F31124">Permis C1E (entre 3,5 t et 7,5 t avec remorque)</Fiche><Fiche ID="F2844">Permis D (transport + de 8 passagers)</Fiche><Fiche ID="F2848">Permis DE (transport + 8 passagers avec remorque)</Fiche><Fiche ID="F31128">Permis D1 (transport de 16 passagers maximum)</Fiche><Fiche ID="F31129">Permis D1E (transport de 16 passagers maximum avec remorque)</Fiche></SousDossier><SousDossier ID="N530-5"><Titre>Perte, vol ou détérioration du permis de conduire</Titre><Fiche ID="F1450">Vol</Fiche><Fiche ID="F1727">Perte</Fiche><Fiche ID="F20109">Détérioration</Fiche></SousDossier><SousDossier ID="N530-6"><Titre>Contrôle médical</Titre><Fiche ID="F2686">Pour raison de santé</Fiche><Fiche ID="F1255">Pour un permis professionnel</Fiche></SousDossier></DossierPere><SousDossierPere>Permis B (voiture ou quadricycle lourd)</SousDossierPere><Introduction><Texte><Paragraphe>Qu'est-ce que <MiseEnEvidence>l'apprentissage anticipé de la conduite (AAC)</MiseEnEvidence> ? Quelles sont les <MiseEnEvidence>conditions</MiseEnEvidence> pour commencer la <MiseEnEvidence>conduite accompagnée</MiseEnEvidence> ? Qui peut être <MiseEnEvidence>accompagnateur</MiseEnEvidence> ? Quelle <MiseEnEvidence>durée minimale</MiseEnEvidence> ? Quelle <MiseEnEvidence>distance minimale</MiseEnEvidence> ?</Paragraphe><Paragraphe>Nous vous indiquons les <MiseEnEvidence>règles à connaître</MiseEnEvidence> sur <MiseEnEvidence>l'apprentissage anticipé de la conduite (AAC)</MiseEnEvidence>.</Paragraphe></Texte></Introduction><Texte><Paragraphe><MiseEnEvidence>L'apprentissage anticipé de la conduite (AAC)</MiseEnEvidence> est <MiseEnEvidence>à distinguer</MiseEnEvidence> des <MiseEnEvidence>2 autres formules de conduite accompagnée</MiseEnEvidence> : la <LienInterne LienPublication="F21012" type="Fiche d'information conditionnée" audience="Particuliers">conduite supervisée</LienInterne> et la <LienInterne LienPublication="F10036" type="Fiche d'information conditionnée" audience="Particuliers">conduite encadrée</LienInterne>.</Paragraphe><Chapitre><Titre><Paragraphe>À qui s'adresse l'apprentissage anticipé de la conduite ?</Paragraphe></Titre><Paragraphe><MiseEnEvidence>L'apprentissage anticipé de la conduite (AAC)</MiseEnEvidence> vous concerne si vous avez <MiseEnEvidence>15 ans ou plus</MiseEnEvidence> et que vous voulez obtenir le <LienInterne LienPublication="F2828" type="Fiche d'information conditionnée" audience="Particuliers"/><MiseEnEvidence><LienInterne LienPublication="F2828" type="Fiche d'information conditionnée" audience="Particuliers">permis B.</LienInterne></MiseEnEvidence></Paragraphe><Paragraphe><MiseEnEvidence>Après</MiseEnEvidence> la <MiseEnEvidence>formation initiale</MiseEnEvidence> en auto-école, une <MiseEnEvidence>période de conduite accompagnée</MiseEnEvidence> permet d'avoir une <MiseEnEvidence>expérience de conduite</MiseEnEvidence> avec un proche (accompagnateur) <MiseEnEvidence>avant</MiseEnEvidence> de <MiseEnEvidence>passer l'épreuve pratique</MiseEnEvidence> du <MiseEnEvidence>permis B</MiseEnEvidence>.<MiseEnEvidence/></Paragraphe><Complement><Titre>Savoir en quoi consiste la formation initiale dispensée par l'auto-école</Titre><Paragraphe>La <MiseEnEvidence>formation initiale</MiseEnEvidence> est composée d'une <MiseEnEvidence>partie théorique </MiseEnEvidence>et d'une <MiseEnEvidence>partie pratique</MiseEnEvidence>.</Paragraphe><Liste type="puce"><Item><Paragraphe>La <MiseEnEvidence>partie théorique</MiseEnEvidence> prépare au <LienInterne LienPublication="F33694" type="Fiche Question-réponse conditionnée" audience="Particuliers">code</LienInterne> (épreuve théorique générale ou ETG)</Paragraphe></Item><Item><Paragraphe>La <MiseEnEvidence>partie pratique</MiseEnEvidence> prépare à <MiseEnEvidence>l'épreuve pratique</MiseEnEvidence> de l'examen du <LienInterne LienPublication="F2828" type="Fiche d'information conditionnée" audience="Particuliers"/><MiseEnEvidence><LienInterne LienPublication="F2828" type="Fiche d'information conditionnée" audience="Particuliers">permis B</LienInterne></MiseEnEvidence>.</Paragraphe></Item></Liste><Paragraphe>L'auto-école doit vous proposer un<MiseEnEvidence> <MiseEnEvidence/><LienExterne URL="https://www.legifrance.gouv.fr/loda/id/JORFTEXT000041609995">contrat-type de formation</LienExterne></MiseEnEvidence> (programme, <MiseEnEvidence>tarifs</MiseEnEvidence>, obligations de chacun…).</Paragraphe><Paragraphe>L'auto-école vous ouvre un accès à un <MiseEnEvidence>livret d'apprentissage</MiseEnEvidence><MiseEnEvidence> numérique <MiseEnEvidence/><MiseEnEvidence><MiseEnEvidence/></MiseEnEvidence></MiseEnEvidence>(objectifs de la formation et suivi de votre progression).</Paragraphe><Paragraphe>À la <MiseEnEvidence>fin de la formation pratique</MiseEnEvidence>, ou à tout moment à votre demande, un <MiseEnEvidence>bilan de vos compétences</MiseEnEvidence> est fait.</Paragraphe><Paragraphe>S'il est satisfaisant, vous recevez une <MiseEnEvidence>attestation de fin de formation initiale</MiseEnEvidence>.</Paragraphe><Paragraphe>Sinon, un autre bilan est fait par la suite.</Paragraphe><Paragraphe>En <MiseEnEvidence>fin de formation initiale</MiseEnEvidence>, l'enseignant de l'auto-école fait une <MiseEnEvidence>évaluation de vos compétences acquises</MiseEnEvidence>.</Paragraphe></Complement></Chapitre><Chapitre><Titre><Paragraphe>Quelles sont les conditions pour commencer la conduite accompagnée ?</Paragraphe></Titre><Paragraphe>Vous devez remplir <MiseEnEvidence>toutes les conditions</MiseEnEvidence> suivantes :</Paragraphe><Liste type="puce"><Item><Paragraphe>Avoir <MiseEnEvidence>15 ans ou plus </MiseEnEvidence>lors de l'inscription à l'auto-école</Paragraphe></Item><Item><Paragraphe>Avoir <MiseEnEvidence>l'accord</MiseEnEvidence> de votre <LienIntra LienID="R10398" type="Définition de glossaire">représentant légal</LienIntra></Paragraphe></Item><Item><Paragraphe><LienInterne LienPublication="F33694" type="Fiche Question-réponse conditionnée" audience="Particuliers">Avoir réussi le code (épreuve théorique générale ou ETG)</LienInterne> ou détenir une catégorie de permis depuis 5 ans maximum</Paragraphe></Item><Item><Paragraphe>Avoir suivi la <MiseEnEvidence>formation pratique</MiseEnEvidence> en <MiseEnEvidence>auto-école</MiseEnEvidence></Paragraphe></Item><Item><Paragraphe>Avoir obtenu <MiseEnEvidence>l'attestation de fin de formation initiale (AFFI)</MiseEnEvidence></Paragraphe></Item><Item><Paragraphe>Avoir <MiseEnEvidence>l'accord de votre assurance auto</MiseEnEvidence> pour la conduite du ou des véhicules utilisés au cours de la conduite supervisée. L'AFFI doit être transmise à votre assurance. Une <LienInterne LienPublication="F2662" type="Fiche Question-réponse conditionnée" audience="Particuliers">extension de garantie</LienInterne> peut être nécessaire.</Paragraphe></Item><Item><Paragraphe>Participer à 1 <MiseEnEvidence>rendez-vous </MiseEnEvidence>de <MiseEnEvidence>2 heures minimum</MiseEnEvidence> sous forme d'une <MiseEnEvidence>séquence de conduite</MiseEnEvidence>, avec un <MiseEnEvidence>moniteur de l'auto-école</MiseEnEvidence> et <MiseEnEvidence>au moins un accompagnateur</MiseEnEvidence>. Un <MiseEnEvidence>guide</MiseEnEvidence> sur la conduite accompagnée est remis à l'accompagnateur.</Paragraphe></Item></Liste><ANoter><Titre>À noter</Titre><Paragraphe>Vous devez aussi <MiseEnEvidence>remplir les conditions exigées pour passer le <LienInterne LienPublication="F2828" type="Fiche d'information conditionnée" audience="Particuliers">permis B</LienInterne><LienInterne LienPublication="F2828" type="Fiche d'information conditionnée" audience="Particuliers"/>.</MiseEnEvidence></Paragraphe></ANoter><Complement><Titre>Savoir quelle est la durée de la formation pratique en auto-école</Titre><Paragraphe>La <MiseEnEvidence>durée de la partie pratique de la formation</MiseEnEvidence> varie selon votre situation.</Paragraphe><BlocCas affichage="radio"><Cas><Titre>Vous passez le permis pour la 1re fois</Titre><Paragraphe>La durée de la formation est de <MiseEnEvidence>20 heures au minimum</MiseEnEvidence>, dont 15 heures sur les voies ouvertes à la circulation, ou au moins 10 heures en cas d'utilisation d'un simulateur de conduite.</Paragraphe></Cas><Cas><Titre>Vous avez un permis AM ou B1</Titre><Paragraphe>La durée de la formation est de <MiseEnEvidence>20 heures au minimum</MiseEnEvidence>, dont 15 heures sur les voies ouvertes à la circulation, ou au moins 10 heures en cas d'utilisation d'un simulateur de conduite.</Paragraphe></Cas><Cas><Titre>Vous avez un permis A, A1 ou A2</Titre><Paragraphe>La durée de la formation dépend de votre progression dans l'apprentissage.</Paragraphe></Cas><Cas><Titre>Vous passez le permis boîte de vitesse automatique</Titre><Paragraphe>La durée de la formation est de <MiseEnEvidence>13 heures au minimum</MiseEnEvidence>, dont 10 heures sur les voies ouvertes à la circulation, ou au moins 7 heures en cas d'utilisation d'un simulateur de conduite.</Paragraphe><ASavoir><Titre>À savoir</Titre><Paragraphe>si vous passez le permis <MiseEnEvidence>boîte de vitesses automatique</MiseEnEvidence> (<LienInterne LienPublication="F32927" type="Fiche Question-réponse conditionnée" audience="Particuliers">code restrictif 78</LienInterne>), vous devrez suivre une <MiseEnEvidence>formation</MiseEnEvidence> pour pouvoir conduire une voiture à <MiseEnEvidence>boîte manuelle</MiseEnEvidence>. Vous devez attendre au minimum <MiseEnEvidence>3 mois</MiseEnEvidence> après l'obtention du permis. La formation dure <MiseEnEvidence>7 heures</MiseEnEvidence>. Contactez une <LienExterne URL="https://www.securite-routiere.gouv.fr/passer-son-permis-de-conduire/inscription-et-formation/inscription-dans-une-ecole-de-conduite/les">auto-école labellisée</LienExterne>.</Paragraphe></ASavoir></Cas></BlocCas></Complement></Chapitre><Chapitre><Titre><Paragraphe>Avec quel véhicule peut-on conduire en conduite accompagnée ?</Paragraphe></Titre><Paragraphe>Vous pouvez conduire un <MiseEnEvidence>véhicule léger</MiseEnEvidence> (<LienInterne LienPublication="R45943" type="Sigle">PTAC</LienInterne> de 3,5 tonnes maximum) de <LienInterne LienPublication="F2828" type="Fiche d'information conditionnée" audience="Particuliers">catégorie B</LienInterne>.</Paragraphe><Paragraphe>Le véhicule utilisé peut être à <MiseEnEvidence>boîte de vitesses manuelle</MiseEnEvidence> ou <MiseEnEvidence>automatique</MiseEnEvidence>.</Paragraphe><Complement><Titre>Savoir si le véhicule peut être attelé d'une remorque</Titre><Paragraphe>Le véhicule peut être attelé d'une <MiseEnEvidence>remorque</MiseEnEvidence> dont le PTAC est inférieur ou égal à 750 kg.</Paragraphe><Paragraphe>Si le PTAC de la remorque est supérieur à 750 kg, la somme des PTAC (voiture + remorque) ne doit pas dépasser 3 500 kg.</Paragraphe></Complement></Chapitre><Chapitre><Titre><Paragraphe>Qui peut être accompagnateur pour la conduite accompagnée ?</Paragraphe></Titre><Paragraphe>Votre accompagnateur peut être un <MiseEnEvidence>membre de votre famille</MiseEnEvidence> ou un <MiseEnEvidence>ami</MiseEnEvidence>.</Paragraphe><Paragraphe>Vous pouvez avoir <MiseEnEvidence>un ou plusieurs accompagnateurs</MiseEnEvidence>.</Paragraphe><Paragraphe>Chaque accompagnateur doit remplir les 3 <MiseEnEvidence>conditions</MiseEnEvidence> suivantes :</Paragraphe><Liste type="puce"><Item><Paragraphe>Avoir le <MiseEnEvidence>permis B depuis 5 ans ou plus</MiseEnEvidence></Paragraphe></Item><Item><Paragraphe>Avoir <MiseEnEvidence>l'accord de son assurance auto</MiseEnEvidence> pour la conduite du ou des véhicules utilisés au cours de la conduite accompagnée. Une <LienInterne LienPublication="F2662" type="Fiche Question-réponse conditionnée" audience="Particuliers">extension de garantie</LienInterne> peut être nécessaire.</Paragraphe></Item><Item><Paragraphe>Ne <MiseEnEvidence>pas avoir eu <LienInterne LienPublication="F21774" type="Fiche d'information conditionnée" audience="Particuliers">d'annulation</LienInterne> ou <LienInterne LienPublication="F1704" type="Fiche d'information conditionnée" audience="Particuliers">d'invalidation</LienInterne></MiseEnEvidence> du permis dans les <MiseEnEvidence>5 années précédentes</MiseEnEvidence></Paragraphe></Item></Liste></Chapitre><Chapitre><Titre><Paragraphe>Durée, distance, rendez-vous… : quelles sont les règles en conduite accompagnée ?</Paragraphe></Titre><SousChapitre><Titre><Paragraphe>Participation à 2 rendez-vous pédagogiques</Paragraphe></Titre><Paragraphe>Vous devez participer à <MiseEnEvidence>2 rendez-vous</MiseEnEvidence> avec un <MiseEnEvidence>moniteur de l'auto-école</MiseEnEvidence> et <MiseEnEvidence>au moins un accompagnateur :</MiseEnEvidence></Paragraphe><Liste type="puce"><Item><Paragraphe>Le 1<Exposant>er</Exposant> rendez-vous a lieu<MiseEnEvidence> entre 4 et 6 mois après la délivrance de l'attestation de fin de formation initiale (AFFI)</MiseEnEvidence></Paragraphe></Item><Item><Paragraphe>Le 2<Exposant>nd</Exposant> rendez-vous a lieu <MiseEnEvidence>lorsque vous avez parcouru 3 000 km au minimum</MiseEnEvidence>.</Paragraphe></Item></Liste><Paragraphe>Chaque rendez-vous dure <MiseEnEvidence>3 heures</MiseEnEvidence> et comporte une <MiseEnEvidence>partie pratique</MiseEnEvidence> et une <MiseEnEvidence>partie théorique</MiseEnEvidence>.</Paragraphe></SousChapitre><SousChapitre><Titre><Paragraphe>Règles de conduite</Paragraphe></Titre><Paragraphe>Vous devez respecter <MiseEnEvidence>toutes les règles</MiseEnEvidence> suivantes :</Paragraphe><Liste type="puce"><Item><Paragraphe>Conduire en présence de votre <MiseEnEvidence>accompagnateur</MiseEnEvidence>. Il doit être <MiseEnEvidence>assis à l'avant</MiseEnEvidence> du véhicule, à côté de vous.</Paragraphe></Item><Item><Paragraphe>Conduire pendant <MiseEnEvidence>1 an minimum</MiseEnEvidence></Paragraphe></Item><Item><Paragraphe>Parcourir <MiseEnEvidence>3 000 km minimum</MiseEnEvidence></Paragraphe></Item><Item><Paragraphe>Conduire <MiseEnEvidence>en France</MiseEnEvidence>. La circulation à l'étranger est interdite.</Paragraphe></Item><Item><Paragraphe>Conduire sur le <MiseEnEvidence>réseau routier </MiseEnEvidence>et <MiseEnEvidence>autoroutier</MiseEnEvidence> à différents moments du <MiseEnEvidence>jour</MiseEnEvidence> et de la <MiseEnEvidence>nuit</MiseEnEvidence> et par <MiseEnEvidence>diverses conditions météorologiques</MiseEnEvidence></Paragraphe></Item><Item><Paragraphe>Respecter des <MiseEnEvidence>limitations de vitesse spécifiques</MiseEnEvidence></Paragraphe></Item></Liste><Complement><Titre>Connaître les limitations de vitesse en conduite accompagnée</Titre><Paragraphe>Vous ne devez <MiseEnEvidence>pas dépasser les vitesses maximales</MiseEnEvidence> suivantes :</Paragraphe><Liste type="puce"><Item><Paragraphe><MiseEnEvidence>110 km/h</MiseEnEvidence> sur les sections d'autoroutes où la vitesse est limitée à 130 km/h</Paragraphe></Item><Item><Paragraphe><MiseEnEvidence>100 km/h</MiseEnEvidence> sur les autres sections d'autoroutes</Paragraphe></Item><Item><Paragraphe><MiseEnEvidence>100 km/h </MiseEnEvidence>sur les routes à 2 chaussées séparées par un terre-plein central</Paragraphe></Item><Item><Paragraphe><MiseEnEvidence>80 km/h</MiseEnEvidence> sur les autres routes</Paragraphe></Item><Item><Paragraphe><MiseEnEvidence>50 km/h</MiseEnEvidence> en agglomération</Paragraphe></Item></Liste></Complement></SousChapitre></Chapitre><Chapitre><Titre><Paragraphe>Comment identifier le véhicule en conduite accompagnée ?</Paragraphe></Titre><ContenuIllustre positionIllustration="droite"><Contenu><Paragraphe>Pour <MiseEnEvidence>identifier</MiseEnEvidence> le véhicule comme <MiseEnEvidence>véhicule d'apprentissage</MiseEnEvidence>, vous devez placer un <MiseEnEvidence>signe distinctif</MiseEnEvidence> autocollant ou magnétisé <MiseEnEvidence>à l'arrière gauche</MiseEnEvidence> (et sur la remorque si nécessaire).</Paragraphe></Contenu><Illustration LienPublication="I3217.gif" langue="fr" poids="44.62" format="image/gif" type="Image" redimensionnable="oui"/>
</ContenuIllustre></Chapitre><Chapitre><Titre><Paragraphe>Conduite accompagnée : quels papiers présenter en cas de contrôle routier ?</Paragraphe></Titre><Paragraphe>Lors de la <MiseEnEvidence>conduite accompagnée (AAC),</MiseEnEvidence> les <MiseEnEvidence>documents suivants </MiseEnEvidence>doivent être présentés en cas de contrôle routier par les forces de l'ordre :</Paragraphe><Liste type="puce"><Item><Paragraphe><MiseEnEvidence>Certificat d'immatriculation</MiseEnEvidence> (carte grise) du véhicule, et si nécessaire <LienInterne LienPublication="F21112" type="Fiche Question-réponse conditionnée" audience="Particuliers">carte grise de la remorque</LienInterne></Paragraphe></Item><Item><Paragraphe><LienInterne LienPublication="F1362" type="Fiche d'information conditionnée" audience="Particuliers"/><MiseEnEvidence><LienInterne LienPublication="F1362" type="Fiche d'information conditionnée" audience="Particuliers">Attestation d'assurance</LienInterne></MiseEnEvidence> du véhicule et <LienInterne LienPublication="F2662" type="Fiche Question-réponse conditionnée" audience="Particuliers">document d'extension de la garantie</LienInterne></Paragraphe></Item><Item><Paragraphe><MiseEnEvidence>Formulaire</MiseEnEvidence> de demande du permis de conduire (version imprimée ou dématérialisée)</Paragraphe></Item><Item><Paragraphe><MiseEnEvidence>Permis de conduire de l'accompagnateur</MiseEnEvidence></Paragraphe></Item></Liste></Chapitre><Chapitre><Titre><Paragraphe>Conduite accompagnée : quel est l'âge minimum pour passer le permis ?</Paragraphe></Titre><Paragraphe>Vous devez avoir <MiseEnEvidence>17 ans ou plus </MiseEnEvidence>pour passer <MiseEnEvidence>l'épreuve pratique du <LienInterne LienPublication="F2828" type="Fiche d'information conditionnée" audience="Particuliers">permis B</LienInterne></MiseEnEvidence>.</Paragraphe><Paragraphe>En cas de succès, vous recevez votre <MiseEnEvidence>certificat d'examen du permis de conduire (CEPC)</MiseEnEvidence>.</Paragraphe><Paragraphe>Le CEPC a une durée de validité de <MiseEnEvidence>4 mois</MiseEnEvidence> <MiseEnEvidence>à partir du jour de l'examen.</MiseEnEvidence></Paragraphe><Attention><Titre>Attention</Titre><Paragraphe><MiseEnEvidence>Jusqu'à vos 17 ans</MiseEnEvidence>, vous devez conduire <MiseEnEvidence>avec votre accompagnateur</MiseEnEvidence>. Vous pouvez conduire <MiseEnEvidence>seul</MiseEnEvidence> uniquement<MiseEnEvidence> à partir de 17 ans</MiseEnEvidence>.</Paragraphe></Attention><Complement><Titre>Apprentissage anticipée de la conduite : connaître le délai de validité du CEPC si vous avez réussi le permis B en 2023 à l'âge de 17 ans</Titre><Paragraphe>Si vous avez eu le permis B en 2023 à l'âge de 17 ans, et si vous êtes né(e) en 2006, le certificat d'examen du permis de conduire (CEPC) sert de permis de conduire pendant <MiseEnEvidence>4 mois à partir du 1<Exposant>er</Exposant> janvier 2024.</MiseEnEvidence></Paragraphe><Paragraphe>Vous devez télécharger un nouveau CEPC sur le <LienInterne LienPublication="R39502" type="Téléservice" audience="Particuliers">site RdvPermis</LienInterne> à partir du 2 janvier 2024.</Paragraphe></Complement></Chapitre><Chapitre><Titre><Paragraphe>Conduite accompagnée : la durée du permis probatoire est-elle réduite ?</Paragraphe></Titre><Paragraphe>Oui, si vous réussissez le <LienInterne LienPublication="F2828" type="Fiche d'information conditionnée" audience="Particuliers">permis B</LienInterne> après un <MiseEnEvidence>apprentissage anticipé de la conduite (AAC)</MiseEnEvidence>, la <LienInterne LienPublication="F2390" type="Fiche Question-réponse conditionnée" audience="Particuliers">période probatoire </LienInterne>est de <MiseEnEvidence>2 ans</MiseEnEvidence> au lieu de 3 ans.</Paragraphe></Chapitre></Texte><VoirAussi important="non"><Dossier ID="N530" audience="Particuliers"><Titre>Permis de conduire</Titre><Theme ID="N19812"><Titre>Transports - Mobilité</Titre></Theme></Dossier><Dossier ID="N18918" audience="Particuliers"><Titre>Infractions routières</Titre><Theme ID="N19812"><Titre>Transports - Mobilité</Titre></Theme></Dossier><Fiche ID="F2828" audience="Particuliers"><Titre>Permis B : voiture ou camionnette</Titre><Theme ID="N19812"><Titre>Transports - Mobilité</Titre></Theme></Fiche><Fiche ID="F10036" audience="Particuliers"><Titre>Apprentissage encadré de la conduite (métiers de la route)</Titre><Theme ID="N19812"><Titre>Transports - Mobilité</Titre></Theme></Fiche><Fiche ID="F21012" audience="Particuliers"><Titre>Apprentissage supervisé de la conduite à partir de 18 ans</Titre><Theme ID="N19812"><Titre>Transports - Mobilité</Titre></Theme></Fiche><Fiche ID="F2663" audience="Particuliers"><Titre>Assurance auto : jeune conducteur et surprime</Titre><Theme ID="N19803"><Titre>Argent - Impôts - Consommation</Titre></Theme></Fiche><Fiche ID="F19459" audience="Particuliers"><Titre>Équipements obligatoires en voiture : gilet de sécurité, triangle...</Titre><Theme ID="N19812"><Titre>Transports - Mobilité</Titre></Theme></Fiche></VoirAussi><QuiPeutMAider ID="R33823" sve="non" type="Centre de contact"><Titre>Agence nationale des titres sécurisés (ANTS) - Permis de conduire</Titre><Source ID="R30628">Agence nationale des titres sécurisés (ANTS)</Source><Texte><Chapitre><Titre><Paragraphe>En ligne</Paragraphe></Titre><Paragraphe><LienExterne URL="https://permisdeconduire.ants.gouv.fr/">https://permisdeconduire.ants.gouv.fr/</LienExterne></Paragraphe></Chapitre><Chapitre><Titre><Paragraphe>Par messagerie</Paragraphe></Titre><Paragraphe>Accès au <LienExterne URL="https://permisdeconduire.ants.gouv.fr/aide-et-contact">formulaire de contact</LienExterne></Paragraphe></Chapitre><Chapitre><Titre><Paragraphe>Par téléphone</Paragraphe></Titre><Paragraphe><MiseEnEvidence>34 00</MiseEnEvidence></Paragraphe><Paragraphe>Du lundi au vendredi de 7h45 à 19h et le samedi de 8h à 17h. Coût d'un appel local</Paragraphe><Paragraphe><MiseEnEvidence>09 70 83 07 07</MiseEnEvidence> depuis l'Outre-Mer et l'étranger</Paragraphe></Chapitre></Texte></QuiPeutMAider><Reference type="Texte de référence" URL="https://www.legifrance.gouv.fr/codes/section_lc/LEGITEXT000006074228/LEGISCTA000006159511/#LEGISCTA000006159511" ID="R50128"><Titre>Code de la route : articles L211-1A à L211-7</Titre><Complement>Conduite anticipée (article L211-3)</Complement></Reference><Reference type="Texte de référence" URL="https://www.legifrance.gouv.fr/codes/section_lc/LEGITEXT000006074228/LEGISCTA000006177075" ID="R916"><Titre>Code de la route : articles R211-3 à R211-7</Titre></Reference><Reference type="Texte de référence" URL="https://www.legifrance.gouv.fr/jorf/id/JORFTEXT000048604456" ID="R66748"><Titre>Décret n° 2023-1214 du 20 décembre 2023 portant abaissement de l'âge minimal d'obtention de la catégorie B du permis de conduire à dix-sept ans</Titre></Reference><Reference type="Texte de référence" URL="https://www.legifrance.gouv.fr/loda/id/JORFTEXT000048669153" ID="R66801"><Titre>Arrêté du 19 décembre 2023 relatif au livret d'apprentissage numérique des formations au permis de conduire modifiant plusieurs arrêtés ministériels</Titre></Reference><Reference type="Texte de référence" URL="https://www.legifrance.gouv.fr/loda/id/JORFTEXT000027899735/" ID="R37078"><Titre>Arrêté du 29 juillet 2013 relatif au livret d'apprentissage de la catégorie B du permis de conduire</Titre></Reference><Reference type="Texte de référence" URL="https://www.legifrance.gouv.fr/loda/id/JORFTEXT000025803494/" ID="R31125"><Titre>Arrêté du 20 avril 2012 fixant les conditions d'établissement, de délivrance et de validité du permis de conduire</Titre></Reference><Reference type="Texte de référence" URL="https://www.legifrance.gouv.fr/loda/id/JORFTEXT000021560658/" ID="R2373"><Titre>Arrêté du 22 décembre 2009 relatif à l'apprentissage de la conduite des véhicules à moteur de la catégorie B dans un établissement d'enseignement agrée</Titre></Reference><ServiceEnLigne ID="R60042" selfPrincipal="true" URL="https://autoecoles.securite-routiere.gouv.fr/#/" audience="Particuliers" type="Outil de recherche"><Titre>Permis de conduire : trouver une école labellisée près de chez vous</Titre><Source ID="R30603">Ministère chargé de l'intérieur</Source></ServiceEnLigne><PourEnSavoirPlus type="Information pratique" ID="R41622" URL="http://www.securite-routiere.gouv.fr" audience="Particuliers"><Titre>Site de la sécurité routière</Titre><Source ID="R30603">Ministère chargé de l'intérieur</Source></PourEnSavoirPlus><PourEnSavoirPlus type="Information pratique" ID="R58396" URL="https://www.securite-routiere.gouv.fr/passer-son-permis-de-conduire/inscription-et-formation/inscription-dans-une-ecole-de-conduite/les" audience="Particuliers"><Titre>École de conduite labellisée</Titre><Source ID="R30603">Ministère chargé de l'intérieur</Source></PourEnSavoirPlus><Definition ID="R10398"><Titre>Représentant légal</Titre><Texte><Paragraphe>Personne désignée par la loi pour représenter et défendre les intérêts d'une autre personne. Par exemple, le père ou la mère d'un enfant mineur ou le dirigeant d'un organisme.</Paragraphe></Texte></Definition><Abreviation ID="R45943" type="Sigle"><Titre>PTAC</Titre><Texte><Paragraphe>Poids total autorisé en charge</Paragraphe></Texte></Abreviation><QuestionReponse ID="F31901" audience="Particuliers"><Titre>Conduite accompagnée : quelle formule choisir ?</Titre></QuestionReponse><QuestionReponse ID="F13609" audience="Particuliers"><Titre>Quelles aides pour financer le permis de conduire ?</Titre></QuestionReponse><QuestionReponse ID="F2662" audience="Particuliers"><Titre>Conduite accompagnée : quelle assurance pour l'accompagnateur ?</Titre></QuestionReponse><QuestionReponse ID="F33694" audience="Particuliers"><Titre>Permis de conduire : comment passer le code (épreuve théorique commune ou ETG) ?</Titre></QuestionReponse><QuestionReponse ID="F2390" audience="Particuliers"><Titre>Qu'est-ce que le permis de conduire probatoire ?</Titre></QuestionReponse><QuestionReponse ID="F31847" audience="Particuliers"><Titre>Demande de permis de conduire : quel justificatif de domicile ?</Titre></QuestionReponse><QuestionReponse ID="F34762" audience="Particuliers"><Titre>Demande en ligne de permis de conduire : comment être aidé dans la démarche ?</Titre></QuestionReponse><QuestionReponse ID="F12096" audience="Particuliers"><Titre>Quel permis pour quelle catégorie de véhicules ?</Titre></QuestionReponse><QuestionReponse ID="F2827" audience="Particuliers"><Titre>Quels véhicules peut-on conduire avec le permis B ?</Titre></QuestionReponse><QuestionReponse ID="F31133" audience="Particuliers"><Titre>Quelle est la durée de validité d'un permis de conduire ?</Titre></QuestionReponse><QuestionReponse ID="F2794" audience="Particuliers"><Titre>Quels papiers du véhicule sont obligatoires lors d'un contrôle routier ?</Titre></QuestionReponse></Publication>