<?xml version="1.0" encoding="UTF-8"?><Publication xmlns:dc="http://purl.org/dc/elements/1.1/" xmlns:xsi="http://www.w3.org/2001/XMLSchema-instance" ID="F2861" type="Fiche d'information conditionnée" xsi:noNamespaceSchemaLocation="../Schemas/3.4/Publication.xsd" spUrl="https://www.service-public.fr/particuliers/vosdroits/F2861"><dc:title>Études supérieures : première inscription d'un étudiant</dc:title><dc:creator>Direction de l'information légale et administrative</dc:creator><dc:subject>Famille - Scolarité</dc:subject><dc:description>La première inscription dans l'enseignement supérieur concerne l'étudiant qui souhaite poursuivre ses études après avoir obtenu un baccalauréat.</dc:description><dc:publisher>Direction de l'information légale et administrative</dc:publisher><dc:contributor>Direction de l'information légale et administrative (Premier ministre)</dc:contributor><dc:date>modified 2024-01-17</dc:date><dc:type>Fiche pratique</dc:type><dc:format>text/xml</dc:format><dc:identifier>F2861</dc:identifier><dc:source>https://www.legifrance.gouv.fr/codes/id/LEGISCTA000006182436</dc:source><dc:language>Fr</dc:language><dc:relation>isPartOf N58</dc:relation><dc:coverage>France entière</dc:coverage><dc:rights>https://www.service-public.fr/a-propos/mentions-legales</dc:rights><SurTitre>Fiche pratique</SurTitre><Audience>Particuliers</Audience><Canal>www.service-public.fr</Canal><FilDAriane><Niveau ID="Particuliers">Accueil particuliers</Niveau><Niveau ID="N19805">Famille - Scolarité</Niveau><Niveau ID="N58">Inscription dans l'enseignement supérieur</Niveau><Niveau ID="F2861" type="Fiche d'information conditionnée">Études supérieures : première inscription d'un étudiant</Niveau></FilDAriane><Theme ID="N19805"><Titre>Famille - Scolarité</Titre></Theme><SousThemePere ID="N20400">Études supérieures</SousThemePere><DossierPere ID="N58"><Titre>Inscription dans l'enseignement supérieur</Titre><Fiche ID="F2861">Première inscription</Fiche><Fiche ID="F2865">Coût des études</Fiche><Fiche ID="F2326">Étudiant en situation de handicap</Fiche></DossierPere><Introduction><Texte><Paragraphe>Si vous voulez poursuivre vos études dans l'enseignement supérieur après avoir obtenu votre bac ou un diplôme équivalent, la procédure d'inscription dépend de la formation choisie. Vous devez faire la démarche sur <Expression>Parcoursup</Expression> pour une formation du 1<Exposant>er</Exposant> cycle de l'enseignement supérieur public. Certaines formations ne sont pas gérées par <Expression>Parcoursup</Expression>. Les démarches d'inscription dépendent alors de l'école qui gère la formation. Ces informations vous concernent si vous êtes français ou <LienIntra LienID="R52893" type="Définition de glossaire">européen</LienIntra>.</Paragraphe></Texte></Introduction><Texte><Paragraphe>Vous devez passer par <MiseEnEvidence>Parcoursup</MiseEnEvidence> pour vous inscrire dans les formations suivantes :</Paragraphe><Liste type="puce"><Item><Paragraphe>Formations non-sélectives : licence, parcours spécifiques accès santé (PASS), parcours préparatoires au professorat des écoles (PPPE)</Paragraphe></Item><Item><Paragraphe>Formations sélectives : <LienInterne LienPublication="R67064" type="Sigle">CPGE</LienInterne> ,<LienInterne LienPublication="R51844" type="Sigle">BTS</LienInterne>, <LienInterne LienPublication="R67062" type="Sigle">BUT</LienInterne>, <LienInterne LienPublication="R67063" type="Sigle">DNMADE</LienInterne>, <LienInterne LienPublication="R67065" type="Sigle">DCG</LienInterne>, les écoles d’architecture, d’ingénieurs, de commerce et de management, les IFSI (instituts de formation en soins infirmiers) et autres formations paramédicales, les EFTS (établissements de formation en travail social), Instituts d’Etudes Politiques, Écoles nationales vétérinaires françaises (ENV), formations aux métiers de la culture, de l’animation et du sport, formations de la Marine, de l’Armée.</Paragraphe></Item></Liste><Paragraphe>Par contre, l'inscription à certaines formations <MiseEnEvidence>ne se fait pas sur Parcoursup</MiseEnEvidence>. Cela concerne notamment l'inscription dans des établissements d’enseignement privés et spécialisés : écoles d’informatique, d’art, de communication, d’audiovisuel, de journalisme, de comptabilité.</Paragraphe></Texte><ListeSituations affichage="onglet"><Situation><Titre>Parcoursup</Titre><Texte><Chapitre ID="T14764"><Titre><Paragraphe>Qui peut s'inscrire ?</Paragraphe></Titre><Paragraphe>Vous pouvez vous inscrire dans un établissement de l'enseignement supérieur si vous êtes dans l'un des cas suivants :</Paragraphe><Liste type="puce"><Item><Paragraphe>Élève d'une classe de terminale précédant l'année universitaire pour laquelle vous souhaitez vous inscrire</Paragraphe></Item><Item><Paragraphe>Non-bachelier, mais titulaire du <LienExterne URL="http://www.enseignementsup-recherche.gouv.fr/cid21053/le-d.a.e.u.html">DAEU</LienExterne> (diplôme d'accès aux études universitaires)</Paragraphe></Item><Item><Paragraphe>Non-bachelier, engagé ou non dans la vie active, et ayant obtenu une <LienInterne LienPublication="F2401" type="Fiche d'information conditionnée" audience="Particuliers">validation des acquis de l'expérience (VAE)</LienInterne></Paragraphe></Item><Item><Paragraphe>Bachelier qui souhaite reprendre ses études</Paragraphe></Item><Item><Paragraphe>Titulaire d'un baccalauréat français obtenu à l'étranger ou d'un baccalauréat européen</Paragraphe></Item><Item><Paragraphe>Étudiant européen titulaire d'un baccalauréat européen</Paragraphe></Item><Item><Paragraphe>Étudiant non-européen titulaire d'un baccalauréat français obtenu dans un lycée de l'Agence française pour l'enseignement français à l'étranger (AEFE)</Paragraphe></Item></Liste></Chapitre><Chapitre><Titre><Paragraphe>Comment s'inscrire ?</Paragraphe></Titre><Paragraphe>La <LienInterne LienPublication="F23476" type="Fiche d'information conditionnée" audience="Particuliers">procédure Parcoursup</LienInterne> se déroule en plusieurs phases. Un calendrier doit être respecté.</Paragraphe><SousChapitre><Titre><Paragraphe>1re étape : information, inscription et voeux sur la plateforme Parcoursup</Paragraphe></Titre><Paragraphe><MiseEnEvidence>Renseignement sur les formations proposées</MiseEnEvidence></Paragraphe><Paragraphe>Vous pouvez vous renseigner sur les formations disponibles sur Parcoursup :</Paragraphe><ServiceEnLigne ID="R42572" URL="https://www.parcoursup.gouv.fr" audience="Particuliers" type="Téléservice"><Titre>Plateforme Parcoursup</Titre><Source ID="R30638">Ministère chargé de l'éducation</Source><Introduction><Texte><Paragraphe>S'adresse aux lycéens, apprentis ou étudiants en réorientation qui souhaitent s'inscrire dans l'enseignement supérieur public. La plateforme permet au futur étudiant de s'informer sur les différentes formations et établissements qui l'intéressent, formuler des vœux et valider les propositions d'admission reçues.</Paragraphe></Texte></Introduction></ServiceEnLigne><Paragraphe><MiseEnEvidence>Inscription</MiseEnEvidence></Paragraphe><Paragraphe>Vous devez ensuite vous inscrire sur Parcoursup.</Paragraphe><ServiceEnLigne ID="R19176" URL="https://dossier.parcoursup.fr/Candidat/authentification" audience="Particuliers" type="Téléservice"><Titre>Accéder à votre dossier d'inscription dans l'enseignement supérieur</Titre><Source ID="R30775">Ministère chargé de l'enseignement supérieur, de la recherche et de l'innovation</Source></ServiceEnLigne><Paragraphe>Vous devez choisir une adresse mail valide et régulièrement consultée. Vous pouvez télécharger l'application Parcoursup sur votre téléphone mobile. On vous attribue un numéro de dossier et vous choisissez votre mot de passe. Conservez-les.</Paragraphe><Paragraphe><MiseEnEvidence>Formulation des vœux</MiseEnEvidence></Paragraphe><Paragraphe>Vous devez choisir au maximum 10 vœux de formation, sans les classer.</Paragraphe></SousChapitre><SousChapitre><Titre><Paragraphe>2e étape : Réception et acceptation des propositions sur Parcoursup</Paragraphe></Titre><Paragraphe>L'établissement d'enseignement supérieur examine votre candidature.</Paragraphe><Paragraphe>Suivant votre projet, votre parcours scolaire et la filière demandée, il vous donne l'une des réponses suivantes :</Paragraphe><Liste type="puce"><Item><Paragraphe>Proposition d'admission</Paragraphe></Item><Item><Paragraphe>En attente d'une place</Paragraphe></Item><Item><Paragraphe>Refus</Paragraphe></Item></Liste><Paragraphe>Si vous recevez une seule proposition d'admission, vous pouvez accepter ou renoncer, et demander à conserver tout ou partie de vos vœux en attente.</Paragraphe><Paragraphe>Si vous recevez plusieurs propositions d'admission, vous pouvez accepter une proposition et renoncer aux autres, et demander à conserver tout ou partie de vos vœux en attente.</Paragraphe><Paragraphe>Si vous recevez uniquement des réponses en attente, vous devez attendre qu'une place se libère.</Paragraphe><Paragraphe>Si vous recevez uniquement des réponses négatives, la commission d'accès à l'enseignement supérieur vous fera des propositions.</Paragraphe></SousChapitre><SousChapitre><Titre><Paragraphe>3e étape : l'inscription définitive</Paragraphe></Titre><Paragraphe>Après avoir accepté la proposition d'admission dans un établissement d'enseignement supérieur, vous devez faire votre inscription administrative auprès de cet établissement.</Paragraphe><Paragraphe>Les formalités varient d'un établissement à l'autre.</Paragraphe><Paragraphe>Vous devez donc le contacter ou consulter les instructions sur son site internet. Cela vous permettra notamment de connaître les dates limites des démarches à accomplir.</Paragraphe></SousChapitre></Chapitre><Chapitre><Titre><Paragraphe>L'inscription est-elle payante ?</Paragraphe></Titre><Paragraphe>Oui. Vous devez payer des <LienInterne LienPublication="F2865" type="Fiche d'information conditionnée" audience="Particuliers">droits d'inscription</LienInterne> au moment de l'inscription dans l'établissement. Ils vous permettent d'obtenir la carte d'étudiant.</Paragraphe></Chapitre></Texte></Situation><Situation><Titre>Hors Parcoursup</Titre><Texte><Chapitre ID="T14764"><Titre><Paragraphe>Qui peut s'inscrire ?</Paragraphe></Titre><Paragraphe>Vous pouvez vous inscrire dans un établissement de l'enseignement supérieur si vous êtes dans l'un des cas suivants :</Paragraphe><Liste type="puce"><Item><Paragraphe>Élève d'une classe de terminale précédant l'année universitaire pour laquelle vous souhaitez vous inscrire</Paragraphe></Item><Item><Paragraphe>Non-bachelier, mais titulaire du <LienExterne URL="http://www.enseignementsup-recherche.gouv.fr/cid21053/le-d.a.e.u.html">DAEU</LienExterne> (diplôme d'accès aux études universitaires)</Paragraphe></Item><Item><Paragraphe>Non-bachelier, engagé ou non dans la vie active, et ayant obtenu une <LienInterne LienPublication="F2401" type="Fiche d'information conditionnée" audience="Particuliers">validation des acquis de l'expérience (VAE)</LienInterne></Paragraphe></Item><Item><Paragraphe>Bachelier qui souhaite reprendre ses études</Paragraphe></Item><Item><Paragraphe>Titulaire d'un baccalauréat français obtenu à l'étranger ou d'un baccalauréat européen</Paragraphe></Item><Item><Paragraphe>Étudiant européen titulaire d'un baccalauréat européen</Paragraphe></Item><Item><Paragraphe>Étudiant non-européen titulaire d'un baccalauréat français obtenu dans un lycée de l'Agence française pour l'enseignement français à l'étranger (AEFE)</Paragraphe></Item></Liste></Chapitre><Chapitre><Titre><Paragraphe>Comment s'inscrire ?</Paragraphe></Titre><Paragraphe>Les écoles concernées ont souvent leur propre système d'inscription et d'admission.</Paragraphe><Paragraphe>Vous devez donc prendre contact avec elles pour connaître les démarches à effectuer.</Paragraphe></Chapitre><Chapitre><Titre><Paragraphe>L'inscription est-elle payante ?</Paragraphe></Titre><Paragraphe>Oui. Vous devez payer des <LienInterne LienPublication="F2865" type="Fiche d'information conditionnée" audience="Particuliers">droits d'inscription</LienInterne> au moment de l'inscription dans l'établissement. Ils vous permettent d'obtenir la carte d'étudiant.</Paragraphe><ASavoir><Titre>À savoir</Titre><Paragraphe>les écoles d'enseignement supérieur peuvent faire payer des frais de scolarité.</Paragraphe></ASavoir></Chapitre></Texte></Situation></ListeSituations><VoirAussi important="non"><Fiche ID="F23476" audience="Particuliers"><Titre>Parcoursup</Titre><Theme ID="N19805"><Titre>Famille - Scolarité</Titre></Theme></Fiche></VoirAussi><VoirAussi important="oui"><Fiche ID="F2863" audience="Particuliers"><Titre>Inscription d'un étranger dans l'enseignement supérieur</Titre><Theme ID="N19805"><Titre>Famille - Scolarité</Titre></Theme></Fiche></VoirAussi><Reference type="Texte de référence" URL="https://www.legifrance.gouv.fr/codes/id/LEGISCTA000006182436" ID="R19181"><Titre>Code de l'éducation : articles L612-2 à L612-4</Titre><Complement>Déroulement du 1er cycle d'études supérieures</Complement></Reference><ServiceEnLigne ID="R19176" URL="https://dossier.parcoursup.fr/Candidat/authentification" audience="Particuliers" type="Téléservice"><Titre>Accéder à votre dossier d'inscription dans l'enseignement supérieur</Titre><Source ID="R30775">Ministère chargé de l'enseignement supérieur, de la recherche et de l'innovation</Source></ServiceEnLigne><PourEnSavoirPlus type="Information pratique" ID="R15744" URL="http://www.enseignementsup-recherche.gouv.fr/cid20268/liste-des-grandes-ecoles-et-des-grands-etablissements.html" audience="Particuliers"><Titre>Liste des grandes écoles et des grands établissements</Titre><Source ID="R30775">Ministère chargé de l'enseignement supérieur, de la recherche et de l'innovation</Source></PourEnSavoirPlus><PourEnSavoirPlus type="Information pratique" ID="R52080" URL="http://www.enseignementsup-recherche.gouv.fr/cid21053/le-d.a.e.u.html" audience="Particuliers"><Titre>Diplôme d'accès aux études universitaires</Titre><Source ID="R30775">Ministère chargé de l'enseignement supérieur, de la recherche et de l'innovation</Source></PourEnSavoirPlus><Definition ID="R52893"><Titre>Européen (EEE + Suisse, Monaco et Andorre)</Titre><Texte><Paragraphe>Allemagne, Andorre, Autriche, Belgique, Bulgarie, Chypre, Croatie, Danemark, Espagne, Estonie, Finlande, Grèce, Hongrie, Irlande, Islande, Italie, Lettonie, Liechtenstein, Lituanie, Luxembourg, Malte, Monaco, Norvège, Pays-Bas, Pologne, Portugal, République tchèque, Roumanie, Royaume-Uni, Slovaquie, Slovénie, Suède et Suisse</Paragraphe></Texte></Definition><Abreviation ID="R67064" type="Sigle"><Titre>CPGE</Titre><Texte><Paragraphe>Classe préparatoire aux grandes écoles</Paragraphe></Texte></Abreviation><Abreviation ID="R51844" type="Sigle"><Titre>BTS</Titre><Texte><Paragraphe>Brevet de technicien supérieur</Paragraphe></Texte></Abreviation><Abreviation ID="R67062" type="Sigle"><Titre>BUT</Titre><Texte><Paragraphe>Bachelor universitaire de technologie</Paragraphe></Texte></Abreviation><Abreviation ID="R67063" type="Sigle"><Titre>DNMADE</Titre><Texte><Paragraphe>Diplôme national des métiers d'art et du design</Paragraphe></Texte></Abreviation><Abreviation ID="R67065" type="Sigle"><Titre>DCG</Titre><Texte><Paragraphe>Diplôme de comptabilité et de gestion</Paragraphe></Texte></Abreviation><QuestionReponse ID="F10492" audience="Particuliers"><Titre>Comment obtenir la copie d'un diplôme ?</Titre></QuestionReponse><QuestionReponse ID="F31063" audience="Particuliers"><Titre>Un étudiant peut-il se réorienter pendant la première année d'université ?</Titre></QuestionReponse><QuestionReponse ID="F1897" audience="Particuliers"><Titre>Médiateur de l'éducation nationale et de l'enseignement supérieur : comment y recourir ?</Titre></QuestionReponse></Publication>