<?xml version="1.0" encoding="UTF-8"?><Publication xmlns:dc="http://purl.org/dc/elements/1.1/" xmlns:xsi="http://www.w3.org/2001/XMLSchema-instance" ID="F2868" type="Fiche Question-réponse conditionnée" xsi:noNamespaceSchemaLocation="../Schemas/3.4/Publication.xsd" spUrl="https://www.service-public.fr/particuliers/vosdroits/F2868"><dc:title>Surface de plancher d'une construction : quelles sont les règles de calcul ?</dc:title><dc:creator>Direction de l'information légale et administrative</dc:creator><dc:subject>Logement</dc:subject><dc:description>La surface de plancher se calcule à partir de critères précis selon qu'il s'agit d'une maison ou d'un immeuble collectif.</dc:description><dc:publisher>Direction de l'information légale et administrative</dc:publisher><dc:contributor>Direction de l'information légale et administrative (Premier ministre)</dc:contributor><dc:date>modified 2022-07-08</dc:date><dc:type>Question-réponse</dc:type><dc:format>text/xml</dc:format><dc:identifier>F2868</dc:identifier><dc:source>https://www.legifrance.gouv.fr/codes/article_lc/LEGIARTI000031210207/, https://www.legifrance.gouv.fr/codes/article_lc/LEGIARTI000028678466/, https://www.legifrance.gouv.fr/codes/article_lc/LEGIARTI000038682379, https://www.legifrance.gouv.fr/codes/article_lc/LEGIARTI000031721274/, https://www.legifrance.gouv.fr/codes/article_lc/LEGIARTI000025210950, http://circulaire.legifrance.gouv.fr/pdf/2012/02/cir_34719.pdf</dc:source><dc:language>Fr</dc:language><dc:relation>isPartOf N319</dc:relation><dc:coverage>France entière</dc:coverage><dc:rights>https://www.service-public.fr/a-propos/mentions-legales</dc:rights><SurTitre>Question-réponse</SurTitre><Audience>Particuliers</Audience><Canal>www.service-public.fr</Canal><FilDAriane><Niveau ID="Particuliers">Accueil particuliers</Niveau><Niveau ID="N19808">Logement</Niveau><Niveau ID="N319">Autorisation d'urbanisme</Niveau><Niveau ID="F2868" type="Fiche Question-réponse conditionnée">Surface de plancher d'une construction : quelles sont les règles de calcul ?</Niveau></FilDAriane><Theme ID="N19808"><Titre>Logement</Titre></Theme><SousThemePere ID="N557">Urbanisme</SousThemePere><DossierPere ID="N319"><Titre>Autorisation d'urbanisme</Titre><Fiche ID="F1633">Certificat d'urbanisme (CU)</Fiche><Fiche ID="F17578">Déclaration préalable de travaux (DP)</Fiche><Fiche ID="F1986">Permis de construire</Fiche><Fiche ID="F17665">Permis d'aménager</Fiche><Fiche ID="F19450">Permis modificatif d'un permis de construire ou d'aménager</Fiche><Fiche ID="F17669">Permis de démolir</Fiche><Fiche ID="F2698">Transfert d'un permis de construire ou d'aménager</Fiche><Fiche ID="F20567">Contestation d'une autorisation d'urbanisme</Fiche><Fiche ID="F23263">Taxe d'aménagement (TA)</Fiche><Fiche ID="F447">Assainissement des eaux usées domestiques</Fiche></DossierPere><Texte><Paragraphe>La <LienIntra LienID="R11405" type="Définition de glossaire">surface de plancher </LienIntra>de la construction correspond à la <MiseEnEvidence>somme des surfaces closes et couvertes</MiseEnEvidence>, sous une hauteur de plafond <MiseEnEvidence>supérieure à 1,80 m</MiseEnEvidence>, calculée à partir du nu intérieur des façades du bâtiment. La surface de plancher se calcule différemment entre la maison et l'immeuble collectif dans les déductions à réaliser.</Paragraphe><Paragraphe>La surface de plancher permet de déterminer le<MiseEnEvidence> type d'<LienIntra LienID="R62754" type="Définition de glossaire">autorisation d'urbanisme</LienIntra></MiseEnEvidence> exigé pour votre projet.</Paragraphe><Paragraphe>Au-delà d'une certaine surface de plancher, il est nécessaire de <LienInterne LienPublication="F20568" type="Fiche Question-réponse conditionnée" audience="Particuliers">recourir à l'architecte</LienInterne>.</Paragraphe><Paragraphe><LienIntra LienID="R15257" type="Définition de glossaire">L'emprise au sol</LienIntra> est aussi prise en compte pour connaître le type de demande. En fonction de la destination des constructions (agricole, serres de production), l'emprise au sol est aussi déterminante pour le <LienInterne LienPublication="F20568" type="Fiche Question-réponse conditionnée" audience="Particuliers">recours à l'architecte</LienInterne>.<LienInterne LienPublication="F20568" type="Fiche Question-réponse conditionnée" audience="Particuliers"/></Paragraphe><Attention><Titre>Attention</Titre><Paragraphe>la surface de plancher ne doit pas être confondue avec la surface privative des appartements de la<MiseEnEvidence> loi Carrez</MiseEnEvidence>. Celle-ci définit la superficie de la partie privative du lot ou de la fraction de lot lors de la <LienInterne LienPublication="F2604" type="Fiche d'information conditionnée" audience="Particuliers">vente</LienInterne> ou de l'achat de votre bien en <MiseEnEvidence>copropriété</MiseEnEvidence>.</Paragraphe></Attention><BlocCas affichage="onglet"><Cas><Titre>Maison</Titre><Paragraphe>La surface de plancher correspond à la somme des surfaces de tous les niveaux construits, <MiseEnEvidence>clos et couvert</MiseEnEvidence>, dont la <MiseEnEvidence>hauteur sous plafond</MiseEnEvidence> est <MiseEnEvidence>supérieure à 1,80 m</MiseEnEvidence>, calculé à partir du nu intérieur (mesuré à partir des plinthes).</Paragraphe><Paragraphe>La surface de plancher s'obtient après <MiseEnEvidence>déduction des surfaces suivantes</MiseEnEvidence> :</Paragraphe><Liste type="puce"><Item><Paragraphe>Surfaces correspondant à l'épaisseur des murs entourant les embrasures des portes et fenêtres donnant sur l'extérieur</Paragraphe></Item><Item><Paragraphe>Vides et trémies (espaces sous les escaliers et ascenseurs)</Paragraphe></Item><Item><Paragraphe>Surfaces de plancher d'une hauteur sous plafond inférieure ou égale à 1,80 m</Paragraphe></Item><Item><Paragraphe>Surfaces de plancher aménagées pour le stationnement des véhicules motorisés ou non (y compris les rampes d'accès et les aires de manœuvres)</Paragraphe></Item><Item><Paragraphe>Surfaces de plancher des combles non aménageables pour l'habitation ou pour des activités à caractère professionnel, artisanal, industriel ou commercial (par exemple, combles avec encombrement de la charpente important ou un plancher qui ne peut pas supporter des charges)</Paragraphe></Item></Liste><Paragraphe>Vous devez déduire également l'épaisseur des <MiseEnEvidence>matériaux isolants</MiseEnEvidence>.</Paragraphe><Image LienPublication="I6350.jpg" langue="fr" poids="65.13" format="image/jpeg" type="Image" redimensionnable="oui"><Legende>Surface de plancher et emprise au sol : quelles différences ?</Legende><Credits><Paragraphe>Service Public (DILA)</Paragraphe></Credits><TexteDeRemplacement>Expliquer ce que sont la surface de plancher et l'emprise au sol et montrer les différences entre les 2</TexteDeRemplacement><Description><Paragraphe>Surface de plancher et emprise au sol : quelles sont les différences ?</Paragraphe><Paragraphe>Vous avez un projet de construction ou de rénovation d’une maison ? La mesure de la surface de plancher et celle de l’emprise au sol sont nécessaires pour faire votre demande d’autorisation d’urbanisme à la mairie. Elles sont aussi déterminantes pour le recours à un architecte.</Paragraphe><Paragraphe>D’une part, la surface de plancher</Paragraphe><Paragraphe>La surface de plancher est la somme de toutes les surfaces closes et couvertes.</Paragraphe><Paragraphe>Elle n’inclut pas :</Paragraphe><Liste type="puce"><Item><Paragraphe>L’épaisseur des murs extérieurs</Paragraphe></Item><Item><Paragraphe>Les embrasures des portes et fenêtres extérieures (ouvertures faites dans le mur pour recevoir les portes et fenêtres)</Paragraphe></Item><Item><Paragraphe>Les hauteurs sous plafond et sous escalier, inférieures ou égales à 1m80</Paragraphe></Item><Item><Paragraphe>Les trémies d’escaliers (ouverture pour le passage de l’escalier entre 2 étages)</Paragraphe></Item><Item><Paragraphe>Les combles non aménageables (absence de dalle ou de plancher)</Paragraphe></Item><Item><Paragraphe>La surface du garage (pour les véhicules motorisés ou non)</Paragraphe></Item><Item><Paragraphe>La surface du bassin de la piscine s’il y en a une</Paragraphe></Item></Liste><Paragraphe>D’autre part, l’emprise au sol</Paragraphe><Paragraphe>L'emprise au sol est la surface que le bâtiment occupe au sol, annexes comprises, s'il y a en a. Il peut s'agir de la surface du garage ou celle du bassin de la piscine.</Paragraphe><Paragraphe>Elle n’inclut pas :</Paragraphe><Liste type="puce"><Item><Paragraphe>Les terrasses de plain-pied</Paragraphe></Item><Item><Paragraphe>Les débords de toiture sans poteau de soutien</Paragraphe></Item><Item><Paragraphe>Les aires de stationnement non couvertes</Paragraphe></Item><Item><Paragraphe>Les éléments d’ornement de la façade (corniche, marquise…)</Paragraphe></Item></Liste></Description></Image>
<Paragraphe>Pour vous aider à calculer la surface de plancher de votre construction, vous pouvez vous servir d'une méthode de calcul.</Paragraphe><ServiceEnLigne ID="R42163" URL="https://www.formulaires.service-public.fr/gf/getAnnexe.do?cerfaAnnexe=2&amp;cerfaFormulaire=88065" audience="Particuliers" type="Simulateur"><Titre>Méthode de calcul de la surface de plancher</Titre><Source ID="R30659">Ministère chargé de l'urbanisme</Source></ServiceEnLigne><ASavoir><Titre>À savoir</Titre><Paragraphe>Dans ce formulaire, il est fait référence à la <LienIntra LienID="R62817" type="Définition de glossaire">surface taxable</LienIntra>, c'est-à-dire la surface correspondant à la taxe d'aménagement.</Paragraphe></ASavoir></Cas><Cas><Titre>Immeuble collectif</Titre><Paragraphe>La surface de plancher correspond à la somme des surfaces de tous les niveaux construits, <MiseEnEvidence>clos et couvert</MiseEnEvidence>, dont la <MiseEnEvidence>hauteur sous plafond</MiseEnEvidence> est <MiseEnEvidence>supérieure à 1,80 m</MiseEnEvidence>, calculé à partir du nu intérieur (mesuré à partir des plinthes).</Paragraphe><Paragraphe>La surface de plancher s'obtient après <MiseEnEvidence>déduction des surfaces suivantes</MiseEnEvidence> :</Paragraphe><Liste type="puce"><Item><Paragraphe>Surfaces correspondant à l'épaisseur des murs entourant les embrasures des portes et fenêtres donnant sur l'extérieur</Paragraphe></Item><Item><Paragraphe>Vides et trémies (espaces sous les escaliers et ascenseurs)</Paragraphe></Item><Item><Paragraphe>Surfaces de plancher d'une hauteur sous plafond inférieure ou égale à 1,80 m</Paragraphe></Item><Item><Paragraphe>Surfaces de plancher aménagées pour le stationnement des véhicules motorisés ou non (y compris les rampes d'accès et les aires de manœuvres)</Paragraphe></Item><Item><Paragraphe>Surfaces de plancher des combles non aménageables pour l'habitation ou pour des activités à caractère professionnel, artisanal, industriel ou commercial (par exemple, des combles avec un encombrement de la charpente important ou un plancher qui ne peut pas supporter des charges)</Paragraphe></Item><Item><Paragraphe>Surfaces de plancher des locaux techniques nécessaires au fonctionnement d'un groupe de bâtiments ou d'un immeuble autre qu'une maison individuelle (y compris les locaux de stockage des déchets)</Paragraphe></Item><Item><Paragraphe>Surfaces de plancher des caves ou des celliers, annexes à des logements, dès lors que ces locaux sont desservis uniquement par une <LienIntra LienID="R44506" type="Définition de glossaire">partie commune</LienIntra></Paragraphe></Item><Item><Paragraphe>Surface égale à<Valeur> 10 %</Valeur> des surfaces de plancher destinée à l'habitation, après déductions des points précédents, dès lors que les logements sont desservis par des parties communes intérieures</Paragraphe></Item></Liste><Paragraphe>Vous devez déduire également l'épaisseur des <MiseEnEvidence>matériaux isolants</MiseEnEvidence>.</Paragraphe><Paragraphe>Pour vous aider à calculer la surface de plancher de votre construction, vous pouvez vous servir d'une méthode de calcul.</Paragraphe><ServiceEnLigne ID="R42163" URL="https://www.formulaires.service-public.fr/gf/getAnnexe.do?cerfaAnnexe=2&amp;cerfaFormulaire=88065" audience="Particuliers" type="Simulateur"><Titre>Méthode de calcul de la surface de plancher</Titre><Source ID="R30659">Ministère chargé de l'urbanisme</Source></ServiceEnLigne><ASavoir><Titre>À savoir</Titre><Paragraphe>Dans ce formulaire, il est fait référence à la <LienIntra LienID="R62817" type="Définition de glossaire">surface taxable</LienIntra>, c'est-à-dire la surface correspondant à la taxe d'aménagement.</Paragraphe></ASavoir></Cas></BlocCas></Texte><VoirAussi important="non"><Dossier ID="N319" audience="Particuliers"><Titre>Autorisation d'urbanisme</Titre><Theme ID="N19808"><Titre>Logement</Titre></Theme></Dossier><Fiche ID="F31518" audience="Particuliers"><Titre>Partie commune réservée à l'usage exclusif d'un copropriétaire (droit de jouissance privative)</Titre><Theme ID="N19808"><Titre>Logement</Titre></Theme></Fiche><Fiche ID="F31513" audience="Particuliers"><Titre>Copropriété : travaux et aménagements dans l'appartement du propriétaire occupant</Titre><Theme ID="N19808"><Titre>Logement</Titre></Theme></Fiche></VoirAussi><QuiPeutMAider ID="R1" sve="non" type="Local personnalisé sur SP"><Titre>Mairie</Titre><PivotLocal>mairie</PivotLocal><RessourceWeb URL="https://lannuaire.service-public.fr/navigation/mairie"/></QuiPeutMAider><OuSAdresser ID="R1" sve="non" type="Local personnalisé sur SP"><Titre>Mairie</Titre><PivotLocal>mairie</PivotLocal><RessourceWeb URL="https://lannuaire.service-public.fr/navigation/mairie"/></OuSAdresser><Reference type="Texte de référence" URL="https://www.legifrance.gouv.fr/codes/article_lc/LEGIARTI000031210207/" ID="R62782"><Titre>Code de l'urbanisme : article L. 111-14 du code de l'urbanisme</Titre><Complement>Définition de la surface de plancher</Complement></Reference><Reference type="Texte de référence" URL="https://www.legifrance.gouv.fr/codes/article_lc/LEGIARTI000028678466/" ID="R62783"><Titre>Code de l'urbanisme : article R.420-1</Titre><Complement>Définition de l'emprise au sol</Complement></Reference><Reference type="Texte de référence" URL="https://www.legifrance.gouv.fr/codes/article_lc/LEGIARTI000038682379" ID="R35538"><Titre>Code de l'urbanisme : article R*431-2</Titre><Complement>Recours à l'architecte</Complement></Reference><Reference type="Texte de référence" URL="https://www.legifrance.gouv.fr/codes/article_lc/LEGIARTI000031721274/" ID="R38258"><Titre>Code de l'urbanisme : article R111-22</Titre><Complement>Méthode de calcul</Complement></Reference><Reference type="Texte de référence" URL="https://www.legifrance.gouv.fr/codes/article_lc/LEGIARTI000025210950" ID="R62818"><Titre>Code de l'urbanisme : article R. 331-7</Titre><Complement>Base d'imposition de la taxe d'aménagement</Complement></Reference><Reference type="Texte de référence" URL="http://circulaire.legifrance.gouv.fr/pdf/2012/02/cir_34719.pdf" ID="R2645" format="application/pdf" poids="1.4 MB"><Titre>Circulaire du 3 février 2012 relative au respect des modalités de calcul de la surface de plancher des constructions</Titre><Complement>Précisions sur la méthode de calcul</Complement></Reference><ServiceEnLigne ID="R42163" URL="https://www.formulaires.service-public.fr/gf/getAnnexe.do?cerfaAnnexe=2&amp;cerfaFormulaire=88065" audience="Particuliers" type="Simulateur"><Titre>Méthode de calcul de la surface de plancher</Titre><Source ID="R30659">Ministère chargé de l'urbanisme</Source></ServiceEnLigne><PourEnSavoirPlus type="Information pratique" ID="R51425" URL="https://www.inc-conso.fr/content/urbanisme-la-definition-et-le-calcul-de-la-surface-de-plancher" audience="Particuliers"><Titre>Définition et calcul de la surface de plancher</Titre><Source ID="R30643">Institut national de la consommation (INC)</Source></PourEnSavoirPlus><Definition ID="R11405"><Titre>Surface de plancher d'une construction</Titre><Texte><Paragraphe>Unité de calcul des surfaces des constructions servant à la délivrance des autorisations d'urbanisme</Paragraphe></Texte></Definition><Definition ID="R62754"><Titre>Autorisation d'urbanisme</Titre><Texte><Paragraphe>Document délivré par une autorité administrative pour valider qu'un projet soit bien conforme aux règles d'urbanisme en vigueur ( permis de construire par exemple).</Paragraphe></Texte></Definition><Definition ID="R15257"><Titre>Emprise au sol d'une construction</Titre><Texte><Paragraphe>Projection verticale du volume de la construction, tous débords et surplombs inclus. Toutefois, les ornements (exemple : marquises) sont exclus, ainsi que les débords de toiture lorsqu'ils ne sont pas soutenus par des poteaux ou des encorbellements.</Paragraphe></Texte></Definition><Definition ID="R62817"><Titre>Surface taxable</Titre><Texte><Paragraphe>Somme des surfaces de plancher de chaque niveau après déduction des surfaces correspondant à l'épaisseur des murs entourant les embrasures des portes et fenêtres donnant sur l'extérieur, des vides et des trémies afférentes aux escaliers et ascenseurs et des surfaces de plancher sous une hauteur de plafond inférieure ou égale à 1,80 mètre</Paragraphe></Texte></Definition><Definition ID="R44506"><Titre>Parties communes d'une copropriété</Titre><Texte><Paragraphe>Parties de bâtiments (couloirs, chaudière, canalisation, garde-corps...) et des terrains (jardins, parcs...) affectés à l'usage ou à l'utilité de tous les copropriétaires</Paragraphe></Texte><Reference type="Texte de référence" URL="https://www.legifrance.gouv.fr/loda/id/LEGITEXT000006068256/" ID="R15198"><Titre>Loi n°65-557 du 10 juillet 1965 fixant le statut de la copropriété des immeubles bâtis</Titre></Reference></Definition><QuestionReponse ID="F20568" audience="Particuliers"><Titre>Dans quel cas doit-on recourir à un architecte ?</Titre></QuestionReponse><QuestionReponse ID="F1107" audience="Particuliers"><Titre>Copropriétaires : quand demander l'autorisation pour faire des travaux ?</Titre></QuestionReponse><CommentFaireSi ID="F15913" audience="Particuliers" pictogramme="icone-achat-logement"><Titre>J'achète un logement</Titre></CommentFaireSi></Publication>