<?xml version="1.0" encoding="UTF-8"?><Publication xmlns:dc="http://purl.org/dc/elements/1.1/" xmlns:xsi="http://www.w3.org/2001/XMLSchema-instance" ID="F2902" type="Fiche d'information conditionnée" xsi:noNamespaceSchemaLocation="../Schemas/3.4/Publication.xsd" spUrl="https://www.service-public.fr/particuliers/vosdroits/F2902"><dc:title>Contrôle judiciaire</dc:title><dc:creator>Direction de l'information légale et administrative</dc:creator><dc:subject>Justice</dc:subject><dc:description>Le contrôle judiciaire est une mesure qui permet de restreindre la liberté d'une personne soupçonnée d'une infraction pénale lorsqu'elle encourt une peine de prison. La personne placée sous contrôle judiciaire doit respecter les obligations fixées par le juge, en cours d'instruction ou dans l'attente du procès pénal. Nous vous donnons les informations utiles.</dc:description><dc:publisher>Direction de l'information légale et administrative</dc:publisher><dc:contributor>Direction de l'information légale et administrative (Premier ministre), Ministère chargé de la justice</dc:contributor><dc:date>modified 2023-07-12</dc:date><dc:type>Fiche pratique</dc:type><dc:format>text/xml</dc:format><dc:identifier>F2902</dc:identifier><dc:source>https://www.legifrance.gouv.fr/codes/section_lc/LEGITEXT000006071154/LEGISCTA000006167427/, https://www.legifrance.gouv.fr/codes/article_lc/LEGIARTI000042193456/, https://www.legifrance.gouv.fr/codes/section_lc/LEGITEXT000006071154/LEGISCTA000006182890/, https://www.legifrance.gouv.fr/codes/section_lc/LEGITEXT000006071154/LEGISCTA000006182903/, https://www.legifrance.gouv.fr/codes/section_lc/LEGITEXT000006071154/LEGISCTA000006193100/, https://www.legifrance.gouv.fr/codes/section_lc/LEGITEXT000006071154/LEGISCTA000006193101/</dc:source><dc:language>Fr</dc:language><dc:relation>isPartOf N263</dc:relation><dc:coverage>France entière</dc:coverage><dc:rights>https://www.service-public.fr/a-propos/mentions-legales</dc:rights><SurTitre>Fiche pratique</SurTitre><Audience>Particuliers</Audience><Canal>www.service-public.fr</Canal><FilDAriane><Niveau ID="Particuliers">Accueil particuliers</Niveau><Niveau ID="N19807">Justice</Niveau><Niveau ID="N263">Affaire pénale</Niveau><Niveau ID="F2902" type="Fiche d'information conditionnée">Contrôle judiciaire</Niveau></FilDAriane><Theme ID="N19807"><Titre>Justice</Titre></Theme><SousThemePere ID="N271">Procédures judiciaires</SousThemePere><DossierPere ID="N263"><Titre>Affaire pénale</Titre><SousDossier ID="N263-1"><Titre>Procédures alternatives</Titre><Fiche ID="F1824">Médiation pénale</Fiche><Fiche ID="F1461">Composition pénale</Fiche><Fiche ID="F36141">Ordonnance pénale</Fiche></SousDossier><SousDossier ID="N263-2"><Titre>Lancement des poursuites</Titre><Fiche ID="F1435">Plainte simple</Fiche><Fiche ID="F20798">Plainte avec constitution de partie civile</Fiche><Fiche ID="F1455">Citation directe</Fiche></SousDossier><SousDossier ID="N263-3"><Titre>Procédures rapides</Titre><Fiche ID="F10409">Comparution sur reconnaissance préalable de culpabilité (CRPC)</Fiche><Fiche ID="F32129">Comparution immédiate</Fiche></SousDossier><SousDossier ID="N263-4"><Titre>Enquête</Titre><Fiche ID="F14837">Garde à vue</Fiche><Fiche ID="F32326">Perquisition</Fiche><Fiche ID="F1456">Information judiciaire</Fiche><Fiche ID="F1470">Mise en examen</Fiche><Fiche ID="F1807">Témoin assisté</Fiche><Fiche ID="F1489">Audition des témoins</Fiche></SousDossier><SousDossier ID="N263-5"><Titre>Mesures de sureté</Titre><Fiche ID="F2902">Contrôle judiciaire</Fiche><Fiche ID="F2007">Assignation à résidence avec surveillance électronique</Fiche><Fiche ID="F1042">Détention provisoire</Fiche></SousDossier><SousDossier ID="N263-6"><Titre>Déroulement d'un procès</Titre><Fiche ID="F1457">Devant le tribunal de police</Fiche><Fiche ID="F1485">Devant le tribunal correctionnel</Fiche><Fiche ID="F1487">Devant la cour d'assises</Fiche><Fiche ID="F34165">Audition des témoins</Fiche></SousDossier></DossierPere><SousDossierPere>Mesures de sureté</SousDossierPere><Introduction><Texte><Paragraphe>Le contrôle judiciaire est <MiseEnEvidence>une mesure qui permet de restreindre la liberté</MiseEnEvidence> d'une personne soupçonnée d'une <LienIntra LienID="R10272" type="Définition de glossaire">infraction pénale</LienIntra> lorsqu'elle encourt une peine de prison. La personne placée sous contrôle judiciaire <MiseEnEvidence>doit respecter les obligations </MiseEnEvidence>fixées par le juge,<MiseEnEvidence> </MiseEnEvidence>en cours <LienIntra LienID="R19714" type="Définition de glossaire">d'instruction</LienIntra> ou dans l'attente du procès pénal. Nous vous donnons les informations utiles.</Paragraphe></Texte></Introduction><Texte><Chapitre><Titre><Paragraphe>Qu'est ce qu'un contrôle judiciaire ?</Paragraphe></Titre><Paragraphe><LienIntra LienID="R53632" type="Définition de glossaire">Le contrôle judiciaire</LienIntra> est une mesure <MiseEnEvidence>privative de liberté,</MiseEnEvidence> prononcée à l'encontre d'une personne soupçonnée d'avoir commis une <LienIntra LienID="R10272" type="Définition de glossaire"/><MiseEnEvidence><LienIntra LienID="R10272" type="Définition de glossaire">infraction pénale</LienIntra> </MiseEnEvidence>et qui encourt une <MiseEnEvidence>peine <LienIntra LienID="R18486" type="Définition de glossaire">d'emprisonnement</LienIntra></MiseEnEvidence><LienIntra LienID="R18486" type="Définition de glossaire"/>.</Paragraphe><Paragraphe>Le contrôle judiciaire a pour but de <MiseEnEvidence>prévenir toute nouvelle tentative d’infraction</MiseEnEvidence> par la personne mise en cause et de permettre que cette dernière <MiseEnEvidence>comparaisse</MiseEnEvidence> devant le tribunal compétent.</Paragraphe><Paragraphe>Le contrôle judiciaire est une mesure qui soumet la personne concernée à une ou plusieurs <MiseEnEvidence>obligations</MiseEnEvidence>.</Paragraphe></Chapitre><Chapitre><Titre><Paragraphe>Dans quels cas un contrôle judiciaire peut-il être ordonné ?</Paragraphe></Titre><Paragraphe>Le contrôle judiciaire est ordonné quand la personne mise en cause se trouve dans l'une des situations suivantes :</Paragraphe><Liste type="puce"><Item><Paragraphe>Elle est en <MiseEnEvidence>attente de son procès</MiseEnEvidence> à la suite d'une <LienIntra LienID="R51715" type="Définition de glossaire">enquête préliminaire</LienIntra> ou d'une <LienIntra LienID="R54382" type="Définition de glossaire">enquête de flagrance</LienIntra> dirigée par le <LienIntra LienID="R1123" type="Définition de glossaire">procureur de la République</LienIntra></Paragraphe></Item><Item><Paragraphe>Elle est <LienInterne LienPublication="F1470" type="Fiche d'information conditionnée" audience="Particuliers">mise en examen</LienInterne> au cours d'une <LienIntra LienID="R52092" type="Définition de glossaire">information judiciaire</LienIntra> du<LienIntra LienID="R65185" type="Définition de glossaire"> juge d'instruction</LienIntra></Paragraphe></Item></Liste><ANoter><Titre>À noter</Titre><Paragraphe><LienInterne LienPublication="F1826" type="Fiche d'information conditionnée" audience="Particuliers">un mineur peut être placé sous contrôle judiciaire</LienInterne> à partir de 13 ans.</Paragraphe></ANoter><Paragraphe>Les faits reprochés à la personne mise en cause doivent être punis par une <MiseEnEvidence>peine de prison</MiseEnEvidence>.</Paragraphe><Paragraphe>Le contrôle judiciaire peut être ordonné comme <LienIntra LienID="R54356" type="Définition de glossaire">mesure de sûreté</LienIntra>, pour empêcher la personne de <MiseEnEvidence>commettre une nouvelle infraction. </MiseEnEvidence>Il peut également être mis en place <MiseEnEvidence>pour permettre le bon déroulement de l'enquête</MiseEnEvidence> et pour <MiseEnEvidence>garantir la présence de la personne devant le juge.</MiseEnEvidence></Paragraphe><ASavoir><Titre>À savoir</Titre><Paragraphe>en cas de nouvelles infractions ou de non-respect du contrôle judiciaire, la personne peut être placée en <LienInterne LienPublication="F1042" type="Fiche d'information conditionnée" audience="Particuliers">détention provisoire</LienInterne> ou être <LienInterne LienPublication="F2007" type="Fiche d'information conditionnée" audience="Particuliers">assignée à résidence sous surveillance électronique</LienInterne>.</Paragraphe></ASavoir></Chapitre><Chapitre><Titre><Paragraphe>Quelle est la procédure de placement sous contrôle judiciaire ?</Paragraphe></Titre><Paragraphe>La procédure de placement sous contrôle judiciaire dépend du statut donné à la personne soupçonnée.</Paragraphe><Paragraphe>Le suspect peut être <Expression><MiseEnEvidence>mis en examen</MiseEnEvidence></Expression> dans une <LienInterne LienPublication="F1470" type="Fiche d'information conditionnée" audience="Particuliers">information judiciaire</LienInterne>.</Paragraphe><Paragraphe>Le suspect peut être <LienIntra LienID="R52097" type="Définition de glossaire">prévenu</LienIntra><MiseEnEvidence><Expression/></MiseEnEvidence><Expression/> c'est-à-dire en attente de son jugement par <LienExterne URL="https://www.justice.gouv.fr/justice-france/lorganisation-cours-tribunaux/lordre-judiciaire/juridictions-penales">le tribunal correctionnel</LienExterne> après une enquête dirigée par le <LienIntra LienID="R1123" type="Définition de glossaire">procureur de la République.</LienIntra></Paragraphe><BlocCas affichage="onglet"><Cas><Titre>Mis en examen</Titre><Introduction><Paragraphe>Dans une information judiciaire, une personne mise en examen peut être placée sous contrôle judiciaire.</Paragraphe><Paragraphe>Le contrôle judiciaire peut être décidé lors de la mise en examen de la personne <MiseEnEvidence>ou</MiseEnEvidence> tout au long de la procédure.</Paragraphe></Introduction><BlocCas affichage="radio"><Cas><Titre>Lors de la mise en examen</Titre><Paragraphe><MiseEnEvidence>Le juge d'instruction</MiseEnEvidence> peut placer sous contrôle judiciaire une personne qu'il vient de mettre en examen, s'il estime que c'est <MiseEnEvidence>nécessaire pour l'information judiciaire</MiseEnEvidence>. Dans ce cas, il doit recueillir l'avis du procureur de la République.</Paragraphe><Paragraphe>Si le juge d'instruction estime que le contrôle judiciaire n'est pas suffisant pour les besoins de l'information judiciaire, il peut demander la <LienInterne LienPublication="F1042" type="Fiche d'information conditionnée" audience="Particuliers"/><MiseEnEvidence><LienInterne LienPublication="F1042" type="Fiche d'information conditionnée" audience="Particuliers">détention provisoire</LienInterne></MiseEnEvidence>.</Paragraphe><Paragraphe>Dans ce cas, il doit saisir le juge des libertés et de la détention (JLD). <MiseEnEvidence>Le JLD</MiseEnEvidence> peut refuser la détention provisoire et placer la personne mise en examen sous contrôle judiciaire.</Paragraphe><Paragraphe>La personne mise en examen peut <MiseEnEvidence>contester la décision</MiseEnEvidence> de placement sous contrôle judiciaire.</Paragraphe><Paragraphe><MiseEnEvidence>L'appel</MiseEnEvidence> se fait dans les <MiseEnEvidence>10 jours à compter de la notification du refus, </MiseEnEvidence>par une déclaration auprès du greffier du juge qui a rendu la décision.<MiseEnEvidence/></Paragraphe><OuSAdresser ID="R30" sve="non" type="Local"><Titre>Tribunal judiciaire</Titre><RessourceWeb URL="http://www.annuaires.justice.gouv.fr/"/><Source ID="R30663">Ministère chargé de la justice</Source></OuSAdresser><Paragraphe>L'appel est <MiseEnEvidence>examiné par la chambre de l'instruction</MiseEnEvidence> de la cour d'appel.</Paragraphe></Cas><Cas><Titre>Après la mise en examen</Titre><Paragraphe>À la suite d'une <MiseEnEvidence>demande de mise en liberté</MiseEnEvidence> ou à la<MiseEnEvidence> fin d'une période de <LienInterne LienPublication="F1042" type="Fiche d'information conditionnée" audience="Particuliers">détention provisoire</LienInterne>,</MiseEnEvidence> une personne mise en examen peut être libérée.</Paragraphe><Paragraphe>Le juge qui accepte la demande de mise en liberté ou qui ne prolonge pas la détention provisoire peut placer la personne <MiseEnEvidence>sous contrôle judiciaire</MiseEnEvidence>.</Paragraphe><Paragraphe>Cette décision peut être contestée. <MiseEnEvidence>L'appel</MiseEnEvidence> se fait dans les <MiseEnEvidence>10 jours à compter de la notification du refus, </MiseEnEvidence>par une déclaration auprès du greffier du juge qui a rendu la décision.</Paragraphe><OuSAdresser ID="R30" sve="non" type="Local"><Titre>Tribunal judiciaire</Titre><RessourceWeb URL="http://www.annuaires.justice.gouv.fr/"/><Source ID="R30663">Ministère chargé de la justice</Source></OuSAdresser><Paragraphe>L'appel est<MiseEnEvidence> examiné par la chambre de l'instruction </MiseEnEvidence>de la cour d'appel.</Paragraphe></Cas></BlocCas></Cas><Cas><Titre>Prévenu</Titre><Introduction><Paragraphe>Un prévenu peut être placé sous contrôle judiciaire dans l'attente de l'audience où il doit être jugé.</Paragraphe><Paragraphe>Il peut s'agir d'une audience de <LienInterne LienPublication="F32129" type="Fiche d'information conditionnée" audience="Particuliers"/><MiseEnEvidence><LienInterne LienPublication="F32129" type="Fiche d'information conditionnée" audience="Particuliers">comparution immédiate</LienInterne></MiseEnEvidence> qui permet au procureur de faire <MiseEnEvidence>juger en urgence</MiseEnEvidence> le prévenu juste après sa garde à vue.</Paragraphe><Paragraphe>Il peut aussi s'agir d'une audience suite à une <LienInterne LienPublication="F33849" type="Fiche Question-réponse conditionnée" audience="Particuliers"/><MiseEnEvidence><LienInterne LienPublication="F33849" type="Fiche Question-réponse conditionnée" audience="Particuliers">convocation sur procès-verbal</LienInterne></MiseEnEvidence>. Dans ce cas le prévenu est jugé dans un délai maximum de <MiseEnEvidence>6 mois après sa <LienInterne LienPublication="F14837" type="Fiche d'information conditionnée" audience="Particuliers">garde à vue</LienInterne></MiseEnEvidence>.</Paragraphe></Introduction><BlocCas affichage="radio"><Cas><Titre>Comparution immédiate</Titre><Paragraphe>Lorsque l'audience de comparution immédiate ne peut pas avoir lieu immédiatement après une garde à vue, le procureur de la République peut demander la <LienIntra LienID="R52093" type="Définition de glossaire"/><MiseEnEvidence><LienIntra LienID="R52093" type="Définition de glossaire">détention provisoire</LienIntra> </MiseEnEvidence>du prévenu.</Paragraphe><Paragraphe><MiseEnEvidence>Le juge des libertés et de la détention</MiseEnEvidence> est saisi et doit <MiseEnEvidence>examiner la demande</MiseEnEvidence>, après avoir entendu le prévenu ou son avocat.</Paragraphe><Paragraphe>Le juge peut refuser la détention provisoire et prononcer un contrôle judiciaire. Le contrôle judiciaire reste en place jusqu'à l'audience de jugement.</Paragraphe><Paragraphe>Il n'y a <MiseEnEvidence>pas de recours possible</MiseEnEvidence> contre cette décision.</Paragraphe></Cas><Cas><Titre>Convocation sur procès-verbal</Titre><Paragraphe>Le procureur de la République peut demander le placement sous contrôle judiciaire du prévenu suite à <MiseEnEvidence>une <LienInterne LienPublication="F33849" type="Fiche Question-réponse conditionnée" audience="Particuliers">convocation sur procès-verb</LienInterne><MiseEnEvidence><MiseEnEvidence><LienInterne LienPublication="F33849" type="Fiche Question-réponse conditionnée" audience="Particuliers">a</LienInterne></MiseEnEvidence><LienInterne LienPublication="F33849" type="Fiche Question-réponse conditionnée" audience="Particuliers">l</LienInterne>.</MiseEnEvidence></MiseEnEvidence><MiseEnEvidence/></Paragraphe><Paragraphe><MiseEnEvidence>Le juge des libertés et de la détention</MiseEnEvidence> doit examiner la demande après avoir entendu le prévenu et son avocat.</Paragraphe><Paragraphe>Le juge peut accepter ou refuser la mise en place du contrôle judiciaire.</Paragraphe><Paragraphe>Cette décision peut être contestée. <MiseEnEvidence>L'appel</MiseEnEvidence> se fait dans les <MiseEnEvidence>10 jours à compter de la notification du refus, </MiseEnEvidence>par une déclaration auprès du greffier du juge qui a rendu la décision.<MiseEnEvidence/></Paragraphe><OuSAdresser ID="R30" sve="non" type="Local"><Titre>Tribunal judiciaire</Titre><RessourceWeb URL="http://www.annuaires.justice.gouv.fr/"/><Source ID="R30663">Ministère chargé de la justice</Source></OuSAdresser></Cas></BlocCas></Cas></BlocCas><ASavoir><Titre>À savoir</Titre><Paragraphe>à la suite d'une demande de mise en liberté d'un prévenu en détention provisoire, un contrôle judiciaire peut également être ordonné par le tribunal saisi de l'affaire.</Paragraphe></ASavoir></Chapitre><Chapitre><Titre><Paragraphe>Quels sont les effets du contrôle judiciaire ?</Paragraphe></Titre><Paragraphe>La personne sous contrôle judiciaire <MiseEnEvidence>doit respecter des obligations et des interdictions</MiseEnEvidence> prévues par la loi.</Paragraphe><Paragraphe>Le juge décide lesquelles sont nécessaires <MiseEnEvidence>en fonction du dossier</MiseEnEvidence> et de<MiseEnEvidence> la personnalité</MiseEnEvidence> du mis en cause.</Paragraphe><SousChapitre><Titre><Paragraphe>Liberté de déplacements limitée</Paragraphe></Titre><Paragraphe>La personne sous contrôle judiciaire <MiseEnEvidence>peut être limitée dans sa liberté de se déplacer</MiseEnEvidence>.</Paragraphe><Paragraphe><MiseEnEvidence>Les interdictions </MiseEnEvidence>possibles sont les suivantes :</Paragraphe><Liste type="puce"><Item><Paragraphe>Sortir de certaines limites territoriales fixées par le juge</Paragraphe></Item><Item><Paragraphe>S’absenter du domicile sauf aux conditions fixées par le juge</Paragraphe></Item><Item><Paragraphe>Se rendre dans certains lieux déterminés par le juge, y compris le domicile de la famille en cas de violences familiales</Paragraphe></Item><Item><Paragraphe>Participer à des manifestations sur la voie publique dans des lieux déterminés par le juge</Paragraphe></Item></Liste><Paragraphe><MiseEnEvidence>Les obligations</MiseEnEvidence> possibles sont les suivantes :</Paragraphe><Liste type="puce"><Item><Paragraphe>Informer le juge de tout déplacement au-delà des limites déterminées</Paragraphe></Item><Item><Paragraphe>Quitter le domicile de la famille en cas de violences familiales</Paragraphe></Item><Item><Paragraphe>Remettre les papiers d'identité, notamment le passeport</Paragraphe></Item></Liste></SousChapitre><SousChapitre><Titre><Paragraphe>Contrôle et surveillance</Paragraphe></Titre><Paragraphe>La personne sous contrôle judiciaire peut être <MiseEnEvidence>contrôlée par des interdictions et des obligations</MiseEnEvidence> déterminées par le juge.</Paragraphe><Paragraphe><MiseEnEvidence>Les interdictions</MiseEnEvidence> possibles sont les suivantes :</Paragraphe><Liste type="puce"><Item><Paragraphe>Rencontrer certaines personnes déterminées par le juge, notamment la victime de violences commises au sein du couple</Paragraphe></Item></Liste><Liste type="puce"><Item><Paragraphe>Exercer certaines activités professionnelles ou sociales</Paragraphe></Item><Item><Paragraphe>Exercer une activité en lien avec des mineurs</Paragraphe></Item></Liste><Paragraphe><MiseEnEvidence>Les obligations</MiseEnEvidence> possibles sont les suivantes :</Paragraphe><Liste type="puce"><Item><Paragraphe>Se rendre de façon périodique (par exemple chaque semaine ou chaque mois) au commissariat de police ou à la brigade de gendarmerie. On parle de <Expression>pointage</Expression>.</Paragraphe></Item><Item><Paragraphe>Se soumettre à un suivi socio-éducatif (activité professionnelle ou formation)</Paragraphe></Item><Item><Paragraphe>Se soumettre à un suivi médical</Paragraphe></Item></Liste><Paragraphe><MiseEnEvidence>Le suivi médical</MiseEnEvidence> comprend les obligations suivantes :</Paragraphe><Liste type="puce"><Item><Paragraphe>Se soumettre à des mesures d’examen, de traitement ou de soins même sous le régime de l’hospitalisation (pour la désintoxication ou le suivi psychologique / psychiatrique)</Paragraphe></Item><Item><Paragraphe>Se soumettre à une prise en charge sanitaire, sociale ou psychologique en matière de violences familiales</Paragraphe></Item></Liste></SousChapitre><SousChapitre><Titre><Paragraphe>Garanties financières</Paragraphe></Titre><TitreFlottant><Paragraphe>Cautionnement</Paragraphe></TitreFlottant><Paragraphe>Le juge peut prévoir <MiseEnEvidence>un <Expression>cautionnement</Expression>,</MiseEnEvidence> c'est-à-dire le paiement d'une certaine somme d'argent par la personne sous contrôle judiciaire. <MiseEnEvidence>Le juge doit déterminer le montant de cette somme</MiseEnEvidence> à verser et doit la répartir en 2 parties :</Paragraphe><Liste type="puce"><Item><Paragraphe><MiseEnEvidence>Une première partie </MiseEnEvidence>du cautionnement doit garantir <MiseEnEvidence>le respect des autres obligations</MiseEnEvidence> du contrôle judiciaire et la présence de la personne aux convocations judiciaires. Cette partie de l'argent peut être rendue à la personne si elle respecte ses obligations et se rend aux convocations.</Paragraphe></Item><Item><Paragraphe><MiseEnEvidence>Une seconde partie</MiseEnEvidence> du cautionnement doit servir à <MiseEnEvidence>l'indemnisation</MiseEnEvidence> de la victime en cas de condamnation. Cette somme d'argent est rendue à la personne si elle n'est pas condamnée.</Paragraphe></Item></Liste><TitreFlottant><Paragraphe>Paiement des charges familiales</Paragraphe></TitreFlottant><Paragraphe>Le juge peut demander à la personne sous contrôle judiciaire<MiseEnEvidence> de justifier du paiement des charges familiales </MiseEnEvidence>suivantes :</Paragraphe><Liste type="puce"><Item><Paragraphe><LienInterne LienPublication="F991" type="Fiche d'information conditionnée" audience="Particuliers">Pension alimentaire pour des enfants</LienInterne></Paragraphe></Item><Item><Paragraphe><LienInterne LienPublication="F1196" type="Fiche d'information conditionnée" audience="Particuliers">Devoir de secours</LienInterne> fixé au cours de la procédure de divorce</Paragraphe></Item><Item><Paragraphe><LienInterne LienPublication="F966" type="Fiche d'information conditionnée" audience="Particuliers">Contribution aux charges du mariage</LienInterne></Paragraphe></Item><Item><Paragraphe><LienInterne LienPublication="F1760" type="Fiche d'information conditionnée" audience="Particuliers">Prestation compensatoire</LienInterne> fixé lors du divorce</Paragraphe></Item></Liste></SousChapitre><SousChapitre><Titre><Paragraphe>Autres interdictions</Paragraphe></Titre><Paragraphe><MiseEnEvidence>Les autres interdictions</MiseEnEvidence> que le juge peut décider sont les suivantes :</Paragraphe><Liste type="puce"><Item><Paragraphe>Conduire un véhicule ou conduire certains véhicules avec l'obligation de remettre le permis de conduire si besoin</Paragraphe></Item><Item><Paragraphe>Détenir ou porter une arme</Paragraphe></Item><Item><Paragraphe>Émettre des chèques</Paragraphe></Item></Liste></SousChapitre></Chapitre><Chapitre><Titre><Paragraphe>Le contrôle judiciaire peut-il être modifié ?</Paragraphe></Titre><Paragraphe>Le contrôle judiciaire peut <MiseEnEvidence>être modifié</MiseEnEvidence> tout au long de la procédure.</Paragraphe><Paragraphe>Le juge peut <MiseEnEvidence>ajouter</MiseEnEvidence> ou <MiseEnEvidence>supprimer </MiseEnEvidence>des obligations et interdictions ou <MiseEnEvidence>y mettre fin</MiseEnEvidence>.</Paragraphe><Paragraphe>À tout moment, la personne sous contrôle judiciaire <MiseEnEvidence>peut demander la suppression ou la modification </MiseEnEvidence>de certaines obligations ou interdictions. Elle peut également <MiseEnEvidence>demander la levée</MiseEnEvidence> de son contrôle judiciaire.</Paragraphe><Exemple><Titre>Exemple</Titre><Paragraphe>Le contrôle judiciaire d'une personne prévoit l'obligation d'aller une fois par semaine au commissariat ou à la gendarmerie pour un <Expression>pointage</Expression>. La personne respecte depuis longtemps cette obligation. Elle peut alors demander une modification pour se rendre au commissariat ou à la gendarmerie seulement une fois par mois. La personne peut aussi demander la suppression de cette obligation.</Paragraphe></Exemple><Paragraphe>Si la personne <Expression>est</Expression><Expression> <LienInterne LienPublication="F1470" type="Fiche d'information conditionnée" audience="Particuliers">mise en examen</LienInterne></Expression>, elle doit <MiseEnEvidence>adresser sa demande</MiseEnEvidence> de modification au <MiseEnEvidence>juge d'instruction.</MiseEnEvidence></Paragraphe><Paragraphe>La demande de modification doit être adressée à la <MiseEnEvidence>juridiction<MiseEnEvidence><MiseEnEvidence/> q</MiseEnEvidence></MiseEnEvidence><MiseEnEvidence>ui doit juger l'affaire</MiseEnEvidence>, au tribunal correctionnel si la personne est <Expression><LienIntra LienID="R52097" type="Définition de glossaire">prévenue</LienIntra></Expression>, ou la cour d'assises si la personne est <LienIntra LienID="R52098" type="Définition de glossaire">accusée</LienIntra>.</Paragraphe><Paragraphe>Quand la personne demande la fin de son contrôle judiciaire (on parle de <MiseEnEvidence><Expression>mainlevée</Expression></MiseEnEvidence>), la décision doit être rendue dans <MiseEnEvidence>un délai de 5 jours à compter de la demande.</MiseEnEvidence></Paragraphe><BlocCas affichage="onglet"><Cas><Titre>Mis en examen</Titre><Paragraphe>Même si le contrôle judiciaire a été décidé par le juge des libertés et de la détention, la personne mise en examen doit <MiseEnEvidence>déposer sa demande</MiseEnEvidence> de modification auprès du<MiseEnEvidence> juge d'instruction</MiseEnEvidence>.</Paragraphe><Paragraphe>La personne mise en examen ou son avocat, doit faire la demande <MiseEnEvidence>par déclaration auprès du greffier du juge d'instruction</MiseEnEvidence>.</Paragraphe><Paragraphe>Quand la personne mis en examen ou son avocat ne réside pas dans le ressort du juge d'instruction, la demande peut se faire par <MiseEnEvidence>lettre recommandée avec avis de réception adressée au juge d'instruction.</MiseEnEvidence></Paragraphe><OuSAdresser ID="R30" sve="non" type="Local"><Titre>Tribunal judiciaire</Titre><RessourceWeb URL="http://www.annuaires.justice.gouv.fr/"/><Source ID="R30663">Ministère chargé de la justice</Source></OuSAdresser><Paragraphe>Avant de rendre sa décision, le juge d'instruction demande l'avis du procureur de la République.</Paragraphe><Paragraphe>Le mis en examen <MiseEnEvidence>peut faire appel </MiseEnEvidence>de la décision du juge d'instruction dans les <MiseEnEvidence>10 jours à compter de la notification du refus.</MiseEnEvidence></Paragraphe><Paragraphe>L'appel se fait par une <MiseEnEvidence>déclaration auprès du greffier du juge qui a rendu la décision.</MiseEnEvidence></Paragraphe><Paragraphe>L'appel est examiné par la chambre de l'instruction de la cour d'appel.</Paragraphe><Attention><Titre>Attention</Titre><Paragraphe>en fin d'information judiciaire, le juge d'instruction peut décider de maintenir la personne sous contrôle judiciaire jusqu'au jugement devant le tribunal correctionnel ou la cour d'assises. Dans ce cas, la demande de modification du contrôle judiciaire doit être faite à la juridiction de jugement.</Paragraphe></Attention></Cas><Cas><Titre>Prévenu</Titre><Paragraphe>La <MiseEnEvidence>demande de modification</MiseEnEvidence> du contrôle judiciaire doit être <MiseEnEvidence>adressée au tribunal qui va juger l'affaire.</MiseEnEvidence> Il s'agit du tribunal correctionnel.</Paragraphe><Paragraphe>La demande se fait par déclaration auprès du greffier du tribunal concerné par le prévenu ou son avocat.</Paragraphe><Paragraphe>Quand le prévenu ou son avocat ne réside pas dans le ressort du tribunal, l<MiseEnEvidence>a demande peut se faire par lettre recommandée avec avis de réception.</MiseEnEvidence></Paragraphe><OuSAdresser ID="R30" sve="non" type="Local"><Titre>Tribunal judiciaire</Titre><RessourceWeb URL="http://www.annuaires.justice.gouv.fr/"/><Source ID="R30663">Ministère chargé de la justice</Source></OuSAdresser><Paragraphe>Le prévenu peut faire<MiseEnEvidence> appel </MiseEnEvidence>de la décision qui refuse la modification dans les <MiseEnEvidence>24 heures</MiseEnEvidence>à compter de la notification du refus.</Paragraphe><Paragraphe>L'appel se fait par une<MiseEnEvidence> déclaration</MiseEnEvidence> auprès du greffier du tribunal qui a rendu la décision.</Paragraphe></Cas><Cas><Titre>Accusé</Titre><Paragraphe>Un accusé qui attend son procès<MiseEnEvidence> devant la cour d'assises </MiseEnEvidence>doit effectuer sa demande de modification du contrôle judiciaire à la<MiseEnEvidence> chambre de l'instruction de la cour d'appel.</MiseEnEvidence></Paragraphe><Paragraphe>La demande se fait par déclaration auprès <MiseEnEvidence>du greffier de la chambre de l'instruction </MiseEnEvidence>par le prévenu ou son avocat.<MiseEnEvidence/></Paragraphe><Paragraphe>Quand l'accusé ou son avocat ne réside pas dans le ressort de la cour d'appel<MiseEnEvidence>, la demande peut se faire par lettre recommandée avec avis de réception.</MiseEnEvidence></Paragraphe><OuSAdresser ID="R11624" sve="non" type="Local personnalisable"><Titre>Cour d'appel</Titre><PivotLocal>cour_appel</PivotLocal><RessourceWeb URL="http://www.annuaires.justice.gouv.fr/"/><Source ID="R30663">Ministère chargé de la justice</Source></OuSAdresser><Paragraphe>L'accusé peut<MiseEnEvidence> faire appel</MiseEnEvidence> de la décision qui refuse la modification par une déclaration auprès du greffier de la<MiseEnEvidence> chambre de l'instruction.</MiseEnEvidence></Paragraphe><Attention><Titre>Attention</Titre><Paragraphe>si le procès d'assises est en cours, la demande de modification du contrôle judiciaire doit être effectuée à la cour d'assises.</Paragraphe></Attention></Cas></BlocCas></Chapitre><Chapitre><Titre><Paragraphe>Que se passe t-il en cas de non-respect du contrôle judiciaire ?</Paragraphe></Titre><Paragraphe>Quand une personne sous contrôle judiciaire <MiseEnEvidence>ne respecte pas</MiseEnEvidence><MiseEnEvidence><MiseEnEvidence/> volontairement</MiseEnEvidence> ses obligations, elle risque <MiseEnEvidence>la <Expression>révocation</Expression> </MiseEnEvidence>de son contrôle judiciaire.</Paragraphe><Paragraphe>Le juge d'instruction peut prendre un <LienIntra LienID="R54911" type="Définition de glossaire"/><MiseEnEvidence><LienIntra LienID="R54911" type="Définition de glossaire">mandat d'arrêt</LienIntra> ou un <LienIntra LienID="R54910" type="Définition de glossaire">mandat d'amener</LienIntra> </MiseEnEvidence><LienIntra LienID="R54910" type="Définition de glossaire"/>pour obliger la personne à comparaître devant le JLD qui doit décider de la placer ou non en <MiseEnEvidence><LienInterne LienPublication="F1042" type="Fiche d'information conditionnée" audience="Particuliers">détention provisoire</LienInterne></MiseEnEvidence><LienInterne LienPublication="F1042" type="Fiche d'information conditionnée" audience="Particuliers"/>.</Paragraphe><Paragraphe>Si la personne est en <MiseEnEvidence>attente de son procès</MiseEnEvidence>, c'est le procureur de la République qui demande le placement en détention provisoire.</Paragraphe><ANoter><Titre>À noter</Titre><Paragraphe>la police ou la gendarmerie peut arrêter une personne s'il existe des raisons de penser qu'elle ne respecte pas son contrôle judiciaire. La personne peut être retenue 24 heures maximum.</Paragraphe></ANoter></Chapitre><Chapitre><Titre><Paragraphe>Quand prend fin le contrôle judiciaire ?</Paragraphe></Titre><Paragraphe>Le contrôle judiciaire du <Expression>mis en examen</Expression> peut prendre fin <MiseEnEvidence>pendant</MiseEnEvidence> l'information judiciaire<MiseEnEvidence><MiseEnEvidence> </MiseEnEvidence></MiseEnEvidence><MiseEnEvidence/>ou lorsqu'elle <MiseEnEvidence>est clôturée.</MiseEnEvidence><MiseEnEvidence/></Paragraphe><Paragraphe>Le contrôle judiciaire du <Expression><LienIntra LienID="R52097" type="Définition de glossaire">prévenu</LienIntra></Expression> ou de <LienIntra LienID="R52098" type="Définition de glossaire">l'accusé</LienIntra> <MiseEnEvidence>prend fin avec le procès.</MiseEnEvidence></Paragraphe><BlocCas affichage="onglet"><Cas><Titre>Mis en examen</Titre><Introduction><Paragraphe>Le contrôle judiciaire peut prendre fin pendant <LienIntra LienID="R52092" type="Définition de glossaire">l'information judiciaire</LienIntra><LienIntra LienID="R52092" type="Définition de glossaire"/> ou lorsqu'elle est clôturée.</Paragraphe></Introduction><BlocCas affichage="radio"><Cas><Titre>Pendant l'information judiciaire</Titre><Paragraphe>La mainlevée du contrôle judiciaire peut intervenir <MiseEnEvidence>à tout moment de la procédure</MiseEnEvidence>.</Paragraphe><Paragraphe>La mainlevée peut intervenir à l'initiative du juge d'instruction, à la demande du Procureur de la République ou à la demande de la personne mise en examen.</Paragraphe><Paragraphe>Le demande se fait <MiseEnEvidence>par déclaration auprès du greffier</MiseEnEvidence> du juge d'instruction.</Paragraphe><Paragraphe>Le juge demande l'avis du procureur de la République et statue dans <MiseEnEvidence>un délai de 5 jours à compter de la demande.</MiseEnEvidence></Paragraphe><Paragraphe>En cas de non-respect de ce délai, la personne mise en examen ou son avocat, peut<MiseEnEvidence> saisir directement </MiseEnEvidence>la chambre de l'instruction de la cour d'appel.</Paragraphe></Cas><Cas><Titre>À la fin de l'information judiciaire</Titre><Paragraphe>Lorsque le juge clôture l'information judiciaire, il peut rendre une décision de <LienIntra LienID="R2465" type="Définition de glossaire">non-lieu</LienIntra> ou une décision de renvoi devant la juridiction de jugement.</Paragraphe><Paragraphe>Quand le juge rend une décision de <MiseEnEvidence>non-lieu, le contrôle judiciaire se termine.</MiseEnEvidence></Paragraphe><Paragraphe>Le contrôle judiciaire <MiseEnEvidence>peut continuer </MiseEnEvidence>après la fin de l'information judiciaire seulement <MiseEnEvidence>quand</MiseEnEvidence><MiseEnEvidence> la personne concernée doit être jugée.</MiseEnEvidence></Paragraphe><Paragraphe>S'il s'agit d'un procès <MiseEnEvidence>devant la cour d'assises</MiseEnEvidence>, le contrôle judiciaire est <MiseEnEvidence>maintenu jusqu'au procès.</MiseEnEvidence></Paragraphe><Paragraphe>S'il s'agit d'un procès <MiseEnEvidence>devant le tribunal correctionnel, </MiseEnEvidence>le contrôle judiciaire <MiseEnEvidence>prend fin.</MiseEnEvidence> Toutefois, le juge d'instruction peut <MiseEnEvidence>décider de maintenir le contrôle judiciaire </MiseEnEvidence>jusqu'au procès par une décision à part qui doit indiquer les motifs du maintien.</Paragraphe></Cas></BlocCas></Cas><Cas><Titre>Prévenu ou accusé</Titre><Paragraphe>Le prévenu, l'accusé ou leur avocat<MiseEnEvidence> peut demander la suppression ou la modification </MiseEnEvidence>de certaines obligations ou interdictions ou <MiseEnEvidence>la levée</MiseEnEvidence> de son contrôle judiciaire, auprès de la juridiction de jugement.</Paragraphe><Paragraphe>Le contrôle judiciaire <MiseEnEvidence>se termine à la fin du procès</MiseEnEvidence>, que la personne soit condamnée ou non.</Paragraphe><Paragraphe>Toutefois, en cas de condamnation à un<MiseEnEvidence> <LienInterne LienPublication="F1531" type="Fiche d'information conditionnée" audience="Particuliers">sursis avec mise à l'épreuve</LienInterne>,</MiseEnEvidence> le tribunal peut <MiseEnEvidence>maintenir les obligations</MiseEnEvidence> issues du contrôle judiciaire.</Paragraphe></Cas></BlocCas></Chapitre></Texte><VoirAussi important="non"><Fiche ID="F1456" audience="Particuliers"><Titre>Information judiciaire</Titre><Theme ID="N19807"><Titre>Justice</Titre></Theme></Fiche><Fiche ID="F1470" audience="Particuliers"><Titre>Mise en examen</Titre><Theme ID="N19807"><Titre>Justice</Titre></Theme></Fiche><Fiche ID="F1042" audience="Particuliers"><Titre>Détention provisoire</Titre><Theme ID="N19807"><Titre>Justice</Titre></Theme></Fiche><Fiche ID="F2007" audience="Particuliers"><Titre>Bracelet électronique lors d'une assignation à résidence</Titre><Theme ID="N19807"><Titre>Justice</Titre></Theme></Fiche><Fiche ID="F32129" audience="Particuliers"><Titre>Comparution immédiate</Titre><Theme ID="N19807"><Titre>Justice</Titre></Theme></Fiche></VoirAussi><QuiPeutMAider ID="R11621" sve="non" type="Local personnalisé sur SP"><Titre>Maison de justice et du droit</Titre><PivotLocal>mjd</PivotLocal><RessourceWeb URL="http://www.annuaires.justice.gouv.fr/lieux-dacces-aux-droits-10111/"/><Source ID="R30663">Ministère chargé de la justice</Source></QuiPeutMAider><QuiPeutMAider ID="R14218" sve="non" type="Local personnalisable"><Titre>Avocat</Titre><PivotLocal>avocat_conseil_national</PivotLocal><RessourceWeb URL="https://www.cnb.avocat.fr/annuaire-des-avocats-de-france"/><Source ID="R30762">Conseil national des barreaux</Source></QuiPeutMAider><OuSAdresser ID="R11621" sve="non" type="Local personnalisé sur SP"><Titre>Maison de justice et du droit</Titre><PivotLocal>mjd</PivotLocal><RessourceWeb URL="http://www.annuaires.justice.gouv.fr/lieux-dacces-aux-droits-10111/"/><Source ID="R30663">Ministère chargé de la justice</Source></OuSAdresser><OuSAdresser ID="R14218" sve="non" type="Local personnalisable"><Titre>Avocat</Titre><PivotLocal>avocat_conseil_national</PivotLocal><RessourceWeb URL="https://www.cnb.avocat.fr/annuaire-des-avocats-de-france"/><Source ID="R30762">Conseil national des barreaux</Source></OuSAdresser><Reference type="Texte de référence" URL="https://www.legifrance.gouv.fr/codes/section_lc/LEGITEXT000006071154/LEGISCTA000006167427/" ID="R2136"><Titre>Code de procédure pénale : articles 137 à 150</Titre><Complement>Placement sous contrôle judiciaire</Complement></Reference><Reference type="Texte de référence" URL="https://www.legifrance.gouv.fr/codes/article_lc/LEGIARTI000042193456/" ID="R33088"><Titre>Code de procédure pénale : articles 138 à 142-4</Titre><Complement>Fonctionnement, révocation et obligations du contrôle judiciaire</Complement></Reference><Reference type="Texte de référence" URL="https://www.legifrance.gouv.fr/codes/section_lc/LEGITEXT000006071154/LEGISCTA000006182890/" ID="R2137"><Titre>Code de procédure pénale : articles 143-1 à 148-8</Titre><Complement>Demande de modification ou de mainlevée du contrôle judiciaire (article 148-6)</Complement></Reference><Reference type="Texte de référence" URL="https://www.legifrance.gouv.fr/codes/section_lc/LEGITEXT000006071154/LEGISCTA000006182903/" ID="R16418"><Titre>Code de procédure pénale : articles 393 à 397-7</Titre><Complement>Convocation par procès-verbal (article 394) et comparution immédiate (article 396)</Complement></Reference><Reference type="Texte de référence" URL="https://www.legifrance.gouv.fr/codes/section_lc/LEGITEXT000006071154/LEGISCTA000006193100/" ID="R33116"><Titre>Code de procédure pénale : articles R16 à R16-2</Titre><Complement>Autorités ou personnes contribuant au contrôle judiciaire</Complement></Reference><Reference type="Texte de référence" URL="https://www.legifrance.gouv.fr/codes/section_lc/LEGITEXT000006071154/LEGISCTA000006193101/" ID="R33117"><Titre>Code de procédure pénale : articles R17 à R18-1</Titre><Complement>Conditions d'exécution du contrôle judiciaire</Complement></Reference><Definition ID="R10272"><Titre>Infraction</Titre><Texte><Paragraphe>Acte interdit par la loi et passible de sanctions pénales</Paragraphe></Texte></Definition><Definition ID="R19714"><Titre>Instruction</Titre><Texte><Paragraphe>Phase de la procédure pénale durant laquelle le juge d'instruction enquête sur les faits. Il rassemble les éléments relatifs à l'existence d'une infraction, à ses éventuels auteurs et aux circonstances dans lesquelles elle a été commise.</Paragraphe></Texte></Definition><Definition ID="R53632"><Titre>Contrôle judiciaire</Titre><Texte><Paragraphe>Ensemble d'obligations imposées à une personne mise en cause dans une procédure pénale, dans l'attente de sa comparution devant une juridiction</Paragraphe></Texte></Definition><Definition ID="R18486"><Titre>Emprisonnement</Titre><Texte><Paragraphe>Peine de prison prononcée en cas de délit</Paragraphe></Texte></Definition><Definition ID="R51715"><Titre>Enquête préliminaire</Titre><Texte><Paragraphe>Enquête mise en œuvre par la police judiciaire, à son initiative ou à la demande du procureur de la République, avant l'ouverture d'une éventuelle instruction.</Paragraphe></Texte><Reference type="Texte de référence" URL="https://www.legifrance.gouv.fr/codes/id/LEGISCTA000006151877/" ID="R36503"><Titre>Code de procédure pénale : articles 75 à 78</Titre></Reference></Definition><Definition ID="R54382"><Titre>Enquête de flagrance</Titre><Texte><Paragraphe>Enquête ouverte par l'officier de police judiciaire qui constate qu'une infraction a été commise ou est en train de se commettre.</Paragraphe></Texte></Definition><Definition ID="R1123"><Titre>Procureur de la République</Titre><Texte><Paragraphe>Magistrat à la tête du parquet (ou ministère public). Il est destinataire des plaintes et signalements. Il dirige les enquêtes, décide des poursuites et veille à l'application de la loi.</Paragraphe></Texte></Definition><Definition ID="R52092"><Titre>Information judiciaire</Titre><Texte><Paragraphe>Enquête judiciaire menée dans une affaire pénale et dirigée par un juge d'instruction</Paragraphe></Texte></Definition><Definition ID="R65185"><Titre>Juge d'instruction</Titre><Texte><Paragraphe>Un juge d'instruction est un magistrat désigné dans le cas d'affaires pénales complexes. Il est chargé de l'instruction des affaires et peut déléguer la réalisation de certains actes (perquisitions, auditions, etc.) à un officier de police judiciaire ou à un autre juge (on parle de «  commission rogatoire »). </Paragraphe></Texte></Definition><Definition ID="R54356"><Titre>Mesure de sûreté</Titre><Texte><Paragraphe>Obligation imposée par la justice à une personne soupçonnée de vouloir commettre ou d'avoir commis une infraction, pour l'empêcher de passer à l'acte</Paragraphe></Texte></Definition><Definition ID="R52097"><Titre>Prévenu</Titre><Texte><Paragraphe>Personne soupçonnée d'avoir commis un délit ou une contravention et poursuivie devant le tribunal de police ou devant le tribunal correctionnel</Paragraphe></Texte></Definition><Definition ID="R52093"><Titre>Détention provisoire</Titre><Texte><Paragraphe>Emprisonnement d'une personne mise en cause dans une affaire pénale, avant la tenue de son procès</Paragraphe></Texte></Definition><Definition ID="R52098"><Titre>Accusé</Titre><Texte><Paragraphe>Personne soupçonnée d'avoir commis un crime et qui comparaît devant la cour d'assises</Paragraphe></Texte></Definition><Definition ID="R54911"><Titre>Mandat d'arrêt</Titre><Texte><Paragraphe>Décision du juge d'instruction qui ordonne aux forces de l'ordre de rechercher une personne mise en examen, de l'arrêter et de la conduire dans une maison d'arrêt</Paragraphe></Texte></Definition><Definition ID="R54910"><Titre>Mandat d'amener</Titre><Texte><Paragraphe>Décision du juge d'instruction qui ordonne aux forces de l'ordre d'emmener devant lui une personne mise en examen</Paragraphe></Texte></Definition><Definition ID="R2465"><Titre>Non-lieu</Titre><Texte><Paragraphe>Décision d'un juge d'instruction ou de la chambre de l'instruction mettant fin à des poursuites pénales</Paragraphe></Texte></Definition><QuestionReponse ID="F33849" audience="Particuliers"><Titre>Convocation par procès-verbal (CPPV) : quelles sont les règles ?</Titre></QuestionReponse></Publication>