<?xml version="1.0" encoding="UTF-8"?><Publication xmlns:dc="http://purl.org/dc/elements/1.1/" xmlns:xsi="http://www.w3.org/2001/XMLSchema-instance" ID="F2930" type="Fiche Question-réponse conditionnée" xsi:noNamespaceSchemaLocation="../Schemas/3.4/Publication.xsd" spUrl="https://www.service-public.fr/particuliers/vosdroits/F2930"><dc:title>Le salarié peut-il prendre des congés payés pendant son préavis ?</dc:title><dc:creator>Direction de l'information légale et administrative</dc:creator><dc:subject>Travail - Formation</dc:subject><dc:description>Le salarié peut prendre des congés payés pendant son préavis (de licenciement ou de démission).</dc:description><dc:publisher>Direction de l'information légale et administrative</dc:publisher><dc:contributor>Direction de l'information légale et administrative (Premier ministre)</dc:contributor><dc:date>modified 2023-07-06</dc:date><dc:type>Question-réponse</dc:type><dc:format>text/xml</dc:format><dc:identifier>F2930</dc:identifier><dc:source>https://www.legifrance.gouv.fr/codes/id/LEGISCTA000006195622/, https://www.legifrance.gouv.fr/codes/article_lc/LEGIARTI000006901174, https://www.legifrance.gouv.fr/codes/article_lc/LEGIARTI000033510119</dc:source><dc:language>Fr</dc:language><dc:relation>isPartOf N480</dc:relation><dc:coverage>France entière</dc:coverage><dc:rights>https://www.service-public.fr/a-propos/mentions-legales</dc:rights><SurTitre>Question-réponse</SurTitre><Audience>Particuliers</Audience><Canal>www.service-public.fr</Canal><FilDAriane><Niveau ID="Particuliers">Accueil particuliers</Niveau><Niveau ID="N19806">Travail - Formation</Niveau><Niveau ID="N480">Licenciement d'un salarié du secteur privé pour motif personnel</Niveau><Niveau ID="F2930" type="Fiche Question-réponse conditionnée">Le salarié peut-il prendre des congés payés pendant son préavis ?</Niveau></FilDAriane><Theme ID="N19806"><Titre>Travail - Formation</Titre></Theme><SousThemePere ID="N19967">Quitter son emploi</SousThemePere><DossierPere ID="N480"><Titre>Licenciement d'un salarié du secteur privé pour motif personnel</Titre><SousDossier ID="N480-1"><Titre>Déroulement</Titre><Fiche ID="F2835">Motifs du licenciement</Fiche><Fiche ID="F2839">Procédure de licenciement</Fiche><Fiche ID="F2855">Préavis de licenciement</Fiche><Fiche ID="F1848">Licenciement nul, injustifié ou irrégulier</Fiche></SousDossier><SousDossier ID="N480-2"><Titre>Indemnités</Titre><Fiche ID="F987">Indemnité de licenciement du salarié en CDI</Fiche><Fiche ID="F24660">Indemnité compensatrice de préavis (licenciement, démission...)</Fiche><Fiche ID="F24661">Indemnité compensatrice de congés payés</Fiche></SousDossier><SousDossier ID="N480-3"><Titre>Protections spécifiques</Titre><Fiche ID="F133">Licenciement pour maladie</Fiche><Fiche ID="F2406">Représentants du personnel</Fiche><Fiche ID="F2873">Femme enceinte ou en congé maternité</Fiche></SousDossier></DossierPere><Introduction><Texte><Paragraphe>Oui, le salarié <MiseEnEvidence>peut</MiseEnEvidence> prendre des congés payés pendant son préavis (licenciement, démission ou départ en retraite).</Paragraphe><Paragraphe>Dans ce cas, les congés payés et le préavis ne se <MiseEnEvidence>mélangent pas</MiseEnEvidence>.</Paragraphe><Paragraphe>Les conséquences sur le préavis changent si les congés payés ont été prévus <MiseEnEvidence>avant</MiseEnEvidence> ou <MiseEnEvidence>après</MiseEnEvidence> la notification de rupture du contrat.</Paragraphe><Paragraphe>Nous faisons un point sur la réglementation.</Paragraphe></Texte></Introduction><Texte><Chapitre><Titre><Paragraphe>Les congés payés fixés avant la notification de rupture reportent-ils le préavis ?</Paragraphe></Titre><Paragraphe><MiseEnEvidence>Oui</MiseEnEvidence>, les <LienInterne LienPublication="F2258" type="Fiche d'information conditionnée" audience="Particuliers">congés payés</LienInterne> <MiseEnEvidence>prévus et validés </MiseEnEvidence>par l'employeur <MiseEnEvidence>avant</MiseEnEvidence> la notification de la rupture du contrat de travail <MiseEnEvidence>reportent</MiseEnEvidence> le préavis.</Paragraphe><Paragraphe>Le préavis est <LienIntra LienID="R43526" type="Définition de glossaire">suspendu</LienIntra> pendant la durée des congés payés. Il est ensuite <MiseEnEvidence>prolongé</MiseEnEvidence> d'une durée <MiseEnEvidence>équivalente</MiseEnEvidence> au nombre de jours de congés payés <MiseEnEvidence>pris</MiseEnEvidence>.</Paragraphe><Exemple><Titre>Exemple</Titre><Paragraphe>Un salarié a posé des congés payés du <MiseEnEvidence>10 février </MiseEnEvidence>au <MiseEnEvidence>20 février 2022</MiseEnEvidence>. Ces congés payés ont été <MiseEnEvidence>validés</MiseEnEvidence> par l'employeur. Il démissionne le <MiseEnEvidence>8 février 2022</MiseEnEvidence> et doit respecter un préavis <MiseEnEvidence>d'un mois</MiseEnEvidence>. Son préavis est <MiseEnEvidence>suspendu</MiseEnEvidence> du <MiseEnEvidence>10 au 20 février 2022</MiseEnEvidence> et il se <MiseEnEvidence>prolonge</MiseEnEvidence> de 10 jours du <MiseEnEvidence>8 mars 2022 au 17 mars 2022</MiseEnEvidence> inclus.</Paragraphe></Exemple></Chapitre><Chapitre><Titre><Paragraphe>Les congés payés pris après la notification de la rupture du contrat reportent-ils le préavis ?</Paragraphe></Titre><Paragraphe><MiseEnEvidence>Non</MiseEnEvidence>, les congés payés pris <MiseEnEvidence>après</MiseEnEvidence> la notification de la rupture <MiseEnEvidence>ne reportent pas</MiseEnEvidence> le préavis.</Paragraphe><Paragraphe>Le salarié ou l'employeur ne peuvent <MiseEnEvidence>pas</MiseEnEvidence> imposer la prise de congés pendant le préavis.</Paragraphe><Paragraphe>Ils peuvent toutefois convenir <MiseEnEvidence>d'un commun accord</MiseEnEvidence> de fixer une période de congés payés pendant le préavis.</Paragraphe><Paragraphe>Le préavis n'est alors <MiseEnEvidence>pas <LienIntra LienID="R43526" type="Définition de glossaire">suspendu</LienIntra></MiseEnEvidence> par les congés payés. Cependant, l'employeur et le salarié peuvent <MiseEnEvidence>décider</MiseEnEvidence> que le préavis soit <MiseEnEvidence>suspendu</MiseEnEvidence>.</Paragraphe><Paragraphe>Pour éviter tout litige, il est préférable de finaliser l'accord par un <MiseEnEvidence>écrit</MiseEnEvidence>.</Paragraphe><Exemple><Titre>Exemple</Titre><Paragraphe>Un salarié démissionne le <MiseEnEvidence>8 février 2022</MiseEnEvidence> et doit respecter un préavis d'un mois qui court jusqu'au <MiseEnEvidence>7 mars 2022</MiseEnEvidence> inclus. En accord avec son employeur, <MiseEnEvidence>2 semaines</MiseEnEvidence> de congés payés sont posées du <MiseEnEvidence>13 au 26 février 2022</MiseEnEvidence>. Sauf, si le document écrit qu'ils rédigent le prévoit, le préavis de démission n'est <MiseEnEvidence>pas suspendu</MiseEnEvidence> et prend bien fin le <MiseEnEvidence>7 mars 2022</MiseEnEvidence>.</Paragraphe></Exemple></Chapitre><Chapitre><Titre><Paragraphe>La fermeture de l'entreprise pour congés payés reporte-t-elle le préavis ?</Paragraphe></Titre><Paragraphe><MiseEnEvidence>Non</MiseEnEvidence>, la <MiseEnEvidence>fermeture</MiseEnEvidence> de l'entreprise pour congés payés ne <MiseEnEvidence>reporte pas</MiseEnEvidence> le préavis.</Paragraphe><Paragraphe>Le préavis du salarié n'est <MiseEnEvidence>pas <LienIntra LienID="R43526" type="Définition de glossaire">suspendu</LienIntra></MiseEnEvidence> et n'est donc <MiseEnEvidence>pas prolongé</MiseEnEvidence> de la durée de ses congés.</Paragraphe><Paragraphe>Le salarié perçoit les indemnités suivantes :</Paragraphe><Liste type="puce"><Item><Paragraphe><LienInterne LienPublication="F24660" type="Fiche d'information conditionnée" audience="Particuliers">Indemnité compensatrice</LienInterne> pour la période de préavis qu'il n'a pas pu effectuer</Paragraphe></Item><Item><Paragraphe><LienInterne LienPublication="F24661" type="Fiche d'information conditionnée" audience="Particuliers">Indemnité compensatrice de congés payés</LienInterne> correspondant à la durée de fermeture de l'entreprise pour cause de congés annuels</Paragraphe></Item></Liste><Exemple><Titre>Exemple</Titre><Paragraphe>Un salarié est licencié et son préavis de 2 mois se déroule du <MiseEnEvidence>15 juillet au 14 septembre 2022</MiseEnEvidence> inclus. Son entreprise est fermée annuellement pour congés payés du <MiseEnEvidence>1<Exposant>er</Exposant> au 25 août 2022</MiseEnEvidence>. Le préavis n'est <MiseEnEvidence>pas prolongé</MiseEnEvidence> par la fermeture de l'entreprise et finit le <MiseEnEvidence>14 septembre 2022</MiseEnEvidence>.</Paragraphe></Exemple></Chapitre></Texte><Reference type="Texte de référence" URL="https://www.legifrance.gouv.fr/codes/id/LEGISCTA000006195622/" ID="R24664"><Titre>Code du travail : articles L1234-1 à L1234-8</Titre><Complement>Préavis et indemnité compensatrice de préavis</Complement></Reference><Reference type="Texte de référence" URL="https://www.legifrance.gouv.fr/codes/article_lc/LEGIARTI000006901174" ID="R33874"><Titre>Code du travail : article L1237-1</Titre><Complement>Démission et préavis</Complement></Reference><Reference type="Texte de référence" URL="https://www.legifrance.gouv.fr/codes/article_lc/LEGIARTI000033510119" ID="R38981"><Titre>Code du travail : article D3141-3</Titre><Complement>Préavis et congés</Complement></Reference><Definition ID="R43526"><Titre>Suspension d'un contrat de travail</Titre><Texte><Paragraphe>Situation durant laquelle le paiement du salaire par l'employeur et l'exécution d'un travail par le salarié cessent temporairement (par exemple : exercice du droit de grève, fonction de juré d'assise, maladie ou accident du travail, congé de maternité, de paternité, d'adoption ou parental, congé sabbatique, fermeture temporaire de l'entreprise , mise à pied)</Paragraphe></Texte></Definition><QuestionReponse ID="F12598" audience="Particuliers"><Titre>Un salarié peut-il démissionner pendant ses congés payés ?</Titre></QuestionReponse></Publication>