<?xml version="1.0" encoding="UTF-8"?><Publication xmlns:dc="http://purl.org/dc/elements/1.1/" xmlns:xsi="http://www.w3.org/2001/XMLSchema-instance" ID="F3067" type="Fiche Question-réponse conditionnée" xsi:noNamespaceSchemaLocation="../Schemas/3.4/Publication.xsd" spUrl="https://www.service-public.fr/particuliers/vosdroits/F3067"><dc:title>Peut-on faire une nouvelle demande d'asile après un refus ?</dc:title><dc:creator>Direction de l'information légale et administrative</dc:creator><dc:subject>Étranger - Europe</dc:subject><dc:description>Si votre demande d'asile a été rejetée, vous pouvez en demander le réexamen à l'Ofpra. Vous devez tout d'abord faire une nouvelle demande d'enregistrement en préfecture. Pour être acceptée, votre demande de réexamen doit remplir certaines conditions. En cas de nouveau rejet par l'Ofpra, vous pouvez saisir la CNDA.</dc:description><dc:publisher>Direction de l'information légale et administrative</dc:publisher><dc:contributor>Direction de l'information légale et administrative (Premier ministre)</dc:contributor><dc:date>modified 2021-07-05</dc:date><dc:type>Question-réponse</dc:type><dc:format>text/xml</dc:format><dc:identifier>F3067</dc:identifier><dc:source>https://www.legifrance.gouv.fr/codes/section_lc/LEGITEXT000006070158/LEGISCTA000042801800/#LEGISCTA000042806462, https://www.legifrance.gouv.fr/codes/section_lc/LEGITEXT000006070158/LEGISCTA000042801826/#LEGISCTA000042806436</dc:source><dc:language>Fr</dc:language><dc:relation>isPartOf N106</dc:relation><dc:coverage>France entière</dc:coverage><dc:rights>https://www.service-public.fr/a-propos/mentions-legales</dc:rights><SurTitre>Question-réponse</SurTitre><Audience>Particuliers</Audience><Canal>www.service-public.fr</Canal><FilDAriane><Niveau ID="Particuliers">Accueil particuliers</Niveau><Niveau ID="N19804">Étranger - Europe</Niveau><Niveau ID="N106">Demande d'asile (réfugié, protection subsidiaire, apatride)</Niveau><Niveau ID="F3067" type="Fiche Question-réponse conditionnée">Peut-on faire une nouvelle demande d'asile après un refus ?</Niveau></FilDAriane><Theme ID="N19804"><Titre>Étranger - Europe</Titre></Theme><SousThemePere ID="N20306">Étranger en France</SousThemePere><DossierPere ID="N106"><Titre>Demande d'asile (réfugié, protection subsidiaire, apatride)</Titre><SousDossier ID="N106-1"><Titre>Dépôt et examen de la demande d'asile</Titre><Fiche ID="F2232">Demande d'asile</Fiche><Fiche ID="F32454">Aides sociales</Fiche><Fiche ID="F2741">Droit au travail</Fiche></SousDossier><SousDossier ID="N106-2"><Titre>Statut de la personne bénéficiant du droit d'asile</Titre><Fiche ID="F15402">Apatride</Fiche><Fiche ID="F2689">Protection subsidiaire</Fiche><Fiche ID="F15401">Réfugié</Fiche></SousDossier></DossierPere><Introduction><Texte><Paragraphe>Si votre demande d'asile a été rejetée, vous pouvez en demander le réexamen à l'<LienInterne LienPublication="R31591" type="Acronyme">Ofpra</LienInterne>. Vous devez tout d'abord faire une nouvelle demande d'enregistrement en préfecture. Pour être acceptée, votre demande de réexamen doit remplir certaines conditions. En cas de nouveau rejet par l'Ofpra, vous pouvez saisir la <LienInterne LienPublication="R31151" type="Sigle">CNDA</LienInterne>.</Paragraphe></Texte></Introduction><Texte><Chapitre><Titre><Paragraphe>Conditions</Paragraphe></Titre><Paragraphe>Pour que votre demande de réexamen soit acceptée, vous devez présenter <MiseEnEvidence>des éléments nouveaux</MiseEnEvidence> de nature à justifier vos<MiseEnEvidence> craintes en cas de retour dans votre pays.</MiseEnEvidence></Paragraphe><Paragraphe>Ces faits doivent être<MiseEnEvidence> postérieurs à la décision de rejet</MiseEnEvidence> de votre 1<Exposant>re</Exposant> demande d'asile.</Paragraphe></Chapitre><Chapitre><Titre><Paragraphe>Démarche en préfecture</Paragraphe></Titre><Paragraphe>Pour demander le réexamen de votre demande d'asile par l'<LienInterne LienPublication="R31591" type="Acronyme">Ofpra</LienInterne>, vous devez d'abord faire <MiseEnEvidence>une nouvelle demande d'enregistrement à la préfecture de votre département</MiseEnEvidence>.</Paragraphe><Paragraphe>Cette demande est traitée comme une <LienInterne LienPublication="F2232" type="Fiche d'information conditionnée" audience="Particuliers">1re demande</LienInterne>. L'enregistrement doit être fait dans un délai de <MiseEnEvidence>3 jours</MiseEnEvidence>.</Paragraphe><Paragraphe><MiseEnEvidence>Il faut vous adresser à la préfecture dont dépend votre département de résidence</MiseEnEvidence>.</Paragraphe><Tableau><Titre>Préfets compétents pour enregistrer les demandes d'asile (en métropole) :</Titre><Colonne largeur="33" type="normal"/><Colonne largeur="33" type="normal"/><Colonne largeur="33" type="normal"/><Rangée type="header"><Cellule><Paragraphe>Région</Paragraphe></Cellule><Cellule><Paragraphe>Département</Paragraphe></Cellule><Cellule><Paragraphe>Préfecture compétente</Paragraphe></Cellule></Rangée><Rangée type="normal"><Cellule fusionVerticale="3"><Paragraphe>Auvergne-Rhône-Alpes</Paragraphe></Cellule><Cellule><Paragraphe>Allier (03), Cantal (15), Haute-Loire (43), Puy-de-Dôme (63)</Paragraphe></Cellule><Cellule><Paragraphe>Préfecture de Clermont-Ferrand (63)</Paragraphe></Cellule></Rangée><Rangée type="normal"><Cellule><Paragraphe>Ain (01), Ardèche (07), Loire (42), Rhône (69)</Paragraphe></Cellule><Cellule><Paragraphe>Préfecture de Lyon (69)</Paragraphe></Cellule></Rangée><Rangée type="normal"><Cellule><Paragraphe>Drôme (26), Isère (38), Haute-Savoie (74), Savoie (73)</Paragraphe></Cellule><Cellule><Paragraphe>Préfecture de Grenoble (38)</Paragraphe></Cellule></Rangée><Rangée type="normal"><Cellule fusionVerticale="3"><Paragraphe>Bourgogne-Franche-Comté</Paragraphe></Cellule><Cellule><Paragraphe>Côte-d'Or (21), Nièvre (58), Yonne (89)</Paragraphe></Cellule><Cellule><Paragraphe>Préfecture de Dijon (21)</Paragraphe></Cellule></Rangée><Rangée type="normal"><Cellule><Paragraphe>Doubs (25), Jura (39), Haute-Saône (70), Territoire de Belfort (90)</Paragraphe></Cellule><Cellule><Paragraphe>Préfecture de Besançon (25)</Paragraphe></Cellule></Rangée><Rangée type="normal"><Cellule><Paragraphe>Saône-et-Loire (71)</Paragraphe></Cellule><Cellule><Paragraphe>Préfecture de Mâcon (71)</Paragraphe></Cellule></Rangée><Rangée type="normal"><Cellule><Paragraphe>Bretagne</Paragraphe></Cellule><Cellule><Paragraphe>Ille-et-Vilaine (35), Côtes-d'Armor (22), Finistère (29), Morbihan (56)</Paragraphe></Cellule><Cellule><Paragraphe>Préfecture de Rennes (35)</Paragraphe></Cellule></Rangée><Rangée type="normal"><Cellule><Paragraphe>Centre-Val de Loire</Paragraphe></Cellule><Cellule><Paragraphe>Cher (18), Eure-et-Loir (28), Indre (36), Indre-et-Loire (37), Loir-et-Cher (41), Loiret (45)</Paragraphe></Cellule><Cellule><Paragraphe>Préfecture d'Orléans (45)</Paragraphe></Cellule></Rangée><Rangée type="normal"><Cellule><Paragraphe>Corse</Paragraphe></Cellule><Cellule><Paragraphe>Haute-Corse (2B), Corse-du-Sud (2A)</Paragraphe></Cellule><Cellule><Paragraphe>Préfecture de Marseille (13)</Paragraphe></Cellule></Rangée><Rangée type="normal"><Cellule fusionVerticale="4"><Paragraphe>Grand Est</Paragraphe></Cellule><Cellule><Paragraphe>Ardennes (08), Aube (10), Marne (51) Haute-Marne (52)</Paragraphe></Cellule><Cellule><Paragraphe>Préfecture de Châlons-en-Champagne (51)</Paragraphe></Cellule></Rangée><Rangée type="normal"><Cellule><Paragraphe>Meurthe-et-Moselle (54), Meuse (55), Moselle (57), Vosges (88)</Paragraphe></Cellule><Cellule><Paragraphe>Préfecture de Metz (57)</Paragraphe></Cellule></Rangée><Rangée type="normal"><Cellule><Paragraphe>Bas Rhin (67)</Paragraphe></Cellule><Cellule><Paragraphe>Préfecture de Strasbourg (67)</Paragraphe></Cellule></Rangée><Rangée type="normal"><Cellule><Paragraphe>Haut Rhin (68)</Paragraphe></Cellule><Cellule><Paragraphe>Préfecture de Colmar (68)</Paragraphe></Cellule></Rangée><Rangée type="normal"><Cellule fusionVerticale="2"><Paragraphe>Hauts-de-France</Paragraphe></Cellule><Cellule><Paragraphe>Nord (59), Pas-de-Calais (62)</Paragraphe></Cellule><Cellule><Paragraphe>Préfecture de Lille (59)</Paragraphe></Cellule></Rangée><Rangée type="normal"><Cellule><Paragraphe>Aisne (02), Oise (60), Somme (80)</Paragraphe></Cellule><Cellule><Paragraphe>Préfecture de Beauvais (60)</Paragraphe></Cellule></Rangée><Rangée type="normal"><Cellule fusionVerticale="8"><Paragraphe>Île-de-France</Paragraphe></Cellule><Cellule><Paragraphe>Paris (75)</Paragraphe></Cellule><Cellule><Paragraphe>Préfecture de Police de Paris</Paragraphe></Cellule></Rangée><Rangée type="normal"><Cellule><Paragraphe>Seine-et-Marne (77)</Paragraphe></Cellule><Cellule><Paragraphe>Préfecture de Melun (77)</Paragraphe></Cellule></Rangée><Rangée type="normal"><Cellule><Paragraphe>Yvelines (78)</Paragraphe></Cellule><Cellule><Paragraphe>Préfecture de Versailles (78)</Paragraphe></Cellule></Rangée><Rangée type="normal"><Cellule><Paragraphe>Essonne (91)</Paragraphe></Cellule><Cellule><Paragraphe>Préfecture d'Evry (91)</Paragraphe></Cellule></Rangée><Rangée type="normal"><Cellule><Paragraphe>Hauts-de-Seine (92)</Paragraphe></Cellule><Cellule><Paragraphe>Préfecture de Nanterre (92)</Paragraphe></Cellule></Rangée><Rangée type="normal"><Cellule><Paragraphe>Seine-Saint-Denis (93)</Paragraphe></Cellule><Cellule><Paragraphe>Préfecture de Bobigny (93)</Paragraphe></Cellule></Rangée><Rangée type="normal"><Cellule><Paragraphe>Val-de-Marne (94)</Paragraphe></Cellule><Cellule><Paragraphe>Préfecture de Créteil (94)</Paragraphe></Cellule></Rangée><Rangée type="normal"><Cellule><Paragraphe>Val-d'Oise (95)</Paragraphe></Cellule><Cellule><Paragraphe>Préfecture de Cergy-Pontoise (95)</Paragraphe></Cellule></Rangée><Rangée type="normal"><Cellule fusionVerticale="2"><Paragraphe>Normandie</Paragraphe></Cellule><Cellule><Paragraphe>Calvados (14), Manche (50), Orne (61)</Paragraphe></Cellule><Cellule><Paragraphe>Préfecture de Caen (50)</Paragraphe></Cellule></Rangée><Rangée type="normal"><Cellule><Paragraphe>Seine-Maritime (76), Eure (27)</Paragraphe></Cellule><Cellule><Paragraphe>Préfecture de Rouen (76)</Paragraphe></Cellule></Rangée><Rangée type="normal"><Cellule fusionVerticale="3"><Paragraphe>Nouvelle Aquitaine</Paragraphe></Cellule><Cellule><Paragraphe>Vienne (86), Charente (16), Charente-Maritime (17), Deux-Sèvres (79)</Paragraphe></Cellule><Cellule><Paragraphe>Préfecture de Poitiers (86)</Paragraphe></Cellule></Rangée><Rangée type="normal"><Cellule><Paragraphe>Dordogne (24), Gironde (33), Landes (40), Lot-et-Garonne (47), Pyrénées-Atlantiques (64)</Paragraphe></Cellule><Cellule><Paragraphe>Préfecture de Bordeaux (33)</Paragraphe></Cellule></Rangée><Rangée type="normal"><Cellule><Paragraphe>Corrèze (19), Creuse (23), Haute-Vienne (87)</Paragraphe></Cellule><Cellule><Paragraphe>Préfecture de Limoges (87)</Paragraphe></Cellule></Rangée><Rangée type="normal"><Cellule fusionVerticale="2"><Paragraphe>Occitanie</Paragraphe></Cellule><Cellule><Paragraphe>Haute-Garonne (31), Ariège (09), Aveyron (12), Gers (32), Hautes-Pyrénées (65), Lot (46), Tarn (81), Tarn-et-Garonne (82)</Paragraphe></Cellule><Cellule><Paragraphe>Préfecture de Toulouse (31)</Paragraphe></Cellule></Rangée><Rangée type="normal"><Cellule><Paragraphe>Aude (11), Gard (30), Hérault (34), Lozère (48), Pyrénées-Orientales (66)</Paragraphe></Cellule><Cellule><Paragraphe>Préfecture de Montpellier (34)</Paragraphe></Cellule></Rangée><Rangée type="normal"><Cellule fusionVerticale="2"><Paragraphe>Pays de la Loire</Paragraphe></Cellule><Cellule><Paragraphe>Loire-Atlantique (44), Mayenne (53), Vendée (85)</Paragraphe></Cellule><Cellule><Paragraphe>Préfecture de Nantes (44)</Paragraphe></Cellule></Rangée><Rangée type="normal"><Cellule><Paragraphe>Maine-et-Loire (49), Sarthe (72)</Paragraphe></Cellule><Cellule><Paragraphe>Préfecture d'Angers (49)</Paragraphe></Cellule></Rangée><Rangée type="normal"><Cellule fusionVerticale="2"><Paragraphe>Provence-Alpes-Côte d'Azur (Paca)</Paragraphe></Cellule><Cellule><Paragraphe>Alpes-Maritimes (06), Var (83)</Paragraphe></Cellule><Cellule><Paragraphe>Préfecture de Nice (06)</Paragraphe></Cellule></Rangée><Rangée type="normal"><Cellule><Paragraphe>Alpes-de-Haute-Provence (04), Bouches-du-Rhône (13), Hautes-Alpes (05), Vaucluse (84)</Paragraphe></Cellule><Cellule><Paragraphe>Préfecture de Marseille (13)</Paragraphe></Cellule></Rangée></Tableau><Rappel><Titre>Rappel</Titre><Paragraphe><MiseEnEvidence>faites la recherche de la préfecture compétente, qui n'est pas forcément celle située dans votre département.</MiseEnEvidence></Paragraphe></Rappel></Chapitre><Chapitre><Titre><Paragraphe>Démarche à l'Ofpra</Paragraphe></Titre><Paragraphe>Votre demande de réexamen est traitée selon une <MiseEnEvidence>procédure accélérée</MiseEnEvidence>.</Paragraphe><Paragraphe>Vous avez <MiseEnEvidence>8 jours,</MiseEnEvidence> à compter de l'enregistrement de votre nouvelle demande, pour faire parvenir votre demande complète de réexamen à l'Ofpra.</Paragraphe><Paragraphe>Vous pouvez l'adresser par courrier (de préférence en recommandé avec accusé de réception) ou la déposer directement à l'accueil de l'Ofpra (si vous résidez à Paris ou en région parisienne).</Paragraphe><OuSAdresser ID="R89" sve="non" type="Centre de contact"><Titre>Office français de protection des réfugiés et apatrides (Ofpra)</Titre><Texte><Chapitre><Titre><Paragraphe>Sur place</Paragraphe></Titre><Paragraphe>Office français de protection des réfugiés et apatrides (Ofpra)</Paragraphe><Paragraphe>201 rue Carnot</Paragraphe><Paragraphe>94136 Fontenay sous Bois Cedex</Paragraphe><Paragraphe>Réception du public sur convocation</Paragraphe></Chapitre><Chapitre><Titre><Paragraphe>Par téléphone</Paragraphe></Titre><Paragraphe>01 58 68 10 10</Paragraphe></Chapitre></Texte></OuSAdresser></Chapitre><Chapitre><Titre><Paragraphe>Décision de l'Ofpra</Paragraphe></Titre><Paragraphe>L'Ofpra dispose de<MiseEnEvidence> 7 jours</MiseEnEvidence> pour se prononcer sur la <LienIntra LienID="R59744" type="Définition de glossaire">recevabilité</LienIntra> de votre demande.</Paragraphe><Paragraphe>S'il décide de poursuivre l'examen de votre demande, il en informe le préfet.</Paragraphe><Paragraphe>Vous recevez alors une attestation de demande d'asile valant autorisation provisoire de séjour (APS).</Paragraphe><Paragraphe>Ce document est d'une durée de validité d'<MiseEnEvidence>1 mois</MiseEnEvidence>. Il peut être renouvelé pour <MiseEnEvidence>6 mois</MiseEnEvidence>.</Paragraphe><BlocCas affichage="radio"><Cas><Titre>Décision positive</Titre><Paragraphe>L'Ofpra peut accepter la demande de réexamen. Vous êtes alors placé sous sa protection. Vous êtes convoqué en préfecture pour recevoir : </Paragraphe><Liste type="puce"><Item><Paragraphe>soit une <LienInterne LienPublication="F2208" type="Fiche d'information conditionnée" audience="Particuliers">carte de résident de 10 ans, si vous avez été reconnu réfugié,</LienInterne></Paragraphe></Item><Item><Paragraphe>soit une <LienInterne LienPublication="F2209" type="Fiche d'information conditionnée" audience="Particuliers">carte de séjour temporaire d'1 an, en cas de protection subsidiaire</LienInterne>.</Paragraphe></Item></Liste></Cas><Cas><Titre>Décision négative</Titre><Paragraphe>L'Ofpra peut rejeter votre demande de réexamen en l'absence d'éléments nouveaux ou non-convaincants.</Paragraphe><Paragraphe>Vous en êtes informé par lettre recommandée avec accusé de réception. Le motif de la décision vous est communiqué dans une langue que vous êtes supposé comprendre.</Paragraphe><Paragraphe>Vous pouvez former un recours contre ce refus devant la <LienInterne LienPublication="F2675" type="Fiche Question-réponse conditionnée" audience="Particuliers">Cour nationale du droit d'asile (CNDA)</LienInterne>. Vous avez 1 mois suivant la <LienIntra LienID="R14732" type="Définition de glossaire">notification</LienIntra> de la décision de l'Ofpra pour le déposer.</Paragraphe><OuSAdresser ID="R97" sve="non" type="National"><Titre>Cour nationale du droit d'asile (CNDA)</Titre><RessourceWeb URL="http://www.cnda.fr/Informations-pratiques/Acces-et-contacts"/></OuSAdresser></Cas></BlocCas></Chapitre></Texte><Reference type="Texte de référence" URL="https://www.legifrance.gouv.fr/codes/section_lc/LEGITEXT000006070158/LEGISCTA000042801800/#LEGISCTA000042806462" ID="R54149"><Titre>Code de l'entrée et du séjour des étrangers et du droit d'asile : articles R531-35 à R531-39</Titre><Complement>Demandes de réexamen</Complement></Reference><Reference type="Texte de référence" URL="https://www.legifrance.gouv.fr/codes/section_lc/LEGITEXT000006070158/LEGISCTA000042801826/#LEGISCTA000042806436" ID="R33591"><Titre>Code de l'entrée et du séjour des étrangers et du droit d'asile : articles R532-6 à R532-12</Titre><Complement>Présentation des recours</Complement></Reference><Definition ID="R59744"><Titre>Recevabilité (d'une demande, d'un recours)</Titre><Texte><Paragraphe>Demande, recours en justice qui peuvent être reçus, admis. Ils respectent les règles de droit et de procédure.</Paragraphe></Texte></Definition><Definition ID="R14732"><Titre>Notification</Titre><Texte><Paragraphe>Formalité par laquelle un acte de procédure ou une décision est porté à la connaissance d’une personne</Paragraphe></Texte></Definition><Abreviation ID="R31591" type="Acronyme"><Titre>Ofpra</Titre><Texte><Paragraphe>Office français de protection des réfugiés et apatrides</Paragraphe></Texte></Abreviation><Abreviation ID="R31151" type="Sigle"><Titre>CNDA</Titre><Texte><Paragraphe>Cour nationale du droit d'asile</Paragraphe></Texte></Abreviation><QuestionReponse ID="F2675" audience="Particuliers"><Titre>Quel recours en cas de rejet de la demande d'asile par l'Ofpra ?</Titre></QuestionReponse></Publication>