<?xml version="1.0" encoding="UTF-8"?><Publication xmlns:dc="http://purl.org/dc/elements/1.1/" xmlns:xsi="http://www.w3.org/2001/XMLSchema-instance" ID="F31179" type="Fiche Question-réponse conditionnée" xsi:noNamespaceSchemaLocation="../Schemas/3.4/Publication.xsd" dateDerniereModificationImportante="2024-01-01T00:00:00" spUrl="https://www.service-public.fr/particuliers/vosdroits/F31179" statut="miseAJourAVenir"><dc:title>En quoi consiste le plafonnement global des niches fiscales ?</dc:title><dc:creator>Direction de l'information légale et administrative</dc:creator><dc:subject>Argent - Impôts - Consommation</dc:subject><dc:description>Le plafonnement global des avantages fiscaux (niches fiscales) consiste à limiter le montant des avantages fiscaux dont vous pouvez bénéficier.</dc:description><dc:publisher>Direction de l'information légale et administrative</dc:publisher><dc:contributor>Direction de l'information légale et administrative (Premier ministre)</dc:contributor><dc:date>modified 2024-01-01</dc:date><dc:type>Question-réponse</dc:type><dc:format>text/xml</dc:format><dc:identifier>F31179</dc:identifier><dc:source>https://www.legifrance.gouv.fr/codes/section_lc/LEGITEXT000006069577/LEGISCTA000020023121, https://www.legifrance.gouv.fr/loda/article_lc/LEGIARTI000026872821/, https://www.legifrance.gouv.fr/loda/article_lc/LEGIARTI000025048597/, http://bofip.impots.gouv.fr/bofip/7249-PGP</dc:source><dc:language>Fr</dc:language><dc:relation>isPartOf N19785</dc:relation><dc:coverage>France entière</dc:coverage><dc:rights>https://www.service-public.fr/a-propos/mentions-legales</dc:rights><SurTitre>Question-réponse</SurTitre><Audience>Particuliers</Audience><Canal>www.service-public.fr</Canal><FilDAriane><Niveau ID="Particuliers">Accueil particuliers</Niveau><Niveau ID="N19803">Argent - Impôts - Consommation</Niveau><Niveau ID="N19785">Impôt sur le revenu : déductions, réductions et crédits d'impôt</Niveau><Niveau ID="F31179" type="Fiche Question-réponse conditionnée">En quoi consiste le plafonnement global des niches fiscales ?</Niveau></FilDAriane><Theme ID="N19803"><Titre>Argent - Impôts - Consommation</Titre></Theme><SousThemePere ID="N20073">Impôts, taxes et douane</SousThemePere><DossierPere ID="N19785"><Titre>Impôt sur le revenu : déductions, réductions et crédits d'impôt</Titre><SousDossier ID="N19785-1"><Titre>Aides fiscales liées à la famille</Titre><Fiche ID="F446">Pension alimentaire versée à l'époux(se) ou ex-époux(se)</Fiche><Fiche ID="F2">Pension alimentaire versée à un enfant</Fiche><Fiche ID="F444">Pension alimentaire versée à un parent ou un grand-parent</Fiche><Fiche ID="F9">Frais de scolarisation des enfants</Fiche><Fiche ID="F8">Frais de garde de jeunes enfants hors du domicile</Fiche><Fiche ID="F12">Emploi d'un salarié à domicile</Fiche></SousDossier><SousDossier ID="N19785-2"><Titre>Aides fiscales liées aux dons, cotisations et souscriptions</Titre><Fiche ID="F426">Dons aux organismes d'intérêt général</Fiche><Fiche ID="F427">Dons aux partis politiques</Fiche><Fiche ID="F1">Cotisations syndicales</Fiche><Fiche ID="F14709">Cotisations d'épargne retraite</Fiche></SousDossier><SousDossier ID="N19785-3"><Titre>Aides fiscales liées aux personnes dépendantes</Titre><Fiche ID="F5">Frais d'accueil d'une personne âgée</Fiche><Fiche ID="F17">Frais en établissement pour personnes dépendantes</Fiche><Fiche ID="F18">Primes des contrats de rente-survie et d'épargne handicap</Fiche></SousDossier><SousDossier ID="N19785-4"><Titre>Aides fiscales liées au logement</Titre><Fiche ID="F10752">Dépenses d'équipements en faveur des personnes âgées ou en situation de handicap</Fiche><Fiche ID="F35578">Dépenses d'installation de systèmes de charge pour véhicule électrique</Fiche><Fiche ID="F31151">Investissements locatifs (Duflot/Pinel)</Fiche><Fiche ID="F35011">Investissements locatifs (Denormandie)</Fiche><Fiche ID="F34115">Dispositifs "Loc'Avantages" et "Louer abordable"</Fiche></SousDossier></DossierPere><Avertissement ID="R35411" date="2024-01-01"><Titre>Impôt sur le revenu : déclaration 2024 des revenus de 2023</Titre><Texte><Paragraphe>Cette page est à jour pour la déclaration des revenus de 2023.</Paragraphe><Paragraphe>Cependant, les formulaires, services en ligne et documents d'information ne sont pas encore disponibles pour la campagne 2024. Ils seront mis en ligne dès qu'ils seront disponibles.</Paragraphe></Texte></Avertissement><Texte><Paragraphe>Le plafonnement global des avantages fiscaux (<Expression>niches fiscales</Expression>) consiste à limiter le montant des avantages fiscaux dont vous pouvez bénéficier chaque année pour le calcul de l'impôt sur le revenu.</Paragraphe><BlocCas affichage="radio"><Cas><Titre>Cas général</Titre><Paragraphe>Pour l'imposition 2024 de vos revenus de 2023, le total de vos avantages fiscaux ne peut pas vous procurer une diminution du montant de l'impôt dû supérieure à <Valeur>10 000 €</Valeur>.</Paragraphe><Exemple><Titre>Exemple</Titre><Paragraphe>Pour un <LienIntra LienID="R1046" type="Définition de glossaire">foyer fiscal</LienIntra> qui bénéficie d'un <LienInterne LienPublication="F12" type="Fiche d'information conditionnée" audience="Particuliers">crédit d'impôt pour emploi à domicile</LienInterne> de <Valeur>6 000 €</Valeur> et d'une réduction d'impôt pour <LienInterne LienPublication="F31151" type="Fiche d'information conditionnée" audience="Particuliers">investissement locatif Pinel</LienInterne> de <Valeur>5 000 €</Valeur>.</Paragraphe><Paragraphe><Valeur>6 000 €</Valeur> + <Valeur>5 000 €</Valeur> = <Valeur>11 000 €</Valeur>.</Paragraphe><Paragraphe>Le montant dépasse la limite de plafonnement global.</Paragraphe><Paragraphe>Votre avantage fiscal est donc limité à <Valeur>10 000 €</Valeur>.</Paragraphe></Exemple><ASavoir><Titre>À savoir</Titre><Paragraphe>le plafonnement est le même pour tous les foyers fiscaux, que vous soyez seul ou en couple, avec ou sans personne à charge.</Paragraphe></ASavoir><Paragraphe><LienInterne LienPublication="F823" type="Fiche Question-réponse conditionnée" audience="Particuliers">Les avantages fiscaux</LienInterne> concernés peuvent prendre l'une des formes suivantes :</Paragraphe><Liste type="puce"><Item><Paragraphe>Déduction de votre revenu imposable</Paragraphe></Item><Item><Paragraphe>Réduction d'impôt</Paragraphe></Item><Item><Paragraphe>Crédit d'impôt</Paragraphe></Item></Liste><Paragraphe>Le plafonnement global s'applique aux avantages fiscaux accordés en contrepartie d'une prestation ou d'un investissement.</Paragraphe><Paragraphe>Le plafonnement global <MiseEnEvidence>ne s'applique pas </MiseEnEvidence>aux avantages fiscaux suivants :</Paragraphe><Liste type="puce"><Item><Paragraphe>Avantages liés à votre situation personnelle</Paragraphe></Item><Item><Paragraphe>Avantages liés à la poursuite d'un objectif d'intérêt général sans contrepartie</Paragraphe></Item></Liste><Tableau><Titre>Plafonnement global selon les avantages fiscaux (liste non exhaustive)</Titre><Colonne largeur="50" type="normal"/><Colonne largeur="50" type="normal"/><Rangée type="header"><Cellule><Paragraphe>Objet de l'avantage fiscal</Paragraphe></Cellule><Cellule><Paragraphe>Plafonnement global</Paragraphe></Cellule></Rangée><Rangée type="normal"><Cellule><Paragraphe><LienInterne LienPublication="F12" type="Fiche d'information conditionnée" audience="Particuliers">Emploi d'un salarié à domicile</LienInterne></Paragraphe></Cellule><Cellule><Paragraphe>Oui</Paragraphe></Cellule></Rangée><Rangée type="normal"><Cellule><Paragraphe><LienInterne LienPublication="F8" type="Fiche d'information conditionnée" audience="Particuliers">Frais de garde des jeunes enfants</LienInterne></Paragraphe></Cellule><Cellule><Paragraphe>Oui</Paragraphe></Cellule></Rangée><Rangée type="normal"><Cellule><Paragraphe>Investissement locatif</Paragraphe></Cellule><Cellule><Paragraphe>Oui</Paragraphe></Cellule></Rangée><Rangée type="normal"><Cellule><Paragraphe>Investissement forestier</Paragraphe></Cellule><Cellule><Paragraphe>Oui</Paragraphe></Cellule></Rangée><Rangée type="normal"><Cellule><Paragraphe>Souscription au capital de SOFICA</Paragraphe></Cellule><Cellule><Paragraphe>Oui</Paragraphe></Cellule></Rangée><Rangée type="normal"><Cellule><Paragraphe>Souscription au capital de PME</Paragraphe></Cellule><Cellule><Paragraphe>Oui</Paragraphe></Cellule></Rangée><Rangée type="normal"><Cellule><Paragraphe>Investissement outre-mer</Paragraphe></Cellule><Cellule><Paragraphe>Oui</Paragraphe></Cellule></Rangée><Rangée type="normal"><Cellule><Paragraphe><LienInterne LienPublication="F17" type="Fiche d'information conditionnée" audience="Particuliers">Frais d'établissement pour personnes dépendantes</LienInterne></Paragraphe></Cellule><Cellule><Paragraphe>Non</Paragraphe></Cellule></Rangée><Rangée type="normal"><Cellule><Paragraphe><LienInterne LienPublication="F426" type="Fiche d'information conditionnée" audience="Particuliers">Dons aux organismes d'intérêt général</LienInterne></Paragraphe></Cellule><Cellule><Paragraphe>Non</Paragraphe></Cellule></Rangée><Rangée type="normal"><Cellule><Paragraphe>Effets du <LienIntra LienID="R1124" type="Définition de glossaire">quotient familial</LienIntra></Paragraphe></Cellule><Cellule><Paragraphe>Non</Paragraphe></Cellule></Rangée><Rangée type="normal"><Cellule><Paragraphe><LienInterne LienPublication="F9" type="Fiche d'information conditionnée" audience="Particuliers">Frais de scolarité des enfants</LienInterne></Paragraphe></Cellule><Cellule><Paragraphe>Non</Paragraphe></Cellule></Rangée><Rangée type="normal"><Cellule><Paragraphe>Aide aux personnes âgées/handicapées</Paragraphe></Cellule><Cellule><Paragraphe>Non</Paragraphe></Cellule></Rangée></Tableau><ANoter><Titre>À noter</Titre><Paragraphe>pour connaître la liste exhaustive des avantages fiscaux concernés par le plafonnement, vous pouvez consulter la <LienExterne URL="https://www.impots.gouv.fr/www2/fichiers/documentation/brochure/ir_2023/accueil.htm">brochure pratique de l'impôt sur le revenu</LienExterne>. Ce document vous informe également sur l'application et le calcul du plafonnement.</Paragraphe></ANoter></Cas><Cas><Titre>Investissement outre-mer</Titre><Paragraphe>Pour l'imposition 2024 de vos revenus de 2023, si vous avez aussi réalisé des investissements en outre-mer, le total de vos avantages fiscaux ne peut pas vous procurer une diminution du montant de l'impôt dû supérieure à <Valeur>18 000 €</Valeur>.</Paragraphe><ASavoir><Titre>À savoir</Titre><Paragraphe>le plafonnement est le même pour tous les foyers fiscaux, que vous soyez seul ou en couple, avec ou sans personne à charge.</Paragraphe></ASavoir><Paragraphe><LienInterne LienPublication="F823" type="Fiche Question-réponse conditionnée" audience="Particuliers">Les avantages fiscaux</LienInterne> concernés peuvent prendre l'une des formes suivantes :</Paragraphe><Liste type="puce"><Item><Paragraphe>Déduction de votre revenu imposable</Paragraphe></Item><Item><Paragraphe>Réduction d'impôt</Paragraphe></Item><Item><Paragraphe>Crédit d'impôt</Paragraphe></Item></Liste><Paragraphe>Le plafonnement global s'applique aux avantages fiscaux accordés en contrepartie d'une prestation ou d'un investissement.</Paragraphe><Paragraphe>Le plafonnement global <MiseEnEvidence>ne s'applique pas </MiseEnEvidence>aux avantages fiscaux suivants :</Paragraphe><Liste type="puce"><Item><Paragraphe>Avantages liés à votre situation personnelle</Paragraphe></Item><Item><Paragraphe>Avantages liés à la poursuite d'un objectif d'intérêt général sans contrepartie</Paragraphe></Item></Liste><Tableau><Titre>Plafonnement global selon les avantages fiscaux (liste non exhaustive)</Titre><Colonne largeur="50" type="normal"/><Colonne largeur="50" type="normal"/><Rangée type="header"><Cellule><Paragraphe>Objet de l'avantage fiscal</Paragraphe></Cellule><Cellule><Paragraphe>Plafonnement global</Paragraphe></Cellule></Rangée><Rangée type="normal"><Cellule><Paragraphe><LienInterne LienPublication="F12" type="Fiche d'information conditionnée" audience="Particuliers">Emploi d'un salarié à domicile</LienInterne></Paragraphe></Cellule><Cellule><Paragraphe>Oui</Paragraphe></Cellule></Rangée><Rangée type="normal"><Cellule><Paragraphe><LienInterne LienPublication="F8" type="Fiche d'information conditionnée" audience="Particuliers">Frais de garde des jeunes enfants</LienInterne></Paragraphe></Cellule><Cellule><Paragraphe>Oui</Paragraphe></Cellule></Rangée><Rangée type="normal"><Cellule><Paragraphe>Investissement locatif</Paragraphe></Cellule><Cellule><Paragraphe>Oui</Paragraphe></Cellule></Rangée><Rangée type="normal"><Cellule><Paragraphe>Investissement forestier</Paragraphe></Cellule><Cellule><Paragraphe>Oui</Paragraphe></Cellule></Rangée><Rangée type="normal"><Cellule><Paragraphe>Souscription au capital de SOFICA</Paragraphe></Cellule><Cellule><Paragraphe>Oui</Paragraphe></Cellule></Rangée><Rangée type="normal"><Cellule><Paragraphe>Souscription au capital de PME</Paragraphe></Cellule><Cellule><Paragraphe>Oui</Paragraphe></Cellule></Rangée><Rangée type="normal"><Cellule><Paragraphe>Investissement outre-mer</Paragraphe></Cellule><Cellule><Paragraphe>Oui</Paragraphe></Cellule></Rangée><Rangée type="normal"><Cellule><Paragraphe><LienInterne LienPublication="F17" type="Fiche d'information conditionnée" audience="Particuliers">Frais d'établissement pour personnes dépendantes</LienInterne></Paragraphe></Cellule><Cellule><Paragraphe>Non</Paragraphe></Cellule></Rangée><Rangée type="normal"><Cellule><Paragraphe><LienInterne LienPublication="F426" type="Fiche d'information conditionnée" audience="Particuliers">Dons aux organismes d'intérêt général</LienInterne></Paragraphe></Cellule><Cellule><Paragraphe>Non</Paragraphe></Cellule></Rangée><Rangée type="normal"><Cellule><Paragraphe>Effets du <LienIntra LienID="R1124" type="Définition de glossaire">quotient familial</LienIntra></Paragraphe></Cellule><Cellule><Paragraphe>Non</Paragraphe></Cellule></Rangée><Rangée type="normal"><Cellule><Paragraphe><LienInterne LienPublication="F9" type="Fiche d'information conditionnée" audience="Particuliers">Frais de scolarité des enfants</LienInterne></Paragraphe></Cellule><Cellule><Paragraphe>Non</Paragraphe></Cellule></Rangée><Rangée type="normal"><Cellule><Paragraphe>Aide aux personnes âgées/handicapées</Paragraphe></Cellule><Cellule><Paragraphe>Non</Paragraphe></Cellule></Rangée></Tableau><ANoter><Titre>À noter</Titre><Paragraphe>pour connaître la liste exhaustive des avantages fiscaux concernés par le plafonnement, vous pouvez consulter la <LienExterne URL="https://www.impots.gouv.fr/www2/fichiers/documentation/brochure/ir_2023/accueil.htm">brochure pratique de l'impôt sur le revenu</LienExterne>. Ce document vous informe également sur l'application et le calcul du plafonnement.</Paragraphe></ANoter></Cas><Cas><Titre>Investissement Sofica (cinéma)</Titre><Paragraphe>Pour l'imposition 2024 de vos revenus de 2023, si vous avez réalisé des investissements dans le cinéma (Sofica), le total de vos avantages fiscaux ne peut pas vous procurer une diminution du montant de l'impôt dû supérieure à <Valeur>18 000 €</Valeur>.</Paragraphe><ASavoir><Titre>À savoir</Titre><Paragraphe>le plafonnement est le même pour tous les foyers fiscaux, que vous soyez seul ou en couple, avec ou sans personne à charge.</Paragraphe></ASavoir><Paragraphe><LienInterne LienPublication="F823" type="Fiche Question-réponse conditionnée" audience="Particuliers">Les avantages fiscaux</LienInterne> concernés peuvent prendre l'une des formes suivantes :</Paragraphe><Liste type="puce"><Item><Paragraphe>Déduction de votre revenu imposable</Paragraphe></Item><Item><Paragraphe>Réduction d'impôt</Paragraphe></Item><Item><Paragraphe>Crédit d'impôt</Paragraphe></Item></Liste><Paragraphe>Le plafonnement global s'applique aux avantages fiscaux accordés en contrepartie d'une prestation ou d'un investissement.</Paragraphe><Paragraphe>Le plafonnement global <MiseEnEvidence>ne s'applique pas </MiseEnEvidence>aux avantages fiscaux suivants :</Paragraphe><Liste type="puce"><Item><Paragraphe>Avantages liés à votre situation personnelle</Paragraphe></Item><Item><Paragraphe>Avantages liés à la poursuite d'un objectif d'intérêt général sans contrepartie</Paragraphe></Item></Liste><Tableau><Titre>Plafonnement global selon les avantages fiscaux (liste non exhaustive)</Titre><Colonne largeur="50" type="normal"/><Colonne largeur="50" type="normal"/><Rangée type="header"><Cellule><Paragraphe>Objet de l'avantage fiscal</Paragraphe></Cellule><Cellule><Paragraphe>Plafonnement global</Paragraphe></Cellule></Rangée><Rangée type="normal"><Cellule><Paragraphe><LienInterne LienPublication="F12" type="Fiche d'information conditionnée" audience="Particuliers">Emploi d'un salarié à domicile</LienInterne></Paragraphe></Cellule><Cellule><Paragraphe>Oui</Paragraphe></Cellule></Rangée><Rangée type="normal"><Cellule><Paragraphe><LienInterne LienPublication="F8" type="Fiche d'information conditionnée" audience="Particuliers">Frais de garde des jeunes enfants</LienInterne></Paragraphe></Cellule><Cellule><Paragraphe>Oui</Paragraphe></Cellule></Rangée><Rangée type="normal"><Cellule><Paragraphe>Investissement locatif</Paragraphe></Cellule><Cellule><Paragraphe>Oui</Paragraphe></Cellule></Rangée><Rangée type="normal"><Cellule><Paragraphe>Investissement forestier</Paragraphe></Cellule><Cellule><Paragraphe>Oui</Paragraphe></Cellule></Rangée><Rangée type="normal"><Cellule><Paragraphe>Souscription au capital de SOFICA</Paragraphe></Cellule><Cellule><Paragraphe>Oui</Paragraphe></Cellule></Rangée><Rangée type="normal"><Cellule><Paragraphe>Souscription au capital de PME</Paragraphe></Cellule><Cellule><Paragraphe>Oui</Paragraphe></Cellule></Rangée><Rangée type="normal"><Cellule><Paragraphe>Investissement outre-mer</Paragraphe></Cellule><Cellule><Paragraphe>Oui</Paragraphe></Cellule></Rangée><Rangée type="normal"><Cellule><Paragraphe><LienInterne LienPublication="F17" type="Fiche d'information conditionnée" audience="Particuliers">Frais d'établissement pour personnes dépendantes</LienInterne></Paragraphe></Cellule><Cellule><Paragraphe>Non</Paragraphe></Cellule></Rangée><Rangée type="normal"><Cellule><Paragraphe><LienInterne LienPublication="F426" type="Fiche d'information conditionnée" audience="Particuliers">Dons aux organismes d'intérêt général</LienInterne></Paragraphe></Cellule><Cellule><Paragraphe>Non</Paragraphe></Cellule></Rangée><Rangée type="normal"><Cellule><Paragraphe>Effets du <LienIntra LienID="R1124" type="Définition de glossaire">quotient familial</LienIntra></Paragraphe></Cellule><Cellule><Paragraphe>Non</Paragraphe></Cellule></Rangée><Rangée type="normal"><Cellule><Paragraphe><LienInterne LienPublication="F9" type="Fiche d'information conditionnée" audience="Particuliers">Frais de scolarité des enfants</LienInterne></Paragraphe></Cellule><Cellule><Paragraphe>Non</Paragraphe></Cellule></Rangée><Rangée type="normal"><Cellule><Paragraphe>Aide aux personnes âgées/handicapées</Paragraphe></Cellule><Cellule><Paragraphe>Non</Paragraphe></Cellule></Rangée></Tableau><ANoter><Titre>À noter</Titre><Paragraphe>pour connaître la liste exhaustive des avantages fiscaux concernés par le plafonnement, vous pouvez consulter la <LienExterne URL="https://www.impots.gouv.fr/www2/fichiers/documentation/brochure/ir_2023/accueil.htm">brochure pratique de l'impôt sur le revenu</LienExterne>. Ce document vous informe également sur l'application et le calcul du plafonnement.</Paragraphe></ANoter></Cas></BlocCas></Texte><VoirAussi important="non"><Dossier ID="N247" audience="Particuliers"><Titre>Impôt sur le revenu : déclaration et revenus à déclarer</Titre><Theme ID="N19803"><Titre>Argent - Impôts - Consommation</Titre></Theme></Dossier><Dossier ID="N19785" audience="Particuliers"><Titre>Impôt sur le revenu : déductions, réductions et crédits d'impôt</Titre><Theme ID="N19803"><Titre>Argent - Impôts - Consommation</Titre></Theme></Dossier><Fiche ID="F34328" audience="Particuliers"><Titre>Impôt sur le revenu - Calcul de l'impôt</Titre><Theme ID="N19803"><Titre>Argent - Impôts - Consommation</Titre></Theme></Fiche></VoirAussi><QuiPeutMAider ID="R15019" sve="non" type="Local personnalisable"><Titre>Service en charge des impôts (trésorerie, service des impôts...)</Titre><Complement>Pour joindre le service local gestionnaire de votre dossier (les coordonnées figurent sur vos avis d'imposition et déclarations de revenus)</Complement><PivotLocal>centre_impots</PivotLocal><RessourceWeb URL="https://www.impots.gouv.fr/portail/contacts"/><Source ID="R30612">Ministère chargé des finances</Source></QuiPeutMAider><QuiPeutMAider ID="R20684" sve="non" type="Centre de contact"><Titre>Service d'information des impôts</Titre><Complement>Pour des informations générales</Complement><Source ID="R30612">Ministère chargé des finances</Source><Texte><Paragraphe>Par téléphone :</Paragraphe><Paragraphe><MiseEnEvidence>0809 401 401</MiseEnEvidence></Paragraphe><Paragraphe>Du lundi au vendredi de 8h30 à 19h, hors jours fériés.</Paragraphe><Paragraphe>Service gratuit + prix appel</Paragraphe></Texte></QuiPeutMAider><Reference type="Texte de référence" URL="https://www.legifrance.gouv.fr/codes/section_lc/LEGITEXT000006069577/LEGISCTA000020023121" ID="R31470"><Titre>Code général des impôts : article 200-0 A</Titre><Complement>Plafonnement des avantages fiscaux</Complement></Reference><Reference type="Texte de référence" URL="https://www.legifrance.gouv.fr/loda/article_lc/LEGIARTI000026872821/" ID="R31485"><Titre>Loi n°2012-1509 du 29 décembre 2012 de finances pour 2013 : article 73</Titre></Reference><Reference type="Texte de référence" URL="https://www.legifrance.gouv.fr/loda/article_lc/LEGIARTI000025048597/" ID="R31483"><Titre>Loi n°2011-1977 du 28 décembre 2011 de finances pour 2012 : article 84</Titre></Reference><Reference type="Texte de référence" URL="http://bofip.impots.gouv.fr/bofip/7249-PGP" ID="R31474"><Titre>Bofip-Impôts n°BOI-IR-LIQ-20-20-10 relatif au plafonnement global de certains avantages fiscaux</Titre></Reference><PourEnSavoirPlus type="Information pratique" ID="R17502" URL="https://www.impots.gouv.fr/www2/fichiers/documentation/brochure/ir_2023/accueil.htm" audience="Particuliers"><Titre>Brochure pratique 2023 - Déclaration des revenus de 2022</Titre><Source ID="R30612">Ministère chargé des finances</Source></PourEnSavoirPlus><Definition ID="R1046"><Titre>Foyer fiscal</Titre><Texte><Paragraphe>Ensemble de personnes remplissant une seule déclaration de revenus (exemple : époux, épouse et enfants à charge)</Paragraphe></Texte><Reference type="Texte de référence" URL="https://www.legifrance.gouv.fr/codes/id/LEGISCTA000006179569/" ID="R32026"><Titre>Code général des impôts : articles 4A à 8 quinquies</Titre></Reference></Definition><Definition ID="R1124"><Titre>Quotient familial</Titre><Texte><Paragraphe>Division du revenu imposable en un certain nombre de parts. Ce nombre de parts dépend de la situation du contribuable (célibataire, marié, etc.) et des personnes à sa charge.</Paragraphe></Texte><Reference type="Texte de référence" URL="http://bofip.impots.gouv.fr/bofip/2235-PGP" ID="R31993"><Titre>Bofip-Impôts n°BOI-IR-LIQ-10-20 relatif au calcul du quotient familial</Titre><Source ID="R30612">Ministère chargé des finances</Source></Reference></Definition><QuestionReponse ID="F823" audience="Particuliers"><Titre>Déduction, réduction d'impôt, crédit d'impôt : quelles différences ?</Titre></QuestionReponse></Publication>