<?xml version="1.0" encoding="UTF-8"?><Publication xmlns:dc="http://purl.org/dc/elements/1.1/" xmlns:xsi="http://www.w3.org/2001/XMLSchema-instance" ID="F31269" type="Fiche d'information conditionnée" xsi:noNamespaceSchemaLocation="../Schemas/3.4/Publication.xsd" dateDerniereModificationImportante="2020-01-01T00:00:00" spUrl="https://www.service-public.fr/particuliers/vosdroits/F31269"><dc:title>Dépôt de garantie dans un bail d'habitation</dc:title><dc:creator>Direction de l'information légale et administrative</dc:creator><dc:subject>Logement</dc:subject><dc:description>À quoi sert le dépôt de garantie et est-il obligatoire ? Dans certains cas, le propriétaire peut exiger le versement d'un dépôt de garantie pour couvrir les éventuels futurs manquements du locataire à ses obligations (impayé de loyer ou de charges, absence de réparations locatives...). Ces règles dépendent du bail d'habitation signé : bail d'un logement vide ou bail d'un logement meublé.</dc:description><dc:publisher>Direction de l'information légale et administrative</dc:publisher><dc:contributor>Direction de l'information légale et administrative (Premier ministre)</dc:contributor><dc:date>modified 2023-04-06</dc:date><dc:type>Fiche pratique</dc:type><dc:format>text/xml</dc:format><dc:identifier>F31269</dc:identifier><dc:source>https://www.legifrance.gouv.fr/loda/article_lc/LEGIARTI000039369598/, https://www.legifrance.gouv.fr/loda/article_lc/LEGIARTI000028806566/, https://www.legifrance.gouv.fr/loda/article_lc/LEGIARTI000028806696/, https://www.legifrance.gouv.fr/loda/article_lc/LEGIARTI000028779187/, https://www.legifrance.gouv.fr/loda/article_lc/LEGIARTI000037649098/</dc:source><dc:language>Fr</dc:language><dc:relation>isPartOf N349</dc:relation><dc:coverage>France entière</dc:coverage><dc:rights>https://www.service-public.fr/a-propos/mentions-legales</dc:rights><SurTitre>Fiche pratique</SurTitre><Audience>Particuliers</Audience><Canal>www.service-public.fr</Canal><FilDAriane><Niveau ID="Particuliers">Accueil particuliers</Niveau><Niveau ID="N19808">Logement</Niveau><Niveau ID="N349">Location immobilière : contrat de location (bail)</Niveau><Niveau ID="F31269" type="Fiche d'information conditionnée">Dépôt de garantie dans un bail d'habitation</Niveau></FilDAriane><Theme ID="N19808"><Titre>Logement</Titre></Theme><SousThemePere ID="N289">Location immobilière</SousThemePere><DossierPere ID="N349"><Titre>Location immobilière : contrat de location (bail)</Titre><Fiche ID="F920">Rédaction du contrat</Fiche><Fiche ID="F1686">Clauses abusives</Fiche><Fiche ID="F31269">Dépôt de garantie</Fiche><Fiche ID="F31270">État des lieux d'entrée</Fiche></DossierPere><Introduction><Texte><Paragraphe>À quoi sert le dépôt de garantie et est-il obligatoire ?</Paragraphe><Paragraphe>Dans certains cas, le propriétaire peut exiger le versement d'un dépôt de garantie pour couvrir les éventuels futurs manquements du locataire à ses obligations (impayé de loyer ou de charges, absence de réparations locatives...).</Paragraphe><Paragraphe>Ces règles dépendent du bail d'habitation signé : bail d'un logement vide ou bail d'un logement meublé.</Paragraphe></Texte></Introduction><ListeSituations affichage="onglet"><Situation><Titre>Logement vide</Titre><Texte><Chapitre><Titre><Paragraphe>Quel est le montant du dépôt de garantie ?</Paragraphe></Titre><Paragraphe>Le propriétaire (ou l'agence immobilière) peut réclamer un dépôt de garantie dans certains cas seulement :</Paragraphe><BlocCas affichage="radio"><Cas><Titre>Loyer à payer d'avance chaque mois</Titre><Paragraphe>Le propriétaire peut exiger le versement d'un dépôt de garantie à la signature du bail.</Paragraphe><Paragraphe>Le montant du dépôt de garantie ne doit pas dépasser 1 mois de loyer (hors charges), et il doit être indiqué dans le bail.</Paragraphe><Paragraphe>Le propriétaire ne peut pas augmenter le montant du dépôt de garantie en cours de bail, ni au renouvellement du bail.</Paragraphe></Cas><Cas><Titre>Loyer à payer d'avance tous les 2 mois</Titre><Paragraphe>Le propriétaire peut exiger le versement d'un dépôt de garantie à la signature du bail.</Paragraphe><Paragraphe>Le montant du dépôt de garantie ne doit pas dépasser 1 mois de loyer (hors charges), et il doit être indiqué dans le bail.</Paragraphe><Paragraphe>Le propriétaire ne peut pas augmenter le montant du dépôt de garantie en cours de bail, ni au renouvellement du bail.</Paragraphe></Cas><Cas><Titre>Loyer à payer d'avance chaque trimestre</Titre><Paragraphe>Le propriétaire a interdiction de réclamer un dépôt de garantie.</Paragraphe></Cas></BlocCas></Chapitre><Chapitre ID="T15065"><Titre><Paragraphe>Quand verser le dépôt de garantie au propriétaire ?</Paragraphe></Titre><Paragraphe>Au moment de la signature du bail, le propriétaire (ou l'agence immobilière si elle gère la location) peut recevoir le versement du dépôt de garantie :</Paragraphe><Liste type="puce"><Item><Paragraphe>Soit directement du locataire</Paragraphe></Item><Item><Paragraphe>Soit d'un organisme auquel le locataire a fait appel, comme <LienIntra LienID="R59599" type="Définition de glossaire">Action logement</LienIntra> pour <LienInterne LienPublication="F18490" type="Fiche d'information conditionnée" audience="Particuliers">l'avance Loca-Pass</LienInterne>, ou le <LienInterne LienPublication="F1334" type="Fiche Question-réponse conditionnée" audience="Particuliers">fonds de solidarité pour le logement (FSL)</LienInterne></Paragraphe></Item></Liste><Paragraphe>Lorsque le locataire <LienInterne LienPublication="F10999" type="Fiche d'information conditionnée" audience="Particuliers">verse en espèces</LienInterne> le dépôt de garantie, il peut exiger que le propriétaire lui donne un reçu qui prouve que la somme remise correspond au montant du dépôt de garantie.</Paragraphe><ASavoir><Titre>À savoir</Titre><Paragraphe>Au moment de la signature du bail, le propriétaire (ou l'agence immobilière) peut recevoir du locataire le paiement du loyer, du dépôt de garantie et des <LienInterne LienPublication="F375" type="Fiche d'information conditionnée" audience="Particuliers">frais d'agence immobilière liés à la mise en location (état des lieux, visite du logement...)</LienInterne>.</Paragraphe><Paragraphe>Obliger le locataire à verser d'autres sommes pour obtenir la signature du bail est interdit, même si cette obligation est prévue par une des clauses du bail.</Paragraphe></ASavoir></Chapitre><Chapitre><Titre><Paragraphe>Qui doit rendre le dépôt de garantie au locataire ?</Paragraphe></Titre><Paragraphe>C'est au propriétaire (ou à l'agence immobilière) de rendre le dépôt de garantie au locataire.</Paragraphe><Paragraphe>Lorsque le logement est vendu ou cédé gratuitement à un nouveau propriétaire durant le bail, c'est ce nouveau propriétaire qui doit rendre le dépôt de garantie au locataire.</Paragraphe><Paragraphe>En cas de changement d'agence immobilière en cours de bail, c'est à la nouvelle agence immobilière de rendre le dépôt de garantie.</Paragraphe></Chapitre><Chapitre><Titre><Paragraphe>Quand rendre le dépôt de garantie au locataire ?</Paragraphe></Titre><Paragraphe>Les règles sont différentes selon que l'état des lieux de sortie est ou non conforme à l'état des lieux d'entrée :</Paragraphe><BlocCas affichage="radio"><Cas><Titre>État des lieux conforme</Titre><TitreFlottant><Paragraphe>Délai</Paragraphe></TitreFlottant><Paragraphe>En fin de bail, le propriétaire (ou l'agence immobilière) doit rendre le dépôt de garantie <MiseEnEvidence>dans un délai maximum de 1 mois</MiseEnEvidence>.</Paragraphe><Paragraphe>Le délai commence à partir du jour où le locataire rend les clés du logement par l'un des moyens suivants :</Paragraphe><Liste type="puce"><Item><Paragraphe>Soit <Expression>en mains propres</Expression></Paragraphe></Item><Item><Paragraphe>Soit par lettre recommandée avec demande d'avis de réception</Paragraphe></Item></Liste><Paragraphe><MiseEnEvidence>Le montant rendu</MiseEnEvidence> au locataire <MiseEnEvidence>peut être inférieur</MiseEnEvidence> au montant versé par le locataire, <MiseEnEvidence>à cause de retenues ou de provision</MiseEnEvidence>.</Paragraphe><ANoter><Titre>À noter</Titre><Paragraphe>Lors de la remise des clés, le locataire indique au propriétaire (ou à l'agence immobilière) ses nouvelles coordonnées (nouvelle adresse, RIB).</Paragraphe></ANoter><TitreFlottant><Paragraphe>Retenues</Paragraphe></TitreFlottant><Paragraphe>Une retenue est une somme que le propriétaire peut de garder.</Paragraphe><Paragraphe>Cette somme peut correspondre à un montant restant dû par le locataire au propriétaire. Par exemple, il peut s'agir d'un impayé de loyers ou de charges, de frais liés à des dégradations ou à des travaux locatifs non faits.</Paragraphe><Paragraphe>En cas de retenue, le propriétaire doit remettre au locataire des documents justificatifs. Par exemple, il peut s'agir des documents suivants : états des lieux d'entrée et de sortie, photos, constat fait par un commissaire de justice (anciennement constat d'huissier de justice), factures ou devis de travaux, lettre de réclamation des loyers impayés restée sans réponse...</Paragraphe><Paragraphe>Le locataire peut contester les retenues. Il peut s'aider du modèle de lettre suivant :</Paragraphe><ServiceEnLigne ID="R31949" URL="https://www.inc-conso.fr/content/apres-votre-depart-le-proprietaire-fait-des-travaux-vous-en-contestez-la-facture" audience="Particuliers" type="Modèle de document"><Titre>Locataire : contester la facture des travaux de remise en état de son ancien logement</Titre><Source ID="R30643">Institut national de la consommation (INC)</Source></ServiceEnLigne><TitreFlottant><Paragraphe>Provision</Paragraphe></TitreFlottant><Paragraphe>Le propriétaire doit faire un arrêté des comptes de charges provisoire. Il peut conserver une provision jusqu'à l'arrêté annuel des comptes de l'immeuble. Le montant de la provision doit être fixé à l'appui de documents justificatifs. Il ne doit pas dépasser <Valeur>20 %</Valeur> du montant du dépôt de garantie.</Paragraphe><Paragraphe>Dans le mois qui suit l'approbation définitive des comptes de l'immeuble, le propriétaire doit faire la régularisation définitive des comptes de charges et rendre le solde au locataire.</Paragraphe><ASavoir><Titre>À savoir</Titre><Paragraphe>Le locataire et le propriétaire peuvent convenir de solder immédiatement l'ensemble des comptes sans attendre l'approbation des comptes de l'immeuble.</Paragraphe></ASavoir></Cas><Cas><Titre>État des lieux non conforme</Titre><TitreFlottant><Paragraphe>Délai</Paragraphe></TitreFlottant><Paragraphe>En fin de bail, le propriétaire (ou l'agence immobilière) doit rendre le dépôt de garantie <MiseEnEvidence>dans un délai maximum de 2 mois</MiseEnEvidence>.</Paragraphe><Paragraphe>Le délai commence à partir du jour où le locataire rend les clés du logement par l'un des moyens suivants :</Paragraphe><Liste type="puce"><Item><Paragraphe>Soit <Expression>en mains propres</Expression></Paragraphe></Item><Item><Paragraphe>Soit par lettre recommandée avec demande d'avis de réception</Paragraphe></Item></Liste><Paragraphe><MiseEnEvidence>Le montant rendu</MiseEnEvidence> au locataire <MiseEnEvidence>peut être inférieur</MiseEnEvidence> au montant versé par le locataire, <MiseEnEvidence>à cause de retenues ou de provision</MiseEnEvidence>.</Paragraphe><ANoter><Titre>À noter</Titre><Paragraphe>Lors de la remise des clés, le locataire indique au propriétaire (ou à l'agence immobilière) ses nouvelles coordonnées (nouvelle adresse, RIB).</Paragraphe></ANoter><TitreFlottant><Paragraphe>Retenues</Paragraphe></TitreFlottant><Paragraphe>Une retenue est une somme que le propriétaire peut garder.</Paragraphe><Paragraphe>Cette somme peut correspondre à un montant restant dû par le locataire au propriétaire. Par exemple, il peut s'agir d'un impayé de loyers ou de charges, de frais liés à des dégradations ou à des travaux locatifs non faits.</Paragraphe><Paragraphe>En cas de retenue, le propriétaire doit remettre au locataire des documents justificatifs. Par exemple, il peut s'agir des documents suivants : états des lieux d'entrée et de sortie, photos, constat fait par un commissaire de justice (anciennement constat d'huissier de justice), factures ou devis de travaux, lettre de réclamation des loyers impayés restée sans réponse...</Paragraphe><Paragraphe>Le locataire peut contester les retenues. Il peut s'aider du modèle de lettre suivant :</Paragraphe><ServiceEnLigne ID="R31949" URL="https://www.inc-conso.fr/content/apres-votre-depart-le-proprietaire-fait-des-travaux-vous-en-contestez-la-facture" audience="Particuliers" type="Modèle de document"><Titre>Locataire : contester la facture des travaux de remise en état de son ancien logement</Titre><Source ID="R30643">Institut national de la consommation (INC)</Source></ServiceEnLigne><TitreFlottant><Paragraphe>Provision</Paragraphe></TitreFlottant><Paragraphe>Le propriétaire doit faire un arrêté des comptes de charges provisoire. Il peut conserver une provision jusqu'à l'arrêté annuel des comptes de l'immeuble. Le montant de la provision doit être fixé à l'appui de documents justificatifs. Il ne doit pas dépasser <Valeur>20 %</Valeur> du montant du dépôt de garantie.</Paragraphe><Paragraphe>Dans le mois qui suit l'approbation définitive des comptes de l'immeuble, le propriétaire doit faire la régularisation définitive des comptes de charges et rendre le solde au locataire.</Paragraphe><ASavoir><Titre>À savoir</Titre><Paragraphe>Le locataire et le propriétaire peuvent convenir de solder immédiatement l'ensemble des comptes sans attendre l'approbation des comptes de l'immeuble.</Paragraphe></ASavoir></Cas><Cas><Titre>État des lieux d'entrée non réalisé</Titre><BlocCas affichage="radio"><Cas><Titre>Par refus du propriétaire (mise en demeure restée sans effet)</Titre><Paragraphe>Lorsque le propriétare refuse de faire l'état des lieux d'entrée, le locataire doit lui adresser une <LienIntra LienID="R2705" type="Définition de glossaire">mise en demeure</LienIntra> de le faire.</Paragraphe><Paragraphe>Si le propriétaire persiste dans son refus malgré cette mise en demeure, il devra prouver en fin de bail avoir donné le logement en bon état d'usage pour faire valoir les dégradations causées par le locataire.</Paragraphe></Cas><Cas><Titre>Par refus du locataire</Titre><Paragraphe>Le locataire est considéré comme ayant reçu le logement en bon état de <LienInterne LienPublication="F1214" type="Fiche d'information conditionnée" audience="Particuliers">réparations locatives</LienInterne>. Il devra le rendre en bon état de réparations locatives, sauf s'il peut prouver le mauvais état initial du logement. La preuve peut être apportée, par exemple, au moyen de photographies réalisées par un commissaire de justice - anciennement huissier de justice et commissaire-priseur judiciaire - (démarche payante).</Paragraphe><Paragraphe>Pour les autres réparations (<LienInterne LienPublication="F31699" type="Fiche d'information conditionnée" audience="Particuliers">travaux à la charge du bailleur</LienInterne> ou <LienIntra LienID="R43907" type="Définition de glossaire">vétusté</LienIntra> des lieux), c'est au propriétaire de démontrer qu'elles sont imputables au locataire.</Paragraphe></Cas><Cas><Titre>Par négligence du propriétaire et du locataire</Titre><Paragraphe>Le locataire est considéré comme ayant reçu le logement en bon état de <LienInterne LienPublication="F1214" type="Fiche d'information conditionnée" audience="Particuliers">réparations locatives</LienInterne>. Il devra le rendre en bon état de réparations locatives, sauf s'il peut prouver du mauvais état initial du logement. La preuve peut être apportée, par exemple, au moyen de photographies réalisées par un commissaire de justice (démarche payante).</Paragraphe><Paragraphe>Pour les autres réparations (<LienInterne LienPublication="F31699" type="Fiche d'information conditionnée" audience="Particuliers">travaux à la charge du bailleur</LienInterne> ou <LienIntra LienID="R43907" type="Définition de glossaire">vétusté</LienIntra> des lieux), c'est au propriétaire de démontrer qu'elles sont imputables au locataire.</Paragraphe></Cas></BlocCas></Cas><Cas><Titre>État des lieux de sortie amiable impossible à établir</Titre><Paragraphe>Il est impossible d'établir un état des lieux amiable dans chacun des cas suivants :</Paragraphe><Liste type="puce"><Item><Paragraphe>Lorsque le propriétaire ou le locataire ne se rend pas au rendez-vous de l'état des lieux</Paragraphe></Item><Item><Paragraphe>Lorsque le propriétaire ou le locataire refuse d'établir l'état des lieux</Paragraphe></Item><Item><Paragraphe>Lorsque le propriétaire ou le locataire refuse de signer l'état des lieux</Paragraphe></Item></Liste><Paragraphe>Il faut alors <LienInterne LienPublication="F2158" type="Fiche d'information conditionnée" audience="Particuliers">faire appel à un commissaire de justice (anciennement huissier de justice et commissaire-priseur judiciaire)</LienInterne> pour faire faire l'état des lieux. Le commissaire de justice peut être contacté par le propriétaire ou le locataire. Les frais demandés par le commissaire de justice sont partagés par moitié entre le locataire et le propriétaire.</Paragraphe><Paragraphe>Les sommes demandées par le commissaire de justice (anciennement huissier de justice et commissaire-priseur judiciaire) varient selon la surface du logement.</Paragraphe><Tableau><Titre>Coût d'un constat locatif (état des lieux litigieux réalisé par commissaire de justice)</Titre><Colonne largeur="36" type="header"/><Colonne largeur="84" type="normal"/><Rangée type="header"><Cellule><Paragraphe>Surface du logement</Paragraphe></Cellule><Cellule><Paragraphe>Tarif (TVA incluse)</Paragraphe></Cellule></Rangée><Rangée type="normal"><Cellule><Paragraphe>Jusqu'à 50 m²</Paragraphe></Cellule><Cellule><Paragraphe>Frais d'acte : <Valeur>131,50 €</Valeur></Paragraphe><Paragraphe>+ Lettres de convocation : <Valeur>17,88 €</Valeur></Paragraphe><Paragraphe>+ Frais de déplacement : <Valeur>9,20 €</Valeur></Paragraphe></Cellule></Rangée><Rangée type="normal"><Cellule><Paragraphe>Plus de 50 m² et jusqu'à 150 m²</Paragraphe></Cellule><Cellule><Paragraphe>Frais d'acte : <Valeur>153,20 €</Valeur></Paragraphe><Paragraphe>+ Lettres de convocation : <Valeur>17,88 €</Valeur></Paragraphe><Paragraphe>+ Frais de déplacement : <Valeur>9,20 €</Valeur></Paragraphe></Cellule></Rangée><Rangée type="normal"><Cellule><Paragraphe>Plus de 150 m²</Paragraphe></Cellule><Cellule><Paragraphe>Frais d'acte : <Valeur>229,81 €</Valeur></Paragraphe><Paragraphe>+ Lettres de convocation : <Valeur>17,88 €</Valeur></Paragraphe><Paragraphe>+ Frais de déplacement : <Valeur>9,20 €</Valeur></Paragraphe></Cellule></Rangée></Tableau><Paragraphe>Le coût total est partagé pour moitié entre le propriétaire (bailleur) et le locataire.</Paragraphe><Paragraphe>Le commissaire de justice avertit le propriétaire et le locataire du rendez-vous au moins 7 jours à l'avance par lettre recommandée avec accusé de réception. Même en l'absence du locataire ou du propriétaire, le commissaire de justice établit un rapport (<Expression>constat locatif</Expression>) dont les constatations s'imposent au locataire et au propriétaire, sans contestation possible.</Paragraphe><Liste type="puce"><Item><Paragraphe>Si le locataire n'est pas présent lors du rendez-vous fixé par le commissaire de justice, le propriétaire doit saisir le <LienInterne LienPublication="F1783" type="Fiche d'information conditionnée" audience="Particuliers">juge des contentieux de la protection</LienInterne> du tribunal dont dépend le logement. Le juge constatera le refus du locataire et désignera un commissaire de justice pour obtenir la remise des clés.</Paragraphe></Item><Item><Paragraphe>Si le propriétaire n'est pas présent lors du rendez-vous fixé par le commissaire de justice, le locataire peut restituer les clés au propriétaire par lettre recommandée avec accusé de réception. En l'absence d'état des lieux de sortie, le locataire est considéré comme ayant remis le logement en bon état.</Paragraphe></Item></Liste></Cas></BlocCas></Chapitre><Chapitre ID="T15750"><Titre><Paragraphe>Que faire si le propriétaire ne rend pas le dépôt de garantie à temps ?</Paragraphe></Titre><Paragraphe>Lorsque le propriétaire ne rend le dépôt de garantie dans le délai prévu, le locataire doit mettre en demeure le propriétaire de lui rendre.</Paragraphe><Paragraphe>Le montant du dépôt de garantie à rendre au locataire est augmenté d'une somme égale à 10 % du loyer mensuel (hors charges) pour chaque mois de retard commencé.</Paragraphe><Paragraphe><MiseEnEvidence>Attention</MiseEnEvidence>, cette pénalité ne s'applique pas lorsque le retard est provoqué par le fait que le locataire n'a pas indiqué au propriétaire sa nouvelle adresse lors de la remise des clés.</Paragraphe><Exemple><Titre>Exemple</Titre><Paragraphe>Pour un dépôt de garantie de 90 euros, un loyer (hors charges) de 120 euros, 5 mois de retard :</Paragraphe><Paragraphe>Montant de la pénalité par mois de retard : 120 x 10 / 100 = 12 euros</Paragraphe><Paragraphe>Montant de la pénalité pour 5 mois de retard : 5 x 12 = 60 euros</Paragraphe><Paragraphe>Montant total dû au locataire pour 5 mois de retard : 90 + 60 = 150 euros</Paragraphe></Exemple><Paragraphe>Pour mettre en demeure le propriétaire de rendre le dépôt de garantie et payer la pénalité, le locataire doit lui envoyer une lettre recommandée avec avis de réception. Il peut utiliser le modèle de lettre suivant :</Paragraphe><ServiceEnLigne ID="R16638" URL="https://www.service-public.fr/simulateur/calcul/RemboursementDepotGarantie" audience="Particuliers" type="Modèle de document"><Titre>Demander le remboursement du dépôt de garantie non restitué</Titre><Source ID="R30608">Direction de l'information légale et administrative (Dila) - Premier ministre</Source></ServiceEnLigne><Paragraphe>Lorsque le propriétaire refuse de rendre le dépôt de garantie malgré cette lettre recommandée, le locataire doit engager d'autres démarches, qui dépendent du motant dû par le propriétaire :</Paragraphe><BlocCas affichage="radio"><Cas><Titre>Moins de 5 000 €</Titre><Paragraphe>Le locataire doit engager une conciliation avec un <LienInterne LienPublication="F1736" type="Fiche d'information conditionnée" audience="Particuliers">conciliateur de justice</LienInterne> ou la <LienInterne LienPublication="F1216" type="Fiche Question-réponse conditionnée" audience="Particuliers">commission départementale de conciliation (CDC)</LienInterne>.</Paragraphe><Paragraphe>Cette procédure est obligatoire pour pouvoir par la suite, éventuellement, saisir le juge.</Paragraphe><Paragraphe>La conciliation est gratuite pour le locataire et le propriétaire.</Paragraphe></Cas><Cas><Titre>Plus de 5 000 €</Titre><Introduction><Paragraphe>Le locataire peut saisir le juge directement. Mais il peut d'abord engager une conciliation gratuite avec un conciliateur de justice ou la commission départementale de conciliation (CDC) et peut-être éviter ainsi de saisir le juge.</Paragraphe></Introduction><BlocCas affichage="radio"><Cas><Titre>Saisir le juge directement</Titre><Paragraphe>Le locataire doit <LienInterne LienPublication="F1783" type="Fiche d'information conditionnée" audience="Particuliers">saisir le juge des contentieux de la protection</LienInterne> du tribunal dont dépend le logement.</Paragraphe><Paragraphe>Il faut saisir le juge dans un délai de 3 ans à partir du jour où le dépôt de garantie aurait dû être rendu.</Paragraphe></Cas><Cas><Titre>Engager une conciliation, puis saisir le juge si besoin</Titre><Paragraphe><MiseEnEvidence>Engager une conciliation (démarche gratuite)</MiseEnEvidence></Paragraphe><Liste type="puce"><Item><Paragraphe>Soit avec un <LienInterne LienPublication="F1736" type="Fiche d'information conditionnée" audience="Particuliers">conciliateur de justice</LienInterne></Paragraphe></Item><Item><Paragraphe>Soit avec la <LienInterne LienPublication="F1216" type="Fiche Question-réponse conditionnée" audience="Particuliers">commission départementale de conciliation (CDC)</LienInterne></Paragraphe></Item></Liste><Paragraphe><MiseEnEvidence>Saisir le juge</MiseEnEvidence></Paragraphe><Paragraphe>En cas d'échec de la conciliation, le locataire doit <LienInterne LienPublication="F1783" type="Fiche d'information conditionnée" audience="Particuliers">saisir le juge des contentieux de la protection</LienInterne>du tribunal dont dépend le logement.</Paragraphe><Paragraphe>Il faut saisir le juge dans un délai de 3 ans à partir du jour où le dépôt de garantie aurait dû être rendu.</Paragraphe></Cas></BlocCas></Cas></BlocCas></Chapitre></Texte></Situation><Situation><Titre>Logement meublé</Titre><Texte><Chapitre><Titre><Paragraphe>Quel est le montant du dépôt de garantie ?</Paragraphe></Titre><Attention><Titre>Attention</Titre><Paragraphe><LienInterne LienPublication="F34759" type="Fiche Question-réponse conditionnée" audience="Particuliers">Avec un bail mobilité</LienInterne>, le propriétaire a interdiction de réclamer un dépôt de garantie.</Paragraphe></Attention><Paragraphe>Le propriétaire (ou l'agence immobilière) peut réclamer un dépôt de garantie dans certains cas seulement :</Paragraphe><BlocCas affichage="radio"><Cas><Titre>Loyer à payer d'avance chaque mois</Titre><Paragraphe>Le propriétaire peut exiger le versement d'un dépôt de garantie à la signature du bail.</Paragraphe><Paragraphe>Le montant du dépôt de garantie ne doit pas dépasser 2 mois de loyer (hors charges), et il doit être indiqué dans le bail.</Paragraphe><Paragraphe>Le propriétaire ne peut pas augmenter le montant du dépôt de garantie en cours de bail, ni au renouvellement du bail.</Paragraphe></Cas><Cas><Titre>Loyer à payer d'avance tous les 2 mois</Titre><Paragraphe>Le propriétaire peut exiger le versement d'un dépôt de garantie à la signature du bail.</Paragraphe><Paragraphe>Le montant du dépôt de garantie ne doit pas dépasser 2 mois de loyer (hors charges), et il doit être indiqué dans le bail.</Paragraphe><Paragraphe>Le propriétaire ne peut pas augmenter le montant du dépôt de garantie en cours de bail, ni au renouvellement du bail.</Paragraphe></Cas><Cas><Titre>Loyer à payer d'avance chaque trimestre</Titre><Paragraphe>Le propriétaire a interdiction de réclamer un dépôt de garantie.</Paragraphe></Cas></BlocCas></Chapitre><Chapitre ID="T15065"><Titre><Paragraphe>Quand verser le dépôt de garantie au propriétaire ?</Paragraphe></Titre><Paragraphe>Au moment de la signature du bail, le propriétaire (ou l'agence immobilière si elle gère la location) peut recevoir le versement du dépôt de garantie :</Paragraphe><Liste type="puce"><Item><Paragraphe>Soit directement du locataire</Paragraphe></Item><Item><Paragraphe>Soit d'un organisme auquel le locataire a fait appel, comme <LienIntra LienID="R59599" type="Définition de glossaire">Action logement</LienIntra> pour <LienInterne LienPublication="F18490" type="Fiche d'information conditionnée" audience="Particuliers">l'avance Loca-Pass</LienInterne>, ou le <LienInterne LienPublication="F1334" type="Fiche Question-réponse conditionnée" audience="Particuliers">fonds de solidarité pour le logement (FSL)</LienInterne></Paragraphe></Item></Liste><Paragraphe>Lorsque le locataire <LienInterne LienPublication="F10999" type="Fiche d'information conditionnée" audience="Particuliers">verse en espèces</LienInterne> le dépôt de garantie, il peut exiger que le propriétaire lui donne un reçu qui prouve que la somme remise correspond au montant du dépôt de garantie.</Paragraphe><ASavoir><Titre>À savoir</Titre><Paragraphe>Au moment de la signature du bail, le propriétaire (ou l'agence immobilière) peut recevoir du locataire le paiement du loyer, du dépôt de garantie et des <LienInterne LienPublication="F375" type="Fiche d'information conditionnée" audience="Particuliers">frais d'agence immobilière liés à la mise en location (état des lieux, visite du logement...)</LienInterne>.</Paragraphe><Paragraphe>Obliger le locataire à verser d'autres sommes pour obtenir la signature du bail est interdit, même si cette obligation est prévue par une des clauses du bail.</Paragraphe></ASavoir></Chapitre><Chapitre><Titre><Paragraphe>Qui doit rendre le dépôt de garantie au locataire ?</Paragraphe></Titre><Paragraphe>C'est au propriétaire (ou à l'agence immobilière) de rendre le dépôt de garantie au locataire.</Paragraphe><Paragraphe>Lorsque le logement est vendu ou cédé gratuitement à un nouveau propriétaire durant le bail, c'est ce nouveau propriétaire qui doit rendre le dépôt de garantie au locataire.</Paragraphe><Paragraphe>En cas de changement d'agence immobilière en cours de bail, c'est à la nouvelle agence immobilière de rendre le dépôt de garantie.</Paragraphe></Chapitre><Chapitre><Titre><Paragraphe>Quand rendre le dépôt de garantie au locataire ?</Paragraphe></Titre><Paragraphe>Le moment est différent selon que<MiseEnEvidence> l'état des lieux de sortie </MiseEnEvidence>est ou non conforme à <MiseEnEvidence>l'état d'entrée des lieux d'entrée</MiseEnEvidence> :</Paragraphe><BlocCas affichage="radio"><Cas><Titre>Etat des lieux de sortie conforme</Titre><BlocCas affichage="radio"><Cas><Titre>Charges payées au forfait</Titre><TitreFlottant><Paragraphe>Délai</Paragraphe></TitreFlottant><Paragraphe>En fin de bail, le propriétaire (ou l'agence immobilière) doit rendre le dépôt de garantie <MiseEnEvidence>dans un délai maximum de 1 mois</MiseEnEvidence>.</Paragraphe><Paragraphe>Le délai commence à partir du jour où le locataire rend les clés du logement par l'un des moyens suivants :</Paragraphe><Liste type="puce"><Item><Paragraphe>Soit <Expression>en mains propres</Expression></Paragraphe></Item><Item><Paragraphe>Soit par lettre recommandée avec demande d'avis de réception</Paragraphe></Item></Liste><Paragraphe><MiseEnEvidence>Le montant rendu</MiseEnEvidence> au locataire <MiseEnEvidence>peut être inférieur</MiseEnEvidence> au montant versé par le locataire, <MiseEnEvidence>à cause de retenues</MiseEnEvidence>.</Paragraphe><ANoter><Titre>À noter</Titre><Paragraphe>Lors de la remise des clés, le locataire indique au propriétaire (ou à l'agence immobilière) ses nouvelles coordonnées (nouvelle adresse, RIB).</Paragraphe></ANoter><TitreFlottant><Paragraphe>Retenues</Paragraphe></TitreFlottant><Paragraphe>Une retenue est une somme que le propriétaire peut garder.</Paragraphe><Paragraphe>Cette somme peut correspondre à un montant restant dû par le locataire au propriétaire. Par exemple, il peut s'agir d'un impayé de loyers ou de charges, de frais liés à des dégradations ou à des travaux locatifs non faits.</Paragraphe><Paragraphe>En cas de retenue, le propriétaire doit remettre au locataire des documents justificatifs. Par exemple, il peut s'agir des docuements suivants : états des lieux d'entrée et de sortie, photos, constat fait par un commissaire de justice (anciennement constat d'huissier de justice), factures ou devis de travaux, lettre de réclamation des loyers impayés restée sans réponse...</Paragraphe><Paragraphe>Le locataire peut constester les retenues. Il peut s'aider du modèle de lettre suivant :</Paragraphe><ServiceEnLigne ID="R31949" URL="https://www.inc-conso.fr/content/apres-votre-depart-le-proprietaire-fait-des-travaux-vous-en-contestez-la-facture" audience="Particuliers" type="Modèle de document"><Titre>Locataire : contester la facture des travaux de remise en état de son ancien logement</Titre><Source ID="R30643">Institut national de la consommation (INC)</Source></ServiceEnLigne></Cas><Cas><Titre>Charges payées par provisons avec régularisation annuelle</Titre><TitreFlottant><Paragraphe>Délai</Paragraphe></TitreFlottant><Paragraphe>En fin de bail, le propriétaire (ou l'agence immobilière) doit rendre le dépôt de garantie <MiseEnEvidence>dans un délai maximum de 1 mois</MiseEnEvidence>.</Paragraphe><Paragraphe>Le délai commence à partir du jour où le locataire rend les clés du logement par l'un des moyens suivants :</Paragraphe><Liste type="puce"><Item><Paragraphe>Soit <Expression>en mains propres</Expression></Paragraphe></Item><Item><Paragraphe>Soit par lettre recommandée avec demande d'avis de réception</Paragraphe></Item></Liste><Paragraphe><MiseEnEvidence>Le montant rendu</MiseEnEvidence> au locataire <MiseEnEvidence>peut être inférieur</MiseEnEvidence> au montant versé par le locataire, <MiseEnEvidence>à cause de retenues ou de provision</MiseEnEvidence>.</Paragraphe><ANoter><Titre>À noter</Titre><Paragraphe>Lors de la remise des clés, le locataire indique au propriétaire (ou à l'agence immobilière) ses nouvelles coordonnées (nouvelle adresse, RIB).</Paragraphe></ANoter><TitreFlottant><Paragraphe>Retenues</Paragraphe></TitreFlottant><Paragraphe>Une retenue est une somme que le propriétaire peut de garder.</Paragraphe><Paragraphe>Cette somme peut correspondre à un montant restant dû par le locataire au propriétaire. Par exemple, il peut s'agir d'un impayé de loyers ou de charges, de frais liés à des dégradations ou à des travaux locatifs non faits.</Paragraphe><Paragraphe>En cas de retenue, le propriétaire doit remettre au locataire des documents justificatifs. Par exemple, il peut s'agir des documents suivants : états des lieux d'entrée et de sortie, photos, constat fait par un commissaire de justice (anciennement constat d'huissier de justice), factures ou devis de travaux, lettre de réclamation des loyers impayés restée sans réponse...</Paragraphe><Paragraphe>Le locataire peut contester les retenues. Il peut s'aider du modèle de lettre suivant :</Paragraphe><ServiceEnLigne ID="R31949" URL="https://www.inc-conso.fr/content/apres-votre-depart-le-proprietaire-fait-des-travaux-vous-en-contestez-la-facture" audience="Particuliers" type="Modèle de document"><Titre>Locataire : contester la facture des travaux de remise en état de son ancien logement</Titre><Source ID="R30643">Institut national de la consommation (INC)</Source></ServiceEnLigne><TitreFlottant><Paragraphe>Provision</Paragraphe></TitreFlottant><Paragraphe>Le propriétaire doit faire un arrêté des comptes de charges provisoire. Il peut conserver une provision jusqu'à l'arrêté annuel des comptes de l'immeuble. Le montant de la provision doit être fixé à l'appui de documents justificatifs. Il ne doit pas dépasser <Valeur>20 %</Valeur> du montant du dépôt de garantie.</Paragraphe><Paragraphe>Dans le mois qui suit l'approbation définitive des comptes de l'immeuble, le propriétaire doit faire la régularisation définitive des comptes de charges et rendre le solde au locataire.</Paragraphe><ASavoir><Titre>À savoir</Titre><Paragraphe>Le locataire et le propriétaire peuvent convenir de solder immédiatement l'ensemble des comptes sans attendre l'approbation des comptes de l'immeuble.</Paragraphe></ASavoir></Cas></BlocCas></Cas><Cas><Titre>Etat des lieux de sortie non conforme</Titre><BlocCas affichage="radio"><Cas><Titre>Charges payées au forfait</Titre><TitreFlottant><Paragraphe>Délai</Paragraphe></TitreFlottant><Paragraphe>En fin de bail, le propriétaire doit rendre le dépôt de garantie <MiseEnEvidence>dans un délai maximum de 2 mois</MiseEnEvidence>.</Paragraphe><Paragraphe>Le délai commence à partir du jour où le locataire rend les clés du logement au propriétaire (ou à l'agence immobilière) par l'un des moyens suivants :</Paragraphe><Liste type="puce"><Item><Paragraphe>Soit <Expression>en mains propres</Expression></Paragraphe></Item><Item><Paragraphe>Soit par lettre recommandée avec demande d'avis de réception</Paragraphe></Item></Liste><Paragraphe><MiseEnEvidence>Le montant rendu</MiseEnEvidence> au locataire <MiseEnEvidence>peut être inférieur</MiseEnEvidence> au montant versé par le locataire, <MiseEnEvidence>à cause de retenues</MiseEnEvidence>.</Paragraphe><TitreFlottant><Paragraphe>Retenues</Paragraphe></TitreFlottant><Paragraphe>Une retenue est une somme que le propriétaire peut garder.</Paragraphe><Paragraphe>Cette somme peut correspondre à un montant restant dû par le locataire au propriétaire. Par exemple, il peut s'agir d'un impayé de loyers ou de charges, de frais liés à des dégradations ou à des travaux locatifs non faits.</Paragraphe><Paragraphe>En cas de retenue, le propriétaire doit remettre au locataire des documents justificatifs. Par exemple, il peut s'agir des docuements suivants : états des lieux d'entrée et de sortie, photos, constat fait par un commissaire de justice (anciennement constat d'huissier de justice), factures ou devis de travaux, lettre de réclamation des loyers impayés restée sans réponse...</Paragraphe><Paragraphe>Le locataire peut constester les retenues. Il peut s'aider du modèle de lettre suivant :</Paragraphe><ServiceEnLigne ID="R31949" URL="https://www.inc-conso.fr/content/apres-votre-depart-le-proprietaire-fait-des-travaux-vous-en-contestez-la-facture" audience="Particuliers" type="Modèle de document"><Titre>Locataire : contester la facture des travaux de remise en état de son ancien logement</Titre><Source ID="R30643">Institut national de la consommation (INC)</Source></ServiceEnLigne></Cas><Cas><Titre>Charges payées par provisons avec régularisation annuelle</Titre><TitreFlottant><Paragraphe>Délai</Paragraphe></TitreFlottant><Paragraphe>En fin de bail, le propriétaire (ou l'agence immobilière) doit rendre le dépôt de garantie <MiseEnEvidence>dans un délai maximum de 2 mois</MiseEnEvidence>.</Paragraphe><Paragraphe>Le délai commence à partir du jour où le locataire rend les clés du logement par l'un des moyens suivants :</Paragraphe><Liste type="puce"><Item><Paragraphe>Soit <Expression>en mains propres</Expression></Paragraphe></Item><Item><Paragraphe>Soit par lettre recommandée avec demande d'avis de réception</Paragraphe></Item></Liste><Paragraphe><MiseEnEvidence>Le montant rendu</MiseEnEvidence> au locataire <MiseEnEvidence>peut être inférieur</MiseEnEvidence> au montant versé par le locataire, <MiseEnEvidence>à cause de retenues ou de provision</MiseEnEvidence>.</Paragraphe><ANoter><Titre>À noter</Titre><Paragraphe>Lors de la remise des clés, le locataire indique au propriétaire (ou à l'agence immobilière) ses nouvelles coordonnées (nouvelle adresse, RIB).</Paragraphe></ANoter><TitreFlottant><Paragraphe>Retenues</Paragraphe></TitreFlottant><Paragraphe>Une retenue est une somme que le propriétaire peut garder.</Paragraphe><Paragraphe>Cette somme peut correspondre à un montant restant dû par le locataire au propriétaire. Par exemple, il peut s'agir d'un impayé de loyers ou de charges, de frais liés à des dégradations ou à des travaux locatifs non faits.</Paragraphe><Paragraphe>En cas de retenue, le propriétaire doit remettre au locataire des documents justificatifs. Par exemple, il peut s'agir des documents suivants : états des lieux d'entrée et de sortie, photos, constat fait par un commissaire de justice (anciennement constat d'huissier de justice), factures ou devis de travaux, lettre de réclamation des loyers impayés restée sans réponse...</Paragraphe><Paragraphe>Le locataire peut contester les retenues. Il peut s'aider du modèle de lettre suivant :</Paragraphe><ServiceEnLigne ID="R31949" URL="https://www.inc-conso.fr/content/apres-votre-depart-le-proprietaire-fait-des-travaux-vous-en-contestez-la-facture" audience="Particuliers" type="Modèle de document"><Titre>Locataire : contester la facture des travaux de remise en état de son ancien logement</Titre><Source ID="R30643">Institut national de la consommation (INC)</Source></ServiceEnLigne><TitreFlottant><Paragraphe>Provision</Paragraphe></TitreFlottant><Paragraphe>Le propriétaire doit faire un arrêté des comptes de charges provisoire. Il peut conserver une provision jusqu'à l'arrêté annuel des comptes de l'immeuble. Le montant de la provision doit être fixé à l'appui de documents justificatifs. Il ne doit pas dépasser <Valeur>20 %</Valeur> du montant du dépôt de garantie.</Paragraphe><Paragraphe>Dans le mois qui suit l'approbation définitive des comptes de l'immeuble, le propriétaire doit faire la régularisation définitive des comptes de charges et rendre le solde au locataire.</Paragraphe><ASavoir><Titre>À savoir</Titre><Paragraphe>Le locataire et le propriétaire peuvent convenir de solder immédiatement l'ensemble des comptes sans attendre l'approbation des comptes de l'immeuble.</Paragraphe></ASavoir></Cas></BlocCas></Cas><Cas><Titre>État des lieux d'entrée non réalisé</Titre><BlocCas affichage="radio"><Cas><Titre>Par refus du propriétaire (mise en demeure restée sans effet)</Titre><Paragraphe>Lorsque le propriétare refuse de faire l'état des lieux d'entrée, le locataire doit lui adresser une <LienIntra LienID="R2705" type="Définition de glossaire">mise en demeure</LienIntra> de le faire.</Paragraphe><Paragraphe>Si le propriétaire persiste dans son refus malgré cette mise en demeure, il devra prouver en fin de bail avoir donné le logement en bon état d'usage pour faire valoir les dégradations causées par le locataire.</Paragraphe></Cas><Cas><Titre>Par refus du locataire</Titre><Paragraphe>Le locataire est considéré comme ayant reçu le logement en bon état de <LienInterne LienPublication="F1214" type="Fiche d'information conditionnée" audience="Particuliers">réparations locatives</LienInterne>. Il devra le rendre en bon état de réparations locatives, sauf s'il peut prouver le mauvais état initial du logement. La preuve peut être apportée, par exemple, au moyen de photographies réalisées par un commissaire de justice - anciennement huissier de justice et commissaire-priseur judiciaire - (démarche payante).</Paragraphe><Paragraphe>Pour les autres réparations (<LienInterne LienPublication="F31699" type="Fiche d'information conditionnée" audience="Particuliers">travaux à la charge du bailleur</LienInterne> ou <LienIntra LienID="R43907" type="Définition de glossaire">vétusté</LienIntra> des lieux), c'est au propriétaire de démontrer qu'elles sont imputables au locataire.</Paragraphe></Cas><Cas><Titre>Par négligence du propriétaire et du locataire</Titre><Paragraphe>Le locataire est considéré comme ayant reçu le logement en bon état de <LienInterne LienPublication="F1214" type="Fiche d'information conditionnée" audience="Particuliers">réparations locatives</LienInterne>. Il devra le rendre en bon état de réparations locatives, sauf s'il peut prouver du mauvais état initial du logement. La preuve peut être apportée, par exemple, au moyen de photographies réalisées par un commissaire de justice (démarche payante).</Paragraphe><Paragraphe>Pour les autres réparations (<LienInterne LienPublication="F31699" type="Fiche d'information conditionnée" audience="Particuliers">travaux à la charge du bailleur</LienInterne> ou <LienIntra LienID="R43907" type="Définition de glossaire">vétusté</LienIntra> des lieux), c'est au propriétaire de démontrer qu'elles sont imputables au locataire.</Paragraphe></Cas></BlocCas></Cas><Cas><Titre>État des lieux de sortie amiable impossible à établir</Titre><Paragraphe>Il est impossible d'établir un état des lieux amiable dans chacun des cas suivants :</Paragraphe><Liste type="puce"><Item><Paragraphe>Lorsque le propriétaire ou le locataire ne se rend pas au rendez-vous de l'état des lieux</Paragraphe></Item><Item><Paragraphe>Lorsque le propriétaire ou le locataire refuse d'établir l'état des lieux</Paragraphe></Item><Item><Paragraphe>Lorsque le propriétaire ou le locataire refuse de signer l'état des lieux</Paragraphe></Item></Liste><Paragraphe>Il faut alors <LienInterne LienPublication="F2158" type="Fiche d'information conditionnée" audience="Particuliers">faire appel à un commissaire de justice (anciennement huissier de justice et commissaire-priseur judiciaire)</LienInterne> pour faire faire l'état des lieux. Le commissaire de justice peut être contacté par le propriétaire ou le locataire. Les frais demandés par le commissaire de justice sont partagés par moitié entre le locataire et le propriétaire.</Paragraphe><ASavoir><Titre>À savoir</Titre><Paragraphe><LienInterne LienPublication="F33671" type="Fiche d'information conditionnée" audience="Particuliers">Les frais demandées par le commissaire de justice</LienInterne> varient selon la surface du logement.</Paragraphe></ASavoir></Cas></BlocCas></Chapitre><Chapitre ID="T15750"><Titre><Paragraphe>Que faire si le propriétaire ne rend pas le dépôt de garantie à temps ?</Paragraphe></Titre><Paragraphe>Lorsque le propriétaire ne rend le dépôt de garantie dans le délai prévu, le locataire doit mettre en demeure le propriétaire de lui rendre.</Paragraphe><Paragraphe>Le montant du dépôt de garantie à rendre au locataire est augmenté d'une somme égale à 10 % du loyer mensuel (hors charges) pour chaque mois de retard commencé.</Paragraphe><Paragraphe><MiseEnEvidence>Attention</MiseEnEvidence>, cette pénalité ne s'applique pas lorsque le retard est provoqué par le fait que le locataire n'a pas indiqué au propriétaire sa nouvelle adresse lors de la remise des clés.</Paragraphe><Exemple><Titre>Exemple</Titre><Paragraphe>Pour un dépôt de garantie de 90 euros, un loyer (hors charges) de 120 euros, 5 mois de retard :</Paragraphe><Paragraphe>Montant de la pénalité par mois de retard : 120 x 10 / 100 = 12 euros</Paragraphe><Paragraphe>Montant de la pénalité pour 5 mois de retard : 5 x 12 = 60 euros</Paragraphe><Paragraphe>Montant total dû au locataire pour 5 mois de retard : 90 + 60 = 150 euros</Paragraphe></Exemple><Paragraphe>Pour mettre en demeure le propriétaire de rendre le dépôt de garantie et payer la pénalité, le locataire doit lui envoyer une lettre recommandée avec avis de réception. Il peut utiliser le modèle de lettre suivant :</Paragraphe><ServiceEnLigne ID="R16638" URL="https://www.service-public.fr/simulateur/calcul/RemboursementDepotGarantie" audience="Particuliers" type="Modèle de document"><Titre>Demander le remboursement du dépôt de garantie non restitué</Titre><Source ID="R30608">Direction de l'information légale et administrative (Dila) - Premier ministre</Source></ServiceEnLigne><Paragraphe>Lorsque le propriétaire refuse de rendre le dépôt de garantie malgré cette lettre recommandée, le locataire doit engager d'autres démarches, qui dépendent du motant dû par le propriétaire :</Paragraphe><BlocCas affichage="radio"><Cas><Titre>Moins de 5 000 €</Titre><Paragraphe>Le locataire doit engager une conciliation avec un <LienInterne LienPublication="F1736" type="Fiche d'information conditionnée" audience="Particuliers">conciliateur de justice</LienInterne> ou la <LienInterne LienPublication="F1216" type="Fiche Question-réponse conditionnée" audience="Particuliers">commission départementale de conciliation (CDC)</LienInterne>.</Paragraphe><Paragraphe>Cette procédure est obligatoire pour pouvoir par la suite, éventuellement, saisir le juge.</Paragraphe><Paragraphe>La conciliation est gratuite pour le locataire et le propriétaire.</Paragraphe></Cas><Cas><Titre>Plus de 5 000 €</Titre><Introduction><Paragraphe>Le locataire peut saisir le juge directement. Mais il peut d'abord engager une conciliation gratuite avec un conciliateur de justice ou la commission départementale de conciliation (CDC) et peut-être éviter ainsi de saisir le juge.</Paragraphe></Introduction><BlocCas affichage="radio"><Cas><Titre>Saisir le juge directement</Titre><Paragraphe>Le locataire doit <LienInterne LienPublication="F1783" type="Fiche d'information conditionnée" audience="Particuliers">saisir le juge des contentieux de la protection</LienInterne> du tribunal dont dépend le logement.</Paragraphe><Paragraphe>Il faut saisir le juge dans un délai de 3 ans à partir du jour où le dépôt de garantie aurait dû être rendu.</Paragraphe></Cas><Cas><Titre>Engager une conciliation, puis saisir le juge si besoin</Titre><Paragraphe><MiseEnEvidence>Engager une conciliation (démarche gratuite)</MiseEnEvidence></Paragraphe><Liste type="puce"><Item><Paragraphe>Soit avec un <LienInterne LienPublication="F1736" type="Fiche d'information conditionnée" audience="Particuliers">conciliateur de justice</LienInterne></Paragraphe></Item><Item><Paragraphe>Soit avec la <LienInterne LienPublication="F1216" type="Fiche Question-réponse conditionnée" audience="Particuliers">commission départementale de conciliation (CDC)</LienInterne></Paragraphe></Item></Liste><Paragraphe><MiseEnEvidence>Saisir le juge</MiseEnEvidence></Paragraphe><Paragraphe>En cas d'échec de la conciliation, le locataire doit <LienInterne LienPublication="F1783" type="Fiche d'information conditionnée" audience="Particuliers">saisir le juge des contentieux de la protection</LienInterne>du tribunal dont dépend le logement.</Paragraphe><Paragraphe>Il faut saisir le juge dans un délai de 3 ans à partir du jour où le dépôt de garantie aurait dû être rendu.</Paragraphe></Cas></BlocCas></Cas></BlocCas></Chapitre></Texte></Situation></ListeSituations><VoirAussi important="non"><Fiche ID="F18490" audience="Particuliers"><Titre>Avance Loca-Pass : aide au locataire pour le dépôt de garantie</Titre><Theme ID="N19808"><Titre>Logement</Titre></Theme></Fiche><Fiche ID="F947" audience="Particuliers"><Titre>Charges à payer par le locataire (charges « locatives ou récupérables)</Titre><Theme ID="N19808"><Titre>Logement</Titre></Theme></Fiche><Fiche ID="F33671" audience="Particuliers"><Titre>État des lieux de sortie pour un bail d'habitation</Titre><Theme ID="N19808"><Titre>Logement</Titre></Theme></Fiche><Fiche ID="F1736" audience="Particuliers"><Titre>Conciliateur de justice</Titre><Theme ID="N19807"><Titre>Justice</Titre></Theme></Fiche><Fiche ID="F375" audience="Particuliers"><Titre>Frais d'agence immobilière à la location d'un logement d'habitation</Titre><Theme ID="N19808"><Titre>Logement</Titre></Theme></Fiche></VoirAussi><QuiPeutMAider ID="R5" sve="non" type="Local personnalisé sur SP"><Titre>Agence départementale pour l'information sur le logement (Adil)</Titre><PivotLocal>adil</PivotLocal><RessourceWeb URL="https://www.anil.org/lanil-et-les-adil/votre-adil/"/><Source ID="R30676">Agence nationale pour l'information sur le logement (Anil)</Source></QuiPeutMAider><Reference type="Texte de référence" URL="https://www.legifrance.gouv.fr/loda/article_lc/LEGIARTI000039369598/" ID="R32947"><Titre>Loi n°89-462 du 6 juillet 1989 sur les rapports locatifs : article 3</Titre><Complement>Mention du dépôt de garantie dans le bail</Complement></Reference><Reference type="Texte de référence" URL="https://www.legifrance.gouv.fr/loda/article_lc/LEGIARTI000028806566/" ID="R33997"><Titre>Loi n°89-462 du 6 juillet 1989 sur les rapports locatifs : article 4</Titre><Complement>Sommes à verser à la signature du bail</Complement></Reference><Reference type="Texte de référence" URL="https://www.legifrance.gouv.fr/loda/article_lc/LEGIARTI000028806696/" ID="R32870"><Titre>Loi n°89-462 du 6 juillet 1989 sur les rapports locatifs : article 22</Titre><Complement>Logement vide</Complement></Reference><Reference type="Texte de référence" URL="https://www.legifrance.gouv.fr/loda/article_lc/LEGIARTI000028779187/" ID="R50793"><Titre>Loi n°89-462 du 6 juillet 1989 sur les rapports locatifs : article 25-6</Titre><Complement>Logement meublé</Complement></Reference><Reference type="Texte de référence" URL="https://www.legifrance.gouv.fr/loda/article_lc/LEGIARTI000037649098/" ID="R52667"><Titre>Loi n° 89-462 du 6 juillet 1989 sur les rapports locatifs : article 25-17</Titre><Complement>Bail mobilité : dépôt de garantie interdit</Complement></Reference><ServiceEnLigne ID="R16638" URL="https://www.service-public.fr/simulateur/calcul/RemboursementDepotGarantie" audience="Particuliers" type="Modèle de document"><Titre>Demander le remboursement du dépôt de garantie non restitué</Titre><Source ID="R30608">Direction de l'information légale et administrative (Dila) - Premier ministre</Source></ServiceEnLigne><ServiceEnLigne ID="R31949" URL="https://www.inc-conso.fr/content/apres-votre-depart-le-proprietaire-fait-des-travaux-vous-en-contestez-la-facture" audience="Particuliers" type="Modèle de document"><Titre>Locataire : contester la facture des travaux de remise en état de son ancien logement</Titre><Source ID="R30643">Institut national de la consommation (INC)</Source></ServiceEnLigne><PourEnSavoirPlus type="Information pratique" ID="R54501" URL="https://www.inc-conso.fr/content/logement/le-depot-de-garantie-en-10-questions" audience="Particuliers"><Titre>Le dépôt de garantie en 10 questions</Titre><Source ID="R30643">Institut national de la consommation (INC)</Source></PourEnSavoirPlus><Definition ID="R59599"><Titre>Action logement (1% logement)</Titre><Texte><Paragraphe>Organisme qui finance la construction de logements et qui verse des aides financières aux salariés pour se loger. Les sommes versées proviennent des entreprises qui paient la participation des employeurs à l'effort de construction (PEEC).</Paragraphe></Texte></Definition><Definition ID="R2705"><Titre>Mise en demeure</Titre><Texte><Paragraphe>Acte par lequel un créancier exige du débiteur le remboursement d'une dette sous peine de versement de dommages et intérêts. Adressé par lettre recommandée avec accusé de réception ou par acte d'huissier.</Paragraphe></Texte><Reference type="Texte de référence" URL="https://www.legifrance.gouv.fr/codes/article_lc/LEGIARTI000032042162" ID="R41071"><Titre>Code civil : article 1344</Titre></Reference></Definition><Definition ID="R43907"><Titre>Vétusté d'un logement loué (résidence principale)</Titre><Texte><Paragraphe>État d'usure ou de détérioration résultant du temps ou de l'usage normal des matériaux et éléments d'équipement dont est constitué le logement</Paragraphe></Texte><Reference type="Texte de référence" URL="https://www.legifrance.gouv.fr/loda/id/JORFTEXT000032320564/" ID="R43908"><Titre>Décret n°2016-382 du 30 mars 2016 sur l'établissement de l'état des lieux et la prise en compte de la vétusté des logements loués à usage de résidence principale</Titre></Reference></Definition><QuestionReponse ID="F1334" audience="Particuliers"><Titre>Quelle aide apporte le Fonds de solidarité pour le logement (FSL) ?</Titre></QuestionReponse><QuestionReponse ID="F31629" audience="Particuliers"><Titre>Le dépôt de garantie peut-il servir à payer le dernier mois de loyer ?</Titre></QuestionReponse><QuestionReponse ID="F1216" audience="Particuliers"><Titre>Dans quels cas saisir la commission départementale de conciliation ?</Titre></QuestionReponse><QuestionReponse ID="F32001" audience="Particuliers"><Titre>Le propriétaire d'un logement loué peut-il le vendre en cours de bail ?</Titre></QuestionReponse></Publication>