<?xml version="1.0" encoding="UTF-8"?><Publication xmlns:dc="http://purl.org/dc/elements/1.1/" xmlns:xsi="http://www.w3.org/2001/XMLSchema-instance" ID="F31255" type="Fiche d'information conditionnée" xsi:noNamespaceSchemaLocation="../Schemas/3.4/Publication.xsd" dateDerniereModificationImportante="2021-01-01T00:00:00" spUrl="https://www.service-public.fr/particuliers/vosdroits/F31255"><dc:title>Évaluation professionnelle dans la fonction publique hospitalière (FPH)</dc:title><dc:creator>Direction de l'information légale et administrative</dc:creator><dc:subject>Travail - Formation</dc:subject><dc:description>Chaque année, les fonctionnaires bénéficient d'un entretien d'évaluation ou d'une notation et certains contractuels d'un entretien professionnel.</dc:description><dc:publisher>Direction de l'information légale et administrative</dc:publisher><dc:contributor>Direction de l'information légale et administrative (Premier ministre)</dc:contributor><dc:date>modified 2024-01-22</dc:date><dc:type>Fiche pratique</dc:type><dc:format>text/xml</dc:format><dc:identifier>F31255</dc:identifier><dc:source>https://www.legifrance.gouv.fr/codes/section_lc/LEGITEXT000044416551/LEGISCTA000044422999/, https://www.legifrance.gouv.fr/loda/id/JORFTEXT000000343794, https://www.legifrance.gouv.fr/loda/id/JORFTEXT000041991080/</dc:source><dc:language>Fr</dc:language><dc:relation>isPartOf N505</dc:relation><dc:coverage>France entière</dc:coverage><dc:rights>https://www.service-public.fr/a-propos/mentions-legales</dc:rights><SurTitre>Fiche pratique</SurTitre><Audience>Particuliers</Audience><Canal>www.service-public.fr</Canal><FilDAriane><Niveau ID="Particuliers">Accueil particuliers</Niveau><Niveau ID="N19806">Travail - Formation</Niveau><Niveau ID="N505">Carrière dans la fonction publique</Niveau><Niveau ID="F31255" type="Fiche d'information conditionnée">Évaluation professionnelle dans la fonction publique hospitalière (FPH)</Niveau></FilDAriane><Theme ID="N19806"><Titre>Travail - Formation</Titre></Theme><SousThemePere ID="N19962">Contrats et carrière</SousThemePere><DossierPere ID="N505"><Titre>Carrière dans la fonction publique</Titre><SousDossier ID="N505-1"><Titre>Déroulement de carrière</Titre><Fiche ID="F18933">Stage et titularisation</Fiche><Fiche ID="F568">Avancements d'échelon et de grade</Fiche><Fiche ID="F17757">Promotion interne</Fiche><Fiche ID="F35275">Promotion par détachement d'un fonctionnaire handicapé</Fiche><Fiche ID="F3030">Suppression d'emploi d'un fonctionnaire : accompagnement et réaffectation</Fiche><Fiche ID="F13117">Conditions d'emploi d'un agent contractuel</Fiche></SousDossier><SousDossier ID="N505-2"><Titre>Évaluation professionnelle</Titre><Fiche ID="F11992">Dans la fonction publique d'État (FPE)</Fiche><Fiche ID="F566">Dans la fonction publique territoriale (FPT)</Fiche><Fiche ID="F31255">Dans la fonction publique hospitalière (FPH)</Fiche></SousDossier></DossierPere><SousDossierPere>Évaluation professionnelle</SousDossierPere><Introduction><Texte><Paragraphe>Vous êtes agent hospitalier et vous souhaitez savoir comment se déroule votre évaluation annuelle ? Nous vous présentons les règles applicables.</Paragraphe></Texte></Introduction><ListeSituations affichage="onglet"><Situation><Titre>Fonctionnaire</Titre><Introduction><Texte><Paragraphe>Si vous êtes fonctionnaire, votre valeur professionnelle fait l'objet d'une évaluation chaque année au cours d'un entretien qui donne lieu à un compte-rendu.</Paragraphe></Texte></Introduction><Texte><Chapitre><Titre><Paragraphe>Quels sont les objectifs de l'entretien professionnel annuel ?</Paragraphe></Titre><Paragraphe>L'entretien professionnel annuel a pour but de vous permettre d'analyser, en commun avec votre responsable hiérarchique direct, le <MiseEnEvidence>bila</MiseEnEvidence><MiseEnEvidence><MiseEnEvidence>n </MiseEnEvidence>des actions</MiseEnEvidence> menées pendant l'année écoulée et de fixer les <MiseEnEvidence>objectifs prioritaires pour l'année à venir.</MiseEnEvidence></Paragraphe><Paragraphe>L'entretien professionnel annuel <MiseEnEvidence>ne remplace pas</MiseEnEvidence> <LienInterne LienPublication="F3044" type="Fiche Question-réponse conditionnée" audience="Particuliers">l'entretien de formation</LienInterne> dont il peut être suivi.</Paragraphe><Paragraphe>L'entretien professionnel annuel vous permet de vous exprimer sur l'exercice de vos fonctions et sur votre environnement professionnel. Au cours de l'entretien, vous pouvez faire connaître vos souhaits d'évolution de carrière.</Paragraphe><Paragraphe>Pour cela, l'entretien porte notamment sur les points suivants :</Paragraphe><Liste type="puce"><Item><Paragraphe>Atteinte des objectifs fixés lors de l'entretien professionnel précédent ou lors de votre prise de fonction si celle-ci est intervenue dans l'année, en lien avec les conditions d'organisation et de fonctionnement de votre établissement</Paragraphe></Item><Item><Paragraphe>Manière de servir</Paragraphe></Item><Item><Paragraphe>Acquis de l'expérience professionnelle</Paragraphe></Item><Item><Paragraphe>Souhaits et perspectives d'évolution professionnelle (évolution de missions, changement d'affectation, mobilité ou promotion professionnelle)</Paragraphe></Item><Item><Paragraphe>Capacités et intérêt pour les fonctions d'encadrement</Paragraphe></Item><Item><Paragraphe>Objectifs pour l'année à venir selon l'évolution de vos compétences professionnelles, les perspectives d'évolution des conditions d'organisation et de fonctionnement de votre établissement</Paragraphe></Item><Item><Paragraphe>Besoins de formation en fonction notamment des évolutions des techniques et des métiers, et si vous êtes personnel soignant, selon l'évolution des modes de prise en charge. Vos besoins de formation sont définis en fonction de vos missions, des compétences que vous devez acquérir et de votre projet professionnel.</Paragraphe></Item></Liste><Paragraphe>Lors de l'entretien, votre supérieur hiérarchique direct vérifie que vous connaissez les règles d'utilisation du <LienInterne LienPublication="F3080" type="Fiche d'information conditionnée" audience="Particuliers">compte personnel de formation</LienInterne> et les conditions dans lesquelles vous pouvez consulter vos droits. Si cela n'est pas le cas, il vous en informe.</Paragraphe><Paragraphe>Vous êtes invité à formuler, au cours de l'entretien, vos observations et propositions sur l'évolution de votre poste et le fonctionnement de votre établissement.</Paragraphe><Paragraphe>L'entretien donne lieu à une appréciation générale sur votre valeur professionnelle.</Paragraphe><Paragraphe>Vos perspectives d'avancement au grade supérieur peuvent également faire l'objet d'une appréciation particulière complémentaire. C'est le cas si vous avez atteint, depuis au moins 3 ans au 31 décembre de l'année du tableau d'avancement, le dernier échelon de votre grade et si vous n'avez pas accédé à ce grade par avancement de grade, concours ou promotion internes.</Paragraphe><Paragraphe>Cette appréciation complémentaire est prise en compte lors de la mise en œuvre des orientations générales définies par les lignes directrices de gestion.</Paragraphe></Chapitre><Chapitre><Titre><Paragraphe>Quels sont les critères d'appréciation de votre valeur professionnelle ?</Paragraphe></Titre><Paragraphe>Les critères d'appréciation de votre valeur professionnelle dépendent de la nature de vos missions et de votre niveau de responsabilité.</Paragraphe><Paragraphe>Ces critères sont<MiseEnEvidence> fixés par le chef d'établissement </MiseEnEvidence>après avis du comité social d'établissement. Ils portent notamment sur les points suivants :</Paragraphe><Liste type="puce"><Item><Paragraphe>Résultats professionnels que vous avez obtenus et réalisation des objectifs</Paragraphe></Item><Item><Paragraphe>Compétences et connaissances professionnelles et techniques</Paragraphe></Item><Item><Paragraphe>Manière de servir et qualités relationnelles</Paragraphe></Item><Item><Paragraphe>Capacité d'expertise et, s'il y a lieu, capacité d'encadrement ou à exercer des fonctions d'un niveau supérieur</Paragraphe></Item></Liste></Chapitre><Chapitre><Titre><Paragraphe>Comment se passe l'entretien professionnel ?</Paragraphe></Titre><Paragraphe>L'entretien professionnel est conduit par votre supérieur hiérarchique direct dans l'établissement au sein duquel vous exercez la majorité de votre temps de travail.</Paragraphe><Paragraphe>Si vous n'avez pas de supérieur hiérarchique direct, l'entretien professionnel est conduit par le chef d'établissement ou son représentant.</Paragraphe><Paragraphe>L'entretien est organisé dans des conditions permettant de <MiseEnEvidence>garantir la confidentialité.</MiseEnEvidence></Paragraphe><Paragraphe>La <MiseEnEvidence>date</MiseEnEvidence> de l'entretien est fixée et vous est <MiseEnEvidence>communiquée au moins 8 jours à l'avance.</MiseEnEvidence></Paragraphe><Paragraphe>La convocation est accompagnée de votre fiche de poste et d'un exemplaire vierge du compte-rendu.</Paragraphe><Paragraphe>Le compte-rendu de l'entretien, qui doit porter sur l'ensemble des thèmes abordés, est établi et signé par votre supérieur hiérarchique direct.</Paragraphe><Paragraphe>Dans un <MiseEnEvidence>délai maximum de 30 jours</MiseEnEvidence> suivant l'entretien, le compte-rendu vous est communiqué. Vous pouvez le compléter par vos observations.</Paragraphe><Paragraphe>Vous disposez de 15 jours pour le retourner à votre supérieur hiérarchique direct.</Paragraphe><Paragraphe>Le compte-rendu est visé par le chef d'établissement, ou son représentant, qui peut formuler ses propres observations.</Paragraphe><Paragraphe>Le compte-rendu vous est <LienIntra LienID="R14732" type="Définition de glossaire">notifié</LienIntra>. Vous le signez pour attester que vous en avez pris connaissance puis le retournez au chef d'établissement qui l'intègre à votre <LienInterne LienPublication="F31546" type="Fiche Question-réponse conditionnée" audience="Particuliers">dossier</LienInterne>.</Paragraphe></Chapitre><Chapitre><Titre><Paragraphe>Comment contester le compte-rendu de l'entretien ?</Paragraphe></Titre><Paragraphe>Vous pouvez demander au chef d'établissement la révision du compte-rendu de l'entretien.</Paragraphe><Paragraphe>Vous devez formuler votre demande dans les 15 <LienIntra LienID="R1008" type="Définition de glossaire">jours francs</LienIntra> suivant la date de notification du compte-rendu.</Paragraphe><Paragraphe>Le chef d'établissement vous notifie sa réponse dans les 15 jours francs suivant la date de réception de votre demande de révision.</Paragraphe><Paragraphe><MiseEnEvidence>En cas de réponse défavorable</MiseEnEvidence>, vous pouvez saisir la <LienInterne LienPublication="R24436" type="Sigle">CAP</LienInterne> dans le mois suivant la date de notification de la réponse du chef d'établissement à la demande de révision.</Paragraphe><Paragraphe>La CAP peut proposer au chef d'établissement la modification du compte-rendu de l'entretien.</Paragraphe><Paragraphe>Le chef d'établissement vous communique le compte-rendu définitif de votre entretien professionnel.</Paragraphe></Chapitre><Chapitre><Titre><Paragraphe>Comment l'entretien professionnel est-il pris en compte dans votre carrière ?</Paragraphe></Titre><Paragraphe>Le compte-rendu d'entretien est pris en compte pour l'avancement de grade.</Paragraphe><Paragraphe>Il est également pris en compte si le montant de certaines primes dépend de vos résultats individuels ou de votre valeur professionnelle.</Paragraphe></Chapitre></Texte></Situation><Situation><Titre>Contractuel</Titre><Introduction><Texte><Paragraphe>Vous bénéficiez chaque année d'un entretien professionnel si vous êtes recruté en <LienInterne LienPublication="R24389" type="Sigle">CDI</LienInterne> ou en <LienInterne LienPublication="R2454" type="Sigle">CDD</LienInterne> de plus d'1 an sur un emploi permanent (c'est-à-dire pour un motif autre que faire face à un accroissement temporaire ou saisonnier d'activité).</Paragraphe></Texte></Introduction><Texte><Chapitre><Titre><Paragraphe>Quels sont les objectifs de l'entretien professionnel annuel ?</Paragraphe></Titre><Paragraphe>L'entretien professionnel annuel a pour but de vous permettre d'analyser, en commun avec votre responsable hiérarchique direct, le bilan des actions menées pendant l'année écoulée et de fixer les objectifs prioritaires pour l'année à venir.</Paragraphe><Paragraphe>L'entretien professionnel annuel<MiseEnEvidence> ne remplace pas</MiseEnEvidence> <LienInterne LienPublication="F3044" type="Fiche Question-réponse conditionnée" audience="Particuliers">l'entretien de formation</LienInterne> dont il peut être suivi.</Paragraphe><Paragraphe>L'entretien professionnel annuel vous permet de vous exprimer sur l'exercice de vos fonctions et sur votre environnement professionnel. Au cours de l'entretien, vous pouvez faire connaître vos souhaits d'évolution de carrière.</Paragraphe><Paragraphe>L'entretien porte principalement sur les points suivants :</Paragraphe><Liste type="puce"><Item><Paragraphe>Résultats professionnels que vous avez obtenus au regard des objectifs fixés et aux conditions d'organisation et de fonctionnement du service dont vous relevez</Paragraphe></Item><Item><Paragraphe>Objectifs pour l'année à venir et perspectives d'amélioration de vos résultats professionnels</Paragraphe></Item><Item><Paragraphe>Manière de servir</Paragraphe></Item><Item><Paragraphe>Acquis de l'expérience professionnelle</Paragraphe></Item><Item><Paragraphe>Capacités d'encadrement, s'il y a lieu</Paragraphe></Item><Item><Paragraphe>Besoins de formation en fonction notamment de vos missions, des compétences que vous devez acquérir et de votre projet professionnel</Paragraphe></Item><Item><Paragraphe>Perspectives d'évolution professionnelle (projets de préparation aux concours d'accès à la fonction publique notamment)</Paragraphe></Item></Liste><Paragraphe>Le chef d'établissement peut définir, après avis du comité social d'établissement, d'autres thèmes sur lesquels peut porter l'entretien professionnel.</Paragraphe></Chapitre><Chapitre><Titre><Paragraphe>Comment se passe l'entretien professionnel ?</Paragraphe></Titre><Paragraphe>L'entretien est conduit par votre supérieur hiérarchique direct.</Paragraphe><Paragraphe>La date de l'entretien vous est <MiseEnEvidence>communiquée au moins 8 jours à l'avance</MiseEnEvidence>.</Paragraphe><Paragraphe>L'entretien, signé par votre supérieur hiérarchique direct, donne lieu à un compte-rendu comportant une appréciation générale sur votre valeur professionnelle.</Paragraphe><Paragraphe>Le compte-rendu vous est communiqué. Vous pouvez éventuellement le compléter de vos observations. Il est visé par le chef d'établissement qui le complète éventuellement.</Paragraphe><Paragraphe>Le compte-rendu vous est par la suite transmis. Vous le signez pour attester que vous en avez pris connaissance. Vous le retournez au chef d'établissement qui l’intègre à votre <LienInterne LienPublication="F31546" type="Fiche Question-réponse conditionnée" audience="Particuliers">dossier</LienInterne>.</Paragraphe><Paragraphe>Les conditions d'organisation de l'entretien professionnel et le contenu du compte-rendu sont fixés par le chef d’établissement après avis du comité social d'établissement.</Paragraphe></Chapitre><Chapitre><Titre><Paragraphe>Comment contester le compte-rendu de l'entretien ?</Paragraphe></Titre><Paragraphe>Vous pouvez demander, par courrier, la révision du compte-rendu de l'entretien professionnel au chef d'établissement, dans les 30 <LienIntra LienID="R1008" type="Définition de glossaire">jours francs</LienIntra> suivant sa <LienIntra LienID="R14732" type="Définition de glossaire">notification</LienIntra>.</Paragraphe><Paragraphe>Le chef d'établissement vous transmet sa réponse dans les 15 jours francs suivant la réception de la demande.</Paragraphe><Paragraphe><MiseEnEvidence>En cas de réponse défavorable du chef d'établissement</MiseEnEvidence>, vous pouvez saisir au cours du moins suivant la <LienInterne LienPublication="R44305" type="Sigle">CCP</LienInterne>.</Paragraphe><Paragraphe>Le secrétariat de la CCP est assuré par l'établissement qui en assure la gestion.</Paragraphe><Paragraphe>Après avis de la CCP, le chef d'établissement vous communique le compte-rendu définitif de l'entretien.</Paragraphe></Chapitre><Chapitre><Titre><Paragraphe>Comment l'entretien professionnel est-il pris en compte dans votre situation administrative ?</Paragraphe></Titre><Paragraphe>Le compte-rendu d'entretien est pris en compte pour la réévaluation de votre rémunération qui intervient au minimum tous les 3 ans.</Paragraphe></Chapitre></Texte></Situation></ListeSituations><Reference type="Texte de référence" URL="https://www.legifrance.gouv.fr/codes/section_lc/LEGITEXT000044416551/LEGISCTA000044422999/" ID="R2469"><Titre>Code de la fonction publique : articles L521-1 à L521-5</Titre></Reference><Reference type="Texte de référence" URL="https://www.legifrance.gouv.fr/loda/id/JORFTEXT000000343794" ID="R13141"><Titre>Décret n°91-155 du 6 février 1991 relatif aux agents contractuels de la FPH</Titre><Complement>Article 1-3</Complement></Reference><Reference type="Texte de référence" URL="https://www.legifrance.gouv.fr/loda/id/JORFTEXT000041991080/" ID="R50721"><Titre>Décret n°2020-719 du 12 juin 2020 relatif aux conditions générales de l'appréciation de la valeur professionnelle des fonctionnaires de la fonction publique hospitalière</Titre></Reference><PourEnSavoirPlus type="Information pratique" ID="R42527" URL="http://www.cng.sante.fr" audience="Particuliers"><Titre>Centre national de gestion des praticiens et personnels hospitaliers de direction</Titre><Source ID="R30742">Centre national de gestion des praticiens hospitaliers et des personnels de direction de la fonction publique hospitalière (CNG)</Source></PourEnSavoirPlus><Definition ID="R14732"><Titre>Notification</Titre><Texte><Paragraphe>Formalité par laquelle un acte de procédure ou une décision est porté à la connaissance d’une personne</Paragraphe></Texte></Definition><Definition ID="R1008"><Titre>Jour franc</Titre><Texte><Paragraphe>Jour qui dure de 0h à 24h. Un délai ainsi calculé ne tient pas compte du jour de la décision à l'origine du délai, ni du jour de l'échéance. Si le délai s'achève un samedi ou un dimanche, il est reporté au lundi. Si le délai s'achève un jour férié, il est reporté d'un jour. Ainsi, par exemple, si un délai s'achève un samedi et le lundi suivant est un jour férié, il est reporté au mardi.</Paragraphe></Texte></Definition><Abreviation ID="R24436" type="Sigle"><Titre>CAP</Titre><Texte><Paragraphe>Commission administrative paritaire</Paragraphe></Texte></Abreviation><Abreviation ID="R24389" type="Sigle"><Titre>CDI</Titre><Texte><Paragraphe>Contrat de travail à durée indéterminée</Paragraphe></Texte></Abreviation><Abreviation ID="R2454" type="Sigle"><Titre>CDD</Titre><Texte><Paragraphe>Contrat à durée déterminée</Paragraphe></Texte></Abreviation><Abreviation ID="R44305" type="Sigle"><Titre>CCP</Titre><Texte><Paragraphe>Commission consultative paritaire</Paragraphe></Texte></Abreviation></Publication>