<?xml version="1.0" encoding="UTF-8"?><Publication xmlns:dc="http://purl.org/dc/elements/1.1/" xmlns:xsi="http://www.w3.org/2001/XMLSchema-instance" ID="F3131" type="Fiche Question-réponse conditionnée" xsi:noNamespaceSchemaLocation="../Schemas/3.4/Publication.xsd" spUrl="https://www.service-public.fr/particuliers/vosdroits/F3131" profilsPro="tout"><dc:title>Quelles sont les règles pour construire une clôture ?</dc:title><dc:creator>Direction de l'information légale et administrative</dc:creator><dc:subject>Logement, Secteurs d'activité</dc:subject><dc:description>Pour construire une grille ou palissade ou barrière ou tout élément permettant de fermer un terrain, vous devez appliquer une ou plusieurs réglementations.</dc:description><dc:publisher>Direction de l'information légale et administrative</dc:publisher><dc:contributor>Direction de l'information légale et administrative (Premier ministre)</dc:contributor><dc:date>modified 2023-10-30</dc:date><dc:type>Question-réponse</dc:type><dc:format>text/xml</dc:format><dc:identifier>F3131</dc:identifier><dc:source>https://www.legifrance.gouv.fr/codes/article_lc/LEGIARTI000034355439, https://www.legifrance.gouv.fr/codes/id/LEGISCTA000006188272, https://www.legifrance.gouv.fr/codes/article_lc/LEGIARTI000047087702, https://www.legifrance.gouv.fr/codes/article_lc/LEGIARTI000031210502, https://www.legifrance.gouv.fr/codes/article_lc/LEGIARTI000006587655/, https://www.legifrance.gouv.fr/codes/id/LEGISCTA000006149494/, https://www.legifrance.gouv.fr/codes/article_lc/LEGIARTI000031065981, https://www.legifrance.gouv.fr/loda/id/JORFTEXT000000558670/, http://www.senat.fr/questions/base/2021/qSEQ210321457.html</dc:source><dc:language>Fr</dc:language><dc:relation>isPartOf N319</dc:relation><dc:coverage>France entière</dc:coverage><dc:rights>https://www.service-public.fr/a-propos/mentions-legales</dc:rights><SurTitre>Question-réponse</SurTitre><Audience>Particuliers</Audience><Audience>Professionnels</Audience><Canal>www.service-public.fr</Canal><Cible>Agriculteur – Pêcheur</Cible><FilDAriane><Niveau ID="Particuliers">Accueil particuliers</Niveau><Niveau ID="N19808">Logement</Niveau><Niveau ID="N319">Autorisation d'urbanisme</Niveau><Niveau ID="F3131" type="Fiche Question-réponse conditionnée">Quelles sont les règles pour construire une clôture ?</Niveau></FilDAriane><Theme ID="N19808"><Titre>Logement</Titre></Theme><SousThemePere ID="N557">Urbanisme</SousThemePere><DossierPere ID="N319"><Titre>Autorisation d'urbanisme</Titre><Fiche ID="F1633">Certificat d'urbanisme (CU)</Fiche><Fiche ID="F17578">Déclaration préalable de travaux (DP)</Fiche><Fiche ID="F1986">Permis de construire</Fiche><Fiche ID="F17665">Permis d'aménager</Fiche><Fiche ID="F19450">Permis modificatif d'un permis de construire ou d'aménager</Fiche><Fiche ID="F17669">Permis de démolir</Fiche><Fiche ID="F2698">Transfert d'un permis de construire ou d'aménager</Fiche><Fiche ID="F20567">Contestation d'une autorisation d'urbanisme</Fiche><Fiche ID="F23263">Taxe d'aménagement (TA)</Fiche><Fiche ID="F447">Assainissement des eaux usées domestiques</Fiche></DossierPere><Texte><Paragraphe>Vous souhaitez construire une clôture autour de votre propriété : une grille, une palissade, une barrière, une porte de clôture, un mur, une haie ou tout autre élément permettant de fermer un terrain ? Nous vous présentons les informations à connaître.</Paragraphe><Paragraphe>Selon le <MiseEnEvidence>type de clôture</MiseEnEvidence> et son <MiseEnEvidence>lieu</MiseEnEvidence> d'implantation, vous devez appliquer <MiseEnEvidence>une ou plusieurs de ces réglementations</MiseEnEvidence> :</Paragraphe><Liste type="puce"><Item><Paragraphe><MiseEnEvidence>Règles d'urbanisme de votre commune </MiseEnEvidence>pour les caractéristiques de la clôture (hauteur, matériaux, conception)</Paragraphe></Item><Item><Paragraphe><MiseEnEvidence>Règles de distance avec le terrain de vos voisins</MiseEnEvidence> selon que la clôture est privative ou mitoyenne</Paragraphe></Item><Item><Paragraphe><MiseEnEvidence>Règles de distance avec le domaine public </MiseEnEvidence>et les voies de circulation</Paragraphe></Item></Liste><Chapitre><Titre><Paragraphe>Quelles sont les règles d'urbanisme pour poser une clôture ?</Paragraphe></Titre><Paragraphe>La réglementation est <MiseEnEvidence>différente</MiseEnEvidence> selon le <MiseEnEvidence>type</MiseEnEvidence> de clôture.</Paragraphe><BlocCas affichage="radio"><Cas><Titre>Cas général</Titre><Paragraphe>Les haies et les fossés sont systématiquement dispensés d'autorisation d'urbanisme.</Paragraphe><Paragraphe>En principe, les clôtures sont également dispensées de formalité.</Paragraphe><Paragraphe>Cependant, vous devez déposer une <LienInterne LienPublication="F17578" type="Fiche d'information conditionnée" audience="Particuliers">déclaration préalable de travaux (DP)</LienInterne> dans certains secteurs :</Paragraphe><Liste type="puce"><Item><Paragraphe>Secteur délimité par le <LienInterne LienPublication="R60418" type="Sigle">PLU</LienInterne></Paragraphe></Item><Item><Paragraphe>Commune ou partie de commune où le conseil municipal a décidé de soumettre les murs à déclaration</Paragraphe></Item><Item><Paragraphe>Périmètre d'un <LienIntra LienID="R54682" type="Définition de glossaire">site patrimonial remarquable</LienIntra></Paragraphe></Item><Item><Paragraphe>Abords des monuments historiques</Paragraphe></Item><Item><Paragraphe><LienIntra LienID="R54681" type="Définition de glossaire">Site classé ou inscrit</LienIntra> ou en instance de classement</Paragraphe></Item></Liste><Paragraphe>Un<MiseEnEvidence> portail</MiseEnEvidence> ou une <MiseEnEvidence>barrière</MiseEnEvidence> levante, qui limitent l'accès à une propriété, répondent aux mêmes règles.</Paragraphe><Paragraphe>La construction d'un <MiseEnEvidence>mur de plus de 2 mètres de haut</MiseEnEvidence> est soumise à une DP quelle que soit la commune.</Paragraphe><Paragraphe>Le <LienInterne LienPublication="R60418" type="Sigle">PLU</LienInterne> peut fixer des règles concernant la hauteur, la nature ou l'aspect extérieur.</Paragraphe><Paragraphe>Pour limiter les conséquences liées à un risque d'inondation, il peut par exemple prévoir le recours à des clôtures végétalisées ou perméables qui n'empêchent pas le libre écoulement des eaux.</Paragraphe><Paragraphe>Vous pouvez consulter le PLU en mairie.</Paragraphe><OuSAdresser ID="R1" sve="non" type="Local personnalisé sur SP"><Titre>Mairie</Titre><PivotLocal>mairie</PivotLocal><RessourceWeb URL="https://lannuaire.service-public.fr/navigation/mairie"/></OuSAdresser><Attention><Titre>Attention</Titre><Paragraphe>Votre projet doit respecter le <LienInterne LienPublication="R60418" type="Sigle">PLU</LienInterne> même s'il n'est pas soumis à autorisation.</Paragraphe></Attention><Paragraphe><MiseEnEvidence>S'il n'existe aucune règle de hauteur des murs dans votre commune</MiseEnEvidence>, vous devez respecter une <LienInterne LienPublication="F914" type="Fiche Question-réponse conditionnée" audience="Particuliers">hauteur minimale</LienInterne>.</Paragraphe><Paragraphe><MiseEnEvidence>S'il n'existe aucune règle locale de distance et de hauteur des haies,</MiseEnEvidence> la <LienInterne LienPublication="F914" type="Fiche Question-réponse conditionnée" audience="Particuliers">distance minimale à respecter par rapport au terrain voisin</LienInterne> dépend de la hauteur de vos plantations.</Paragraphe></Cas><Cas><Titre>Clôture pour une activité agricole ou forestière</Titre><Paragraphe>Si la clôture est nécessaire à l'activité agricole ou forestière, vous n'avez pas besoin de demander une autorisation d'urbanisme.</Paragraphe><Paragraphe>Toutefois, les <MiseEnEvidence>clôtures agricoles électrifiées</MiseEnEvidence> sont soumises à une réglementation spécifique. En raison du danger potentiel, une <LienInterne LienPublication="F17578" type="Fiche d'information conditionnée" audience="Particuliers">déclaration préalable de travaux (DP)</LienInterne> accompagnée d'un certificat d'homologation du matériel doit être déposée à la mairie.</Paragraphe></Cas><Cas><Titre>Clôtures dans les zones naturelles ou forestières du PLU</Titre><Paragraphe>Si vous construisez une clôture dans une zone naturelle ou forestière délimitée par le <LienInterne LienPublication="R60418" type="Sigle">PLU</LienInterne> de votre commune ou dans un espace naturel de libre circulation des animaux sauvages, vous devez déposer une <LienInterne LienPublication="F17578" type="Fiche d'information conditionnée" audience="Particuliers">déclaration préalable de travaux (DP)</LienInterne> en mairie.</Paragraphe><OuSAdresser ID="R1" sve="non" type="Local personnalisé sur SP"><Titre>Mairie</Titre><PivotLocal>mairie</PivotLocal><RessourceWeb URL="https://lannuaire.service-public.fr/navigation/mairie"/></OuSAdresser><Paragraphe>Votre clôture doit respecter les critères suivants :</Paragraphe><Liste type="puce"><Item><Paragraphe>Être posée 30 centimètres au-dessus de la surface du sol</Paragraphe></Item><Item><Paragraphe>Avoir une hauteur limitée à 1,20 mètre</Paragraphe></Item><Item><Paragraphe>Être construite en matériaux naturels ou traditionnels</Paragraphe></Item><Item><Paragraphe>Être sans danger pour les animaux</Paragraphe></Item></Liste><ASavoir><Titre>À savoir</Titre><Paragraphe>Les habitations et les <LienIntra LienID="R53743" type="Définition de glossaire">sièges </LienIntra>d'exploitation d'activités agricoles ou forestières situés en milieu naturel peuvent être entourés d'une clôture étanche. Elle doit être édifiée à moins de 150 mètres des limites de l'habitation ou du siège de l'exploitation.</Paragraphe></ASavoir></Cas></BlocCas></Chapitre><Chapitre><Titre><Paragraphe>Quelles sont les règles d'implantation d'une clôture avec vos voisins ?</Paragraphe></Titre><Paragraphe>Avant d'installer une clôture, il est recommandé de <MiseEnEvidence><LienInterne LienPublication="F3037" type="Fiche d'information conditionnée" audience="Particuliers">borner</LienInterne></MiseEnEvidence> votre terrain pour connaître les limites de propriété.</Paragraphe><Paragraphe>Si vous implantez la clôture en<MiseEnEvidence> retrait de la limite de propriété</MiseEnEvidence> sans empiéter sur le terrain de votre voisin, votre <MiseEnEvidence>clôture est privative</MiseEnEvidence>. La construction et l'entretien sont alors à votre charge et vous n'avez pas à consulter votre voisin.</Paragraphe><Paragraphe>Si vous l'implantez<MiseEnEvidence> sur la limite</MiseEnEvidence> séparant votre terrain et celui de votre voisin, votre <MiseEnEvidence>clôture est mitoyenne</MiseEnEvidence>. Vous devez alors vous mettre d'accord avec votre voisin, car vous assumez ensemble les frais de construction et d'entretien.</Paragraphe><Paragraphe>Vous devez respecter les <LienIntra LienID="R1069" type="Définition de glossaire">servitudes</LienIntra> existantes sur le terrain.</Paragraphe><Paragraphe>Ainsi, vous ne pouvez pas élever une clôture sur une <LienInterne LienPublication="F2040" type="Fiche d'information conditionnée" audience="Particuliers">servitude de passage</LienInterne> et empêcher son bénéficiaire d'accéder à la voie publique.</Paragraphe><Paragraphe>Vous ne pouvez pas non plus faire obstacle à l'écoulement naturel des eaux de pluie.</Paragraphe><Paragraphe>Vous ne devez pas créer un trouble anormal de voisinage en élevant une clôture qui prive de vue ou d'ensoleillement vos voisins.</Paragraphe><Paragraphe>Dans un <MiseEnEvidence>lotissement</MiseEnEvidence>, vous devez respecter les règles du <LienIntra LienID="R51976" type="Définition de glossaire">cahier des charges</LienIntra> sur la hauteur, le choix des matériaux, les couleurs et l'aspect de la clôture.</Paragraphe><Paragraphe>Dans une<MiseEnEvidence> copropriété</MiseEnEvidence>, vous devez respecter le <LienInterne LienPublication="F2589" type="Fiche d'information conditionnée" audience="Particuliers">règlement de copropriété</LienInterne>.</Paragraphe></Chapitre><Chapitre><Titre><Paragraphe>Quelles sont les règles d'implantation avec le domaine public et les voies de ciculation ?</Paragraphe></Titre><Paragraphe>Dans certains cas, le droit de se clore peut être limité.</Paragraphe><BlocCas affichage="radio"><Cas><Titre>Terrain en bordure du domaine public maritime</Titre><Paragraphe>Les propriétaires riverains du domaine public maritime peuvent clore leur terrain. Ils doivent laisser une bande d'au moins 3 mètres de large le long du littoral pour assurer le passage des piétons.</Paragraphe></Cas><Cas><Titre>Terrain en bordure du domaine public fluvial</Titre><Paragraphe>Les propriétaires riverains du domaine public fluvial peuvent clore leur terrain. Ils doivent laisser une bande d'au moins 3,25 mètres de large le long de la rivière pour assurer le passage des piétons.</Paragraphe></Cas><Cas><Titre>Terrain en bordure d'une voie dangereuse</Titre><Paragraphe>Si le terrain borde une voie dangereuse dans ses accès, il est nécessaire de se rapprocher du gestionnaire de voirie avant d'installer une clôture.</Paragraphe><Paragraphe>Pour implanter une clôture en bordure d'une <MiseEnEvidence>voie communale</MiseEnEvidence>, vous devez contacter votre mairie :</Paragraphe><OuSAdresser ID="R1" sve="non" type="Local personnalisé sur SP"><Titre>Mairie</Titre><PivotLocal>mairie</PivotLocal><RessourceWeb URL="https://lannuaire.service-public.fr/navigation/mairie"/></OuSAdresser><Paragraphe>Pour implanter une clôture en bordure d'une <MiseEnEvidence>route départementale</MiseEnEvidence> , vous devez contacter le conseil départemental :</Paragraphe><OuSAdresser ID="R3" sve="non" type="Local personnalisé sur SP"><Titre>Services du département</Titre><PivotLocal>cg</PivotLocal><RessourceWeb URL="https://lannuaire.service-public.fr/navigation/cg"/></OuSAdresser><Paragraphe>Pour implanter une clôture en bordure d'une <MiseEnEvidence>route nationale</MiseEnEvidence>, vous devez contacter la direction interdépartementale des routes (DIR) :</Paragraphe><OuSAdresser ID="R55465" sve="non" type="Local"><Titre>Direction interdépartementale des routes (DIR)</Titre><RessourceWeb URL="https://lannuaire.service-public.fr/navigation/did_routes"/></OuSAdresser></Cas><Cas><Titre>Terrain en bordure d'une voie publique</Titre><Paragraphe>Si votre terrain est en bordure d'une voie publique, vous devez tenir compte de l'<LienInterne LienPublication="F2125" type="Fiche Question-réponse conditionnée" audience="Particuliers">alignement</LienInterne> qui détermine la limite entre le domaine public et les propriétés riveraines. Vous devez vous renseigner auprès de la mairie pour connaître ces règles.</Paragraphe><OuSAdresser ID="R1" sve="non" type="Local personnalisé sur SP"><Titre>Mairie</Titre><PivotLocal>mairie</PivotLocal><RessourceWeb URL="https://lannuaire.service-public.fr/navigation/mairie"/></OuSAdresser></Cas><Cas><Titre>Terrain en bordure d'un chemin rural</Titre><Paragraphe>Il est interdit de planter une haie en bordure d'un chemin rural, domaine privé de la commune.</Paragraphe><Paragraphe>Pour construire ou reconstruire un mur ou une clôture à la limite d'un chemin rural, vous devez demander un certificat de bornage auprès de la mairie. Ce certificat permet de connaitre les limites entre les 2 parcelles.</Paragraphe><OuSAdresser ID="R1" sve="non" type="Local personnalisé sur SP"><Titre>Mairie</Titre><PivotLocal>mairie</PivotLocal><RessourceWeb URL="https://lannuaire.service-public.fr/navigation/mairie"/></OuSAdresser></Cas></BlocCas></Chapitre></Texte><VoirAussi important="non"><Fiche ID="F17578" audience="Particuliers"><Titre>Déclaration préalable de travaux (DP)</Titre><Theme ID="N19808"><Titre>Logement</Titre></Theme></Fiche><Fiche ID="F1988" audience="Particuliers"><Titre>Affichage de l'autorisation d'urbanisme sur le terrain</Titre><Theme ID="N19808"><Titre>Logement</Titre></Theme></Fiche></VoirAussi><QuiPeutMAider ID="R1" sve="non" type="Local personnalisé sur SP"><Titre>Mairie</Titre><Complement>Pour des renseignements sur le plan local d'urbanisme ou sur votre dossier de déclaration préalable</Complement><PivotLocal>mairie</PivotLocal><RessourceWeb URL="https://lannuaire.service-public.fr/navigation/mairie"/></QuiPeutMAider><Reference type="Texte de référence" URL="https://www.legifrance.gouv.fr/codes/article_lc/LEGIARTI000034355439" ID="R36551"><Titre>Code de l'urbanisme : article R*421-2</Titre><Complement>Travaux ne nécessitant pas de déclaration préalable</Complement></Reference><Reference type="Texte de référence" URL="https://www.legifrance.gouv.fr/codes/id/LEGISCTA000006188272" ID="R32252"><Titre>Code de l'urbanisme : articles R421-9 à R*421-12</Titre><Complement>Constructions nouvelles soumises à déclaration préalable (art. R-421-12)</Complement></Reference><Reference type="Texte de référence" URL="https://www.legifrance.gouv.fr/codes/article_lc/LEGIARTI000047087702" ID="R65879"><Titre>Code de l'environnement : article L372-1</Titre><Complement>Clôture en zone naturelle ou forestière</Complement></Reference><Reference type="Texte de référence" URL="https://www.legifrance.gouv.fr/codes/article_lc/LEGIARTI000031210502" ID="R59934"><Titre>Code de l'urbanisme : article L121-31</Titre><Complement>Implantation en bordure de domaine public maritime</Complement></Reference><Reference type="Texte de référence" URL="https://www.legifrance.gouv.fr/codes/article_lc/LEGIARTI000006587655/" ID="R54526"><Titre>Code rural et de la pêche maritime : article D161-12</Titre><Complement>Implantation d'une clôture en bordure d'un chemin rural</Complement></Reference><Reference type="Texte de référence" URL="https://www.legifrance.gouv.fr/codes/id/LEGISCTA000006149494/" ID="R22267"><Titre>Code de la voirie routière : articles L112-1 à L112-7</Titre><Complement>implantation en bordure d'une voie publique (article L112-1)</Complement></Reference><Reference type="Texte de référence" URL="https://www.legifrance.gouv.fr/codes/article_lc/LEGIARTI000031065981" ID="R59933"><Titre>Code général de la propriété des personnes publiques : article L2131-2</Titre><Complement>Implantation en bordure du domaine publique fluvial</Complement></Reference><Reference type="Texte de référence" URL="https://www.legifrance.gouv.fr/loda/id/JORFTEXT000000558670/" ID="R38366"><Titre>Décret n°96-216 du 14 mars 1996 relatif aux règles techniques et à la procédure de certification applicables aux électrificateurs de clôture</Titre></Reference><Reference type="Texte de référence" URL="http://www.senat.fr/questions/base/2021/qSEQ210321457.html" ID="R59924"><Titre>Réponse ministérielle du 18 mars 2021 relative à la pose d'une clôture électrique</Titre><Complement>Contraintes réglementaires pour la pose d'une clôture électrique</Complement></Reference><ServiceEnLigne ID="R52221" URL="https://demarches.service-public.fr/mademarche/DAUA/demarche" audience="Particuliers" type="Téléservice"><Titre>Assistance pour votre demande d'autorisation d'urbanisme</Titre><Source ID="R30659">Ministère chargé de l'urbanisme</Source></ServiceEnLigne><ServiceEnLigne ID="R2028" URL="https://www.formulaires.service-public.fr/gf/cerfa_13703.do" audience="Particuliers" numerocerfa="13703*12" type="Formulaire"><Titre>Déclaration préalable pour une maison individuelle et/ou ses annexes - DPMI</Titre><Source ID="R30659">Ministère chargé de l'urbanisme</Source><NoticeLiee ID="R48172" URL="https://www.formulaires.service-public.fr/gf/getNotice.do?cerfaNotice=51434&amp;cerfaFormulaire=13406" type="Notice" numerocerfa="51434#12" format="application/pdf" poids="1.2 MB">Notice - Permis de construire, d'aménager, de démolir, déclaration préalable</NoticeLiee><NoticeLiee ID="R48163" URL="https://www.formulaires.service-public.fr/gf/getAnnexe.do?cerfaAnnexe=1&amp;cerfaFormulaire=13406*13" type="Notice" format="application/pdf" poids="115.1 KB">Fiche d’aide pour le calcul de la surface de plancher</NoticeLiee><ServiceEnLigneAnnexe audience="Particuliers" ID="R55969" type="Formulaire" groupe="facultatif"><Titre>Fiche complémentaire/autres demandeurs pour un même projet</Titre><Introduction><Texte><Paragraphe>Document à joindre à la déclaration préalable de travaux lorsque plusieurs personnes sont concernées par un même projet</Paragraphe></Texte></Introduction><LienWeb URL="https://www.formulaires.service-public.fr/gf/getAnnexe.do?cerfaAnnexe=2&amp;cerfaFormulaire=13406*13"/></ServiceEnLigneAnnexe></ServiceEnLigne><ServiceEnLigne ID="R11646" URL="https://www.formulaires.service-public.fr/gf/cerfa_13404.do" audience="Particuliers" numerocerfa="13404*12" type="Formulaire"><Titre>Déclaration préalable (construction, travaux, installations et aménagements non soumis à permis de construire)</Titre><Source ID="R30659">Ministère chargé de l'urbanisme</Source><NoticeLiee ID="R48172" URL="https://www.formulaires.service-public.fr/gf/getNotice.do?cerfaNotice=51434&amp;cerfaFormulaire=13406" type="Notice" numerocerfa="51434#12" format="application/pdf" poids="1.2 MB">Notice - Permis de construire, d'aménager, de démolir, déclaration préalable</NoticeLiee><NoticeLiee ID="R48163" URL="https://www.formulaires.service-public.fr/gf/getAnnexe.do?cerfaAnnexe=1&amp;cerfaFormulaire=13406*13" type="Notice" format="application/pdf" poids="115.1 KB">Fiche d’aide pour le calcul de la surface de plancher</NoticeLiee><ServiceEnLigneAnnexe audience="Particuliers" ID="R55969" type="Formulaire" groupe="obligatoire"><Titre>Fiche complémentaire/autres demandeurs pour un même projet</Titre><LienWeb URL="https://www.formulaires.service-public.fr/gf/getAnnexe.do?cerfaAnnexe=2&amp;cerfaFormulaire=13406*13"/></ServiceEnLigneAnnexe></ServiceEnLigne><PourEnSavoirPlus type="Information pratique" ID="R47770" URL="https://agriculture.gouv.fr/sites/minagri/files/documents/pdf/guideElectrifWEBopt-2.pdf" audience="Particuliers" format="application/pdf" poids="3.7 MB"><Titre>Guide des bonnes pratiques pour installer des clôtures électriques</Titre><Source ID="R54776">Ministère chargé de l'agriculture</Source></PourEnSavoirPlus><Definition ID="R54682"><Titre>Sites patrimoniaux remarquables</Titre><Texte><Paragraphe>Villes, villages ou quartiers dont la conservation, la restauration, la réhabilitation ou la mise en valeur présente, au point de vue historique, architectural, archéologique, artistique ou paysager, un intérêt public</Paragraphe></Texte></Definition><Definition ID="R54681"><Titre>Site classé ou inscrit</Titre><Texte><Paragraphe>Site et monument naturels dont la conservation ou la préservation présente un intérêt général au point de vue artistique, historique, scientifique, légendaire ou pittoresque</Paragraphe></Texte></Definition><Definition ID="R53743"><Titre>Siège social d'une entreprise</Titre><Texte><Paragraphe>Le siège social d'une entreprise ou d'une personne morale est localisé à l'endroit où sont concentrés la vie juridique, les organes de direction et les principaux services de la société.</Paragraphe></Texte></Definition><Definition ID="R1069"><Titre>Servitude</Titre><Texte><Paragraphe>Charge imposée à une propriété au profit d'une autre propriété (par exemple, un droit de passage)</Paragraphe></Texte></Definition><Definition ID="R51976"><Titre>Cahier des charges d'un lotissement</Titre><Texte><Paragraphe>Informations sur les règles de vie collective en lotissement (répartition des charges, entretien des espaces verts, stationnement...)</Paragraphe></Texte></Definition><Abreviation ID="R60418" type="Sigle"><Titre>PLU</Titre><Texte><Paragraphe>plan local d'urbanisme</Paragraphe></Texte></Abreviation><QuestionReponse ID="F914" audience="Particuliers"><Titre>Quelles sont les règles de hauteur et de distance pour un mur de clôture ?</Titre></QuestionReponse></Publication>