<?xml version="1.0" encoding="UTF-8"?><Publication xmlns:dc="http://purl.org/dc/elements/1.1/" xmlns:xsi="http://www.w3.org/2001/XMLSchema-instance" ID="F31435" type="Fiche Question-réponse conditionnée" xsi:noNamespaceSchemaLocation="../Schemas/3.4/Publication.xsd" dateDerniereModificationImportante="2023-04-01T00:00:00" spUrl="https://www.service-public.fr/particuliers/vosdroits/F31435"><dc:title>Qu'est-ce que la prestation complémentaire pour recours à tierce personne (PCRTP) ?</dc:title><dc:creator>Direction de l'information légale et administrative</dc:creator><dc:subject>Travail - Formation</dc:subject><dc:description>La PCRTP est une somme destinée à financer l'assistance d'une personne pour vous aider à effectuer les actes ordinaires de la vie courante.</dc:description><dc:publisher>Direction de l'information légale et administrative</dc:publisher><dc:contributor>Direction de l'information légale et administrative (Premier ministre)</dc:contributor><dc:date>modified 2023-04-01</dc:date><dc:type>Question-réponse</dc:type><dc:format>text/xml</dc:format><dc:identifier>F31435</dc:identifier><dc:source>https://www.legifrance.gouv.fr/codes/id/LEGISCTA000006172662, https://www.legifrance.gouv.fr/codes/article_lc/LEGIARTI000027266930, https://www.legifrance.gouv.fr/codes/id/LEGISCTA000006172216/, http://circulaire.legifrance.gouv.fr/pdf/2013/06/cir_37105.pdf</dc:source><dc:language>Fr</dc:language><dc:relation>isPartOf N526</dc:relation><dc:coverage>France entière</dc:coverage><dc:rights>https://www.service-public.fr/a-propos/mentions-legales</dc:rights><SurTitre>Question-réponse</SurTitre><Audience>Particuliers</Audience><Canal>www.service-public.fr</Canal><FilDAriane><Niveau ID="Particuliers">Accueil particuliers</Niveau><Niveau ID="N19806">Travail - Formation</Niveau><Niveau ID="N526">Maladie ou accident du travail dans le secteur privé</Niveau><Niveau ID="F31435" type="Fiche Question-réponse conditionnée">Qu'est-ce que la prestation complémentaire pour recours à tierce personne (PCRTP) ?</Niveau></FilDAriane><Theme ID="N19806"><Titre>Travail - Formation</Titre></Theme><SousThemePere ID="N19965">Santé, sécurité et conditions de travail</SousThemePere><DossierPere ID="N526"><Titre>Maladie ou accident du travail dans le secteur privé</Titre><SousDossier ID="N526-1"><Titre>Arrêt maladie</Titre><Fiche ID="F303">Démarches à effectuer</Fiche><Fiche ID="F3053">Indemnités journalières versées au salarié</Fiche><Fiche ID="F144">Reprise du travail</Fiche><Fiche ID="F726">Inaptitude du salarié</Fiche></SousDossier><SousDossier ID="N526-2"><Titre>Accident du travail</Titre><Fiche ID="F171">Démarches à effectuer</Fiche><Fiche ID="F175">Indemnités journalières pendant l'arrêt de travail</Fiche><Fiche ID="F14840">Indemnisation en cas d'incapacité permanente</Fiche><Fiche ID="F32157">Reprise du travail</Fiche><Fiche ID="F15341">Inaptitude du salarié</Fiche></SousDossier><SousDossier ID="N526-3"><Titre>Maladie professionnelle</Titre><Fiche ID="F176">Démarches à effectuer</Fiche><Fiche ID="F32148">Indemnités journalières pendant l'arrêt de travail</Fiche><Fiche ID="F348">Indemnisation en cas d'incapacité permanente</Fiche><Fiche ID="F32158">Reprise du travail</Fiche><Fiche ID="F32161">Inaptitude du salarié</Fiche></SousDossier></DossierPere><Introduction><Texte><Paragraphe>Vous souhaitez savoir à quoi sert la prestation complémentaire pour recours à tierce personne (PCRTP), quelles sont les conditions pour la percevoir, quel est son montant,... ? Nous vous donnons les informations utiles.</Paragraphe></Texte></Introduction><Texte><Paragraphe>La PCRTP <MiseEnEvidence>a remplacé</MiseEnEvidence>, depuis le <Exposant>er</Exposant> mars 2013, la <LienInterne LienPublication="F31434" type="Fiche d'information conditionnée" audience="Particuliers">majoration pour tierce personne (MTP)</LienInterne>.</Paragraphe><Chapitre><Titre><Paragraphe>À quoi sert la PCRTP ?</Paragraphe></Titre><Paragraphe>La PCRTP est une somme destinée à financer l'assistance d'une personne pour vous aider à effectuer les actes ordinaires de la vie courante (exemple : s'habiller, se lever, s'asseoir,...).</Paragraphe><Paragraphe>Vous pouvez la percevoir, sous conditions.</Paragraphe><Paragraphe>Son montant varie en fonction de vos besoins d'assistance.</Paragraphe></Chapitre><Chapitre><Titre><Paragraphe>Quelles sont les conditions d'attribution de la PCRTP ?</Paragraphe></Titre><Paragraphe>Vous pouvez bénéficier de la PCRTP si vous remplissez les <MiseEnEvidence>3 conditions</MiseEnEvidence> suivantes :</Paragraphe><Liste type="puce"><Item><Paragraphe>Vous touchez une <LienInterne LienPublication="F14840" type="Fiche d'information conditionnée" audience="Particuliers">rente pour incapacité permanente</LienInterne> liée à un <LienInterne LienPublication="F178" type="Fiche Question-réponse conditionnée" audience="Particuliers">accident du travail</LienInterne> ou une <LienInterne LienPublication="F31880" type="Fiche Question-réponse conditionnée" audience="Particuliers">maladie professionnelle</LienInterne> (AT-MP)</Paragraphe></Item><Item><Paragraphe>Votre taux d'incapacité permanente est de <Valeur>80 %</Valeur> minimum</Paragraphe></Item><Item><Paragraphe>Vous avez besoin de l'assistance d'une tierce personne, car votre incapacité vous empêche d'accomplir seul <MiseEnEvidence>au moins 3</MiseEnEvidence> actes ordinaires de la vie courante (ou si des troubles neuropsychiques présentent un danger pour vous ou autrui)</Paragraphe></Item></Liste><Paragraphe>C'est le médecin-conseil de l'organisme de Sécurité sociale dont vous dépendez (CPAM ou MSA) qui détermine d'après une grille d'appréciation de 10 actes ordinaires de la vie courante, si vous avez besoin de l'assistance d'une tierce personne.</Paragraphe><Paragraphe>Cette grille lui permet d'évaluer si vous pouvez ou pas effectuer les actes suivants <MiseEnEvidence>seul</MiseEnEvidence> :</Paragraphe><Liste type="puce"><Item><Paragraphe>Vous lever et vous coucher</Paragraphe></Item><Item><Paragraphe>Vous lever d'un siège et vous y asseoir</Paragraphe></Item><Item><Paragraphe>Vous déplacer dans votre logement, y compris en fauteuil roulant</Paragraphe></Item><Item><Paragraphe>Vous installer dans votre fauteuil roulant et en sortir</Paragraphe></Item><Item><Paragraphe>Vous relever en cas de chute</Paragraphe></Item><Item><Paragraphe>Quitter votre logement en cas de danger</Paragraphe></Item><Item><Paragraphe>Vous habiller et vous déshabiller totalement</Paragraphe></Item><Item><Paragraphe>Manger et boire</Paragraphe></Item><Item><Paragraphe>Aller uriner et aller à la selle sans aide</Paragraphe></Item><Item><Paragraphe>Mettre votre appareil orthopédique (si nécessaire)</Paragraphe></Item></Liste><Paragraphe>Le médecin-conseil détermine le nombre d'actes pour lesquels vous avez besoin d'une assistance.</Paragraphe></Chapitre><Chapitre><Titre><Paragraphe>Une demande est-elle à faire pour bénéficier de la PCRTP ?</Paragraphe></Titre><SousChapitre><Titre><Paragraphe>Cas général</Paragraphe></Titre><Paragraphe>En principe, <MiseEnEvidence>vous n'avez pas de démarche à faire</MiseEnEvidence>. C'est la CPAM ou la MSA qui détermine directement si vous avez droit à la PCRTP.</Paragraphe></SousChapitre><SousChapitre><Titre><Paragraphe>Si vous percevez la majoration pour tierce personne (MTP)</Paragraphe></Titre><Paragraphe>Si vous aviez déjà droit à la <LienInterne LienPublication="F31434" type="Fiche d'information conditionnée" audience="Particuliers">majoration pour tierce personne (MTP)</LienInterne> à la date du 28 février 2013, et que vous la percevez encore, vous pouvez opter pour la PCRTP.</Paragraphe><BlocCas affichage="radio"><Cas><Titre>Vous dépendez de la CPAM</Titre><Paragraphe>Vous pouvez lui adresser votre demande, <MiseEnEvidence>à tout moment</MiseEnEvidence>.</Paragraphe><OuSAdresser ID="R40" sve="non" type="Local personnalisé sur SP"><Titre>Caisse primaire d'assurance maladie (CPAM)</Titre><PivotLocal>cpam</PivotLocal><RessourceWeb URL="https://www.ameli.fr/assure/adresses-et-contacts"/><Source ID="R30675">Caisse nationale d'assurance maladie (Cnam)</Source></OuSAdresser></Cas><Cas><Titre>Vous dépendez de la MSA</Titre><Paragraphe>Vous pouvez lui adresser votre demande, <MiseEnEvidence>à tout moment</MiseEnEvidence>.</Paragraphe><OuSAdresser ID="R39" sve="non" type="Local personnalisé sur SP"><Titre>Mutualité sociale agricole (MSA)</Titre><PivotLocal>msa</PivotLocal><RessourceWeb URL="https://www.msa.fr/lfy/web/msa/contact/coordonnees-msa"/><Source ID="R30660">Caisse centrale de la mutualité sociale agricole (MSA)</Source></OuSAdresser></Cas></BlocCas><Paragraphe>Le mode de calcul de la PCRTP étant différent de celui de la MTP, la CPAM ou la MSA réserve sa décision en fonction des montants obtenus, dans les conditions suivantes :</Paragraphe><Liste type="puce"><Item><Paragraphe>Si le montant de la PCRTP auquel vous avez droit est inférieur ou égal à celui de la MTP que vous percevez, vous conservez la MTP.</Paragraphe></Item><Item><Paragraphe>Si le montant de la PCRTP calculé est supérieur à la MTP, vous percevez la PCRTP à la place de la MTP.</Paragraphe></Item></Liste><Paragraphe>Vous pouvez contester la décision de votre organisme de Sécurité sociale dans un délai de<MiseEnEvidence> 30 jours à compter de la date de réception</MiseEnEvidence>.</Paragraphe><Paragraphe>La date d'ouverture du droit à la PCRTP est le 1<Exposant>er</Exposant> jour du mois du dépôt de la demande.</Paragraphe></SousChapitre></Chapitre><Chapitre><Titre><Paragraphe>Quel est le montant de la PCRTP ?</Paragraphe></Titre><Paragraphe>Le montant de votre PCRTP varie en fonction du nombre d'actes ordinaires de la vie courante que vous ne pouvez pas accomplir seul, dans les conditions suivantes :</Paragraphe><Tableau><Titre>Montant de la prestation complémentaire versé en fonction de vos besoins d'assistance</Titre><Colonne largeur="47" type="normal"/><Colonne largeur="47" type="normal"/><Rangée type="header"><Cellule><Paragraphe>Nombre d'actes nécessitant l'assistance d'une tierce personne</Paragraphe></Cellule><Cellule><Paragraphe>Montant de la prestation complémentaire</Paragraphe></Cellule></Rangée><Rangée type="normal"><Cellule><Paragraphe>3 ou 4</Paragraphe></Cellule><Cellule><Paragraphe><Valeur>605,41</Valeur></Paragraphe></Cellule></Rangée><Rangée type="normal"><Cellule><Paragraphe>5 ou 6</Paragraphe></Cellule><Cellule><Paragraphe><Valeur>1 210,86</Valeur></Paragraphe></Cellule></Rangée><Rangée type="normal"><Cellule><Paragraphe>Au moins 7 (ou en cas troubles neuropsychiques présentant un danger pour vous ou pour autrui)</Paragraphe></Cellule><Cellule><Paragraphe><Valeur>1 816,31</Valeur></Paragraphe></Cellule></Rangée></Tableau></Chapitre><Chapitre><Titre><Paragraphe>Versement de la PCRTP : quelles sont les règles ?</Paragraphe></Titre><SousChapitre><Titre><Paragraphe>Date du 1er versement</Paragraphe></Titre><Paragraphe>Le 1er versement de la PCRTP prend effet, selon les cas suivants  :</Paragraphe><Liste type="puce"><Item><Paragraphe>À la même date que la rente (si elle est attribuée simultanément)</Paragraphe></Item><Item><Paragraphe>À la date de révision de la rente (lorsqu'elle est attribuée à l'occasion d'une modification de votre taux d'incapacité permanente)</Paragraphe></Item><Item><Paragraphe>À compter du jour de la constatation, par le médecin de la victime, de l'incapacité à accomplir les actes ordinaires de la vie</Paragraphe></Item><Item><Paragraphe>À la date du dépôt de la demande de prestation, si l'incapacité est constatée par le médecin-conseil, sans examen préalable par le médecin de la victime</Paragraphe></Item></Liste><Paragraphe>Si la PCRTP est due en cours de mois, son montant est calculé de façon proportionnelle.</Paragraphe><Paragraphe>La PCRTP est versée par la <LienInterne LienPublication="R15469" type="Sigle">CPAM</LienInterne>.</Paragraphe></SousChapitre><SousChapitre><Titre><Paragraphe>Changement du montant</Paragraphe></Titre><Paragraphe>Si le nombre d'actes que vous ne pouvez accomplir seul augmente ou diminue, la PCRTP peut être révisée à la baisse ou à la hausse.</Paragraphe><Paragraphe>En cas de baisse, le nouveau montant de la prestation prend effet à partir du 1<Exposant>er</Exposant> jour du mois qui suit celui au cours duquel vous avez été informé de cette décision (par tout moyen permettant de déterminer la date de réception de la notification de la caisse).</Paragraphe><Paragraphe>En cas de hausse, le nouveau montant de la prestation prend effet à une des dates suivantes :</Paragraphe><Liste type="puce"><Item><Paragraphe>À la date de notification de la rente révisée</Paragraphe></Item><Item><Paragraphe>Après constat par votre médecin de l'augmentation du besoin en tierce personne, à la date du certificat médical</Paragraphe></Item><Item><Paragraphe>Après examen par le médecin-conseil, à la date du dépôt de la demande de majoration de PCRTP</Paragraphe></Item></Liste></SousChapitre><SousChapitre><Titre><Paragraphe>Suspension du versement</Paragraphe></Titre><Paragraphe>Si vous êtes hospitalisé, votre PCRTP est versée jusqu'au dernier jour du <LienIntra LienID="R56113" type="Définition de glossaire">mois civil</LienIntra> suivant celui au cours duquel vous avez été hospitalisé. Le versement de la prestation est suspendu jusqu'à la date de sortie de l'hôpital.</Paragraphe></SousChapitre><SousChapitre><Titre><Paragraphe>Date de fin du versement</Paragraphe></Titre><Paragraphe>Si vous ne remplissez plus les conditions d'attribution, votre PCRTP n'est plus versée à compter du 1<Exposant>er</Exposant> jour du mois qui suit celui au cours duquel vous êtes informé de cette décision.</Paragraphe></SousChapitre></Chapitre></Texte><VoirAussi important="non"><Fiche ID="F31434" audience="Particuliers"><Titre>Pension d'invalidité : majoration pour tierce personne (MTP)</Titre><Theme ID="N19811"><Titre>Social - Santé</Titre></Theme></Fiche></VoirAussi><QuiPeutMAider ID="R40" sve="non" type="Local personnalisé sur SP"><Titre>Caisse primaire d'assurance maladie (CPAM)</Titre><Complement>Si vous dépendez du régime général</Complement><PivotLocal>cpam</PivotLocal><RessourceWeb URL="https://www.ameli.fr/assure/adresses-et-contacts"/><Source ID="R30675">Caisse nationale d'assurance maladie (Cnam)</Source></QuiPeutMAider><QuiPeutMAider ID="R11156" sve="non" type="Local personnalisable"><Titre>Caisse régionale d'assurance maladie d'Île-de-France (Cramif)</Titre><Complement>Pour tout renseignement complémentaire, si vous résidez dans un département d'Ile-de-France, à l'exception de la Seine-et-Marne</Complement><PivotLocal>cramif</PivotLocal><RessourceWeb URL="https://www.cramif.fr/"/></QuiPeutMAider><QuiPeutMAider ID="R39" sve="non" type="Local personnalisé sur SP"><Titre>Mutualité sociale agricole (MSA)</Titre><Complement>Si vous dépendez du régime agricole</Complement><PivotLocal>msa</PivotLocal><RessourceWeb URL="https://www.msa.fr/lfy/web/msa/contact/coordonnees-msa"/><Source ID="R30660">Caisse centrale de la mutualité sociale agricole (MSA)</Source></QuiPeutMAider><Reference type="Texte de référence" URL="https://www.legifrance.gouv.fr/codes/id/LEGISCTA000006172662" ID="R36761"><Titre>Code de la sécurité sociale : articles L434-1 à L434-6</Titre><Complement>Bénéficiaires</Complement></Reference><Reference type="Texte de référence" URL="https://www.legifrance.gouv.fr/codes/article_lc/LEGIARTI000027266930" ID="R36762"><Titre>Code de la sécurité sociale : article R434-34-1</Titre><Complement>Versement</Complement></Reference><Reference type="Texte de référence" URL="https://www.legifrance.gouv.fr/codes/id/LEGISCTA000006172216/" ID="R36763"><Titre>Code de la sécurité sociale : articles D434-1 à D434-3</Titre><Complement>Actes nécessitant une assistance, montant de la PCRTP, bénéficiaire de la majoration pour tierce personne (MTP)</Complement></Reference><Reference type="Texte de référence" URL="http://circulaire.legifrance.gouv.fr/pdf/2013/06/cir_37105.pdf" ID="R34247" format="application/pdf" poids="63.2 KB"><Titre>Circulaire du 12 juin 2013 relative aux modalités de mise en œuvre de la prestation complémentaire pour recours à tierce personne</Titre></Reference><Definition ID="R56113"><Titre>Mois civil</Titre><Texte><Paragraphe>Janvier, février, mars, etc. (à la différence d'une durée d'un mois de date à date)</Paragraphe></Texte></Definition><Abreviation ID="R15469" type="Sigle"><Titre>CPAM</Titre><Texte><Paragraphe>Caisse primaire d'assurance maladie</Paragraphe></Texte></Abreviation><QuestionReponse ID="F11678" audience="Particuliers"><Titre>L'allocation personnalisée d'autonomie (Apa) est-elle versée sous conditions de ressources ?</Titre></QuestionReponse></Publication>