<?xml version="1.0" encoding="UTF-8"?><Publication xmlns:dc="http://purl.org/dc/elements/1.1/" xmlns:xsi="http://www.w3.org/2001/XMLSchema-instance" ID="F31633" type="Fiche Question-réponse conditionnée" xsi:noNamespaceSchemaLocation="../Schemas/3.4/Publication.xsd" spUrl="https://www.service-public.fr/particuliers/vosdroits/F31633" profilsPro="tout"><dc:title>Comment saisir le médiateur de l'apprentissage ?</dc:title><dc:creator>Direction de l'information légale et administrative</dc:creator><dc:subject>Travail - Formation, Ressources humaines</dc:subject><dc:description>Le médiateur, qui recherche des solutions aux litiges concernant le contrat d'apprentissage, peut être saisi par l'employeur, par le CFA ou par l'apprenti.</dc:description><dc:publisher>Direction de l'information légale et administrative</dc:publisher><dc:contributor>Direction de l'information légale et administrative (Premier ministre)</dc:contributor><dc:date>modified 2023-12-18</dc:date><dc:type>Question-réponse</dc:type><dc:format>text/xml</dc:format><dc:identifier>F31633</dc:identifier><dc:source>https://www.legifrance.gouv.fr/codes/id/LEGISCTA000006189855/, https://www.legifrance.gouv.fr/codes/id/LEGISCTA000006195912/, https://www.legifrance.gouv.fr/codes/id/LEGIARTI000041771333/, https://www.legifrance.gouv.fr/codes/article_lc/LEGIARTI000041824968</dc:source><dc:language>Fr</dc:language><dc:relation>isPartOf N11240</dc:relation><dc:coverage>France entière</dc:coverage><dc:rights>https://www.service-public.fr/a-propos/mentions-legales</dc:rights><SurTitre>Question-réponse</SurTitre><Audience>Particuliers</Audience><Audience>Professionnels</Audience><Canal>www.service-public.fr</Canal><FilDAriane><Niveau ID="Particuliers">Accueil particuliers</Niveau><Niveau ID="N19806">Travail - Formation</Niveau><Niveau ID="N11240">Alternance</Niveau><Niveau ID="F31633" type="Fiche Question-réponse conditionnée">Comment saisir le médiateur de l'apprentissage ?</Niveau></FilDAriane><Theme ID="N19806"><Titre>Travail - Formation</Titre></Theme><SousThemePere ID="N19962">Contrats et carrière</SousThemePere><DossierPere ID="N11240"><Titre>Alternance</Titre><Fiche ID="F2918">Contrat d'apprentissage</Fiche><Fiche ID="F15478">Contrat de professionnalisation</Fiche></DossierPere><Introduction><Texte><Paragraphe>Si un <MiseEnEvidence>litige</MiseEnEvidence> existe entre un <MiseEnEvidence>employeur</MiseEnEvidence> et son <MiseEnEvidence>apprenti</MiseEnEvidence>, le <MiseEnEvidence>médiateur de l'apprentissage</MiseEnEvidence> accompagne les parties pour trouver <MiseEnEvidence>à l'amiable</MiseEnEvidence> une <MiseEnEvidence>solution</MiseEnEvidence> à leur problème.</Paragraphe><Paragraphe>Dans quelles situations peut-on saisir le médiateur de l'apprentissage ? Qui peut saisir le médiateur de l'apprentissage ? Ou trouver les coordonnées du médiateur de l'apprentissage ? Quel est le coût de la procédure ? Nous faisons un point sur la réglementation.</Paragraphe></Texte></Introduction><Questionnaire><Question><Titre><Paragraphe>L'apprenti est-il mineur ou majeur ?</Paragraphe></Titre><Choix><Titre><Paragraphe>Majeur</Paragraphe></Titre><IntituleSiSelectionne><Paragraphe>Il est majeur</Paragraphe></IntituleSiSelectionne><SiSelectionne><affecteVrai var="T10043"/><affecteFaux var="T10032"/></SiSelectionne></Choix><Choix><Titre><Paragraphe>Mineur</Paragraphe></Titre><IntituleSiSelectionne><Paragraphe>Il est mineur</Paragraphe></IntituleSiSelectionne><SiSelectionne><affecteVrai var="T10032"/><affecteFaux var="T10043"/></SiSelectionne></Choix></Question><Question><Titre><Paragraphe>L'apprenti dépend de quel secteur d'activité ?</Paragraphe></Titre><Choix><Titre><Paragraphe>Commerce et industrie</Paragraphe></Titre><IntituleSiSelectionne><Paragraphe>L'apprenti dépend du commerce et de l'industrie</Paragraphe></IntituleSiSelectionne><SiSelectionne><affecteVrai var="T12518"/><affecteFaux var="T12519"/><affecteFaux var="T12520"/><affecteFaux var="T14730"/></SiSelectionne></Choix><Choix><Titre><Paragraphe>Artisanat</Paragraphe></Titre><IntituleSiSelectionne><Paragraphe>L'apprenti dépend de l'artisanat</Paragraphe></IntituleSiSelectionne><SiSelectionne><affecteVrai var="T12519"/><affecteFaux var="T12518"/><affecteFaux var="T12520"/><affecteFaux var="T14730"/></SiSelectionne></Choix><Choix><Titre><Paragraphe>Agriculture</Paragraphe></Titre><IntituleSiSelectionne><Paragraphe>L'apprenti dépend de l'agriculture</Paragraphe></IntituleSiSelectionne><SiSelectionne><affecteVrai var="T12520"/><affecteFaux var="T12518"/><affecteFaux var="T12519"/><affecteFaux var="T14730"/></SiSelectionne></Choix><Choix><Titre><Paragraphe>Secteur public</Paragraphe></Titre><IntituleSiSelectionne><Paragraphe>L'apprenti dépend du secteur public</Paragraphe></IntituleSiSelectionne><SiSelectionne><affecteVrai var="T14730"/><affecteFaux var="T12518"/><affecteFaux var="T12519"/><affecteFaux var="T12520"/></SiSelectionne></Choix></Question></Questionnaire><Texte><Chapitre><Titre><Paragraphe>Quel est le rôle du médiateur de l'apprentissage ?</Paragraphe></Titre><Paragraphe>Le médiateur de l'apprentissage est un interlocuteur qui est compétent en cas de litige portant sur le <LienInterne LienPublication="F2918" type="Fiche d'information conditionnée" audience="Particuliers">contrat d'apprentissage</LienInterne>.</Paragraphe><Paragraphe>Il accompagne les parties à trouver à l'amiable une solution à leur problème.</Paragraphe><Attention><Titre>Attention</Titre><Paragraphe>Le médiateur de l'apprentissage ne prend pas de décision sur le conflit. Il a un devoir de neutralité.</Paragraphe></Attention></Chapitre><Chapitre><Titre><Paragraphe>Dans quelles situations peut-on saisir le médiateur de l'apprentissage ?</Paragraphe></Titre><Paragraphe>Le médiateur de l'apprentissage peut être saisi, notamment, dans les cas suivants :</Paragraphe><Liste type="puce"><Item><Paragraphe>Rupture par l'apprenti son <LienInterne LienPublication="F2918" type="Fiche d'information conditionnée" audience="Particuliers">contrat d'apprentissage</LienInterne> après les 45 premiers jours de formation pratique en entreprise</Paragraphe></Item><Item><Paragraphe>Accompagnement des parties à trouver <MiseEnEvidence>à l'amiable</MiseEnEvidence> une <MiseEnEvidence>solution</MiseEnEvidence> à leur litige en cours de contrat</Paragraphe></Item></Liste><BlocCas affichage="radio"><Cas><Titre>Rupture du contrat de travail à l'initiative de l'apprenti après les 45 premiers jours de formation pratique en entreprise</Titre><Paragraphe>Pour rompre son contrat, l'apprenti doit saisir le <MiseEnEvidence>médiateur</MiseEnEvidence>. Il en informe ensuite son employeur après un délai minimal de 5 <LienIntra LienID="R1092" type="Définition de glossaire">jours calendaires</LienIntra>.</Paragraphe><Paragraphe>La rupture du contrat a lieu après un délai minimal de 7 jours calendaires après information de l'employeur.</Paragraphe></Cas><Cas><Titre>Conditions d'exécution du contrat de travail</Titre><Paragraphe>Le médiateur de l'apprentissage peut être saisi <MiseEnEvidence>à tout moment</MiseEnEvidence> lorsque le litige porte sur les conditions d’exécution du contrat de travail, comme par exemple :</Paragraphe><Liste type="puce"><Item><Paragraphe>Conditions de travail dans l'entreprise</Paragraphe></Item><Item><Paragraphe>Durée du travail</Paragraphe></Item><Item><Paragraphe>Rémunération</Paragraphe></Item><Item><Paragraphe>Congés payés</Paragraphe></Item></Liste></Cas></BlocCas><ASavoir><Titre>À savoir</Titre><Paragraphe>Le médiateur n'est pas compétent pour les questions d'ordre pédagogique (contenu des formations théoriques et pratiques par exemple).</Paragraphe></ASavoir></Chapitre><Chapitre><Titre><Paragraphe>Qui peut saisir le médiateur de l'apprentissage ?</Paragraphe></Titre><Paragraphe>Le médiateur de l'apprentissage peut être saisi par l'employeur et l'apprenti.</Paragraphe><Paragraphe>En fonction de son âge, l'apprenti ou son représentant légal peut saisir le médiateur de l'apprentissage.</Paragraphe><BlocCas affichage="radio"><Cas><Titre>L'apprenti est majeur</Titre><Condition><estVrai var="T10043"/></Condition><Paragraphe>L'apprenti peut saisir le médiateur de l'apprentissage.</Paragraphe></Cas><Cas><Titre>L'apprenti est mineur</Titre><Condition><estVrai var="T10032"/></Condition><Paragraphe>C'est le <LienIntra LienID="R52001" type="Définition de glossaire">responsable légal</LienIntra> de l'apprenti qui doit saisir le médiateur de l'apprentissage.</Paragraphe></Cas></BlocCas><ASavoir><Titre>À savoir</Titre><Paragraphe>Le médiateur peut également être saisi par le <LienInterne LienPublication="R57110" type="Sigle">CFA</LienInterne>.</Paragraphe></ASavoir></Chapitre><Chapitre><Titre><Paragraphe>Comment saisit-on le médiateur de l'apprentissage ?</Paragraphe></Titre><FragmentConditionne><Condition><estVrai var="T10010"/></Condition><Paragraphe>Le médiateur de l'apprentissage à saisir dépend de l'activité de l'entreprise. Il est désigné par la chambre consulaire.</Paragraphe></FragmentConditionne><BlocCas affichage="radio"><Cas><Titre>Commerce - industrie</Titre><Condition><estVrai var="T12518"/></Condition><FragmentConditionne><Condition><estVrai var="T12518"/></Condition><Paragraphe>Il faut saisir la chambre de commerce et d'industrie.</Paragraphe><OuSAdresser ID="R36" sve="non" type="Local personnalisé sur SP"><Titre>Chambre de commerce et d'industrie (CCI)</Titre><PivotLocal>cci</PivotLocal><RessourceWeb URL="http://www.cci.fr/web/organisation-du-reseau/annuaire"/><Source ID="R30752">CCI France</Source></OuSAdresser></FragmentConditionne></Cas><Cas><Titre>Artisanat</Titre><Condition><estVrai var="T12519"/></Condition><FragmentConditionne><Condition><estVrai var="T12519"/></Condition><Paragraphe>Il faut saisir la chambre des métiers et de l'artisanat.</Paragraphe><OuSAdresser ID="R37" sve="non" type="Local"><Titre>Chambre de métiers et de l'artisanat (CMA)</Titre><RessourceWeb URL="https://www.artisanat.fr/reseau-des-cma/un-reseau-de-proximite/annuaire-des-cma"/><Source ID="R57044">Chambre des métiers et de l'artisanat (CMA)</Source></OuSAdresser></FragmentConditionne></Cas><Cas><Titre>Agriculture</Titre><Condition><estVrai var="T12520"/></Condition><FragmentConditionne><Condition><estVrai var="T12520"/></Condition><Paragraphe>Il faut saisir la chambre d'agriculture.</Paragraphe><OuSAdresser ID="R35" sve="non" type="Local personnalisé sur SP"><Titre>Chambre d'agriculture</Titre><PivotLocal>chambre_agriculture</PivotLocal><RessourceWeb URL="https://chambres-agriculture.fr/chambres-dagriculture/nous-connaitre/lannuaire-des-chambres-dagriculture/"/><Source ID="R30771">Assemblée permanente des chambres d'agriculture (APCA)</Source></OuSAdresser></FragmentConditionne></Cas><Cas><Titre>Secteur public</Titre><Condition><estVrai var="T14730"/></Condition><FragmentConditionne><Condition><estVrai var="T14730"/></Condition><Paragraphe>Un service est chargé de la médiation pour les apprentis du secteur public non industriel et non commercial.</Paragraphe><Paragraphe>Dans certains ministères des médiateurs ont été nommés. Sinon, la médiation est assurée par le service des ressources humaines de proximité dont relève l'apprenti.</Paragraphe></FragmentConditionne></Cas></BlocCas></Chapitre><Chapitre><Titre><Paragraphe>Comment se déroule la procédure avec le médiateur de l'apprentissage ?</Paragraphe></Titre><Paragraphe>Le médiateur doit permettre la mise en place d'un entretien de médiation entre un apprenti et son employeur.</Paragraphe><Paragraphe>Il cherche à favoriser la résolution du conflit entre les 2 parties en mettant en place un accord commun. Cet accord est formalisé par écrit.</Paragraphe><Paragraphe>La présence d'un <MiseEnEvidence>avocat</MiseEnEvidence> n'est pas obligatoire.</Paragraphe><Attention><Titre>Attention</Titre><Paragraphe>le médiateur de l'apprentissage ne prend pas de décision sur le conflit. Il a un devoir de neutralité.</Paragraphe></Attention><Paragraphe>La médiation <MiseEnEvidence>est une étape obligatoire</MiseEnEvidence> en cas de rupture du contrat à l'initiative de l'apprenti <MiseEnEvidence>après les 45 premiers jours</MiseEnEvidence> de formation pratique dans l'entreprise.</Paragraphe></Chapitre><Chapitre><Titre><Paragraphe>Quel est le coût de la procédure pour saisir le médiateur de l'apprentissage ?</Paragraphe></Titre><Paragraphe>La procédure est gratuite.</Paragraphe></Chapitre><Chapitre><Titre><Paragraphe>Que faire si aucun accord n'est trouvé après avoir saisi le médiateur de l'apprentissage ?</Paragraphe></Titre><Paragraphe>Si la médiation ne permet pas d'obtenir un accord des parties, le contrat de travail se poursuit.</Paragraphe><Paragraphe>Si le litige persiste, elles pourront saisir le <LienInterne LienPublication="F2360" type="Fiche d'information conditionnée" audience="Particuliers">conseil des prud'hommes</LienInterne>.</Paragraphe></Chapitre></Texte><VoirAussi important="non"><Fiche ID="F2918" audience="Particuliers"><Titre>Contrat d'apprentissage</Titre><Theme ID="N19806"><Titre>Travail - Formation</Titre></Theme></Fiche></VoirAussi><QuiPeutMAider ID="R65328" sve="non" type="National" principal="true"><Titre>Service public d'accompagnement des TPE-PME</Titre><Texte><Paragraphe>TPE &amp; PME, vous avez un projet, une difficulté, une question du quotidien ?</Paragraphe><Paragraphe>Vous êtes rappelé(e) par <MiseEnEvidence>LE conseiller</MiseEnEvidence> qui peut vous aider dans les 5 jours (délai moyen de prise en charge).</Paragraphe><Paragraphe><LienExterne URL="https://place-des-entreprises.beta.gouv.fr/?mtm_campaign=entreprendre">Accéder au service</LienExterne></Paragraphe></Texte></QuiPeutMAider><QuiPeutMAider ID="R36" sve="non" type="Local personnalisé sur SP"><Titre>Chambre de commerce et d'industrie (CCI)</Titre><Complement>Pour saisir le médiateur quand l'employeur est une entreprise commerciale ou industrielle</Complement><PivotLocal>cci</PivotLocal><RessourceWeb URL="http://www.cci.fr/web/organisation-du-reseau/annuaire"/><Source ID="R30752">CCI France</Source></QuiPeutMAider><QuiPeutMAider ID="R35" sve="non" type="Local personnalisé sur SP"><Titre>Chambre d'agriculture</Titre><Complement>Pour saisir le médiateur quand l'employeur est une entreprise agricole</Complement><PivotLocal>chambre_agriculture</PivotLocal><RessourceWeb URL="https://chambres-agriculture.fr/chambres-dagriculture/nous-connaitre/lannuaire-des-chambres-dagriculture/"/><Source ID="R30771">Assemblée permanente des chambres d'agriculture (APCA)</Source></QuiPeutMAider><QuiPeutMAider ID="R37" sve="non" type="Local"><Titre>Chambre de métiers et de l'artisanat (CMA)</Titre><Complement>Pour saisir le médiateur quand l'employeur est une entreprise artisanale</Complement><RessourceWeb URL="https://www.artisanat.fr/reseau-des-cma/un-reseau-de-proximite/annuaire-des-cma"/><Source ID="R57044">Chambre des métiers et de l'artisanat (CMA)</Source></QuiPeutMAider><Reference type="Texte de référence" URL="https://www.legifrance.gouv.fr/codes/id/LEGISCTA000006189855/" ID="R32902"><Titre>Code du travail : article L6222-39</Titre><Complement>Médiateur consulaire</Complement></Reference><Reference type="Texte de référence" URL="https://www.legifrance.gouv.fr/codes/id/LEGISCTA000006195912/" ID="R17602"><Titre>Code du travail : articles L6222-18 à L6222-22</Titre><Complement>Cas autorisant la rupture du contrat d'apprentissage</Complement></Reference><Reference type="Texte de référence" URL="https://www.legifrance.gouv.fr/codes/id/LEGIARTI000041771333/" ID="R52545"><Titre>Code du travail : articles R6222-21 à R6222-23</Titre><Complement>Procédure de rupture du contrat d'apprentissage</Complement></Reference><Reference type="Texte de référence" URL="https://www.legifrance.gouv.fr/codes/article_lc/LEGIARTI000041824968" ID="R56415"><Titre>Code du travail : article D6274-1</Titre><Complement>Désignation d'un médiateur dans le secteur public</Complement></Reference><PourEnSavoirPlus type="Information pratique" ID="R49127" URL="http://www.cidj.com/le-contrat-d-apprentissage/contrat-d-apprentissage-que-faire-en-cas-de-litige" audience="Particuliers"><Titre>Contrat d'apprentissage : que faire en cas de litige ?</Titre><Source ID="R30855">Centre d'information et de documentation jeunesse (CIDJ)</Source></PourEnSavoirPlus><Definition ID="R1092"><Titre>Jour calendaire</Titre><Texte><Paragraphe>Correspond à la totalité des jours du calendrier de l'année civile, du 1<Exposant>er</Exposant> janvier au 31 décembre, y compris les jours fériés ou chômés</Paragraphe></Texte></Definition><Definition ID="R52001"><Titre>Responsable légal d'un enfant</Titre><Texte><Paragraphe>Personne qui exerce l'autorité parentale : père, mère ou tuteur</Paragraphe></Texte></Definition><Abreviation ID="R57110" type="Sigle"><Titre>CFA</Titre><Texte><Paragraphe>Centre de formation des apprentis</Paragraphe></Texte></Abreviation></Publication>