<?xml version="1.0" encoding="UTF-8"?><Publication xmlns:dc="http://purl.org/dc/elements/1.1/" xmlns:xsi="http://www.w3.org/2001/XMLSchema-instance" ID="F31699" type="Fiche d'information conditionnée" xsi:noNamespaceSchemaLocation="../Schemas/3.4/Publication.xsd" dateDerniereModificationImportante="2016-09-08T00:00:00" spUrl="https://www.service-public.fr/particuliers/vosdroits/F31699"><dc:title>Bail d'habitation : travaux à la charge du propriétaire (bailleur)</dc:title><dc:creator>Direction de l'information légale et administrative</dc:creator><dc:subject>Logement</dc:subject><dc:description>Vous voulez connaître les travaux qui sont à la charge du propriétaire ? Vous êtes propriétaire et vous voulez savoir comment faire des travaux chez le locataire durant le bail ? Vous êtes locataire et vous voulez que le propriétaire intervienne chez vous pour faire les travaux qui sont à sa charge ? Nous vous présentons les informations à connaître.</dc:description><dc:publisher>Direction de l'information légale et administrative</dc:publisher><dc:contributor>Direction de l'information légale et administrative (Premier ministre)</dc:contributor><dc:date>modified 2023-07-10</dc:date><dc:type>Fiche pratique</dc:type><dc:format>text/xml</dc:format><dc:identifier>F31699</dc:identifier><dc:source>https://www.legifrance.gouv.fr/loda/article_lc/LEGIARTI000037670751/, https://www.legifrance.gouv.fr/loda/article_lc/LEGIARTI000038834730/, https://www.legifrance.gouv.fr/codes/article_lc/LEGIARTI000006443127/, https://www.legifrance.gouv.fr/codes/section_lc/LEGITEXT000006070721/LEGISCTA000006150285/, https://www.legifrance.gouv.fr/loda/id/JORFTEXT000000217471/, https://www.legifrance.gouv.fr/loda/id/JORFTEXT000033166515, http://questions.assemblee-nationale.fr/q15/15-7421QE.htm, https://www.legifrance.gouv.fr/loda/id/JORFTEXT000046070447/</dc:source><dc:language>Fr</dc:language><dc:relation>isPartOf N31059</dc:relation><dc:coverage>France entière</dc:coverage><dc:rights>https://www.service-public.fr/a-propos/mentions-legales</dc:rights><SurTitre>Fiche pratique</SurTitre><Audience>Particuliers</Audience><Canal>www.service-public.fr</Canal><FilDAriane><Niveau ID="Particuliers">Accueil particuliers</Niveau><Niveau ID="N19808">Logement</Niveau><Niveau ID="N31059">Location immobilière : obligations du propriétaire (bailleur)</Niveau><Niveau ID="F31699" type="Fiche d'information conditionnée">Bail d'habitation : travaux à la charge du propriétaire (bailleur)</Niveau></FilDAriane><Theme ID="N19808"><Titre>Logement</Titre></Theme><SousThemePere ID="N289">Location immobilière</SousThemePere><DossierPere ID="N31059"><Titre>Location immobilière : obligations du propriétaire (bailleur)</Titre><Fiche ID="F2042">Logement décent</Fiche><Fiche ID="F2066">Documents et informations obligatoires</Fiche><Fiche ID="F31699">Travaux</Fiche></DossierPere><Introduction><Texte><Paragraphe>Vous voulez connaître les travaux qui sont à la charge du propriétaire ? Vous êtes propriétaire et vous voulez savoir comment faire des travaux chez le locataire durant le bail ? Vous êtes locataire et vous voulez que le propriétaire intervienne chez vous pour faire les travaux qui sont à sa charge ? Nous vous présentons les informations à connaître.</Paragraphe></Texte></Introduction><ListeSituations affichage="onglet"><Situation><Titre>À la mise en location</Titre><Texte><Paragraphe>Le propriétaire doit proposer à la location un logement <Expression>en bon état</Expression>.</Paragraphe><Paragraphe>Si ce n'est pas le cas, le propriétaire et son futur locataire peuvent convenir, dans certains cas, que le locataire le remette en état, aux frais du propriétaire.</Paragraphe><Chapitre><Titre><Paragraphe>Qu'est-ce qu'un logement en bon état ?</Paragraphe></Titre><Paragraphe>Le propriétaire doit délivrer au locataire un <LienInterne LienPublication="F2042" type="Fiche d'information conditionnée" audience="Particuliers">logement décent</LienInterne>, c'est-à-dire un logement qui respecte tous les critères suivants :</Paragraphe><Liste type="puce"><Item><Paragraphe>Être d'une surface minimum</Paragraphe></Item><Item><Paragraphe>Comporter au minimum certains éléments d'équipement et de confort (installation électrique, d'évacuation des eaux usées...)</Paragraphe></Item><Item><Paragraphe>Respecter un critère de performance énergétique</Paragraphe></Item><Item><Paragraphe>Ne pas comporter de risques pour la santé et la sécurité du locataire</Paragraphe></Item><Item><Paragraphe>Ne pas être infesté par des nuisibles (par exemple, des rats) ou des parasites (par exemple, des puces de lit, des cafards)</Paragraphe></Item></Liste><Paragraphe>Les équipements du logement doivent être en bon état de fonctionnement.</Paragraphe></Chapitre><Chapitre><Titre><Paragraphe>Le locataire peut-il être chargé de la remise en état du logement ?</Paragraphe></Titre><Paragraphe>Lorsque le logement n'est pas en bon état d'usage à l'entrée dans les lieux du locataire, le propriétaire et le locataire <MiseEnEvidence>peuvent</MiseEnEvidence> convenir ensemble que le locataire se charge des travaux ou réparations nécessaires à sa remise en état (aux frais du propriétaire).</Paragraphe><Paragraphe>Pour cela, le bail doit contenir une <Expression>clause travaux</Expression>.</Paragraphe><Paragraphe>Cette clause doit contenir toutes les informations suivantes :</Paragraphe><Liste type="puce"><Item><Paragraphe>Nature des travaux que le locataire fait ou fait faire</Paragraphe></Item><Item><Paragraphe>Manière dont le montant des travaux sera déduit du loyer</Paragraphe></Item><Item><Paragraphe>Durée de cette réduction temporaire du loyer</Paragraphe></Item><Item><Paragraphe>En cas de départ anticipé du locataire, façon dont il sera dédommagé des dépenses qu'il a faites. Pour cela, le locataire doit apporter au propriétaire la preuve des dépenses qu'il a faites.</Paragraphe></Item></Liste><Attention><Titre>Attention</Titre><Paragraphe>Ces travaux ou réparations faites par le locataire dans le cadre de la <Expression>clause travaux</Expression> ne doivent pas être liés à la décence du logement.</Paragraphe></Attention></Chapitre></Texte></Situation><Situation><Titre>Durant le bail</Titre><Texte><Chapitre><Titre><Paragraphe>Quels travaux sont à la charge du propriétaire ?</Paragraphe></Titre><Paragraphe>Durant toute la durée du bail, le propriétaire doit faire tous les travaux qui ne sont pas à la charge du locataire, c'est-à-dire tous les travaux qui ne sont pas des <LienInterne LienPublication="F31697" type="Fiche d'information conditionnée" audience="Particuliers">réparations locatives</LienInterne>.</Paragraphe><Paragraphe>Le propriétaire a donc l'obligation de faire les travaux suivants :</Paragraphe><Liste type="puce"><Item><Paragraphe><LienIntra LienID="R45485" type="Définition de glossaire">Travaux d'amélioration dans les parties communes ou privatives</LienIntra> du même immeuble (par exemple, installation d'un digicode)</Paragraphe></Item><Item><Paragraphe>Travaux nécessaires au maintien en l'état et à l'entretien normal du logement (par exemple, volet défectueux)</Paragraphe></Item><Item><Paragraphe>Travaux d'amélioration de la performance énergétique du logement (travaux d'isolation)</Paragraphe></Item><Item><Paragraphe>Travaux pour respecter les critères d'un <LienInterne LienPublication="F2042" type="Fiche d'information conditionnée" audience="Particuliers">logement décent</LienInterne></Paragraphe></Item><Item><Paragraphe>Entretien des toitures et façades végétalisées</Paragraphe></Item></Liste><Attention><Titre>Attention</Titre><Liste type="puce"><Item><Paragraphe>Cette obligation ne s'applique pas lorsque les travaux sont rendus nécessaires par la faute du locataire.</Paragraphe></Item><Item><Paragraphe>Lorsqu'elles sont occasionnées par la <LienIntra LienID="R43907" type="Définition de glossaire">vétusté</LienIntra> ou la <LienIntra LienID="R38200" type="Définition de glossaire">force majeure</LienIntra>, les <LienInterne LienPublication="F31697" type="Fiche d'information conditionnée" audience="Particuliers">réparations locatives</LienInterne> sont à la charge du propriétaire.</Paragraphe></Item><Item><Paragraphe>Le locataire peut <LienInterne LienPublication="F1874" type="Fiche d'information conditionnée" audience="Particuliers">faire des travaux de rénovation énergétique du logement</LienInterne>, à ses frais, et à la condition d'en avoir informé <MiseEnEvidence>préalablement</MiseEnEvidence> le propriétaire.</Paragraphe></Item></Liste></Attention></Chapitre><Chapitre><Titre><Paragraphe>Que doit faire le propriétaire avant d'engager les travaux ?</Paragraphe></Titre><SousChapitre><Titre><Paragraphe>Informer le locataire</Paragraphe></Titre><Paragraphe>Avant le début des travaux, le propriétaire doit prévenir le locataire. Pour cela, il doit lui envoyer une <LienIntra LienID="R14732" type="Définition de glossaire">notification</LienIntra> par lettre recommandée avec accusé de réception ou la lui remettre en mains propres.</Paragraphe><Paragraphe>Cette notification doit préciser la nature des travaux (amélioration recherchée, caractère d'urgence, performance énergétique prévue...) et la façon dont ils vont être faits (date de début, durée, nécessité d'accès...).</Paragraphe><Paragraphe>Si ces travaux sont urgents (par exemple, le chauffe-eau en hiver), le locataire doit permettre l'accès à son logement pour la préparation et la réalisation des travaux. Mais il n'est pas obligé d'en permettre l'accès les samedis, les dimanches et les jours fériés.</Paragraphe></SousChapitre><SousChapitre><Titre><Paragraphe>Dédommager le locataire</Paragraphe></Titre><Paragraphe>Le locataire doit permettre l'accès à son logement pour la préparation et la réalisation des travaux à la charge du propriétaire.</Paragraphe><Paragraphe>Mais si ces réparations ou travaux durent plus de 21 jours, le propriétaire doit lui accorder une baisse de loyer proportionnelle à la durée des travaux.</Paragraphe><Paragraphe>Dans certains cas, le locataire peut avoir recours au <LienInterne LienPublication="F1783" type="Fiche d'information conditionnée" audience="Particuliers">juge des contentieux de la protection</LienInterne> du tribunal dont dépend le logement.</Paragraphe><Paragraphe>C'est le cas lorsque les travaux :</Paragraphe><Liste type="puce"><Item><Paragraphe>présentent un caractère abusif</Paragraphe></Item><Item><Paragraphe>ou ne sont pas conformes aux conditions indiquées dans la <LienIntra LienID="R14732" type="Définition de glossaire">notification</LienIntra> de travaux</Paragraphe></Item><Item><Paragraphe>ou rendent l'utilisation du logement impossible ou dangereuse.</Paragraphe></Item></Liste><Paragraphe>Le locataire peut alors demander au juge :</Paragraphe><Liste type="puce"><Item><Paragraphe>l'interdiction des travaux entrepris</Paragraphe></Item><Item><Paragraphe>ou l'interruption des travaux entrepris</Paragraphe></Item><Item><Paragraphe>ou, lorsque les travaux rendent le logement inhabitable, la <LienIntra LienID="R60570" type="Définition de glossaire">résiliation du bail</LienIntra>.</Paragraphe></Item></Liste></SousChapitre></Chapitre><Chapitre><Titre><Paragraphe>Que faire quand le propriétaire ne fait pas les travaux ?</Paragraphe></Titre><Paragraphe>Lorsque le propriétaire ne fait pas les travaux dont il a la charge, le locataire doit avertir le propriétaire lorsqu'un dommage apparaît.</Paragraphe><Paragraphe>Si malgré cet avertissement le propriétaire ne fait pas le nécessaire, le locataire doit le mettre en demeure d'exécuter ses obligations.</Paragraphe><Paragraphe>Pour cela, il doit lui envoyer une lettre recommandée avec accusé de réception.</Paragraphe><Paragraphe>Un modèle de lettre est disponible  :</Paragraphe><ServiceEnLigne ID="R1746" URL="https://www.inc-conso.fr/content/de-grosses-reparations-sont-necessaires-cest-au-proprietaire-quelles-incombent" audience="Particuliers" type="Modèle de document"><Titre>Réclamer au propriétaire de faire les grosses réparations qui sont à sa charge</Titre><Source ID="R30643">Institut national de la consommation (INC)</Source></ServiceEnLigne><Paragraphe>Si, 2 mois après l'envoi de la lettre, le locataire et le propriétaire ne sont pas parvenus à un accord, ou si le propriétaire n'a pas répondu, le locataire peut saisir la <LienInterne LienPublication="F1216" type="Fiche Question-réponse conditionnée" audience="Particuliers">commission départementale de conciliation (CDC)</LienInterne> ou le greffe du tribunal.</Paragraphe><OuSAdresser ID="R30" sve="non" type="Local"><Titre>Tribunal judiciaire</Titre><RessourceWeb URL="http://www.annuaires.justice.gouv.fr/"/><Source ID="R30663">Ministère chargé de la justice</Source></OuSAdresser><Attention><Titre>Attention</Titre><Paragraphe>Même si le propriétaire ne fait pas les travaux qu'il doit faire, le locataire doit continuer à payer le loyer.</Paragraphe></Attention><Paragraphe>Si le juge estime que les travaux font partie des obligations du propriétaire, il peut contraindre le propriétaire à faire les travaux. Mais il peut aussi autoriser le locataire à faire les travaux et charger le propriétaire de rembourser le locataire.</Paragraphe><Paragraphe>Le juge peut en outre accorder au locataire des <LienIntra LienID="R12532" type="Définition de glossaire">dommages et intérêts</LienIntra> pour <Expression>trouble de jouissance</Expression>.</Paragraphe><Paragraphe><MiseEnEvidence>Vidéo : que faire lorsque le propriétaire ne fait pas les travaux ?</MiseEnEvidence></Paragraphe><Video URL="https://youtu.be/3c_38dfKB2M" type="Video" langue="fr" fournisseur="youTube" format="text/html" redimensionnable="non"><Titre>Logement - Obligations du propriétaire : idée reçue ?</Titre><Credits><Paragraphe>Service Public (DILA)</Paragraphe></Credits><Description><Paragraphe>Conversation entre deux amis, par SMS</Paragraphe><Paragraphe>* Je n'ai toujours pas d'eau chaude</Paragraphe><Paragraphe>* Encore ?? Ton propriétaire n'a toujours rien fait ?</Paragraphe><Paragraphe>* Je l'ai appelé mais toujours rien</Paragraphe><Paragraphe>* Arrête de payer le loyer tant qu'il ne fait pas les réparations !</Paragraphe><Paragraphe>Idée reçue ?</Paragraphe><Paragraphe>Avez-vous le droit d'arrêter de payer votre loyer si votre propriétaire ne fait pas les travaux ? Non !</Paragraphe><Paragraphe>Réponse de l'expert Service-Public.fr</Paragraphe><Paragraphe>Non, vous ne pouvez pas vous faire justice vous-même. Vous devez respecter l'obligation de payer le loyer sinon votre bail risque d'être résilié.</Paragraphe><Paragraphe>Dans un premier temps, vous devez vérifier que les réparations ne font pas partie de la liste des réparations locatives, c'est-à-dire les petites réparations assimilées à l'entretien courant du logement qui sont à la charge du locataire.</Paragraphe><Paragraphe>Si cette réparation n'incombe pas au locataire, le propriétaire a l'obligation d'effectuer cette réparation pour rétablir l'eau chaude. Vous devez donc l'informer du problème rencontré.</Paragraphe><Paragraphe>S'il ne répond pas, vous devez le mettre en demeure d'effectuer cette réparation par lettre recommandée avec accusé de réception. Sans réponse de sa part, vous avez la possibilité de saisir la commission départementale de conciliation.</Paragraphe><Paragraphe>Et en dernier recours, vous pouvez saisir la justice.</Paragraphe><Paragraphe>Points clés à retenir</Paragraphe><Paragraphe>• Vous devez payer votre loyer</Paragraphe><Paragraphe>• Vérifiez qui doit réaliser les travaux</Paragraphe><Paragraphe>• Le propriétaire doit rétablir l'eau chaude</Paragraphe><Paragraphe>• Vos démarches :</Paragraphe><Paragraphe>1. Alertez le propriétaire</Paragraphe><Paragraphe>2. Mettez-le en demeure</Paragraphe><Paragraphe>3. Saisissez la commission départementale de conciliation</Paragraphe><Paragraphe>• Dernier recours : saisissez la justice</Paragraphe></Description></Video></Chapitre></Texte></Situation></ListeSituations><VoirAussi important="non"><Fiche ID="F31697" audience="Particuliers"><Titre>Entretien courant et "réparations locatives" à la charge du locataire</Titre><Theme ID="N19808"><Titre>Logement</Titre></Theme></Fiche><Fiche ID="F2042" audience="Particuliers"><Titre>Logement à louer décent</Titre><Theme ID="N19808"><Titre>Logement</Titre></Theme></Fiche><Fiche ID="F1874" audience="Particuliers"><Titre>Utilisation du logement et travaux par le locataire</Titre><Theme ID="N19808"><Titre>Logement</Titre></Theme></Fiche></VoirAussi><QuiPeutMAider ID="R5" sve="non" type="Local personnalisé sur SP"><Titre>Agence départementale pour l'information sur le logement (Adil)</Titre><PivotLocal>adil</PivotLocal><RessourceWeb URL="https://www.anil.org/lanil-et-les-adil/votre-adil/"/><Source ID="R30676">Agence nationale pour l'information sur le logement (Anil)</Source></QuiPeutMAider><Reference type="Texte de référence" URL="https://www.legifrance.gouv.fr/loda/article_lc/LEGIARTI000037670751/" ID="R34077"><Titre>Loi n°89-462 du 6 juillet 1989 sur les rapports locatifs : article 6</Titre><Complement>Obligations du propriétaire</Complement></Reference><Reference type="Texte de référence" URL="https://www.legifrance.gouv.fr/loda/article_lc/LEGIARTI000038834730/" ID="R32255"><Titre>Loi n°89-462 du 6 juillet 1989 sur les rapports locatifs : article 7</Titre><Complement>Information du locataire et adaptation du logement</Complement></Reference><Reference type="Texte de référence" URL="https://www.legifrance.gouv.fr/codes/article_lc/LEGIARTI000006443127/" ID="R34097"><Titre>Code civil : article 1755</Titre><Complement>Travaux en cas de vétusté ou force majeure</Complement></Reference><Reference type="Texte de référence" URL="https://www.legifrance.gouv.fr/codes/section_lc/LEGITEXT000006070721/LEGISCTA000006150285/" ID="R713"><Titre>Code civil : articles 1714 à 1751-1</Titre><Complement>Articles 1719, 1720, 1723 et 1724 : obligations et interdictions au propriétaire, réparations urgentes</Complement></Reference><Reference type="Texte de référence" URL="https://www.legifrance.gouv.fr/loda/id/JORFTEXT000000217471/" ID="R715"><Titre>Décret n°2002-120 du 30 janvier 2002 relatif aux caractéristiques du logement décent</Titre><Complement>Logement décent</Complement></Reference><Reference type="Texte de référence" URL="https://www.legifrance.gouv.fr/loda/id/JORFTEXT000033166515" ID="R45456"><Titre>Décret n°2016-1282 du 29 septembre 2016 sur les travaux d'adaptation du logement aux personnes handicapée ou en perte d'autonomie réalisés aux frais du locataire</Titre><Complement>Travaux d'adaptation</Complement></Reference><Reference type="Texte de référence" URL="http://questions.assemblee-nationale.fr/q15/15-7421QE.htm" ID="R54078"><Titre>Réponse ministérielle du 9 novembre 2018 sur l'entretien des toitures et des façades végétalisées</Titre><Complement>Entretien des toitures et façades végétalisées</Complement></Reference><Reference type="Texte de référence" URL="https://www.legifrance.gouv.fr/loda/id/JORFTEXT000046070447/" ID="R63129"><Titre>Décret n°2022-1026 du 20 juillet 2022 relatif aux travaux de rénovation énergétique réalisés aux frais du locataire</Titre><Complement>Travaux de rénovation énergétique</Complement></Reference><ServiceEnLigne ID="R1746" URL="https://www.inc-conso.fr/content/de-grosses-reparations-sont-necessaires-cest-au-proprietaire-quelles-incombent" audience="Particuliers" type="Modèle de document"><Titre>Réclamer au propriétaire de faire les grosses réparations qui sont à sa charge</Titre><Source ID="R30643">Institut national de la consommation (INC)</Source></ServiceEnLigne><ServiceEnLigne ID="R10933" URL="https://www.formulaires.service-public.fr/gf/cerfa_13967.do" audience="Particuliers" format="application/pdf" poids="89.9 KB" numerocerfa="13967*01" type="Formulaire"><Titre>Attestation de travaux d'amélioration de la performance énergétique pouvant donner lieu à une participation du locataire du parc public</Titre><Source ID="R30685">Ministère chargé du logement</Source></ServiceEnLigne><ServiceEnLigne ID="R13706" URL="https://www.formulaires.service-public.fr/gf/cerfa_13968.do" audience="Particuliers" format="application/pdf" poids="71.7 KB" numerocerfa="13968*01" type="Formulaire"><Titre>Attestation de travaux d'amélioration de la performance énergétique pouvant donner lieu à une participation du locataire du parc privé</Titre><Source ID="R30685">Ministère chargé du logement</Source></ServiceEnLigne><PourEnSavoirPlus type="Information pratique" ID="R10527" URL="https://www.legifrance.gouv.fr/loda/id/JORFTEXT000000217471/" audience="Particuliers"><Titre>Caractéristiques du logement décent</Titre><Source ID="R38880">Legifrance</Source></PourEnSavoirPlus><PourEnSavoirPlus type="Information pratique" ID="R43917" URL="https://www.inc-conso.fr/content/travaux-dadaptation-du-logement-la-charge-du-locataire" audience="Particuliers"><Titre>Travaux d'adaptation (handicap, perte d'autonomie) et contrat d'assurance</Titre><Source ID="R30643">Institut national de la consommation (INC)</Source></PourEnSavoirPlus><Definition ID="R45485"><Titre>Notion de "travaux d'amélioration" dans les parties communes ou privatives</Titre><Texte><Paragraphe>Travaux apportant une valeur ajoutée au logement loué : équipement ou service nouveau ou de qualité supérieure à l'existant, réduction de dépenses d'entretien et d'exploitation, sécurisation de l'immeuble et de ses occupants. Exemple : pose de parquet, installation d'une cuisine équipée, installation d'un digicode, installation d'un ascenseur...</Paragraphe></Texte><Reference type="Texte de référence" URL="http://questions.assemblee-nationale.fr/q9/9-51417QE.htm" ID="R49585"><Titre>Réponse ministérielle du 6 avril 1992 relative à la notion de "travaux d'amélioration" dans les parties communes et privatives</Titre></Reference></Definition><Definition ID="R43907"><Titre>Vétusté d'un logement loué (résidence principale)</Titre><Texte><Paragraphe>État d'usure ou de détérioration résultant du temps ou de l'usage normal des matériaux et éléments d'équipement dont est constitué le logement</Paragraphe></Texte><Reference type="Texte de référence" URL="https://www.legifrance.gouv.fr/loda/id/JORFTEXT000032320564/" ID="R43908"><Titre>Décret n°2016-382 du 30 mars 2016 sur l'établissement de l'état des lieux et la prise en compte de la vétusté des logements loués à usage de résidence principale</Titre></Reference></Definition><Definition ID="R38200"><Titre>Force majeure</Titre><Texte><Paragraphe>Événement exceptionnel, imprévisible et irrésistible justifiant de s'exonérer d'une obligation, d'un engagement ou d'une responsabilité (par exemple : catastrophe naturelle pour un contrat d'assurance, décès du salarié pour un contrat de travail...)</Paragraphe></Texte></Definition><Definition ID="R14732"><Titre>Notification</Titre><Texte><Paragraphe>Formalité par laquelle un acte de procédure ou une décision est porté à la connaissance d’une personne</Paragraphe></Texte></Definition><Definition ID="R60570"><Titre>Résiliation (bail ou contrat de locaton)</Titre><Texte><Paragraphe>Rupture du bail ou du contrat de location</Paragraphe></Texte></Definition><Definition ID="R12532"><Titre>Dommages et intérêts</Titre><Texte><Paragraphe>Somme d'argent destinée à réparer le préjudice subi</Paragraphe></Texte></Definition><QuestionReponse ID="F1857" audience="Particuliers"><Titre>Le locataire doit-il accorder un droit de visite à son propriétaire ?</Titre></QuestionReponse><QuestionReponse ID="F21105" audience="Particuliers"><Titre>Qui est responsable des dégradations dans un logement en cours de location ?</Titre></QuestionReponse><QuestionReponse ID="F31301" audience="Particuliers"><Titre>Que faire en cas de litige lié à la location d'un logement ?</Titre></QuestionReponse><QuestionReponse ID="F2103" audience="Particuliers"><Titre>Dégradations causées lors d'un cambriolage : que doit faire le locataire ?</Titre></QuestionReponse><QuestionReponse ID="F1165" audience="Particuliers"><Titre>Quelles différences entre location vide et location meublée ?</Titre></QuestionReponse></Publication>