<?xml version="1.0" encoding="UTF-8"?><Publication xmlns:dc="http://purl.org/dc/elements/1.1/" xmlns:xsi="http://www.w3.org/2001/XMLSchema-instance" ID="F31725" type="Fiche Question-réponse conditionnée" xsi:noNamespaceSchemaLocation="../Schemas/3.4/Publication.xsd" dateDerniereModificationImportante="2024-01-01T00:00:00" spUrl="https://www.service-public.fr/particuliers/vosdroits/F31725" statut="miseAJourAVenir"><dc:title>Impôt sur le revenu - Faut-il déclarer les revenus d'une activité accessoire ?</dc:title><dc:creator>Direction de l'information légale et administrative</dc:creator><dc:subject>Argent - Impôts - Consommation</dc:subject><dc:description>Vente de fruits et légumes du jardin, vente d'objets d'occasion ou fabriqués, garde d'animaux, bricolage, soutien scolaire : ces revenus sont soumis à l'impôt.</dc:description><dc:publisher>Direction de l'information légale et administrative</dc:publisher><dc:contributor>Direction de l'information légale et administrative (Premier ministre)</dc:contributor><dc:date>modified 2024-01-01</dc:date><dc:type>Question-réponse</dc:type><dc:format>text/xml</dc:format><dc:identifier>F31725</dc:identifier><dc:source>https://www.legifrance.gouv.fr/codes/id/LEGISCTA000006179568/, https://www.legifrance.gouv.fr/codes/id/LEGISCTA000006197182/, https://www.legifrance.gouv.fr/codes/id/LEGISCTA000006197190/, https://www.legifrance.gouv.fr/codes/id/LEGISCTA000006199045/, https://www.legifrance.gouv.fr/codes/id/LEGISCTA000006197204/, http://bofip.impots.gouv.fr/bofip/1761-PGP, http://bofip.impots.gouv.fr/bofip/7762-PGP, http://bofip.impots.gouv.fr/bofip/6569-PGP</dc:source><dc:language>Fr</dc:language><dc:relation>isPartOf N247</dc:relation><dc:coverage>France entière</dc:coverage><dc:rights>https://www.service-public.fr/a-propos/mentions-legales</dc:rights><SurTitre>Question-réponse</SurTitre><Audience>Particuliers</Audience><Canal>www.service-public.fr</Canal><FilDAriane><Niveau ID="Particuliers">Accueil particuliers</Niveau><Niveau ID="N19803">Argent - Impôts - Consommation</Niveau><Niveau ID="N247">Impôt sur le revenu : déclaration et revenus à déclarer</Niveau><Niveau ID="F31725" type="Fiche Question-réponse conditionnée">Impôt sur le revenu - Faut-il déclarer les revenus d'une activité accessoire ?</Niveau></FilDAriane><Theme ID="N19803"><Titre>Argent - Impôts - Consommation</Titre></Theme><SousThemePere ID="N20073">Impôts, taxes et douane</SousThemePere><DossierPere ID="N247"><Titre>Impôt sur le revenu : déclaration et revenus à déclarer</Titre><SousDossier ID="N247-1"><Titre>Déclaration de revenus : mode d'emploi</Titre><Fiche ID="F369">Première déclaration</Fiche><Fiche ID="F358">Déclaration annuelle</Fiche><Fiche ID="F388">Changement de situation</Fiche></SousDossier><SousDossier ID="N247-2"><Titre>Quotient familial selon les personnes à charge</Titre><Fiche ID="F2633">Enfants mineurs</Fiche><Fiche ID="F3085">Enfants majeurs</Fiche><Fiche ID="F2661">Enfants handicapés</Fiche><Fiche ID="F387">Personnes invalides</Fiche></SousDossier><SousDossier ID="N247-3"><Titre>Quotient familial selon la situation personnelle</Titre><Fiche ID="F2702">Personne seule</Fiche><Fiche ID="F34088">Personne vivant en concubinage</Fiche><Fiche ID="F2705">Couple marié ou pacsé</Fiche><Fiche ID="F35120">Parent isolé avec au moins 1 enfant</Fiche><Fiche ID="F35127">Personne veuve</Fiche></SousDossier><SousDossier ID="N247-4"><Titre>Salaires et éléments du salaire</Titre><Fiche ID="F1225">Revenus d'activité salariée</Fiche><Fiche ID="F1226">Avantages en nature</Fiche><Fiche ID="F1989">Frais professionnels : déduction forfaitaire ou frais réels</Fiche><Fiche ID="F408">Indemnités de fin de contrat</Fiche><Fiche ID="F1228">Sommes perçues par les jeunes</Fiche></SousDossier><SousDossier ID="N247-5"><Titre>Pensions, retraites et rentes imposables</Titre><Fiche ID="F415">Pensions de retraite</Fiche><Fiche ID="F3169">Pensions d'invalidité</Fiche><Fiche ID="F3173">Rentes viagères</Fiche><Fiche ID="F3170">Pension alimentaire perçue par l'époux(se) ou ex-époux(se)</Fiche><Fiche ID="F35777">Pension alimentaire perçue par un enfant</Fiche><Fiche ID="F35778">Pension alimentaire perçue par un parent ou un grand-parent</Fiche></SousDossier><SousDossier ID="N247-6"><Titre>Revenus fonciers et mobiliers</Titre><Fiche ID="F2613">Revenus d'épargne et de placements</Fiche><Fiche ID="F21618">Plus-values sur valeurs mobilières</Fiche><Fiche ID="F10864">Plus-values immobilières</Fiche><Fiche ID="F1991">Revenus fonciers de location vide</Fiche><Fiche ID="F32744">Revenus d'une location meublée</Fiche></SousDossier></DossierPere><Avertissement ID="R35411" date="2024-01-01"><Titre>Impôt sur le revenu : déclaration 2024 des revenus de 2023</Titre><Texte><Paragraphe>Cette page est à jour pour la déclaration des revenus de 2023.</Paragraphe><Paragraphe>Cependant, les formulaires, services en ligne et documents d'information ne sont pas encore disponibles pour la campagne 2024. Ils seront mis en ligne dès qu'ils seront disponibles.</Paragraphe></Texte></Avertissement><Questionnaire><Question><Titre><Paragraphe>Avez-vous vendu des biens que vous possédez ?</Paragraphe></Titre><Choix><Titre><Paragraphe>Oui</Paragraphe></Titre><IntituleSiSelectionne><Paragraphe>Vous avez vendu des biens</Paragraphe></IntituleSiSelectionne><SiSelectionne><affecteVrai var="T10281"/></SiSelectionne></Choix><Choix><Titre><Paragraphe>Non</Paragraphe></Titre><IntituleSiSelectionne><Paragraphe>Vous n'avez pas vendu de biens</Paragraphe></IntituleSiSelectionne><SiSelectionne><affecteFaux var="T10281"/></SiSelectionne></Choix></Question><Question><Titre><Paragraphe>Avez-vous vendu des fruits et légumes de votre jardin ?</Paragraphe></Titre><Choix><Titre><Paragraphe>Oui</Paragraphe></Titre><IntituleSiSelectionne><Paragraphe>Vous avez vendu des fruits et légumes de votre jardin</Paragraphe></IntituleSiSelectionne><SiSelectionne><affecteVrai var="T11418"/></SiSelectionne></Choix><Choix><Titre><Paragraphe>Non</Paragraphe></Titre><IntituleSiSelectionne><Paragraphe>Vous n'avez pas vendu de fruits et légumes</Paragraphe></IntituleSiSelectionne><SiSelectionne><affecteFaux var="T11418"/></SiSelectionne></Choix></Question><Question><Titre><Paragraphe>Si oui, votre potager est-il accolé à votre propriété ?</Paragraphe></Titre><Choix><Titre><Paragraphe>Oui</Paragraphe></Titre><IntituleSiSelectionne><Paragraphe>Votre potager est accolé à votre propriété</Paragraphe></IntituleSiSelectionne><SiSelectionne><affecteVrai var="T11902"/><affecteFaux var="T11903"/></SiSelectionne></Choix><Choix><Titre><Paragraphe>Non</Paragraphe></Titre><IntituleSiSelectionne><Paragraphe>Votre potager n'est pas accolé à votre propriété</Paragraphe></IntituleSiSelectionne><SiSelectionne><affecteVrai var="T11903"/><affecteFaux var="T11902"/></SiSelectionne></Choix></Question><Question><Titre><Paragraphe>Avez-vous vendu des biens que vous achetez ou fabriquez ?</Paragraphe></Titre><Choix><Titre><Paragraphe>Oui</Paragraphe></Titre><IntituleSiSelectionne><Paragraphe>Vous avez vendu des biens que vous achetez ou fabriquez</Paragraphe></IntituleSiSelectionne><SiSelectionne><affecteVrai var="T12519"/></SiSelectionne></Choix><Choix><Titre><Paragraphe>Non</Paragraphe></Titre><IntituleSiSelectionne><Paragraphe>Vous n'avez pas vendu de biens que vous achetez ou fabriquez</Paragraphe></IntituleSiSelectionne><SiSelectionne><affecteFaux var="T12519"/></SiSelectionne></Choix></Question><Question><Titre><Paragraphe>Si oui, pour quel montant avez-vous vendu des biens ?</Paragraphe></Titre><Choix><Titre><Paragraphe>Moins de 188 700 €</Paragraphe></Titre><IntituleSiSelectionne><Paragraphe>Vous avez vendu des biens pour moins de 188 700 €</Paragraphe></IntituleSiSelectionne><SiSelectionne><affecteVrai var="T13168"/><affecteFaux var="T13169"/></SiSelectionne></Choix><Choix><Titre><Paragraphe>Plus de 188 700 €</Paragraphe></Titre><IntituleSiSelectionne><Paragraphe>Vous avez vendu des biens pour plus de 188 700 €</Paragraphe></IntituleSiSelectionne><SiSelectionne><affecteVrai var="T13169"/><affecteFaux var="T13168"/></SiSelectionne></Choix></Question><Question><Titre><Paragraphe>Avez-vous loué des biens vous appartenant ?</Paragraphe></Titre><Choix><Titre><Paragraphe>Oui</Paragraphe></Titre><IntituleSiSelectionne><Paragraphe>Vous avez loué des biens vous appartenant</Paragraphe></IntituleSiSelectionne><SiSelectionne><affecteVrai var="T11789"/></SiSelectionne></Choix><Choix><Titre><Paragraphe>Non</Paragraphe></Titre><IntituleSiSelectionne><Paragraphe>Vous n'avez pas loué de biens vous appartenant</Paragraphe></IntituleSiSelectionne><SiSelectionne><affecteFaux var="T11789"/></SiSelectionne></Choix></Question><Question><Titre><Paragraphe>Si oui, pour quel montant avez-vous loué des biens ?</Paragraphe></Titre><Choix><Titre><Paragraphe>Moins de 77 700 €</Paragraphe></Titre><IntituleSiSelectionne><Paragraphe>Vous avez loué des biens pour moins de 77 700 €</Paragraphe></IntituleSiSelectionne><SiSelectionne><affecteVrai var="T13166"/><affecteFaux var="T13167"/></SiSelectionne></Choix><Choix><Titre><Paragraphe>Plus de 77 700 €</Paragraphe></Titre><IntituleSiSelectionne><Paragraphe>Vous avez loué des biens pour plus de 77 700 €</Paragraphe></IntituleSiSelectionne><SiSelectionne><affecteVrai var="T13167"/><affecteFaux var="T13166"/></SiSelectionne></Choix></Question><Question><Titre><Paragraphe>Avez-vous fait du soutien scolaire ou donné des cours payants ?</Paragraphe></Titre><Choix><Titre><Paragraphe>Oui</Paragraphe></Titre><IntituleSiSelectionne><Paragraphe>Vous avez fait du soutien scolaire ou donné des cours payants</Paragraphe></IntituleSiSelectionne><SiSelectionne><affecteVrai var="T11420"/></SiSelectionne></Choix><Choix><Titre><Paragraphe>Non</Paragraphe></Titre><IntituleSiSelectionne><Paragraphe>Vous n'avez pas fait de soutien scolaire ni donné de cours payants</Paragraphe></IntituleSiSelectionne><SiSelectionne><affecteFaux var="T11420"/></SiSelectionne></Choix></Question><Question><Titre><Paragraphe>Si oui, pour quel montant avez-vous donné des cours ?</Paragraphe></Titre><Choix><Titre><Paragraphe>Moins de 77 700 €</Paragraphe></Titre><IntituleSiSelectionne><Paragraphe>Vous avez donné des cours pour moins de 77 700 €</Paragraphe></IntituleSiSelectionne><SiSelectionne><affecteVrai var="T13166"/><affecteFaux var="T13167"/></SiSelectionne></Choix><Choix><Titre><Paragraphe>Plus de 77 700 €</Paragraphe></Titre><IntituleSiSelectionne><Paragraphe>Vous avez donné des cours pour plus de 77 700 €</Paragraphe></IntituleSiSelectionne><SiSelectionne><affecteVrai var="T13167"/><affecteFaux var="T13166"/></SiSelectionne></Choix></Question><Question><Titre><Paragraphe>Avez-vous proposé d'autres services payants ?</Paragraphe></Titre><Choix><Titre><Paragraphe>Oui</Paragraphe></Titre><IntituleSiSelectionne><Paragraphe>Vous avez exercé une science ou un art</Paragraphe></IntituleSiSelectionne><SiSelectionne><affecteVrai var="T12518"/></SiSelectionne></Choix><Choix><Titre><Paragraphe>Non</Paragraphe></Titre><IntituleSiSelectionne><Paragraphe>Vous n'avez pas exercé une science ou un art</Paragraphe></IntituleSiSelectionne><SiSelectionne><affecteFaux var="T12518"/></SiSelectionne></Choix></Question><Question><Titre><Paragraphe>Si oui, pour quel montant avez-vous proposé d'autres services payants ?</Paragraphe></Titre><Choix><Titre><Paragraphe>Moins de 77 700 €</Paragraphe></Titre><IntituleSiSelectionne><Paragraphe>Vous avez exercé une science ou un art pour moins de 77 700 €</Paragraphe></IntituleSiSelectionne><SiSelectionne><affecteVrai var="T13166"/><affecteFaux var="T13167"/></SiSelectionne></Choix><Choix><Titre><Paragraphe>Plus de 77 700 €</Paragraphe></Titre><IntituleSiSelectionne><Paragraphe>Vous avez exercé une science ou un art pour plus de 77 700 €</Paragraphe></IntituleSiSelectionne><SiSelectionne><affecteVrai var="T13167"/><affecteFaux var="T13166"/></SiSelectionne></Choix></Question></Questionnaire><Texte><Paragraphe><MiseEnEvidence>Oui</MiseEnEvidence>, un revenu accessoire est imposable, quel que soit son montant.</Paragraphe><Paragraphe>Toutefois, vous êtes exonéré si vos revenus annuels ne dépassent pas certains seuils et dans certaines situations.</Paragraphe><ANoter><Titre>À noter</Titre><Paragraphe>les montants des revenus que vous avez obtenus via des plateformes sur internet (Blablacar, Airbnb, Leboncoin...) sont transmis à l'administration fiscale.</Paragraphe></ANoter><Chapitre><Titre><Paragraphe>Vous vendez vos biens d'occasion</Paragraphe></Titre><Condition><estVrai var="T10281"/></Condition><Paragraphe>Les revenus de la vente de biens dont vous voulez vous débarrasser (par exemple, lors d'un vide-grenier, sur leboncoin.fr, Vinted...) <MiseEnEvidence>ne sont pas imposables.</MiseEnEvidence></Paragraphe><Paragraphe>Les règles varient toutefois selon le type de biens que vous vendez.</Paragraphe><BlocCas affichage="radio"><Cas><Titre>Meuble</Titre><Paragraphe>Vous n'avez <MiseEnEvidence>pas d'impôt</MiseEnEvidence> à payer.</Paragraphe></Cas><Cas><Titre>Électroménager</Titre><Paragraphe>Vous n'avez <MiseEnEvidence>pas d'impôt</MiseEnEvidence> à payer.</Paragraphe></Cas><Cas><Titre>Voiture d'occasion</Titre><Paragraphe>Vous n'avez <MiseEnEvidence>pas d'impôt</MiseEnEvidence> à payer.</Paragraphe></Cas><Cas><Titre>Bijou, objet d'art, de collection ou d'antiquité</Titre><Paragraphe>Vous devez régler la <MiseEnEvidence>taxe forfaitaire sur les objets précieux</MiseEnEvidence> si le prix de vente dépasse <Valeur>5 000 €</Valeur>.</Paragraphe><Paragraphe>Vous devez utiliser le formulaire suivant :</Paragraphe><ServiceEnLigne ID="R17176" URL="https://www.impots.gouv.fr/portail/formulaire/2091-sd/taxe-forfaitaire-sur-les-cessions-ou-exportations-de-metaux-precieux" audience="Particuliers" format="application/pdf" poids="298.7 KB" numerocerfa="11294*13" autrenumero="2091-SD" type="Formulaire"><Titre>Taxe sur les ventes de métaux précieux, bijoux, objets d'art, de collection et d'antiquité</Titre><Source ID="R30612">Ministère chargé des finances</Source></ServiceEnLigne><OuSAdresser ID="R15019" sve="non" type="Local personnalisable"><Titre>Service en charge des impôts (trésorerie, service des impôts...)</Titre><PivotLocal>centre_impots</PivotLocal><RessourceWeb URL="https://www.impots.gouv.fr/portail/contacts"/><Source ID="R30612">Ministère chargé des finances</Source></OuSAdresser></Cas><Cas><Titre>Métaux précieux</Titre><Paragraphe>Vous devez régler la <MiseEnEvidence>taxe forfaitaire sur les objets précieux</MiseEnEvidence>.</Paragraphe><Paragraphe>Vous devez utiliser le formulaire suivant :</Paragraphe><ServiceEnLigne ID="R17176" URL="https://www.impots.gouv.fr/portail/formulaire/2091-sd/taxe-forfaitaire-sur-les-cessions-ou-exportations-de-metaux-precieux" audience="Particuliers" format="application/pdf" poids="298.7 KB" numerocerfa="11294*13" autrenumero="2091-SD" type="Formulaire"><Titre>Taxe sur les ventes de métaux précieux, bijoux, objets d'art, de collection et d'antiquité</Titre><Source ID="R30612">Ministère chargé des finances</Source></ServiceEnLigne><OuSAdresser ID="R15019" sve="non" type="Local personnalisable"><Titre>Service en charge des impôts (trésorerie, service des impôts...)</Titre><PivotLocal>centre_impots</PivotLocal><RessourceWeb URL="https://www.impots.gouv.fr/portail/contacts"/><Source ID="R30612">Ministère chargé des finances</Source></OuSAdresser></Cas><Cas><Titre>Autre bien</Titre><Paragraphe>Vous devez <MiseEnEvidence>payer un impôt</MiseEnEvidence> si vous remplissez les<MiseEnEvidence> 2 conditions</MiseEnEvidence> suivantes :</Paragraphe><Liste type="puce"><Item><Paragraphe>Le prix de vente dépasse <Valeur>5 000 €</Valeur></Paragraphe></Item><Item><Paragraphe>Vous obtenez un prix plus élevé que celui que vous aviez payé lors de l'achat du bien</Paragraphe></Item></Liste><Paragraphe>Vous devez alors déclarer la <LienIntra LienID="R58265" type="Définition de glossaire">plus-value</LienIntra> réalisée.</Paragraphe><Paragraphe>Vous devez utiliser le formulaire suivant :</Paragraphe><ServiceEnLigne ID="R31759" URL="https://www.impots.gouv.fr/portail/node/8893" audience="Particuliers" numerocerfa="12358" autrenumero="2048-M-SD" type="Formulaire"><Titre>Déclaration 2023 de plus-value - Cessions de biens meubles ou de parts de sociétés à prépondérance immobilière</Titre><Source ID="R30612">Ministère chargé des finances</Source></ServiceEnLigne><OuSAdresser ID="R15019" sve="non" type="Local personnalisable"><Titre>Service en charge des impôts (trésorerie, service des impôts...)</Titre><PivotLocal>centre_impots</PivotLocal><RessourceWeb URL="https://www.impots.gouv.fr/portail/contacts"/><Source ID="R30612">Ministère chargé des finances</Source></OuSAdresser></Cas></BlocCas><Paragraphe><MiseEnEvidence>Vidéo : Impôts - Vente de biens d'occasion</MiseEnEvidence></Paragraphe><Video URL="https://youtu.be/8oX6-AwHHxo" type="Video" langue="fr" fournisseur="youTube" format="text/html" redimensionnable="oui"><Titre>Impôts - Vente de biens d'occasion</Titre><Credits><Paragraphe>Service Public (DILA)</Paragraphe></Credits><Description><Paragraphe>Version texte</Paragraphe><Paragraphe>(Titre et thématique)</Paragraphe><Paragraphe>Impôts</Paragraphe><Paragraphe>Vente de biens d'occasion</Paragraphe><Paragraphe>(Conversation SMS entre amis)</Paragraphe><Paragraphe>• Tu viens avec nous pour le week-end prochain à Barcelone ?</Paragraphe><Paragraphe>• Oui, j'ai les moyens, j'ai vendu plein d'affaires sur internet et pendant le vide-greniers du quartier. C'est tout bénéf, directement dans la poche !</Paragraphe><Paragraphe>• Tu vas un peu vite. Mets de côté pour les impôts à payer sur ces revenus. Tu sais que tu vas devoir les déclarer ?</Paragraphe><Paragraphe>(Idée reçue)</Paragraphe><Paragraphe>« Je dois déclarer aux impôts les revenus tirés de la vente sur internet d'objets et de biens dont je n'ai plus l'utilité. »</Paragraphe><Paragraphe>FAUX (pastille)</Paragraphe><Paragraphe>(Réponse de l'expert)</Paragraphe><Paragraphe>C'est une idée reçue !</Paragraphe><Paragraphe>En général, vous n'avez pas d'impôt à payer sur les revenus que vous tirez de ventes ponctuelles d'objets dont vous ne voulez plus.</Paragraphe><Paragraphe>Les règles varient toutefois selon le type de biens que vous vendez.</Paragraphe><Paragraphe>Si vous vendez une voiture d'occasion, des meubles ou de l'électroménager dont vous souhaitez vous débarrasser, vous n'avez jamais d'impôt à payer. Pour tous les autres biens, vous risquez de payer un impôt si vous vendez pour plus de 5 000 €. Vous devrez le payer si vous obtenez un prix plus élevé que celui que vous aviez payé lors de l'achat. C'est un impôt sur la plus-value.</Paragraphe><Paragraphe>Ces règles s'appliquent aussi bien pour les ventes sur internet, sur une application, ou en face à face, par exemple lors d'un vide-greniers.</Paragraphe><Paragraphe>Attention, si vous vendez des objets que vous fabriquez, vous êtes imposable sur ces revenus. Vous devez donc les déclarer. Sachez enfin que si vous achetez des biens pour les revendre, vous êtes également imposable sur les revenus de la revente.</Paragraphe><Paragraphe>(Rappel de points clés)</Paragraphe><Paragraphe>• Vente exonérée d'impôt sans limite de montant si vous vendez votre voiture, des meubles ou de l'électroménager.</Paragraphe><Paragraphe>• Pour les ventes au-delà de 5 000 € hors voiture, meubles ou électroménager, impôt à payer si vous faites une plus-value.</Paragraphe><Paragraphe>• Revenus imposables si vous fabriquez des objets ou si vous en achetez spécialement pour les vendre.</Paragraphe></Description></Video></Chapitre><Chapitre><Titre><Paragraphe>Vous vendez des fruits et légumes de votre jardin</Paragraphe></Titre><Condition><estVrai var="T11418"/></Condition><BlocCas affichage="radio"><Cas><Titre>Votre potager est accolé à votre propriété bâtie</Titre><Condition><estVrai var="T11902"/></Condition><Paragraphe>Vous n'êtes <MiseEnEvidence>pas imposable</MiseEnEvidence> si votre potager est accolé à votre maison.</Paragraphe><Paragraphe>Le potager ne doit pas dépasser <MiseEnEvidence>500 m<Exposant>2</Exposant>.</MiseEnEvidence></Paragraphe></Cas><Cas><Titre>Autre situation</Titre><Paragraphe>Si votre potager n'est pas accolé à votre maison ou s'il dépasse 500 m<Exposant>2</Exposant>, les revenus de la vente des récoltes issues de votre jardin sont imposables en tant que <MiseEnEvidence>revenus agricoles</MiseEnEvidence>.</Paragraphe><Paragraphe>Le <MiseEnEvidence>régime micro-BA</MiseEnEvidence> vous est appliqué si la moyenne de vos recettes, calculées <MiseEnEvidence>sur 3 années consécutives</MiseEnEvidence>, ne dépasse pas <Valeur>91 900 €</Valeur> hors taxes.</Paragraphe><Paragraphe>Vous devez remplir les déclarations suivantes :</Paragraphe><Liste type="puce"><Item><Paragraphe><LienInterne LienPublication="R36751" type="Formulaire" audience="Particuliers">Formulaire n°2042 C PRO</LienInterne></Paragraphe></Item><Item><Paragraphe><LienInterne LienPublication="R14114" type="Formulaire" audience="Professionnels">Formulaire n°2342</LienInterne> (ce formulaire permet de calculer le bénéfice imposable)</Paragraphe></Item></Liste><OuSAdresser ID="R15019" sve="non" type="Local personnalisable"><Titre>Service en charge des impôts (trésorerie, service des impôts...)</Titre><PivotLocal>centre_impots</PivotLocal><RessourceWeb URL="https://www.impots.gouv.fr/portail/contacts"/><Source ID="R30612">Ministère chargé des finances</Source></OuSAdresser></Cas></BlocCas></Chapitre><Chapitre><Titre><Paragraphe>Vous vendez des biens que vous achetez ou fabriquez</Paragraphe></Titre><Condition><estVrai var="T12519"/></Condition><Paragraphe>Si vous achetez ou fabriquez des biens pour les vendre, les revenus tirés de cette activité sont imposables.</Paragraphe><Paragraphe>Vous devez les déclarer à l'administration fiscale dans votre déclaration de revenus.</Paragraphe><Paragraphe>Ces revenus sont imposables en tant que bénéfices industriels et commerciaux (BIC).</Paragraphe><BlocCas affichage="radio"><Cas><Titre>Vos recettes de l'année sont inférieures à 188 700 €</Titre><Condition><estVrai var="T13168"/></Condition><Paragraphe>Vous êtes imposé selon le <MiseEnEvidence>régime micro-Bic</MiseEnEvidence> si votre chiffre d'affaires dégagé ne dépasse pas <Valeur>176 200 €</Valeur> (sauf si vous choisissez le régime réel d'imposition).</Paragraphe><Paragraphe>Le bénéfice imposable est égal aux recettes diminuées d'un <LienIntra LienID="R3018" type="Définition de glossaire">abattement</LienIntra> forfaitaire pour frais de <Valeur>71 %</Valeur>. Les charges ne peuvent pas être déduites.</Paragraphe><Paragraphe>Vous devez déclarer vos bénéfices annuels sur le formulaire n°2042 C PRO.</Paragraphe><ServiceEnLigne ID="R36751" URL="https://www.impots.gouv.fr/portail/formulaire/2042/declaration-des-revenus" audience="Particuliers" format="application/pdf" poids="149.5 KB" numerocerfa="11222" autrenumero="2042-C-PRO" type="Formulaire"><Titre>Déclaration complémentaire des revenus des professions non salariées</Titre><Source ID="R30612">Ministère chargé des finances</Source></ServiceEnLigne><OuSAdresser ID="R15019" sve="non" type="Local personnalisable"><Titre>Service en charge des impôts (trésorerie, service des impôts...)</Titre><PivotLocal>centre_impots</PivotLocal><RessourceWeb URL="https://www.impots.gouv.fr/portail/contacts"/><Source ID="R30612">Ministère chargé des finances</Source></OuSAdresser><ANoter><Titre>À noter</Titre><Paragraphe>si vos recettes sont inférieures à <Valeur>305 €</Valeur>, vous ne paierez aucun impôt.</Paragraphe></ANoter></Cas><Cas><Titre>Vos recettes de l'année dépassent 188 700 €</Titre><Condition><estVrai var="T13169"/></Condition><Paragraphe>Au-delà de <Valeur>176 200 €</Valeur>, vous êtes soumis à un <MiseEnEvidence>régime réel</MiseEnEvidence> d'imposition.</Paragraphe><Paragraphe>Vous devez remplir le formulaire n°2031.</Paragraphe><ServiceEnLigne ID="R14120" URL="https://www.impots.gouv.fr/portail/formulaire/2031-sd/impot-sur-le-revenu" audience="Particuliers" numerocerfa="11085" autrenumero="2031-SD" type="Formulaire"><Titre>Déclaration 2023 des revenus 2022 - Bénéfices industriels et commerciaux (BIC)</Titre><Source ID="R30612">Ministère chargé des finances</Source></ServiceEnLigne><Paragraphe>Vous devez également <LienInterne LienPublication="F23566" type="Fiche d'information conditionnée" audience="Professionnels">déclarer et payer de la TVA</LienInterne> en utilisant le formulaire n°3517-S-SD.</Paragraphe><ServiceEnLigne ID="R14665" URL="https://www.impots.gouv.fr/portail/formulaire/3517-s-sd/tva-et-taxes-assimilees-et-regime-simplifie" audience="Particuliers" numerocerfa="11417" autrenumero="3517-S-SD" type="Formulaire"><Titre>Déclaration annuelle de régularisation de TVA - Régime simplifié (3517-S)</Titre><Source ID="R30612">Ministère chargé des finances</Source></ServiceEnLigne><OuSAdresser ID="R15019" sve="non" type="Local personnalisable"><Titre>Service en charge des impôts (trésorerie, service des impôts...)</Titre><PivotLocal>centre_impots</PivotLocal><RessourceWeb URL="https://www.impots.gouv.fr/portail/contacts"/><Source ID="R30612">Ministère chargé des finances</Source></OuSAdresser></Cas></BlocCas></Chapitre><Chapitre><Titre><Paragraphe>Vous louez vos biens</Paragraphe></Titre><Condition><estVrai var="T11789"/></Condition><Paragraphe>Si vous mettez en location des biens vous appartenant (voiture, outils...), les revenus sont imposables.</Paragraphe><BlocCas affichage="radio"><Cas><Titre>Vos recettes de l'année sont inférieures à 77 700 €</Titre><Condition><estVrai var="T13166"/></Condition><Paragraphe>Si vos recettes sont inférieures à <Valeur>72 600 €</Valeur> en 2023 (<Valeur>72 600 €</Valeur> en 2024), vous êtes imposé selon le <MiseEnEvidence>régime micro BIC</MiseEnEvidence> (sauf si vous choisissez le régime réel d'imposition).</Paragraphe><Paragraphe>Le bénéfice imposable est égal aux recettes diminuées d'un <LienIntra LienID="R3018" type="Définition de glossaire">abattement</LienIntra> forfaitaire pour frais de <Valeur>50 %</Valeur>. Les charges ne peuvent pas être déduites.</Paragraphe><Paragraphe>Vous devez déclarer vos recettes sur le formulaire 2042-C-PRO.</Paragraphe><ServiceEnLigne ID="R36751" URL="https://www.impots.gouv.fr/portail/formulaire/2042/declaration-des-revenus" audience="Particuliers" format="application/pdf" poids="149.5 KB" numerocerfa="11222" autrenumero="2042-C-PRO" type="Formulaire"><Titre>Déclaration complémentaire des revenus des professions non salariées</Titre><Source ID="R30612">Ministère chargé des finances</Source></ServiceEnLigne><OuSAdresser ID="R15019" sve="non" type="Local personnalisable"><Titre>Service en charge des impôts (trésorerie, service des impôts...)</Titre><PivotLocal>centre_impots</PivotLocal><RessourceWeb URL="https://www.impots.gouv.fr/portail/contacts"/><Source ID="R30612">Ministère chargé des finances</Source></OuSAdresser><ANoter><Titre>À noter</Titre><Paragraphe>si vos recettes sont inférieures à <Valeur>305 €</Valeur>, vous ne paierez aucun impôt.</Paragraphe></ANoter></Cas><Cas><Titre>Vos recettes de l'année sont supérieures à 77 700 €</Titre><Condition><estVrai var="T13167"/></Condition><Paragraphe>Si vos recettes sont supérieurs à <Valeur>72 600 €</Valeur>, vous êtes soumis au <MiseEnEvidence>régime réel</MiseEnEvidence>.</Paragraphe><Paragraphe>Vous devez déclarer vos recettes sur le formulaire 2031-SD.</Paragraphe><ServiceEnLigne ID="R14120" URL="https://www.impots.gouv.fr/portail/formulaire/2031-sd/impot-sur-le-revenu" audience="Particuliers" numerocerfa="11085" autrenumero="2031-SD" type="Formulaire"><Titre>Déclaration 2023 des revenus 2022 - Bénéfices industriels et commerciaux (BIC)</Titre><Source ID="R30612">Ministère chargé des finances</Source></ServiceEnLigne><Paragraphe>Vous devez également <LienInterne LienPublication="F23566" type="Fiche d'information conditionnée" audience="Professionnels">déclarer et payer de la TVA</LienInterne> sur l'imprimé n°3517-S-SD.</Paragraphe><ServiceEnLigne ID="R14665" URL="https://www.impots.gouv.fr/portail/formulaire/3517-s-sd/tva-et-taxes-assimilees-et-regime-simplifie" audience="Particuliers" numerocerfa="11417" autrenumero="3517-S-SD" type="Formulaire"><Titre>Déclaration annuelle de régularisation de TVA - Régime simplifié (3517-S)</Titre><Source ID="R30612">Ministère chargé des finances</Source></ServiceEnLigne><OuSAdresser ID="R15019" sve="non" type="Local personnalisable"><Titre>Service en charge des impôts (trésorerie, service des impôts...)</Titre><PivotLocal>centre_impots</PivotLocal><RessourceWeb URL="https://www.impots.gouv.fr/portail/contacts"/><Source ID="R30612">Ministère chargé des finances</Source></OuSAdresser></Cas></BlocCas></Chapitre><Chapitre><Titre><Paragraphe>Vous faites du soutien scolaire ou donnez des cours</Paragraphe></Titre><Condition><estVrai var="T11420"/></Condition><BlocCas affichage="radio"><Cas><Titre>Vos recettes de l'année sont inférieures à 77 700 €</Titre><Condition><estVrai var="T13166"/></Condition><Paragraphe>Si vos recettes sont inférieures à <Valeur>77 700 €</Valeur> en 2023 (<Valeur>77 700 €</Valeur> en 2024), vous êtes imposé selon le <MiseEnEvidence>régime micro BNC</MiseEnEvidence> (sauf si vous choisissez le régime réel d'imposition).</Paragraphe><Paragraphe>Le bénéfice imposable est égal aux recettes diminuées d'un <LienIntra LienID="R3018" type="Définition de glossaire">abattement</LienIntra> forfaitaire pour frais de <Valeur>50 %</Valeur>. Les charges ne peuvent pas être déduites.</Paragraphe><Paragraphe>Vous devez déclarer vos recettes sur le formulaire 2042-C-PRO.</Paragraphe><ServiceEnLigne ID="R36751" URL="https://www.impots.gouv.fr/portail/formulaire/2042/declaration-des-revenus" audience="Particuliers" format="application/pdf" poids="149.5 KB" numerocerfa="11222" autrenumero="2042-C-PRO" type="Formulaire"><Titre>Déclaration complémentaire des revenus des professions non salariées</Titre><Source ID="R30612">Ministère chargé des finances</Source></ServiceEnLigne><OuSAdresser ID="R15019" sve="non" type="Local personnalisable"><Titre>Service en charge des impôts (trésorerie, service des impôts...)</Titre><PivotLocal>centre_impots</PivotLocal><RessourceWeb URL="https://www.impots.gouv.fr/portail/contacts"/><Source ID="R30612">Ministère chargé des finances</Source></OuSAdresser><ANoter><Titre>À noter</Titre><Paragraphe>si vos recettes sont inférieures à <Valeur>305 €</Valeur>, vous ne paierez aucun impôt.</Paragraphe></ANoter></Cas><Cas><Titre>Vos recettes de l'année dépassent 77 700 €</Titre><Condition><estVrai var="T13167"/></Condition><Paragraphe>Si vos recettes sont supérieures à <Valeur>72 600 €</Valeur> en 2023 (<Valeur>77 700 €</Valeur> en 2024), vous êtes soumis au <MiseEnEvidence>régime réel</MiseEnEvidence> de la déclaration contrôlée.</Paragraphe><Paragraphe>Vous devez déclarer vos recettes sur le formulaire 2035-SD.</Paragraphe><ServiceEnLigne ID="R14113" URL="https://www.impots.gouv.fr/portail/formulaire/2035-sd/revenus-non-commerciaux-et-assimiles-regime-de-la-declaration-controlee" audience="Particuliers" format="application/pdf" poids="744.4 KB" numerocerfa="11176" autrenumero="2035-SD" type="Formulaire"><Titre>Bénéfices non commerciaux (BNC) - Régime de la déclaration contrôlée</Titre><Source ID="R30612">Ministère chargé des finances</Source><NoticeLiee ID="R52199" URL="https://www.impots.gouv.fr/portail/formulaire/2035-sd/revenus-non-commerciaux-et-assimiles-regime-de-la-declaration-controlee" type="Notice" numerocerfa="50532" format="application/pdf" poids="317.9 KB">Impôt sur le revenu - Revenus non commerciaux - Régime de la déclaration contrôlée</NoticeLiee></ServiceEnLigne><Paragraphe>Vous devez également <LienInterne LienPublication="F23566" type="Fiche d'information conditionnée" audience="Professionnels">déclarer et payer de la TVA</LienInterne> sur l'imprimé n°3517-S-SD.</Paragraphe><ServiceEnLigne ID="R14665" URL="https://www.impots.gouv.fr/portail/formulaire/3517-s-sd/tva-et-taxes-assimilees-et-regime-simplifie" audience="Particuliers" numerocerfa="11417" autrenumero="3517-S-SD" type="Formulaire"><Titre>Déclaration annuelle de régularisation de TVA - Régime simplifié (3517-S)</Titre><Source ID="R30612">Ministère chargé des finances</Source></ServiceEnLigne><OuSAdresser ID="R15019" sve="non" type="Local personnalisable"><Titre>Service en charge des impôts (trésorerie, service des impôts...)</Titre><PivotLocal>centre_impots</PivotLocal><RessourceWeb URL="https://www.impots.gouv.fr/portail/contacts"/><Source ID="R30612">Ministère chargé des finances</Source></OuSAdresser></Cas></BlocCas></Chapitre><Chapitre><Titre><Paragraphe>Vous proposez d'autres services payants</Paragraphe></Titre><Condition><estVrai var="T12518"/></Condition><Paragraphe>Si vous proposez du bricolage, du jardinage, de la garde d'animaux, ces services sont considérés comme des activités artisanales ou commerciales.</Paragraphe><BlocCas affichage="radio"><Cas><Titre>Vos recettes de l'année sont inférieures à 77 700 €</Titre><Condition><estVrai var="T13166"/></Condition><Paragraphe>Si vos recettes sont inférieures à <Valeur>72 600 €</Valeur> en 2023 (<Valeur>77 700 €</Valeur> en 2024), vous êtes imposé selon le <MiseEnEvidence>régime micro BIC</MiseEnEvidence> (sauf si vous choisissez le régime réel d'imposition).</Paragraphe><Paragraphe>Le bénéfice imposable est égal aux recettes diminuées d'un <LienIntra LienID="R3018" type="Définition de glossaire">abattement</LienIntra> forfaitaire pour frais de <Valeur>50 %</Valeur>. Les charges ne peuvent pas être déduites.</Paragraphe><Paragraphe>Vous devez déclarer vos recettes sur le formulaire 2042-C-PRO.</Paragraphe><ServiceEnLigne ID="R36751" URL="https://www.impots.gouv.fr/portail/formulaire/2042/declaration-des-revenus" audience="Particuliers" format="application/pdf" poids="149.5 KB" numerocerfa="11222" autrenumero="2042-C-PRO" type="Formulaire"><Titre>Déclaration complémentaire des revenus des professions non salariées</Titre><Source ID="R30612">Ministère chargé des finances</Source></ServiceEnLigne><OuSAdresser ID="R15019" sve="non" type="Local personnalisable"><Titre>Service en charge des impôts (trésorerie, service des impôts...)</Titre><PivotLocal>centre_impots</PivotLocal><RessourceWeb URL="https://www.impots.gouv.fr/portail/contacts"/><Source ID="R30612">Ministère chargé des finances</Source></OuSAdresser><ANoter><Titre>À noter</Titre><Paragraphe>si vos recettes sont inférieures à <Valeur>305 €</Valeur>, vous ne paierez aucun impôt.</Paragraphe></ANoter></Cas><Cas><Titre>Vos recettes de l'année de l'année dépassent 77 700 €</Titre><Condition><estVrai var="T13167"/></Condition><Paragraphe>Si vos recettes sont supérieures à <Valeur>72 600 €</Valeur> en 2023 (<Valeur>77 700 €</Valeur> en 2024), vous êtes soumis au <MiseEnEvidence>régime réel</MiseEnEvidence>.</Paragraphe><Paragraphe>Vous devez déclarer vos recettes sur le formulaire 2031-SD.</Paragraphe><ServiceEnLigne ID="R14120" URL="https://www.impots.gouv.fr/portail/formulaire/2031-sd/impot-sur-le-revenu" audience="Particuliers" numerocerfa="11085" autrenumero="2031-SD" type="Formulaire"><Titre>Déclaration 2023 des revenus 2022 - Bénéfices industriels et commerciaux (BIC)</Titre><Source ID="R30612">Ministère chargé des finances</Source></ServiceEnLigne><Paragraphe>Vous devez également <LienInterne LienPublication="F23566" type="Fiche d'information conditionnée" audience="Professionnels">déclarer et payer de la TVA</LienInterne> sur l'imprimé n°3517-S-SD.</Paragraphe><ServiceEnLigne ID="R14665" URL="https://www.impots.gouv.fr/portail/formulaire/3517-s-sd/tva-et-taxes-assimilees-et-regime-simplifie" audience="Particuliers" numerocerfa="11417" autrenumero="3517-S-SD" type="Formulaire"><Titre>Déclaration annuelle de régularisation de TVA - Régime simplifié (3517-S)</Titre><Source ID="R30612">Ministère chargé des finances</Source></ServiceEnLigne><OuSAdresser ID="R15019" sve="non" type="Local personnalisable"><Titre>Service en charge des impôts (trésorerie, service des impôts...)</Titre><PivotLocal>centre_impots</PivotLocal><RessourceWeb URL="https://www.impots.gouv.fr/portail/contacts"/><Source ID="R30612">Ministère chargé des finances</Source></OuSAdresser></Cas></BlocCas></Chapitre></Texte><VoirAussi important="non"><Dossier ID="N247" audience="Particuliers"><Titre>Impôt sur le revenu : déclaration et revenus à déclarer</Titre><Theme ID="N19803"><Titre>Argent - Impôts - Consommation</Titre></Theme></Dossier><Dossier ID="N23456" audience="Professionnels"><Titre>Impôt sur le revenu</Titre><Theme ID="N24265"><Titre>Fiscalité</Titre></Theme></Dossier><Fiche ID="F358" audience="Particuliers"><Titre>Impôt sur le revenu - Déclaration de revenus annuelle</Titre><Theme ID="N19803"><Titre>Argent - Impôts - Consommation</Titre></Theme></Fiche><Fiche ID="F23566" audience="Professionnels"><Titre>Déclarer et payer la TVA</Titre><Theme ID="N24265"><Titre>Fiscalité</Titre></Theme></Fiche></VoirAussi><QuiPeutMAider ID="R20684" sve="non" type="Centre de contact"><Titre>Service d'information des impôts</Titre><Complement>Pour des informations générales</Complement><Source ID="R30612">Ministère chargé des finances</Source><Texte><Paragraphe>Par téléphone :</Paragraphe><Paragraphe><MiseEnEvidence>0809 401 401</MiseEnEvidence></Paragraphe><Paragraphe>Du lundi au vendredi de 8h30 à 19h, hors jours fériés.</Paragraphe><Paragraphe>Service gratuit + prix appel</Paragraphe></Texte></QuiPeutMAider><QuiPeutMAider ID="R15019" sve="non" type="Local personnalisable"><Titre>Service en charge des impôts (trésorerie, service des impôts...)</Titre><Complement>Pour joindre le service local gestionnaire de votre dossier</Complement><PivotLocal>centre_impots</PivotLocal><RessourceWeb URL="https://www.impots.gouv.fr/portail/contacts"/><Source ID="R30612">Ministère chargé des finances</Source></QuiPeutMAider><Reference type="Texte de référence" URL="https://www.legifrance.gouv.fr/codes/id/LEGISCTA000006179568/" ID="R41263"><Titre>Code général des impôts : article 1 A</Titre><Complement>Définition du revenu net global</Complement></Reference><Reference type="Texte de référence" URL="https://www.legifrance.gouv.fr/codes/id/LEGISCTA000006197182/" ID="R31914"><Titre>Code général des impôts : articles 34 à 35 A</Titre><Complement>Revenus imposables dans la catégorie des Bic (article 34)</Complement></Reference><Reference type="Texte de référence" URL="https://www.legifrance.gouv.fr/codes/id/LEGISCTA000006197190/" ID="R41265"><Titre>Code général des impôts : article 63</Titre><Complement>Revenus imposables dans la catégorie des bénéfices agricoles</Complement></Reference><Reference type="Texte de référence" URL="https://www.legifrance.gouv.fr/codes/id/LEGISCTA000006199045/" ID="R41271"><Titre>Code général des impôts : articles 69 à 70</Titre><Complement>Régimes d'imposition des bénéfices agricoles</Complement></Reference><Reference type="Texte de référence" URL="https://www.legifrance.gouv.fr/codes/id/LEGISCTA000006197204/" ID="R36995"><Titre>Code général des impôts : articles 92 à 92 A</Titre><Complement>Revenus imposables dans la catégorie des BNC (article 92)</Complement></Reference><Reference type="Texte de référence" URL="http://bofip.impots.gouv.fr/bofip/1761-PGP" ID="R41269"><Titre>Bofip-Impôts n°BOI-BA-CHAMP-10-10-10 relatif aux activités génératrices de bénéfices agricoles</Titre></Reference><Reference type="Texte de référence" URL="http://bofip.impots.gouv.fr/bofip/7762-PGP" ID="R40738"><Titre>Bofip-Impôts sur les bénéfices industriels et commerciaux (BIC)</Titre></Reference><Reference type="Texte de référence" URL="http://bofip.impots.gouv.fr/bofip/6569-PGP" ID="R41273"><Titre>Bofip-Impôts n°BOI-BNC relatif aux bénéfices non commerciaux (BNC)</Titre></Reference><ServiceEnLigne ID="R3120" URL="https://cfspart.impots.gouv.fr/LoginMDP" audience="Particuliers" type="Téléservice"><Titre>Impôts : accéder à votre espace Particulier</Titre><Source ID="R30612">Ministère chargé des finances</Source></ServiceEnLigne><ServiceEnLigne ID="R1280" URL="https://cfspart.impots.gouv.fr/LoginMDP" audience="Particuliers" type="Téléservice"><Titre>Déclaration 2023 en ligne des revenus de 2022</Titre><Source ID="R30612">Ministère chargé des finances</Source></ServiceEnLigne><ServiceEnLigne ID="R2740" URL="https://simulateur-ir-ifi.impots.gouv.fr/calcul_impot/2024/" audience="Particuliers" type="Simulateur"><Titre>Simulateur de calcul pour 2024 : impôt sur les revenus de 2023</Titre><Source ID="R30612">Ministère chargé des finances</Source></ServiceEnLigne><ServiceEnLigne ID="R36751" URL="https://www.impots.gouv.fr/portail/formulaire/2042/declaration-des-revenus" audience="Particuliers" format="application/pdf" poids="149.5 KB" numerocerfa="11222" autrenumero="2042-C-PRO" type="Formulaire"><Titre>Déclaration complémentaire des revenus des professions non salariées</Titre><Source ID="R30612">Ministère chargé des finances</Source></ServiceEnLigne><ServiceEnLigne ID="R14113" URL="https://www.impots.gouv.fr/portail/formulaire/2035-sd/revenus-non-commerciaux-et-assimiles-regime-de-la-declaration-controlee" audience="Particuliers" format="application/pdf" poids="744.4 KB" numerocerfa="11176" autrenumero="2035-SD" type="Formulaire"><Titre>Bénéfices non commerciaux (BNC) - Régime de la déclaration contrôlée</Titre><Source ID="R30612">Ministère chargé des finances</Source><NoticeLiee ID="R52199" URL="https://www.impots.gouv.fr/portail/formulaire/2035-sd/revenus-non-commerciaux-et-assimiles-regime-de-la-declaration-controlee" type="Notice" numerocerfa="50532" format="application/pdf" poids="317.9 KB">Impôt sur le revenu - Revenus non commerciaux - Régime de la déclaration contrôlée</NoticeLiee></ServiceEnLigne><ServiceEnLigne ID="R14120" URL="https://www.impots.gouv.fr/portail/formulaire/2031-sd/impot-sur-le-revenu" audience="Particuliers" numerocerfa="11085" autrenumero="2031-SD" type="Formulaire"><Titre>Déclaration 2023 des revenus 2022 - Bénéfices industriels et commerciaux (BIC)</Titre><Source ID="R30612">Ministère chargé des finances</Source></ServiceEnLigne><PourEnSavoirPlus type="Information pratique" ID="R46888" URL="https://www.impots.gouv.fr/portail/files/media/1_metier/1_particulier/EV/1_declarer/141_autres_revenus/eco-collabo-fiscal-service.pdf" audience="Particuliers" format="application/pdf" poids="83.3 KB"><Titre>Comment déclarer mes revenus issus de la vente de services ?</Titre><Source ID="R30612">Ministère chargé des finances</Source></PourEnSavoirPlus><PourEnSavoirPlus type="Information pratique" ID="R46895" URL="https://www.impots.gouv.fr/portail/files/media/1_metier/1_particulier/EV/1_declarer/141_autres_revenus/eco-collabo-fiscal-vente-biens.pdf" audience="Particuliers" format="application/pdf" poids="70.1 KB"><Titre>Comment déclarer mes revenus issus de la vente de mes biens ?</Titre><Source ID="R30612">Ministère chargé des finances</Source></PourEnSavoirPlus><PourEnSavoirPlus type="Information pratique" ID="R17502" URL="https://www.impots.gouv.fr/www2/fichiers/documentation/brochure/ir_2023/accueil.htm" audience="Particuliers"><Titre>Brochure pratique 2023 - Déclaration des revenus de 2022</Titre><Source ID="R30612">Ministère chargé des finances</Source></PourEnSavoirPlus><PourEnSavoirPlus type="Information pratique" ID="R32028" URL="https://www.impots.gouv.fr/portail/node/11603" audience="Particuliers"><Titre>Impôt sur le revenu : dépliants d'information</Titre><Source ID="R30612">Ministère chargé des finances</Source></PourEnSavoirPlus><Definition ID="R58265"><Titre>Plus-value</Titre><Texte><Paragraphe>Différence entre le prix de vente et le prix d'acquisition d'un bien</Paragraphe></Texte></Definition><Definition ID="R3018"><Titre>Abattement</Titre><Texte><Paragraphe>Réduction forfaitaire ou proportionnelle appliquée sur la base de calcul d'un impôt (revenus, valeur d'un bien, etc.)</Paragraphe></Texte></Definition><QuestionReponse ID="F357" audience="Particuliers"><Titre>Impôt sur le revenu - Qui est imposable ?</Titre></QuestionReponse><QuestionReponse ID="F1419" audience="Particuliers"><Titre>Quel est le barème de l'impôt sur le revenu ?</Titre></QuestionReponse><QuestionReponse ID="F359" audience="Particuliers"><Titre>Quelle est la date limite pour faire sa déclaration de revenus ?</Titre></QuestionReponse><QuestionReponse ID="F33879" audience="Particuliers"><Titre>Impôt sur le revenu - Faut-il déclarer les revenus du covoiturage ?</Titre></QuestionReponse></Publication>