<?xml version="1.0" encoding="UTF-8"?><Publication xmlns:dc="http://purl.org/dc/elements/1.1/" xmlns:xsi="http://www.w3.org/2001/XMLSchema-instance" ID="F3178" type="Fiche Question-réponse conditionnée" xsi:noNamespaceSchemaLocation="../Schemas/3.4/Publication.xsd" dateDerniereModificationImportante="2024-01-01T00:00:00" spUrl="https://www.service-public.fr/particuliers/vosdroits/F3178" statut="miseAJourAVenir"><dc:title>Impôt sur le revenu - Comment sont imposés les revenus exceptionnels ?</dc:title><dc:creator>Direction de l'information légale et administrative</dc:creator><dc:subject>Argent - Impôts - Consommation</dc:subject><dc:description>Vous avez touché des revenus exceptionnels en 2023 et vous voulez éviter une augmentation brutale de votre imposition. Pour limiter la hausse d'impôt, vous pouvez demander à bénéficier du système du quotient.</dc:description><dc:publisher>Direction de l'information légale et administrative</dc:publisher><dc:contributor>Direction de l'information légale et administrative (Premier ministre)</dc:contributor><dc:date>modified 2024-01-01</dc:date><dc:type>Question-réponse</dc:type><dc:format>text/xml</dc:format><dc:identifier>F3178</dc:identifier><dc:source>https://www.legifrance.gouv.fr/codes/section_lc/LEGITEXT000006069577/LEGISCTA000006191588/, http://bofip.impots.gouv.fr/bofip/4620-PGP.html</dc:source><dc:language>Fr</dc:language><dc:relation>isPartOf N247</dc:relation><dc:coverage>France entière</dc:coverage><dc:rights>https://www.service-public.fr/a-propos/mentions-legales</dc:rights><SurTitre>Question-réponse</SurTitre><Audience>Particuliers</Audience><Canal>www.service-public.fr</Canal><FilDAriane><Niveau ID="Particuliers">Accueil particuliers</Niveau><Niveau ID="N19803">Argent - Impôts - Consommation</Niveau><Niveau ID="N247">Impôt sur le revenu : déclaration et revenus à déclarer</Niveau><Niveau ID="F3178" type="Fiche Question-réponse conditionnée">Impôt sur le revenu - Comment sont imposés les revenus exceptionnels ?</Niveau></FilDAriane><Theme ID="N19803"><Titre>Argent - Impôts - Consommation</Titre></Theme><SousThemePere ID="N20073">Impôts, taxes et douane</SousThemePere><DossierPere ID="N247"><Titre>Impôt sur le revenu : déclaration et revenus à déclarer</Titre><SousDossier ID="N247-1"><Titre>Déclaration de revenus : mode d'emploi</Titre><Fiche ID="F369">Première déclaration</Fiche><Fiche ID="F358">Déclaration annuelle</Fiche><Fiche ID="F388">Changement de situation</Fiche></SousDossier><SousDossier ID="N247-2"><Titre>Quotient familial selon les personnes à charge</Titre><Fiche ID="F2633">Enfants mineurs</Fiche><Fiche ID="F3085">Enfants majeurs</Fiche><Fiche ID="F2661">Enfants handicapés</Fiche><Fiche ID="F387">Personnes invalides</Fiche></SousDossier><SousDossier ID="N247-3"><Titre>Quotient familial selon la situation personnelle</Titre><Fiche ID="F2702">Personne seule</Fiche><Fiche ID="F34088">Personne vivant en concubinage</Fiche><Fiche ID="F2705">Couple marié ou pacsé</Fiche><Fiche ID="F35120">Parent isolé avec au moins 1 enfant</Fiche><Fiche ID="F35127">Personne veuve</Fiche></SousDossier><SousDossier ID="N247-4"><Titre>Salaires et éléments du salaire</Titre><Fiche ID="F1225">Revenus d'activité salariée</Fiche><Fiche ID="F1226">Avantages en nature</Fiche><Fiche ID="F1989">Frais professionnels : déduction forfaitaire ou frais réels</Fiche><Fiche ID="F408">Indemnités de fin de contrat</Fiche><Fiche ID="F1228">Sommes perçues par les jeunes</Fiche></SousDossier><SousDossier ID="N247-5"><Titre>Pensions, retraites et rentes imposables</Titre><Fiche ID="F415">Pensions de retraite</Fiche><Fiche ID="F3169">Pensions d'invalidité</Fiche><Fiche ID="F3173">Rentes viagères</Fiche><Fiche ID="F3170">Pension alimentaire perçue par l'époux(se) ou ex-époux(se)</Fiche><Fiche ID="F35777">Pension alimentaire perçue par un enfant</Fiche><Fiche ID="F35778">Pension alimentaire perçue par un parent ou un grand-parent</Fiche></SousDossier><SousDossier ID="N247-6"><Titre>Revenus fonciers et mobiliers</Titre><Fiche ID="F2613">Revenus d'épargne et de placements</Fiche><Fiche ID="F21618">Plus-values sur valeurs mobilières</Fiche><Fiche ID="F10864">Plus-values immobilières</Fiche><Fiche ID="F1991">Revenus fonciers de location vide</Fiche><Fiche ID="F32744">Revenus d'une location meublée</Fiche></SousDossier></DossierPere><Avertissement ID="R35411" date="2024-01-01"><Titre>Impôt sur le revenu : déclaration 2024 des revenus de 2023</Titre><Texte><Paragraphe>Cette page est à jour pour la déclaration des revenus de 2023.</Paragraphe><Paragraphe>Cependant, les formulaires, services en ligne et documents d'information ne sont pas encore disponibles pour la campagne 2024. Ils seront mis en ligne dès qu'ils seront disponibles.</Paragraphe></Texte></Avertissement><Introduction><Texte><Paragraphe>Vous avez touché des revenus exceptionnels en 2023 et vous voulez éviter une augmentation brutale de votre imposition. Pour limiter la hausse d'impôt, vous pouvez demander à bénéficier du système du quotient.</Paragraphe></Texte></Introduction><Texte><Chapitre><Titre><Paragraphe>Quels sont les revenus considérés comme exceptionnels ?</Paragraphe></Titre><Paragraphe>Des revenus sont considérés comme exceptionnels s'ils dépassent vos revenus habituels et qu'ils <MiseEnEvidence>ne se renouvellent pas chaque année</MiseEnEvidence>.</Paragraphe><Paragraphe>Par exemple, les revenus suivants :</Paragraphe><Liste type="puce"><Item><Paragraphe>Remboursement d'un <LienInterne LienPublication="F15675" type="Fiche d'information conditionnée" audience="Particuliers">rachat de trimestres de retraite</LienInterne> (pour années d'études ou années incomplètes)</Paragraphe></Item><Item><Paragraphe>Gratification supplémentaire perçue par un salarié pour services exceptionnels</Paragraphe></Item><Item><Paragraphe>Indemnité de <LienIntra LienID="R60712" type="Définition de glossaire">pas-de-porte</LienIntra> perçue par un propriétaire</Paragraphe></Item><Item><Paragraphe>Versement forfaitaire unique qui remplace une pension de retraite de faible montant</Paragraphe></Item><Item><Paragraphe>Indemnités compensatrices <LienInterne LienPublication="F408" type="Fiche d'information conditionnée" audience="Particuliers">de préavis ou de congés payés</LienInterne> (par exemple en cas de licenciement)</Paragraphe></Item></Liste><Paragraphe>Pour être considéré comme exceptionnel, un revenu doit <MiseEnEvidence>dépasser la moyenne des revenus imposables des 3 années précédentes</MiseEnEvidence>.</Paragraphe><Paragraphe>La comparaison s'applique aux revenus du <LienIntra LienID="R1046" type="Définition de glossaire">foyer fiscal</LienIntra>.</Paragraphe><Paragraphe>Toutefois, certains revenus sont considérés comme exceptionnels <MiseEnEvidence>quel que soit leur montant</MiseEnEvidence>.</Paragraphe><Paragraphe>C'est notamment le cas pour les revenus suivants :</Paragraphe><BlocCas affichage="radio"><Cas><Titre>Indemnité de rupture de contrat de travail (part imposable)</Titre><Paragraphe>Si vous avez perçu en 2023 une indemnité de rupture de contrat de travail (par exemple, en cas de licenciement), ce revenu (<LienInterne LienPublication="F408" type="Fiche d'information conditionnée" audience="Particuliers">pour sa partie imposable</LienInterne>) est considéré comme <MiseEnEvidence>exceptionnel quel que soit son montant</MiseEnEvidence>.</Paragraphe></Cas><Cas><Titre>Prime de mobilité </Titre><Paragraphe>Si vous avez perçu en 2023 une prime de mobilité, ce revenu est considéré comme <MiseEnEvidence>exceptionnel quel que soit son montant</MiseEnEvidence>.</Paragraphe></Cas><Cas><Titre>Prime de départ volontaire</Titre><Paragraphe>Si vous avez perçu en 2023 une prime de départ volontaire (par exemple, en cas de rupture conventionnelle), ce revenu est considéré comme <MiseEnEvidence>exceptionnel quel que soit son montant</MiseEnEvidence>.</Paragraphe></Cas><Cas><Titre>Indemnité de départ volontaire en retraite ou mise à la retraite</Titre><Paragraphe>Si vous avez perçu en 2023 une indemnité de départ volontaire en retraite ou de mise à la retraite, ce revenu est considéré comme <MiseEnEvidence>exceptionnel quel que soit son montant</MiseEnEvidence>.</Paragraphe></Cas></BlocCas></Chapitre><Chapitre><Titre><Paragraphe>Comment le système du quotient est-il appliqué aux revenus exceptionnels?</Paragraphe></Titre><Paragraphe>Si vous avez perçu un revenu exceptionnel en 2023, vous pouvez demander qu'il soit imposé selon le <MiseEnEvidence>système du quotient</MiseEnEvidence>.</Paragraphe><Paragraphe>Le système du quotient permet d'éviter la progressivité du <LienInterne LienPublication="F1419" type="Fiche Question-réponse conditionnée" audience="Particuliers">barème de l'impôt</LienInterne>.</Paragraphe><Paragraphe>Il s'applique en 2 étapes :</Paragraphe><Liste type="numero"><Item><Paragraphe>Ajouter <MiseEnEvidence>le quart</MiseEnEvidence> du revenu exceptionnel au revenu habituel</Paragraphe></Item><Item><Paragraphe>Multiplier <MiseEnEvidence>par 4</MiseEnEvidence> le supplément d'impôt correspondant</Paragraphe></Item></Liste><Paragraphe>L'impôt relatif au revenu exceptionnel est <MiseEnEvidence>payé en une seule fois</MiseEnEvidence>.</Paragraphe><Paragraphe>Les revenus à imposer selon le système du quotient ne doivent <MiseEnEvidence>pas être inclus dans les autres revenus déclarés</MiseEnEvidence>.</Paragraphe><Paragraphe>Vous devez inscrire le total de ces revenus selon <MiseEnEvidence>l'un des moyens suivants :</MiseEnEvidence></Paragraphe><Liste type="puce"><Item><Paragraphe>Dans le cadre prévu page 3 de la déclaration n° 2042 C (ligne 0XX)</Paragraphe></Item><Item><Paragraphe>Sur papier libre joint à la déclaration n° 2042</Paragraphe></Item></Liste><Paragraphe>Vous devez <MiseEnEvidence>détailler le montant et la nature des revenus</MiseEnEvidence> exceptionnels à imposer au quotient, perçus par chaque membre du foyer.</Paragraphe><Paragraphe><MiseEnEvidence>La déclaration des revenus par internet</MiseEnEvidence> est obligatoire si votre résidence principale est équipée d'un accès à internet et que vous êtes en mesure de faire votre déclaration en ligne.</Paragraphe><Paragraphe>Pour l'année 2023, la déclaration de revenus est terminée.</Paragraphe><Paragraphe>La déclaration 2024 des revenus de 2023 débutera en avril 2024.</Paragraphe><Complement><Titre>Si vous devez faire une déclaration papier</Titre><Paragraphe>Pour l'année 2023, la déclaration de revenus est terminée.</Paragraphe><Paragraphe>La déclaration 2024 des revenus de 2023 débutera en avril 2024.</Paragraphe></Complement></Chapitre></Texte><VoirAussi important="non"><Dossier ID="N247" audience="Particuliers"><Titre>Impôt sur le revenu : déclaration et revenus à déclarer</Titre><Theme ID="N19803"><Titre>Argent - Impôts - Consommation</Titre></Theme></Dossier><Dossier ID="N19785" audience="Particuliers"><Titre>Impôt sur le revenu : déductions, réductions et crédits d'impôt</Titre><Theme ID="N19803"><Titre>Argent - Impôts - Consommation</Titre></Theme></Dossier><Fiche ID="F358" audience="Particuliers"><Titre>Impôt sur le revenu - Déclaration de revenus annuelle</Titre><Theme ID="N19803"><Titre>Argent - Impôts - Consommation</Titre></Theme></Fiche><Fiche ID="F24660" audience="Particuliers"><Titre>Indemnité compensatrice de préavis (licenciement, démission...)</Titre><Theme ID="N19806"><Titre>Travail - Formation</Titre></Theme></Fiche><Fiche ID="F408" audience="Particuliers"><Titre>Impôt sur le revenu - Indemnités de fin de contrat, licenciement, retraite</Titre><Theme ID="N19803"><Titre>Argent - Impôts - Consommation</Titre></Theme></Fiche></VoirAussi><QuiPeutMAider ID="R20684" sve="non" type="Centre de contact"><Titre>Service d'information des impôts</Titre><Complement>Pour des informations générales</Complement><Source ID="R30612">Ministère chargé des finances</Source><Texte><Paragraphe>Par téléphone :</Paragraphe><Paragraphe><MiseEnEvidence>0809 401 401</MiseEnEvidence></Paragraphe><Paragraphe>Du lundi au vendredi de 8h30 à 19h, hors jours fériés.</Paragraphe><Paragraphe>Service gratuit + prix appel</Paragraphe></Texte></QuiPeutMAider><QuiPeutMAider ID="R15019" sve="non" type="Local personnalisable"><Titre>Service en charge des impôts (trésorerie, service des impôts...)</Titre><Complement>Pour joindre le service local gestionnaire de votre dossier</Complement><PivotLocal>centre_impots</PivotLocal><RessourceWeb URL="https://www.impots.gouv.fr/portail/contacts"/><Source ID="R30612">Ministère chargé des finances</Source></QuiPeutMAider><Reference type="Texte de référence" URL="https://www.legifrance.gouv.fr/codes/section_lc/LEGITEXT000006069577/LEGISCTA000006191588/" ID="R31745"><Titre>Code général des impôts : articles 156 à 163 quinvicies</Titre><Complement>Système du quotient (article 163-0 A), imposition de l'indemnité compensatrice (article 163 quinquies)</Complement></Reference><Reference type="Texte de référence" URL="http://bofip.impots.gouv.fr/bofip/4620-PGP.html" ID="R2481"><Titre>Bofip-Impôts n°BOI-IR-LIQ-20-30-20 relatif à l'imposition des revenus exceptionnels ou différés selon le système du quotient</Titre></Reference><ServiceEnLigne ID="R3120" URL="https://cfspart.impots.gouv.fr/LoginMDP" audience="Particuliers" type="Téléservice"><Titre>Impôts : accéder à votre espace Particulier</Titre><Source ID="R30612">Ministère chargé des finances</Source></ServiceEnLigne><ServiceEnLigne ID="R2740" URL="https://simulateur-ir-ifi.impots.gouv.fr/calcul_impot/2024/" audience="Particuliers" type="Simulateur"><Titre>Simulateur de calcul pour 2024 : impôt sur les revenus de 2023</Titre><Source ID="R30612">Ministère chargé des finances</Source></ServiceEnLigne><ServiceEnLigne ID="R1280" URL="https://cfspart.impots.gouv.fr/LoginMDP" audience="Particuliers" type="Téléservice"><Titre>Déclaration 2023 en ligne des revenus de 2022</Titre><Source ID="R30612">Ministère chargé des finances</Source></ServiceEnLigne><ServiceEnLigne ID="R1281" URL="https://www.impots.gouv.fr/portail/formulaire/2042/declaration-des-revenus" audience="Particuliers" numerocerfa="10330" autrenumero="2042" type="Formulaire"><Titre>Déclaration des revenus (papier)</Titre><Source ID="R30612">Ministère chargé des finances</Source></ServiceEnLigne><PourEnSavoirPlus type="Information pratique" ID="R66669" URL="https://www.impots.gouv.fr/particulier/revenu-exceptionnel-ou-differe" audience="Particuliers"><Titre>Revenus exceptionnels ou différés</Titre><Source ID="R30612">Ministère chargé des finances</Source></PourEnSavoirPlus><PourEnSavoirPlus type="Information pratique" ID="R41461" URL="https://www.impots.gouv.fr/portail/" audience="Particuliers"><Titre>Site des impôts</Titre><Source ID="R30612">Ministère chargé des finances</Source></PourEnSavoirPlus><PourEnSavoirPlus type="Information pratique" ID="R17502" URL="https://www.impots.gouv.fr/www2/fichiers/documentation/brochure/ir_2023/accueil.htm" audience="Particuliers"><Titre>Brochure pratique 2023 - Déclaration des revenus de 2022</Titre><Source ID="R30612">Ministère chargé des finances</Source></PourEnSavoirPlus><PourEnSavoirPlus type="Information pratique" ID="R32028" URL="https://www.impots.gouv.fr/portail/node/11603" audience="Particuliers"><Titre>Impôt sur le revenu : dépliants d'information</Titre><Source ID="R30612">Ministère chargé des finances</Source></PourEnSavoirPlus><Definition ID="R60712"><Titre>Pas-de-porte</Titre><Texte><Paragraphe>Somme d'argent que le bailleur demande au locataire au début d'un bail commercial.</Paragraphe></Texte></Definition><Definition ID="R1046"><Titre>Foyer fiscal</Titre><Texte><Paragraphe>Ensemble de personnes remplissant une seule déclaration de revenus (exemple : époux, épouse et enfants à charge)</Paragraphe></Texte><Reference type="Texte de référence" URL="https://www.legifrance.gouv.fr/codes/id/LEGISCTA000006179569/" ID="R32026"><Titre>Code général des impôts : articles 4A à 8 quinquies</Titre></Reference></Definition><QuestionReponse ID="F34064" audience="Particuliers"><Titre>Impôt sur le revenu - Comment sont imposés les revenus différés ?</Titre></QuestionReponse><QuestionReponse ID="F357" audience="Particuliers"><Titre>Impôt sur le revenu - Qui est imposable ?</Titre></QuestionReponse><QuestionReponse ID="F1419" audience="Particuliers"><Titre>Quel est le barème de l'impôt sur le revenu ?</Titre></QuestionReponse></Publication>