<?xml version="1.0" encoding="UTF-8"?><Publication xmlns:dc="http://purl.org/dc/elements/1.1/" xmlns:xsi="http://www.w3.org/2001/XMLSchema-instance" ID="F31898" type="Fiche d'information conditionnée" xsi:noNamespaceSchemaLocation="../Schemas/3.4/Publication.xsd" spUrl="https://www.service-public.fr/particuliers/vosdroits/F31898"><dc:title>Licenciement économique : préavis de licenciement et fin du contrat de travail</dc:title><dc:creator>Direction de l'information légale et administrative</dc:creator><dc:subject>Travail - Formation</dc:subject><dc:description>Lorsque l'employeur décide de licencier un salarié pour un motif économique, il lui notifie son licenciement par lettre recommandée avec accusé de réception. La 1^re présentation de cette lettre par les services de la Poste fixe le point de départ du préavis. Le salarié doit-il effectuer un préavis ? Quelles sont les indemnités versées par l'employeur au salarié ? L'employeur doit-il remettre des documents au salarié à la fin du préavis ? Nous faisons un point sur la réglementation.</dc:description><dc:publisher>Direction de l'information légale et administrative</dc:publisher><dc:contributor>Direction de l'information légale et administrative (Premier ministre)</dc:contributor><dc:date>modified 2023-05-12</dc:date><dc:type>Fiche pratique</dc:type><dc:format>text/xml</dc:format><dc:identifier>F31898</dc:identifier><dc:source>https://www.legifrance.gouv.fr/codes/id/LEGIARTI000035644154/, https://www.legifrance.gouv.fr/codes/id/LEGIARTI000006901118/, https://www.legifrance.gouv.fr/codes/article_lc/LEGIARTI000033020681, https://www.legifrance.gouv.fr/codes/id/LEGISCTA000018537548, https://www.legifrance.gouv.fr/codes/id/LEGISCTA000006195628, https://www.legifrance.gouv.fr/codes/id/LEGISCTA000006195629</dc:source><dc:language>Fr</dc:language><dc:relation>isPartOf N481</dc:relation><dc:coverage>France entière</dc:coverage><dc:rights>https://www.service-public.fr/a-propos/mentions-legales</dc:rights><SurTitre>Fiche pratique</SurTitre><Audience>Particuliers</Audience><Canal>www.service-public.fr</Canal><FilDAriane><Niveau ID="Particuliers">Accueil particuliers</Niveau><Niveau ID="N19806">Travail - Formation</Niveau><Niveau ID="N481">Licenciement économique</Niveau><Niveau ID="F31898" type="Fiche d'information conditionnée">Licenciement économique : préavis de licenciement et fin du contrat de travail</Niveau></FilDAriane><Theme ID="N19806"><Titre>Travail - Formation</Titre></Theme><SousThemePere ID="N19967">Quitter son emploi</SousThemePere><DossierPere ID="N481"><Titre>Licenciement économique</Titre><SousDossier ID="N481-1"><Titre>Procédure de licenciement</Titre><Fiche ID="F13482">Information et consultation obligatoires</Fiche><Fiche ID="F15784">Adaptation et reclassement</Fiche><Fiche ID="F13782">Entretien préalable</Fiche><Fiche ID="F19645">Lettre de licenciement</Fiche><Fiche ID="F31898">Préavis de licenciement et fin du contrat</Fiche><Fiche ID="F1647">Priorité de réembauche</Fiche><Fiche ID="F31618">Licenciement nul, injustifié ou irrégulier</Fiche></SousDossier><SousDossier ID="N481-2"><Titre>Mesures d'accompagnement</Titre><Fiche ID="F2811">Plan de sauvegarde de l'emploi (PSE)</Fiche><Fiche ID="F13819">Contrat de sécurisation professionnelle (CSP)</Fiche><Fiche ID="F31602">Accord de performance collective</Fiche></SousDossier><SousDossier ID="N481-3"><Titre>Allocations</Titre><Fiche ID="F31688">Allocation de sécurisation professionnelle (ASP)</Fiche></SousDossier><SousDossier ID="N481-4"><Titre>Congés spécifiques</Titre><Fiche ID="F2906">Congé de reclassement</Fiche><Fiche ID="F16676">Congé de mobilité</Fiche><Fiche ID="F884">Congé de conversion</Fiche></SousDossier></DossierPere><SousDossierPere>Procédure de licenciement</SousDossierPere><Introduction><Texte><Paragraphe>Lorsque l'employeur décide de licencier un salarié pour un motif économique, il lui <LienIntra LienID="R14732" type="Définition de glossaire">notifie</LienIntra> son licenciement par lettre recommandée avec accusé de réception. La 1<Exposant>re</Exposant> présentation de cette lettre par les services de la Poste fixe le point de départ du préavis.</Paragraphe><Paragraphe>Le salarié doit-il effectuer un préavis ? Quelles sont les indemnités versées par l'employeur au salarié ? L'employeur doit-il remettre des documents au salarié à la fin du préavis ?</Paragraphe><Paragraphe>Nous faisons un point sur la réglementation.</Paragraphe></Texte></Introduction><Texte><Chapitre><Titre><Paragraphe>Le salarié doit-il effectuer un préavis lors d'un licenciement économique ?</Paragraphe></Titre><Paragraphe>Oui, le salarié doit en principe effectuer un préavis. Le contrat <MiseEnEvidence>n'est pas interrompu</MiseEnEvidence> dès la notification du licenciement économique.</Paragraphe><Paragraphe>Toutefois, le salarié n'effectue pas de préavis dans les cas suivants :</Paragraphe><Liste type="puce"><Item><Paragraphe>Dispense de préavis par l'employeur. Dans ce cas, le salarié ne travaille pas. Il est payé par l'employeur comme s'il avait travaillé jusqu'à la fin du préavis.</Paragraphe></Item></Liste><Liste type="puce"><Item><Paragraphe>Acceptation par le salarié du <LienInterne LienPublication="F13819" type="Fiche d'information conditionnée" audience="Particuliers">contrat de sécurisation professionnelle (CSP)</LienInterne>, d'un <LienInterne LienPublication="F2906" type="Fiche d'information conditionnée" audience="Particuliers">congé de reclassement</LienInterne> ou d'un <LienInterne LienPublication="F16676" type="Fiche d'information conditionnée" audience="Particuliers">congé de mobilité</LienInterne></Paragraphe></Item></Liste></Chapitre><Chapitre><Titre><Paragraphe>Quel est le point de départ du préavis lors d'un licenciement économique ?</Paragraphe></Titre><Paragraphe>Le licenciement économique est <LienIntra LienID="R14732" type="Définition de glossaire">notifié</LienIntra> par lettre recommandée avec accusé de réception.</Paragraphe><Paragraphe>La date de 1<Exposant>re</Exposant> présentation de cette lettre recommandée par les services de la Poste fixe le point de départ du préavis de licenciement.</Paragraphe></Chapitre><Chapitre><Titre><Paragraphe>Le salarié touche-t-il des indemnités suite à son licenciement économique ?</Paragraphe></Titre><Paragraphe>À la fin de son contrat de travail, le salarié touche son dernier salaire.</Paragraphe><Paragraphe>Il touche également, lorsqu'il en remplit les conditions, les indemnités ou sommes suivantes :</Paragraphe><Liste type="puce"><Item><Paragraphe><LienInterne LienPublication="F987" type="Fiche d'information conditionnée" audience="Particuliers">Indemnité de licenciement</LienInterne></Paragraphe></Item><Item><Paragraphe><LienInterne LienPublication="F24660" type="Fiche d'information conditionnée" audience="Particuliers">Indemnité compensatrice de préavis</LienInterne></Paragraphe></Item><Item><Paragraphe><LienInterne LienPublication="F24661" type="Fiche d'information conditionnée" audience="Particuliers">Indemnité compensatrice de congés payés</LienInterne>,</Paragraphe></Item><Item><Paragraphe>Indemnité supplémentaire dite <Expression>supralégale</Expression> (notamment en cas de <LienInterne LienPublication="F2811" type="Fiche d'information conditionnée" audience="Particuliers">plan de sauvegarde de l'emploi</LienInterne> ou de plan de départ volontaire)</Paragraphe></Item><Item><Paragraphe>Contrepartie financière prévue en cas de <LienInterne LienPublication="F1910" type="Fiche Question-réponse conditionnée" audience="Particuliers">clause de non-concurrence</LienInterne></Paragraphe></Item></Liste></Chapitre><Chapitre><Titre><Paragraphe>Quels sont les documents remis par l'employeur au salarié à la fin du contrat de travail ?</Paragraphe></Titre><Paragraphe>L'employeur remet les documents suivants :</Paragraphe><Liste type="puce"><Item><Paragraphe><LienInterne LienPublication="F87" type="Fiche d'information conditionnée" audience="Particuliers">Certificat de travail</LienInterne></Paragraphe></Item><Item><Paragraphe><LienInterne LienPublication="F2867" type="Fiche d'information conditionnée" audience="Particuliers">Attestation France Travail (anciennement Pôle emploi)</LienInterne></Paragraphe></Item><Item><Paragraphe><LienInterne LienPublication="F86" type="Fiche d'information conditionnée" audience="Particuliers">Reçu pour solde de tout compte</LienInterne></Paragraphe></Item><Item><Paragraphe>Dispositifs de participation, d'intéressement, plans d'épargne salariale au sein de l'entreprise, état récapitulatif de l'ensemble des sommes et valeurs mobilières épargnées</Paragraphe></Item></Liste></Chapitre></Texte><Reference type="Texte de référence" URL="https://www.legifrance.gouv.fr/codes/id/LEGIARTI000035644154/" ID="R33543"><Titre>Code du travail : articles L1234-9 à L1234-11</Titre><Complement>Indemnités de licenciement</Complement></Reference><Reference type="Texte de référence" URL="https://www.legifrance.gouv.fr/codes/id/LEGIARTI000006901118/" ID="R38771"><Titre>Code du travail : articles L1234-1 à L1234-8</Titre><Complement>Préavis et indemnité compensatrice de préavis</Complement></Reference><Reference type="Texte de référence" URL="https://www.legifrance.gouv.fr/codes/article_lc/LEGIARTI000033020681" ID="R24666"><Titre>Code du travail : article L3141-28</Titre><Complement>Indemnité compensatrice de congés payés</Complement></Reference><Reference type="Texte de référence" URL="https://www.legifrance.gouv.fr/codes/id/LEGISCTA000018537548" ID="R39810"><Titre>Code du travail : articles R1234-9 à R1234-12</Titre><Complement>Remise de l'attestation France Travail (anciennement Pôle emploi)</Complement></Reference><Reference type="Texte de référence" URL="https://www.legifrance.gouv.fr/codes/id/LEGISCTA000006195628" ID="R36303"><Titre>Code du travail : article L1234-19</Titre><Complement>Remise du certificat de travail</Complement></Reference><Reference type="Texte de référence" URL="https://www.legifrance.gouv.fr/codes/id/LEGISCTA000006195629" ID="R32616"><Titre>Code du travail : article L1234-20</Titre><Complement>Remise du solde de tout compte</Complement></Reference><Definition ID="R14732"><Titre>Notification</Titre><Texte><Paragraphe>Formalité par laquelle un acte de procédure ou une décision est porté à la connaissance d’une personne</Paragraphe></Texte></Definition><QuestionReponse ID="F20744" audience="Particuliers"><Titre>Un salarié peut-il garder la complémentaire santé (mutuelle) employeur à la fin de son contrat ?</Titre></QuestionReponse><QuestionReponse ID="F2831" audience="Particuliers"><Titre>Comment sont choisis les salariés lors d'un licenciement économique ?</Titre></QuestionReponse><QuestionReponse ID="F36444" audience="Particuliers"><Titre>Un ressortissant européen salarié en France a-t-il les mêmes droits qu'un salarié français ?</Titre></QuestionReponse></Publication>