<?xml version="1.0" encoding="UTF-8"?><Publication xmlns:dc="http://purl.org/dc/elements/1.1/" xmlns:xsi="http://www.w3.org/2001/XMLSchema-instance" ID="F31847" type="Fiche Question-réponse conditionnée" xsi:noNamespaceSchemaLocation="../Schemas/3.4/Publication.xsd" spUrl="https://www.service-public.fr/particuliers/vosdroits/F31847"><dc:title>Demande de permis de conduire : quel justificatif de domicile ?</dc:title><dc:creator>Direction de l'information légale et administrative</dc:creator><dc:subject>Transports - Mobilité</dc:subject><dc:description>Pour demander un permis de conduire, vous devez justifier votre domicile en France. Vous pouvez utiliser Justif'Adresse si vous habitez en métropole</dc:description><dc:publisher>Direction de l'information légale et administrative</dc:publisher><dc:contributor>Direction de l'information légale et administrative (Premier ministre)</dc:contributor><dc:date>modified 2023-11-23</dc:date><dc:type>Question-réponse</dc:type><dc:format>text/xml</dc:format><dc:identifier>F31847</dc:identifier><dc:source>https://www.legifrance.gouv.fr/codes/section_lc/LEGITEXT000031366350/LEGISCTA000031370017/, https://www.legifrance.gouv.fr/loda/id/JORFTEXT000033736411, https://www.legifrance.gouv.fr/loda/id/JORFTEXT000038114929/, https://www.legifrance.gouv.fr/jorf/id/JORFTEXT000042472245</dc:source><dc:language>Fr</dc:language><dc:relation>isPartOf N530</dc:relation><dc:coverage>France entière</dc:coverage><dc:rights>https://www.service-public.fr/a-propos/mentions-legales</dc:rights><SurTitre>Question-réponse</SurTitre><Audience>Particuliers</Audience><Canal>www.service-public.fr</Canal><FilDAriane><Niveau ID="Particuliers">Accueil particuliers</Niveau><Niveau ID="N19812">Transports - Mobilité</Niveau><Niveau ID="N530">Permis de conduire</Niveau><Niveau ID="F31847" type="Fiche Question-réponse conditionnée">Demande de permis de conduire : quel justificatif de domicile ?</Niveau></FilDAriane><Theme ID="N19812"><Titre>Transports - Mobilité</Titre></Theme><DossierPere ID="N530"><Titre>Permis de conduire</Titre><SousDossier ID="N530-1"><Titre>Attestation et brevet de sécurité routière</Titre><Fiche ID="F16511">Attestation de sécurité routière (ASR)</Fiche><Fiche ID="F16548">Attestation scolaire de sécurité routière (ASSR)</Fiche><Fiche ID="F2890">Brevet de sécurité routière (BSR), catégorie AM du permis de conduire</Fiche></SousDossier><SousDossier ID="N530-2"><Titre>Permis moto</Titre><Fiche ID="F2832">Permis A1 (permis 125 cm3)</Fiche><Fiche ID="F31083">Permis A2 (- de 35 kw)</Fiche><Fiche ID="F2830">Permis A (+ de 35 kw)</Fiche></SousDossier><SousDossier ID="N530-3"><Titre>Permis B (voiture ou quadricycle lourd)</Titre><Fiche ID="F2826">Apprentissage anticipé de la conduite à partir de 15 ans (AAC)</Fiche><Fiche ID="F10036">Conduite encadrée à partir de 16 ans</Fiche><Fiche ID="F21012">Conduite supervisée à partir de 18 ans</Fiche><Fiche ID="F2825">Permis B en candidat libre</Fiche><Fiche ID="F2828">Permis B : voiture ou camionnette</Fiche><Fiche ID="F2833">Permis B1 : quadricycle lourd à moteur</Fiche><Fiche ID="F2845">Permis BE : voiture + remorque de plus de 750 kg</Fiche></SousDossier><SousDossier ID="N530-4"><Titre>Permis pour le transport de marchandises et de personnes</Titre><Fiche ID="F2843">Permis C (+ de 3,5 t)</Fiche><Fiche ID="F2846">Permis CE (+ de 3,5 t avec remorque)</Fiche><Fiche ID="F31121">Permis C1 (entre 3,5 t et 7,5 t)</Fiche><Fiche ID="F31124">Permis C1E (entre 3,5 t et 7,5 t avec remorque)</Fiche><Fiche ID="F2844">Permis D (transport + de 8 passagers)</Fiche><Fiche ID="F2848">Permis DE (transport + 8 passagers avec remorque)</Fiche><Fiche ID="F31128">Permis D1 (transport de 16 passagers maximum)</Fiche><Fiche ID="F31129">Permis D1E (transport de 16 passagers maximum avec remorque)</Fiche></SousDossier><SousDossier ID="N530-5"><Titre>Perte, vol ou détérioration du permis de conduire</Titre><Fiche ID="F1450">Vol</Fiche><Fiche ID="F1727">Perte</Fiche><Fiche ID="F20109">Détérioration</Fiche></SousDossier><SousDossier ID="N530-6"><Titre>Contrôle médical</Titre><Fiche ID="F2686">Pour raison de santé</Fiche><Fiche ID="F1255">Pour un permis professionnel</Fiche></SousDossier></DossierPere><RechercheGuideePere ID="F36633" audience="Particuliers"><Titre>Demande de permis de conduire : quel justificatif de domicile ?</Titre></RechercheGuideePere><RechercheGuidee ID="F36633" audience="Particuliers"><Titre><Paragraphe>Demande de permis de conduire : quel justificatif de domicile ?</Paragraphe></Titre></RechercheGuidee><Texte><Paragraphe>Les règles diffèrent selon que vous vivez en <MiseEnEvidence>métropole</MiseEnEvidence> ou en <LienIntra LienID="R41207" type="Définition de glossaire">outre-mer</LienIntra>.</Paragraphe></Texte><ListeSituations affichage="onglet"><Situation><Titre>Métropole</Titre><Condition><estVrai var="T11126"/></Condition><Texte><FragmentConditionne><Condition><estVrai var="T10010"/></Condition><Paragraphe>Vous pouvez utiliser le <MiseEnEvidence>dispositif Justif'Adresse</MiseEnEvidence> ou fournir un <MiseEnEvidence>justificatif de domicile</MiseEnEvidence>.</Paragraphe></FragmentConditionne><TitreFlottant><Paragraphe>1er cas : vous utilisez Justif'Adresse</Paragraphe></TitreFlottant><FragmentConditionne><Condition><estVrai var="T11902"/></Condition><Paragraphe><MiseEnEvidence>Justif'Adresse</MiseEnEvidence> est un dispositif technique <MiseEnEvidence>intégré à la demande de permis de conduire en ligne</MiseEnEvidence>. Il permet de réaliser une vérification automatique de l'adresse que vous avez saisie.</Paragraphe><Paragraphe>En utilisant Justif'Adresse, <MiseEnEvidence>vous n'avez pas à fournir de justificatif de domicile</MiseEnEvidence>.</Paragraphe></FragmentConditionne><TitreFlottant><Paragraphe>2e cas : vous n'utilisez pas Justif'Adresse</Paragraphe></TitreFlottant><FragmentConditionne><Condition><estVrai var="T11903"/></Condition><Paragraphe>Les justificatifs acceptés varient selon que vous êtes <MiseEnEvidence>majeur</MiseEnEvidence> ou <MiseEnEvidence>mineur</MiseEnEvidence>.</Paragraphe><Paragraphe>Préparez une <MiseEnEvidence>version numérisée</MiseEnEvidence> pour faire la <MiseEnEvidence>demande en ligne</MiseEnEvidence>.</Paragraphe></FragmentConditionne><BlocCas affichage="onglet"><Cas><Titre>Majeur</Titre><Condition><estVrai var="T10043"/></Condition><BlocCas affichage="radio"><Cas><Titre>Vous avez un justificatif de domicile à votre nom</Titre><Paragraphe>Vous devez fournir l'un des documents suivants (un seul justificatif de domicile est nécessaire) :</Paragraphe><Liste type="puce"><Item><Paragraphe>Facture datant de moins de 6 mois d'eau, d'électricité, de gaz, ou de téléphone fixe ou mobile</Paragraphe><Paragraphe>La photocopie d'une facture électronique est acceptée.</Paragraphe></Item><Item><Paragraphe>Avis d'imposition ou de non imposition</Paragraphe></Item><Item><Paragraphe>Quittance de loyer.</Paragraphe><Paragraphe>Une quittance de loyer est acceptée si elle est non manuscrite et n’émane pas d’un particulier. </Paragraphe></Item></Liste></Cas><Cas><Titre>Vous habitez chez un proche : parent, ami...</Titre><Paragraphe>Vous devez fournir les 3 documents suivants :</Paragraphe><Liste type="puce"><Item><Paragraphe><LienInterne LienPublication="R39697" type="Modèle de document" audience="Particuliers">Attestation sur l'honneur</LienInterne> de la personne qui vous héberge, datée et signée par vous deux</Paragraphe></Item><Item><Paragraphe>Copie de la pièce d'identité de la personne qui vous héberge</Paragraphe></Item><Item><Paragraphe>Justificatif de domicile à son nom (facture de moins de 6 mois d'eau, d'électricité, de gaz ou de téléphone, avis d'imposition ou de non imposition, quittance de loyer non manuscrite)</Paragraphe></Item></Liste></Cas><Cas><Titre>Vous êtes sans domicile stable ou fixe (SDF)</Titre><Paragraphe>Vous devez fournir les 2 documents suivants :</Paragraphe><Liste type="puce"><Item><Paragraphe><LienInterne LienPublication="F17317" type="Fiche Question-réponse conditionnée" audience="Particuliers">Attestation d'élection de domicile</LienInterne> auprès d'un organisme agréé par le préfet (votre mairie peut vous en indiquer la liste) ou livret spécial de circulation</Paragraphe></Item><Item><Paragraphe>Facture de moins de 6 mois de téléphone fixe ou mobile, de gaz, d'électricité ou d'eau</Paragraphe></Item></Liste></Cas><Cas><Titre>Vous vivez à l'hôtel</Titre><Paragraphe>Vous devez fournir les 2 documents suivants :</Paragraphe><Liste type="puce"><Item><Paragraphe>Attestation du gérant ou du directeur de l'hôtel</Paragraphe></Item><Item><Paragraphe>Justificatif de moins de 6 mois à son nom indiquant la même adresse (facture de moins de 6 mois d'eau, d'électricité, de gaz ou de téléphone fixe ou mobile, avis d'imposition, quittance de loyer non manuscrite)</Paragraphe></Item></Liste></Cas><Cas><Titre>Vous vivez dans une caravane</Titre><Paragraphe>Vous devez fournir les 2 documents suivants :</Paragraphe><Liste type="puce"><Item><Paragraphe>Attestation du gérant ou du directeur du camping</Paragraphe></Item><Item><Paragraphe>Justificatif de moins de 6 mois à son nom indiquant la même adresse (facture de moins de 6 mois d'eau, d'électricité, de gaz ou de téléphone fixe ou mobile, avis d'imposition, quittance de loyer non manuscrite)</Paragraphe></Item></Liste></Cas><Cas><Titre>Vous vivez sur un bateau de plaisance</Titre><Paragraphe>Vous devez fournir les 2 documents suivants :</Paragraphe><Liste type="puce"><Item><Paragraphe>Attestation de moins de 6 mois établie par la capitainerie du port d'une propriété d'emplacement ou d'une location permanente</Paragraphe></Item><Item><Paragraphe>Justificatif de moins de 6 mois à son nom indiquant la même adresse (facture de moins de 6 mois de téléphone fixe ou mobile, avis d'imposition, quittance de loyer non manuscrite)</Paragraphe></Item></Liste></Cas></BlocCas></Cas><Cas><Titre>Mineur</Titre><Condition><estVrai var="T10032"/></Condition><Paragraphe>Vous devez fournir les documents suivants :</Paragraphe><Liste type="puce"><Item><Paragraphe><LienInterne LienPublication="R39697" type="Modèle de document" audience="Particuliers">Attestation d'hébergement sur l'honneur</LienInterne> de l'un des parents, datée et signée</Paragraphe></Item><Item><Paragraphe>Copie de la pièce d'identité du parent qui a signé l'attestation</Paragraphe></Item><Item><Paragraphe>Justificatif de domicile de ce même parent</Paragraphe></Item></Liste></Cas></BlocCas></Texte></Situation><Situation><Titre>Outre-mer</Titre><Condition><estVrai var="T14773"/></Condition><Introduction><Texte><Paragraphe>Vous devez fournir un <MiseEnEvidence>justificatif de domicile</MiseEnEvidence>.</Paragraphe></Texte></Introduction><Texte><Paragraphe>Les justificatifs acceptés varient selon que vous êtes <MiseEnEvidence>majeur</MiseEnEvidence> ou <MiseEnEvidence>mineur</MiseEnEvidence>.</Paragraphe><Paragraphe>Préparez une <MiseEnEvidence>version numérisée</MiseEnEvidence> pour faire la <MiseEnEvidence>demande en ligne</MiseEnEvidence>.</Paragraphe><BlocCas affichage="onglet"><Cas><Titre>Majeur</Titre><Condition><estVrai var="T10043"/></Condition><BlocCas affichage="radio"><Cas><Titre>Vous avez un justificatif de domicile à votre nom</Titre><Paragraphe>Vous devez fournir l'un des documents suivants (un seul justificatif de domicile est nécessaire) :</Paragraphe><Liste type="puce"><Item><Paragraphe>Facture datant de moins de 6 mois d'eau, d'électricité, de gaz, ou de téléphone fixe ou mobile</Paragraphe><Paragraphe>La photocopie d'une facture électronique est acceptée.</Paragraphe></Item><Item><Paragraphe>Avis d'imposition ou de non imposition</Paragraphe></Item><Item><Paragraphe>Quittance de loyer.</Paragraphe><Paragraphe>Une quittance de loyer est acceptée si elle est non manuscrite et n’émane pas d’un particulier. </Paragraphe></Item></Liste></Cas><Cas><Titre>Vous habitez chez un proche : parent, ami...</Titre><Paragraphe>Vous devez fournir les 3 documents suivants :</Paragraphe><Liste type="puce"><Item><Paragraphe><LienInterne LienPublication="R39697" type="Modèle de document" audience="Particuliers">Attestation sur l'honneur</LienInterne> de la personne qui vous héberge, datée et signée par vous deux</Paragraphe></Item><Item><Paragraphe>Copie de la pièce d'identité de la personne qui vous héberge</Paragraphe></Item><Item><Paragraphe>Justificatif de domicile à son nom (facture de moins de 6 mois d'eau, d'électricité, de gaz ou de téléphone, avis d'imposition ou de non imposition, quittance de loyer non manuscrite)</Paragraphe></Item></Liste></Cas><Cas><Titre>Vous êtes sans domicile stable ou fixe (SDF)</Titre><Paragraphe>Vous devez fournir les 2 documents suivants :</Paragraphe><Liste type="puce"><Item><Paragraphe><LienInterne LienPublication="F17317" type="Fiche Question-réponse conditionnée" audience="Particuliers">Attestation d'élection de domicile</LienInterne> auprès d'un organisme agréé par le préfet (votre mairie peut vous en indiquer la liste) ou livret spécial de circulation</Paragraphe></Item><Item><Paragraphe>Facture de moins de 6 mois de téléphone fixe ou mobile, de gaz, d'électricité ou d'eau</Paragraphe></Item></Liste></Cas><Cas><Titre>Vous vivez à l'hôtel</Titre><Paragraphe>Vous devez fournir les 2 documents suivants :</Paragraphe><Liste type="puce"><Item><Paragraphe>Attestation du gérant ou du directeur de l'hôtel</Paragraphe></Item><Item><Paragraphe>Justificatif de moins de 6 mois à son nom indiquant la même adresse (facture de moins de 6 mois d'eau, d'électricité, de gaz ou de téléphone fixe ou mobile, avis d'imposition, quittance de loyer non manuscrite)</Paragraphe></Item></Liste></Cas><Cas><Titre>Vous vivez dans une caravane</Titre><Paragraphe>Vous devez fournir les 2 documents suivants :</Paragraphe><Liste type="puce"><Item><Paragraphe>Attestation du gérant ou du directeur du camping</Paragraphe></Item><Item><Paragraphe>Justificatif de moins de 6 mois à son nom indiquant la même adresse (facture de moins de 6 mois d'eau, d'électricité, de gaz ou de téléphone fixe ou mobile, avis d'imposition, quittance de loyer non manuscrite)</Paragraphe></Item></Liste></Cas><Cas><Titre>Vous vivez sur un bateau de plaisance</Titre><Paragraphe>Vous devez fournir les 2 documents suivants :</Paragraphe><Liste type="puce"><Item><Paragraphe>Attestation de moins de 6 mois établie par la capitainerie du port d'une propriété d'emplacement ou d'une location permanente</Paragraphe></Item><Item><Paragraphe>Justificatif de moins de 6 mois à son nom indiquant la même adresse (facture de moins de 6 mois de téléphone fixe ou mobile, avis d'imposition, quittance de loyer non manuscrite)</Paragraphe></Item></Liste></Cas></BlocCas></Cas><Cas><Titre>Mineur</Titre><Condition><estVrai var="T10032"/></Condition><Paragraphe>Vous devez fournir les documents suivants :</Paragraphe><Liste type="puce"><Item><Paragraphe><LienInterne LienPublication="R39697" type="Modèle de document" audience="Particuliers">Attestation d'hébergement sur l'honneur</LienInterne> de l'un des parents datée et signée</Paragraphe></Item><Item><Paragraphe>Copie de la pièce d'identité du parent qui a signé l'attestation</Paragraphe></Item><Item><Paragraphe>Justificatif de domicile de ce même parent</Paragraphe></Item></Liste></Cas></BlocCas></Texte></Situation></ListeSituations><VoirAussi important="non"><Dossier ID="N530" audience="Particuliers"><Titre>Permis de conduire</Titre><Theme ID="N19812"><Titre>Transports - Mobilité</Titre></Theme></Dossier><Dossier ID="N18918" audience="Particuliers"><Titre>Infractions routières</Titre><Theme ID="N19812"><Titre>Transports - Mobilité</Titre></Theme></Dossier></VoirAussi><QuiPeutMAider ID="R49378" sve="non" type="Local personnalisé sur SP"><Titre>Point d'accueil numérique</Titre><Complement>Si vous avez des difficultés pour faire la démarche en ligne</Complement><PivotLocal>point_accueil_numérique</PivotLocal><RessourceWeb URL="https://lannuaire.service-public.fr/navigation/point_accueil_numerique"/></QuiPeutMAider><QuiPeutMAider ID="R55753" sve="non" type="Local personnalisé sur SP"><Titre>France Services / Maison de services au public</Titre><Complement>Si vous avez des difficultés pour faire la démarche en ligne</Complement><PivotLocal>msap</PivotLocal><RessourceWeb URL="https://lannuaire.service-public.fr/navigation/msap"/></QuiPeutMAider><Reference type="Texte de référence" URL="https://www.legifrance.gouv.fr/codes/section_lc/LEGITEXT000031366350/LEGISCTA000031370017/" ID="R18389"><Titre>Code des relations entre le public et l'administration : articles R113-5 à R113-9</Titre><Complement>Justification du domicile via un fournisseur d'un bien ou d'un service (article R113-8-1)</Complement></Reference><Reference type="Texte de référence" URL="https://www.legifrance.gouv.fr/loda/id/JORFTEXT000033736411" ID="R10091"><Titre>Arrêté du 23 décembre 2016 relatif à la justification de l'identité, du domicile, de la résidence normale et de la régularité du séjour pour l'obtention du permis de conduire</Titre></Reference><Reference type="Texte de référence" URL="https://www.legifrance.gouv.fr/loda/id/JORFTEXT000038114929/" ID="R54328"><Titre>Arrêté du 4 février 2019 fixant la liste des fournisseurs qui communiquent à l'administration les informations permettant de vérifier le domicile</Titre></Reference><Reference type="Texte de référence" URL="https://www.legifrance.gouv.fr/jorf/id/JORFTEXT000042472245" ID="R57473"><Titre>Arrêté du 27 octobre 2020 fixant la liste des fournisseurs qui communiquent à l'administration les informations permettant de vérifier le domicile</Titre></Reference><ServiceEnLigne ID="R39697" URL="https://www.service-public.fr/simulateur/calcul/AttestationHebergement" audience="Particuliers" type="Modèle de document"><Titre>Attestation d'hébergement</Titre><Source ID="R30608">Direction de l'information légale et administrative (Dila) - Premier ministre</Source></ServiceEnLigne><ServiceEnLigne ID="R45443" URL="https://permisdeconduire.ants.gouv.fr/demarches-en-ligne/reussite-a-l-examen-du-permis-de-conduire" audience="Particuliers" type="Téléservice"><Titre>Demande en ligne de permis de conduire à la suite de la réussite à un examen</Titre><Source ID="R30628">Agence nationale des titres sécurisés (ANTS)</Source></ServiceEnLigne><ServiceEnLigne ID="R36427" URL="https://moncompte.ants.gouv.fr/connexion" audience="Particuliers" type="Téléservice"><Titre>Suivre l'avancement de votre demande de permis de conduire</Titre><Source ID="R30628">Agence nationale des titres sécurisés (ANTS)</Source></ServiceEnLigne><ServiceEnLigne ID="R60964" URL="https://recours.permisdeconduire.gouv.fr/" audience="Particuliers" type="Téléservice"><Titre>Faire un recours en ligne concernant le permis de conduire</Titre><Source ID="R30603">Ministère chargé de l'intérieur</Source></ServiceEnLigne><ServiceEnLigne ID="R17121" URL="https://mespoints.permisdeconduire.gouv.fr" audience="Particuliers" type="Téléservice"><Titre>Permis de conduire : consulter ses points et ses relevés</Titre><Source ID="R30603">Ministère chargé de l'intérieur</Source></ServiceEnLigne><PourEnSavoirPlus type="Information pratique" ID="R53678" URL="https://ants.gouv.fr/nos-missions/les-solutions-numeriques/justif-adresse" audience="Particuliers"><Titre>Dispositif Justif'Adresse</Titre><Source ID="R30628">Agence nationale des titres sécurisés (ANTS)</Source></PourEnSavoirPlus><Definition ID="R41207"><Titre>Départements et régions d'outre-mer (Drom)</Titre><Texte><Paragraphe>Guadeloupe - Guyane - Martinique - Mayotte - La Réunion</Paragraphe></Texte></Definition><QuestionReponse ID="F33352" audience="Particuliers"><Titre>Comment savoir où en est votre demande de permis de conduire ?</Titre></QuestionReponse><QuestionReponse ID="F20028" audience="Particuliers"><Titre>Comment faire ajouter une nouvelle catégorie sur votre permis de conduire ?</Titre></QuestionReponse><QuestionReponse ID="F31133" audience="Particuliers"><Titre>Quelle est la durée de validité d'un permis de conduire ?</Titre></QuestionReponse><QuestionReponse ID="F31057" audience="Particuliers"><Titre>Demande de permis de conduire : quelle pièce d'identité peut-on présenter ?</Titre></QuestionReponse><QuestionReponse ID="F34762" audience="Particuliers"><Titre>Demande en ligne de permis de conduire : comment être aidé dans la démarche ?</Titre></QuestionReponse><QuestionReponse ID="F12096" audience="Particuliers"><Titre>Quel permis pour quelle catégorie de véhicules ?</Titre></QuestionReponse><QuestionReponse ID="F16867" audience="Particuliers"><Titre>Doit-on changer son permis de conduire si la photo n'est plus ressemblante ?</Titre></QuestionReponse><QuestionReponse ID="F250" audience="Particuliers"><Titre>Faut-il demander un nouveau permis de conduire en cas de changement d'adresse ?</Titre></QuestionReponse></Publication>