<?xml version="1.0" encoding="UTF-8"?><Publication xmlns:dc="http://purl.org/dc/elements/1.1/" xmlns:xsi="http://www.w3.org/2001/XMLSchema-instance" ID="F31835" type="Fiche Question-réponse conditionnée" xsi:noNamespaceSchemaLocation="../Schemas/3.4/Publication.xsd" spUrl="https://www.service-public.fr/particuliers/vosdroits/F31835"><dc:title>Local à poubelles d'un immeuble en copropriété : quelles sont les règles ?</dc:title><dc:creator>Direction de l'information légale et administrative</dc:creator><dc:subject>Logement</dc:subject><dc:description>Dans un immeuble en copropriété, le lieu de stockage des déchets ménagers (local à poubelles) doit respecter un certain nombre de règles (techniques, sanitaires...). En cas de litige, différents recours sont possibles.</dc:description><dc:publisher>Direction de l'information légale et administrative</dc:publisher><dc:contributor>Direction de l'information légale et administrative (Premier ministre)</dc:contributor><dc:date>modified 2022-03-22</dc:date><dc:type>Question-réponse</dc:type><dc:format>text/xml</dc:format><dc:identifier>F31835</dc:identifier><dc:source>https://www.legifrance.gouv.fr/circulaire/id/8874?, https://www.legifrance.gouv.fr/loda/article_lc/LEGIARTI000044074302</dc:source><dc:language>Fr</dc:language><dc:relation>isPartOf N31064</dc:relation><dc:coverage>France entière</dc:coverage><dc:rights>https://www.service-public.fr/a-propos/mentions-legales</dc:rights><SurTitre>Question-réponse</SurTitre><Audience>Particuliers</Audience><Canal>www.service-public.fr</Canal><FilDAriane><Niveau ID="Particuliers">Accueil particuliers</Niveau><Niveau ID="N19808">Logement</Niveau><Niveau ID="N31064">Droits des copropriétaires</Niveau><Niveau ID="F31835" type="Fiche Question-réponse conditionnée">Local à poubelles d'un immeuble en copropriété : quelles sont les règles ?</Niveau></FilDAriane><Theme ID="N19808"><Titre>Logement</Titre></Theme><SousThemePere ID="N31337">Copropriété</SousThemePere><DossierPere ID="N31064"><Titre>Droits des copropriétaires</Titre><Fiche ID="F31512">Parties privatives réservées à l'usage exclusif de son copropriétaire</Fiche><Fiche ID="F31518">Partie commune réservée à l'usage exclusif d'un copropriétaire (droit de jouissance privative)</Fiche><Fiche ID="F31513">Travaux et aménagements par le propriétaire occupant d'un appartement</Fiche></DossierPere><Introduction><Texte><Paragraphe>Dans un immeuble en copropriété, le lieu de stockage des <LienIntra LienID="R35513" type="Définition de glossaire">déchets ménagers</LienIntra> (local à poubelles) doit respecter un certain nombre de règles (techniques, sanitaires...). En cas de litige, différents recours sont possibles.</Paragraphe></Texte></Introduction><Texte><Chapitre><Titre><Paragraphe>Quelles sont les règles techniques à respecter ?</Paragraphe></Titre><Paragraphe>Dans un immeuble en copropriété, le local à poubelles doit répondre aux caractéristiques suivantes :</Paragraphe><Liste type="puce"><Item><Paragraphe>Être clos et ventilé</Paragraphe></Item><Item><Paragraphe>Avoir des portes permettant une fermeture hermétique</Paragraphe></Item><Item><Paragraphe>Avoir des parois (murs et sol) imperméables et ininflammables</Paragraphe></Item><Item><Paragraphe>Empêcher l'intrusion des insectes et rongeurs</Paragraphe></Item><Item><Paragraphe>Avoir un poste de lavage (robinetterie) et un système d'évacuation des eaux</Paragraphe></Item><Item><Paragraphe>Ne pas communiquer directement avec les logements ou locaux commerciaux (restaurant, vente de produits alimentaires)</Paragraphe></Item></Liste><Paragraphe>Si la configuration de l'immeuble ne permet pas la création d'un local à poubelles, les bacs à ordures peuvent être installés à l'emplacement le moins gênant pour les occupants. Cet emplacement ne peut pas être les lieux d'accès à la cage d'escaliers.</Paragraphe><Paragraphe>Un point d'eau et une évacuation des eaux usées doivent alors être aménagés pour permettre de les nettoyer.</Paragraphe><ANoter><Titre>À noter</Titre><Paragraphe>le règlement sanitaire applicable à votre département peut prévoir des dispositions spécifiques <MiseEnEvidence>en plus</MiseEnEvidence> de ces caractéristiques générales minimales.</Paragraphe></ANoter></Chapitre><Chapitre><Titre><Paragraphe>Quelles sont les règles sanitaires à respecter ?</Paragraphe></Titre><Paragraphe>Le local à poubelles doit être maintenu dans un bon état de propreté, tout comme les bacs à ordures qui y sont installés.</Paragraphe><Paragraphe>L'entretien et le nettoyage du local et des bacs doivent être assurés de manière à ce qu'aucune odeur ne puisse pénétrer à l'intérieur des logements et locaux commerciaux de l'immeuble.</Paragraphe><Paragraphe>Ces tâches sont assurées soit par le gardien (ou concierge) de la copropriété, soit par un employé mandaté par le <LienInterne LienPublication="F2608" type="Fiche d'information conditionnée" audience="Particuliers">syndic de copropriété</LienInterne>.</Paragraphe></Chapitre><Chapitre><Titre><Paragraphe>Quelles sont les règles d'accès et d'utilisation ?</Paragraphe></Titre><Paragraphe>Les occupants de l'immeuble doivent avoir accès au local à poubelles (ou aux bacs à ordures s'il n'y a pas de local) chaque jour, y compris si la collecte n'est pas quotidienne.</Paragraphe><Paragraphe>Les bacs destinés à recevoir les déchets doivent être en nombre suffisant pour éviter toute surcharge.</Paragraphe><Paragraphe>Les bacs doivent être équipés d'un couvercle.</Paragraphe><Paragraphe>Ils doivent être colorés pour permettre le tri sélectif des déchets ménagers.</Paragraphe><Attention><Titre>Attention</Titre><Paragraphe>le <LienInterne LienPublication="F2589" type="Fiche d'information conditionnée" audience="Particuliers">règlement de copropriété</LienInterne> peut fixer des règles spécifiques d'utilisation et d'accès au local à poubelles (horaires, utilisation d'une clé...). Le <LienInterne LienPublication="F2608" type="Fiche d'information conditionnée" audience="Particuliers">syndic de copropriété</LienInterne> est responsable de l'application de ce règlement.</Paragraphe></Attention></Chapitre><Chapitre><Titre><Paragraphe>Que faire en cas de nuisances ?</Paragraphe></Titre><Paragraphe>En cas de nuisances liées à des copropriétaires mal intentionnés (par exemple, déversement des poubelles à côté des bacs), vous pouvez avertir le syndic de copropriété par tous moyens. Le syndic se chargera d'informer le <LienInterne LienPublication="F2606" type="Fiche d'information conditionnée" audience="Particuliers">syndicat de copropriétaires</LienInterne>.</Paragraphe><Paragraphe>Si les nuisances viennent du fait que le local poubelle ne respecte pas les caractéristiques techniques et sanitaires, vous pouvez contacter le service communal d'hygiène et de santé de la mairie. Ce service pourra prendre des mesures pour la mise en conformité des lieux.</Paragraphe><OuSAdresser ID="R1" sve="non" type="Local personnalisé sur SP"><Titre>Mairie</Titre><PivotLocal>mairie</PivotLocal><RessourceWeb URL="https://lannuaire.service-public.fr/navigation/mairie"/></OuSAdresser></Chapitre></Texte><VoirAussi important="non"><Dossier ID="N31064" audience="Particuliers"><Titre>Droits des copropriétaires</Titre><Theme ID="N19808"><Titre>Logement</Titre></Theme></Dossier></VoirAussi><QuiPeutMAider ID="R5" sve="non" type="Local personnalisé sur SP"><Titre>Agence départementale pour l'information sur le logement (Adil)</Titre><PivotLocal>adil</PivotLocal><RessourceWeb URL="https://www.anil.org/lanil-et-les-adil/votre-adil/"/><Source ID="R30676">Agence nationale pour l'information sur le logement (Anil)</Source></QuiPeutMAider><OuSAdresser ID="R5" sve="non" type="Local personnalisé sur SP"><Titre>Agence départementale pour l'information sur le logement (Adil)</Titre><PivotLocal>adil</PivotLocal><RessourceWeb URL="https://www.anil.org/lanil-et-les-adil/votre-adil/"/><Source ID="R30676">Agence nationale pour l'information sur le logement (Anil)</Source></OuSAdresser><Reference type="Texte de référence" URL="https://www.legifrance.gouv.fr/circulaire/id/8874?" ID="R34211"><Titre>Circulaire du 26 avril 1982 relative à la modification du réglement sanitaire départemental type</Titre><Complement>Caractéristiques techniques et sanitaires du local à poubelles (règlement type)</Complement></Reference><Reference type="Texte de référence" URL="https://www.legifrance.gouv.fr/loda/article_lc/LEGIARTI000044074302" ID="R32962"><Titre>Loi n°65-557 du 10 juillet 1965 : article 18</Titre><Complement>Missions du syndic</Complement></Reference><PourEnSavoirPlus type="Information pratique" ID="R14355" URL="https://librairie.ademe.fr/cadic/1811/guide-pratique-moins-produits-toxiques.pdf" audience="Particuliers" format="application/pdf" poids="1.9 MB"><Titre>Se passer des produits toxiques à la maison et au jardin</Titre><Source ID="R30674">Agence de la transition écologique (Ademe)</Source></PourEnSavoirPlus><PourEnSavoirPlus type="Information pratique" ID="R54976" URL="https://agirpourlatransition.ademe.fr/particuliers/maison/dechets/comprendre-symboles" audience="Particuliers"><Titre>Comprendre les symboles inscrits sur les flacons et emballages</Titre><Source ID="R30674">Agence de la transition écologique (Ademe)</Source></PourEnSavoirPlus><PourEnSavoirPlus type="Information pratique" ID="R11025" URL="https://www.ecologique-solidaire.gouv.fr/stop-pub" audience="Particuliers"><Titre>Stop Pub : réduire les prospectus dans sa boite aux lettres</Titre><Source ID="R30658">Ministère chargé de l'environnement</Source></PourEnSavoirPlus><PourEnSavoirPlus type="Information pratique" ID="R54518" URL="https://www.inc-conso.fr/content/tri-des-emballages-plastiques-que-signifient-tous-ces-logos-avec-le-reseau-des-ctrc" audience="Particuliers"><Titre>Quels plastiques sont recyclables ?</Titre><Source ID="R30643">Institut national de la consommation (INC)</Source></PourEnSavoirPlus><PourEnSavoirPlus type="Information pratique" ID="R43852" URL="https://www.ademe.fr/sites/default/files/assets/documents/guide-pratique-que-faire-dechets.pdf" audience="Particuliers"><Titre>Que faire de ses déchets : mieux jeter et mieux trier</Titre><Source ID="R30674">Agence de la transition écologique (Ademe)</Source></PourEnSavoirPlus><Definition ID="R35513"><Titre>Déchet ménager</Titre><Texte><Paragraphe>Tout déchet, dangereux ou non, produit par les particuliers : résidus alimentaires, emballages, bouteilles, papiers, cartons, journaux, vieux meubles, appareils électroménagers, déchets verts (bio-déchets)...</Paragraphe></Texte><Reference type="Texte de référence" URL="https://www.legifrance.gouv.fr/codes/article_lc/LEGIARTI000042662931" ID="R35522"><Titre>Code de l'environnement : article R541-8</Titre><Source ID="R38880">Legifrance</Source></Reference></Definition><QuestionReponse ID="F2122" audience="Particuliers"><Titre>Le salaire du concierge, gardien ou employé fait-il partie des charges locatives ?</Titre></QuestionReponse></Publication>