<?xml version="1.0" encoding="UTF-8"?><Publication xmlns:dc="http://purl.org/dc/elements/1.1/" xmlns:xsi="http://www.w3.org/2001/XMLSchema-instance" ID="F31963" type="Fiche Question-réponse conditionnée" xsi:noNamespaceSchemaLocation="../Schemas/3.4/Publication.xsd" dateDerniereModificationImportante="2021-03-11T00:00:00" spUrl="https://www.service-public.fr/particuliers/vosdroits/F31963"><dc:title>Existe-il une amende pour abandon de déchets dans la rue ?</dc:title><dc:creator>Direction de l'information légale et administrative</dc:creator><dc:subject>Logement</dc:subject><dc:description>Oui. Il est interdit de jeter ou d'abandonner ses déchets dans la rue (voie publique ou privée). De même, il est interdit de déposer ses déchets sans respecter les règles de collecte des déchets définies par la mairie (jour, horaires, tri). Dans les 2 cas, ne pas respecter l'interdiction est puni d'une amende.</dc:description><dc:publisher>Direction de l'information légale et administrative</dc:publisher><dc:contributor>Direction de l'information légale et administrative (Premier ministre)</dc:contributor><dc:date>modified 2021-03-11</dc:date><dc:type>Question-réponse</dc:type><dc:format>text/xml</dc:format><dc:identifier>F31963</dc:identifier><dc:source>https://www.legifrance.gouv.fr/codes/article_lc/LEGIARTI000042662252, https://www.legifrance.gouv.fr/codes/id/LEGISCTA000030404043, https://www.legifrance.gouv.fr/codes/id/LEGISCTA000006165436, https://www.legifrance.gouv.fr/codes/article_lc/LEGIARTI000042663117</dc:source><dc:language>Fr</dc:language><dc:relation>isPartOf N31125</dc:relation><dc:coverage>France entière</dc:coverage><dc:rights>https://www.service-public.fr/a-propos/mentions-legales</dc:rights><SurTitre>Question-réponse</SurTitre><Audience>Particuliers</Audience><Canal>www.service-public.fr</Canal><FilDAriane><Niveau ID="Particuliers">Accueil particuliers</Niveau><Niveau ID="N19808">Logement</Niveau><Niveau ID="N31125">Déchets</Niveau><Niveau ID="F31963" type="Fiche Question-réponse conditionnée">Existe-il une amende pour abandon de déchets dans la rue ?</Niveau></FilDAriane><Theme ID="N19808"><Titre>Logement</Titre></Theme><SousThemePere ID="N31029">Vie pratique dans un logement</SousThemePere><DossierPere ID="N31125"><Titre>Déchets</Titre><Fiche ID="F16217">Ordures ménagères</Fiche><Fiche ID="F31954">Encombrants (déchets volumineux)</Fiche><Fiche ID="F31955">Déchets d'équipements électriques et électroniques (DEEE ou D3E)</Fiche></DossierPere><RechercheGuideePere ID="F36492" audience="Particuliers"><Titre>[Amende pour abandon de déchets dans la rue]</Titre></RechercheGuideePere><Introduction><Texte><Paragraphe>Oui. Il est interdit de jeter ou d'abandonner ses déchets dans la rue (voie publique ou privée). De même, il est interdit de déposer ses déchets sans respecter les règles de collecte des déchets définies par la mairie (jour, horaires, tri). Dans les 2 cas, ne pas respecter l'interdiction est puni d'une amende.</Paragraphe></Texte></Introduction><RechercheGuidee ID="F36492" audience="Particuliers"><Titre><Paragraphe>[Amende pour abandon de déchets dans la rue]</Paragraphe></Titre></RechercheGuidee><ListeSituations affichage="onglet"><Situation><Titre>Abandon d'ordures</Titre><Condition><estVrai var="T12852"/></Condition><Texte><Paragraphe>Déposer, abandonner, jeter ou déverser tout type de déchets sur la voie publique et privée est puni d'une <LienIntra LienID="R18531" type="Définition de glossaire">amende forfaitaire</LienIntra>.</Paragraphe><Paragraphe>Si vous payez immédiatement ou dans les 45 jours suivant le constat d'infraction (ou l'envoi de l'avis d'infraction), l'amende est de <Valeur>135 €</Valeur>.</Paragraphe><Paragraphe>Si vous payez après ce délai de 45 jours, l'amende est de <Valeur>375 €</Valeur>.</Paragraphe><Paragraphe>Si vous ne payez pas l'amende forfaitaire ou si vous la contestez, le juge du <LienInterne LienPublication="F1457" type="Fiche d'information conditionnée" audience="Particuliers">tribunal de police</LienInterne> est saisi.</Paragraphe><Paragraphe>Le juge pourra décider d'une amende de <Valeur>750 €</Valeur> maximum (ou jusqu'à <Valeur>1 500 €</Valeur>, avec <LienInterne LienPublication="F21887" type="Fiche d'information conditionnée" audience="Particuliers">confiscation du véhicule</LienInterne>, si vous l'avez utilisé pour transporter les déchets).</Paragraphe><Image LienPublication="I4525.jpg" langue="fr" poids="347.8" format="image/jpeg" type="Image" redimensionnable="oui"><Legende>Existe-il une amende pour abandon de déchets dans la rue ?</Legende><Credits><Paragraphe>Service Public (DILA)</Paragraphe></Credits><TexteDeRemplacement>L'abandon de déchets dans la rue</TexteDeRemplacement><Description><Paragraphe>L'abandon de déchets dans la rue</Paragraphe><Paragraphe>C'est <Valeur>135 €</Valeur> d'amende à régler dans les 45 jours.</Paragraphe><Paragraphe>Au-delà de ce délai, l'amende passe à <Valeur>375 €</Valeur>.</Paragraphe><Paragraphe>Si vous ne payez pas, le juge peut fixer l'amende à <Valeur>750 €</Valeur> maximum (ou jusqu'à <Valeur>1 500 €</Valeur>, avec confiscation du véhicule si vous l'avez utilisé pour transporter les déchets.</Paragraphe></Description></Image>
</Texte></Situation><Situation><Titre>Non-respect des règles de collecte des déchets</Titre><Condition><estVrai var="T12853"/></Condition><Texte><Paragraphe>Le non-respect des conditions de collecte des déchets (jour, horaires, tri) est puni d'une <LienIntra LienID="R18531" type="Définition de glossaire">amende forfaitaire</LienIntra>.</Paragraphe><Paragraphe>Si vous payez immédiatement ou dans les 45 jours suivant le constat d'infraction (ou l'envoi de l'avis d'infraction), l'amende est de <Valeur>35 €</Valeur>.</Paragraphe><Paragraphe>Si vous payez après ce délai de 45 jours, l'amende est de <Valeur>75 €</Valeur>.</Paragraphe><Paragraphe>Si vous ne payez pas l'amende forfaitaire ou si vous la contestez, le juge du <LienInterne LienPublication="F1457" type="Fiche d'information conditionnée" audience="Particuliers">tribunal de police</LienInterne> est saisi. Il pourra notamment décider d'une amende de <Valeur>150 €</Valeur> maximum.</Paragraphe><ANoter><Titre>À noter</Titre><Paragraphe>si vous laissez un conteneur ou un bac à ordures ménagères en permanence dans la rue, vous risquez une amende de <Valeur>750 €</Valeur> maximum.</Paragraphe></ANoter><Paragraphe>Pour s'informer sur les règles de collecte, il faut contacter sa mairie.</Paragraphe><OuSAdresser ID="R1" sve="non" type="Local personnalisé sur SP"><Titre>Mairie</Titre><PivotLocal>mairie</PivotLocal><RessourceWeb URL="https://lannuaire.service-public.fr/navigation/mairie"/></OuSAdresser></Texte></Situation></ListeSituations><OuSAdresser ID="R11621" sve="non" type="Local personnalisé sur SP"><Titre>Maison de justice et du droit</Titre><PivotLocal>mjd</PivotLocal><RessourceWeb URL="http://www.annuaires.justice.gouv.fr/lieux-dacces-aux-droits-10111/"/><Source ID="R30663">Ministère chargé de la justice</Source></OuSAdresser><Reference type="Texte de référence" URL="https://www.legifrance.gouv.fr/codes/article_lc/LEGIARTI000042662252" ID="R2486"><Titre>Code pénal : article R634-2</Titre><Complement>Abandon et dépôt d'ordures</Complement></Reference><Reference type="Texte de référence" URL="https://www.legifrance.gouv.fr/codes/id/LEGISCTA000030404043" ID="R35557"><Titre>Code pénal : article R632-1</Titre><Complement>Non-respect des règles de collecte</Complement></Reference><Reference type="Texte de référence" URL="https://www.legifrance.gouv.fr/codes/id/LEGISCTA000006165436" ID="R35559"><Titre>Code pénal : article R635-8</Titre><Complement>Abandon d'ordures transportées dans un véhicule</Complement></Reference><Reference type="Texte de référence" URL="https://www.legifrance.gouv.fr/codes/article_lc/LEGIARTI000042663117" ID="R40113"><Titre>Code pénal : article R644-2</Titre><Complement>Encombrement permanent sur la voie publique</Complement></Reference><ServiceEnLigne ID="R55997" URL="https://agirpourlatransition.ademe.fr/particuliers/maison/faire-dechets" audience="Particuliers" type="Outil de recherche"><Titre>Comment trier ses déchets et où les déposer ?</Titre><Source ID="R30674">Agence de la transition écologique (Ademe)</Source></ServiceEnLigne><PourEnSavoirPlus type="Information pratique" ID="R59835" URL="https://www.ecologie.gouv.fr/sites/default/files/Guide%20lutte%20d%C3%A9chets.pdf" audience="Particuliers" format="application/pdf" poids="8.5 MB"><Titre>Guide pratique relatif à la lutte contre les abandons et dépôts illégaux de déchets</Titre><Source ID="R30658">Ministère chargé de l'environnement</Source></PourEnSavoirPlus><Definition ID="R18531"><Titre>Amende forfaitaire</Titre><Texte><Paragraphe>Somme à régler dans un délai précis à la suite de certaines infractions relatives notamment à la circulation routière et sans passage par un tribunal. Le montant peut être minoré ou majoré en fonction de la date de paiement.</Paragraphe></Texte></Definition></Publication>