<?xml version="1.0" encoding="UTF-8"?><Publication xmlns:dc="http://purl.org/dc/elements/1.1/" xmlns:xsi="http://www.w3.org/2001/XMLSchema-instance" ID="F31911" type="Fiche Question-réponse conditionnée" xsi:noNamespaceSchemaLocation="../Schemas/3.4/Publication.xsd" dateDerniereModificationImportante="2021-10-29T00:00:00" spUrl="https://www.service-public.fr/particuliers/vosdroits/F31911"><dc:title>Quelles aides peut-on toucher pour réaliser des travaux dans son logement ?</dc:title><dc:creator>Direction de l'information légale et administrative</dc:creator><dc:subject>Logement</dc:subject><dc:description>Des aides financières peuvent vous être versées si vous engagez des travaux dans votre logement. Elles s'adressent aux locataires ou propriétaires occupants.</dc:description><dc:publisher>Direction de l'information légale et administrative</dc:publisher><dc:contributor>Direction de l'information légale et administrative (Premier ministre)</dc:contributor><dc:date>modified 2021-10-29</dc:date><dc:type>Question-réponse</dc:type><dc:format>text/xml</dc:format><dc:identifier>F31911</dc:identifier><dc:source>http://www.senat.fr/basile/visio.do?id=qSEQ190912098</dc:source><dc:language>Fr</dc:language><dc:relation>isPartOf N321</dc:relation><dc:coverage>France entière</dc:coverage><dc:rights>https://www.service-public.fr/a-propos/mentions-legales</dc:rights><SurTitre>Question-réponse</SurTitre><Audience>Particuliers</Audience><Canal>www.service-public.fr</Canal><FilDAriane><Niveau ID="Particuliers">Accueil particuliers</Niveau><Niveau ID="N19808">Logement</Niveau><Niveau ID="N321">Aides et prêts pour l'amélioration et la rénovation énergétique de l'habitat</Niveau><Niveau ID="F31911" type="Fiche Question-réponse conditionnée">Quelles aides peut-on toucher pour réaliser des travaux dans son logement ?</Niveau></FilDAriane><Theme ID="N19808"><Titre>Logement</Titre></Theme><SousThemePere ID="N305">Aides financières pour le logement</SousThemePere><DossierPere ID="N321"><Titre>Aides et prêts pour l'amélioration et la rénovation énergétique de l'habitat</Titre><SousDossier ID="N321-1"><Titre>Aides de l'Anah</Titre><Fiche ID="F35083">MaPrimeRénov'</Fiche><Fiche ID="F1328">Autres aides</Fiche></SousDossier><SousDossier ID="N321-2"><Titre>Aides "Certificats d'économie d'énergie (CEE)" et Primes</Titre><Fiche ID="F35584">CEE "Standard"</Fiche><Fiche ID="F34421">Coup de pouce Chauffage</Fiche><Fiche ID="F37655">Coup de pouce Pilotage connecté du chauffage pièce par pièce</Fiche><Fiche ID="F35755">Coup de pouce Rénovation performante d'une maison individuelle</Fiche><Fiche ID="F35779">Coup de pouce Rénovation performante de bâtiment résidentiel collectif</Fiche></SousDossier><SousDossier ID="N321-3"><Titre>Autres aides</Titre><Fiche ID="F19905">Éco-PTZ</Fiche><Fiche ID="F1616">Prêt de la Caf</Fiche><Fiche ID="F1702">Insonorisation d'un logement proche d'un aéroport</Fiche></SousDossier></DossierPere><Texte><Paragraphe>Des aides financières peuvent vous être versées si vous engagez des travaux dans votre logement. Elles s'adressent aux locataires ou propriétaires occupants.</Paragraphe><Paragraphe>Un simulateur présente les aides financières dont vous pouvez bénéficier pour la rénovation énergétique de votre logement :</Paragraphe><ServiceEnLigne ID="R55207" URL="https://france-renov.gouv.fr/aides/simulation" audience="Particuliers" type="Simulateur"><Titre>Rechercher les aides pour la rénovation de l'habitat</Titre><Source ID="R30684">Agence nationale de l'habitat (Anah)</Source></ServiceEnLigne><BlocCas affichage="radio"><Cas><Titre>Locataire</Titre><Paragraphe>Vous pouvez bénéficier des aides suivantes (si vous remplissez les conditions d'attribution) :</Paragraphe><Liste type="puce"><Item><Paragraphe><LienInterne LienPublication="F34421" type="Fiche d'information conditionnée" audience="Particuliers">Prime Coup de pouce Chauffage</LienInterne></Paragraphe></Item><Item><Paragraphe><LienInterne LienPublication="F35584" type="Fiche d'information conditionnée" audience="Particuliers">Certificats d'économie d'énergie (CEE) "Standard"</LienInterne></Paragraphe></Item><Item><Paragraphe><LienInterne LienPublication="F1616" type="Fiche d'information conditionnée" audience="Particuliers">Prêt de votre caisse d'allocations familiales</LienInterne></Paragraphe></Item><Item><Paragraphe><LienInterne LienPublication="F10752" type="Fiche d'information conditionnée" audience="Particuliers">Crédit d’impôt pour des dépenses d'équipement conçu pour les personnes âgées ou handicapées</LienInterne></Paragraphe></Item><Item><Paragraphe><LienInterne LienPublication="F1613" type="Fiche Question-réponse conditionnée" audience="Particuliers">Aide de votre caisse de retraite</LienInterne></Paragraphe></Item><Item><Paragraphe><LienInterne LienPublication="F1328" type="Fiche d'information conditionnée" audience="Particuliers">Aides de l'Agence nationale de l'habitat (Anah)</LienInterne></Paragraphe></Item></Liste><Paragraphe>Certaines de ces aides sont cumulables.</Paragraphe></Cas><Cas><Titre>Propriétaire occupant</Titre><Paragraphe>Vous pouvez bénéficier des aides suivantes (si vous remplissez les conditions d'attribution) :</Paragraphe><Liste type="puce"><Item><Paragraphe><LienInterne LienPublication="F35083" type="Fiche d'information conditionnée" audience="Particuliers">MaPrimeRénov'</LienInterne></Paragraphe></Item><Item><Paragraphe><LienInterne LienPublication="F20554" type="Fiche Question-réponse conditionnée" audience="Particuliers">MaPrimeRénov' Sérénité</LienInterne></Paragraphe></Item><Item><Paragraphe><LienInterne LienPublication="F34421" type="Fiche d'information conditionnée" audience="Particuliers">Prime Coup de pouce Chauffage</LienInterne></Paragraphe></Item><Item><Paragraphe><LienInterne LienPublication="F35755" type="Fiche d'information conditionnée" audience="Particuliers">Prime Coup de pouce Rénovation performante d'une maison individuelle</LienInterne></Paragraphe></Item><Item><Paragraphe><LienInterne LienPublication="F35584" type="Fiche d'information conditionnée" audience="Particuliers">Certificats d'économie d'énergie (CEE) "Standard"</LienInterne></Paragraphe></Item><Item><Paragraphe><LienInterne LienPublication="F1616" type="Fiche d'information conditionnée" audience="Particuliers">Prêt de votre caisse d'allocations familiales</LienInterne></Paragraphe></Item><Item><Paragraphe><LienInterne LienPublication="F10752" type="Fiche d'information conditionnée" audience="Particuliers">Crédit d’impôt pour des dépenses d'équipement conçu pour les personnes âgées ou handicapées</LienInterne></Paragraphe></Item><Item><Paragraphe><LienInterne LienPublication="F1328" type="Fiche d'information conditionnée" audience="Particuliers">Aides de l'Aence nationale de l'habitat (Anah)</LienInterne></Paragraphe></Item><Item><Paragraphe><LienInterne LienPublication="F1613" type="Fiche Question-réponse conditionnée" audience="Particuliers">Aide de votre caisse de retraite</LienInterne></Paragraphe></Item><Item><Paragraphe><LienInterne LienPublication="F1702" type="Fiche d'information conditionnée" audience="Particuliers">Aide à l'insonorisation de votre logement proche d'un aéroport</LienInterne></Paragraphe></Item><Item><Paragraphe>Crédit d'impôt pour des dépenses de prévention des risques technologiques dans votre logement</Paragraphe></Item><Item><Paragraphe><LienInterne LienPublication="F19905" type="Fiche d'information conditionnée" audience="Particuliers">Éco-prêt à taux zéro</LienInterne></Paragraphe></Item></Liste><Paragraphe>Certaines de ces aides sont cumulables.</Paragraphe></Cas></BlocCas><Paragraphe>Pour vous aider dans votre choix de travaux, vous pouvez gratuitement faire appel à un conseiller spécialisé en rénovation de l'habitat :</Paragraphe><OuSAdresser ID="R55315" sve="non" type="Centre de contact"><Titre>Conseillers spécialisés en travaux de rénovation de l'habitat (France Rénov')</Titre><Texte><Paragraphe>Permet de se faire accompagner gratuitement dans ses travaux de rénovation par des conseillers spécialisés de <LienExterne URL="https://france-renov.gouv.fr/">France Rénov'</LienExterne></Paragraphe><Chapitre><Titre><Paragraphe>Par téléphone</Paragraphe></Titre><Paragraphe><MiseEnEvidence>0 808 800 700</MiseEnEvidence></Paragraphe><Paragraphe>Ouvert du lundi au vendredi de 9h à 18h. Vous devez avoir votre dernier avis d'imposition.</Paragraphe><Paragraphe>Service gratuit + coût d'un appel</Paragraphe></Chapitre></Texte></OuSAdresser></Texte><VoirAussi important="non"><Dossier ID="N321" audience="Particuliers"><Titre>Aides et prêts pour l'amélioration et la rénovation énergétique de l'habitat</Titre><Theme ID="N19808"><Titre>Logement</Titre></Theme></Dossier><Fiche ID="F1874" audience="Particuliers"><Titre>Utilisation du logement et travaux par le locataire</Titre><Theme ID="N19808"><Titre>Logement</Titre></Theme></Fiche></VoirAussi><OuSAdresser ID="R55315" sve="non" type="Centre de contact"><Titre>Conseillers spécialisés en travaux de rénovation de l'habitat (France Rénov')</Titre><Texte><Paragraphe>Permet de se faire accompagner gratuitement dans ses travaux de rénovation par des conseillers spécialisés de <LienExterne URL="https://france-renov.gouv.fr/">France Rénov'</LienExterne></Paragraphe><Chapitre><Titre><Paragraphe>Par téléphone</Paragraphe></Titre><Paragraphe><MiseEnEvidence>0 808 800 700</MiseEnEvidence></Paragraphe><Paragraphe>Ouvert du lundi au vendredi de 9h à 18h. Vous devez avoir votre dernier avis d'imposition.</Paragraphe><Paragraphe>Service gratuit + coût d'un appel</Paragraphe></Chapitre></Texte></OuSAdresser><OuSAdresser ID="R3025" sve="non" type="Local personnalisé sur SP"><Titre>Agence nationale de l'habitat (Anah)</Titre><PivotLocal>anah</PivotLocal><RessourceWeb URL="http://www.anah.fr/contact/"/><Source ID="R30684">Agence nationale de l'habitat (Anah)</Source></OuSAdresser><Reference type="Texte de référence" URL="http://www.senat.fr/basile/visio.do?id=qSEQ190912098" ID="R56753"><Titre>Réponse ministérielle du 26 juin 2020 relative au dispositif "isolation à 1 euro"</Titre></Reference><ServiceEnLigne ID="R55207" URL="https://france-renov.gouv.fr/aides/simulation" audience="Particuliers" type="Simulateur"><Titre>Rechercher les aides pour la rénovation de l'habitat</Titre><Source ID="R30684">Agence nationale de l'habitat (Anah)</Source></ServiceEnLigne><PourEnSavoirPlus type="Information pratique" ID="R41868" URL="https://france-renov.gouv.fr/aides" audience="Particuliers"><Titre>Aides pour les travaux de rénovation énergétique</Titre><Source ID="R30684">Agence nationale de l'habitat (Anah)</Source></PourEnSavoirPlus><PourEnSavoirPlus type="Information pratique" ID="R41600" URL="https://france-renov.gouv.fr/" audience="Particuliers"><Titre>France Rénov' : le service public vous guide dans vos travaux de rénovation énergétique</Titre><Source ID="R30684">Agence nationale de l'habitat (Anah)</Source></PourEnSavoirPlus><QuestionReponse ID="F36448" audience="Particuliers"><Titre>Rénovation énergétique : comment cumuler l'éco-PTZ avec MaPrimeRénov' ?</Titre></QuestionReponse></Publication>