<?xml version="1.0" encoding="UTF-8"?><Publication xmlns:dc="http://purl.org/dc/elements/1.1/" xmlns:xsi="http://www.w3.org/2001/XMLSchema-instance" ID="F32057" type="Fiche Question-réponse conditionnée" xsi:noNamespaceSchemaLocation="../Schemas/3.4/Publication.xsd" dateDerniereModificationImportante="2024-01-01T00:00:00" spUrl="https://www.service-public.fr/particuliers/vosdroits/F32057"><dc:title>Quelles aides peut toucher une personne âgée en situation de précarité ?</dc:title><dc:creator>Direction de l'information légale et administrative</dc:creator><dc:subject>Social - Santé</dc:subject><dc:description>À partir d'un certain âge, certaines aides peuvent vous être attribuées si vous vivez chez vous et avec de faibles ressources. Leur montant est différent selon que vous vivez seul ou en couple.</dc:description><dc:publisher>Direction de l'information légale et administrative</dc:publisher><dc:contributor>Direction de l'information légale et administrative (Premier ministre)</dc:contributor><dc:date>modified 2024-01-01</dc:date><dc:type>Question-réponse</dc:type><dc:format>text/xml</dc:format><dc:identifier>F32057</dc:identifier><dc:source>https://www.legifrance.gouv.fr/codes/article_lc/LEGIARTI000006796956</dc:source><dc:language>Fr</dc:language><dc:relation>isPartOf N392</dc:relation><dc:coverage>France entière</dc:coverage><dc:rights>https://www.service-public.fr/a-propos/mentions-legales</dc:rights><SurTitre>Question-réponse</SurTitre><Audience>Particuliers</Audience><Canal>www.service-public.fr</Canal><FilDAriane><Niveau ID="Particuliers">Accueil particuliers</Niveau><Niveau ID="N19811">Social - Santé</Niveau><Niveau ID="N392">Allocations et aides aux personnes âgées</Niveau><Niveau ID="F32057" type="Fiche Question-réponse conditionnée">Quelles aides peut toucher une personne âgée en situation de précarité ?</Niveau></FilDAriane><Theme ID="N19811"><Titre>Social - Santé</Titre></Theme><SousThemePere ID="N20274">Aides sociales</SousThemePere><DossierPere ID="N392"><Titre>Allocations et aides aux personnes âgées</Titre><Fiche ID="F10009">Allocation personnalisée d'autonomie (Apa)</Fiche><Fiche ID="F16871">Allocation de solidarité aux personnes âgées (Aspa)</Fiche><Fiche ID="F16940">Allocation supplémentaire d'invalidité (Asi)</Fiche><Fiche ID="F2572">Allocation simple</Fiche><Fiche ID="F245">Obtenir une aide ménagère</Fiche><Fiche ID="F248">Prise en charge des repas</Fiche></DossierPere><Introduction><Texte><Paragraphe>À partir d'un certain âge, certaines aides peuvent vous être attribuées si vous vivez chez vous et avec de faibles ressources. Leur montant est différent selon que vous vivez seul ou en couple.</Paragraphe></Texte></Introduction><Texte><Paragraphe>Vous pouvez estimer les aides auxquelles vous pouvez avoir droit à l'aide de ce téléservice :</Paragraphe><ServiceEnLigne ID="R54933" URL="https://www.mesdroitssociaux.gouv.fr" audience="Particuliers" type="Simulateur"><Titre>Connaître les prestations sociales auxquelles vous pouvez avoir droit</Titre><Source ID="R30662">Ministère chargé de la santé</Source></ServiceEnLigne><ANoter><Titre>À noter</Titre><Paragraphe>Quel que soit votre besoin, n'hésitez pas à contacter votre mairie, votre caisse de retraite ou votre caisse de retraite complémentaire.</Paragraphe></ANoter></Texte><ListeSituations affichage="onglet"><Situation><Titre>Vous vivez seul</Titre><Texte><Tableau><Titre>Aides destinées à la personne âgée vivant seule chez elle et avec de faibles ressources</Titre><Colonne largeur="15" type="normal"/><Colonne largeur="20" type="header"/><Colonne largeur="25" type="normal"/><Colonne largeur="25" type="normal"/><Rangée type="header"><Cellule><Paragraphe>Besoin</Paragraphe></Cellule><Cellule><Paragraphe>Nom de l'aide</Paragraphe></Cellule><Cellule><Paragraphe>Principales conditions</Paragraphe></Cellule><Cellule><Paragraphe>Montant de l'aide</Paragraphe></Cellule></Rangée><Rangée type="normal"><Cellule fusionVerticale="5"><Paragraphe>Avoir un revenu ou compléter votre revenu</Paragraphe></Cellule><Cellule><Paragraphe><LienInterne LienPublication="F16871" type="Fiche d'information conditionnée" audience="Particuliers">Allocation de solidarité aux personnes âgées (Aspa)</LienInterne></Paragraphe></Cellule><Cellule><Liste type="puce"><Item><Paragraphe>Avoir des ressources inférieures ou égales à <Valeur>1 012,02 €</Valeur>(brut) par mois</Paragraphe></Item><Item><Paragraphe>À partir de 65 ans (62 ans si vous êtes invalide ou handicapé</Paragraphe></Item></Liste></Cellule><Cellule><Paragraphe>Jusqu'à <Valeur>1 012,02 €</Valeur> (brut) par mois</Paragraphe></Cellule></Rangée><Rangée type="normal"><Cellule><Paragraphe><LienInterne LienPublication="F2572" type="Fiche d'information conditionnée" audience="Particuliers">Allocation simple</LienInterne></Paragraphe></Cellule><Cellule><Liste type="puce"><Item><Paragraphe>Ne pas avoir de pension de retraite et après refus de votre demande d'<LienInterne LienPublication="R41954" type="Acronyme">Aspa</LienInterne></Paragraphe></Item><Item><Paragraphe>À partir de 65 ans (60 ans si vous êtes inapte au travail)</Paragraphe></Item><Item><Paragraphe>Avoir des ressources inférieures ou égales à <Valeur>1 012,02 €</Valeur>(brut) par mois</Paragraphe></Item></Liste></Cellule><Cellule><Paragraphe>Jusqu'à <Valeur>1 012,02 €</Valeur> (brut) par mois</Paragraphe></Cellule></Rangée><Rangée type="normal"><Cellule><Paragraphe><LienInterne LienPublication="F16940" type="Fiche d'information conditionnée" audience="Particuliers">Allocation supplémentaire d'invalidité (Asi)</LienInterne></Paragraphe></Cellule><Cellule><Liste type="puce"><Item><Paragraphe>Avoir des ressources inférieures ou égales à <Valeur>860,00 €</Valeur> par mois</Paragraphe></Item><Item><Paragraphe>Être reconnu invalide (d'au moins 2/3)</Paragraphe></Item><Item><Paragraphe>Ne pas avoir l'âge pour obtenir <LienInterne LienPublication="F16871" type="Fiche d'information conditionnée" audience="Particuliers">l'Aspa (âge légal de départ à la retraite)</LienInterne></Paragraphe></Item></Liste></Cellule><Cellule><Paragraphe>Jusqu'à <Valeur>860,00 €</Valeur> par mois</Paragraphe></Cellule></Rangée><Rangée type="normal"><Cellule><Paragraphe><LienInterne LienPublication="F12484" type="Fiche d'information conditionnée" audience="Particuliers">Allocation de solidarité spécifique (ASS)</LienInterne></Paragraphe></Cellule><Cellule><Liste type="puce"><Item><Paragraphe>Être demandeur d'emploi</Paragraphe></Item><Item><Paragraphe>Avoir des ressources inférieures ou égales à <Valeur>1 271,90 €</Valeur> (net) par mois</Paragraphe></Item></Liste></Cellule><Cellule><Paragraphe>Jusqu'à <Valeur>545,10 €</Valeur> par mois</Paragraphe></Cellule></Rangée><Rangée type="normal"><Cellule><Paragraphe><LienInterne LienPublication="F19778" type="Fiche d'information conditionnée" audience="Particuliers">Revenu de solidarité active (RSA)</LienInterne></Paragraphe></Cellule><Cellule><Paragraphe>À partir de 25 ans</Paragraphe></Cellule><Cellule><Paragraphe><Valeur>607,75 €</Valeur> par mois</Paragraphe></Cellule></Rangée><Rangée type="normal"><Cellule><Paragraphe>Payer le loyer</Paragraphe></Cellule><Cellule><Liste type="puce"><Item><Paragraphe>Soit <LienInterne LienPublication="F12006" type="Fiche d'information conditionnée" audience="Particuliers">APL</LienInterne></Paragraphe></Item><Item><Paragraphe>Soit <LienInterne LienPublication="F1280" type="Fiche d'information conditionnée" audience="Particuliers">ALS</LienInterne></Paragraphe></Item></Liste></Cellule><Cellule/><Cellule><Paragraphe>Demander à la <LienInterne LienPublication="R24582" type="Acronyme">Caf</LienInterne> (ou la <LienInterne LienPublication="R24583" type="Sigle">MSA</LienInterne> si vous dépendez du régime agricole)</Paragraphe></Cellule></Rangée><Rangée type="normal"><Cellule><Paragraphe>Avoir une complémentaire santé (mutuelle)</Paragraphe></Cellule><Cellule><Paragraphe><LienInterne LienPublication="F10027" type="Fiche d'information conditionnée" audience="Particuliers">Complémentaire santé solidaire (CSS)</LienInterne></Paragraphe></Cellule><Cellule/><Cellule/></Rangée><Rangée type="normal"><Cellule><Paragraphe>Payer une personne pour faire les tâches ménagères</Paragraphe></Cellule><Cellule><Paragraphe><LienInterne LienPublication="F245" type="Fiche d'information conditionnée" audience="Particuliers">Aide ménagère</LienInterne></Paragraphe></Cellule><Cellule><Liste type="puce"><Item><Paragraphe>Ne pas pouvoir faire seule certaines tâches ménagères (ménage, lessive, toilette, préparation des repas...)</Paragraphe></Item><Item><Paragraphe>À partir de 65 ans (ou 60 ans si vous êtes inapte au travail)</Paragraphe></Item></Liste></Cellule><Cellule><Paragraphe>Demander aux services qui peuvent proposer cette aide :</Paragraphe><Liste type="puce"><Item><Paragraphe>Votre mairie</Paragraphe></Item><Item><Paragraphe>Les services de votre département</Paragraphe></Item></Liste></Cellule></Rangée><Rangée type="normal"><Cellule><Paragraphe>Payer des repas chauds servis chez vous</Paragraphe></Cellule><Cellule><Paragraphe><LienInterne LienPublication="F248" type="Fiche d'information conditionnée" audience="Particuliers">Aide au portage de repas</LienInterne> chauds à consommer chez vous</Paragraphe></Cellule><Cellule><Paragraphe>Ne pas pouvoir sortir de chez vous à cause de votre état de santé</Paragraphe></Cellule><Cellule><Paragraphe>Demander à votre mairie</Paragraphe></Cellule></Rangée><Rangée type="normal"><Cellule><Paragraphe>Prendre vos repas dans une structure collective</Paragraphe></Cellule><Cellule><Paragraphe>Foyer restaurant qui sert des repas à prix modérés</Paragraphe></Cellule><Cellule/><Cellule><Paragraphe>Demander à votre mairie</Paragraphe></Cellule></Rangée><Rangée type="normal"><Cellule><Paragraphe>Etre aidé pour vous déplacer</Paragraphe></Cellule><Cellule><Liste type="puce"><Item><Paragraphe>Transport à la demande</Paragraphe></Item><Item><Paragraphe>Assistance pour les courses ou les démarches</Paragraphe></Item></Liste></Cellule><Cellule/><Cellule><Paragraphe>Demander aux services pouvant proposer cette aide :</Paragraphe><Liste type="puce"><Item><Paragraphe>Votre mairie</Paragraphe></Item><Item><Paragraphe>Les services de votre département</Paragraphe></Item><Item><Paragraphe>Votre caisse de retraite</Paragraphe></Item></Liste></Cellule></Rangée><Rangée type="normal"><Cellule><Paragraphe>Payer des travaux pour adapter votre logement</Paragraphe></Cellule><Cellule><Paragraphe>MaPrimeAdapt' : travaux d'adaptation du logement à la perte d'autonomie</Paragraphe></Cellule><Cellule><Paragraphe>Besoin de faire des travaux pour rendre votre logement accessible ou pour y éviter les accidents</Paragraphe></Cellule><Cellule/></Rangée><Rangée type="normal"><Cellule><Paragraphe>Payer une personne pour faire les tâches ménagères ou pour surveiller votre état de santé</Paragraphe></Cellule><Cellule><Paragraphe><LienInterne LienPublication="F10009" type="Fiche d'information conditionnée" audience="Particuliers">Apa</LienInterne></Paragraphe></Cellule><Cellule><Liste type="puce"><Item><Paragraphe>À partir de 60 ans</Paragraphe></Item><Item><Paragraphe>Être en perte d'autonomie (difficultés à se lever, se laver, s'habiller, marcher, préparer les repas, suivre un traitement médical, faire ses soins...)</Paragraphe></Item></Liste></Cellule><Cellule><Paragraphe>Demander aux services de votre département</Paragraphe></Cellule></Rangée></Tableau></Texte></Situation><Situation><Titre>Vous vivez en couple</Titre><Texte><Tableau><Titre>Aides destinées au couple de personnes âgées vivant chez eux et avec de faibles ressources</Titre><Colonne largeur="25" type="normal"/><Colonne largeur="25" type="header"/><Colonne largeur="25" type="normal"/><Colonne largeur="25" type="normal"/><Rangée type="header"><Cellule><Paragraphe>Besoin</Paragraphe></Cellule><Cellule><Paragraphe>Nom de l'aide</Paragraphe></Cellule><Cellule><Paragraphe>Principales conditions</Paragraphe></Cellule><Cellule><Paragraphe>Montant de l'aide</Paragraphe></Cellule></Rangée><Rangée type="normal"><Cellule fusionVerticale="5"><Paragraphe>Avoir un revenu ou compléter son revenu</Paragraphe></Cellule><Cellule><Paragraphe><LienInterne LienPublication="F16871" type="Fiche d'information conditionnée" audience="Particuliers">Allocation de solidarité aux personnes âgées (Aspa)</LienInterne></Paragraphe></Cellule><Cellule><Liste type="puce"><Item><Paragraphe>Avoir des ressources inférieures ou égales à <Valeur>1 571,16 €</Valeur> (brut) par mois</Paragraphe></Item><Item><Paragraphe>À partir de 65 ans (62 ans si vous êtes invalidité ou en situation de handicap)</Paragraphe></Item></Liste></Cellule><Cellule><Paragraphe>Jusqu'à <Valeur>1 571,16 €</Valeur> (brut) par mois pour 2 personnes</Paragraphe></Cellule></Rangée><Rangée type="normal"><Cellule><Paragraphe><LienInterne LienPublication="F2572" type="Fiche d'information conditionnée" audience="Particuliers">Allocation simple</LienInterne></Paragraphe></Cellule><Cellule><Liste type="puce"><Item><Paragraphe>Ne pas avoir de pension de retraite et après refus de l'<LienInterne LienPublication="R41954" type="Acronyme">Aspa</LienInterne></Paragraphe></Item><Item><Paragraphe>À partir de 65 ans (60 ans si vous êtes inapte au travail)</Paragraphe></Item><Item><Paragraphe>Avoir des ressources inférieures ou égales à <Valeur>1 571,16 €</Valeur> (brut) par mois</Paragraphe></Item></Liste></Cellule><Cellule><Paragraphe>Jusqu'à <Valeur>1 571,16 €</Valeur> (brut) par mois pour 2 personnes</Paragraphe></Cellule></Rangée><Rangée type="normal"><Cellule><Paragraphe><LienInterne LienPublication="F16940" type="Fiche d'information conditionnée" audience="Particuliers">Allocation supplémentaire d'invalidité (Asi)</LienInterne></Paragraphe></Cellule><Cellule><Liste type="puce"><Item><Paragraphe>Avoir des ressources inférieures ou égales à <Valeur>1 505,01 €</Valeur> par mois</Paragraphe></Item><Item><Paragraphe>Être reconnu invalide (d'au moins 2/3)</Paragraphe></Item><Item><Paragraphe>Ne pas avoir l'âge pour obtenir <LienInterne LienPublication="F16871" type="Fiche d'information conditionnée" audience="Particuliers">l'Aspa (âge légal de départ à la retraite)</LienInterne></Paragraphe></Item></Liste></Cellule><Cellule><Paragraphe>Jusqu'à <Valeur>1 505,01 €</Valeur> par mois pour 2 personnes</Paragraphe></Cellule></Rangée><Rangée type="normal"><Cellule><Paragraphe><LienInterne LienPublication="F12484" type="Fiche d'information conditionnée" audience="Particuliers">Allocation de solidarité spécifique (ASS)</LienInterne></Paragraphe></Cellule><Cellule><Liste type="puce"><Item><Paragraphe>Être demandeur d'emploi</Paragraphe></Item><Item><Paragraphe>Avoir des ressources inférieures ou égales à <Valeur>1 998,70 €</Valeur> (net) par mois</Paragraphe></Item></Liste></Cellule><Cellule><Paragraphe>Jusqu'à <Valeur>545,10 €</Valeur> par mois pour 1 personne</Paragraphe></Cellule></Rangée><Rangée type="normal"><Cellule><Paragraphe><LienInterne LienPublication="F19778" type="Fiche d'information conditionnée" audience="Particuliers">Revenu de solidarité active (RSA)</LienInterne></Paragraphe></Cellule><Cellule><Paragraphe>À partir de 25 ans</Paragraphe></Cellule><Cellule><Paragraphe><Valeur>911,62 €</Valeur> par mois pour 2 personnes</Paragraphe></Cellule></Rangée><Rangée type="normal"><Cellule><Paragraphe>Payer le loyer</Paragraphe></Cellule><Cellule><Liste type="puce"><Item><Paragraphe>Soit <LienInterne LienPublication="F12006" type="Fiche d'information conditionnée" audience="Particuliers">APL</LienInterne></Paragraphe></Item><Item><Paragraphe>Soit <LienInterne LienPublication="F1280" type="Fiche d'information conditionnée" audience="Particuliers">ALS</LienInterne></Paragraphe></Item></Liste></Cellule><Cellule/><Cellule><Paragraphe>Demander à la <LienInterne LienPublication="R24582" type="Acronyme">Caf</LienInterne> (ou la <LienInterne LienPublication="R24583" type="Sigle">MSA</LienInterne> si vous dépendez du régime agricole)</Paragraphe></Cellule></Rangée><Rangée type="normal"><Cellule><Paragraphe>Avoir une complémentaire santé (mutuelle)</Paragraphe></Cellule><Cellule><Paragraphe><LienInterne LienPublication="F10027" type="Fiche d'information conditionnée" audience="Particuliers">Complémentaire santé solidaire (CSS)</LienInterne></Paragraphe></Cellule><Cellule/><Cellule/></Rangée><Rangée type="normal"><Cellule><Paragraphe>Payer une personne pour faire les tâches ménagères</Paragraphe></Cellule><Cellule><Paragraphe><LienInterne LienPublication="F245" type="Fiche d'information conditionnée" audience="Particuliers">Aide ménagère</LienInterne></Paragraphe></Cellule><Cellule><Liste type="puce"><Item><Paragraphe>Ne pas pouvoir faire seule certaines tâches ménagères (ménage, lessive, toilette, préparation des repas...)</Paragraphe></Item><Item><Paragraphe>À partir de 65 ans (ou 60 ans si vous êtes inapte au travail)</Paragraphe></Item></Liste></Cellule><Cellule><Paragraphe>Demander aux services qui peuvent proposer cette aide :</Paragraphe><Liste type="puce"><Item><Paragraphe>Votre mairie</Paragraphe></Item><Item><Paragraphe>Les services de votre département</Paragraphe></Item></Liste></Cellule></Rangée><Rangée type="normal"><Cellule><Paragraphe>Payer des repas chauds servis chez vous</Paragraphe></Cellule><Cellule><Paragraphe><LienInterne LienPublication="F248" type="Fiche d'information conditionnée" audience="Particuliers">Aide au portage de repas</LienInterne> chauds à consommer chez vous</Paragraphe></Cellule><Cellule><Paragraphe>Ne pas pouvoir sortir de chez vous à cause de votre état de santé</Paragraphe></Cellule><Cellule><Paragraphe>Demander à votre mairie</Paragraphe></Cellule></Rangée><Rangée type="normal"><Cellule><Paragraphe>Prendre ses repas dans une structure collective</Paragraphe></Cellule><Cellule><Paragraphe>Foyer restaurant qui sert des repas à prix modérés</Paragraphe></Cellule><Cellule/><Cellule><Paragraphe>Demander à votre mairie</Paragraphe></Cellule></Rangée><Rangée type="normal"><Cellule><Paragraphe>Etre aidé pour se déplacer</Paragraphe></Cellule><Cellule><Liste type="puce"><Item><Paragraphe>Transport à la demande</Paragraphe></Item><Item><Paragraphe>Assistance pour les courses ou les démarches</Paragraphe></Item></Liste></Cellule><Cellule/><Cellule><Paragraphe>Demander aux services pouvant proposer cette aide :</Paragraphe><Liste type="puce"><Item><Paragraphe>Votre mairie</Paragraphe></Item><Item><Paragraphe>Les services de votre département</Paragraphe></Item><Item><Paragraphe>Votre caisse de retraite</Paragraphe></Item></Liste></Cellule></Rangée><Rangée type="normal"><Cellule><Paragraphe>Payer des travaux pour adapter votre logement</Paragraphe></Cellule><Cellule><Paragraphe>MaPrimeAdapt' : travaux d'adaptation du logement à la perte d'autonomie</Paragraphe></Cellule><Cellule><Paragraphe>Besoin de faire des travaux pour rendre votre logement accessible ou pour y éviter les accidents</Paragraphe></Cellule><Cellule/></Rangée><Rangée type="normal"><Cellule><Paragraphe>Payer une personne pour faire les tâches ménagères ou pour surveiller votre état de santé</Paragraphe></Cellule><Cellule><Paragraphe><LienInterne LienPublication="F10009" type="Fiche d'information conditionnée" audience="Particuliers">Apa</LienInterne></Paragraphe></Cellule><Cellule><Liste type="puce"><Item><Paragraphe>À partir de 60 ans</Paragraphe></Item><Item><Paragraphe>Être en perte d'autonomie (difficultés à se lever, se laver, s'habiller, marcher, préparer les repas, suivre un traitement médical, faire ses soins,...)</Paragraphe></Item></Liste></Cellule><Cellule><Paragraphe>Demander aux services de votre département</Paragraphe></Cellule></Rangée></Tableau></Texte></Situation></ListeSituations><QuiPeutMAider ID="R40963" sve="non" type="Local"><Titre>Point d'information local dédié aux personnes âgées</Titre><RessourceWeb URL="https://www.pour-les-personnes-agees.gouv.fr/annuaire-points-dinformation-et-plateformes-de-repit"/><Source ID="R40060">Caisse nationale de solidarité pour l'autonomie (CNSA)</Source></QuiPeutMAider><Reference type="Texte de référence" URL="https://www.legifrance.gouv.fr/codes/article_lc/LEGIARTI000006796956" ID="R17147"><Titre>Code de l'action sociale et des familles : article L231-3</Titre><Complement>Foyer-restaurant</Complement></Reference><ServiceEnLigne ID="R54933" URL="https://www.mesdroitssociaux.gouv.fr" audience="Particuliers" type="Simulateur"><Titre>Connaître les prestations sociales auxquelles vous pouvez avoir droit</Titre><Source ID="R30662">Ministère chargé de la santé</Source></ServiceEnLigne><PourEnSavoirPlus type="Information pratique" ID="R45933" URL="https://www.pour-les-personnes-agees.gouv.fr/vivre-a-domicile/aides-financieres" audience="Particuliers"><Titre>Vivre à domicile : les aides financières</Titre><Source ID="R40060">Caisse nationale de solidarité pour l'autonomie (CNSA)</Source></PourEnSavoirPlus><PourEnSavoirPlus type="Information pratique" ID="R43618" URL="http://www.pour-les-personnes-agees.gouv.fr/beneficier-daides" audience="Particuliers"><Titre>Personnes âgées : bénéficier d'aide à domicile</Titre><Source ID="R40060">Caisse nationale de solidarité pour l'autonomie (CNSA)</Source></PourEnSavoirPlus><PourEnSavoirPlus type="Information pratique" ID="R45577" URL="https://www.pour-les-personnes-agees.gouv.fr/annuaires-et-services/facile-a-lire-et-a-comprendre/jai-besoin-detre-aide-a-domicile-comment-faire" audience="Particuliers"><Titre>J'ai besoin d'être aidé à domicile (facile à lire et à comprendre)</Titre><Source ID="R40060">Caisse nationale de solidarité pour l'autonomie (CNSA)</Source></PourEnSavoirPlus><PourEnSavoirPlus type="Information pratique" ID="R41351" URL="https://www.pour-les-personnes-agees.gouv.fr/" audience="Particuliers"><Titre>Portail national d'information pour les personnes âgées et leurs proches</Titre><Source ID="R40060">Caisse nationale de solidarité pour l'autonomie (CNSA)</Source></PourEnSavoirPlus><PourEnSavoirPlus type="Information pratique" ID="R41394" URL="http://www.pourbienvieillir.fr/" audience="Particuliers"><Titre>Pour bien vieillir.fr</Titre><Source ID="R30670">Caisse nationale d'assurance vieillesse</Source></PourEnSavoirPlus><Abreviation ID="R41954" type="Acronyme"><Titre>Aspa</Titre><Texte><Paragraphe>Allocation de solidarité aux personnes âgées</Paragraphe></Texte></Abreviation><Abreviation ID="R24582" type="Acronyme"><Titre>Caf</Titre><Texte><Paragraphe>Caisse d'allocations familiales</Paragraphe></Texte></Abreviation><Abreviation ID="R24583" type="Sigle"><Titre>MSA</Titre><Texte><Paragraphe>Mutualité sociale agricole</Paragraphe></Texte></Abreviation><QuestionReponse ID="F2544" audience="Particuliers"><Titre>Peut-on encore bénéficier du minimum vieillesse ?</Titre></QuestionReponse><QuestionReponse ID="F11678" audience="Particuliers"><Titre>L'allocation personnalisée d'autonomie (Apa) est-elle versée sous conditions de ressources ?</Titre></QuestionReponse><CommentFaireSi ID="F17904" audience="Particuliers" pictogramme="icone-preparation-retraite"><Titre>Je prépare ma retraite</Titre></CommentFaireSi></Publication>