<?xml version="1.0" encoding="UTF-8"?><Publication xmlns:dc="http://purl.org/dc/elements/1.1/" xmlns:xsi="http://www.w3.org/2001/XMLSchema-instance" ID="F32088" type="Fiche d'information conditionnée" xsi:noNamespaceSchemaLocation="../Schemas/3.4/Publication.xsd" spUrl="https://www.service-public.fr/particuliers/vosdroits/F32088"><dc:title>Copropriété en graves difficultés : plan de sauvegarde</dc:title><dc:creator>Direction de l'information légale et administrative</dc:creator><dc:subject>Logement</dc:subject><dc:description>Lorsqu'une copropriété est confrontée à de graves difficultés (sociales, techniques et financières), le préfet peut intervenir pour prendre certaines mesures. Si les mesures ne permettent pas de régler les difficultés, une procédure d'expropriation de l'immeuble concerné peut être engagée.</dc:description><dc:publisher>Direction de l'information légale et administrative</dc:publisher><dc:contributor>Direction de l'information légale et administrative (Premier ministre)</dc:contributor><dc:date>modified 2021-10-29</dc:date><dc:type>Fiche pratique</dc:type><dc:format>text/xml</dc:format><dc:identifier>F32088</dc:identifier><dc:source>https://www.legifrance.gouv.fr/codes/id/LEGISCTA000006159107, https://www.legifrance.gouv.fr/loda/id/LEGITEXT000006068256/</dc:source><dc:language>Fr</dc:language><dc:relation>isPartOf N357</dc:relation><dc:coverage>France entière</dc:coverage><dc:rights>https://www.service-public.fr/a-propos/mentions-legales</dc:rights><SurTitre>Fiche pratique</SurTitre><Audience>Particuliers</Audience><Canal>www.service-public.fr</Canal><FilDAriane><Niveau ID="Particuliers">Accueil particuliers</Niveau><Niveau ID="N19808">Logement</Niveau><Niveau ID="N357">Copropriété en difficulté</Niveau><Niveau ID="F32088" type="Fiche d'information conditionnée">Copropriété en graves difficultés : plan de sauvegarde</Niveau></FilDAriane><Theme ID="N19808"><Titre>Logement</Titre></Theme><SousThemePere ID="N31337">Copropriété</SousThemePere><DossierPere ID="N357"><Titre>Copropriété en difficulté</Titre><Fiche ID="F20388">Mesures préventives (retour à l'équilibre financier)</Fiche><Fiche ID="F2643">Difficultés avérées (retour au fonctionnement normal de la copropriété)</Fiche><Fiche ID="F32088">Graves difficultés (plan de sauvegarde)</Fiche><Fiche ID="F2667">Difficultés irrémédiables (état de carence et expropriation)</Fiche></DossierPere><Introduction><Texte><Paragraphe>Lorsqu'une copropriété est confrontée à de graves difficultés (sociales, techniques et financières), le préfet peut intervenir pour prendre certaines mesures. Si les mesures ne permettent pas de régler les difficultés, une procédure d'expropriation de l'immeuble concerné peut être engagée.</Paragraphe></Texte></Introduction><Texte><Chapitre><Titre><Paragraphe>De quoi s'agit-il ?</Paragraphe></Titre><Paragraphe>Le préfet qui a connaissance de graves difficultés rencontrées par une copropriété peut prendre certaines mesures.</Paragraphe><Paragraphe>Ces difficultés peuvent être d'ordre social (copropriétaires défaillants), technique (immeuble dégradé), financier (nombre d'impayés importants).</Paragraphe></Chapitre><Chapitre><Titre><Paragraphe>Intervention d'une commission</Paragraphe></Titre><Paragraphe>Le préfet peut demander l'intervention d'une commission chargée d'élaborer un diagnostic et un plan de sauvegarde de l'immeuble.</Paragraphe><Paragraphe>Cette commission est composée des personnes suivantes :</Paragraphe><Liste type="puce"><Item><Paragraphe>Maire de la commune de l'immeuble</Paragraphe></Item><Item><Paragraphe>Président de l'établissement public de coopération intercommunale (EPCI) compétent en matière d'habitat</Paragraphe></Item><Item><Paragraphe>Président du conseil départemental</Paragraphe></Item><Item><Paragraphe>Président du <LienInterne LienPublication="F2610" type="Fiche d'information conditionnée" audience="Particuliers">conseil syndical</LienInterne> ou <LienInterne LienPublication="F2643" type="Fiche d'information conditionnée" audience="Particuliers">administrateur provisoire s'il en existe un</LienInterne></Paragraphe></Item><Item><Paragraphe>Représentants des propriétaires et locataires de l'immeuble concerné</Paragraphe></Item></Liste><Paragraphe>La demande d'intervention d'une commission peut également provenir des personnes suivantes :</Paragraphe><Liste type="puce"><Item><Paragraphe>Maire de la commune de l'immeuble</Paragraphe></Item><Item><Paragraphe>Président de l'EPCI compétent en matière d'habitat</Paragraphe></Item><Item><Paragraphe>Associations d'habitants, de propriétaires ou de copropriétaires de l'immeuble</Paragraphe></Item><Item><Paragraphe><LienInterne LienPublication="F2643" type="Fiche d'information conditionnée" audience="Particuliers">Administrateur provisoire, s'il en existe un</LienInterne></Paragraphe></Item></Liste></Chapitre><Chapitre><Titre><Paragraphe>Mesures du plan de sauvegarde de la copropriété</Paragraphe></Titre><Paragraphe>Le plan de sauvegarde prévoit les mesures suivantes :</Paragraphe><Liste type="puce"><Item><Paragraphe>Redressement de la situation financière de la copropriété</Paragraphe></Item><Item><Paragraphe>Clarification et simplification des règles de structure et d’administration de l'immeuble</Paragraphe></Item><Item><Paragraphe>Réalisation de travaux de conservation de l'immeuble (par exemple, réfection du gros œuvre) ou tendant à réduire les charges de fonctionnement trop importantes</Paragraphe></Item><Item><Paragraphe>Information des occupants de l'immeuble (propriétaires, locataires...) pour restaurer les relations sociales</Paragraphe></Item></Liste><Paragraphe>Le <LienInterne LienPublication="F2608" type="Fiche d'information conditionnée" audience="Particuliers">syndic de copropriété</LienInterne> doit remettre à la commission tous les documents utiles à l'élaboration et à la mise en œuvre du plan de sauvegarde.</Paragraphe><Paragraphe>Les documents sont remis à la demande de la commission, sans frais.</Paragraphe></Chapitre><Chapitre><Titre><Paragraphe>Communication du plan de sauvegarde de la copropriété</Paragraphe></Titre><Paragraphe>La commission doit réaliser un projet de plan de sauvegarde.</Paragraphe><Paragraphe>Ce projet doit être approuvé par le préfet.</Paragraphe><Paragraphe>Les intervenants suivants doivent donner leur avis sur le projet de plan :</Paragraphe><Liste type="puce"><Item><Paragraphe>Maire</Paragraphe></Item><Item><Paragraphe>Président de l'EPCI compétent en matière d'habitat</Paragraphe></Item><Item><Paragraphe>Président du conseil départemental ayant signé une convention d'attribution d'aides publiques au profit de la copropriété</Paragraphe></Item></Liste><Paragraphe>Le projet de plan, puis le plan définitif réalisé par la commission sont envoyés par lettre recommandée avec avis de réception au syndic (ou à l'administrateur provisoire s'il en existe un).</Paragraphe></Chapitre><Chapitre><Titre><Paragraphe>Application du plan de sauvegarde de la copropriété</Paragraphe></Titre><Paragraphe>Le préfet désigne un coordonnateur chargé de veiller à la bonne application du plan de sauvegarde. Ce coordonnateur peut obliger le syndic à respecter les mesures du plan.</Paragraphe></Chapitre><Chapitre><Titre><Paragraphe>Durée d'application du plan de sauvegarde de la copropriété</Paragraphe></Titre><Paragraphe>Le plan de sauvegarde proposé par la commission est fixé pour 5 ans.</Paragraphe><Paragraphe>Le plan est renouvelable par période de 2 ans.</Paragraphe></Chapitre><Chapitre><Titre><Paragraphe>Obligations du syndic</Paragraphe></Titre><Paragraphe>Le syndic doit organiser le vote des mesures préconisées par le plan de sauvegarde.</Paragraphe><Paragraphe>Pour cela, il doit inscrire les mesures à <LienInterne LienPublication="F2615" type="Fiche d'information conditionnée" audience="Particuliers">l'ordre du jour de la prochaine assemblée générale</LienInterne> si elle intervient dans les 6 mois suivant l'approbation du plan.</Paragraphe><Paragraphe>Par contre, si la prochaine assemblée générale n'intervient pas dans les 6 mois à partir de l'approbation du plan, le syndic convoque une assemblée générale extraordinaire.</Paragraphe></Chapitre><Chapitre><Titre><Paragraphe>Conséquences en cas d'échec des mesures de sauvegarde</Paragraphe></Titre><Paragraphe>Si malgré les mesures préconisées par le plan, la copropriété reste confrontée à de graves difficultés, le <LienInterne LienPublication="F20851" type="Fiche d'information conditionnée" audience="Particuliers">tribunal</LienInterne> peut être saisi par l'une des personnes suivantes :</Paragraphe><Liste type="puce"><Item><Paragraphe>Préfet</Paragraphe></Item><Item><Paragraphe>Maire</Paragraphe></Item><Item><Paragraphe>Président de l'EPCI</Paragraphe></Item><Item><Paragraphe>Administrateur provisoire s'il en existe un</Paragraphe></Item><Item><Paragraphe>1 ou plusieurs copropriétaire(s)</Paragraphe></Item></Liste><Paragraphe>Le tribunal peut prononcer <LienInterne LienPublication="F762" type="Fiche d'information conditionnée" audience="Particuliers">l'état de carence de la copropriété et engager une procédure d'expropriation</LienInterne>.</Paragraphe></Chapitre></Texte><VoirAussi important="non"><Fiche ID="F20388" audience="Particuliers"><Titre>Copropriété en difficulté : mesures préventives avec l'intervention d'un mandataire ad hoc</Titre><Theme ID="N19808"><Titre>Logement</Titre></Theme></Fiche><Fiche ID="F2643" audience="Particuliers"><Titre>Copropriété : intervention d'un administrateur provisoire</Titre><Theme ID="N19808"><Titre>Logement</Titre></Theme></Fiche><Fiche ID="F2667" audience="Particuliers"><Titre>Copropriété en difficulté : état de carence</Titre><Theme ID="N19808"><Titre>Logement</Titre></Theme></Fiche></VoirAussi><Reference type="Texte de référence" URL="https://www.legifrance.gouv.fr/codes/id/LEGISCTA000006159107" ID="R33978"><Titre>Code de la construction et de l'habitation : articles L615-1 à L615-10</Titre><Complement>Articles L615-1 à L615-5</Complement></Reference><Reference type="Texte de référence" URL="https://www.legifrance.gouv.fr/loda/id/LEGITEXT000006068256/" ID="R15198"><Titre>Loi n°65-557 du 10 juillet 1965 fixant le statut de la copropriété des immeubles bâtis</Titre><Complement>Article 29-10</Complement></Reference></Publication>