<?xml version="1.0" encoding="UTF-8"?><Publication xmlns:dc="http://purl.org/dc/elements/1.1/" xmlns:xsi="http://www.w3.org/2001/XMLSchema-instance" ID="F32081" type="Fiche Question-réponse conditionnée" xsi:noNamespaceSchemaLocation="../Schemas/3.4/Publication.xsd" dateDerniereModificationImportante="2017-07-04T00:00:00" spUrl="https://www.service-public.fr/particuliers/vosdroits/F32081"><dc:title>Quels sont les délais de conservation des documents d'une association ?</dc:title><dc:creator>Direction de l'information légale et administrative</dc:creator><dc:subject>Formalités administratives d'une association, Associations</dc:subject><dc:description>La durée de conservation des documents destinés à prouver l'existence d'un droit ou d'une obligation est variable selon la nature des documents.</dc:description><dc:publisher>Direction de l'information légale et administrative</dc:publisher><dc:contributor>Direction de l'information légale et administrative (Premier ministre)</dc:contributor><dc:date>modified 2023-02-21</dc:date><dc:type>Question-réponse</dc:type><dc:format>text/xml</dc:format><dc:identifier>F32081</dc:identifier><dc:source>https://www.legifrance.gouv.fr/codes/article_lc/LEGIARTI000006219327/, https://www.legifrance.gouv.fr/codes/article_lc/LEGIARTI000041471233/, https://www.legifrance.gouv.fr/codes/id/LEGISCTA000006191974/, https://www.legifrance.gouv.fr/codes/section_lc/LEGITEXT000006070721/LEGISCTA000019016471, https://www.legifrance.gouv.fr/codes/article_lc/LEGIARTI000033713008/, https://www.legifrance.gouv.fr/codes/id/LEGISCTA000006178028/, https://www.legifrance.gouv.fr/codes/article_lc/LEGIARTI000031392972/, https://www.legifrance.gouv.fr/codes/article_lc/LEGIARTI000033515983/, https://www.legifrance.gouv.fr/codes/article_lc/LEGIARTI000020398142/</dc:source><dc:language>Fr</dc:language><dc:relation>isPartOf N21962</dc:relation><dc:coverage>France entière</dc:coverage><dc:rights>https://www.service-public.fr/a-propos/mentions-legales</dc:rights><SurTitre>Question-réponse</SurTitre><Audience>Associations</Audience><Audience>Particuliers</Audience><Canal>www.service-public.fr</Canal><FilDAriane><Niveau ID="Particuliers">Accueil particuliers</Niveau><Niveau ID="N31931">Associations</Niveau><Niveau ID="N21962">Évolutions et dissolution d'une association</Niveau><Niveau ID="F32081" type="Fiche Question-réponse conditionnée">Quels sont les délais de conservation des documents d'une association ?</Niveau></FilDAriane><Theme ID="N31931"><Titre>Associations</Titre></Theme><SousThemePere ID="N31975">Formalités administratives d'une association</SousThemePere><DossierPere ID="N21962"><Titre>Évolutions et dissolution d'une association</Titre><Fiche ID="F1123">Modification des statuts</Fiche><Fiche ID="F34797">Changement dans l'administration</Fiche><Fiche ID="F1178">Évolution des ressources</Fiche><Fiche ID="F1122">Dissolution</Fiche></DossierPere><Introduction><Texte><Paragraphe>Une association doit conserver certains documents pour prouver l'existence d'un droit ou d'une obligation. Les délais de conservation varient en fonction de la nature des documents. La liste ci-dessous est donnée à titre non exhaustif : en effet, selon la situation, d'autres documents peuvent être à conserver.</Paragraphe></Texte></Introduction><Texte><Chapitre><Titre><Paragraphe>Existence de l'association</Paragraphe></Titre><Paragraphe>Les documents concernant la création de l'association sont les suivants :</Paragraphe><Liste type="puce"><Item><Paragraphe><LienInterne LienPublication="F1119" type="Fiche d'information conditionnée" audience="Particuliers">Déclaration de l'association</LienInterne> (copie du dossier déposé en préfecture)</Paragraphe></Item><Item><Paragraphe><LienInterne LienPublication="F34733" type="Fiche Question-réponse conditionnée" audience="Particuliers">Récépissé de la déclaration</LienInterne></Paragraphe></Item><Item><Paragraphe>Copie de la demande d'insertion au registre des associations et fondations d'entreprise (JOAFE)</Paragraphe></Item><Item><Paragraphe>Extrait du JOAFE dans lequel a été publiée la déclaration (<Expression>témoin de parution</Expression>)</Paragraphe></Item><Item><Paragraphe><LienInterne LienPublication="F1120" type="Fiche d'information conditionnée" audience="Particuliers">Statuts</LienInterne> modifiés par ordre chronologique</Paragraphe></Item><Item><Paragraphe><LienInterne LienPublication="F35042" type="Fiche Question-réponse conditionnée" audience="Particuliers">Règlements intérieurs</LienInterne> modifiés par ordre chronologique</Paragraphe></Item></Liste><Paragraphe>Ils doivent être conservés pendant <MiseEnEvidence>toute la durée d'existence de l'association</MiseEnEvidence>.</Paragraphe><Paragraphe>Toutefois, il est conseillé de les garder de manière illimitée.</Paragraphe></Chapitre><Chapitre><Titre><Paragraphe>Documents concernant les membres de l'association</Paragraphe></Titre><Paragraphe>Les informations concernant les membres (nom, prénoms, adresse,...) <MiseEnEvidence>ne peuvent pas</MiseEnEvidence> être conservées après leur démission ou leur radiation.</Paragraphe><Paragraphe>Toutefois, elles peuvent être conservées suite à un accord exprès de leur part (c'est-à-dire en manifestant leur volonté de façon apparente, soit par écrit, soit devant des témoins,...).</Paragraphe></Chapitre><Chapitre><Titre><Paragraphe>Fonctionnement de l'association </Paragraphe></Titre><Paragraphe>Les documents concernant le fonctionnement de l'association sont les suivants :</Paragraphe><Liste type="puce"><Item><Paragraphe>Convocations de l'assemblée générale</Paragraphe></Item><Item><Paragraphe>Feuilles d'émargement, pouvoirs</Paragraphe></Item><Item><Paragraphe>Procès-verbaux d'assemblée</Paragraphe></Item><Item><Paragraphe>Bilan d'activités</Paragraphe></Item><Item><Paragraphe>Rapports du commissaire aux comptes</Paragraphe></Item></Liste><Paragraphe>Ils sont à conserver <MiseEnEvidence>au minimum 5 ans</MiseEnEvidence>.</Paragraphe></Chapitre><Chapitre><Titre><Paragraphe>Documents financiers </Paragraphe></Titre><Paragraphe>Les documents financiers sont les suivants :</Paragraphe><Liste type="puce"><Item><Paragraphe>Comptes annuels</Paragraphe></Item><Item><Paragraphe>Livres comptables</Paragraphe></Item><Item><Paragraphe>Pièces justificatives</Paragraphe></Item></Liste><Paragraphe>Ils doivent être conservés <MiseEnEvidence>au minimum 10 ans</MiseEnEvidence> .</Paragraphe></Chapitre><Chapitre><Titre><Paragraphe>Documents fiscaux</Paragraphe></Titre><Paragraphe>Les documents permettant de justifier ce que l'association doit ou non aux services fiscaux sont à conserver <MiseEnEvidence>au minimum 6 ans</MiseEnEvidence>.</Paragraphe><Paragraphe>Il en est de même des doubles des reçus des dons remis aux donateurs pour réduction d'impôt.</Paragraphe></Chapitre><Chapitre><Titre><Paragraphe>Documents concernant les personnels de l'association </Paragraphe></Titre><Tableau><Titre>Durée de conservation en fonction du type de document</Titre><Colonne largeur="91" type="normal"/><Colonne largeur="29" type="normal"/><Rangée type="header"><Cellule><Paragraphe>Type de document</Paragraphe></Cellule><Cellule><Paragraphe>Durée de conservation</Paragraphe></Cellule></Rangée><Rangée type="normal"><Cellule><Paragraphe>Bulletin de paie (double papier ou sous forme électronique)</Paragraphe></Cellule><Cellule><Paragraphe>5 ans</Paragraphe></Cellule></Rangée><Rangée type="normal"><Cellule><Paragraphe>Registre unique du personnel</Paragraphe></Cellule><Cellule><Paragraphe>5 ans à partir du départ du salarié</Paragraphe></Cellule></Rangée><Rangée type="normal"><Cellule><Paragraphe>Document concernant les contrats de travail, salaires, primes, indemnités, soldes de tout compte, régimes de retraite...</Paragraphe></Cellule><Cellule><Paragraphe>5 ans</Paragraphe></Cellule></Rangée><Rangée type="normal"><Cellule><Paragraphe>Document portant sur les charges sociales et la taxe sur les salaires</Paragraphe></Cellule><Cellule><Paragraphe>3 ans</Paragraphe></Cellule></Rangée><Rangée type="normal"><Cellule><Paragraphe>Comptabilisation des horaires des salariés, des heures d'astreinte et de leur compensation</Paragraphe></Cellule><Cellule><Paragraphe>1 an</Paragraphe></Cellule></Rangée><Rangée type="normal"><Cellule><Paragraphe>Déclaration d'accident du travail auprès de la <LienInterne LienPublication="R15469" type="Sigle">CPAM</LienInterne></Paragraphe></Cellule><Cellule><Paragraphe>5 ans</Paragraphe></Cellule></Rangée></Tableau></Chapitre><Chapitre><Titre><Paragraphe>Documents concernant les locaux de l'association</Paragraphe></Titre><Tableau><Titre>Durée de conservation en fonction du type de document</Titre><Colonne largeur="34" type="normal"/><Colonne largeur="86" type="normal"/><Rangée type="header"><Cellule><Paragraphe>Type de document</Paragraphe></Cellule><Cellule><Paragraphe>Durée de conservation</Paragraphe></Cellule></Rangée><Rangée type="normal"><Cellule><Paragraphe>Titres de propriété et actes de ventes</Paragraphe></Cellule><Cellule><Paragraphe>Durée d'existence de l'association. Il est conseillé de les conserver de manière illimitée.</Paragraphe></Cellule></Rangée><Rangée type="normal"><Cellule><Paragraphe>Contrats de bail, état des lieux, quittances de loyer</Paragraphe></Cellule><Cellule><Paragraphe>Durée du contrat + 5 ans</Paragraphe></Cellule></Rangée><Rangée type="normal"><Cellule><Paragraphe>Contrat d'assurance</Paragraphe></Cellule><Cellule><Paragraphe>Durée du contrat + 2 ans</Paragraphe></Cellule></Rangée><Rangée type="normal"><Cellule><Paragraphe>Factures de gaz et d'électricité</Paragraphe></Cellule><Cellule><Paragraphe>2 ans</Paragraphe></Cellule></Rangée><Rangée type="normal"><Cellule><Paragraphe>Factures d'eau</Paragraphe></Cellule><Cellule><Liste type="puce"><Item><Paragraphe>4 ans si la distribution est assurée par une personne publique (commune par exemple)</Paragraphe></Item><Item><Paragraphe>2 ans si elle est assurée par une entreprise privée</Paragraphe></Item></Liste></Cellule></Rangée><Rangée type="normal"><Cellule><Paragraphe>Factures de de téléphonie (fixe et mobile) et internet</Paragraphe></Cellule><Cellule><Paragraphe>1 an</Paragraphe></Cellule></Rangée></Tableau></Chapitre><Chapitre><Titre><Paragraphe>Conservation des archives </Paragraphe></Titre><Paragraphe>La loi n'oblige pas les associations à verser leurs archives aux archives municipales ou départementales.</Paragraphe><Paragraphe>Les associations peuvent proposer aux archives municipales ou départementales les documents dont elles jugent qu'ils présentent un <MiseEnEvidence>intérêt historique</MiseEnEvidence>.</Paragraphe><Paragraphe>Les archives municipales collectent et conservent les documents produits ou reçus par les services et établissements municipaux et les documents d'origine privée concernant la ville concernée.</Paragraphe><Paragraphe>Les archives départementales collectent et conservent les documents produits par les services publics situés dans le département et les documents privés intéressant l'histoire locale.</Paragraphe><OuSAdresser ID="R1" sve="non" type="Local personnalisé sur SP"><Titre>Mairie</Titre><PivotLocal>mairie</PivotLocal><RessourceWeb URL="https://lannuaire.service-public.fr/navigation/mairie"/></OuSAdresser><OuSAdresser ID="R38679" sve="non" type="Local personnalisable"><Titre>Archives départementales</Titre><PivotLocal>archives_departementales</PivotLocal><RessourceWeb URL="https://francearchives.fr/fr/annuaire/departements"/><Source ID="R30679">Ministère chargé de la culture et de la communication</Source></OuSAdresser></Chapitre><Chapitre><Titre><Paragraphe>En résumé</Paragraphe></Titre><Tableau><Titre>Durée de conservation en fonction du type de document</Titre><Colonne largeur="43" type="normal"/><Colonne largeur="41" type="normal"/><Rangée type="header"><Cellule><Paragraphe>Type de document</Paragraphe></Cellule><Cellule><Paragraphe>Durée de conservation</Paragraphe></Cellule></Rangée><Rangée type="normal"><Cellule><Paragraphe>Documents portant sur la création de l'association</Paragraphe></Cellule><Cellule><Paragraphe>Illimitée</Paragraphe></Cellule></Rangée><Rangée type="normal"><Cellule><Paragraphe>Documents portant sur le fonctionnement de l'association</Paragraphe></Cellule><Cellule><Paragraphe>Au moins 5 ans</Paragraphe></Cellule></Rangée><Rangée type="normal"><Cellule><Paragraphe>Documents financiers</Paragraphe></Cellule><Cellule><Paragraphe>Au moins 10 ans</Paragraphe></Cellule></Rangée><Rangée type="normal"><Cellule><Paragraphe>Documents fiscaux</Paragraphe></Cellule><Cellule><Paragraphe>Au moins 6 ans</Paragraphe></Cellule></Rangée><Rangée type="normal"><Cellule><Paragraphe>Documents portant sur les personnes de l'association</Paragraphe></Cellule><Cellule><Paragraphe>Variable (entre 1 et 5 ans)</Paragraphe></Cellule></Rangée><Rangée type="normal"><Cellule><Paragraphe>Documents portant sur les locaux de l'association</Paragraphe></Cellule><Cellule><Paragraphe>Variable (entre 1 an et illimité)</Paragraphe></Cellule></Rangée></Tableau></Chapitre></Texte><VoirAussi important="non"><Dossier ID="N19554" audience="Particuliers"><Titre>Création d'une association</Titre><Theme ID="N31403"><Titre>Formalités administratives d'une association</Titre></Theme></Dossier><Dossier ID="N21962" audience="Particuliers"><Titre>Évolutions et dissolution d'une association</Titre><Theme ID="N31403"><Titre>Formalités administratives d'une association</Titre></Theme></Dossier></VoirAussi><QuiPeutMAider ID="R17216" sve="non" type="Local"><Titre>Point ressource à la vie associative</Titre><RessourceWeb URL="http://www.associations.gouv.fr/les-centres-de-ressources-pour-les-responsables-ou-createurs-d-association.html"/><Source ID="R30678">Ministère chargé de la vie associative</Source></QuiPeutMAider><Reference type="Texte de référence" URL="https://www.legifrance.gouv.fr/codes/article_lc/LEGIARTI000006219327/" ID="R21890"><Titre>Code de commerce : article L123-22</Titre><Complement>Délai de conservation des documents financiers</Complement></Reference><Reference type="Texte de référence" URL="https://www.legifrance.gouv.fr/codes/article_lc/LEGIARTI000041471233/" ID="R21896"><Titre>Livre des procédures fiscales : article L102B</Titre><Complement>Délai de conservation des documents fiscaux</Complement></Reference><Reference type="Texte de référence" URL="https://www.legifrance.gouv.fr/codes/id/LEGISCTA000006191974/" ID="R34296"><Titre>Livre des procédures fiscales : articles L169 à L169A</Titre><Complement>Délai de conservation des documents relatifs aux charges sociales et à la taxe sur les salaires</Complement></Reference><Reference type="Texte de référence" URL="https://www.legifrance.gouv.fr/codes/section_lc/LEGITEXT000006070721/LEGISCTA000019016471" ID="R18924"><Titre>Code civil : article 2224</Titre><Complement>Délai de conservation des document concernant les contrats de travail, salaires, primes, indemnités, soldes de tout compte, régimes de retraite...</Complement></Reference><Reference type="Texte de référence" URL="https://www.legifrance.gouv.fr/codes/article_lc/LEGIARTI000033713008/" ID="R21895"><Titre>Code de la sécurité sociale : article L244-3</Titre><Complement>Délai de conservation des documents relatifs aux charges sociales et à la taxe sur les salaires</Complement></Reference><Reference type="Texte de référence" URL="https://www.legifrance.gouv.fr/codes/id/LEGISCTA000006178028/" ID="R21892"><Titre>Code du travail : articles L3243-1 à L3243-5</Titre><Complement>Article L3243-4 : délai de conservation des bulletins de paie</Complement></Reference><Reference type="Texte de référence" URL="https://www.legifrance.gouv.fr/codes/article_lc/LEGIARTI000031392972/" ID="R21893"><Titre>Code du travail : article R1221-26</Titre><Complement>Délai de conservation des mentions portées sur le registre unique du personnel</Complement></Reference><Reference type="Texte de référence" URL="https://www.legifrance.gouv.fr/codes/article_lc/LEGIARTI000033515983/" ID="R21894"><Titre>Code du travail : article D3171-16</Titre><Complement>Délai de conservation des informations relatives aux horaires de travail et aux astreintes</Complement></Reference><Reference type="Texte de référence" URL="https://www.legifrance.gouv.fr/codes/article_lc/LEGIARTI000020398142/" ID="R52258"><Titre>Code du travail : article D4711-3</Titre><Complement>Délai de conservation des déclarations d'accident du travail</Complement></Reference><Abreviation ID="R15469" type="Sigle"><Titre>CPAM</Titre><Texte><Paragraphe>Caisse primaire d'assurance maladie</Paragraphe></Texte></Abreviation></Publication>