<?xml version="1.0" encoding="UTF-8"?><Publication xmlns:dc="http://purl.org/dc/elements/1.1/" xmlns:xsi="http://www.w3.org/2001/XMLSchema-instance" ID="F32134" type="Fiche Question-réponse conditionnée" xsi:noNamespaceSchemaLocation="../Schemas/3.4/Publication.xsd" dateDerniereModificationImportante="2022-12-15T00:00:00" spUrl="https://www.service-public.fr/particuliers/vosdroits/F32134"><dc:title>Peut-on conduire en métropole avec un permis délivré en outre-mer ?</dc:title><dc:creator>Direction de l'information légale et administrative</dc:creator><dc:subject>Transports - Mobilité</dc:subject><dc:description>Oui, vous pouvez conduire en métropole avec un permis de conduire obtenu en outre-mer, sous conditions.</dc:description><dc:publisher>Direction de l'information légale et administrative</dc:publisher><dc:contributor>Direction de l'information légale et administrative (Premier ministre)</dc:contributor><dc:date>modified 2023-08-31</dc:date><dc:type>Question-réponse</dc:type><dc:format>text/xml</dc:format><dc:identifier>F32134</dc:identifier><dc:source>https://www.legifrance.gouv.fr/codes/section_lc/LEGITEXT000006074228/LEGISCTA000006159563, https://www.legifrance.gouv.fr/loda/id/LEGITEXT000005627531/, https://www.legifrance.gouv.fr/loda/id/JORFTEXT000025175223, https://www.legifrance.gouv.fr/loda/id/JORFTEXT000025803494/</dc:source><dc:language>Fr</dc:language><dc:relation>isPartOf N19126</dc:relation><dc:coverage>France entière</dc:coverage><dc:rights>https://www.service-public.fr/a-propos/mentions-legales</dc:rights><SurTitre>Question-réponse</SurTitre><Audience>Particuliers</Audience><Canal>www.service-public.fr</Canal><FilDAriane><Niveau ID="Particuliers">Accueil particuliers</Niveau><Niveau ID="N19812">Transports - Mobilité</Niveau><Niveau ID="N19126">Conduire en France avec un permis étranger</Niveau><Niveau ID="F32134" type="Fiche Question-réponse conditionnée">Peut-on conduire en métropole avec un permis délivré en outre-mer ?</Niveau></FilDAriane><Theme ID="N19812"><Titre>Transports - Mobilité</Titre></Theme><DossierPere ID="N19126"><Titre>Conduire en France avec un permis étranger</Titre><SousDossier ID="N19126-1"><Titre>Permis européen</Titre><Fiche ID="F1757">Conduire en France avec un permis européen (EEE)</Fiche><Fiche ID="F1758">Echange d'un permis européen (EEE)</Fiche></SousDossier><SousDossier ID="N19126-2"><Titre>Permis d'un autre pays</Titre><Fiche ID="F1459">Court séjour ou études</Fiche><Fiche ID="F1460">Installation durable</Fiche></SousDossier></DossierPere><Texte><BlocCas affichage="radio"><Cas><Titre>Guadeloupe, Guyane, Martinique, Mayotte, La Réunion, Saint-Pierre-et-Miquelon</Titre><Paragraphe>Vous pouvez conduire en métropole avec votre permis obtenu en Guadeloupe, en Guyane, en Martinique, à Mayotte, à la Réunion, ou à Saint-Pierre-et-Miquelon.</Paragraphe><Paragraphe>Votre permis de conduire doit être <MiseEnEvidence>en cours de validité</MiseEnEvidence>.</Paragraphe></Cas><Cas><Titre>Polynésie française, Saint-Barthélemy, Saint-Martin, Îles Wallis et Futuna, Nouvelle-Calédonie</Titre><TitreFlottant><Paragraphe>Quel permis pour conduire en métropole ?</Paragraphe></TitreFlottant><Paragraphe>Les permis suivants, <MiseEnEvidence>en cours de validité</MiseEnEvidence>, permettent de conduire en métropole :</Paragraphe><Liste type="puce"><Item><Paragraphe>Permis <MiseEnEvidence>obtenu directement</MiseEnEvidence> dans une <LienIntra LienID="R65787" type="Définition de glossaire">Com</LienIntra> ou en Nouvelle-Calédonie, sans procédure d'échange</Paragraphe></Item><Item><Paragraphe>Permis délivré dans une <LienIntra LienID="R65787" type="Définition de glossaire">Com</LienIntra> ou en Nouvelle-Calédonie, <MiseEnEvidence>en échange d'un permis </MiseEnEvidence><LienIntra LienID="R55492" type="Définition de glossaire">européen</LienIntra></Paragraphe></Item><Item><Paragraphe>Permis délivré dans une <LienIntra LienID="R65787" type="Définition de glossaire">Com</LienIntra> ou en Nouvelle-Calédonie, <MiseEnEvidence>en échange d'un permis non européen</MiseEnEvidence> avec lequel la France pratique <LienExterne URL="https://www.diplomatie.gouv.fr/IMG/pdf/---_liste_permis_de_conduire_valables_a_l_echange_09.12.2021---_cle8735a7.pdf" format="application/pdf" poids="357.2 KB">l'échange réciproque des permis</LienExterne>.</Paragraphe><Paragraphe>Par exemple, un permis délivré en Nouvelle-Calédonie en échange d'un permis Néo-Zélandais.</Paragraphe></Item></Liste><TitreFlottant><Paragraphe>Quel permis doit être échangé ?</Paragraphe></TitreFlottant><Paragraphe>Votre permis de conduire délivré dans une <LienIntra LienID="R65787" type="Définition de glossaire">Com</LienIntra> ou en Nouvelle-Calédonie doit être échangé contre un permis métropolitain dans les <MiseEnEvidence>3 cas</MiseEnEvidence> suivants :</Paragraphe><Liste type="puce"><Item><Paragraphe>La <MiseEnEvidence>validité</MiseEnEvidence> de votre permis a pris <MiseEnEvidence>fin</MiseEnEvidence></Paragraphe></Item><Item><Paragraphe>Vous demandez une <MiseEnEvidence>nouvelle catégorie</MiseEnEvidence> du permis (extension)</Paragraphe></Item><Item><Paragraphe>Vous résidez en métropole et y avez commis une<MiseEnEvidence> infraction au code de la route</MiseEnEvidence> entraînant une <MiseEnEvidence>mesure de suspension</MiseEnEvidence> ou de <MiseEnEvidence>retrait de points</MiseEnEvidence></Paragraphe></Item></Liste><TitreFlottant><Paragraphe>Comment demander l'échange ?</Paragraphe></TitreFlottant><Paragraphe>La demande d'échange de permis de conduire se fait <MiseEnEvidence>en ligne</MiseEnEvidence> sur le site de l'<LienInterne LienPublication="R50821" type="Sigle">ANTS</LienInterne>.</Paragraphe><ServiceEnLigne ID="R55669" URL="https://permisdeconduire.ants.gouv.fr/demarches-en-ligne/echanger-un-permis-etranger" audience="Particuliers" type="Téléservice"><Titre>Echanger un permis étranger ou obtenu dans une COM pour un permis français</Titre><Source ID="R30628">Agence nationale des titres sécurisés (ANTS)</Source></ServiceEnLigne><TitreFlottant><Paragraphe>Quels documents fournir ?</Paragraphe></TitreFlottant><Paragraphe>Vous avez besoin des documents suivants, <MiseEnEvidence>photographiés ou numérisés</MiseEnEvidence>.</Paragraphe><Paragraphe>Toutefois, <MiseEnEvidence>des documents complémentaires peuvent vous être demandés en fonction de votre situation</MiseEnEvidence>.</Paragraphe><Paragraphe><MiseEnEvidence>Si vous êtes Français(e) :</MiseEnEvidence></Paragraphe><Liste type="puce"><Item><Paragraphe>Image couleur recto verso couleur du permis de conduire orignal</Paragraphe></Item><Item><Paragraphe><LienInterne LienPublication="F31057" type="Fiche Question-réponse conditionnée" audience="Particuliers">Justificatif d'identité</LienInterne></Paragraphe></Item><Item><Paragraphe><LienInterne LienPublication="F31847" type="Fiche Question-réponse conditionnée" audience="Particuliers">Justificatif de domicile</LienInterne> de moins de 6 mois</Paragraphe></Item><Item><Paragraphe><LienExterne URL="https://permisdeconduire.ants.gouv.fr/services/geolocaliser-les-photographes-habilites">Photo-signature numérique</LienExterne></Paragraphe><Paragraphe>Si vous n'avez pas accès à un service de photo et de signature numérique, il vous est proposé de remplir et d'envoyer par courrier un formulaire photo-signature (FPS) lors de la téléprocédure.</Paragraphe></Item><Item><Paragraphe>Attestation de droits à conduire de moins de 6 mois délivrée par les autorités de la collectivité ayant délivré le permis de conduire.</Paragraphe><Paragraphe>Ce document permet de vérifier que votre permis n'a pas été suspendu, retiré ou annulé.</Paragraphe></Item><Item><Paragraphe>Si vous avez un <LienInterne LienPublication="N530" type="Dossier" audience="Particuliers">permis lourd</LienInterne>, avis médical d'aptitude à la conduite des catégories lourdes, ou déclaration de renonciation aux catégories lourdes</Paragraphe></Item><Item><Paragraphe>Si votre permis a été annulé ou suspendu, décision d'annulation ou de suspension + courrier informant de l'obligation d'échange adressé par la préfecture + avis médical</Paragraphe></Item></Liste><Paragraphe><MiseEnEvidence>Si vous êtes <LienIntra LienID="R52893" type="Définition de glossaire">Européen(ne)</LienIntra></MiseEnEvidence> :</Paragraphe><Liste type="puce"><Item><Paragraphe>Image couleur recto verso couleur du permis de conduire orignal</Paragraphe></Item><Item><Paragraphe><LienInterne LienPublication="F31057" type="Fiche Question-réponse conditionnée" audience="Particuliers">Justificatif d'identité</LienInterne></Paragraphe></Item><Item><Paragraphe><LienInterne LienPublication="F31847" type="Fiche Question-réponse conditionnée" audience="Particuliers">Justificatif de domicile</LienInterne> de moins de 6 mois</Paragraphe></Item><Item><Paragraphe><LienExterne URL="https://permisdeconduire.ants.gouv.fr/services/geolocaliser-les-photographes-habilites">Photo-signature numérique</LienExterne></Paragraphe><Paragraphe>Si vous n'avez pas accès à un service de photo et de signature numérique, il vous est proposé de remplir et d'envoyer par courrier un formulaire photo-signature (FPS) lors de la téléprocédure.</Paragraphe></Item><Item><Paragraphe>Attestation de droits à conduire de moins de 6 mois délivrée par les autorités de la collectivité ayant délivré le permis de conduire.</Paragraphe><Paragraphe>Ce document permet de vérifier que votre permis n'a pas été suspendu, retiré ou annulé.</Paragraphe></Item><Item><Paragraphe>Justificatif(s) de <LienIntra LienID="R2308" type="Définition de glossaire">résidence normale</LienIntra> en France à la date de la demande (au moins 185 jours avec attaches personnelles et/ou professionnelles).</Paragraphe><Paragraphe>Par exemple, avis d'imposition/non imposition sur le revenu, contrat de travail, attestation sécurité sociale ...</Paragraphe></Item><Item><Paragraphe>Si vous avez un <LienInterne LienPublication="N530" type="Dossier" audience="Particuliers">permis lourd</LienInterne>, avis médical d'aptitude à la conduite des catégories lourdes, ou déclaration de renonciation aux catégories lourdes</Paragraphe></Item><Item><Paragraphe>Si votre permis a été annulé ou suspendu, décision d'annulation ou de suspension + courrier informant de l'obligation d'échange adressé par la préfecture + avis médical</Paragraphe></Item></Liste><Paragraphe><MiseEnEvidence>Si vous avez la nationalité d'un autre Etat</MiseEnEvidence> :</Paragraphe><Liste type="puce"><Item><Paragraphe>Image couleur recto verso couleur du permis de conduire orignal</Paragraphe></Item><Item><Paragraphe><LienInterne LienPublication="F31057" type="Fiche Question-réponse conditionnée" audience="Particuliers">Justificatif d'identité</LienInterne></Paragraphe></Item><Item><Paragraphe><LienInterne LienPublication="F31847" type="Fiche Question-réponse conditionnée" audience="Particuliers">Justificatif de domicile</LienInterne> de moins de 6 mois</Paragraphe></Item><Item><Paragraphe><LienExterne URL="https://permisdeconduire.ants.gouv.fr/services/geolocaliser-les-photographes-habilites">Photo-signature numérique</LienExterne></Paragraphe><Paragraphe>Si vous n'avez pas accès à un service de photo et de signature numérique, il vous est proposé de remplir et d'envoyer par courrier un formulaire photo-signature (FPS) lors de la téléprocédure.</Paragraphe></Item><Item><Paragraphe>Justificatif(s) de régularité du séjour en France (titre de séjour ou <LienInterne LienPublication="F39" type="Fiche Question-réponse conditionnée" audience="Particuliers">vignette Ofii apposé sur votre passeport)</LienInterne></Paragraphe></Item><Item><Paragraphe>Attestation de droits à conduire de moins de 6 mois délivrée par les autorités de la collectivité ayant délivré le permis de conduire.</Paragraphe><Paragraphe>Ce document permet de vérifier que votre permis n'a pas été suspendu, retiré ou annulé.</Paragraphe></Item><Item><Paragraphe>Si vous avez un <LienInterne LienPublication="N530" type="Dossier" audience="Particuliers">permis lourd</LienInterne>, avis médical d'aptitude à la conduite des catégories lourdes, ou déclaration de renonciation aux catégories lourdes</Paragraphe></Item><Item><Paragraphe>Si votre permis a été annulé ou suspendu, décision d'annulation ou de suspension + courrier informant de l'obligation d'échange adressé par la préfecture + avis médical</Paragraphe></Item></Liste></Cas></BlocCas></Texte><VoirAussi important="non"><Dossier ID="N19126" audience="Particuliers"><Titre>Conduire en France avec un permis étranger</Titre><Theme ID="N19812"><Titre>Transports - Mobilité</Titre></Theme></Dossier><Dossier ID="N530" audience="Particuliers"><Titre>Permis de conduire</Titre><Theme ID="N19812"><Titre>Transports - Mobilité</Titre></Theme></Dossier><Dossier ID="N18918" audience="Particuliers"><Titre>Infractions routières</Titre><Theme ID="N19812"><Titre>Transports - Mobilité</Titre></Theme></Dossier></VoirAussi><QuiPeutMAider ID="R33823" sve="non" type="Centre de contact"><Titre>Agence nationale des titres sécurisés (ANTS) - Permis de conduire</Titre><Source ID="R30628">Agence nationale des titres sécurisés (ANTS)</Source><Texte><Chapitre><Titre><Paragraphe>En ligne</Paragraphe></Titre><Paragraphe><LienExterne URL="https://permisdeconduire.ants.gouv.fr/">https://permisdeconduire.ants.gouv.fr/</LienExterne></Paragraphe></Chapitre><Chapitre><Titre><Paragraphe>Par messagerie</Paragraphe></Titre><Paragraphe>Accès au <LienExterne URL="https://permisdeconduire.ants.gouv.fr/aide-et-contact">formulaire de contact</LienExterne></Paragraphe></Chapitre><Chapitre><Titre><Paragraphe>Par téléphone</Paragraphe></Titre><Paragraphe><MiseEnEvidence>34 00</MiseEnEvidence></Paragraphe><Paragraphe>Du lundi au vendredi de 7h45 à 19h et le samedi de 8h à 17h. Coût d'un appel local</Paragraphe><Paragraphe><MiseEnEvidence>09 70 83 07 07</MiseEnEvidence> depuis l'Outre-Mer et l'étranger</Paragraphe></Chapitre></Texte></QuiPeutMAider><Reference type="Texte de référence" URL="https://www.legifrance.gouv.fr/codes/section_lc/LEGITEXT000006074228/LEGISCTA000006159563" ID="R799"><Titre>Code de la route : articles R222-1 à R222-8</Titre></Reference><Reference type="Texte de référence" URL="https://www.legifrance.gouv.fr/loda/id/LEGITEXT000005627531/" ID="R11477"><Titre>Arrêté du 8 février 1999 fixant les conditions de reconnaissance et d'échange des permis de conduire délivrés par les États appartenant à l'UE et à l'EEE</Titre></Reference><Reference type="Texte de référence" URL="https://www.legifrance.gouv.fr/loda/id/JORFTEXT000025175223" ID="R18322"><Titre>Arrêté du 12 janvier 2012 fixant les conditions de reconnaissance et d'échange des permis de conduire délivrés par des États hors Espace économique européen</Titre></Reference><Reference type="Texte de référence" URL="https://www.legifrance.gouv.fr/loda/id/JORFTEXT000025803494/" ID="R31125"><Titre>Arrêté du 20 avril 2012 fixant les conditions d'établissement, de délivrance et de validité du permis de conduire</Titre><Complement>Article 9</Complement></Reference><ServiceEnLigne ID="R55669" URL="https://permisdeconduire.ants.gouv.fr/demarches-en-ligne/echanger-un-permis-etranger" audience="Particuliers" type="Téléservice"><Titre>Echanger un permis étranger ou obtenu dans une COM pour un permis français</Titre><Source ID="R30628">Agence nationale des titres sécurisés (ANTS)</Source></ServiceEnLigne><PourEnSavoirPlus type="Information pratique" ID="R10943" URL="https://www.diplomatie.gouv.fr/IMG/pdf/---_liste_permis_de_conduire_valables_a_l_echange_09.12.2021---_cle8735a7.pdf" audience="Particuliers" format="application/pdf" poids="357.2 KB"><Titre>Pays pratiquant l'échange réciproque des permis de conduire avec la France</Titre><Source ID="R30604">Ministère chargé de l'Europe et des affaires étrangères</Source></PourEnSavoirPlus><Definition ID="R65787"><Titre>Com (permis de conduire)</Titre><Texte><Paragraphe>Polynésie française, Saint-Barthélemy, Saint-Martin, Îles Wallis et Futuna</Paragraphe></Texte></Definition><Definition ID="R55492"><Titre>Européen (EEE)</Titre><Texte><Paragraphe>Allemagne, Autriche, Belgique, Bulgarie, Chypre, Croatie, Danemark, Espagne, Estonie, Finlande, France, Grèce, Hongrie, Irlande, Islande, Italie, Lettonie, Liechtenstein, Lituanie, Luxembourg, Malte, Norvège, Pays-Bas, Pologne, Portugal, République tchèque, Roumanie, Slovaquie, Slovénie, Suède</Paragraphe></Texte></Definition><Definition ID="R52893"><Titre>Européen (EEE + Suisse, Monaco et Andorre)</Titre><Texte><Paragraphe>Allemagne, Andorre, Autriche, Belgique, Bulgarie, Chypre, Croatie, Danemark, Espagne, Estonie, Finlande, Grèce, Hongrie, Irlande, Islande, Italie, Lettonie, Liechtenstein, Lituanie, Luxembourg, Malte, Monaco, Norvège, Pays-Bas, Pologne, Portugal, République tchèque, Roumanie, Royaume-Uni, Slovaquie, Slovénie, Suède et Suisse</Paragraphe></Texte></Definition><Definition ID="R2308"><Titre>Résidence normale (permis de conduire)</Titre><Texte><Paragraphe>Pays où une personne demeure 185 jours ou plus (6 mois) par année civile en raison d'attaches personnelles ou professionnelles. Toutefois, pour une personne dont les attaches personnelles sont situées en France mais qui se trouve à l'étranger pour y suivre ses études, une formation, un stage ou pour accomplir une mission d'une durée déterminée, la résidence normale se situe en France.</Paragraphe></Texte><Reference type="Texte de référence" URL="https://www.legifrance.gouv.fr/loda/id/JORFTEXT000025803494/" ID="R31125"><Titre>Arrêté du 20 avril 2012 fixant les conditions d'établissement, de délivrance et de validité du permis de conduire</Titre></Reference></Definition><Abreviation ID="R50821" type="Sigle"><Titre>ANTS</Titre><Texte><Paragraphe>Agence nationale des titres sécurisés</Paragraphe></Texte></Abreviation><QuestionReponse ID="F31847" audience="Particuliers"><Titre>Demande de permis de conduire : quel justificatif de domicile ?</Titre></QuestionReponse><QuestionReponse ID="F31057" audience="Particuliers"><Titre>Demande de permis de conduire : quelle pièce d'identité peut-on présenter ?</Titre></QuestionReponse><QuestionReponse ID="F12956" audience="Particuliers"><Titre>Traduction d'un document : comment trouver un traducteur agréé ?</Titre></QuestionReponse><QuestionReponse ID="F32776" audience="Particuliers"><Titre>Retour d'expatriation : comment faire rétablir son permis de conduire français ?</Titre></QuestionReponse><QuestionReponse ID="F34816" audience="Particuliers"><Titre>Peut-on conduire en France avec un permis étranger ?</Titre></QuestionReponse></Publication>