<?xml version="1.0" encoding="UTF-8"?><Publication xmlns:dc="http://purl.org/dc/elements/1.1/" xmlns:xsi="http://www.w3.org/2001/XMLSchema-instance" ID="F32476" type="Fiche Question-réponse conditionnée" xsi:noNamespaceSchemaLocation="../Schemas/3.4/Publication.xsd" spUrl="https://www.service-public.fr/particuliers/vosdroits/F32476" profilsPro="tout"><dc:title>Dans quel secteur peut-on recourir au CDD d'usage ou au CDD temporaire (intérim) ?</dc:title><dc:creator>Direction de l'information légale et administrative</dc:creator><dc:subject>Travail - Formation, Ressources humaines</dc:subject><dc:description>Dans certains secteurs d'activité, le CDI n'est pas un mode de recrutement habituel, il est d'usage et légal de recourir au CDD ou à l'intérim.</dc:description><dc:publisher>Direction de l'information légale et administrative</dc:publisher><dc:contributor>Direction de l'information légale et administrative (Premier ministre)</dc:contributor><dc:date>modified 2024-01-26</dc:date><dc:type>Question-réponse</dc:type><dc:format>text/xml</dc:format><dc:identifier>F32476</dc:identifier><dc:source>https://www.legifrance.gouv.fr/codes/article_lc/LEGIARTI000021336319, https://www.legifrance.gouv.fr/codes/article_lc/LEGIARTI000019668669</dc:source><dc:language>Fr</dc:language><dc:relation>isPartOf N19871</dc:relation><dc:coverage>France entière</dc:coverage><dc:rights>https://www.service-public.fr/a-propos/mentions-legales</dc:rights><SurTitre>Question-réponse</SurTitre><Audience>Particuliers</Audience><Audience>Professionnels</Audience><Canal>www.service-public.fr</Canal><FilDAriane><Niveau ID="Particuliers">Accueil particuliers</Niveau><Niveau ID="N19806">Travail - Formation</Niveau><Niveau ID="N19871">Contrats de travail dans le secteur privé</Niveau><Niveau ID="F32476" type="Fiche Question-réponse conditionnée">Dans quel secteur peut-on recourir au CDD d'usage ou au CDD temporaire (intérim) ?</Niveau></FilDAriane><Theme ID="N19806"><Titre>Travail - Formation</Titre></Theme><SousThemePere ID="N19962">Contrats et carrière</SousThemePere><DossierPere ID="N19871"><Titre>Contrats de travail dans le secteur privé</Titre><SousDossier ID="N19871-1"><Titre>Contrat à durée indéterminée (CDI)</Titre><Fiche ID="F1906">Caractéristiques</Fiche><Fiche ID="F2339">Modification</Fiche><Fiche ID="F10033">Rupture</Fiche></SousDossier><SousDossier ID="N19871-2"><Titre>Contrat à durée déterminée (CDD)</Titre><Fiche ID="F36">Conclusion</Fiche><Fiche ID="F41">Situation du salarié</Fiche><Fiche ID="F38">Renouvellement</Fiche><Fiche ID="F40">Fin</Fiche></SousDossier><SousDossier ID="N19871-3"><Titre>Contrat temporaire</Titre><Fiche ID="F11215">Contrat d'intérim</Fiche><Fiche ID="F33693">Contrat d'extra (CDD d'usage)</Fiche></SousDossier></DossierPere><Texte><Paragraphe>Dans certains secteurs d'activité, le <LienInterne LienPublication="R24389" type="Sigle">CDI</LienInterne> n'est pas un mode de recrutement traditionnellement utilisé. Le code du travail prévoit alors de recourir au <LienInterne LienPublication="R2454" type="Sigle">CDD</LienInterne> dit <Expression>d'usage</Expression> ou au CDD temporaire dit <Expression>d'<Expression>intérim</Expression></Expression>.</Paragraphe><Paragraphe>Nous vous présentons les différents cas de recours possibles à ces CDD particuliers :</Paragraphe><Tableau><Titre>Domaines d'activités où le CDD ou l'intérim est d'usage</Titre><Colonne largeur="27" type="header"/><Colonne largeur="21" type="normal"/><Colonne largeur="21" type="normal"/><Rangée type="header"><Cellule><Paragraphe>Missions par secteur d'activité</Paragraphe></Cellule><Cellule><Paragraphe>CDD d'usage</Paragraphe></Cellule><Cellule><Paragraphe>Intérim</Paragraphe></Cellule></Rangée><Rangée type="normal"><Cellule><Paragraphe>Action culturelle</Paragraphe></Cellule><Cellule><Paragraphe>Oui</Paragraphe></Cellule><Cellule><Paragraphe>Oui</Paragraphe></Cellule></Rangée><Rangée type="normal"><Cellule><Paragraphe>Activité foraine</Paragraphe></Cellule><Cellule><Paragraphe>Oui</Paragraphe></Cellule><Cellule><Paragraphe>Non</Paragraphe></Cellule></Rangée><Rangée type="normal"><Cellule><Paragraphe>Assistance technique ou logistique dans les institutions internationales ou dans l'Union européenne prévu par les traités</Paragraphe></Cellule><Cellule><Paragraphe>Non</Paragraphe></Cellule><Cellule><Paragraphe>Oui</Paragraphe></Cellule></Rangée><Rangée type="normal"><Cellule><Paragraphe>Audiovisuel, production cinématographique, édition phonographique</Paragraphe></Cellule><Cellule><Paragraphe>Oui</Paragraphe></Cellule><Cellule><Paragraphe>Oui</Paragraphe></Cellule></Rangée><Rangée type="normal"><Cellule><Paragraphe>Bâtiment et travaux publics pour les chantiers à l'étranger</Paragraphe></Cellule><Cellule><Paragraphe>Oui</Paragraphe></Cellule><Cellule><Paragraphe>Oui</Paragraphe></Cellule></Rangée><Rangée type="normal"><Cellule><Paragraphe>Centre de loisirs et de vacances</Paragraphe></Cellule><Cellule><Paragraphe>Oui</Paragraphe></Cellule><Cellule><Paragraphe>Oui</Paragraphe></Cellule></Rangée><Rangée type="normal"><Cellule><Paragraphe>Coopération, assistance technique d'ingénierie et de recherche à l'étranger</Paragraphe></Cellule><Cellule><Paragraphe>Oui</Paragraphe></Cellule><Cellule><Paragraphe>Oui</Paragraphe></Cellule></Rangée><Rangée type="normal"><Cellule><Paragraphe>Déménagement</Paragraphe></Cellule><Cellule><Paragraphe>Oui</Paragraphe></Cellule><Cellule><Paragraphe>Oui</Paragraphe></Cellule></Rangée><Rangée type="normal"><Cellule><Paragraphe>Enquêtes, sondages</Paragraphe></Cellule><Cellule><Paragraphe>Oui</Paragraphe></Cellule><Cellule><Paragraphe>Oui</Paragraphe></Cellule></Rangée><Rangée type="normal"><Cellule><Paragraphe>Enseignement</Paragraphe></Cellule><Cellule><Paragraphe>Oui</Paragraphe></Cellule><Cellule><Paragraphe>Oui</Paragraphe></Cellule></Rangée><Rangée type="normal"><Cellule><Paragraphe>Entreposage et stockage de la viande</Paragraphe></Cellule><Cellule><Paragraphe>Oui</Paragraphe></Cellule><Cellule><Paragraphe>Oui</Paragraphe></Cellule></Rangée><Rangée type="normal"><Cellule><Paragraphe>Exploitation forestière</Paragraphe></Cellule><Cellule><Paragraphe>Oui</Paragraphe></Cellule><Cellule><Paragraphe>Oui</Paragraphe></Cellule></Rangée><Rangée type="normal"><Cellule><Paragraphe>Information</Paragraphe></Cellule><Cellule><Paragraphe>Oui</Paragraphe></Cellule><Cellule><Paragraphe>Oui</Paragraphe></Cellule></Rangée><Rangée type="normal"><Cellule><Paragraphe>Hôtellerie, restauration</Paragraphe></Cellule><Cellule><Paragraphe>Oui</Paragraphe></Cellule><Cellule><Paragraphe>Oui</Paragraphe></Cellule></Rangée><Rangée type="normal"><Cellule><Paragraphe>Recherche scientifique dans le cadre d'un accord international (convention, arrangement administratif)</Paragraphe></Cellule><Cellule><Paragraphe>Oui</Paragraphe></Cellule><Cellule><Paragraphe>Oui</Paragraphe></Cellule></Rangée><Rangée type="normal"><Cellule><Paragraphe>Réparation navale</Paragraphe></Cellule><Cellule><Paragraphe>Oui</Paragraphe></Cellule><Cellule><Paragraphe>Oui</Paragraphe></Cellule></Rangée><Rangée type="normal"><Cellule><Paragraphe>Spectacle</Paragraphe></Cellule><Cellule><Paragraphe>Oui</Paragraphe></Cellule><Cellule><Paragraphe>Oui</Paragraphe></Cellule></Rangée><Rangée type="normal"><Cellule><Paragraphe>Sport professionnel</Paragraphe></Cellule><Cellule><Paragraphe>Oui</Paragraphe></Cellule><Cellule><Paragraphe>Oui</Paragraphe></Cellule></Rangée></Tableau></Texte><VoirAussi important="non"><Fiche ID="F11215" audience="Particuliers"><Titre>Contrat de travail temporaire (intérim)</Titre><Theme ID="N19806"><Titre>Travail - Formation</Titre></Theme></Fiche></VoirAussi><Reference type="Texte de référence" URL="https://www.legifrance.gouv.fr/codes/article_lc/LEGIARTI000021336319" ID="R37255"><Titre>Code du travail : article D1242-1</Titre><Complement>CDD d'usage</Complement></Reference><Reference type="Texte de référence" URL="https://www.legifrance.gouv.fr/codes/article_lc/LEGIARTI000019668669" ID="R37634"><Titre>Code du travail : article D1251-1</Titre><Complement>Intérim d'usage</Complement></Reference><Abreviation ID="R24389" type="Sigle"><Titre>CDI</Titre><Texte><Paragraphe>Contrat de travail à durée indéterminée</Paragraphe></Texte></Abreviation><Abreviation ID="R2454" type="Sigle"><Titre>CDD</Titre><Texte><Paragraphe>Contrat à durée déterminée</Paragraphe></Texte></Abreviation></Publication>