<?xml version="1.0" encoding="UTF-8"?><Publication xmlns:dc="http://purl.org/dc/elements/1.1/" xmlns:xsi="http://www.w3.org/2001/XMLSchema-instance" ID="F32515" type="Fiche d'information conditionnée" xsi:noNamespaceSchemaLocation="../Schemas/3.4/Publication.xsd" dateDerniereModificationImportante="2021-02-11T00:00:00" spUrl="https://www.service-public.fr/particuliers/vosdroits/F32515"><dc:title>Nouvelle bonification indiciaire (NBI) dans la fonction publique</dc:title><dc:creator>Direction de l'information légale et administrative</dc:creator><dc:subject>Travail - Formation</dc:subject><dc:description>Le fonctionnaire occupant un emploi comportant une responsabilité ou une technicité particulières bénéficie de points d'indice supplémentaires (NBI).</dc:description><dc:publisher>Direction de l'information légale et administrative</dc:publisher><dc:contributor>Direction de l'information légale et administrative (Premier ministre)</dc:contributor><dc:date>modified 2022-09-27</dc:date><dc:type>Fiche pratique</dc:type><dc:format>text/xml</dc:format><dc:identifier>F32515</dc:identifier><dc:source>https://www.legifrance.gouv.fr/codes/article_lc/LEGIARTI000044427929/, https://www.legifrance.gouv.fr/codes/section_lc/LEGITEXT000044416551/LEGISCTA000044423779/, https://www.legifrance.gouv.fr/loda/article_lc/LEGIARTI000006696481/, https://www.legifrance.gouv.fr/loda/id/JORFTEXT000000362602/, https://www.legifrance.gouv.fr/loda/id/JORFTEXT000000728910/, https://www.legifrance.gouv.fr/loda/id/JORFTEXT000000546248/, https://www.legifrance.gouv.fr/loda/id/JORFTEXT000041987165</dc:source><dc:language>Fr</dc:language><dc:relation>isPartOf N511</dc:relation><dc:coverage>France entière</dc:coverage><dc:rights>https://www.service-public.fr/a-propos/mentions-legales</dc:rights><SurTitre>Fiche pratique</SurTitre><Audience>Particuliers</Audience><Canal>www.service-public.fr</Canal><FilDAriane><Niveau ID="Particuliers">Accueil particuliers</Niveau><Niveau ID="N19806">Travail - Formation</Niveau><Niveau ID="N511">Rémunération dans la fonction publique</Niveau><Niveau ID="F32515" type="Fiche d'information conditionnée">Nouvelle bonification indiciaire (NBI) dans la fonction publique</Niveau></FilDAriane><Theme ID="N19806"><Titre>Travail - Formation</Titre></Theme><SousThemePere ID="N19963">Rémunération</SousThemePere><DossierPere ID="N511"><Titre>Rémunération dans la fonction publique</Titre><SousDossier ID="N511-1"><Titre>Rémunération de base</Titre><Fiche ID="F461">Traitement indiciaire</Fiche><Fiche ID="F32511">Indemnité de résidence</Fiche><Fiche ID="F32513">Supplément familial de traitement (SFT)</Fiche><Fiche ID="F32515">Nouvelle bonification indiciaire (NBI)</Fiche></SousDossier><SousDossier ID="N511-2"><Titre>Primes et indemnités</Titre><Fiche ID="F465">Régime indemnitaire</Fiche><Fiche ID="F32787">Indemnités horaires pour travaux supplémentaires (IHTS)</Fiche><Fiche ID="F32517">Garantie individuelle du pouvoir d'achat (Gipa)</Fiche><Fiche ID="F31470">Aide sociale</Fiche></SousDossier><SousDossier ID="N511-3"><Titre>Cotisations salariales</Titre><Fiche ID="F468">Pour un fonctionnaire</Fiche><Fiche ID="F469">Pour un contractuel</Fiche></SousDossier><SousDossier ID="N511-4"><Titre>Prise en charge des frais de transport</Titre><Fiche ID="F12163">Transport domicile-travail</Fiche><Fiche ID="F527">Frais de déplacement</Fiche><Fiche ID="F13896">Changement de résidence administrative</Fiche></SousDossier></DossierPere><SousDossierPere>Rémunération de base</SousDossierPere><Introduction><Texte><Paragraphe>Certains emplois de la fonction publique qui comportent une responsabilité ou une technicité particulières donnent droit à un complément de rémunération appelé <Expression>nouvelle bonification indiciaire (NBI)</Expression>. La NBI consiste en l'attribution de points d'indice majoré supplémentaires. Nous vous présentons les informations à retenir.</Paragraphe></Texte></Introduction><Texte><Chapitre><Titre><Paragraphe>Qui peut bénéficier d'une NBI ?</Paragraphe></Titre><Paragraphe>Vous pouvez percevoir la nouvelle bonification indiciaire (NBI) si vous êtes fonctionnaire (stagiaire ou titulaire) et occupez un emploi comportant une responsabilité ou une technicité particulières.</Paragraphe><Paragraphe>Les emplois donnant droit à la NBI sont listés, dans chaque fonction publique, par décrets ou arrêtés ministériels.</Paragraphe><Exemple><Titre>Exemple</Titre><Paragraphe>Une fonctionnaire territoriale puéricultrice assurant la direction d'une école départementale de puériculture a droit à une NBI de 20 points.</Paragraphe><Paragraphe>Un fonctionnaire occupant l'emploi de chef de bassin dans une piscine municipale a droit à une NBI de 15 points.</Paragraphe></Exemple><Attention><Titre>Attention</Titre><Paragraphe>Si vous êtes contractuel, vous ne pouvez pas percevoir la NBI même si vous occupez un emploi figurant dans la liste des emplois y ouvrant droit.</Paragraphe><Paragraphe>Toutefois, si vous êtes recruté dans le cadre des <LienInterne LienPublication="F430" type="Fiche d'information conditionnée" audience="Particuliers">dispositions particulières d'accès à la fonction publique prévues pour les personnes handicapées</LienInterne>, vous pouvez en bénéficier.</Paragraphe></Attention><Paragraphe>Si vous souhaitez savoir si vous avez droit à une NBI et compte-tenu du nombre très important de textes fixant les conditions d'attribution de la NBI dans les différentes catégories d'administrations employeurs, nous vous suggérons d'interroger votre direction des ressources humaines ou d'effectuer une recherche sur <LienExterne URL="https://www.legifrance.gouv.fr/">legifrance.gouv.fr</LienExterne> à partir notamment des mots clefs suivants :</Paragraphe><Liste type="puce"><Item><Paragraphe>conditions d'attribution</Paragraphe></Item><Item><Paragraphe>nouvelle bonification indiciaire</Paragraphe></Item><Item><Paragraphe>nom de votre administration</Paragraphe></Item><Item><Paragraphe>intitulé de votre fonction</Paragraphe></Item></Liste></Chapitre><Chapitre><Titre><Paragraphe>Comment est versée la NBI ?</Paragraphe></Titre><Paragraphe>Dans chaque fonction publique, le nombre de points d'indice majoré accordés est fixé par décret pour chaque emploi y ouvrant droit.</Paragraphe><Paragraphe>Dans la fonction publique d’État, pour les fonctionnaires exerçant des fonctions supérieures de direction, d'encadrement ou d'expertise, un montant global de points d'indice majoré est fixé par ministère.</Paragraphe><Paragraphe>Ce montant global de points d'indice majoré est réparti entre administrations centrales et administrations déconcentrées.</Paragraphe><Paragraphe>Un arrêté ministériel fixe les montants maximum de NBI pouvant être attribués aux emplois concernés.</Paragraphe><Paragraphe>La NBI est versée chaque mois.</Paragraphe><Paragraphe>Elle continue d'être versée, dans les mêmes proportions que le traitement indiciaire, pendant les congés suivants :</Paragraphe><Liste type="puce"><Item><Paragraphe>Congés <LienInterne LienPublication="F488" type="Fiche d'information conditionnée" audience="Particuliers">annuels</LienInterne> et <LienInterne LienPublication="F1599" type="Fiche d'information conditionnée" audience="Particuliers">bonifiés</LienInterne></Paragraphe></Item><Item><Paragraphe><LienInterne LienPublication="F490" type="Fiche d'information conditionnée" audience="Particuliers">Congé de maladie ordinaire</LienInterne></Paragraphe></Item><Item><Paragraphe>Congé de <LienInterne LienPublication="F519" type="Fiche d'information conditionnée" audience="Particuliers">maternité</LienInterne> ou d'<LienInterne LienPublication="F537" type="Fiche d'information conditionnée" audience="Particuliers">adoption</LienInterne></Paragraphe></Item><Item><Paragraphe><LienInterne LienPublication="F13765" type="Fiche d'information conditionnée" audience="Particuliers">Congé de naissance ou adoption</LienInterne></Paragraphe></Item><Item><Paragraphe><LienInterne LienPublication="F583" type="Fiche d'information conditionnée" audience="Particuliers">Congé de paternité et d'accueil de l'enfant</LienInterne></Paragraphe></Item><Item><Paragraphe><LienInterne LienPublication="F18089" type="Fiche d'information conditionnée" audience="Particuliers">Congé de longue maladie (CLM)</LienInterne>, tant que vous n'êtes pas remplacé dans vos fonctions.</Paragraphe></Item></Liste><Paragraphe>La NBI est réduite dans les mêmes proportions que le traitement indiciaire en cas de travail à temps partiel ou si vous occupez un <LienInterne LienPublication="F13975" type="Fiche Question-réponse conditionnée" audience="Particuliers">emploi à temps non complet ou incomplet</LienInterne>.</Paragraphe><Paragraphe>Si vos fonctions vous ouvrent droit à plusieurs NBI, c'est la NBI comportant le nombre de points majorés le plus élevé qui vous est attribuée.</Paragraphe><Paragraphe>La NBI cesse d'être versée lorsque vous n'exercez plus les fonctions y ouvrant droit.</Paragraphe><Paragraphe>Elle cesse d'être versée en cas de <LienInterne LienPublication="F18098" type="Fiche d'information conditionnée" audience="Particuliers">congé de longue durée (CLD)</LienInterne> ou de <LienInterne LienPublication="F33252" type="Fiche d'information conditionnée" audience="Particuliers">congé pour invalidité temporaire imputable au service (Citis)</LienInterne>.</Paragraphe></Chapitre><Chapitre><Titre><Paragraphe>Quels sont les avantages de la NBI ?</Paragraphe></Titre><TitreFlottant><Paragraphe>La NBI s'ajoute au traitement indiciaire pour le calcul de certains éléments de rémunération</Paragraphe></TitreFlottant><Paragraphe>La NBI s'ajoute à votre traitement indiciaire pour le calcul de <LienInterne LienPublication="F32511" type="Fiche d'information conditionnée" audience="Particuliers">l'indemnité de résidence</LienInterne> et du <LienInterne LienPublication="F32513" type="Fiche d'information conditionnée" audience="Particuliers">supplément familial de traitement (SFT)</LienInterne>.</Paragraphe><Exemple><Titre>Exemple</Titre><Paragraphe>Si vous êtes rémunéré sur la base de l'indice majoré 485 et que vous percevrez une NBI de 10 points, votre indemnité de résidence et votre SFT sont calculés sur la base de l'indice 495 et non 485.</Paragraphe></Exemple><Paragraphe>La NBI s'ajoute à votre traitement indiciaire pour le calcul des primes ou indemnités fixées en pourcentage du traitement indiciaire mais n'est pas prise en compte pour le calcul des <LienInterne LienPublication="F32787" type="Fiche d'information conditionnée" audience="Particuliers">indemnités horaires pour travaux supplémentaires (IHTS)</LienInterne>.</Paragraphe><Paragraphe>La NBI s'ajoute au traitement indiciaire pour le calcul des majorations de traitement ou indemnités résidentielles qui vous sont accordées si vous êtes en service dans un <LienIntra LienID="R41207" type="Définition de glossaire">département</LienIntra> ou une <LienIntra LienID="R49970" type="Définition de glossaire">collectivité d'outre-mer (Com)</LienIntra>.</Paragraphe><TitreFlottant><Paragraphe>La NBI est prise en compte pour la retraite</Paragraphe></TitreFlottant><Paragraphe>La NBI est soumise à cotisation au régime de retraite de base (<LienInterne LienPublication="R36488" type="Sigle">SRE</LienInterne> si vous êtes fonctionnaire d'Etat ou <LienInterne LienPublication="R31192" type="Sigle">CNRACL</LienInterne> si vous êtes fonctionnaire territorial ou hospitalier).</Paragraphe><Paragraphe>Les périodes pendant lesquelles vous percevez la NBI vous donnent droit à un supplément de pension qui s'ajoute à votre pension principale.</Paragraphe></Chapitre></Texte><Reference type="Texte de référence" URL="https://www.legifrance.gouv.fr/codes/article_lc/LEGIARTI000044427929/" ID="R48766"><Titre>Code de la fonction publique : article L115-1</Titre></Reference><Reference type="Texte de référence" URL="https://www.legifrance.gouv.fr/codes/section_lc/LEGITEXT000044416551/LEGISCTA000044423779/" ID="R58865"><Titre>Code de la fonction publique : articles L712-7 à L712-13</Titre><Complement>Articles L712-12 et L712-13</Complement></Reference><Reference type="Texte de référence" URL="https://www.legifrance.gouv.fr/loda/article_lc/LEGIARTI000006696481/" ID="R33095"><Titre>Loi n°91-73 du 18 janvier 1991 portant dispositions relatives à la santé publique et aux assurances sociales : article 27</Titre></Reference><Reference type="Texte de référence" URL="https://www.legifrance.gouv.fr/loda/id/JORFTEXT000000362602/" ID="R875"><Titre>Décret n°93-522 du 26 mars 1993 relatif aux conditions de mise en œuvre de la NBI dans la FPE</Titre></Reference><Reference type="Texte de référence" URL="https://www.legifrance.gouv.fr/loda/id/JORFTEXT000000728910/" ID="R2650"><Titre>Décret n°93-863 du 18 juin 1993 relatif aux conditions de mise en œuvre de la NBI dans la FPT</Titre></Reference><Reference type="Texte de référence" URL="https://www.legifrance.gouv.fr/loda/id/JORFTEXT000000546248/" ID="R2332"><Titre>Décret n°94-139 du 14 février 1994 relatif aux conditions de mise en œuvre de la NBI dans la FPH</Titre></Reference><Reference type="Texte de référence" URL="https://www.legifrance.gouv.fr/loda/id/JORFTEXT000041987165" ID="R56882"><Titre>Décret n°2020-710 fixant les conditions d'attribution de la NBI aux personnels exerçant des fonctions supérieures de direction, d'encadrement ou d'expertise</Titre></Reference><Definition ID="R41207"><Titre>Départements et régions d'outre-mer (Drom)</Titre><Texte><Paragraphe>Guadeloupe - Guyane - Martinique - Mayotte - La Réunion</Paragraphe></Texte></Definition><Definition ID="R49970"><Titre>Collectivités d'outre-mer (Com)</Titre><Texte><Paragraphe>Polynésie française, Saint-Barthélemy, Saint-Martin, Saint-Pierre-et-Miquelon, Îles Wallis et Futuna</Paragraphe></Texte></Definition><Abreviation ID="R36488" type="Sigle"><Titre>SRE</Titre><Texte><Paragraphe>Service des retraites de l'État</Paragraphe></Texte></Abreviation><Abreviation ID="R31192" type="Sigle"><Titre>CNRACL</Titre><Texte><Paragraphe>Caisse nationale de retraites des agents des collectivités locales</Paragraphe></Texte></Abreviation></Publication>