<?xml version="1.0" encoding="UTF-8"?><Publication xmlns:dc="http://purl.org/dc/elements/1.1/" xmlns:xsi="http://www.w3.org/2001/XMLSchema-instance" ID="F32761" type="Fiche Question-réponse conditionnée" xsi:noNamespaceSchemaLocation="../Schemas/3.4/Publication.xsd" spUrl="https://www.service-public.fr/particuliers/vosdroits/F32761"><dc:title>Qu'est-ce que l'accompagnement personnalisé de l'élève au collège ou au lycée ?</dc:title><dc:creator>Direction de l'information légale et administrative</dc:creator><dc:subject>Famille - Scolarité</dc:subject><dc:description>L'accompagnement personnalisé permet à votre enfant de s'adapter à sa formation et de construire ses choix d'orientation. Il est mis en place tout au long de la scolarité au collège et au lycée. Son programme est défini par les enseignants dans chaque établissement. Le nombre d'heures d'accompagnement personnalisé varie en fonction de la classe.</dc:description><dc:publisher>Direction de l'information légale et administrative</dc:publisher><dc:contributor>Direction de l'information légale et administrative (Premier ministre)</dc:contributor><dc:date>modified 2022-05-30</dc:date><dc:type>Question-réponse</dc:type><dc:format>text/xml</dc:format><dc:identifier>F32761</dc:identifier><dc:source>http://www.education.gouv.fr/cid50471/mene1002847c.html, http://www.education.gouv.fr/pid25535/bulletin_officiel.html?cid_bo=57154</dc:source><dc:language>Fr</dc:language><dc:relation>isPartOf N56</dc:relation><dc:coverage>France entière</dc:coverage><dc:rights>https://www.service-public.fr/a-propos/mentions-legales</dc:rights><SurTitre>Question-réponse</SurTitre><Audience>Particuliers</Audience><Canal>www.service-public.fr</Canal><FilDAriane><Niveau ID="Particuliers">Accueil particuliers</Niveau><Niveau ID="N19805">Famille - Scolarité</Niveau><Niveau ID="N56">Collège et lycée</Niveau><Niveau ID="F32761" type="Fiche Question-réponse conditionnée">Qu'est-ce que l'accompagnement personnalisé de l'élève au collège ou au lycée ?</Niveau></FilDAriane><Theme ID="N19805"><Titre>Famille - Scolarité</Titre></Theme><SousThemePere ID="N20265">Scolarité</SousThemePere><DossierPere ID="N56"><Titre>Collège et lycée</Titre><SousDossier ID="N56-1"><Titre>Inscription au collège et au lycée</Titre><Fiche ID="F2322">Inscription au collège</Fiche><Fiche ID="F2323">Inscription au lycée</Fiche><Fiche ID="F20393">Changement de collège ou de lycée en cours d'année</Fiche><Fiche ID="F1867">Internat</Fiche></SousDossier><SousDossier ID="N56-2"><Titre>Vie quotidienne</Titre><Fiche ID="F1409">Règlement intérieur</Fiche><Fiche ID="F24569">Restauration scolaire</Fiche><Fiche ID="F21766">Surveillance et sécurité des élèves</Fiche><Fiche ID="F22575">Sorties et voyages scolaires</Fiche><Fiche ID="F197">Santé</Fiche></SousDossier><SousDossier ID="N56-3"><Titre>Parcours scolaire et orientation</Titre><Fiche ID="F112">Collège</Fiche><Fiche ID="F111">Lycée général ou technologique</Fiche><Fiche ID="F20395">Lycée professionnel</Fiche><Fiche ID="F232">3ème "prépa-métiers" (ancienne Prépa-pro ou Dima)</Fiche><Fiche ID="F23476">Parcoursup</Fiche></SousDossier><SousDossier ID="N56-4"><Titre>Fonctionnement de l'établissement</Titre><Fiche ID="F1394">Conseil de classe</Fiche><Fiche ID="F1393">Conseil d'administration</Fiche><Fiche ID="F1396">Discipline</Fiche><Fiche ID="F315">Commission éducative</Fiche></SousDossier><SousDossier ID="N56-5"><Titre>Participation des élèves et des parents à la vie scolaire</Titre><Fiche ID="F1370">Délégués de classe</Fiche><Fiche ID="F21287">Information des parents</Fiche><Fiche ID="F1389">Représentants des parents d'élèves</Fiche></SousDossier></DossierPere><Introduction><Texte><Paragraphe>L'accompagnement personnalisé permet à votre enfant de s'adapter à sa formation et de construire ses choix d'orientation. Il est mis en place tout au long de la scolarité au collège et au lycée. Son programme est défini par les enseignants dans chaque établissement. Le nombre d'heures d'accompagnement personnalisé varie en fonction de la classe.</Paragraphe></Texte></Introduction><ListeSituations affichage="onglet"><Situation><Titre>Au collège</Titre><Texte><Chapitre><Titre><Paragraphe>À quoi sert l'accompagnement personnalisé ?</Paragraphe></Titre><Paragraphe>L'accompagnement personnalisé a pour but d'aider votre enfant à s'adapter à l'organisation du collège.</Paragraphe><Paragraphe>Il favorise son épanouissement personnel, sa construction et son autonomie intellectuelle.</Paragraphe></Chapitre><Chapitre><Titre><Paragraphe>Quelles actions d'accompagnement personnalisé peuvent être mises en place ?</Paragraphe></Titre><Paragraphe>L'accompagnement personnalisé peut notamment permettre la mise en place des actions suivantes :</Paragraphe><Liste type="puce"><Item><Paragraphe>Remise à niveau en cas de difficultés importantes</Paragraphe></Item><Item><Paragraphe>Accompagnement du travail de votre enfant en développant son autonomie</Paragraphe></Item><Item><Paragraphe>Acquisition de méthodes de travail</Paragraphe></Item><Item><Paragraphe>Renforcement de la culture générale de votre enfant</Paragraphe></Item></Liste><Paragraphe>Le détail du programme est défini par l'équipe pédagogique (enseignants, chef d'établissement).</Paragraphe></Chapitre><Chapitre><Titre><Paragraphe>Quelle est la durée de l'accompagnement personnalisé ?</Paragraphe></Titre><Paragraphe>Le nombre d'heures d'accompagnement personnalisé varie en fonction de la classe.</Paragraphe><BlocCas affichage="radio"><Cas><Titre>En 6e</Titre><Paragraphe>Votre enfant bénéficie dans son emploi du temps d'un accompagnement personnalisé de 3 heures par semaine.</Paragraphe><Paragraphe>Ces heures sont généralement assurées par un professeur de sa classe.</Paragraphe><Paragraphe>Elles peuvent se faire en groupe.</Paragraphe></Cas><Cas><Titre>En 5e, 4e ou 3e</Titre><Paragraphe>Votre enfant bénéficie dans son emploi du temps d'un accompagnement personnalisé d'1 à 2 heures par semaine.</Paragraphe><Paragraphe>Ces heures sont généralement assurées par un professeur de sa classe.</Paragraphe><Paragraphe>Elles peuvent se faire en groupe.</Paragraphe><Paragraphe>La durée de l'accompagnement personnalisé est fixée par l'équipe pédagogique de chaque établissement (enseignants, chef d'établissement).</Paragraphe><Paragraphe>La durée est identique pour tous les élèves d'un même niveau de classe.</Paragraphe></Cas></BlocCas></Chapitre></Texte></Situation><Situation><Titre>Au lycée</Titre><Texte><Paragraphe>L'accompagnement personnalisé inclut des activités visant à soutenir votre enfant en cas de difficultés, à approfondir ses connaissances et à l'aider dans le choix de son orientation.</Paragraphe><Paragraphe>L'objectif de l'accompagnement personnalisé diffère selon la classe.</Paragraphe><BlocCas affichage="radio"><Cas><Titre>En seconde</Titre><Paragraphe>L'accompagnement personnalisé permet à votre enfant de s'adapter aux exigences du lycée, à acquérir des méthodes de travail et à construire son orientation.</Paragraphe><Paragraphe>Le détail du programme d'accompagnement est défini par l'équipe pédagogique (enseignants, chef d'établissement). Tous les professeurs peuvent y participer.</Paragraphe><Paragraphe>Votre enfant bénéficie dans son emploi du temps d'un accompagnement personnalisé de 2 heures par semaine.</Paragraphe></Cas><Cas><Titre>En première</Titre><Paragraphe>L'accompagnement personnalisé permet à votre enfant d'acquérir des compétences spécifiques à la voie de formation qu'il a choisie.</Paragraphe><Paragraphe>Il lui permet aussi de construire son projet post-bac.</Paragraphe><Paragraphe>Le détail du programme d'accompagnement est défini par l'équipe pédagogique (enseignants, chef d'établissement).</Paragraphe><Paragraphe>Tous les professeurs peuvent y participer.</Paragraphe><Paragraphe>Votre enfant bénéficie dans son emploi du temps d'un accompagnement personnalisé de 2 heures par semaine.</Paragraphe></Cas><Cas><Titre>En terminale</Titre><Paragraphe>L'accompagnement personnalisé permet à votre enfant de finaliser son projet d'orientation.</Paragraphe><Paragraphe>Il lui permet aussi de se préparer à l'enseignement supérieur.</Paragraphe><Paragraphe>Le détail du programme d'accompagnement est défini par l'équipe pédagogique (enseignants, chef d'établissement).</Paragraphe><Paragraphe>Tous les professeurs peuvent y participer.</Paragraphe><Paragraphe>Votre enfant bénéficie dans son emploi du temps d'un accompagnement personnalisé de 2 heures par semaine.</Paragraphe></Cas></BlocCas></Texte></Situation></ListeSituations><QuiPeutMAider ID="R12125" sve="non" type="Local personnalisable"><Titre>Établissement scolaire</Titre><Complement>Pour un complément d'information (s'adresser au secrétariat de l'établissement)</Complement><PivotLocal>etablissement_scolaire</PivotLocal><RessourceWeb URL="https://www.education.gouv.fr/annuaire"/></QuiPeutMAider><OuSAdresser ID="R12125" sve="non" type="Local personnalisable"><Titre>Établissement scolaire</Titre><Complement>Pour un complément d'information (s'adresser au secrétariat de l'établissement)</Complement><PivotLocal>etablissement_scolaire</PivotLocal><RessourceWeb URL="https://www.education.gouv.fr/annuaire"/></OuSAdresser><Reference type="Texte de référence" URL="http://www.education.gouv.fr/cid50471/mene1002847c.html" ID="R40055"><Titre>Circulaire n°2010-013 du 29 janvier 2010 relative à l'accompagnement personnalisé au lycée d'enseignement général et technologique</Titre></Reference><Reference type="Texte de référence" URL="http://www.education.gouv.fr/pid25535/bulletin_officiel.html?cid_bo=57154" ID="R40056"><Titre>Circulaire n°2011-118 du 27 juillet 2011 relative à l'accompagnement personnalisé en classe de sixième</Titre></Reference><PourEnSavoirPlus type="Information pratique" ID="R63259" URL="https://eduscol.education.fr/658/l-accompagnement-personnalise-au-lycee-professionnel" audience="Particuliers"><Titre>Accompagnement personnalisé en lycée professionnel</Titre><Source ID="R30638">Ministère chargé de l'éducation</Source></PourEnSavoirPlus><QuestionReponse ID="F32709" audience="Particuliers"><Titre>Peut-on entrer en apprentissage après la classe de 3e ?</Titre></QuestionReponse><QuestionReponse ID="F199" audience="Particuliers"><Titre>Quelle est la nomenclature des diplômes par niveau ?</Titre></QuestionReponse></Publication>