<?xml version="1.0" encoding="UTF-8"?><Publication xmlns:dc="http://purl.org/dc/elements/1.1/" xmlns:xsi="http://www.w3.org/2001/XMLSchema-instance" ID="F32768" type="Fiche Question-réponse conditionnée" xsi:noNamespaceSchemaLocation="../Schemas/3.4/Publication.xsd" spUrl="https://www.service-public.fr/particuliers/vosdroits/F32768"><dc:title>Quelles sont les obligations du salarié dont le contrat de travail est suspendu ?</dc:title><dc:creator>Direction de l'information légale et administrative</dc:creator><dc:subject>Travail - Formation</dc:subject><dc:description>Le salarié reste tenu à certaines obligations vis-à-vis de son employeur durant un arrêt maladie, un congé de maternité ou d'adoption, par exemples.</dc:description><dc:publisher>Direction de l'information légale et administrative</dc:publisher><dc:contributor>Direction de l'information légale et administrative (Premier ministre)</dc:contributor><dc:date>modified 2021-03-08</dc:date><dc:type>Question-réponse</dc:type><dc:format>text/xml</dc:format><dc:identifier>F32768</dc:identifier><dc:source>https://www.legifrance.gouv.fr/codes/id/LEGISCTA000006189417, https://www.legifrance.gouv.fr/codes/article_lc/LEGIARTI000006900992</dc:source><dc:language>Fr</dc:language><dc:relation>isPartOf N19871</dc:relation><dc:coverage>France entière</dc:coverage><dc:rights>https://www.service-public.fr/a-propos/mentions-legales</dc:rights><SurTitre>Question-réponse</SurTitre><Audience>Particuliers</Audience><Canal>www.service-public.fr</Canal><FilDAriane><Niveau ID="Particuliers">Accueil particuliers</Niveau><Niveau ID="N19806">Travail - Formation</Niveau><Niveau ID="N19871">Contrats de travail dans le secteur privé</Niveau><Niveau ID="F32768" type="Fiche Question-réponse conditionnée">Quelles sont les obligations du salarié dont le contrat de travail est suspendu ?</Niveau></FilDAriane><Theme ID="N19806"><Titre>Travail - Formation</Titre></Theme><SousThemePere ID="N19962">Contrats et carrière</SousThemePere><DossierPere ID="N19871"><Titre>Contrats de travail dans le secteur privé</Titre><SousDossier ID="N19871-1"><Titre>Contrat à durée indéterminée (CDI)</Titre><Fiche ID="F1906">Caractéristiques</Fiche><Fiche ID="F2339">Modification</Fiche><Fiche ID="F10033">Rupture</Fiche></SousDossier><SousDossier ID="N19871-2"><Titre>Contrat à durée déterminée (CDD)</Titre><Fiche ID="F36">Conclusion</Fiche><Fiche ID="F41">Situation du salarié</Fiche><Fiche ID="F38">Renouvellement</Fiche><Fiche ID="F40">Fin</Fiche></SousDossier><SousDossier ID="N19871-3"><Titre>Contrat temporaire</Titre><Fiche ID="F11215">Contrat d'intérim</Fiche><Fiche ID="F33693">Contrat d'extra (CDD d'usage)</Fiche></SousDossier></DossierPere><Texte><Paragraphe>Pendant la <LienIntra LienID="R43526" type="Définition de glossaire">suspension</LienIntra> temporaire de son contrat de travail (arrêt maladie, congé de maternité ou d'adoption, par exemple), le salarié ne travaille pas.</Paragraphe><Paragraphe>Il doit toutefois respecter une obligation de loyauté envers son employeur.</Paragraphe><Paragraphe>Par exemple :</Paragraphe><Liste type="puce"><Item><Paragraphe>Le salarié ne peut pas pas travailler pour un concurrent de son employeur.</Paragraphe></Item><Item><Paragraphe>Le salarié doit respecter une obligation de discrétion. Il n'a pas le droit notamment de divulguer des données confidentielles de l'entreprise auxquelles il a accès (secret de fabrication, par exemple).</Paragraphe></Item></Liste><Paragraphe>S'il ne respecte pas ces obligations, le salarié peut être <LienInterne LienPublication="F2835" type="Fiche d'information conditionnée" audience="Particuliers">licencié</LienInterne>.</Paragraphe></Texte><Reference type="Texte de référence" URL="https://www.legifrance.gouv.fr/codes/id/LEGISCTA000006189417" ID="R911"><Titre>Code du travail : articles L1222-1 à L1222-5</Titre><Complement>Loyauté (articles L1222-1 et L1222-5)</Complement></Reference><Reference type="Texte de référence" URL="https://www.legifrance.gouv.fr/codes/article_lc/LEGIARTI000006900992" ID="R40066"><Titre>Code du travail : article L1227-1</Titre><Complement>Secret de fabrication</Complement></Reference><Definition ID="R43526"><Titre>Suspension d'un contrat de travail</Titre><Texte><Paragraphe>Situation durant laquelle le paiement du salaire par l'employeur et l'exécution d'un travail par le salarié cessent temporairement (par exemple : exercice du droit de grève, fonction de juré d'assise, maladie ou accident du travail, congé de maternité, de paternité, d'adoption ou parental, congé sabbatique, fermeture temporaire de l'entreprise , mise à pied)</Paragraphe></Texte></Definition><QuestionReponse ID="F21050" audience="Particuliers"><Titre>Quels sont les droits du salarié dont le contrat de travail est suspendu ?</Titre></QuestionReponse></Publication>