<?xml version="1.0" encoding="UTF-8"?><Publication xmlns:dc="http://purl.org/dc/elements/1.1/" xmlns:xsi="http://www.w3.org/2001/XMLSchema-instance" ID="F32844" type="Fiche Question-réponse conditionnée" xsi:noNamespaceSchemaLocation="../Schemas/3.4/Publication.xsd" spUrl="https://www.service-public.fr/particuliers/vosdroits/F32844"><dc:title>Un élève qui déménage doit-il changer de collège ou de lycée ?</dc:title><dc:creator>Direction de l'information légale et administrative</dc:creator><dc:subject>Famille - Scolarité</dc:subject><dc:description>Si vous déménagez, votre enfant peut changer d'établissement scolaire ou terminer sa scolarité dans celui qu'il fréquente.</dc:description><dc:publisher>Direction de l'information légale et administrative</dc:publisher><dc:contributor>Direction de l'information légale et administrative (Premier ministre)</dc:contributor><dc:date>modified 2022-08-03</dc:date><dc:type>Question-réponse</dc:type><dc:format>text/xml</dc:format><dc:identifier>F32844</dc:identifier><dc:source>https://www.legifrance.gouv.fr/codes/id/LEGISCTA000006182471</dc:source><dc:language>Fr</dc:language><dc:relation>isPartOf N56</dc:relation><dc:coverage>France entière</dc:coverage><dc:rights>https://www.service-public.fr/a-propos/mentions-legales</dc:rights><SurTitre>Question-réponse</SurTitre><Audience>Particuliers</Audience><Canal>www.service-public.fr</Canal><FilDAriane><Niveau ID="Particuliers">Accueil particuliers</Niveau><Niveau ID="N19805">Famille - Scolarité</Niveau><Niveau ID="N56">Collège et lycée</Niveau><Niveau ID="F32844" type="Fiche Question-réponse conditionnée">Un élève qui déménage doit-il changer de collège ou de lycée ?</Niveau></FilDAriane><Theme ID="N19805"><Titre>Famille - Scolarité</Titre></Theme><SousThemePere ID="N20265">Scolarité</SousThemePere><DossierPere ID="N56"><Titre>Collège et lycée</Titre><SousDossier ID="N56-1"><Titre>Inscription au collège et au lycée</Titre><Fiche ID="F2322">Inscription au collège</Fiche><Fiche ID="F2323">Inscription au lycée</Fiche><Fiche ID="F20393">Changement de collège ou de lycée en cours d'année</Fiche><Fiche ID="F1867">Internat</Fiche></SousDossier><SousDossier ID="N56-2"><Titre>Vie quotidienne</Titre><Fiche ID="F1409">Règlement intérieur</Fiche><Fiche ID="F24569">Restauration scolaire</Fiche><Fiche ID="F21766">Surveillance et sécurité des élèves</Fiche><Fiche ID="F22575">Sorties et voyages scolaires</Fiche><Fiche ID="F197">Santé</Fiche></SousDossier><SousDossier ID="N56-3"><Titre>Parcours scolaire et orientation</Titre><Fiche ID="F112">Collège</Fiche><Fiche ID="F111">Lycée général ou technologique</Fiche><Fiche ID="F20395">Lycée professionnel</Fiche><Fiche ID="F232">3ème "prépa-métiers" (ancienne Prépa-pro ou Dima)</Fiche><Fiche ID="F23476">Parcoursup</Fiche></SousDossier><SousDossier ID="N56-4"><Titre>Fonctionnement de l'établissement</Titre><Fiche ID="F1394">Conseil de classe</Fiche><Fiche ID="F1393">Conseil d'administration</Fiche><Fiche ID="F1396">Discipline</Fiche><Fiche ID="F315">Commission éducative</Fiche></SousDossier><SousDossier ID="N56-5"><Titre>Participation des élèves et des parents à la vie scolaire</Titre><Fiche ID="F1370">Délégués de classe</Fiche><Fiche ID="F21287">Information des parents</Fiche><Fiche ID="F1389">Représentants des parents d'élèves</Fiche></SousDossier></DossierPere><Texte><Paragraphe>Si vous déménagez et que votre enfant est inscrit dans un collège ou un lycée, il peut changer d'établissement ou terminer sa scolarité dans celui qu'il fréquente.</Paragraphe><BlocCas affichage="radio"><Cas><Titre>Changement d'établissement</Titre><Introduction><Paragraphe>Selon l'endroit où se situe votre nouveau logement, vous dépendez d'un <LienExterne URL="http://www.education.gouv.fr/cid5509/le-fonctionnement-de-la-carte-scolaire.html">collège ou d'un lycée du secteur</LienExterne>. Les démarches diffèrent selon que vous voulez inscrire votre enfant dans l'établissement de votre secteur ou non.</Paragraphe></Introduction><BlocCas affichage="radio"><Cas><Titre>Établissement de votre secteur</Titre><TitreFlottant><Paragraphe>1- Obtention d'un certificat de radiation</Paragraphe></TitreFlottant><Paragraphe>Vous devez tout d'abord obtenir un certificat de radiation (appelé <Expression>Exeat</Expression>). Ce certificat est délivré par l'ancien établissement scolaire de votre enfant.</Paragraphe><TitreFlottant><Paragraphe>2- Inscription auprès de l'établissement scolaire</Paragraphe></TitreFlottant><Paragraphe>Vous devez ensuite inscrire votre enfant directement auprès du <LienInterne LienPublication="F2322" type="Fiche d'information conditionnée" audience="Particuliers">collège</LienInterne> ou du <LienInterne LienPublication="F2323" type="Fiche d'information conditionnée" audience="Particuliers">lycée du secteur</LienInterne>.</Paragraphe><Paragraphe>Cette inscription dépend de la capacité d'accueil. Elle doit être acceptée par le chef d'établissement.</Paragraphe><Paragraphe>Si l'établissement du secteur n'a plus de place disponible, vous devrez contacter la Direction des services départementaux de l'éducation nationale de votre lieu de résidence. Cette direction se chargera de l'affectation de votre enfant.</Paragraphe><OuSAdresser ID="R24" sve="non" type="Local personnalisé sur SP"><Titre>Direction des services départementaux de l'Éducation nationale</Titre><PivotLocal>inspection_academique</PivotLocal><RessourceWeb URL="http://www.education.gouv.fr/cid3/les-regions-academiques-academies-et-services-departementaux-de-l-education-nationale.html#La_carte_des_regions_academiques_et_les_coordonnees_des_rectorats_vice-rectorats_et_services_departementaux_de_l_Education_nationale"/><Source ID="R30638">Ministère chargé de l'éducation</Source></OuSAdresser><Paragraphe>Pour inscrire votre enfant dans son nouvel établissement scolaire, vous devrez notamment fournir les documents suivants :</Paragraphe><Liste type="puce"><Item><Paragraphe><Expression>Exeat</Expression></Paragraphe></Item><Item><Paragraphe>Décision d'orientation</Paragraphe></Item><Item><Paragraphe>Bulletins trimestriels de l'année écoulée</Paragraphe></Item><Item><Paragraphe><LienInterne LienPublication="F197" type="Fiche d'information conditionnée" audience="Particuliers">Certificats de vaccinations obligatoires</LienInterne></Paragraphe></Item><Item><Paragraphe>Fiche de renseignements (concernant les parents)</Paragraphe></Item><Item><Paragraphe>Justificatif de domicile</Paragraphe></Item></Liste><Paragraphe>L'établissement peut vous demander des documents complémentaires.</Paragraphe><ANoter><Titre>À noter</Titre><Paragraphe>si vous souhaitez que votre enfant intègre un établissement privé, la sectorisation ne s'applique pas. Vous pouvez donc l'inscrire dans le collège ou le lycée de votre choix.</Paragraphe></ANoter></Cas><Cas><Titre>Établissement en dehors de votre secteur</Titre><Introduction><Paragraphe>Vous devez d'abord obtenir l'accord du <LienInterne LienPublication="R31460" type="Acronyme">Dasen</LienInterne>. Vous devez ensuite faire les démarches d'inscription auprès de l'établissement scolaire.</Paragraphe></Introduction><TitreFlottant><Paragraphe>1- Obtention de l'accord du Dasen</Paragraphe></TitreFlottant><Paragraphe>Vous devez d'abord obtenir une dérogation du <LienInterne LienPublication="R31460" type="Acronyme">Dasen</LienInterne> pour que votre enfant change de collège ou de lycée.</Paragraphe><Paragraphe>Vous devez faire la demande à l'aide d'un formulaire.</Paragraphe><Paragraphe>Vous pouvez retirer le document auprès de la Direction des services départementaux de l'éducation nationale de votre lieu de résidence.</Paragraphe><Paragraphe>La demande devra être remise selon les cas auprès l'établissement scolaire de votre enfant ou de la Direction des services départementaux de l'éducation nationale de votre lieu de résidence.</Paragraphe><Paragraphe>Dans certains départements, la demande se fait en ligne sur le site de la direction des services départementaux de l'éducation nationale.</Paragraphe><OuSAdresser ID="R24" sve="non" type="Local personnalisé sur SP"><Titre>Direction des services départementaux de l'Éducation nationale</Titre><PivotLocal>inspection_academique</PivotLocal><RessourceWeb URL="http://www.education.gouv.fr/cid3/les-regions-academiques-academies-et-services-departementaux-de-l-education-nationale.html#La_carte_des_regions_academiques_et_les_coordonnees_des_rectorats_vice-rectorats_et_services_departementaux_de_l_Education_nationale"/><Source ID="R30638">Ministère chargé de l'éducation</Source></OuSAdresser><TitreFlottant><Paragraphe>2- Inscription auprès de l'établissement scolaire</Paragraphe></TitreFlottant><Paragraphe>Vous devez ensuite accomplir les démarches d'inscription directement auprès du collège ou du lycée.</Paragraphe><Paragraphe>Vous devrez notamment fournir les documents suivants au nouvel établissement scolaire :</Paragraphe><Liste type="puce"><Item><Paragraphe>Certificat de radiation (appelé <Expression>Exeat</Expression>) délivré par l'ancien établissement scolaire de votre enfant</Paragraphe></Item><Item><Paragraphe>Décision d'orientation</Paragraphe></Item><Item><Paragraphe>Bulletins trimestriels de l'année écoulée</Paragraphe></Item><Item><Paragraphe><LienInterne LienPublication="F197" type="Fiche d'information conditionnée" audience="Particuliers">Certificats de vaccinations obligatoires</LienInterne></Paragraphe></Item><Item><Paragraphe>Fiche de renseignements (concernant les parents)</Paragraphe></Item><Item><Paragraphe>Justificatif de domicile</Paragraphe></Item></Liste><Paragraphe>L'établissement peut vous demander des documents complémentaires.</Paragraphe><ANoter><Titre>À noter</Titre><Paragraphe>si vous souhaitez que votre enfant intègre un établissement privé, la sectorisation ne s'applique pas. Vous pouvez donc l'inscrire dans le collège ou le lycée de votre choix.</Paragraphe></ANoter></Cas></BlocCas></Cas><Cas><Titre>Maintien de l'enfant dans son établissement</Titre><Paragraphe>Si vous déménagez, votre enfant peut terminer sa scolarité dans l'établissement qu'il fréquente.</Paragraphe><Paragraphe>Vous avez cette possibilité même si votre <LienExterne URL="http://www.education.gouv.fr/cid5509/le-fonctionnement-de-la-carte-scolaire.html">établissement de secteur</LienExterne> n'est plus le même.</Paragraphe><Paragraphe>Toutefois, vous devez signaler votre nouvelle adresse au secrétariat de l'établissement.</Paragraphe></Cas></BlocCas></Texte><VoirAussi important="non"><Fiche ID="F20393" audience="Particuliers"><Titre>Changement de collège ou de lycée en cours d'année</Titre><Theme ID="N19805"><Titre>Famille - Scolarité</Titre></Theme></Fiche></VoirAussi><QuiPeutMAider ID="R24" sve="non" type="Local personnalisé sur SP"><Titre>Direction des services départementaux de l'Éducation nationale</Titre><PivotLocal>inspection_academique</PivotLocal><RessourceWeb URL="http://www.education.gouv.fr/cid3/les-regions-academiques-academies-et-services-departementaux-de-l-education-nationale.html#La_carte_des_regions_academiques_et_les_coordonnees_des_rectorats_vice-rectorats_et_services_departementaux_de_l_Education_nationale"/><Source ID="R30638">Ministère chargé de l'éducation</Source></QuiPeutMAider><Reference type="Texte de référence" URL="https://www.legifrance.gouv.fr/codes/id/LEGISCTA000006182471" ID="R21688"><Titre>Code de l'éducation : articles D211-10 à D211-11-1</Titre><Complement>Secteurs et districts du second degré</Complement></Reference><PourEnSavoirPlus type="Information pratique" ID="R51206" URL="http://www.education.gouv.fr/cid5509/le-fonctionnement-de-la-carte-scolaire.html" audience="Particuliers"><Titre>Le fonctionnement de la carte scolaire dans le 2nd degré</Titre><Source ID="R30638">Ministère chargé de l'éducation</Source></PourEnSavoirPlus><Abreviation ID="R31460" type="Acronyme"><Titre>Dasen</Titre><Texte><Paragraphe>Directeur académique des services de l'éducation nationale</Paragraphe></Texte></Abreviation><QuestionReponse ID="F1410" audience="Particuliers"><Titre>Comment s'effectue le passage du privé au public ?</Titre></QuestionReponse><QuestionReponse ID="F1872" audience="Particuliers"><Titre>Comment bénéficier des transports en commun scolaires ?</Titre></QuestionReponse><QuestionReponse ID="F32778" audience="Particuliers"><Titre>Peut-on changer de voie ou de spécialité au lycée ?</Titre></QuestionReponse></Publication>