<?xml version="1.0" encoding="UTF-8"?><Publication xmlns:dc="http://purl.org/dc/elements/1.1/" xmlns:xsi="http://www.w3.org/2001/XMLSchema-instance" ID="F32803" type="Fiche d'information conditionnée" xsi:noNamespaceSchemaLocation="../Schemas/3.4/Publication.xsd" dateDerniereModificationImportante="2023-11-08T00:00:00" spUrl="https://www.service-public.fr/particuliers/vosdroits/F32803"><dc:title>Amendes</dc:title><dc:creator>Direction de l'information légale et administrative</dc:creator><dc:subject>Justice</dc:subject><dc:description>Vous avez reçu une amende lors d'un contrôle de police ou directement dans votre boîte aux lettres ? Il y a une procédure précise à suivre pour payer l'amende ou pour la contester. Cette procédure varie lorsque l'amende a été prononcée par un juge à la suite d'un procès. Nous vous présentons les règles applicables.</dc:description><dc:publisher>Direction de l'information légale et administrative</dc:publisher><dc:contributor>Direction de l'information légale et administrative (Premier ministre)</dc:contributor><dc:date>modified 2023-11-09</dc:date><dc:type>Fiche pratique</dc:type><dc:format>text/xml</dc:format><dc:identifier>F32803</dc:identifier><dc:source>https://www.legifrance.gouv.fr/codes/section_lc/LEGITEXT000006070719/LEGISCTA000006181730/#LEGISCTA000006181730, https://www.legifrance.gouv.fr/codes/article_lc/LEGIARTI000006417358, https://www.legifrance.gouv.fr/codes/article_lc/LEGIARTI000006417364, https://www.legifrance.gouv.fr/codes/id/LEGISCTA000006151940/, https://www.legifrance.gouv.fr/codes/id/LEGISCTA000006138149, https://www.legifrance.gouv.fr/codes/section_lc/LEGITEXT000006071154/LEGISCTA000006167556, https://www.legifrance.gouv.fr/codes/section_lc/LEGITEXT000006071154/LEGISCTA000006167493, https://www.legifrance.gouv.fr/codes/id/LEGISCTA000047381310, https://www.legifrance.gouv.fr/codes/id/LEGISCTA000034309356</dc:source><dc:language>Fr</dc:language><dc:relation>isPartOf N275</dc:relation><dc:coverage>France entière</dc:coverage><dc:rights>https://www.service-public.fr/a-propos/mentions-legales</dc:rights><SurTitre>Fiche pratique</SurTitre><Audience>Particuliers</Audience><Canal>www.service-public.fr</Canal><FilDAriane><Niveau ID="Particuliers">Accueil particuliers</Niveau><Niveau ID="N19807">Justice</Niveau><Niveau ID="N275">Condamnations et peines</Niveau><Niveau ID="F32803" type="Fiche d'information conditionnée">Amendes</Niveau></FilDAriane><Theme ID="N19807"><Titre>Justice</Titre></Theme><SousThemePere ID="N20334">Sanctions pénales</SousThemePere><DossierPere ID="N275"><Titre>Condamnations et peines</Titre><SousDossier ID="N275-1"><Titre>Peines principales et complémentaires</Titre><Fiche ID="F32803">Amendes</Fiche><Fiche ID="F35705">Peine de prison ferme</Fiche><Fiche ID="F1406">Peines complémentaires</Fiche><Fiche ID="F1407">Travail d'intérêt général (TIG)</Fiche></SousDossier><SousDossier ID="N275-2"><Titre>Exécution des condamnations</Titre><Fiche ID="F1779">Décision du juge pénal</Fiche><Fiche ID="F1531">Application du sursis</Fiche></SousDossier><SousDossier ID="N275-3"><Titre>Suivi des anciens détenus</Titre><Fiche ID="F1278">Surveillance de sûreté</Fiche><Fiche ID="F18535">Rétention de sûreté</Fiche><Fiche ID="F32562">Libération conditionnelle</Fiche><Fiche ID="F34150">Libération sous contrainte</Fiche></SousDossier><SousDossier ID="N275-4"><Titre>Casier judiciaire</Titre><Fiche ID="F14710">Contenu du casier</Fiche><Fiche ID="F1420">Demande de bulletin numéro 3</Fiche></SousDossier></DossierPere><SousDossierPere>Peines principales et complémentaires</SousDossierPere><Introduction><Texte><Paragraphe>Vous avez reçu une amende lors d'un contrôle de police ou directement dans votre boîte aux lettres ? Il y a une procédure précise à suivre pour payer l'amende ou pour la contester. Cette procédure varie lorsque l'amende a été prononcée par un juge à la suite d'un procès. Nous vous présentons les règles applicables.</Paragraphe></Texte></Introduction><ListeSituations affichage="onglet"><Situation><Titre>Amende forfaitaire</Titre><Texte><Chapitre><Titre><Paragraphe>Qu'appelle-t-on amende forfaitaire ?</Paragraphe></Titre><SousChapitre><Titre><Paragraphe>Définition</Paragraphe></Titre><Paragraphe>L'amende forfaitaire est une sanction pénale qui est prononcée en dehors d'un procès. La décision est prise par un policier, un gendarme ou un agent public habilité qui constate une <LienIntra LienID="R52056" type="Définition de glossaire">infraction</LienIntra>.</Paragraphe><Paragraphe>La sanction consiste à verser une somme d'argent au Trésor public. Le montant de l'amende forfaitaire est fixé en fonction de la gravité de l'infraction. Les agents n'ont pas le pouvoir de l'adapter en fonction de la situation.</Paragraphe><Paragraphe>L'auteur présumé de l'infraction reçoit un avis qui indique les informations suivantes :</Paragraphe><Liste type="puce"><Item><Paragraphe>Nature et circonstances de l'infraction</Paragraphe></Item><Item><Paragraphe>Montant de l'amende</Paragraphe></Item><Item><Paragraphe>Délai pour payer ou pour contester</Paragraphe></Item></Liste><Paragraphe>Le paiement de l'amende forfaitaire dans le délai entraîne le classement sans suite du dossier. Dans ce cas, il n'y a pas de poursuites judiciaires, ni de procès.</Paragraphe><Paragraphe>Le non-paiement de l'amende forfaitaire dans le délai entraîne la majoration (augmentation), sauf s'il y a eu une contestation dans le délai.</Paragraphe><Paragraphe>Si l'amende majorée n'est pas payée, il y a des poursuites judiciaires qui peuvent aboutir à un procès. Le procès a lieu devant la juridiction compétente pour juger l'infraction (tribunal de police, tribunal correctionnel).</Paragraphe><ASavoir><Titre>À savoir</Titre><Paragraphe>pour les infractions liées à la circulation routière, certaines sanctions administratives peuvent s'appliquer malgré le paiement de l'amende. Par exemple, le retrait ou la suspension du permis de conduire ou l'immobilisation du véhicule.</Paragraphe></ASavoir></SousChapitre><SousChapitre><Titre><Paragraphe>Cas d'application et d'exclusion</Paragraphe></Titre><Paragraphe>La procédure de l'amende forfaitaire peut être utilisée uniquement pour les <LienInterne LienPublication="F1157" type="Fiche Question-réponse conditionnée" audience="Particuliers">contraventions des 4 premières classes</LienInterne> et pour certains <LienIntra LienID="R49229" type="Définition de glossaire">délits</LienIntra> courants. Il s'agit notamment des infractions au code de la route, qui ont un <LienInterne LienPublication="N18918" type="Dossier" audience="Particuliers">régime particulier</LienInterne>.</Paragraphe><Paragraphe>L'amende forfaitaire n'est pas applicable à la personne qui a commis simultanément plusieurs infractions, si une des infractions est punie par une autre peine que l'amende forfaitaire.</Paragraphe><Paragraphe>Elle n'est pas applicable non plus à la personne qui a commis plusieurs fois la même <LienIntra LienID="R49228" type="Définition de glossaire">contravention</LienIntra>, si la loi prévoit que la répétition de cette contravention constitue un <LienIntra LienID="R49229" type="Définition de glossaire">délit</LienIntra>.</Paragraphe></SousChapitre></Chapitre><Chapitre><Titre><Paragraphe>Quels sont les montants de l'amende forfaitaire ?</Paragraphe></Titre><SousChapitre><Titre><Paragraphe>Amende forfaitaire pour contravention</Paragraphe></Titre><BlocCas affichage="radio"><Cas><Titre>Cas général</Titre><Tableau><Titre>Montants de l'amende forfaitaire selon la classe de la contravention et la date de paiement</Titre><Colonne largeur="20" type="normal"/><Colonne largeur="18" type="normal"/><Colonne largeur="37" type="normal"/><Rangée type="header"><Cellule><Paragraphe>Contravention</Paragraphe></Cellule><Cellule><Paragraphe>Amende forfaitaire</Paragraphe></Cellule><Cellule><Paragraphe>Amende forfaitaire majorée</Paragraphe></Cellule></Rangée><Rangée type="normal"><Cellule><Paragraphe>Infraction commise par un piéton</Paragraphe></Cellule><Cellule><Paragraphe><Valeur>4 €</Valeur></Paragraphe></Cellule><Cellule><Paragraphe><Valeur>7 €</Valeur></Paragraphe></Cellule></Rangée><Rangée type="normal"><Cellule><Paragraphe>1<Exposant>re</Exposant> classe</Paragraphe></Cellule><Cellule><Paragraphe><Valeur>11 €</Valeur></Paragraphe></Cellule><Cellule><Paragraphe><Valeur>33 €</Valeur></Paragraphe></Cellule></Rangée><Rangée type="normal"><Cellule><Paragraphe>2<Exposant>e</Exposant> classe</Paragraphe></Cellule><Cellule><Paragraphe><Valeur>35 €</Valeur></Paragraphe></Cellule><Cellule><Paragraphe><Valeur>75 €</Valeur></Paragraphe></Cellule></Rangée><Rangée type="normal"><Cellule><Paragraphe>3<Exposant>e</Exposant> classe</Paragraphe></Cellule><Cellule><Paragraphe><Valeur>68 €</Valeur></Paragraphe></Cellule><Cellule><Paragraphe><Valeur>180 €</Valeur></Paragraphe></Cellule></Rangée><Rangée type="normal"><Cellule><Paragraphe>4<Exposant>e</Exposant> classe</Paragraphe></Cellule><Cellule><Paragraphe><Valeur>135 €</Valeur></Paragraphe></Cellule><Cellule><Paragraphe><Valeur>375 €</Valeur></Paragraphe></Cellule></Rangée><Rangée type="normal"><Cellule><Paragraphe>5<Exposant>e</Exposant> classe</Paragraphe></Cellule><Cellule><Paragraphe><Valeur>200 €</Valeur></Paragraphe></Cellule><Cellule><Paragraphe><Valeur>450 €</Valeur></Paragraphe></Cellule></Rangée></Tableau><ASavoir><Titre>À savoir</Titre><Paragraphe>le montant de l'amende est <LienIntra LienID="R56401" type="Définition de glossaire">majoré</LienIntra> si le paiement est effectué après le délai mentionné sur l'avis de contravention.</Paragraphe></ASavoir></Cas><Cas><Titre>Amendes liées au code de la route</Titre><Tableau><Titre>Montants de l'amende forfaitaire selon la classe de la contravention et la date de paiement</Titre><Colonne largeur="18" type="normal"/><Colonne largeur="16" type="normal"/><Colonne largeur="32" type="normal"/><Colonne largeur="25" type="normal"/><Rangée type="header"><Cellule><Paragraphe>Contravention</Paragraphe></Cellule><Cellule><Paragraphe>Amende forfaitaire</Paragraphe></Cellule><Cellule><Paragraphe>Amende forfaitaire minorée</Paragraphe></Cellule><Cellule><Paragraphe>Amende forfaitaire majorée</Paragraphe></Cellule></Rangée><Rangée type="normal"><Cellule><Paragraphe>Infraction commise par un piéton</Paragraphe></Cellule><Cellule><Paragraphe><Valeur>4 €</Valeur></Paragraphe></Cellule><Cellule><Paragraphe>Pas de minoration</Paragraphe></Cellule><Cellule><Paragraphe><Valeur>7 €</Valeur></Paragraphe></Cellule></Rangée><Rangée type="normal"><Cellule><Paragraphe>1<Exposant>re</Exposant> classe</Paragraphe></Cellule><Cellule><Paragraphe><Valeur>11 €</Valeur></Paragraphe></Cellule><Cellule><Paragraphe>Pas de minoration</Paragraphe></Cellule><Cellule><Paragraphe><Valeur>33 €</Valeur></Paragraphe></Cellule></Rangée><Rangée type="normal"><Cellule><Paragraphe>2<Exposant>e</Exposant> classe</Paragraphe></Cellule><Cellule><Paragraphe><Valeur>35 €</Valeur></Paragraphe></Cellule><Cellule><Paragraphe><Valeur>22 €</Valeur></Paragraphe></Cellule><Cellule><Paragraphe><Valeur>75 €</Valeur></Paragraphe></Cellule></Rangée><Rangée type="normal"><Cellule><Paragraphe>3<Exposant>e</Exposant> classe</Paragraphe></Cellule><Cellule><Paragraphe><Valeur>68 €</Valeur></Paragraphe></Cellule><Cellule><Paragraphe><Valeur>45 €</Valeur></Paragraphe></Cellule><Cellule><Paragraphe><Valeur>180 €</Valeur></Paragraphe></Cellule></Rangée><Rangée type="normal"><Cellule><Paragraphe>4<Exposant>e</Exposant> classe</Paragraphe></Cellule><Cellule><Paragraphe><Valeur>135 €</Valeur></Paragraphe></Cellule><Cellule><Paragraphe><Valeur>90 €</Valeur></Paragraphe></Cellule><Cellule><Paragraphe><Valeur>375 €</Valeur></Paragraphe></Cellule></Rangée><Rangée type="normal"><Cellule><Paragraphe>5<Exposant>e</Exposant> classe</Paragraphe></Cellule><Cellule><Paragraphe><Valeur>200 €</Valeur></Paragraphe></Cellule><Cellule><Paragraphe>Pas de minoration</Paragraphe></Cellule><Cellule><Paragraphe><Valeur>450 €</Valeur></Paragraphe></Cellule></Rangée></Tableau><ANoter><Titre>À noter</Titre><Paragraphe>les amendes liées au stationnement font l'objet <LienInterne LienPublication="F34212" type="Fiche d'information conditionnée" audience="Particuliers">d'autres règles</LienInterne>.</Paragraphe></ANoter></Cas></BlocCas></SousChapitre><SousChapitre><Titre><Paragraphe>Amende forfaitaire pour délit</Paragraphe></Titre><Paragraphe>Le montant de l'amende forfaitaire délictuelle est fixé en fonction de la gravité du délit.</Paragraphe><Paragraphe>Il ne peut pas dépasser <Valeur>3000 €</Valeur>.</Paragraphe><Tableau><Titre>Exemples d'amende forfaitaire pour délit</Titre><Colonne largeur="27" type="normal"/><Colonne largeur="10" type="normal"/><Colonne largeur="10" type="normal"/><Colonne largeur="23" type="normal"/><Rangée type="header"><Cellule><Paragraphe>Délit</Paragraphe></Cellule><Cellule><Paragraphe>Amende forfaitaire</Paragraphe></Cellule><Cellule><Paragraphe>Amende forfaitaire minorée</Paragraphe></Cellule><Cellule><Paragraphe>Amende forfaitaire majorée</Paragraphe></Cellule></Rangée><Rangée type="normal"><Cellule><Paragraphe>Conduite sans assurance</Paragraphe></Cellule><Cellule><Paragraphe><Valeur>500 €</Valeur></Paragraphe></Cellule><Cellule><Paragraphe><Valeur>400 €</Valeur></Paragraphe></Cellule><Cellule><Paragraphe><Valeur>1000 €</Valeur></Paragraphe></Cellule></Rangée><Rangée type="normal"><Cellule><Paragraphe>Conduite sans permis</Paragraphe></Cellule><Cellule><Paragraphe><Valeur>800 €</Valeur></Paragraphe></Cellule><Cellule><Paragraphe><Valeur>640 €</Valeur></Paragraphe></Cellule><Cellule><Paragraphe><Valeur>1600 €</Valeur></Paragraphe></Cellule></Rangée></Tableau></SousChapitre><SousChapitre><Titre><Paragraphe>Cumul des amendes</Paragraphe></Titre><Paragraphe>Lorsqu'une personne commet en même temps plusieurs infractions sanctionnées par des amendes forfaitaires, les amendes prévues pour les différentes infractions s’additionnent. Par exemple, si au cours du même contrôle, la police constate un <LienInterne LienPublication="F628" type="Fiche Question-réponse conditionnée" audience="Particuliers">non-port de la ceinture</LienInterne> et un usage du téléphone au volant.</Paragraphe><Paragraphe>Lorsqu'une personne commet en même temps des infractions punies par des amendes forfaitaires et des infractions punies par des amendes non forfaitaires, l'affaire doit être jugée. La juridiction compétente est celle qui a le pouvoir de juger le délit le plus grave. Les amendes prévues pour les différentes infractions s'additionnent.</Paragraphe></SousChapitre></Chapitre><Chapitre><Titre><Paragraphe>Quels sont les délais de paiement de l'amende forfaitaire ?</Paragraphe></Titre><BlocCas affichage="radio"><Cas><Titre>Contravention au code de la route</Titre><Paragraphe>L'amende forfaitaire doit être payée dans les 45 jours suivant la date d'envoi de l'avis (60 jours en cas de paiement par télé-procédure).</Paragraphe><Paragraphe>Si le paiement intervient dans les 15 jours (30 jours en cas de paiement par télé-procédure), le montant de l'amende est <LienIntra LienID="R56400" type="Définition de glossaire">minoré</LienIntra>.</Paragraphe><Paragraphe>Si le paiement n'est pas effectué dans les 45 jours (60 jours en cas de paiement par télé-procédure), le montant de l'amende est <LienIntra LienID="R56401" type="Définition de glossaire">majoré</LienIntra>.</Paragraphe><Paragraphe>En cas de non-paiement de l'amende forfaitaire majorée, le Trésor public peut engager une procédure de <LienIntra LienID="R56405" type="Définition de glossaire">recouvrement forcé</LienIntra>.</Paragraphe><Paragraphe>Vous pouvez demander à payer en plusieurs fois le montant de l'amende forfaitaire majorée.</Paragraphe><Paragraphe>Il faut envoyer la demande au comptable du Trésor public dont les coordonnées sont mentionnées sur l'avis d'amende majorée.</Paragraphe></Cas><Cas><Titre>Autre objet</Titre><Paragraphe>L'amende forfaitaire doit être payée dans les 45 jours suivant la date d'envoi de l'avis (60 jours en cas de paiement par télé-procédure).</Paragraphe><Paragraphe>Si le paiement n'est pas effectué dans les 45 jours (60 jours en cas de paiement par télé-procédure), le montant de l'amende est <LienIntra LienID="R56401" type="Définition de glossaire">majoré</LienIntra>.</Paragraphe><Paragraphe>En cas de non-paiement de l'amende forfaitaire majorée, le Trésor public peut engager une procédure de <LienIntra LienID="R56405" type="Définition de glossaire">recouvrement forcé</LienIntra>.</Paragraphe><Paragraphe>Vous pouvez demander à payer en plusieurs fois le montant de l'amende forfaitaire majorée.</Paragraphe><Paragraphe>Il faut envoyer la demande au comptable du Trésor public dont les coordonnées sont mentionnées sur l'avis d'amende majorée.</Paragraphe></Cas></BlocCas></Chapitre><Chapitre><Titre><Paragraphe>Comment payer l'amende forfaitaire ?</Paragraphe></Titre><SousChapitre><Titre><Paragraphe>Amende forfaitaire pour contravention</Paragraphe></Titre><Paragraphe>Plusieurs modes de paiement sont possibles.</Paragraphe><BlocCas affichage="radio"><Cas><Titre>Par télé-paiement</Titre><Paragraphe>Si la référence télé-paiement figure sur la carte de paiement, vous pouvez payer l'amende forfaitaire pour <LienIntra LienID="R49228" type="Définition de glossaire">contravention</LienIntra> minorée à distance.</Paragraphe><Paragraphe>Le paiement à distance peut se faire par internet, sur un ordinateur ou sur un smartphone après téléchargement de l'application “Amendes.gouv” sur Google Play ou App Store, ou par téléphone.</Paragraphe><ServiceEnLigne ID="R11026" URL="https://www.amendes.gouv.fr/portail/index.jsp" audience="Particuliers" type="Téléservice"><Titre>Payer son amende en ligne sur amendes.gouv.fr</Titre><Source ID="R30612">Ministère chargé des finances</Source></ServiceEnLigne><OuSAdresser ID="R13996" sve="non" type="Centre de contact"><Titre>Centre d'appel pour payer son amende par téléphone</Titre><Source ID="R30612">Ministère chargé des finances</Source><Texte><Chapitre><Titre><Paragraphe>Par téléphone</Paragraphe></Titre><Paragraphe><MiseEnEvidence>0806 20 30 40</MiseEnEvidence></Paragraphe><Paragraphe>24 heures sur 24</Paragraphe><Paragraphe>Numéro non surtaxé</Paragraphe></Chapitre></Texte></OuSAdresser></Cas><Cas><Titre>Par timbre dématérialisé</Titre><Paragraphe>L'amende forfaitaire pour contravention minorée peut être payée aussi par timbre dématérialisé, disponible auprès de certains débitants de tabac agréés <Expression>paiement électronique des amendes</Expression>.</Paragraphe><Paragraphe>Vous devez présenter le talon de paiement au débitant de tabac et lui régler le montant de l'amende. En retour, il vous délivre un justificatif de paiement.</Paragraphe><Attention><Titre>Attention</Titre><Paragraphe>le paiement par timbre dématérialisé n'est pas possible pour l'amende forfaitaire majorée.</Paragraphe></Attention></Cas><Cas><Titre>Par courrier</Titre><Paragraphe>L'amende forfaitaire pour contravention minorée peut être payée par chèque. Le chèque doit être libellé à l'ordre du Trésor Public (ou de la direction générale des finances publiques, selon ce qui est indiqué sur la carte de paiement). Il doit être accompagné de la carte de paiement.</Paragraphe></Cas><Cas><Titre>Auprès d'un buraliste ou d'un partenaire agréé</Titre><Paragraphe>Vous pouvez payer par carte bancaire ou en espèces (jusqu'à <Valeur>3 000 €</Valeur>) auprès d'un buraliste ou d'un partenaire agréé <Expression>Paiement de proximité</Expression> si l'avis comporte un  <LienIntra LienID="R65701" type="Définition de glossaire">Datamatrix</LienIntra>.</Paragraphe><Paragraphe>Vous pouvez également payer auprès d'un buraliste agréé <Expression>Paiement électronique des amendes</Expression>, par tout moyen accepté par le buraliste.</Paragraphe><Paragraphe>Vous avez besoin de la carte de paiement jointe à l'avis de contravention.</Paragraphe><Paragraphe>Un justificatif de paiement vous est remis.</Paragraphe><ANoter><Titre>À noter</Titre><Paragraphe>Le paiement auprès d'un buraliste agréé <Expression>Paiement électronique des amendes</Expression> (c'est-à-dire par timbre dématérialisé) n'est pas accepté pour une amende forfaitaire majorée.</Paragraphe></ANoter><OuSAdresser ID="R57243" sve="non" type="Local"><Titre>Buraliste partenaire pour un paiement de proximité</Titre><RessourceWeb URL="https://www.impots.gouv.fr/portail/paiement-de-proximite"/></OuSAdresser></Cas><Cas><Titre>Dans un centre des finances publiques</Titre><Paragraphe>L'amende forfaitaire pour contravention minorée peut aussi être payées au guichet d'un centre des finances publiques, en espèces, par chèque ou par carte bancaire.</Paragraphe><Paragraphe>Le paiement en espèces est limité à <Valeur>300 €</Valeur>.</Paragraphe><OuSAdresser ID="R15019" sve="non" type="Local personnalisable"><Titre>Service en charge des impôts (trésorerie, service des impôts...)</Titre><PivotLocal>centre_impots</PivotLocal><RessourceWeb URL="https://www.impots.gouv.fr/portail/contacts"/><Source ID="R30612">Ministère chargé des finances</Source></OuSAdresser></Cas></BlocCas></SousChapitre><SousChapitre><Titre><Paragraphe>Amende forfaitaire pour délit</Paragraphe></Titre><Paragraphe>Plusieurs modes de paiement sont possibles.</Paragraphe><BlocCas affichage="radio"><Cas><Titre>Auprès de l'agent qui constate l'infraction</Titre><Paragraphe>Il est possible de payer l'amende forfaitaire pour délit directement à l'agent verbalisateur.</Paragraphe><Paragraphe>Dans ce cas, le montant de l'amende est<MiseEnEvidence> minorée</MiseEnEvidence>.</Paragraphe><Paragraphe>Si vous payez <MiseEnEvidence>immédiatement</MiseEnEvidence> l'amende forfaitaire minorée entre les mains de l'agent verbalisateur au moment de la constatation de l'infraction, seul l'avis d'amende forfaitaire vous sera envoyé.</Paragraphe><Paragraphe>L'avis d'infraction qui vous est remis par l'agent verbalisateur comporte les informations suivantes :</Paragraphe><Liste type="puce"><Item><Paragraphe>Service verbalisateur</Paragraphe></Item><Item><Paragraphe>Nature, lieu et date du délit</Paragraphe></Item><Item><Paragraphe>Références des textes réprimant ce délit</Paragraphe></Item><Item><Paragraphe>Identité de l'auteur de l'infraction</Paragraphe></Item><Item><Paragraphe>Eléments d'identification du véhicule et identité du conducteur (si l'infraction est commise à l'occasion de la conduite d'un véhicule)</Paragraphe></Item><Item><Paragraphe>Montant de l'amende forfaitaire minorée assorti de la mention “amende payée”</Paragraphe></Item></Liste><Paragraphe>Vous pouvez payer par <MiseEnEvidence>carte bancaire</MiseEnEvidence>, par <MiseEnEvidence>chèque</MiseEnEvidence> ou en <MiseEnEvidence>espèces</MiseEnEvidence>.</Paragraphe><Paragraphe>Vos pouvez demander à recevoir une <MiseEnEvidence>quittance</MiseEnEvidence> par mail (l'envoi est systématique si vous payez en espèces).</Paragraphe><Paragraphe>Certains agents des forces de l'ordre disposent uniquement d'un carnet de quittances à souches.</Paragraphe><Paragraphe>Dans ce cas, la quittance papier vous est remise après paiement de l'amende.</Paragraphe></Cas><Cas><Titre>Par télé-paiement</Titre><Paragraphe>Si la référence télé-paiement figure sur la carte de paiement, vous pouvez payer l'amende forfaitaire délictuelle à distance.</Paragraphe><Paragraphe>Le paiement à distance peut se faire par internet, sur un ordinateur ou sur un smartphone après téléchargement de l'application “Amendes.gouv” sur Google Play ou App Store, ou par téléphone.</Paragraphe><ServiceEnLigne ID="R11026" URL="https://www.amendes.gouv.fr/portail/index.jsp" audience="Particuliers" type="Téléservice"><Titre>Payer son amende en ligne sur amendes.gouv.fr</Titre><Source ID="R30612">Ministère chargé des finances</Source></ServiceEnLigne><OuSAdresser ID="R13996" sve="non" type="Centre de contact"><Titre>Centre d'appel pour payer son amende par téléphone</Titre><Source ID="R30612">Ministère chargé des finances</Source><Texte><Chapitre><Titre><Paragraphe>Par téléphone</Paragraphe></Titre><Paragraphe><MiseEnEvidence>0806 20 30 40</MiseEnEvidence></Paragraphe><Paragraphe>24 heures sur 24</Paragraphe><Paragraphe>Numéro non surtaxé</Paragraphe></Chapitre></Texte></OuSAdresser><Paragraphe>L'amende forfaitaire est<MiseEnEvidence> minorée si vous payez dans les 15 jours </MiseEnEvidence>qui suivent la constatation de l'infraction, si l'avis d'infraction vous est remis sur place.</Paragraphe><Paragraphe>Lorsque l'avis d'infraction vous est envoyé ultérieurement, l'amende forfaitaire est minorée si vous payez dans les 15 jours qui suivent cet envoi.</Paragraphe></Cas><Cas><Titre>Par courrier</Titre><Paragraphe>L'amende forfaitaire délictuelle peut aussi être payée par chèque libellé à l'ordre du Trésor Public (ou de la direction générale des finances publiques, selon ce qui est indiqué sur la carte de paiement).</Paragraphe><Paragraphe>Joignez au chèque la carte de paiement.</Paragraphe><Paragraphe>L'amende forfaitaire est <MiseEnEvidence>minorée si vous payez dans les 15 jours </MiseEnEvidence>qui suivent la constatation de l'infraction, si l'avis d'infraction vous est remis sur place.</Paragraphe><Paragraphe>Lorsque l'avis d'infraction vous est envoyé ultérieurement, l'amende forfaitaire est minorée si vous payez dans les 15 jours qui suivent cet envoi.</Paragraphe></Cas><Cas><Titre>Auprès d'un buraliste ou d'un partenaire agréé</Titre><Paragraphe>Vous pouvez payer par carte bancaire ou en espèces (jusqu'à <Valeur>3 000 €</Valeur>) auprès d'un buraliste ou d'un partenaire agréé <Expression>Paiement de proximité</Expression> si l'avis comporte un  <LienIntra LienID="R65701" type="Définition de glossaire">Datamatrix</LienIntra>.</Paragraphe><Paragraphe>Vous pouvez également payer auprès d'un buraliste agréé <Expression>Paiement électronique des amendes</Expression>, par tout moyen accepté par le buraliste.</Paragraphe><Paragraphe>Vous avez besoin de la carte de paiement jointe à l'avis de contravention.</Paragraphe><Paragraphe>Un justificatif de paiement vous est remis.</Paragraphe><ANoter><Titre>À noter</Titre><Paragraphe>Le paiement auprès d'un buraliste agréé <Expression>Paiement électronique des amendes</Expression> (c'est-à-dire par timbre dématérialisé) n'est pas accepté pour une amende forfaitaire majorée.</Paragraphe></ANoter><OuSAdresser ID="R57243" sve="non" type="Local"><Titre>Buraliste partenaire pour un paiement de proximité</Titre><RessourceWeb URL="https://www.impots.gouv.fr/portail/paiement-de-proximite"/></OuSAdresser><Paragraphe>L'amende forfaitaire est minorée <MiseEnEvidence>si vous payez dans les 15 jours</MiseEnEvidence> qui suivent la constatation de l'infraction, si l'avis d'infraction vous est remis sur place.</Paragraphe><Paragraphe>Lorsque l'avis d'infraction vous est envoyé ultérieurement, l'amende forfaitaire est minorée si vous payez dans les 15 jours qui suivent cet envoi.</Paragraphe></Cas><Cas><Titre>Dans un centre des finances publiques</Titre><Paragraphe>L'amende forfaitaire délictuelle peut être payée au guichet d'un centre des finances publiques, en espèces, par chèque ou par carte bancaire. Mais le paiement en espèces est limité à <Valeur>300 €</Valeur>.</Paragraphe><OuSAdresser ID="R15019" sve="non" type="Local personnalisable"><Titre>Service en charge des impôts (trésorerie, service des impôts...)</Titre><PivotLocal>centre_impots</PivotLocal><RessourceWeb URL="https://www.impots.gouv.fr/portail/contacts"/><Source ID="R30612">Ministère chargé des finances</Source></OuSAdresser><Paragraphe>L'amende forfaitaire est minorée <MiseEnEvidence>si vous payez dans les 15 jours</MiseEnEvidence> qui suivent la constatation de l'infraction, si l'avis d'infraction vous est remis sur place.</Paragraphe><Paragraphe>Lorsque l'avis d'infraction vous est envoyé ultérieurement, l'amende forfaitaire est minorée si vous payez dans les 15 jours qui suivent cet envoi.</Paragraphe></Cas></BlocCas></SousChapitre></Chapitre><Chapitre><Titre><Paragraphe>Comment contester l'amende forfaitaire ?</Paragraphe></Titre><SousChapitre><Titre><Paragraphe>Contestation de l'amende forfaitaire pour contravention</Paragraphe></Titre><Paragraphe><MiseEnEvidence>Délais</MiseEnEvidence></Paragraphe><Paragraphe>Pour contester l'amende forfaitaire pour contravention, vous devez agir dans les délais suivants :</Paragraphe><Liste type="puce"><Item><Paragraphe>Amende forfaitaire : 45 jours à partir de la date d'envoi de l'avis de contravention</Paragraphe></Item><Item><Paragraphe>Amende forfaitaire majorée : 30 jours à partir de l'envoi de l'avis d'amende forfaitaire majorée.</Paragraphe></Item></Liste><Paragraphe><MiseEnEvidence>Procédure</MiseEnEvidence></Paragraphe><Paragraphe>La contestation de l'amende forfaitaire se fait par une requête en exonération et la contestation de l'amende forfaitaire majorée se fait par une réclamation.</Paragraphe><BlocCas affichage="radio"><Cas><Titre>En ligne</Titre><Paragraphe>La contestation peut se faire directement en ligne sur le site de l'Agence nationale de traitement automatisé des infractions (ANTAI).</Paragraphe><ServiceEnLigne ID="R42185" URL="https://www.usagers.antai.gouv.fr/demarches/saisienumero?lang=fr" audience="Particuliers" type="Téléservice"><Titre>Avis d'amende forfaitaire : désignation d'une autre personne ou contestation en ligne</Titre><Source ID="R30603">Ministère chargé de l'intérieur</Source><Introduction><Texte><Paragraphe>Permet de contester en ligne une amende forfaitaire ou une amende forfaitaire majorée ou de désigner une autre personne.</Paragraphe><Paragraphe><MiseEnEvidence>Attention :</MiseEnEvidence> vous ne pouvez plus contester si vous avez payé l'amende. En effet, payer l'amende signifie que vous reconnaissez avoir commis une infraction.</Paragraphe></Texte></Introduction></ServiceEnLigne></Cas><Cas><Titre>Par courrier</Titre><Paragraphe>Vous devez remplir le formulaire joint à l'avis que vous avez reçu :</Paragraphe><Liste type="puce"><Item><Paragraphe>Formulaire de requête en exonération en cas d'avis de contravention</Paragraphe></Item><Item><Paragraphe>Formulaire de réclamation en cas d'amende forfaitaire majoré.</Paragraphe></Item></Liste><Paragraphe>Suivez les indications indiquées sur le formulaire pour le remplir et savoir quels documents joindre (avis reçu, lettre sur papier libre indiquant les motifs de votre contestation, etc.).</Paragraphe><Paragraphe>Les documents sont à envoyer par lettre <LienInterne LienPublication="R46090" type="Acronyme">RAR</LienInterne> à l'officier du ministère public (OMP). Son adresse figure sur l'avis.</Paragraphe></Cas></BlocCas><Paragraphe><MiseEnEvidence>Pas de consignation</MiseEnEvidence></Paragraphe><Paragraphe>Vous ne devez pas payer de consignation pour pouvoir vous contester la réalité de l'infraction, sauf exception.</Paragraphe><Paragraphe><MiseEnEvidence>Traitement de la contestation</MiseEnEvidence></Paragraphe><Paragraphe>L'officier du <LienIntra LienID="R1127" type="Définition de glossaire">ministère public</LienIntra> examine le dossier et vous informe de sa décision.</Paragraphe><BlocCas affichage="radio"><Cas><Titre>L'infraction n'est pas établie</Titre><Paragraphe>Si l'officier du ministère public estime qu'il n'y a pas assez de preuves de l'infraction, il classe l'affaire sans suite.</Paragraphe><Paragraphe>Si vous avez dû payer une consignation, elle vous sera remboursée automatiquement.</Paragraphe><Paragraphe>Vous pouvez aussi faire une demande de remboursement auprès comptable du trésor public dont les coordonnées figurent sur l'avis de contravention. Il faut envoyer la demande par écrit et joindre une copie de la décision de classement sans suite.</Paragraphe></Cas><Cas><Titre>L'infraction est établie</Titre><Paragraphe>Si l'officier du ministère public estime que l'infraction est suffisamment établie, l'amende est alors majorée.</Paragraphe></Cas></BlocCas></SousChapitre><SousChapitre><Titre><Paragraphe>Contestation de l'amende forfaitaire pour délit</Paragraphe></Titre><Paragraphe><MiseEnEvidence>Délais</MiseEnEvidence></Paragraphe><Paragraphe>Pour contester l'amende forfaitaire pour délit, vous devez agir dans les délais suivants :</Paragraphe><Liste type="puce"><Item><Paragraphe>Amende forfaitaire : 45 jours à partir de la date d'envoi de l'avis de contravention</Paragraphe></Item><Item><Paragraphe>Amende forfaitaire majorée : 30 jours à partir de l'envoi de l'avis d'amende forfaitaire majorée.</Paragraphe></Item></Liste><Paragraphe><MiseEnEvidence>Procédure</MiseEnEvidence></Paragraphe><Paragraphe>La procédure n'est pas la même pour l'amende forfaitaire délictuelle et pour l'amende forfaitaire délictuelle majorée.</Paragraphe><BlocCas affichage="radio"><Cas><Titre>Amende forfaitaire délictuelle (non majorée)</Titre><Paragraphe>Pour contester l'amende forfaitaire délictuelle, vous devez envoyer une requête en exonération au service indiqué dans l'avis d'infraction.</Paragraphe><Paragraphe>S'il s'agit de l'Agence nationale de traitement automatisé des infractions (ANTAI), vous pouvez faire la contestation en ligne.</Paragraphe><ServiceEnLigne ID="R42185" URL="https://www.usagers.antai.gouv.fr/demarches/saisienumero?lang=fr" audience="Particuliers" type="Téléservice"><Titre>Avis d'amende forfaitaire : désignation d'une autre personne ou contestation en ligne</Titre><Source ID="R30603">Ministère chargé de l'intérieur</Source><Introduction><Texte><Paragraphe>Permet de contester en ligne une amende forfaitaire ou une amende forfaitaire majorée ou de désigner une autre personne.</Paragraphe><Paragraphe><MiseEnEvidence>Attention :</MiseEnEvidence> vous ne pouvez plus contester si vous avez payé l'amende. En effet, payer l'amende signifie que vous reconnaissez avoir commis une infraction.</Paragraphe></Texte></Introduction></ServiceEnLigne><Paragraphe>Vous pouvez joindre une copie numérisée (scannée au format PDF, JPG ou ZIP) de l'avis de contravention ou du formulaire de requête en exonération. Toutefois, cette pièce n'est pas obligatoire pour faire la démarche.</Paragraphe><Paragraphe>La contestation peut se faire aussi par écrit. Vous devez remplir le formulaire de requête en exonération et ajouter une lettre indiquant les motifs de votre contestation et les éléments de preuve dont vous disposez.</Paragraphe><Paragraphe>Les documents sont à envoyer par lettre <LienInterne LienPublication="R46090" type="Acronyme">RAR</LienInterne> à l'officier du ministère public (OMP). Son adresse figure sur l'avis.</Paragraphe></Cas><Cas><Titre>Amende forfaitaire délictuelle majorée</Titre><Paragraphe>Pour contester l'amende forfaitaire majorée, vous devez envoyer une réclamation écrite motivée au <LienIntra LienID="R1127" type="Définition de glossaire">ministère public</LienIntra>.</Paragraphe><Paragraphe>Il faut remplir le formulaire de réclamation joint à l'avis d'amende et l'accompagner par une lettre dans laquelle vous indiquez les motifs de votre contestation. N'oubliez pas d'ajouter les éléments de preuve dont vous disposez.</Paragraphe><OuSAdresser ID="R30" sve="non" type="Local"><Titre>Tribunal judiciaire</Titre><RessourceWeb URL="http://www.annuaires.justice.gouv.fr/"/><Source ID="R30663">Ministère chargé de la justice</Source></OuSAdresser></Cas></BlocCas><Paragraphe><MiseEnEvidence>Consignation obligatoire</MiseEnEvidence></Paragraphe><Paragraphe>Vous devez payer une <LienIntra LienID="R49433" type="Définition de glossaire">consignation</LienIntra> équivalente au montant de l'amende pour pouvoir vous contester l'infraction. Le montant de la consignation vous sera remboursé si l'affaire est classée sans suite ou si vous êtes relaxé par le tribunal.</Paragraphe><Paragraphe>Vous pouvez faire une demande de remboursement auprès comptable du trésor public dont les coordonnées figurent sur l'avis de contravention. Il faut envoyer la demande par écrit et joindre une copie de la décision de classement sans suite.</Paragraphe><Paragraphe><MiseEnEvidence>Traitement de la contestation</MiseEnEvidence></Paragraphe><Paragraphe>La contestation est examinée par le procureur de la République, qui vous informe de sa décision.</Paragraphe><BlocCas affichage="radio"><Cas><Titre>La requête n'est pas recevable</Titre><Paragraphe>Le procureur de la République peut déclarer que votre réclamation est irrecevable parce qu'elle n'est pas motivée ou parce que vous n'avez pas utilisé le formulaire joint à l'avis d'amende.</Paragraphe><Paragraphe>Vous pouvez contester la décision du procureur devant le président du tribunal correctionnel ou un juge désigné par le président du tribunal judiciaire. La décision du procureur de la République précise le juge compétent pour examiner votre recours.</Paragraphe></Cas><Cas><Titre>La requête est recevable</Titre><BlocCas affichage="radio"><Cas><Titre>Classement sans suite</Titre><Paragraphe>Le procureur de la République peut classer l'affaire sans suite s'il estime qu'il n'y a pas assez de preuves de l'infraction, ou qu'il n'est pas judicieux de faire un procès.</Paragraphe></Cas><Cas><Titre>Poursuites judiciaires</Titre><Paragraphe>Si le procureur de la République estime que l'infraction est suffisamment établie, il peut décider de vous faire comparaître devant le tribunal correctionnel. C'est ce tribunal qui est compétent pour juger les délits. Vous pourrez être relaxé ou condamné par le tribunal à l'issue du procès.</Paragraphe><Paragraphe>En cas de condamnation, l'amende initiale est alors majorée de 10%.</Paragraphe><ASavoir><Titre>À savoir</Titre><Paragraphe>le tribunal peut décider dans des cas rares de ne pas prononcer d'amende ou de prononcer une amende d'un montant inférieur au minimum légal.</Paragraphe></ASavoir></Cas></BlocCas></Cas></BlocCas></SousChapitre></Chapitre><Chapitre><Titre><Paragraphe>Que faire si l'on n'a pas reçu l'avis d'amende forfaitaire ?</Paragraphe></Titre><Paragraphe>Vous pouvez recevoir un avis d'amende forfaitaire majorée ou subir une saisie bancaire alors que n'avez jamais reçu d'avis d'amende forfaitaire. Dans les deux cas, vous pouvez faire une contestation.</Paragraphe><BlocCas affichage="radio"><Cas><Titre>Vous avez reçu un avis d'amende forfaitaire majorée</Titre><Paragraphe>Pour contester l'amende forfaitaire majorée, vous devez envoyer une réclamation écrite et motivée à l'officier du <LienIntra LienID="R1127" type="Définition de glossaire">ministère public</LienIntra> avec une copie de l'avis d'amende forfaitaire majorée.</Paragraphe><OuSAdresser ID="R30" sve="non" type="Local"><Titre>Tribunal judiciaire</Titre><RessourceWeb URL="http://www.annuaires.justice.gouv.fr/"/><Source ID="R30663">Ministère chargé de la justice</Source></OuSAdresser><Paragraphe>La contestation doit se faire dans un délai de 30 jours suivant l'envoi de l'avis d'amende forfaitaire majorée.</Paragraphe></Cas><Cas><Titre>Vous n'avez pas reçu l'avis d'amende forfaitaire majorée</Titre><Paragraphe>Pour contester la saisie bancaire, vous devez d'abord contester l'amende forfaitaire majorée, même si vous ne l'avez pas reçue.</Paragraphe><Paragraphe>En effet, la saisie bancaire est effectuée par le trésor public sur la base d'un titre exécutoire émis par l'officier du ministère public, lorsqu'il constate que l'amende l'amende forfaitaire majorée n'est pas payée dans le délai.</Paragraphe><Paragraphe>L'annulation de l'amende forfaitaire majorée entraînera l'annulation du titre exécutoire.</Paragraphe><Paragraphe>La contestation de l'amende forfaitaire majorée se fait par une demande écrite et motivée envoyée à l'officier du <LienIntra LienID="R1127" type="Définition de glossaire">ministère public</LienIntra>.</Paragraphe><OuSAdresser ID="R30" sve="non" type="Local"><Titre>Tribunal judiciaire</Titre><RessourceWeb URL="http://www.annuaires.justice.gouv.fr/"/><Source ID="R30663">Ministère chargé de la justice</Source></OuSAdresser><Paragraphe>Vous pouvez demander une copie de l'amende forfaitaire majorée au trésor public.</Paragraphe><Paragraphe>Le délai de recours est de 30 jours à partir de la date d'envoi l'avis d'amende majorée.</Paragraphe><Paragraphe>Vous pouvez exercer le recours au-delà de ce délai, en précisant que vous n'avez pas reçu l'avis d'amende forfaitaire majorée.</Paragraphe><Paragraphe>Il y a néanmoins une limite, lorsqu'il s'agit d'une d'amende qui est en lien avec le code de la route.</Paragraphe><Paragraphe>Dans ce cas, la réclamation n'est plus recevable 3 mois après l'envoi de l'avis d'amende majorée par lettre recommandée à l'adresse qui figure sur le certificat d'immatriculation du véhicule.</Paragraphe><Paragraphe>Cette règle ne s'applique pas si vous avez déclaré votre changement d'adresse au service d'immatriculation des véhicules avant l'expiration du délai de 3 mois suivant l'envoi de l'avis d'amende majorée.</Paragraphe></Cas></BlocCas></Chapitre></Texte></Situation><Situation><Titre>Autre</Titre><Texte><Chapitre><Titre><Paragraphe>Qu'appelle-t-on amende non forfaitaire ?</Paragraphe></Titre><Paragraphe>L'amende non forfaitaire peut être prononcée par la juridiction qui juge l'auteur d'une <LienIntra LienID="R52056" type="Définition de glossaire">infraction</LienIntra> (tribunal de police, tribunal correctionnel, cour d'assises etc...). La juridiction dispose d'un pouvoir d'appréciation et prend en compte la nature des faits, les circonstances dans lesquelles ils ont été commis ainsi que la personnalité de l'auteur. Lorsqu'elle décide de prononcer l'amende, la juridiction peut assortir la condamnation d'un <LienInterne LienPublication="F1531" type="Fiche d'information conditionnée" audience="Particuliers">sursis</LienInterne>.</Paragraphe></Chapitre><Chapitre><Titre><Paragraphe>Quels sont les montant de l'amende non forfaitaire ?</Paragraphe></Titre><Paragraphe>La situation n'est pas la même en cas d'infraction unique et en cas d'infractions multiples.</Paragraphe><BlocCas affichage="radio"><Cas><Titre>Infraction unique</Titre><Paragraphe>La juridiction qui juge l'auteur d'une infraction fixe librement le montant de l'amende, sans dépasser le montant maximum prévu pour cette infraction.</Paragraphe></Cas><Cas><Titre>Infractions multiples</Titre><Paragraphe>Lorsqu'une personne est jugée au cours du même procès pour une ou plusieurs contraventions et des <LienIntra LienID="R49229" type="Définition de glossaire">délits</LienIntra> et/ou des <LienIntra LienID="R49230" type="Définition de glossaire">crimes</LienIntra>, les amendes prévues pour les différentes infractions s’additionnent.</Paragraphe><Paragraphe>Par exemple, une personne peut être condamnée à une amende de <Valeur>5 250 €</Valeur> au total pour les 2 infractions suivantes :</Paragraphe><Liste type="puce"><Item><Paragraphe>Contravention pour un <LienInterne LienPublication="F19460" type="Fiche d'information conditionnée" audience="Particuliers">excès de vitesse</LienInterne> punie d'une amende de <Valeur>750 €</Valeur> maximum,</Paragraphe></Item><Item><Paragraphe><LienInterne LienPublication="F2881" type="Fiche d'information conditionnée" audience="Particuliers">Délit d'alcoolémie</LienInterne> au volant puni d'une amende de <Valeur>4 500 €</Valeur> maximum</Paragraphe></Item></Liste><Paragraphe>En revanche, il n'y a pas de cumul des amendes si une personne est jugée pour plusieurs infractions qui sont uniquement des crimes ou des délits. L'amende maximum qui peut être prononcée par la justice est l'amende encourue pour l'infraction la plus grave.</Paragraphe><Paragraphe>Par exemple, une personne risque au maximum une amende de <Valeur>45 000 €</Valeur> pour les deux délits suivants :</Paragraphe><Liste type="puce"><Item><Paragraphe><LienInterne LienPublication="F1524" type="Fiche d'information conditionnée" audience="Particuliers">Coups et blessures</LienInterne> puni de <Valeur>45 000 €</Valeur> d'amende maximum,</Paragraphe></Item><Item><Paragraphe><LienInterne LienPublication="F32235" type="Fiche d'information conditionnée" audience="Particuliers">Harcèlement téléphonique</LienInterne> puni de <Valeur>15 000 €</Valeur> d'amende maximum</Paragraphe></Item></Liste><ASavoir><Titre>À savoir</Titre><Paragraphe>le fait d'être condamné plusieurs fois de suite au paiement d'une amende pour des infractions identiques ou similaires peut mettre le contrevenant en état de <LienIntra LienID="R731" type="Définition de glossaire">récidive</LienIntra>. Mais ce n'est pas le cas si la 1<Exposant>ère</Exposant> condamnation porte sur une amende forfaitaire.</Paragraphe></ASavoir></Cas></BlocCas></Chapitre><Chapitre><Titre><Paragraphe>Comment payer l'amende non forfaitaire ?</Paragraphe></Titre><Paragraphe>Les modes de paiement de l'amende non forfaitaire sont indiqués dans la décision de justice qui prononce la condamnation. En règle générale, l'amende doit être payée auprès d'un centre des finances publiques dont les coordonnées sont mentionnées dans la décision.</Paragraphe><Paragraphe>Si l'amende est payée dans le mois suivant la décision de justice définitive, une réduction de 20% est accordée. Cette réduction ne peut pas dépasser <Valeur>1 500 €</Valeur>.</Paragraphe><Paragraphe>Si l'amende n'est pas réglée dans le mois, la personne condamnée reçoit un commandement de payer. Le Trésor public peut accorder des délais plus longs.</Paragraphe><Paragraphe>En cas de non-respect des délais de paiement, le Trésor public peut procéder à la saisie des biens.</Paragraphe><Paragraphe>Si l'amende à payer est supérieure à <Valeur>2 000 €</Valeur>, une <LienIntra LienID="R53404" type="Définition de glossaire">contrainte judiciaire</LienIntra> peut être mise en place. Le Trésor public saisit le procureur qui saisit à son tour le juge d'application des peines (Jap). Le Jap peut alors prononcer une peine de prison ferme dont la durée varie selon le montant de l'amende.</Paragraphe><Paragraphe>Le Trésor public peut également réclamer le paiement de l'amende aux complices de la personne concernée.</Paragraphe></Chapitre><Chapitre><Titre><Paragraphe>Comment contester l'amende non forfaitaire ?</Paragraphe></Titre><Paragraphe>La condamnation à une peine d'amende prononcée par une juridiction pénale peut fait l'objet d'un <LienInterne LienPublication="F1384" type="Fiche d'information conditionnée" audience="Particuliers">appel</LienInterne>.</Paragraphe></Chapitre></Texte></Situation></ListeSituations><VoirAussi important="non"><Fiche ID="F18509" audience="Particuliers"><Titre>Contravention au code de la route : paiement de l'amende</Titre><Theme ID="N19812"><Titre>Transports - Mobilité</Titre></Theme></Fiche><Fiche ID="F34440" audience="Particuliers"><Titre>Forfait post-stationnement en cas de stationnement non payé</Titre><Theme ID="N19812"><Titre>Transports - Mobilité</Titre></Theme></Fiche><Fiche ID="F1406" audience="Particuliers"><Titre>Infraction pénale : peines complémentaires</Titre><Theme ID="N19807"><Titre>Justice</Titre></Theme></Fiche></VoirAussi><QuiPeutMAider ID="R13996" sve="non" type="Centre de contact"><Titre>Centre d'appel pour payer son amende par téléphone</Titre><Source ID="R30612">Ministère chargé des finances</Source><Texte><Chapitre><Titre><Paragraphe>Par téléphone</Paragraphe></Titre><Paragraphe><MiseEnEvidence>0806 20 30 40</MiseEnEvidence></Paragraphe><Paragraphe>24 heures sur 24</Paragraphe><Paragraphe>Numéro non surtaxé</Paragraphe></Chapitre></Texte></QuiPeutMAider><Reference type="Texte de référence" URL="https://www.legifrance.gouv.fr/codes/section_lc/LEGITEXT000006070719/LEGISCTA000006181730/#LEGISCTA000006181730" ID="R13015"><Titre>Code pénal : articles 131-12 à 131-18</Titre><Complement>Montant des amendes</Complement></Reference><Reference type="Texte de référence" URL="https://www.legifrance.gouv.fr/codes/article_lc/LEGIARTI000006417358" ID="R40290"><Titre>Code pénal : article 132-3</Titre><Complement>Cumul des amendes (crimes et délits)</Complement></Reference><Reference type="Texte de référence" URL="https://www.legifrance.gouv.fr/codes/article_lc/LEGIARTI000006417364" ID="R40368"><Titre>Code pénal : article 132-7</Titre><Complement>Cumul des amendes (contraventions)</Complement></Reference><Reference type="Texte de référence" URL="https://www.legifrance.gouv.fr/codes/id/LEGISCTA000006151940/" ID="R40369"><Titre>Code de procédure pénale : articles 707 à 712</Titre><Complement>Délais de paiement d'une amende non forfaitaire</Complement></Reference><Reference type="Texte de référence" URL="https://www.legifrance.gouv.fr/codes/id/LEGISCTA000006138149" ID="R40370"><Titre>Code de procédure pénale : articles 749 à 762</Titre><Complement>Contrainte judiciaire</Complement></Reference><Reference type="Texte de référence" URL="https://www.legifrance.gouv.fr/codes/section_lc/LEGITEXT000006071154/LEGISCTA000006167556" ID="R36537"><Titre>Code de procédure pénale : articles 529 à 529-2-1</Titre><Complement>Amende forfaitaire</Complement></Reference><Reference type="Texte de référence" URL="https://www.legifrance.gouv.fr/codes/section_lc/LEGITEXT000006071154/LEGISCTA000006167493" ID="R36065"><Titre>Code de procédure pénale : articles 530 à 530-6</Titre><Complement>Procédure de l'amende forfaitaire</Complement></Reference><Reference type="Texte de référence" URL="https://www.legifrance.gouv.fr/codes/id/LEGISCTA000047381310" ID="R32406"><Titre>Code de procédure pénale : article R48-1 à R49-8</Titre><Complement>Amende forfaitaire</Complement></Reference><Reference type="Texte de référence" URL="https://www.legifrance.gouv.fr/codes/id/LEGISCTA000034309356" ID="R49199"><Titre>Décret n°2017-429 du 28 mars 2017 : articles D45-3 à D45-21</Titre><Complement>Application de l'amende forfaitaire à certains délits routiers</Complement></Reference><ServiceEnLigne ID="R11026" URL="https://www.amendes.gouv.fr/portail/index.jsp" audience="Particuliers" type="Téléservice"><Titre>Payer son amende en ligne sur amendes.gouv.fr</Titre><Source ID="R30612">Ministère chargé des finances</Source></ServiceEnLigne><Definition ID="R52056"><Titre>Infraction</Titre><Texte><Paragraphe>Acte interdit par la loi et puni d'une sanction pénale</Paragraphe></Texte></Definition><Definition ID="R49229"><Titre>Délit</Titre><Texte><Paragraphe>Acte interdit par la loi et puni d'une amende et/ou d'une peine d'emprisonnement inférieure à 10 ans</Paragraphe></Texte></Definition><Definition ID="R49228"><Titre>Contravention</Titre><Texte><Paragraphe>Infraction que la loi punit d'une amende n'excédant pas 1 500 €, ou 3 000 € en cas de récidive</Paragraphe></Texte><Reference type="Texte de référence" URL="https://www.legifrance.gouv.fr/codes/section_lc/LEGITEXT000006070719/LEGISCTA000006181730/#LEGISCTA000006181730" ID="R13015"><Titre>Code pénal : articles 131-12 à 131-18</Titre></Reference></Definition><Definition ID="R56401"><Titre>Majoré</Titre><Texte><Paragraphe>Augmenté</Paragraphe></Texte></Definition><Definition ID="R56400"><Titre>Minoré</Titre><Texte><Paragraphe>Diminué</Paragraphe></Texte></Definition><Definition ID="R56405"><Titre>Recouvrement forcé</Titre><Texte><Paragraphe>Récupération d'une dette par un commissaire de justice (anciennement huissier de justice et commissaire-priseur judiciaire) qui saisit les biens du débiteur</Paragraphe></Texte></Definition><Definition ID="R65701"><Titre>Datamatrix</Titre><Texte><Paragraphe>Type de QR code (code-barres bidimensionnel). Les données sont codées dans des cellules noires et blanches, ou dans des cellules sombres et claires contrastées, disposées dans une grille. Le Datamatrix peut être scanné via l'appareil photo d'un smartphone par exemple.</Paragraphe></Texte></Definition><Definition ID="R1127"><Titre>Parquet (ou ministère public)</Titre><Texte><Paragraphe>Corps de magistrats représentant les intérêts de la société devant les juridictions</Paragraphe></Texte></Definition><Definition ID="R49433"><Titre>Consignation</Titre><Texte><Paragraphe>Somme équivalente au montant d'une amende, qu'on doit payer au Trésor public avant de pouvoir contester sa culpabilité pour certaines infractions</Paragraphe></Texte></Definition><Definition ID="R49230"><Titre>Crime</Titre><Texte><Paragraphe>Infraction la plus grave punissable par une peine de prison (homicide volontaire ou viol par exemple)</Paragraphe></Texte></Definition><Definition ID="R731"><Titre>Récidive légale</Titre><Texte><Paragraphe>Fait, pour une personne déjà condamnée, de commettre une nouvelle infraction identique ou assimilée, dans un certain délai, et pouvant entraîner une peine plus lourde que celle normalement prévue.</Paragraphe></Texte></Definition><Definition ID="R53404"><Titre>Contrainte judiciaire</Titre><Texte><Paragraphe>Mesure prise par le juge d'application des peines pour emprisonner ou maintenir en détention une personne qui refuse de payer des amendes ayant été mises à sa charge par une décision de justice</Paragraphe></Texte></Definition><Abreviation ID="R46090" type="Acronyme"><Titre>RAR</Titre><Texte><Paragraphe>Recommandé avec avis de réception</Paragraphe></Texte></Abreviation><QuestionReponse ID="F1157" audience="Particuliers"><Titre>Quelles sont les différences entre une contravention, un délit et un crime ?</Titre></QuestionReponse><QuestionReponse ID="F35249" audience="Particuliers"><Titre>Couvre-feu et confinement : quelles sont les règles ?</Titre></QuestionReponse></Publication>