<?xml version="1.0" encoding="UTF-8"?><Publication xmlns:dc="http://purl.org/dc/elements/1.1/" xmlns:xsi="http://www.w3.org/2001/XMLSchema-instance" ID="F32920" type="Fiche Question-réponse conditionnée" xsi:noNamespaceSchemaLocation="../Schemas/3.4/Publication.xsd" spUrl="https://www.service-public.fr/particuliers/vosdroits/F32920"><dc:title>Qui paie les charges de copropriété l'année de la vente du logement ?</dc:title><dc:creator>Direction de l'information légale et administrative</dc:creator><dc:subject>Logement</dc:subject><dc:description>Tout dépend si les charges proviennent du budget prévisionnel ou non.</dc:description><dc:publisher>Direction de l'information légale et administrative</dc:publisher><dc:contributor>Direction de l'information légale et administrative (Premier ministre)</dc:contributor><dc:date>modified 2021-02-01</dc:date><dc:type>Question-réponse</dc:type><dc:format>text/xml</dc:format><dc:identifier>F32920</dc:identifier><dc:source>https://www.legifrance.gouv.fr/loda/article_lc/LEGIARTI000006488321, https://www.legifrance.gouv.fr/loda/article_lc/LEGIARTI000006488324</dc:source><dc:language>Fr</dc:language><dc:relation>isPartOf N31340</dc:relation><dc:coverage>France entière</dc:coverage><dc:rights>https://www.service-public.fr/a-propos/mentions-legales</dc:rights><SurTitre>Question-réponse</SurTitre><Audience>Particuliers</Audience><Canal>www.service-public.fr</Canal><FilDAriane><Niveau ID="Particuliers">Accueil particuliers</Niveau><Niveau ID="N19808">Logement</Niveau><Niveau ID="N31340">Budget et charges de copropriété</Niveau><Niveau ID="F32920" type="Fiche Question-réponse conditionnée">Qui paie les charges de copropriété l'année de la vente du logement ?</Niveau></FilDAriane><Theme ID="N19808"><Titre>Logement</Titre></Theme><SousThemePere ID="N31337">Copropriété</SousThemePere><DossierPere ID="N31340"><Titre>Budget et charges de copropriété</Titre><Fiche ID="F20586">Budget prévisionnel (planification des dépenses)</Fiche><Fiche ID="F2590">Charges de copropriété</Fiche><Fiche ID="F2603">Recouvrement des charges impayées</Fiche><Fiche ID="F31418">Emprunt collectif</Fiche><Fiche ID="F14745">Individualisation des frais de chauffage</Fiche><Fiche ID="F34026">Fonds de travaux mis en place dans les copropriétés</Fiche></DossierPere><Texte><Paragraphe>Le paiement de la <LienIntra LienID="R50457" type="Définition de glossaire">provision</LienIntra> <MiseEnEvidence>exigible du </MiseEnEvidence><LienInterne LienPublication="F20586" type="Fiche d'information conditionnée" audience="Particuliers">budget prévisionnel</LienInterne> est à la charge du copropriétaire vendeur.</Paragraphe><Paragraphe>Par contre, le paiement des provisions des dépenses <MiseEnEvidence>non comprises dans le budget prévisionnel</MiseEnEvidence> est à la charge de celui qui est copropriétaire au moment où le paiement est exigé.</Paragraphe><ANoter><Titre>À noter</Titre><Paragraphe>un accord entre le copropriétaire vendeur et l'acquéreur peut toutefois prévoir une répartition des charges différente. Cet accord n'a d'effet qu'entre le copropriétaire et l'acquéreur. Il n'est pas <LienIntra LienID="R16368" type="Définition de glossaire">opposable</LienIntra> au <LienInterne LienPublication="F2608" type="Fiche d'information conditionnée" audience="Particuliers">syndic de copropriété</LienInterne>.</Paragraphe></ANoter><Paragraphe>Le trop ou le moins perçu révélé après approbation des comptes lors de l'assemblée générale est crédité ou débité sur le compte de celui qui est copropriétaire à la date de l'approbation des comptes.</Paragraphe></Texte><VoirAussi important="non"><Fiche ID="F2590" audience="Particuliers"><Titre>Charges de copropriété</Titre><Theme ID="N19808"><Titre>Logement</Titre></Theme></Fiche><Fiche ID="F2604" audience="Particuliers"><Titre>Vente d'un logement en copropriété</Titre><Theme ID="N19808"><Titre>Logement</Titre></Theme></Fiche></VoirAussi><Reference type="Texte de référence" URL="https://www.legifrance.gouv.fr/loda/article_lc/LEGIARTI000006488321" ID="R33671"><Titre>Décret n°67-223 du 17 mars 1967 : article 6-2</Titre><Complement>Règle générale</Complement></Reference><Reference type="Texte de référence" URL="https://www.legifrance.gouv.fr/loda/article_lc/LEGIARTI000006488324" ID="R33672"><Titre>Décret n°67-223 du 17 mars 1967 : article 6-3</Titre><Complement>Accord entre le vendeur et l'acquéreur</Complement></Reference><Definition ID="R50457"><Titre>Provision</Titre><Texte><Paragraphe>Somme versée en avance en attendant le règlement global</Paragraphe></Texte></Definition><Definition ID="R16368"><Titre>Opposable</Titre><Texte><Paragraphe>Qui ne peut être méconnu par les tiers, lesquels doivent en subir les effets et les respecter</Paragraphe></Texte></Definition><QuestionReponse ID="F31531" audience="Particuliers"><Titre>Qui est prioritaire pour acheter un bien dans un immeuble en copropriété ?</Titre></QuestionReponse><CommentFaireSi ID="F15913" audience="Particuliers" pictogramme="icone-achat-logement"><Titre>J'achète un logement</Titre></CommentFaireSi></Publication>