<?xml version="1.0" encoding="UTF-8"?><Publication xmlns:dc="http://purl.org/dc/elements/1.1/" xmlns:xsi="http://www.w3.org/2001/XMLSchema-instance" ID="F32952" type="Fiche Question-réponse conditionnée" xsi:noNamespaceSchemaLocation="../Schemas/3.4/Publication.xsd" dateDerniereModificationImportante="2020-11-19T00:00:00" spUrl="https://www.service-public.fr/particuliers/vosdroits/F32952"><dc:title>Nationalité française : comment acheter un timbre fiscal ?</dc:title><dc:creator>Direction de l'information légale et administrative</dc:creator><dc:subject>Étranger - Europe</dc:subject><dc:description>Pour déposer un dossier de demande de nationalité française, vous devez fournir un timbre fiscal électronique.</dc:description><dc:publisher>Direction de l'information légale et administrative</dc:publisher><dc:contributor>Direction de l'information légale et administrative (Premier ministre)</dc:contributor><dc:date>modified 2022-06-08</dc:date><dc:type>Question-réponse</dc:type><dc:format>text/xml</dc:format><dc:identifier>F32952</dc:identifier><dc:source>https://www.legifrance.gouv.fr/codes/id/LEGISCTA000030062715/</dc:source><dc:language>Fr</dc:language><dc:relation>isPartOf N111</dc:relation><dc:coverage>France entière</dc:coverage><dc:rights>https://www.service-public.fr/a-propos/mentions-legales</dc:rights><SurTitre>Question-réponse</SurTitre><Audience>Particuliers</Audience><Canal>www.service-public.fr</Canal><FilDAriane><Niveau ID="Particuliers">Accueil particuliers</Niveau><Niveau ID="N19804">Étranger - Europe</Niveau><Niveau ID="N111">Nationalité française</Niveau><Niveau ID="F32952" type="Fiche Question-réponse conditionnée">Nationalité française : comment acheter un timbre fiscal ?</Niveau></FilDAriane><Theme ID="N19804"><Titre>Étranger - Europe</Titre></Theme><SousThemePere ID="N20306">Étranger en France</SousThemePere><DossierPere ID="N111"><Titre>Nationalité française</Titre><SousDossier ID="N111-1"><Titre>Déclaration ou naturalisation</Titre><Fiche ID="F2726">Mariage avec un Français</Fiche><Fiche ID="F33430">Ascendant (parent ou grand-parent) d'un Français</Fiche><Fiche ID="F33800">Frère ou sœur d'un Français</Fiche><Fiche ID="F2213">Naturalisation</Fiche></SousDossier><SousDossier ID="N111-2"><Titre>Nationalité française d'un enfant</Titre><Fiche ID="F295">Enfant né en France de parents étrangers</Fiche><Fiche ID="F3070">Enfant adopté</Fiche><Fiche ID="F31919">Enfant recueilli</Fiche></SousDossier><SousDossier ID="N111-3"><Titre>Réintégration dans la nationalité française</Titre><Fiche ID="F3071">Par déclaration</Fiche><Fiche ID="F2214">Par décret</Fiche></SousDossier><SousDossier ID="N111-4"><Titre>Perte de la nationalité française</Titre><Fiche ID="F3073">Perte volontaire</Fiche><Fiche ID="F32827">Déchéance, retrait ou annulation</Fiche></SousDossier></DossierPere><Introduction><Texte><Paragraphe>Pour déposer un dossier de demande de nationalité française, vous devez fournir <MiseEnEvidence>un timbre fiscal électronique</MiseEnEvidence>.</Paragraphe></Texte></Introduction><Texte><BlocCas affichage="radio"><Cas><Titre>Vous habitez en France</Titre><Introduction><Paragraphe>Vous pouvez acheter un timbre fiscal électronique <MiseEnEvidence>en ligne</MiseEnEvidence> ou dans un <MiseEnEvidence>bureau de tabac</MiseEnEvidence>.</Paragraphe></Introduction><BlocCas affichage="radio"><Cas><Titre>En ligne</Titre><Paragraphe>Préparez votre <MiseEnEvidence>carte bancaire</MiseEnEvidence> pour faire la démarche en ligne.</Paragraphe><ServiceEnLigne ID="R52555" URL="https://timbres.impots.gouv.fr/index.jsp" audience="Particuliers" type="Téléservice"><Titre>Acheter en ligne un timbre fiscal pour une demande de nationalité française</Titre><Source ID="R30612">Ministère chargé des finances</Source></ServiceEnLigne><Paragraphe>Après réception de votre timbre, par courriel ou SMS, vous devez le <MiseEnEvidence>télécharger</MiseEnEvidence>.</Paragraphe><Paragraphe>Le timbre est à joindre à votre dossier de demande d'accès à la nationalité française.</Paragraphe><Paragraphe>Le timbre électronique est valable <MiseEnEvidence>1 an</MiseEnEvidence> à partir de sa date d'achat.</Paragraphe><Paragraphe>Pour éviter qu'il ne soit plus valide au moment du dépôt de votre demande, attendez d'avoir fini de préparer votre dossier avant de l'acheter.</Paragraphe><Paragraphe>Vous pouvez demander en ligne son remboursement dans les <MiseEnEvidence>18 mois</MiseEnEvidence> qui suivent son achat :</Paragraphe><ServiceEnLigne ID="R42969" URL="https://timbres.impots.gouv.fr/pages/remboursement/choixFormulaire.jsp#" audience="Particuliers" type="Téléservice"><Titre>Demander le remboursement d'un timbre électronique</Titre><Source ID="R30612">Ministère chargé des finances</Source><Introduction><Texte><Paragraphe>Préparez la référence de la transaction (indiquée sur le justificatif de paiement).</Paragraphe></Texte></Introduction></ServiceEnLigne></Cas><Cas><Titre>Dans un bureau de tabac</Titre><Paragraphe>Vous pouvez acheter un timbre fiscal électronique dans un bureau de tabac s'il est équipé de l'application <Expression>Point de vente agréé</Expression>.</Paragraphe><Paragraphe>Le timbre est à joindre à votre dossier de demande d'accès à la nationalité française.</Paragraphe><Paragraphe>Le timbre électronique est valable <MiseEnEvidence>1 an</MiseEnEvidence> à partir de sa date d'achat.</Paragraphe><Paragraphe>Pour éviter qu'il ne soit plus valide au moment du dépôt de votre demande, attendez d'avoir fini de préparer votre dossier avant de l'acheter.</Paragraphe><Paragraphe>Vous pouvez demander en ligne son remboursement dans les <MiseEnEvidence>18 mois</MiseEnEvidence> qui suivent son achat :</Paragraphe><ServiceEnLigne ID="R42969" URL="https://timbres.impots.gouv.fr/pages/remboursement/choixFormulaire.jsp#" audience="Particuliers" type="Téléservice"><Titre>Demander le remboursement d'un timbre électronique</Titre><Source ID="R30612">Ministère chargé des finances</Source><Introduction><Texte><Paragraphe>Préparez la référence de la transaction (indiquée sur le justificatif de paiement).</Paragraphe></Texte></Introduction></ServiceEnLigne></Cas></BlocCas></Cas><Cas><Titre>Vous habitez à l'étranger</Titre><Paragraphe>À l'étranger, vous n'avez pas de timbre fiscal à fournir.</Paragraphe><Paragraphe>Vous pouvez régler en espèces. Certains consulats acceptent aussi le paiement par carte bancaire, chèque ou virement. Consultez le site internet du consulat pour savoir comment payer.</Paragraphe><OuSAdresser ID="R2750" sve="non" type="Local personnalisable"><Titre>Ambassade ou consulat français à l'étranger</Titre><PivotLocal>ambassade_france_etranger</PivotLocal><RessourceWeb URL="https://www.diplomatie.gouv.fr/fr/le-ministere-et-son-reseau/annuaires-et-adresses-du-ministere-de-l-europe-et-des-affaires-etrangeres-meae/ambassades-et-consulats-francais-a-l-etranger/"/></OuSAdresser></Cas></BlocCas></Texte><QuiPeutMAider ID="R55753" sve="non" type="Local personnalisé sur SP"><Titre>France Services / Maison de services au public</Titre><PivotLocal>msap</PivotLocal><RessourceWeb URL="https://lannuaire.service-public.fr/navigation/msap"/></QuiPeutMAider><QuiPeutMAider ID="R49378" sve="non" type="Local personnalisé sur SP"><Titre>Point d'accueil numérique</Titre><PivotLocal>point_accueil_numérique</PivotLocal><RessourceWeb URL="https://lannuaire.service-public.fr/navigation/point_accueil_numerique"/></QuiPeutMAider><Reference type="Texte de référence" URL="https://www.legifrance.gouv.fr/codes/id/LEGISCTA000030062715/" ID="R55924"><Titre>Code général des impôts : articles 899 à 900 B</Titre><Complement>Timbre dématérialisé</Complement></Reference><ServiceEnLigne ID="R52555" URL="https://timbres.impots.gouv.fr/index.jsp" audience="Particuliers" type="Téléservice"><Titre>Acheter en ligne un timbre fiscal pour une demande de nationalité française</Titre><Source ID="R30612">Ministère chargé des finances</Source></ServiceEnLigne></Publication>