<?xml version="1.0" encoding="UTF-8"?><Publication xmlns:dc="http://purl.org/dc/elements/1.1/" xmlns:xsi="http://www.w3.org/2001/XMLSchema-instance" ID="F32967" type="Fiche Question-réponse conditionnée" xsi:noNamespaceSchemaLocation="../Schemas/3.4/Publication.xsd" spUrl="https://www.service-public.fr/particuliers/vosdroits/F32967"><dc:title>Hospitalisation du nouveau-né : quelles sont les conséquences sur le congé de maternité ?</dc:title><dc:creator>Direction de l'information légale et administrative</dc:creator><dc:subject>Travail - Formation</dc:subject><dc:description>Le congé de maternité peut être fractionné en cas d'hospitalisation prolongée de l'enfant au-delà de la 6ème semaine suivant sa naissance.</dc:description><dc:publisher>Direction de l'information légale et administrative</dc:publisher><dc:contributor>Direction de l'information légale et administrative (Premier ministre)</dc:contributor><dc:date>modified 2024-01-25</dc:date><dc:type>Question-réponse</dc:type><dc:format>text/xml</dc:format><dc:identifier>F32967</dc:identifier><dc:source>https://www.legifrance.gouv.fr/codes/id/LEGISCTA000006195592/, https://www.legifrance.gouv.fr/codes/id/LEGISCTA000006172598</dc:source><dc:language>Fr</dc:language><dc:relation>isPartOf N510</dc:relation><dc:coverage>France entière</dc:coverage><dc:rights>https://www.service-public.fr/a-propos/mentions-legales</dc:rights><SurTitre>Question-réponse</SurTitre><Audience>Particuliers</Audience><Canal>www.service-public.fr</Canal><FilDAriane><Niveau ID="Particuliers">Accueil particuliers</Niveau><Niveau ID="N19806">Travail - Formation</Niveau><Niveau ID="N510">Congés dans le secteur privé</Niveau><Niveau ID="F32967" type="Fiche Question-réponse conditionnée">Hospitalisation du nouveau-né : quelles sont les conséquences sur le congé de maternité ?</Niveau></FilDAriane><Theme ID="N19806"><Titre>Travail - Formation</Titre></Theme><SousThemePere ID="N19964">Congés</SousThemePere><DossierPere ID="N510"><Titre>Congés dans le secteur privé</Titre><SousDossier ID="N510-1"><Titre>Jours non travaillés</Titre><Fiche ID="F2258">Congés payés</Fiche><Fiche ID="F2405">Jours fériés et ponts</Fiche><Fiche ID="F34151">Réduction du temps de travail (RTT)</Fiche></SousDossier><SousDossier ID="N510-2"><Titre>Congés liés à l'arrivée d'un enfant</Titre><Fiche ID="F2265">Congé maternité</Fiche><Fiche ID="F3156">Congé de paternité et d'accueil de l'enfant</Fiche><Fiche ID="F35002">Congé en cas d'hospitalisation immédiate de l'enfant après sa naissance</Fiche><Fiche ID="F2268">Congé d'adoption</Fiche><Fiche ID="F2266">Congé de 3 jours pour naissance ou adoption</Fiche><Fiche ID="F2280">Congé parental à temps plein</Fiche></SousDossier><SousDossier ID="N510-3"><Titre>Congés pour maladie, handicap ou dépendance d'un membre de la famille</Titre><Fiche ID="F151">Congé pour enfant malade</Fiche><Fiche ID="F1631">Congé de présence parentale</Fiche><Fiche ID="F16920">Congé de proche aidant</Fiche><Fiche ID="F1767">Congé de solidarité familiale</Fiche><Fiche ID="F706">Allocation journalière d'accompagnement d'une personne en fin de vie</Fiche><Fiche ID="F34158">Survenue du handicap d'un enfant</Fiche><Fiche ID="F32112">Don de jours de repos pour enfant gravement malade</Fiche><Fiche ID="F35312">Don de jours de repos à un salarié dont l'enfant est décédé</Fiche></SousDossier><SousDossier ID="N510-4"><Titre>Exercice d'une autre activité</Titre><Fiche ID="F2382">Création ou reprise d'entreprise</Fiche><Fiche ID="F2310">Exercice d'un mandat politique local</Fiche></SousDossier><SousDossier ID="N510-5"><Titre>Congés spécifiques</Titre><Fiche ID="F34154">Mariage ou Pacs</Fiche><Fiche ID="F35134">Mariage de son enfant</Fiche><Fiche ID="F2278">Décès d'un membre de sa famille</Fiche><Fiche ID="F2381">Congé sabbatique</Fiche></SousDossier></DossierPere><Texte><Paragraphe>Si votre enfant reste hospitalisé au-delà de la <MiseEnEvidence>6<Exposant>è</Exposant> semaine</MiseEnEvidence> suivant sa naissance, vous pouvez, si vous le souhaitez, interrompre une partie de votre <LienInterne LienPublication="F2265" type="Fiche d'information conditionnée" audience="Particuliers">congé de maternité</LienInterne> postnatal (après l'accouchement).</Paragraphe><Paragraphe>Vous pouvez reprendre votre travail avant la date prévue et reporter les jours restant non pris de votre congé maternité postnatal à la fin de l'hospitalisation de votre enfant.</Paragraphe><Paragraphe>Ainsi, en reprenant votre travail après le <MiseEnEvidence>congé postnatal obligatoire de 6 semaines</MiseEnEvidence>, il vous restera :</Paragraphe><Liste type="puce"><Item><Paragraphe><MiseEnEvidence>4 semaines de congé postnatal</MiseEnEvidence> (s'il s'agit de votre 1<Exposant>er</Exposant> ou de votre 2<Exposant>e</Exposant> enfant, le congé postnatal ayant une durée maximale de <MiseEnEvidence>10 semaines</MiseEnEvidence>)</Paragraphe></Item><Item><Paragraphe>ou <MiseEnEvidence>12 semaines de congé postnatal</MiseEnEvidence> (s'il s'agit de votre 3<Exposant>e</Exposant> enfant, le congé postnatal ayant une durée maximale de <MiseEnEvidence>18 semaines</MiseEnEvidence>)</Paragraphe></Item></Liste><Paragraphe>Vous devez alors prévenir votre <LienInterne LienPublication="R15469" type="Sigle">CPAM</LienInterne> (ou la <LienInterne LienPublication="R59075" type="Sigle">MSA</LienInterne> si vous dépendez du régime agricole) de la date d'interruption de votre congé de maternité, de la date de reprise du congé postnatal et de sa durée faisant l'objet du report.</Paragraphe><Paragraphe>Vous devez transmettre une attestation justifiant de l'hospitalisation de votre enfant.</Paragraphe><OuSAdresser ID="R40" sve="non" type="Local personnalisé sur SP"><Titre>Caisse primaire d'assurance maladie (CPAM)</Titre><PivotLocal>cpam</PivotLocal><RessourceWeb URL="https://www.ameli.fr/assure/adresses-et-contacts"/><Source ID="R30675">Caisse nationale d'assurance maladie (Cnam)</Source></OuSAdresser><OuSAdresser ID="R39" sve="non" type="Local personnalisé sur SP"><Titre>Mutualité sociale agricole (MSA)</Titre><PivotLocal>msa</PivotLocal><RessourceWeb URL="https://www.msa.fr/lfy/web/msa/contact/coordonnees-msa"/><Source ID="R30660">Caisse centrale de la mutualité sociale agricole (MSA)</Source></OuSAdresser><ANoter><Titre>À noter</Titre><Paragraphe>Le report d'une partie du congé postnatal en cas d'hospitalisation de votre enfant au-delà de la <MiseEnEvidence>6e<Exposant/> semaine</MiseEnEvidence> suivant sa naissance ne peut pas vous être refusé. Vous touchez les <LienIntra LienID="R51445" type="Définition de glossaire">indemnités journalières</LienIntra>, dans les conditions habituelles, à la reprise de votre congé postnatal et durant toute sa durée.</Paragraphe></ANoter><Paragraphe>Vous devez également prévenir votre employeur de la date d'interruption de votre congé de maternité, de la date de votre retour dans l'entreprise et de la durée du congé postnatal faisant l'objet du report.</Paragraphe><Paragraphe>Vous devez lui transmettre une attestation justifiant de l'hospitalisation de votre enfant.</Paragraphe><ASavoir><Titre>À savoir</Titre><Paragraphe>Votre employeur ne peut pas vous refuser le report d'une partie du congé postnatal en cas d'hospitalisation de votre enfant au-delà de la <MiseEnEvidence>6e<Exposant/> semaine</MiseEnEvidence> suivant sa naissance. Votre percevez votre salaire dans les conditions habituelles durant la reprise de votre activité et durant toute sa durée.</Paragraphe></ASavoir></Texte><Reference type="Texte de référence" URL="https://www.legifrance.gouv.fr/codes/id/LEGISCTA000006195592/" ID="R40391"><Titre>Code du travail : articles L1225-16 à L1225-28</Titre><Complement>Article L1225-22</Complement></Reference><Reference type="Texte de référence" URL="https://www.legifrance.gouv.fr/codes/id/LEGISCTA000006172598" ID="R13202"><Titre>Code de la sécurité sociale : articles L331-3 à L331-7</Titre></Reference><Definition ID="R51445"><Titre>Indemnités journalières de sécurité sociale</Titre><Texte><Paragraphe>Versées par la sécurité sociale aux salariés en arrêt de travail maladie ou consécutif à un accident de travail ou maladie professionnelle. Elles font partie de la catégorie des <Expression>revenus de remplacement</Expression> et sont soumises aux cotisations CSG et CRDS à des taux particuliers.</Paragraphe></Texte></Definition><Abreviation ID="R15469" type="Sigle"><Titre>CPAM</Titre><Texte><Paragraphe>Caisse primaire d'assurance maladie</Paragraphe></Texte></Abreviation><Abreviation ID="R59075" type="Sigle"><Titre>MSA</Titre><Texte><Paragraphe>Mutualité sociale agricole</Paragraphe></Texte></Abreviation></Publication>