<?xml version="1.0" encoding="UTF-8"?><Publication xmlns:dc="http://purl.org/dc/elements/1.1/" xmlns:xsi="http://www.w3.org/2001/XMLSchema-instance" ID="F33352" type="Fiche Question-réponse conditionnée" xsi:noNamespaceSchemaLocation="../Schemas/3.4/Publication.xsd" dateDerniereModificationImportante="2018-04-27T00:00:00" spUrl="https://www.service-public.fr/particuliers/vosdroits/F33352"><dc:title>Comment savoir où en est votre demande de permis de conduire ?</dc:title><dc:creator>Direction de l'information légale et administrative</dc:creator><dc:subject>Transports - Mobilité</dc:subject><dc:description>Vous pouvez suivre en ligne votre demande de permis de conduire dans l'espace conducteur de votre compte ANTS</dc:description><dc:publisher>Direction de l'information légale et administrative</dc:publisher><dc:contributor>Direction de l'information légale et administrative (Premier ministre)</dc:contributor><dc:date>modified 2023-05-17</dc:date><dc:type>Question-réponse</dc:type><dc:format>text/xml</dc:format><dc:identifier>F33352</dc:identifier><dc:language>Fr</dc:language><dc:relation>isPartOf N530</dc:relation><dc:coverage>France entière</dc:coverage><dc:rights>https://www.service-public.fr/a-propos/mentions-legales</dc:rights><SurTitre>Question-réponse</SurTitre><Audience>Particuliers</Audience><Canal>www.service-public.fr</Canal><FilDAriane><Niveau ID="Particuliers">Accueil particuliers</Niveau><Niveau ID="N19812">Transports - Mobilité</Niveau><Niveau ID="N530">Permis de conduire</Niveau><Niveau ID="F33352" type="Fiche Question-réponse conditionnée">Comment savoir où en est votre demande de permis de conduire ?</Niveau></FilDAriane><Theme ID="N19812"><Titre>Transports - Mobilité</Titre></Theme><DossierPere ID="N530"><Titre>Permis de conduire</Titre><SousDossier ID="N530-1"><Titre>Attestation et brevet de sécurité routière</Titre><Fiche ID="F16511">Attestation de sécurité routière (ASR)</Fiche><Fiche ID="F16548">Attestation scolaire de sécurité routière (ASSR)</Fiche><Fiche ID="F2890">Brevet de sécurité routière (BSR), catégorie AM du permis de conduire</Fiche></SousDossier><SousDossier ID="N530-2"><Titre>Permis moto</Titre><Fiche ID="F2832">Permis A1 (permis 125 cm3)</Fiche><Fiche ID="F31083">Permis A2 (- de 35 kw)</Fiche><Fiche ID="F2830">Permis A (+ de 35 kw)</Fiche></SousDossier><SousDossier ID="N530-3"><Titre>Permis B (voiture ou quadricycle lourd)</Titre><Fiche ID="F2826">Apprentissage anticipé de la conduite à partir de 15 ans (AAC)</Fiche><Fiche ID="F10036">Conduite encadrée à partir de 16 ans</Fiche><Fiche ID="F21012">Conduite supervisée à partir de 18 ans</Fiche><Fiche ID="F2825">Permis B en candidat libre</Fiche><Fiche ID="F2828">Permis B : voiture ou camionnette</Fiche><Fiche ID="F2833">Permis B1 : quadricycle lourd à moteur</Fiche><Fiche ID="F2845">Permis BE : voiture + remorque de plus de 750 kg</Fiche></SousDossier><SousDossier ID="N530-4"><Titre>Permis pour le transport de marchandises et de personnes</Titre><Fiche ID="F2843">Permis C (+ de 3,5 t)</Fiche><Fiche ID="F2846">Permis CE (+ de 3,5 t avec remorque)</Fiche><Fiche ID="F31121">Permis C1 (entre 3,5 t et 7,5 t)</Fiche><Fiche ID="F31124">Permis C1E (entre 3,5 t et 7,5 t avec remorque)</Fiche><Fiche ID="F2844">Permis D (transport + de 8 passagers)</Fiche><Fiche ID="F2848">Permis DE (transport + 8 passagers avec remorque)</Fiche><Fiche ID="F31128">Permis D1 (transport de 16 passagers maximum)</Fiche><Fiche ID="F31129">Permis D1E (transport de 16 passagers maximum avec remorque)</Fiche></SousDossier><SousDossier ID="N530-5"><Titre>Perte, vol ou détérioration du permis de conduire</Titre><Fiche ID="F1450">Vol</Fiche><Fiche ID="F1727">Perte</Fiche><Fiche ID="F20109">Détérioration</Fiche></SousDossier><SousDossier ID="N530-6"><Titre>Contrôle médical</Titre><Fiche ID="F2686">Pour raison de santé</Fiche><Fiche ID="F1255">Pour un permis professionnel</Fiche></SousDossier></DossierPere><Texte><Paragraphe>Pour savoir où en est votre demande de permis de conduire, consultez votre <MiseEnEvidence>espace conducteur</MiseEnEvidence> à partir de votre <MiseEnEvidence>compte ANTS</MiseEnEvidence>.</Paragraphe><Paragraphe>Votre demande de permis s'affiche dans le <MiseEnEvidence>tableau de bord de vos demandes en cours</MiseEnEvidence>.</Paragraphe></Texte><VoirAussi important="non"><Dossier ID="N530" audience="Particuliers"><Titre>Permis de conduire</Titre><Theme ID="N19812"><Titre>Transports - Mobilité</Titre></Theme></Dossier><Fiche ID="F2828" audience="Particuliers"><Titre>Permis B : voiture ou camionnette</Titre><Theme ID="N19812"><Titre>Transports - Mobilité</Titre></Theme></Fiche></VoirAussi><QuiPeutMAider ID="R33823" sve="non" type="Centre de contact"><Titre>Agence nationale des titres sécurisés (ANTS) - Permis de conduire</Titre><Source ID="R30628">Agence nationale des titres sécurisés (ANTS)</Source><Texte><Chapitre><Titre><Paragraphe>En ligne</Paragraphe></Titre><Paragraphe><LienExterne URL="https://permisdeconduire.ants.gouv.fr/">https://permisdeconduire.ants.gouv.fr/</LienExterne></Paragraphe></Chapitre><Chapitre><Titre><Paragraphe>Par messagerie</Paragraphe></Titre><Paragraphe>Accès au <LienExterne URL="https://permisdeconduire.ants.gouv.fr/aide-et-contact">formulaire de contact</LienExterne></Paragraphe></Chapitre><Chapitre><Titre><Paragraphe>Par téléphone</Paragraphe></Titre><Paragraphe><MiseEnEvidence>34 00</MiseEnEvidence></Paragraphe><Paragraphe>Du lundi au vendredi de 7h45 à 19h et le samedi de 8h à 17h. Coût d'un appel local</Paragraphe><Paragraphe><MiseEnEvidence>09 70 83 07 07</MiseEnEvidence> depuis l'Outre-Mer et l'étranger</Paragraphe></Chapitre></Texte></QuiPeutMAider><ServiceEnLigne ID="R36427" selfPrincipal="true" URL="https://moncompte.ants.gouv.fr/connexion" audience="Particuliers" type="Téléservice"><Titre>Suivre l'avancement de votre demande de permis de conduire</Titre><Source ID="R30628">Agence nationale des titres sécurisés (ANTS)</Source></ServiceEnLigne><QuestionReponse ID="F34762" audience="Particuliers"><Titre>Demande en ligne de permis de conduire : comment être aidé dans la démarche ?</Titre></QuestionReponse><QuestionReponse ID="F17970" audience="Particuliers"><Titre>Solde du permis de conduire : comment connaître son nombre de points ?</Titre></QuestionReponse><QuestionReponse ID="F250" audience="Particuliers"><Titre>Faut-il demander un nouveau permis de conduire en cas de changement d'adresse ?</Titre></QuestionReponse><QuestionReponse ID="F173" audience="Particuliers"><Titre>Comment signaler une erreur sur votre permis de conduire ?</Titre></QuestionReponse><QuestionReponse ID="F16787" audience="Particuliers"><Titre>Après une opération des yeux, faut-il demander un nouveau permis de conduire ?</Titre></QuestionReponse><QuestionReponse ID="F20028" audience="Particuliers"><Titre>Comment faire ajouter une nouvelle catégorie sur votre permis de conduire ?</Titre></QuestionReponse><QuestionReponse ID="F16867" audience="Particuliers"><Titre>Doit-on changer son permis de conduire si la photo n'est plus ressemblante ?</Titre></QuestionReponse><QuestionReponse ID="F32927" audience="Particuliers"><Titre>Quelle amende en cas de non respect d'une restriction du permis de conduire (port de lunettes...) ?</Titre></QuestionReponse><QuestionReponse ID="F31674" audience="Particuliers"><Titre>Doit-on remplacer son permis de conduire rose cartonné par un nouveau modèle ?</Titre></QuestionReponse></Publication>