<?xml version="1.0" encoding="UTF-8"?><Publication xmlns:dc="http://purl.org/dc/elements/1.1/" xmlns:xsi="http://www.w3.org/2001/XMLSchema-instance" ID="F33367" type="Fiche d'information conditionnée" xsi:noNamespaceSchemaLocation="../Schemas/3.4/Publication.xsd" dateDerniereModificationImportante="2019-04-03T00:00:00" spUrl="https://www.service-public.fr/particuliers/vosdroits/F33367"><dc:title>Habilitation familiale</dc:title><dc:creator>Direction de l'information légale et administrative</dc:creator><dc:subject>Famille - Scolarité</dc:subject><dc:description>Vous souhaitez mettre en place une habilitation familiale pour assister ou représenter un proche qui n'est pas en mesure d'exprimer sa volonté au quotidien, de faire ou de comprendre les actes de la vie courante ? Nous vous présentons les informations à connaître.</dc:description><dc:publisher>Direction de l'information légale et administrative</dc:publisher><dc:contributor>Direction de l'information légale et administrative (Premier ministre)</dc:contributor><dc:date>modified 2023-06-02</dc:date><dc:type>Fiche pratique</dc:type><dc:format>text/xml</dc:format><dc:identifier>F33367</dc:identifier><dc:source>https://www.legifrance.gouv.fr/codes/id/LEGISCTA000031345518/</dc:source><dc:language>Fr</dc:language><dc:relation>isPartOf N155</dc:relation><dc:coverage>France entière</dc:coverage><dc:rights>https://www.service-public.fr/a-propos/mentions-legales</dc:rights><SurTitre>Fiche pratique</SurTitre><Audience>Particuliers</Audience><Canal>www.service-public.fr</Canal><FilDAriane><Niveau ID="Particuliers">Accueil particuliers</Niveau><Niveau ID="N19805">Famille - Scolarité</Niveau><Niveau ID="N155">Protection juridique (tutelle, curatelle...)</Niveau><Niveau ID="F33367" type="Fiche d'information conditionnée">Habilitation familiale</Niveau></FilDAriane><Theme ID="N19805"><Titre>Famille - Scolarité</Titre></Theme><SousThemePere ID="N20091">Protection des personnes</SousThemePere><DossierPere ID="N155"><Titre>Protection juridique (tutelle, curatelle...)</Titre><Fiche ID="F2120">Tutelle</Fiche><Fiche ID="F2094">Curatelle</Fiche><Fiche ID="F2075">Sauvegarde de justice</Fiche><Fiche ID="F34327">Habilitation du conjoint</Fiche><Fiche ID="F33367">Habilitation familiale</Fiche><Fiche ID="F1336">Mesure d'accompagnement (Masp ou Maj)</Fiche><Fiche ID="F16670">Mandat de protection future</Fiche></DossierPere><Introduction><Texte><Paragraphe>Vous souhaitez mettre en place une habilitation familiale pour assister ou représenter un proche qui n'est pas en mesure d'exprimer sa volonté au quotidien, de faire ou de comprendre les actes de la vie courante ? Nous vous présentons les informations à connaître.</Paragraphe></Texte></Introduction><Texte><Chapitre><Titre><Paragraphe>Qu'est-ce que l'habilitation familiale ?</Paragraphe></Titre><Paragraphe>L'habilitation familiale permet à un proche (parent, enfant, grand-parent, frère, sœur, époux(se), concubin(e), partenaire de Pacs) de <MiseEnEvidence>représenter</MiseEnEvidence> ou<MiseEnEvidence> d'assister</MiseEnEvidence> une personne pour assurer la sauvegarde de ses intérêts.</Paragraphe><Paragraphe>Cette habilitation est mise en place lorsque la <MiseEnEvidence>personne n'est pas en mesure d'exprimer sa volonté au quotidien</MiseEnEvidence>, de faire ou de comprendre les actes de la vie courante.</Paragraphe><Paragraphe>L'habilitation familiale est ordonnée par le juge <MiseEnEvidence>uniquement en cas de nécessité</MiseEnEvidence>, lorsque les représentations habituelles (procuration, <LienInterne LienPublication="F16670" type="Fiche d'information conditionnée" audience="Particuliers">mandat de protection future</LienInterne>, régime matrimonial, par exemple) ne permettent pas suffisamment de protéger les intérêts de la personne.</Paragraphe><Paragraphe>L'habilitation familiale peut être <MiseEnEvidence>générale</MiseEnEvidence> ou <MiseEnEvidence>limitée à certains actes</MiseEnEvidence>.</Paragraphe><ASavoir><Titre>À savoir</Titre><Paragraphe>L'habilitation familiale ne met pas fin aux <LienInterne LienPublication="F1474" type="Fiche Question-réponse conditionnée" audience="Particuliers">procurations délivrées</LienInterne> par la personne à protéger avant le jugement.</Paragraphe></ASavoir><Paragraphe>A la différence de la <LienInterne LienPublication="F2075" type="Fiche d'information conditionnée" audience="Particuliers">sauvegarde de justice</LienInterne>, de la <LienInterne LienPublication="F2094" type="Fiche d'information conditionnée" audience="Particuliers">curatelle</LienInterne> ou de la <LienInterne LienPublication="F2120" type="Fiche d'information conditionnée" audience="Particuliers">tutelle</LienInterne>, une fois l'habilitation familiale délivrée, il n'y a plus, en général, de contrôle par le juge. Celui-ci peut néanmoins être forcé d'intervenir, par exemple, en cas de conflit entre la personne habilitée et la personne protégée dans le cadre d'une succession où elles ont des intérêts communs.</Paragraphe></Chapitre><Chapitre><Titre><Paragraphe>Quelles sont les personnes à protéger ?</Paragraphe></Titre><Paragraphe>Il s'agit de toute personne qui n'est plus en capacité de protéger ses intérêts en raison d'une dégradation, médicalement constatée, que ce soit de ses facultés mentales ou de ses facultés corporelles. Il peut s'agir, par exemple, d'une personne en situation de handicap qui l'empêcher d'exprimer sa volonté, atteinte d'une maladie telle que Alzheimer...</Paragraphe></Chapitre><Chapitre><Titre><Paragraphe>Quelles sont les personnes qui peuvent être habilitées ?</Paragraphe></Titre><Paragraphe>Les proches pouvant être habilités sont :</Paragraphe><Liste type="puce"><Item><Paragraphe>Parent, grand-parent, arrière grand-parent</Paragraphe></Item><Item><Paragraphe>Enfant, petit-enfant, arrière petit-enfant</Paragraphe></Item><Item><Paragraphe>Frère, sœur</Paragraphe></Item><Item><Paragraphe>Époux(se)</Paragraphe></Item><Item><Paragraphe>Partenaire de Pacs</Paragraphe></Item><Item><Paragraphe>Concubin(e)</Paragraphe></Item></Liste><ANoter><Titre>À noter</Titre><Paragraphe>un neveu, une nièce, un beau-frère, une belle-soeur, un gendre, une belle-fille <MiseEnEvidence>ne peuvent pas</MiseEnEvidence> être habilités.</Paragraphe></ANoter><Paragraphe>Plusieurs personnes d'une même famille peuvent être habilitées. Leurs missions sont alors déterminées par le juge.</Paragraphe><ASavoir><Titre>À savoir</Titre><Paragraphe>La personne habilitée exerce sa mission à titre <MiseEnEvidence>gratuit.</MiseEnEvidence></Paragraphe></ASavoir></Chapitre><Chapitre><Titre><Paragraphe>Qui peut demander la mise en place de l'habilitation familiale ?</Paragraphe></Titre><Paragraphe>La demande aux fins de désignation d'une personne habilitée peut être faite par :</Paragraphe><Liste type="puce"><Item><Paragraphe>Personne à protéger</Paragraphe></Item><Item><Paragraphe>Une des personnes qui peuvent être habilitées</Paragraphe></Item><Item><Paragraphe>Procureur de la République.</Paragraphe></Item></Liste></Chapitre><Chapitre><Titre><Paragraphe>Comment est mise en place l'habilitation familiale ?</Paragraphe></Titre><SousChapitre><Titre><Paragraphe>Certificat médical</Paragraphe></Titre><Paragraphe>Pour demander une habilitation familiale, il faut obtenir un <LienInterne LienPublication="F21667" type="Fiche Question-réponse conditionnée" audience="Particuliers">certificat médical circonstancié</LienInterne> auprès d'un médecin choisi sur une liste établie par le procureur de la République.</Paragraphe><Paragraphe>Ce médecin peut solliciter l'avis du médecin traitant de la personne à protéger.</Paragraphe><Paragraphe>La liste des médecins compétents peut être obtenue auprès du tribunal du <MiseEnEvidence>domicile de la personne à protéger</MiseEnEvidence> auprès du greffe du juge des contentieux de la protection (ancien juge des tutelles).</Paragraphe><OuSAdresser ID="R30" sve="non" type="Local"><Titre>Tribunal judiciaire</Titre><RessourceWeb URL="http://www.annuaires.justice.gouv.fr/"/><Source ID="R30663">Ministère chargé de la justice</Source></OuSAdresser><ASavoir><Titre>À savoir</Titre><Paragraphe>certains tribunaux diffusent la liste des médecins habilités sur leur site.</Paragraphe></ASavoir></SousChapitre><SousChapitre><Titre><Paragraphe>Demande au juge des contentieux de la protection (ancien juge des tutelles)</Paragraphe></Titre><Paragraphe>La demande se fait auprès du juge, directement ou par le biais du procureur de la République qui a lui-même été sollicité par un médecin.</Paragraphe><Paragraphe>La demande doit <MiseEnEvidence>obligatoirement</MiseEnEvidence> comporter les pièces suivantes :</Paragraphe><Liste type="puce"><Item><Paragraphe><LienInterne LienPublication="F1427" type="Fiche d'information conditionnée" audience="Particuliers">Copie intégrale de l'acte de naissance</LienInterne> de la personne à protéger, datant de moins de 3 mois</Paragraphe></Item><Item><Paragraphe>Copie (recto-verso) d’un justificatif d'identité de la personne à protéger, comportant son nom, prénom, date et lieu de naissance, une photographie et sa signature et l'identification de l'autorité qui a délivré le document, la date et le lieu de délivrance</Paragraphe></Item><Item><Paragraphe>Copie (recto-verso) d’un justificatif d’identité de la personne qui demande l'habilitation familiale, comportant son nom, prénom, date et lieu de naissance, une photographie et sa signature et l'identification de l'autorité qui a délivré le document, la date et le lieu de délivrance</Paragraphe></Item><Item><Paragraphe><LienInterne LienPublication="F21667" type="Fiche Question-réponse conditionnée" audience="Particuliers">Certificat médical circonstancié</LienInterne></Paragraphe></Item><Item><Paragraphe>Formulaire de demande rempli (<LienInterne LienPublication="R50473" type="Formulaire" audience="Particuliers">cerfa n°15891</LienInterne>).</Paragraphe></Item></Liste><Paragraphe><MiseEnEvidence>Selon la situation</MiseEnEvidence>, les pièces suivantes sont à joindre :</Paragraphe><Liste type="puce"><Item><Paragraphe>Copie du contrat de mariage ou de la convention de Pacs de la personne à protéger</Paragraphe></Item><Item><Paragraphe>Copie du livret de famille de la personne à protéger</Paragraphe></Item><Item><Paragraphe>Certificat médical établi par un médecin inscrit sur la liste du procureur de la République attestant l'impossibilité pour l’intéressée de s'entretenir avec le juge</Paragraphe></Item><Item><Paragraphe>Copie de la pièce d’identité et copie de la domiciliation de la personne désireuse de remplir les fonctions de personne habilitée</Paragraphe></Item><Item><Paragraphe>Lettres des membres de la famille acceptant cette nomination</Paragraphe></Item><Item><Paragraphe>En cas de volonté de vendre un bien immobilier, au moins 2 avis de valeur de ce bien</Paragraphe></Item></Liste><Paragraphe>Un modèle de lettre est disponible :</Paragraphe><ServiceEnLigne ID="R54517" audience="Particuliers" type="Modèle de document"><Titre>Modèle d'acceptation des membres de la famille acceptant l'habilitation ou la nomination du tuteur ou curateur</Titre><Source ID="R30608">Direction de l'information légale et administrative (Dila) - Premier ministre</Source></ServiceEnLigne><Paragraphe>Le dossier doit être transmis au juge des contentieux de la protection auprès du tribunal du<MiseEnEvidence> domicile de la personne à protéger.</MiseEnEvidence></Paragraphe></SousChapitre><SousChapitre><Titre><Paragraphe>Instruction de la demande</Paragraphe></Titre><Paragraphe>Le juge auditionne la personne à protéger et examine la demande (appelée <Expression>requête</Expression>).</Paragraphe><Paragraphe>Toutefois, le juge peut, en justifiant sa décision et sur avis du médecin qui a examiné la personne à protéger, décider qu'il n'y a pas lieu de procéder à son audition si cela risque de porter atteinte à sa santé ou si elle n'est pas en capacité de s'exprimer.</Paragraphe><Paragraphe>Le juge s'assure que les proches (dont il connaît l'existence au moment où il rend sa décision) sont<MiseEnEvidence> d'accord avec la mesure</MiseEnEvidence> ou, au moins,<MiseEnEvidence> ne s'y opposent pas</MiseEnEvidence>. Le juge doit également obtenir l'accord de la personne à protéger.</Paragraphe><ASavoir><Titre>À savoir</Titre><Paragraphe>L'assistance d'un avocat à l'audience est facultative.</Paragraphe></ASavoir></SousChapitre><SousChapitre><Titre><Paragraphe>Décision du juge</Paragraphe></Titre><Paragraphe>Le juge se prononce sur le choix de la ou des personne(s) habilitée(s), l'étendue et la durée de l'habilitation. Il doit préciser s'il confie au proche habilité une mission de représentation (c'est-à-dire de prise de décision selon le souhait et l'intérêt de la personne à protéger) ou d'assistance (c'est-à-dire de conseil).</Paragraphe><Paragraphe>Pour ce faire, il vérifie que son choix est conforme aux intérêts patrimoniaux (biens immobiliers, argent placé, actions...) et personnels de la personne à protéger.</Paragraphe><Paragraphe>Le juge peut, à tout moment, remplacer une mesure de protection judiciaire (<LienInterne LienPublication="F2075" type="Fiche d'information conditionnée" audience="Particuliers">sauvegarde de justice</LienInterne>, <LienInterne LienPublication="F2094" type="Fiche d'information conditionnée" audience="Particuliers">curatelle</LienInterne> ou  <LienInterne LienPublication="F2120" type="Fiche d'information conditionnée" audience="Particuliers">tutelle</LienInterne>) par une mesure d'habilitation familiale après avoir recueilli l'avis de la personne chargée de la mesure de protection (mandataire, <LienIntra LienID="R60562" type="Définition de glossaire">curateur</LienIntra>, <LienIntra LienID="R38682" type="Définition de glossaire">tuteur</LienIntra>). Ce remplacement peut intervenir si les conditions de l'habilitation familiale (accord de la personne à protéger, adhésion des proches, capacité juridique de la personne qui va être habilitée) sont réunies.</Paragraphe><Paragraphe>Le juge peut aussi estimer que l'habilitation familiale sollicitée n'est pas adaptée pour assurer la protection de la personne et ordonner une <LienInterne LienPublication="F2075" type="Fiche d'information conditionnée" audience="Particuliers">sauvegarde de justice</LienInterne>, une <LienInterne LienPublication="F2094" type="Fiche d'information conditionnée" audience="Particuliers">curatelle</LienInterne> ou  une <LienInterne LienPublication="F2120" type="Fiche d'information conditionnée" audience="Particuliers">tutelle</LienInterne>.</Paragraphe><ASavoir><Titre>À savoir</Titre><Paragraphe>l'habilitation familiale par représentation ou assistance ne peut pas être cumulée ou combinée avec une mesure de tutelle ou de curatelle.</Paragraphe></ASavoir><Paragraphe>Le jugement qui accorde <MiseEnEvidence>l'habilitation générale</MiseEnEvidence> fait l'objet d'une mention en marge de l'acte de naissance.</Paragraphe></SousChapitre><SousChapitre><Titre><Paragraphe>Appel de la décision</Paragraphe></Titre><Paragraphe>Il est possible de faire appel de la décision d'habilitation dans les <MiseEnEvidence>15 jours</MiseEnEvidence> qui suivent sa <LienIntra LienID="R14732" type="Définition de glossaire">notification</LienIntra>. Celui-ci peut être fait par :</Paragraphe><Liste type="puce"><Item><Paragraphe>Personne à protéger</Paragraphe></Item><Item><Paragraphe>Personne habilitée</Paragraphe></Item><Item><Paragraphe>Membre de la famille (restreinte) de la personne à protéger c'est-à-dire un <LienIntra LienID="R12668" type="Définition de glossaire">ascendant</LienIntra>, un <LienIntra LienID="R12574" type="Définition de glossaire">descendant</LienIntra>, frère, soeur, conjoint, partenaire de PACS, concubin.</Paragraphe></Item></Liste><ASavoir><Titre>À savoir</Titre><Paragraphe>L'assistance d'un avocat est facultative.</Paragraphe></ASavoir></SousChapitre></Chapitre><Chapitre><Titre><Paragraphe>Quelles sont les effets de l'habilitation familiale ?</Paragraphe></Titre><Paragraphe>L'habilitation familiale peut être générale ou limitée à certains actes.</Paragraphe><BlocCas affichage="radio"><Cas><Titre>Habilitation générale</Titre><Paragraphe>Si l'intérêt de la personne à protéger l'exige, le juge peut décider que l'habilitation soit générale. L'habilitation permet à celui qui représente la personne d'agir en son nom.</Paragraphe><Paragraphe>La personne qui se voit confier l'habilitation générale peut ainsi accomplir <MiseEnEvidence>l'ensemble des actes</MiseEnEvidence> : <LienIntra LienID="R38576" type="Définition de glossaire">actes d'administration</LienIntra> (entretien d'un bien immobilier, suivi d'un compte bancaire...) et <LienIntra LienID="R15441" type="Définition de glossaire">de disposition des biens</LienIntra> (vente d'une maison, d'un immeuble...). Il agit au nom de la personne protégée.</Paragraphe><Paragraphe>En principe, la personne habilitée <MiseEnEvidence>dans le cadre d'une habilitation générale</MiseEnEvidence> ne peut pas accomplir un acte pour lequel elle est en opposition d'intérêts avec la personne protégée. Toutefois, à titre exceptionnel, le juge peut l'autoriser parce que l'intérêt de la personne protégée l'impose.</Paragraphe><ASavoir><Titre>À savoir</Titre><Paragraphe>concernant les comptes et les livrets bancaires de la personne protégée, sauf décision contraire du juge, la personne habilitée peut librement en ouvrir d'autres, les clôturer ou les modifier.</Paragraphe></ASavoir><Paragraphe>Le juge fixe la durée de l'habilitation. Toutefois, elle ne peut pas dépasser <MiseEnEvidence>10 ans</MiseEnEvidence>. Il peut <MiseEnEvidence>renouveler l'habilitation</MiseEnEvidence> pour une même durée au vu d'un certificat médical circonstancié.</Paragraphe><Paragraphe>Lorsque l'amélioration de l'état de santé de la personne à protéger ne peut pas être envisagée, le juge a la possibilité de renouveler la mesure pour une durée plus longue n'excédant pas <MiseEnEvidence>20 ans</MiseEnEvidence>. Dans ce cas, sa décision doit être motivée et prise en fonction de l'avis conforme d'un médecin inscrit.</Paragraphe><ANoter><Titre>À noter</Titre><Paragraphe>l'habilitation familiale à portée générale fait l'objet d'une mention <LienInterne LienPublication="F1429" type="Fiche Question-réponse conditionnée" audience="Particuliers">en marge de l'acte de naissance</LienInterne> de la personne protégée.</Paragraphe></ANoter></Cas><Cas><Titre>Habilitation limitée à un ou plusieurs actes</Titre><Paragraphe>L'habilitation peut porter sur les actes suivants :</Paragraphe><Liste type="puce"><Item><Paragraphe><LienIntra LienID="R38576" type="Définition de glossaire">Actes d'administration</LienIntra> (entretien d'un bien immobilier, suivi d'un compte bancaire...)</Paragraphe></Item><Item><Paragraphe><LienIntra LienID="R15441" type="Définition de glossaire">Actes de disposition des biens</LienIntra> (vente d'une maison, d'un immeuble...). Les actes de disposition à titre gratuit (donations) peuvent être accomplis <MiseEnEvidence>uniquement</MiseEnEvidence> avec l'autorisation du juge des contentieux de la protection.</Paragraphe></Item><Item><Paragraphe>Actes concernant la personne elle-même (décider d'une opération médicale, d'un mariage...)</Paragraphe></Item></Liste><Paragraphe>La personne protégée peut continuer à accomplir les actes qui ne sont pas confiés à la personne habilitée.</Paragraphe></Cas></BlocCas></Chapitre><Chapitre><Titre><Paragraphe>Quels sont les actes qui doivent être autorisés par le juge ?</Paragraphe></Titre><Paragraphe>L'autorisation du juge des contentieux de la protection (ancien juge des tutelles) est requise pour les actes suivants :</Paragraphe><Liste type="puce"><Item><Paragraphe><LienIntra LienID="R15441" type="Définition de glossaire">Acte de disposition</LienIntra> à titre gratuit (exemple : projet de donation)</Paragraphe></Item><Item><Paragraphe>Renonciation à une succession déficitaire</Paragraphe></Item><Item><Paragraphe>Dispositions à prendre (vente, location...) sur le logement de la personne protégée</Paragraphe></Item><Item><Paragraphe>Conflit d'intérêt sur un acte entre la personne habilitée et la personne à protéger. Tel peut être le cas lors d'une succession par exemple lorsque la personne qui bénéficie de l'habilitation a également la qualité d'héritier</Paragraphe></Item><Item><Paragraphe>Acte portant gravement atteinte à l'intimité de la vie privée</Paragraphe></Item><Item><Paragraphe>Annulation ou révision d'un acte pris, par la personne protégée elle-même, contraire à ses intérêts</Paragraphe></Item></Liste></Chapitre><Chapitre><Titre><Paragraphe>Quels sont les actes interdits dans le cadre de l'habilitation familiale ?</Paragraphe></Titre><Paragraphe>Seuls quelques actes sont strictement interdits. Ceux-ci diffèrent selon la personne qui les établit.</Paragraphe><BlocCas affichage="radio"><Cas><Titre>Actes interdits à la personne habilitée </Titre><Liste type="puce"><Item><Paragraphe>Acquérir ou louer à titre personnel des biens appartenant à la personne protégée</Paragraphe></Item><Item><Paragraphe>Réaliser des opérations commerciales, en son nom, à partir des biens de la personne protégée</Paragraphe></Item><Item><Paragraphe><MiseEnEvidence/><MiseEnEvidence><MiseEnEvidence/><MiseEnEvidence/></MiseEnEvidence>Renoncer à un <LienInterne LienPublication="F2762" type="Fiche Question-réponse conditionnée" audience="Particuliers">droit en viager</LienInterne> de la personne protégée ou sa cession</Paragraphe></Item><Item><Paragraphe>Souscrire un <LienIntra LienID="R59839" type="Définition de glossaire">acte de caution </LienIntra>qui engage la personne protégée</Paragraphe></Item><Item><Paragraphe>Souscrire un contrat d'assurance en cas de décès</Paragraphe></Item></Liste><ANoter><Titre>À noter</Titre><Paragraphe>Si la personne habilitée accomplit seule un acte n'entrant pas dans le champ de l'habilitation ou qui ne pouvait être accompli qu'avec l'autorisation du juge, l'acte est nul sans qu'il soit nécessaire de justifier d'un préjudice.</Paragraphe></ANoter></Cas><Cas><Titre>Actes interdits à la personne protégée </Titre><Liste type="puce"><Item><Paragraphe>Rédiger un <LienInterne LienPublication="F16670" type="Fiche d'information conditionnée" audience="Particuliers">mandat de protection future</LienInterne> pour soi-même ou pour quelqu'un d'autre</Paragraphe></Item><Item><Paragraphe>Etablir, sur ses comptes bancaires, une procuration pour une autre personne</Paragraphe></Item><Item><Paragraphe>Conclure seule des <LienIntra LienID="R15441" type="Définition de glossaire">actes de disposition </LienIntra>ou <LienIntra LienID="R38576" type="Définition de glossaire">d'administration</LienIntra></Paragraphe></Item></Liste><ANoter><Titre>À noter</Titre><Paragraphe>Si la personne protégé a passé seule un acte dont l'accomplissement a été confié à la personne habilitée, l'acte est nul sans qu'il soit nécessaire de justifier d'un préjudice.</Paragraphe></ANoter></Cas></BlocCas></Chapitre><Chapitre><Titre><Paragraphe>Quand prend fin la mesure d'habilitation familiale ?</Paragraphe></Titre><Paragraphe>L'habilitation familiale prend fin dans les situations suivantes :</Paragraphe><Liste type="puce"><Item><Paragraphe>Décès de la personne protégée</Paragraphe></Item><Item><Paragraphe>Placement de la personne protégée sous <LienInterne LienPublication="F2075" type="Fiche d'information conditionnée" audience="Particuliers">sauvegarde de justice</LienInterne>, sous <LienInterne LienPublication="F2094" type="Fiche d'information conditionnée" audience="Particuliers">curatelle</LienInterne> ou sous <LienInterne LienPublication="F2120" type="Fiche d'information conditionnée" audience="Particuliers">tutelle</LienInterne></Paragraphe></Item><Item><Paragraphe>Jugement définitif supprimant l'habilitation (mainlevée) prononcé par le juge à la demande de la personne protégée, de l'un des proches de la personne protégée ou du procureur de la République. C'est le cas lorsque les conditions de l'habilitation ne sont plus réunies ou que l'habilitation familiale porte atteinte aux intérêts de la personne protégée</Paragraphe></Item><Item><Paragraphe>À l'expiration du délai fixé, en cas de non-renouvellement de l'habilitation</Paragraphe></Item><Item><Paragraphe>Après l'accomplissement des actes pour lesquels l'habilitation limitée avait été donnée</Paragraphe></Item></Liste></Chapitre></Texte><VoirAussi important="non"><Dossier ID="N155" audience="Particuliers"><Titre>Protection juridique (tutelle, curatelle...)</Titre><Theme ID="N19805"><Titre>Famille - Scolarité</Titre></Theme></Dossier></VoirAussi><QuiPeutMAider ID="R11621" sve="non" type="Local personnalisé sur SP"><Titre>Maison de justice et du droit</Titre><PivotLocal>mjd</PivotLocal><RessourceWeb URL="http://www.annuaires.justice.gouv.fr/lieux-dacces-aux-droits-10111/"/><Source ID="R30663">Ministère chargé de la justice</Source></QuiPeutMAider><QuiPeutMAider ID="R34" sve="non" type="Local personnalisable"><Titre>Permanence juridique</Titre><PivotLocal>permanence_juridique</PivotLocal><RessourceWeb URL="http://www.annuaires.justice.gouv.fr/annuaires-12162/annuaire-des-permanences-juridiques-21770.html"/><Source ID="R30663">Ministère chargé de la justice</Source></QuiPeutMAider><QuiPeutMAider ID="R55600" sve="non" type="Local"><Titre>Mandataire judiciaire</Titre><RessourceWeb URL="https://www.chambre-mjpm.fr/annuaire-mandataires"/></QuiPeutMAider><QuiPeutMAider ID="R14218" sve="non" type="Local personnalisable"><Titre>Avocat</Titre><PivotLocal>avocat_conseil_national</PivotLocal><RessourceWeb URL="https://www.cnb.avocat.fr/annuaire-des-avocats-de-france"/><Source ID="R30762">Conseil national des barreaux</Source></QuiPeutMAider><QuiPeutMAider ID="R18478" sve="non" type="Local personnalisable"><Titre>Notaire</Titre><PivotLocal>notaire</PivotLocal><RessourceWeb URL="https://www.notaires.fr/fr/directory"/><Source ID="R64485">Conseil supérieur du notariat</Source></QuiPeutMAider><QuiPeutMAider ID="R17898" sve="non" type="Local personnalisable"><Titre>Médecin</Titre><PivotLocal>medecin</PivotLocal><RessourceWeb URL="http://annuairesante.ameli.fr/"/></QuiPeutMAider><Reference type="Texte de référence" URL="https://www.legifrance.gouv.fr/codes/id/LEGISCTA000031345518/" ID="R42472"><Titre>Code civil : articles 494-1 à 494-12</Titre><Complement>Effets de l'habilitation</Complement></Reference><ServiceEnLigne ID="R50473" URL="https://www.service-public.fr/simulateur/calcul/15891" audience="Particuliers" numerocerfa="15891*03" type="Formulaire"><Titre>Requête en vue d'une protection juridique d'un majeur (habilitation familiale ou protection judiciaire)</Titre><Source ID="R30663">Ministère chargé de la justice</Source><NoticeLiee ID="R50474" URL="https://www.formulaires.service-public.fr/gf/getNotice.do?cerfaNotice=52257&amp;cerfaFormulaire=15891" type="Notice" numerocerfa="52257#03" format="application/pdf" poids="212.4 KB">Notice - Requête en vue d'une protection juridique d'un majeur (habilitation familiale ou protection judiciaire)</NoticeLiee></ServiceEnLigne><ServiceEnLigne ID="R54517" audience="Particuliers" type="Modèle de document"><Titre>Modèle d'acceptation des membres de la famille acceptant l'habilitation ou la nomination du tuteur ou curateur</Titre><Source ID="R30608">Direction de l'information légale et administrative (Dila) - Premier ministre</Source></ServiceEnLigne><Definition ID="R60562"><Titre>Curateur</Titre><Texte><Paragraphe>Personne désignée par la justice pour accompagner une personne majeure dans l'accomplissement de certains actes de la vie civile</Paragraphe></Texte></Definition><Definition ID="R38682"><Titre>Tuteur</Titre><Texte><Paragraphe>Personne désignée pour exercer une mesure de protection d'un majeur ou d'un mineur (par exemple : le représenter dans les actes de la vie courante, gérer ses biens)</Paragraphe></Texte></Definition><Definition ID="R14732"><Titre>Notification</Titre><Texte><Paragraphe>Formalité par laquelle un acte de procédure ou une décision est porté à la connaissance d’une personne</Paragraphe></Texte></Definition><Definition ID="R12668"><Titre>Ascendant</Titre><Texte><Paragraphe>Personne dont on est issu : parent, grand-parent, arrière-grand-parent,...</Paragraphe></Texte></Definition><Definition ID="R12574"><Titre>Descendant</Titre><Texte><Paragraphe>Enfant, petit-enfant, arrière petit-enfant</Paragraphe></Texte></Definition><Definition ID="R38576"><Titre>Acte d'administration</Titre><Texte><Paragraphe>Acte de gestion courante. Par exemple : conclusion d'un bail d'habitation ou ouverture d'un compte de dépôt. Il s'oppose aux actes de vente, de cession gratuite, de perte ou de destruction.</Paragraphe></Texte></Definition><Definition ID="R15441"><Titre>Acte de disposition</Titre><Texte><Paragraphe>Acte qui engage le patrimoine d'une personne, pour le présent ou l'avenir (exemples : vente d'un immeuble, conclusion d'un emprunt, donation). Il entraîne une transmission de droits qui peut diminuer la valeur du patrimoine.</Paragraphe></Texte></Definition><Definition ID="R59839"><Titre>Caution</Titre><Texte><Paragraphe>Engagement à rembourser une dette (loyer, échéance de prêt...) à la place du débiteur si celui-ci ne la paie pas</Paragraphe></Texte></Definition><QuestionReponse ID="F21667" audience="Particuliers"><Titre>Tutelle, curatelle, sauvegarde de justice : comment obtenir le certificat médical ?</Titre></QuestionReponse></Publication>