<?xml version="1.0" encoding="UTF-8"?><Publication xmlns:dc="http://purl.org/dc/elements/1.1/" xmlns:xsi="http://www.w3.org/2001/XMLSchema-instance" ID="F33312" type="Fiche d'information conditionnée" xsi:noNamespaceSchemaLocation="../Schemas/3.4/Publication.xsd" dateDerniereModificationImportante="2021-02-09T00:00:00" spUrl="https://www.service-public.fr/particuliers/vosdroits/F33312"><dc:title>Envoyer une demande à l'administration par mail ou internet</dc:title><dc:creator>Direction de l'information légale et administrative</dc:creator><dc:subject>Papiers - Citoyenneté - Élections</dc:subject><dc:description>Vous avez envoyé une demande par mail ou par internet à une administration (mairie, préfecture...) et vous vous demandez si elle l'a bien reçue ? Vous n'êtes pas sûr d'avoir envoyé votre demande au bon service ? Vous voulez savoir quand vous aurez une réponse ? Cette page indique les règles qu'une administration doit respecter lorsqu'elle reçoit et étudie votre demande.</dc:description><dc:publisher>Direction de l'information légale et administrative</dc:publisher><dc:contributor>Direction de l'information légale et administrative (Premier ministre)</dc:contributor><dc:date>modified 2022-01-27</dc:date><dc:type>Fiche pratique</dc:type><dc:format>text/xml</dc:format><dc:identifier>F33312</dc:identifier><dc:source>https://www.legifrance.gouv.fr/codes/section_lc/LEGITEXT000031366350/LEGISCTA000031367316, https://www.legifrance.gouv.fr/codes/id/LEGISCTA000031367346/, https://www.legifrance.gouv.fr/codes/section_lc/LEGITEXT000031366350/LEGISCTA000031367356/#LEGISCTA000031367356, https://www.legifrance.gouv.fr/codes/section_lc/LEGITEXT000031366350/LEGISCTA000031367363/#LEGISCTA000031367363, https://www.legifrance.gouv.fr/codes/section_lc/LEGITEXT000031366350/LEGISCTA000031367367/#LEGISCTA000031367367, https://www.legifrance.gouv.fr/codes/section_lc/LEGITEXT000031366350/LEGISCTA000031367392, https://www.legifrance.gouv.fr/codes/section_lc/LEGITEXT000031366350/LEGISCTA000031367400, https://www.legifrance.gouv.fr/loda/id/JORFTEXT000000636232/</dc:source><dc:language>Fr</dc:language><dc:relation>isPartOf N559</dc:relation><dc:coverage>France entière</dc:coverage><dc:rights>https://www.service-public.fr/a-propos/mentions-legales</dc:rights><SurTitre>Fiche pratique</SurTitre><Audience>Particuliers</Audience><Canal>www.service-public.fr</Canal><FilDAriane><Niveau ID="Particuliers">Accueil particuliers</Niveau><Niveau ID="N19810">Papiers - Citoyenneté - Élections</Niveau><Niveau ID="N559">Obligations de l'administration vis-à-vis des usagers</Niveau><Niveau ID="F33312" type="Fiche d'information conditionnée">Envoyer une demande à l'administration par mail ou internet</Niveau></FilDAriane><Theme ID="N19810"><Titre>Papiers - Citoyenneté - Élections</Titre></Theme><SousThemePere ID="N20114">Relations avec l'administration</SousThemePere><DossierPere ID="N559"><Titre>Obligations de l'administration vis-à-vis des usagers</Titre><SousDossier ID="N559-1"><Titre>Accès et diffusion des documents administratifs</Titre><Fiche ID="F2467">Accès aux documents administratifs</Fiche><Fiche ID="F2469">Publication des lois, règlements et circulaires</Fiche></SousDossier><SousDossier ID="N559-2"><Titre>Demandes des usagers</Titre><Fiche ID="F2547">Envoyer une demande par courrier</Fiche><Fiche ID="F33312">Envoyer une demande par mail ou internet</Fiche><Fiche ID="F2473">Motivation en cas de demande refusée</Fiche></SousDossier></DossierPere><SousDossierPere>Demandes des usagers</SousDossierPere><Introduction><Texte><Paragraphe>Vous avez envoyé une demande par mail ou par internet à une administration (mairie, préfecture...) et vous vous demandez si elle l'a bien reçue ? Vous n'êtes pas sûr d'avoir envoyé votre demande au bon service ? Vous voulez savoir quand vous aurez une réponse ? Cette page indique les règles qu'une administration doit respecter lorsqu'elle reçoit et étudie votre demande.</Paragraphe></Texte></Introduction><Texte><Chapitre><Titre><Paragraphe>Quelles demandes faire en ligne ou par mail ?</Paragraphe></Titre><Paragraphe>Consultez la <LienExterne URL="https://www.service-public.fr/particuliers/vosdroits/services-en-ligne-et-formulaires">liste des services en ligne (téléservices)</LienExterne> sur le site service-public.fr.</Paragraphe><Paragraphe>S'il n'y a pas de service en ligne, vous pouvez faire la demande ou l'envoi de documents <MiseEnEvidence>par mail ou formulaire de contact</MiseEnEvidence>.</Paragraphe><Paragraphe>Choisissez la thématique sur le site suivant et laissez-vous guider :</Paragraphe><ServiceEnLigne ID="R57598" URL="http://invite.contacts-demarches.interieur.gouv.fr/" audience="Particuliers" type="Téléservice"><Titre>Contacter une administration par voie électronique (SVE)</Titre><Source ID="R30603">Ministère chargé de l'intérieur</Source></ServiceEnLigne><Paragraphe>Toutefois, il y a des <MiseEnEvidence>exceptions</MiseEnEvidence> : certaines demandes ne peuvent pas être faites par internet ou par mail.</Paragraphe><Paragraphe>Par exemple, lorsque votre présence est nécessaire, ou pour des raisons <LienIntra LienID="R56295" type="Définition de glossaire">d'ordre public</LienIntra>.</Paragraphe><Tableau><Titre>Démarches non concernées par la saisine par voie électronique</Titre><Colonne largeur="46" type="normal"/><Colonne largeur="49" type="normal"/><Rangée type="header"><Cellule><Paragraphe>Administration concernée</Paragraphe></Cellule><Cellule><Paragraphe>Décrets listant les démarches</Paragraphe></Cellule></Rangée><Rangée type="normal"><Cellule><Paragraphe>Collectivité territoriale</Paragraphe></Cellule><Cellule><Paragraphe><LienExterne URL="https://www.legifrance.gouv.fr/loda/id/JORFTEXT000033342129">Décret n°2016-1491 du 4 novembre 2016</LienExterne></Paragraphe></Cellule></Rangée><Rangée type="normal"><Cellule><Paragraphe>Ministère des affaires étrangères et du développement international</Paragraphe></Cellule><Cellule><Paragraphe><LienExterne URL="https://www.legifrance.gouv.fr/loda/id/JORFTEXT000031424747">Décret n°2015-1407 du 5 novembre 2015</LienExterne></Paragraphe></Cellule></Rangée><Rangée type="normal"><Cellule><Paragraphe>Ministère des affaires sociales, de la santé et des droits des femmes</Paragraphe></Cellule><Cellule><Paragraphe><LienExterne URL="https://www.legifrance.gouv.fr/loda/id/JORFTEXT000031425542">Décret n°2015-1421 du 5 novembre 2015</LienExterne></Paragraphe><Paragraphe><LienExterne URL="https://www.legifrance.gouv.fr/loda/id/JORFTEXT000033342215">Décret n°2016-1494 du 4 novembre 2016</LienExterne></Paragraphe></Cellule></Rangée><Rangée type="normal"><Cellule><Paragraphe>Ministère de l'agriculture, de l'agroalimentaire et de la forêt </Paragraphe></Cellule><Cellule><Paragraphe><LienExterne URL="https://www.legifrance.gouv.fr/loda/id/JORFTEXT000031425882">Décret n°2015-1424 du 5 novembre 2015</LienExterne></Paragraphe></Cellule></Rangée><Rangée type="normal"><Cellule><Paragraphe>Ministère de la culture et de la communication </Paragraphe></Cellule><Cellule><Paragraphe><LienExterne URL="https://www.legifrance.gouv.fr/loda/id/JORFTEXT000031426042">Décret n°2015-1428 du 5 novembre 2015</LienExterne></Paragraphe></Cellule></Rangée><Rangée type="normal"><Cellule><Paragraphe>Ministère de la défense</Paragraphe></Cellule><Cellule><Paragraphe><LienExterne URL="https://www.legifrance.gouv.fr/loda/id/JORFTEXT000031425329">Décret n°2015-1416 du 5 novembre 2015</LienExterne></Paragraphe></Cellule></Rangée><Rangée type="normal"><Cellule><Paragraphe>Ministère de l'écologie, du développement durable et de l'énergie</Paragraphe></Cellule><Cellule><Paragraphe><LienExterne URL="https://www.legifrance.gouv.fr/loda/id/JORFTEXT000031424798">Décret n°2015-1408 du 5 novembre 2015</LienExterne></Paragraphe></Cellule></Rangée><Rangée type="normal"><Cellule><Paragraphe>Ministère de l'économie, de l'industrie et du numérique</Paragraphe></Cellule><Cellule><Paragraphe><LienExterne URL="https://www.legifrance.gouv.fr/loda/id/JORFTEXT000031425910">Décret n°2015-1425 du 5 novembre 2015</LienExterne></Paragraphe></Cellule></Rangée><Rangée type="normal"><Cellule><Paragraphe>Ministère de l'éducation nationale, de l'enseignement supérieur et de la recherche </Paragraphe></Cellule><Cellule><Paragraphe><LienExterne URL="https://www.legifrance.gouv.fr/loda/id/JORFTEXT000031425096">Décret n°2015-1410 du 5 novembre 2015</LienExterne></Paragraphe></Cellule></Rangée><Rangée type="normal"><Cellule><Paragraphe>Ministère des finances et des comptes publics</Paragraphe></Cellule><Cellule><Paragraphe><LienExterne URL="https://www.legifrance.gouv.fr/loda/id/JORFTEXT000031425234">Décret n°2015-1415 du 5 novembre 2015</LienExterne></Paragraphe></Cellule></Rangée><Rangée type="normal"><Cellule><Paragraphe>Ministère de l'intérieur</Paragraphe></Cellule><Cellule><Paragraphe><LienExterne URL="https://www.legifrance.gouv.fr/loda/id/JORFTEXT000031425652">Décret n°2015-1423 du 5 novembre 2015</LienExterne></Paragraphe></Cellule></Rangée><Rangée type="normal"><Cellule><Paragraphe>Ministère de la justice</Paragraphe></Cellule><Cellule><Paragraphe><LienExterne URL="https://www.legifrance.gouv.fr/loda/id/JORFTEXT000031425170">Décret n°2015-1411 du 5 novembre 2015</LienExterne></Paragraphe></Cellule></Rangée><Rangée type="normal"><Cellule><Paragraphe>Ministère du logement, de l'égalité des territoires et de la ruralité</Paragraphe></Cellule><Cellule><Paragraphe><LienExterne URL="https://www.legifrance.gouv.fr/loda/id/JORFTEXT000031425973">Décret n°2015-1426 du 5 novembre 2015</LienExterne></Paragraphe></Cellule></Rangée><Rangée type="normal"><Cellule><Paragraphe>Ministère du travail, de l'emploi, de la formation professionnelle et du dialogue social </Paragraphe></Cellule><Cellule><Paragraphe><LienExterne URL="https://www.legifrance.gouv.fr/loda/id/JORFTEXT000031425624">Décret n°2015-1422 du 5 novembre 2015</LienExterne></Paragraphe></Cellule></Rangée><Rangée type="normal"><Cellule><Paragraphe>Services du Premier Ministre</Paragraphe></Cellule><Cellule><Paragraphe><LienExterne URL="https://www.legifrance.gouv.fr/loda/id/JORFTEXT000031424710">Décret n°2015-1405 du 5 novembre 2015</LienExterne></Paragraphe></Cellule></Rangée></Tableau></Chapitre><Chapitre><Titre><Paragraphe>Comment savoir si l'administration a reçu votre demande ?</Paragraphe></Titre><Paragraphe>Lorsque vous faites une demande par internet ou par mail, vous recevez un <MiseEnEvidence>accusé de réception électronique (ARE)</MiseEnEvidence>.</Paragraphe><Paragraphe>L'ARE indique la <MiseEnEvidence>date à laquelle l'administration a reçu votre demande</MiseEnEvidence>.</Paragraphe><Paragraphe>L'ARE est envoyé dans un délai de 10 <LienIntra LienID="R17509" type="Définition de glossaire">jours ouvrés</LienIntra> à partir de la réception de votre demande.</Paragraphe><Paragraphe>Toutefois, l'ARE n'est pas obligatoire si la demande est abusive (demande répétitive ou systématique) ou s'il y a un risque pour le système de sécurité d'information de l'administration.</Paragraphe><ASavoir><Titre>À savoir</Titre><Paragraphe>si vous ne recevez pas immédiatement l'ARE, vous recevez un <MiseEnEvidence>accusé d'enregistrement électronique (AEE)</MiseEnEvidence>. L'AEE indique la date de réception de votre envoi. Par la suite, vous recevez un ARE.</Paragraphe></ASavoir></Chapitre><Chapitre ID="T11310"><Titre><Paragraphe>Votre demande est-elle étudiée si vous avez oublié un document ?</Paragraphe></Titre><Paragraphe>L'administration étudie votre demande même s'il manque un document.</Paragraphe><Paragraphe>Toutefois, l'administration peut interrompre l'étude de votre demande si le document manquant est <MiseEnEvidence>indispensable</MiseEnEvidence>.</Paragraphe><Paragraphe>Dans tous les cas, l'administration doit vous indiquer les documents et informations qui manquent.</Paragraphe><Paragraphe>Elle vous précise s'il est nécessaire de <LienInterne LienPublication="F12956" type="Fiche Question-réponse conditionnée" audience="Particuliers">traduire</LienInterne> ou <LienInterne LienPublication="F1402" type="Fiche d'information conditionnée" audience="Particuliers">légaliser</LienInterne> les documents envoyés.</Paragraphe><Paragraphe>L'administration vous fixe un <MiseEnEvidence>délai</MiseEnEvidence> pour envoyer les documents et informations.</Paragraphe><Paragraphe>Ces informations sont indiquées dans <MiseEnEvidence>l'accusé de réception</MiseEnEvidence> de votre demande ou dans un <MiseEnEvidence>courrier à part</MiseEnEvidence>.</Paragraphe></Chapitre><Chapitre ID="T10255"><Titre><Paragraphe>Votre demande est-elle étudiée si vous ne l'avez pas envoyée au bon service ?</Paragraphe></Titre><Paragraphe>Si vous n'avez pas envoyé votre demande au bon service, elle est transmise au service compétent et vous en êtes informé.</Paragraphe><Paragraphe>Le service compétent pour étudier votre demande vous envoie un <MiseEnEvidence>accusé de réception</MiseEnEvidence>.</Paragraphe></Chapitre><Chapitre ID="T10254"><Titre><Paragraphe>Comment avoir le nom de la personne qui étudie votre demande ?</Paragraphe></Titre><Paragraphe>Le prénom, le nom, la fonction et l'adresse administrative de la personne qui instruit votre demande doivent être indiqués sur les courriers qui vous sont adressés.</Paragraphe><Paragraphe>Toutefois, ces informations ne sont pas indiquées si un motif de sécurité le justifie.</Paragraphe></Chapitre><Chapitre ID="T10253"><Titre><Paragraphe>Que faire si vous ne recevez pas de réponse écrite ?</Paragraphe></Titre><Paragraphe>Consultez <MiseEnEvidence>l'accusé réception</MiseEnEvidence> de votre demande.</Paragraphe><Paragraphe>L'<LienInterne LienPublication="R39324" type="Sigle">AR</LienInterne> indique la <MiseEnEvidence>date</MiseEnEvidence> à laquelle, <MiseEnEvidence>en l'absence de réponse écrite</MiseEnEvidence>, votre demande est considérée comme <MiseEnEvidence>acceptée</MiseEnEvidence> ou <MiseEnEvidence>refusée</MiseEnEvidence>.</Paragraphe><BlocCas affichage="radio"><Cas><Titre>Si l'AR indique que la demande est acceptée en l'absence de réponse écrite</Titre><Paragraphe>Il s'agit d'une <LienIntra LienID="R58546" type="Définition de glossaire">décision implicite d'acceptation</LienIntra>.</Paragraphe><Paragraphe>L'<LienInterne LienPublication="R39324" type="Sigle">AR</LienInterne> indique que vous pouvez demander une <MiseEnEvidence>attestation</MiseEnEvidence> à l'administration.</Paragraphe></Cas><Cas><Titre>Si l'AR indique que la demande est refusée en l'absence de réponse écrite</Titre><Paragraphe>Il s'agit d'une <LienIntra LienID="R56818" type="Définition de glossaire">décision implicite de rejet</LienIntra>.</Paragraphe><Paragraphe>L'<LienInterne LienPublication="R39324" type="Sigle">AR</LienInterne> indique comment contester ce refus (<MiseEnEvidence>voies et délais de recours</MiseEnEvidence>).</Paragraphe></Cas></BlocCas><ANoter><Titre>À noter</Titre><Paragraphe>sauf exceptions, si vous ne recevez pas de réponse au bout de 2 mois, cela signifie que votre demande est acceptée. C'est ce qu'on appelle la règle du <MiseEnEvidence><LienInterne LienPublication="F32388" type="Fiche Question-réponse conditionnée" audience="Particuliers">silence vaut acceptation (SVA)</LienInterne></MiseEnEvidence>.</Paragraphe></ANoter></Chapitre></Texte><VoirAussi important="non"><Fiche ID="F2547" audience="Particuliers"><Titre>Envoyer une demande à l'administration par courrier ou formulaire papier</Titre><Theme ID="N19810"><Titre>Papiers - Citoyenneté - Élections</Titre></Theme></Fiche><Fiche ID="F2473" audience="Particuliers"><Titre>Obligation de motivation d'une décision administrative</Titre><Theme ID="N19810"><Titre>Papiers - Citoyenneté - Élections</Titre></Theme></Fiche></VoirAussi><Reference type="Texte de référence" URL="https://www.legifrance.gouv.fr/codes/section_lc/LEGITEXT000031366350/LEGISCTA000031367316" ID="R42433"><Titre>Code des relations entre le public et l'administration : articles L111-1 à L111-3</Titre><Complement>Coordonnées de la personne chargée de la demande</Complement></Reference><Reference type="Texte de référence" URL="https://www.legifrance.gouv.fr/codes/id/LEGISCTA000031367346/" ID="R47549"><Titre>Code des relations entre le public et l'administration : articles L112-8 à L112-10</Titre><Complement>Droit de saisine par voie électronique</Complement></Reference><Reference type="Texte de référence" URL="https://www.legifrance.gouv.fr/codes/section_lc/LEGITEXT000031366350/LEGISCTA000031367356/#LEGISCTA000031367356" ID="R47550"><Titre>Code des relations entre le public et l'administration : articles L 112-11 à L 112-12</Titre><Complement>Délivrance d'un accusé de réception par l'administration</Complement></Reference><Reference type="Texte de référence" URL="https://www.legifrance.gouv.fr/codes/section_lc/LEGITEXT000031366350/LEGISCTA000031367363/#LEGISCTA000031367363" ID="R47551"><Titre>Code des relations entre le public et l'administration : article L112-13</Titre><Complement>Certification de la date d'envoi</Complement></Reference><Reference type="Texte de référence" URL="https://www.legifrance.gouv.fr/codes/section_lc/LEGITEXT000031366350/LEGISCTA000031367367/#LEGISCTA000031367367" ID="R47552"><Titre>Code des relations entre le public et l'administration : articles L 112-14 à R112-20</Titre><Complement>Autres modes d'échanges par voie électronique</Complement></Reference><Reference type="Texte de référence" URL="https://www.legifrance.gouv.fr/codes/section_lc/LEGITEXT000031366350/LEGISCTA000031367392" ID="R42437"><Titre>Code des relations entre le public et l'administration : articles L114-2 à L114-4</Titre><Complement>Transmission de la demande à l'autorité compétente</Complement></Reference><Reference type="Texte de référence" URL="https://www.legifrance.gouv.fr/codes/section_lc/LEGITEXT000031366350/LEGISCTA000031367400" ID="R42438"><Titre>Code des relations entre le public et l'administration articles L114-5 à L114-6</Titre><Complement>Demande de régularisation des dossiers incomplets</Complement></Reference><Reference type="Texte de référence" URL="https://www.legifrance.gouv.fr/loda/id/JORFTEXT000000636232/" ID="R42250"><Titre>Ordonnance n°2005-1516 du 8 décembre 2005 relative aux échanges électroniques entre les usagers et les autorités administratives et entre les autorités administratives</Titre></Reference><ServiceEnLigne ID="R57598" URL="http://invite.contacts-demarches.interieur.gouv.fr/" audience="Particuliers" type="Téléservice"><Titre>Contacter une administration par voie électronique (SVE)</Titre><Source ID="R30603">Ministère chargé de l'intérieur</Source></ServiceEnLigne><PourEnSavoirPlus type="Information pratique" ID="R58459" URL="https://www.service-public.fr/particuliers/vosdroits/services-en-ligne-et-formulaires" audience="Particuliers"><Titre>Services en ligne et formulaires</Titre><Source ID="R30608">Direction de l'information légale et administrative (Dila) - Premier ministre</Source></PourEnSavoirPlus><PourEnSavoirPlus type="Information pratique" ID="R47548" URL="https://www.legifrance.gouv.fr/loda/id/JORFTEXT000033342129" audience="Particuliers"><Titre>Exceptions à la SVE - collectivités territoriales, établissements publics, EPCI</Titre><Source ID="R38880">Legifrance</Source></PourEnSavoirPlus><PourEnSavoirPlus type="Information pratique" ID="R42233" URL="https://www.legifrance.gouv.fr/loda/id/JORFTEXT000031424747" audience="Particuliers"><Titre>Exceptions à la SVE - ministère chargé des affaires étrangères</Titre><Source ID="R38880">Legifrance</Source></PourEnSavoirPlus><PourEnSavoirPlus type="Information pratique" ID="R42239" URL="https://www.legifrance.gouv.fr/loda/id/JORFTEXT000031425542" audience="Particuliers"><Titre>Exceptions à la SVE - ministère chargé des affaires sociales et de la santé</Titre><Source ID="R38880">Legifrance</Source></PourEnSavoirPlus><PourEnSavoirPlus type="Information pratique" ID="R45901" URL="https://www.legifrance.gouv.fr/loda/id/JORFTEXT000033342215" audience="Particuliers"><Titre>Exceptions à la SVE - organismes de sécurité sociale</Titre><Source ID="R38880">Legifrance</Source></PourEnSavoirPlus><PourEnSavoirPlus type="Information pratique" ID="R42242" URL="https://www.legifrance.gouv.fr/loda/id/JORFTEXT000031425882" audience="Particuliers"><Titre>Exceptions à la SVE - ministère chargé de l'agriculture</Titre><Source ID="R38880">Legifrance</Source></PourEnSavoirPlus><PourEnSavoirPlus type="Information pratique" ID="R42245" URL="https://www.legifrance.gouv.fr/loda/id/JORFTEXT000031426042" audience="Particuliers"><Titre>Exceptions à la SVE - ministère chargé de la culture</Titre><Source ID="R38880">Legifrance</Source></PourEnSavoirPlus><PourEnSavoirPlus type="Information pratique" ID="R42238" URL="https://www.legifrance.gouv.fr/loda/id/JORFTEXT000031425329" audience="Particuliers"><Titre>Exceptions à la SVE - ministère chargé de la défense</Titre><Source ID="R38880">Legifrance</Source></PourEnSavoirPlus><PourEnSavoirPlus type="Information pratique" ID="R42234" URL="https://www.legifrance.gouv.fr/loda/id/JORFTEXT000031424798" audience="Particuliers"><Titre>Exceptions à la SVE - ministère chargé de l'écologie</Titre><Source ID="R38880">Legifrance</Source></PourEnSavoirPlus><PourEnSavoirPlus type="Information pratique" ID="R42243" URL="https://www.legifrance.gouv.fr/loda/id/JORFTEXT000031425910" audience="Particuliers"><Titre>Exceptions à la SVE - ministère chargé de l'économie, de l'industrie et du numérique</Titre><Source ID="R38880">Legifrance</Source></PourEnSavoirPlus><PourEnSavoirPlus type="Information pratique" ID="R42235" URL="https://www.legifrance.gouv.fr/loda/id/JORFTEXT000031425096" audience="Particuliers"><Titre>Exceptions à la SVE - ministère chargé de l'éducation nationale et de l'enseignement supérieur</Titre><Source ID="R38880">Legifrance</Source></PourEnSavoirPlus><PourEnSavoirPlus type="Information pratique" ID="R42237" URL="https://www.legifrance.gouv.fr/loda/id/JORFTEXT000031425234" audience="Particuliers"><Titre>Exceptions à la SVE - ministère chargé des finances et des comptes publics</Titre><Source ID="R38880">Legifrance</Source></PourEnSavoirPlus><PourEnSavoirPlus type="Information pratique" ID="R42241" URL="https://www.legifrance.gouv.fr/loda/id/JORFTEXT000031425652" audience="Particuliers"><Titre>Exceptions à la SVE - ministère chargé de l'intérieur</Titre><Source ID="R38880">Legifrance</Source></PourEnSavoirPlus><PourEnSavoirPlus type="Information pratique" ID="R42236" URL="https://www.legifrance.gouv.fr/loda/id/JORFTEXT000031425170" audience="Particuliers"><Titre>Exceptions à la SVE - ministère chargé de la justice</Titre><Source ID="R38880">Legifrance</Source></PourEnSavoirPlus><PourEnSavoirPlus type="Information pratique" ID="R42244" URL="https://www.legifrance.gouv.fr/loda/id/JORFTEXT000031425973" audience="Particuliers"><Titre>Exceptions à la SVE - ministère chargé du logement</Titre><Source ID="R38880">Legifrance</Source></PourEnSavoirPlus><PourEnSavoirPlus type="Information pratique" ID="R42240" URL="https://www.legifrance.gouv.fr/loda/id/JORFTEXT000031425624" audience="Particuliers"><Titre>Exceptions à la SVE - ministère chargé du travail</Titre><Source ID="R38880">Legifrance</Source></PourEnSavoirPlus><PourEnSavoirPlus type="Information pratique" ID="R42232" URL="https://www.legifrance.gouv.fr/loda/id/JORFTEXT000031424710" audience="Particuliers"><Titre>Exceptions à la SVE - Services du Premier ministre et autorités administratives indépendantes</Titre><Source ID="R38880">Legifrance</Source></PourEnSavoirPlus><Definition ID="R56295"><Titre>Acte de terrorisme</Titre><Texte><Paragraphe>Infraction commise, préparée ou financée dans le but de troubler gravement l'ordre public par l'intimidation ou la terreur. L'infraction comprend l'acte lui-même et les moyens pour le mettre en place. Par exemple, atteinte volontaire à la vie, séquestration, enlèvement, détournement d'un moyen de transport, détention d'armes.</Paragraphe></Texte><Reference type="Texte de référence" URL="https://www.legifrance.gouv.fr/codes/id/LEGISCTA000006149845" ID="R56296"><Titre>Code pénal : articles 421-1 à 421-8</Titre></Reference></Definition><Definition ID="R17509"><Titre>Jour ouvré</Titre><Texte><Paragraphe>Jour effectivement travaillé dans une entreprise ou une administration. On en compte 5 par semaine.</Paragraphe></Texte></Definition><Definition ID="R58546"><Titre>Décision implicite d'acceptation</Titre><Texte><Paragraphe>Lorsque l'administration ne répond pas à une demande, le silence signifie que la demande est acceptée.</Paragraphe></Texte></Definition><Definition ID="R56818"><Titre>Décision implicite de rejet</Titre><Texte><Paragraphe>Lorsque l'administration ne répond pas à un recours gracieux ou hiérarchique, le silence est assimilé à un rejet .</Paragraphe></Texte></Definition><Abreviation ID="R39324" type="Sigle"><Titre>AR</Titre><Texte><Paragraphe>Accusé de réception</Paragraphe></Texte></Abreviation><QuestionReponse ID="F32388" audience="Particuliers"><Titre>Règle du silence vaut accord (SVA) : quelles demandes sont concernées ?</Titre></QuestionReponse><QuestionReponse ID="F34677" audience="Particuliers"><Titre>Qu'est-ce que le droit à l'erreur face à l'administration ?</Titre></QuestionReponse><QuestionReponse ID="F34678" audience="Particuliers"><Titre>Peut-on demander à l'administration de vérifier une procédure ?</Titre></QuestionReponse><QuestionReponse ID="F31463" audience="Particuliers"><Titre>Une lettre recommandée électronique a-t-elle une valeur légale ?</Titre></QuestionReponse><QuestionReponse ID="F12956" audience="Particuliers"><Titre>Traduction d'un document : comment trouver un traducteur agréé ?</Titre></QuestionReponse></Publication>