<?xml version="1.0" encoding="UTF-8"?><Publication xmlns:dc="http://purl.org/dc/elements/1.1/" xmlns:xsi="http://www.w3.org/2001/XMLSchema-instance" ID="F33463" type="Fiche Question-réponse conditionnée" xsi:noNamespaceSchemaLocation="../Schemas/3.4/Publication.xsd" dateDerniereModificationImportante="2020-06-01T00:00:00" spUrl="https://www.service-public.fr/particuliers/vosdroits/F33463"><dc:title>Quels sont les diagnostics immobiliers à fournir en cas de mise en location ?</dc:title><dc:creator>Direction de l'information légale et administrative</dc:creator><dc:subject>Logement</dc:subject><dc:description>Les diagnostics immobiliers servent à vous informer en tant que futur locataire sur certains aspects du logement que vous projetez de louer.</dc:description><dc:publisher>Direction de l'information légale et administrative</dc:publisher><dc:contributor>Direction de l'information légale et administrative (Premier ministre)</dc:contributor><dc:date>modified 2022-02-14</dc:date><dc:type>Question-réponse</dc:type><dc:format>text/xml</dc:format><dc:identifier>F33463</dc:identifier><dc:source>https://www.legifrance.gouv.fr/loda/article_lc/LEGIARTI000043978254</dc:source><dc:language>Fr</dc:language><dc:relation>isPartOf N20591</dc:relation><dc:coverage>France entière</dc:coverage><dc:rights>https://www.service-public.fr/a-propos/mentions-legales</dc:rights><SurTitre>Question-réponse</SurTitre><Audience>Particuliers</Audience><Canal>www.service-public.fr</Canal><FilDAriane><Niveau ID="Particuliers">Accueil particuliers</Niveau><Niveau ID="N19808">Logement</Niveau><Niveau ID="N20591">Diagnostic immobilier</Niveau><Niveau ID="F33463" type="Fiche Question-réponse conditionnée">Quels sont les diagnostics immobiliers à fournir en cas de mise en location ?</Niveau></FilDAriane><Theme ID="N19808"><Titre>Logement</Titre></Theme><SousThemePere ID="N323">Protection et sécurité de l'habitat</SousThemePere><DossierPere ID="N20591"><Titre>Diagnostic immobilier</Titre><Fiche ID="F37110">Audit énergétique en cas de vente d'un logement dit « passoire thermique »</Fiche><Fiche ID="F16096">Diagnostic de performance énergétique</Fiche><Fiche ID="F1142">Constat de risque d'exposition au plomb</Fiche><Fiche ID="F742">État d'amiante</Fiche><Fiche ID="F3150">État relatif à la présence de termites</Fiche><Fiche ID="F17337">État de l'installation intérieure de gaz</Fiche><Fiche ID="F18692">État de l'installation intérieure d'électricité</Fiche><Fiche ID="F31685">État de l'installation d'assainissement non collectif</Fiche><Fiche ID="F12239">État des risques et pollutions</Fiche><Fiche ID="F35266">Diagnostic Bruit</Fiche><Fiche ID="F36759">Carnet d'information du logement</Fiche></DossierPere><Texte><Paragraphe>Le bailleur doit vous remettre les documents suivants :</Paragraphe><Liste type="puce"><Item><Paragraphe><LienInterne LienPublication="F16096" type="Fiche d'information conditionnée" audience="Particuliers">Diagnostic de performance énergétique (DPE)</LienInterne></Paragraphe></Item><Item><Paragraphe><LienInterne LienPublication="F1142" type="Fiche d'information conditionnée" audience="Particuliers">Constat de risque d'exposition au plomb (Crep)</LienInterne></Paragraphe></Item><Item><Paragraphe><LienInterne LienPublication="F18692" type="Fiche d'information conditionnée" audience="Particuliers">État de l'installation intérieure de l'électricité</LienInterne> si l'installation a plus de 15 ans</Paragraphe></Item><Item><Paragraphe><LienInterne LienPublication="F17337" type="Fiche d'information conditionnée" audience="Particuliers">État de l'installation intérieure du gaz</LienInterne> si l'installation a plus de 15 ans</Paragraphe></Item><Item><Paragraphe><LienInterne LienPublication="F12239" type="Fiche d'information conditionnée" audience="Particuliers">État des risques (naturels, miniers, technologiques, sismiques, radon...)</LienInterne>, si le logement est dans une zone concernée</Paragraphe></Item><Item><Paragraphe><LienInterne LienPublication="F35266" type="Fiche d'information conditionnée" audience="Particuliers">Diagnostic bruit</LienInterne>, si le logement est dans une zone concernée</Paragraphe></Item></Liste><Paragraphe>Ces diagnostics doivent être regroupés dans un dossier que l'on appelle le <Expression>dossier de diagnostic technique (DDT)</Expression>.</Paragraphe><Paragraphe>Le bailleur doit annexer ce dossier au bail au moment de la signature et en cas de renouvellement du bail. Il est transmis au locataire par voie dématérialisée (courrier électronique par exemple) sauf s’il s’y oppose.</Paragraphe><ASavoir><Titre>À savoir</Titre><Paragraphe>une copie de l'état mentionnant la présence ou l'absence d'amiante devra également être annexée au bail, une fois la parution d'un décret d'application.</Paragraphe></ASavoir><ANoter><Titre>À noter</Titre><Paragraphe>les diagnostics doivent être réalisés avant la location par un <LienInterne LienPublication="F17376" type="Fiche Question-réponse conditionnée" audience="Particuliers">diagnostiqueur certifié</LienInterne>, de préférence avant même la publication de l'annonce de location.</Paragraphe></ANoter></Texte><VoirAussi important="non"><Dossier ID="N349" audience="Particuliers"><Titre>Location immobilière : contrat de location (bail)</Titre><Theme ID="N19808"><Titre>Logement</Titre></Theme></Dossier></VoirAussi><QuiPeutMAider ID="R5" sve="non" type="Local personnalisé sur SP"><Titre>Agence départementale pour l'information sur le logement (Adil)</Titre><PivotLocal>adil</PivotLocal><RessourceWeb URL="https://www.anil.org/lanil-et-les-adil/votre-adil/"/><Source ID="R30676">Agence nationale pour l'information sur le logement (Anil)</Source></QuiPeutMAider><Reference type="Texte de référence" URL="https://www.legifrance.gouv.fr/loda/article_lc/LEGIARTI000043978254" ID="R34063"><Titre>Loi n°89-462 du 6 juillet 1989 sur les rapports locatifs : article 3-3</Titre><Complement>Contenu du dossier de diagnostic technique (DDT)</Complement></Reference><ServiceEnLigne ID="R57710" URL="http://diagnostiqueurs.din.developpement-durable.gouv.fr/index.action" audience="Particuliers" type="Outil de recherche"><Titre>Trouver un diagnostiqueur immobilier certifié</Titre><Source ID="R30658">Ministère chargé de l'environnement</Source></ServiceEnLigne><PourEnSavoirPlus type="Information pratique" ID="R49392" URL="https://www.inc-conso.fr/content/les-diagnostics-immobiliers-en-cas-de-vente-location-immobilieres-ou-dans-une-copropriete-le" audience="Particuliers"><Titre>Mémo sur les diagnostics immobiliers en cas de vente ou de location</Titre><Source ID="R30643">Institut national de la consommation (INC)</Source></PourEnSavoirPlus><PourEnSavoirPlus type="Information pratique" ID="R15382" URL="https://www.gouvernement.fr/risques/risques-naturels" audience="Particuliers"><Titre>Information sur les risques naturels</Titre><Source ID="R30758">Premier ministre</Source></PourEnSavoirPlus><QuestionReponse ID="F10798" audience="Particuliers"><Titre>Quels sont les diagnostics immobiliers à fournir en cas de vente ?</Titre></QuestionReponse><QuestionReponse ID="F17376" audience="Particuliers"><Titre>Diagnostics immobiliers : où trouver un diagnostiqueur certifié ?</Titre></QuestionReponse></Publication>