<?xml version="1.0" encoding="UTF-8"?><Publication xmlns:dc="http://purl.org/dc/elements/1.1/" xmlns:xsi="http://www.w3.org/2001/XMLSchema-instance" ID="F33681" type="Fiche Question-réponse conditionnée" xsi:noNamespaceSchemaLocation="../Schemas/3.4/Publication.xsd" dateDerniereModificationImportante="2016-06-01T00:00:00" spUrl="https://www.service-public.fr/particuliers/vosdroits/F33681"><dc:title>Licenciement abusif ou nul : l'employeur ou le salarié doit-il rembourser les allocations chômage ?</dc:title><dc:creator>Direction de l'information légale et administrative</dc:creator><dc:subject>Travail - Formation</dc:subject><dc:description>Dans certaines situations, l'employeur ou le salarié peut être obligés de rembourser les allocations de chômage perçues par le salarié après son licenciement.</dc:description><dc:publisher>Direction de l'information légale et administrative</dc:publisher><dc:contributor>Direction de l'information légale et administrative (Premier ministre)</dc:contributor><dc:date>modified 2023-08-16</dc:date><dc:type>Question-réponse</dc:type><dc:format>text/xml</dc:format><dc:identifier>F33681</dc:identifier><dc:source>https://www.legifrance.gouv.fr/codes/section_lc/LEGITEXT000006072050/LEGISCTA000006189445/</dc:source><dc:language>Fr</dc:language><dc:relation>isPartOf N480</dc:relation><dc:coverage>France entière</dc:coverage><dc:rights>https://www.service-public.fr/a-propos/mentions-legales</dc:rights><SurTitre>Question-réponse</SurTitre><Audience>Particuliers</Audience><Canal>www.service-public.fr</Canal><FilDAriane><Niveau ID="Particuliers">Accueil particuliers</Niveau><Niveau ID="N19806">Travail - Formation</Niveau><Niveau ID="N480">Licenciement d'un salarié du secteur privé pour motif personnel</Niveau><Niveau ID="F33681" type="Fiche Question-réponse conditionnée">Licenciement abusif ou nul : l'employeur ou le salarié doit-il rembourser les allocations chômage ?</Niveau></FilDAriane><Theme ID="N19806"><Titre>Travail - Formation</Titre></Theme><SousThemePere ID="N19967">Quitter son emploi</SousThemePere><DossierPere ID="N480"><Titre>Licenciement d'un salarié du secteur privé pour motif personnel</Titre><SousDossier ID="N480-1"><Titre>Déroulement</Titre><Fiche ID="F2835">Motifs du licenciement</Fiche><Fiche ID="F2839">Procédure de licenciement</Fiche><Fiche ID="F2855">Préavis de licenciement</Fiche><Fiche ID="F1848">Licenciement nul, injustifié ou irrégulier</Fiche></SousDossier><SousDossier ID="N480-2"><Titre>Indemnités</Titre><Fiche ID="F987">Indemnité de licenciement du salarié en CDI</Fiche><Fiche ID="F24660">Indemnité compensatrice de préavis (licenciement, démission...)</Fiche><Fiche ID="F24661">Indemnité compensatrice de congés payés</Fiche></SousDossier><SousDossier ID="N480-3"><Titre>Protections spécifiques</Titre><Fiche ID="F133">Licenciement pour maladie</Fiche><Fiche ID="F2406">Représentants du personnel</Fiche><Fiche ID="F2873">Femme enceinte ou en congé maternité</Fiche></SousDossier></DossierPere><Introduction><Texte><Paragraphe>Lorsque que le conseil de prud'hommes juge le licenciement<MiseEnEvidence> sans cause réelle et sérieuse</MiseEnEvidence> (également appelé <Expression>abusif</Expression>) ou <MiseEnEvidence>nul</MiseEnEvidence>, l'employeur peut, dans certaines situations, être obligé de rembourser les allocations chômage touchées par le salarié après son licenciement.</Paragraphe><Paragraphe>Dans quelles situations l'employeur peut-il être condamné à rembourser les allocations chômage ? Un salarié peut-il être condamné à rembourser les allocations chômage qu'il a touchées ?</Paragraphe><Paragraphe>Nous faisons un point sur la réglementation.</Paragraphe></Texte></Introduction><Texte><Paragraphe>La réglementation varie selon l'ancienneté du salarié dans l'entreprise et le nombre de salariés dans l'entreprise.</Paragraphe></Texte><ListeSituations affichage="onglet"><Situation><Titre>Moins de 11 salariés</Titre><Texte><Paragraphe>La réglementation varie également selon que le licenciement est jugé <LienInterne LienPublication="F1848" type="Fiche d'information conditionnée" audience="Particuliers">sans cause réelle et sérieuse</LienInterne> ou <MiseEnEvidence><LienInterne LienPublication="F1848" type="Fiche d'information conditionnée" audience="Particuliers">nul</LienInterne></MiseEnEvidence>.</Paragraphe><Chapitre><Titre><Paragraphe>L'employeur doit-il rembourser les allocations chômage touchées par le salarié si le licenciement est abusif ?</Paragraphe></Titre><Paragraphe><MiseEnEvidence>Non</MiseEnEvidence>. L'employeur<MiseEnEvidence> ne doit pas rembourser</MiseEnEvidence> les sommes versées au salarié au titre des allocations chômage.</Paragraphe></Chapitre><Chapitre><Titre><Paragraphe>Le salarié doit-il rembourser les allocations chômage qu'il a touchées si le licenciement est abusif ?</Paragraphe></Titre><Paragraphe>Non. Le salarié <MiseEnEvidence>ne doit pas rembourser </MiseEnEvidence>les indemnités de chômage qu'il a touchées.</Paragraphe></Chapitre><Chapitre><Titre><Paragraphe>L'employeur doit-il rembourser les allocations chômage que le salarié a touchées si le licenciement est nul ?</Paragraphe></Titre><Paragraphe><MiseEnEvidence>Oui</MiseEnEvidence>. L'employeur doit rembourser à France Travail (anciennement Pôle emploi) tout ou partie des allocations chômage versées au salariés quand le licenciement a été déclaré nul dans les situations suivantes :</Paragraphe><Liste type="puce"><Item><Paragraphe>Licenciement pour<MiseEnEvidence> un <LienIntra LienID="R58595" type="Définition de glossaire">motif discriminatoire </LienIntra></MiseEnEvidence>(par exemple, un salarié licencié suite à l'exercice de son <LienInterne LienPublication="F117" type="Fiche d'information conditionnée" audience="Particuliers">droit de grève</LienInterne>)</Paragraphe></Item><Item><Paragraphe>Licenciement du salarié suite à <MiseEnEvidence>son action en justice </MiseEnEvidence>concernant le respect du principe de <LienInterne LienPublication="F1642" type="Fiche d'information conditionnée" audience="Particuliers">non-discrimination</LienInterne><MiseEnEvidence/></Paragraphe></Item><Item><Paragraphe>Licenciement suite à <MiseEnEvidence>son action en justice</MiseEnEvidence> concernant le respect du principe de<MiseEnEvidence> l'égalité professionnelle entre les femmes et les hommes</MiseEnEvidence></Paragraphe></Item><Item><Paragraphe>Licenciement du salarié victime de <MiseEnEvidence><LienInterne LienPublication="F2354" type="Fiche d'information conditionnée" audience="Particuliers">harcèlement moral</LienInterne> </MiseEnEvidence>ou ayant relaté ou témoigné sur de tels actes</Paragraphe></Item><Item><Paragraphe>Licenciement du salarié victime de <MiseEnEvidence><LienInterne LienPublication="F1043" type="Fiche d'information conditionnée" audience="Particuliers">harcèlement sexuel</LienInterne> </MiseEnEvidence>ou ayant relaté ou témoigné sur de tels actes</Paragraphe></Item></Liste><Paragraphe>L'employeur doit rembourser les allocations chômage versées au salarié depuis le jour du licenciement jusqu'à la date du jugement déclarant le licenciement nul.</Paragraphe><Paragraphe>Le remboursement est toutefois limité à <MiseEnEvidence>6 mois</MiseEnEvidence> d'allocation.</Paragraphe></Chapitre><Chapitre><Titre><Paragraphe>Le salarié doit-il rembourser les allocations chômage qu'il a touchées si le licenciement est nul ?</Paragraphe></Titre><Paragraphe><MiseEnEvidence>Oui</MiseEnEvidence>. Selon que le salarié bénéficie du statut de <LienInterne LienPublication="F2406" type="Fiche d'information conditionnée" audience="Particuliers">salarié protégé</LienInterne> contre le licenciement (par exemple ancien membre élu au <LienInterne LienPublication="R51167" type="Acronyme">CSE</LienInterne>, <LienInterne LienPublication="F2857" type="Fiche Question-réponse conditionnée" audience="Particuliers">conseiller du salarié</LienInterne>, <LienInterne LienPublication="F2294" type="Fiche Question-réponse conditionnée" audience="Particuliers">conseiller prud'hommes</LienInterne>) ou non, il peut lui être demandé de rembourser les allocations chômage qu'il a touchées.</Paragraphe><BlocCas affichage="radio"><Cas><Titre>Le salarié est protégé contre le licenciement</Titre><Paragraphe><MiseEnEvidence>Oui</MiseEnEvidence>. Le salarié protégé doit rembourser les indemnités de chômage qu'il a touché si <MiseEnEvidence><MiseEnEvidence>toutes</MiseEnEvidence> les conditions suivantes sont réunies</MiseEnEvidence> :</Paragraphe><Liste type="puce"><Item><Paragraphe><MiseEnEvidence>Licenciement déclaré nul </MiseEnEvidence>en raison de l'absence d'autorisation de l'inspection du travail</Paragraphe></Item><Item><Paragraphe><MiseEnEvidence>Réintégration </MiseEnEvidence>du salarié dans l'entreprise</Paragraphe></Item><Item><Paragraphe><MiseEnEvidence>Condamnation de l'employeur </MiseEnEvidence>à verser au salarié une somme correspondante aux salaires qu'il aurait dû percevoir entre son licenciement et sa réintégration</Paragraphe></Item></Liste></Cas><Cas><Titre>Le salarié ne bénéficie d'aucune protection contre le licenciement</Titre><Paragraphe><MiseEnEvidence>Non</MiseEnEvidence>. Le salarié ne doit pas embourser les indemnités de chômage qu'il a touchées.</Paragraphe></Cas></BlocCas></Chapitre></Texte></Situation><Situation><Titre>11 salariés et plus</Titre><Texte><Paragraphe>La réglementation varie également selon que le licenciement est jugé <LienInterne LienPublication="F1848" type="Fiche d'information conditionnée" audience="Particuliers">sans cause réelle et sérieuse</LienInterne> ou <MiseEnEvidence><LienInterne LienPublication="F1848" type="Fiche d'information conditionnée" audience="Particuliers">nul</LienInterne></MiseEnEvidence>.</Paragraphe><Chapitre><Titre><Paragraphe>L'employeur doit-il rembourser les allocations chômage touchées par le salarié si le licenciement est abusif ?</Paragraphe></Titre><Paragraphe>En fonction de <MiseEnEvidence>l'ancienneté</MiseEnEvidence> du salarié, le juge peut ordonner à l'employeur de rembourser les allocations chômage perçues par le salarié après son licenciement :</Paragraphe><BlocCas affichage="radio"><Cas><Titre>Salarié ayant moins de 2 ans d'ancienneté</Titre><Paragraphe><MiseEnEvidence>Non</MiseEnEvidence>. L'employeur<MiseEnEvidence> ne doit pas rembourser</MiseEnEvidence> les sommes versées au salarié au titre des allocations chômage.</Paragraphe></Cas><Cas><Titre>Salarié ayant 2 ans d'ancienneté et plus</Titre><Paragraphe><MiseEnEvidence>Oui</MiseEnEvidence>. Le juge et France Travail (anciennement Pôle emploi)<MiseEnEvidence> peuvent ordonner le remboursement par l'employeur </MiseEnEvidence>des sommes versées au salarié au titre des indemnités de chômage du jour de son licenciement au jour du jugement prononcé.</Paragraphe><ASavoir><Titre>À savoir</Titre><Paragraphe>le montant du remboursement est fixé par le juge. Il est <MiseEnEvidence>limité à 6 mois</MiseEnEvidence> d'allocation chômage.</Paragraphe></ASavoir></Cas></BlocCas></Chapitre><Chapitre><Titre><Paragraphe>Le salarié doit-il rembourser les allocations chômage qu'il a touchées si le licenciement est abusif ?</Paragraphe></Titre><Paragraphe><MiseEnEvidence>Non</MiseEnEvidence>. Le salarié <MiseEnEvidence>ne doit pas rembourser </MiseEnEvidence>les indemnités de chômage qu'il a touchées.</Paragraphe></Chapitre><Chapitre><Titre><Paragraphe>L'employeur doit-il rembourser les allocations chômage que le salarié a touchées si le licenciement est nul ?</Paragraphe></Titre><Paragraphe><MiseEnEvidence>Oui</MiseEnEvidence>. L'employeur doit rembourser à France Travail (anciennement Pôle emploi) tout ou partie des allocations chômage versées au salariés quand le licenciement a été déclaré nul dans les situations suivantes :</Paragraphe><Liste type="puce"><Item><Paragraphe>Licenciement pour<MiseEnEvidence> un <LienIntra LienID="R58595" type="Définition de glossaire">motif discriminatoire </LienIntra></MiseEnEvidence>(par exemple, un salarié licencié suite à l'exercice de son <LienInterne LienPublication="F117" type="Fiche d'information conditionnée" audience="Particuliers">droit de grève</LienInterne>)</Paragraphe></Item><Item><Paragraphe>Licenciement du salarié suite à <MiseEnEvidence>son action en justice </MiseEnEvidence>concernant le respect du principe de <LienInterne LienPublication="F1642" type="Fiche d'information conditionnée" audience="Particuliers">non-discrimination</LienInterne><MiseEnEvidence/></Paragraphe></Item><Item><Paragraphe>Licenciement suite à <MiseEnEvidence>son action en justice</MiseEnEvidence> concernant le respect du principe de<MiseEnEvidence> l'égalité professionnelle entre les femmes et les hommes</MiseEnEvidence></Paragraphe></Item><Item><Paragraphe>Licenciement du salarié victime de <MiseEnEvidence><LienInterne LienPublication="F2354" type="Fiche d'information conditionnée" audience="Particuliers">harcèlement moral</LienInterne> </MiseEnEvidence>ou ayant relaté ou témoigné sur de tels actes</Paragraphe></Item><Item><Paragraphe>Licenciement du salarié victime de <MiseEnEvidence><LienInterne LienPublication="F1043" type="Fiche d'information conditionnée" audience="Particuliers">harcèlement sexuel</LienInterne> </MiseEnEvidence>ou ayant relaté ou témoigné sur de tels actes</Paragraphe></Item></Liste><Liste type="puce"><Item><Paragraphe>Licenciement prononcé en<MiseEnEvidence> l'absence de décision de validation ou d'homologation du <LienInterne LienPublication="F2811" type="Fiche d'information conditionnée" audience="Particuliers">plan de sauvegarde de l'emploi</LienInterne> </MiseEnEvidence>ou de son <MiseEnEvidence>annulation pour insuffisance</MiseEnEvidence> du plan de sauvegarde de l'emploi, dans une entreprise employant <MiseEnEvidence>au moins 50 salariés</MiseEnEvidence>.</Paragraphe></Item></Liste><Paragraphe>L'employeur doit rembourser les allocations chômage versées au salarié depuis le jour du licenciement jusqu'à la date du jugement déclarant le licenciement nul.</Paragraphe><Paragraphe>Le remboursement est toutefois limité à <MiseEnEvidence>6 mois</MiseEnEvidence> d'allocation.</Paragraphe></Chapitre><Chapitre><Titre><Paragraphe>Le salarié doit-il rembourser les allocations chômage qu'il a touchées si le licenciement est nul ?</Paragraphe></Titre><Paragraphe><MiseEnEvidence>Oui</MiseEnEvidence>. Selon qu'il bénéficie du statut de <LienInterne LienPublication="F2406" type="Fiche d'information conditionnée" audience="Particuliers">salarié protégé</LienInterne> contre le licenciement (par exemple membre élu au <LienInterne LienPublication="R51167" type="Acronyme">CSE</LienInterne>, <LienInterne LienPublication="F102" type="Fiche d'information conditionnée" audience="Particuliers">délégué syndical</LienInterne>) ou non, il peut être demandé au salarié de rembourser les allocations chômage qu'il a touchées :</Paragraphe><BlocCas affichage="radio"><Cas><Titre>Le salarié est protégé contre le licenciement</Titre><Paragraphe><MiseEnEvidence>Oui</MiseEnEvidence>. Le salarié protégé doit rembourser les indemnités de chômage qu'il a touché si <MiseEnEvidence><MiseEnEvidence>toutes</MiseEnEvidence> les conditions suivantes sont réunies</MiseEnEvidence> :</Paragraphe><Liste type="puce"><Item><Paragraphe><MiseEnEvidence>Licenciement déclaré nul </MiseEnEvidence>en raison de l'absence d'autorisation de l'inspection du travail</Paragraphe></Item><Item><Paragraphe><MiseEnEvidence>Réintégration </MiseEnEvidence>du salarié dans l'entreprise</Paragraphe></Item><Item><Paragraphe><MiseEnEvidence>Condamnation de l'employeur </MiseEnEvidence>à verser au salarié une somme correspondante aux salaires qu'il aurait dû percevoir entre son licenciement et sa réintégration</Paragraphe></Item></Liste></Cas><Cas><Titre>Le salarié ne bénéficie d'aucune protection contre le licenciement</Titre><Paragraphe><MiseEnEvidence>Non</MiseEnEvidence>. Le salarié ne doit pas embourser les indemnités de chômage qu'il a touchées.</Paragraphe></Cas></BlocCas></Chapitre></Texte></Situation></ListeSituations><VoirAussi important="non"><Fiche ID="F1848" audience="Particuliers"><Titre>Licenciement pour motif personnel nul, sans cause réelle et sérieuse ou irrégulier</Titre><Theme ID="N19806"><Titre>Travail - Formation</Titre></Theme></Fiche><Fiche ID="F31618" audience="Particuliers"><Titre>Licenciement économique nul, injustifié ou irrégulier</Titre><Theme ID="N19806"><Titre>Travail - Formation</Titre></Theme></Fiche></VoirAussi><Reference type="Texte de référence" URL="https://www.legifrance.gouv.fr/codes/section_lc/LEGITEXT000006072050/LEGISCTA000006189445/" ID="R45996"><Titre>Code du travail : articles L1235-1 à L1235-6</Titre><Complement>Contestations et sanctions des irrégularités du licenciement</Complement></Reference><Definition ID="R58595"><Titre>Discriminatoire</Titre><Texte><Paragraphe>Un critère est discriminatoire s'il fait partie de la liste des 25 critères reconnus comme tels, comme le sexe, l'état de santé, ou la religion...</Paragraphe></Texte></Definition><Abreviation ID="R51167" type="Acronyme"><Titre>CSE</Titre><Texte><Paragraphe>Comité social et économique</Paragraphe></Texte></Abreviation></Publication>