<?xml version="1.0" encoding="UTF-8"?><Publication xmlns:dc="http://purl.org/dc/elements/1.1/" xmlns:xsi="http://www.w3.org/2001/XMLSchema-instance" ID="F34000" type="Fiche d'information conditionnée" xsi:noNamespaceSchemaLocation="../Schemas/3.4/Publication.xsd" dateDerniereModificationImportante="2020-09-02T00:00:00" spUrl="https://www.service-public.fr/particuliers/vosdroits/F34000"><dc:title>Fraude liée à un achat sur internet</dc:title><dc:creator>Direction de l'information légale et administrative</dc:creator><dc:subject>Justice</dc:subject><dc:description>Que faire si vous êtes victime d'une arnaque sur un site de petites annonces (le bon coin, e-bay...) ou sur un faux site de vente ?</dc:description><dc:publisher>Direction de l'information légale et administrative</dc:publisher><dc:contributor>Direction de l'information légale et administrative (Premier ministre)</dc:contributor><dc:date>modified 2023-04-26</dc:date><dc:type>Fiche pratique</dc:type><dc:format>text/xml</dc:format><dc:identifier>F34000</dc:identifier><dc:source>https://www.legifrance.gouv.fr/codes/section_lc/LEGITEXT000006070719/LEGISCTA000006165331/, https://www.legifrance.gouv.fr/codes/section_lc/LEGITEXT000006069565/LEGISCTA000032221247/2022-08-09/, https://www.legifrance.gouv.fr/loda/id/JORFTEXT000042056637/</dc:source><dc:language>Fr</dc:language><dc:relation>isPartOf N31138</dc:relation><dc:coverage>France entière</dc:coverage><dc:rights>https://www.service-public.fr/a-propos/mentions-legales</dc:rights><SurTitre>Fiche pratique</SurTitre><Audience>Particuliers</Audience><Canal>www.service-public.fr</Canal><FilDAriane><Niveau ID="Particuliers">Accueil particuliers</Niveau><Niveau ID="N19807">Justice</Niveau><Niveau ID="N31138">Arnaque sur internet (THESEE, Pharos, ...)</Niveau><Niveau ID="F34000" type="Fiche d'information conditionnée">Fraude liée à un achat sur internet</Niveau></FilDAriane><Theme ID="N19807"><Titre>Justice</Titre></Theme><SousThemePere ID="N20326">Infractions</SousThemePere><DossierPere ID="N31138"><Titre>Arnaque sur internet (THESEE, Pharos, ...)</Titre><Fiche ID="F34129">Ransomware ou rançongiciel</Fiche><Fiche ID="F34010">Piratage d'une messagerie électronique (mail, réseaux sociaux...)</Fiche><Fiche ID="F34800">Phishing (hameçonnage)</Fiche><Fiche ID="F34000">Fraude liée à un achat sur internet</Fiche><Fiche ID="F34092">Fraude liée à une location sur internet</Fiche><Fiche ID="F34124">Chantage / Menaces lors d'une relation amoureuse ou amicale sur internet</Fiche></DossierPere><RechercheGuideePere ID="F47157" audience="Particuliers"><Titre>Arnaque sur internet</Titre></RechercheGuideePere><ListeSituations affichage="onglet"><Situation><Titre>Vous êtes majeur</Titre><Condition><estVrai var="T10043"/></Condition><Texte><FragmentConditionne><Condition><estVrai var="T10010"/></Condition><Paragraphe>Que faire si vous êtes victime d'une infraction liée à un achat sur internet ?</Paragraphe><Paragraphe>Les moyens de recours dépendent du type de site : site de petites annonces (le bon coin, e-bay...) ou faux site de vente.</Paragraphe></FragmentConditionne><Chapitre><Titre><Paragraphe>Sur un site marchand/professionnel</Paragraphe></Titre><Condition><estVrai var="T10204"/></Condition><SousChapitre><Titre><Paragraphe>Le bien (ou service) n'est pas conforme</Paragraphe></Titre><Condition><estVrai var="T10333"/></Condition><Paragraphe>Si le bien ou le service n'est pas conforme à votre commande, vous pouvez saisir <LienInterne LienPublication="F34284" type="Fiche Question-réponse conditionnée" audience="Particuliers">la Direction de la concurrence et de la répression des fraudes (DGCCRF)</LienInterne>.</Paragraphe></SousChapitre><SousChapitre><Titre><Paragraphe>Vous n'avez pas reçu le bien (ou service)</Paragraphe></Titre><Condition><estVrai var="T10339"/></Condition><FragmentConditionne><Condition><estVrai var="T10031"/></Condition><Paragraphe>Vous n'avez rien reçu dans les délais ? Vous avez reçu un bien sans rapport avec la commande ? Dans ce cas, il faut <MiseEnEvidence>contacter le service client</MiseEnEvidence>.</Paragraphe></FragmentConditionne><FragmentConditionne><Condition><estVrai var="T10060"/></Condition><Paragraphe>Si vos échanges avec le service client n'ont pas réglé votre problème, vous devez <LienInterne LienPublication="F34284" type="Fiche Question-réponse conditionnée" audience="Particuliers">contacter la DGCCRF</LienInterne>.</Paragraphe></FragmentConditionne><FragmentConditionne><Condition><estVrai var="T10015"/></Condition><Paragraphe>Si le <MiseEnEvidence>service client n'existe pas ou ne répond pas</MiseEnEvidence>, il s'agit d'une escroquerie appelée <Expression>faux site de vente</Expression>.</Paragraphe><Paragraphe>Vous pouvez porter plainte (en ligne, sur place ou par courrier) ou faire un signalement (en ligne).</Paragraphe></FragmentConditionne><FragmentConditionne><Condition><estVrai var="T10015"/></Condition><Liste type="puce"><Item><Paragraphe><MiseEnEvidence>La plainte</MiseEnEvidence> est l'acte par lequel une victime d'infraction informe l’autorité judiciaire.</Paragraphe><Paragraphe>En portant plainte, vous devez donner votre identité. Cette démarche vous engage et les enquêteurs peuvent vous contacter. La plainte permet aussi de demander l'indemnisation du préjudice subi et d'être informé des suites données à l'affaire.</Paragraphe></Item><Item><Paragraphe><MiseEnEvidence>Le signalement</MiseEnEvidence> consiste uniquement à informer les services d'enquête de l'existence d'une infraction. Vous pouvez rester anonyme. Vous ne serez pas informé des suites de l'affaire. Vous ne pourrez pas demander une indemnisation.</Paragraphe></Item></Liste></FragmentConditionne><BlocCas affichage="onglet"><Cas><Titre>En ligne</Titre><Condition><estVrai var="T10015"/></Condition><ServiceEnLigne ID="R45758" URL="https://demarches.service-public.fr/mademarche/arnaqueInternet/demarche?action=PLAINTE&amp;type=FSV" audience="Particuliers" type="Téléservice"><Titre>Porter plainte pour un faux site commercial (THESEE)</Titre><Source ID="R30603">Ministère chargé de l'intérieur</Source><Introduction><Texte><Paragraphe>Accessible via <LienIntra LienID="R48788" type="Définition de glossaire">FranceConnect</LienIntra>.</Paragraphe><Paragraphe>Ce téléservice peut être utilisé <MiseEnEvidence>uniquement si vous êtes un particulier</MiseEnEvidence> et si vous déposez plainte <MiseEnEvidence>en votre nom propre</MiseEnEvidence>.</Paragraphe><Paragraphe>Même si vous portez plainte en ligne, vous pouvez demander à rencontrer un enquêteur. L'enquêteur peut aussi décider de vous auditionner s'il l'estime nécessaire.</Paragraphe></Texte></Introduction></ServiceEnLigne><ServiceEnLigne ID="R48112" URL="https://demarches.service-public.fr/mademarche/arnaqueInternet/demarche?action=SIGNALEMENT&amp;type=FSV" audience="Particuliers" type="Téléservice"><Titre>Signaler un faux site commercial (THESEE)</Titre><Source ID="R30603">Ministère chargé de l'intérieur</Source><Introduction><Texte><Paragraphe>Se munir d'une adresse mail</Paragraphe></Texte></Introduction></ServiceEnLigne></Cas><Cas><Titre>Sur place</Titre><Condition><estVrai var="T10015"/></Condition><Paragraphe>Vous devez vous adresser à un commissariat de police ou une brigade de gendarmerie.</Paragraphe><OuSAdresser ID="R13" sve="non" type="Local personnalisé sur SP"><Titre>Commissariat</Titre><PivotLocal>commissariat_police</PivotLocal><RessourceWeb URL="http://www.interieur.gouv.fr/Contact/Contacter-une-brigade-de-gendarmerie-ou-un-commissariat-de-police"/></OuSAdresser><OuSAdresser ID="R59967" sve="non" type="Local personnalisé sur SP"><Titre>Gendarmerie</Titre><PivotLocal>gendarmerie</PivotLocal><RessourceWeb URL="http://www.interieur.gouv.fr/Contact/Contacter-une-brigade-de-gendarmerie-ou-un-commissariat-de-police"/></OuSAdresser><Paragraphe>La réception de la plainte ne peut pas vous être refusée.</Paragraphe><Paragraphe>La plainte est ensuite transmise au procureur de la République.</Paragraphe><Paragraphe>Avant de vous rendre au commissariat ou à la gendarmerie, vous pouvez remplir une pré-plainte en ligne si vous êtes victime d'une atteinte aux biens (vol, escroquerie....) dont l'auteur vous est inconnu. Vous obtiendrez alors un rendez-vous et les policiers ou gendarmes auront déjà les éléments de votre plainte à votre arrivée.</Paragraphe><ServiceEnLigne ID="R19620" URL="https://www.pre-plainte-en-ligne.gouv.fr/" audience="Particuliers" type="Téléservice"><Titre>Pré-plainte en ligne</Titre><Source ID="R30603">Ministère chargé de l'intérieur</Source></ServiceEnLigne></Cas><Cas><Titre>Par courrier</Titre><Condition><estVrai var="T10015"/></Condition><Paragraphe>Vous pouvez porter plainte auprès du procureur de la République.</Paragraphe><Paragraphe>Pour cela, vous devez envoyer un courrier au <MiseEnEvidence>tribunal judiciaire du lieu de l'infraction ou du domicile de l'auteur de l'infraction</MiseEnEvidence>.</Paragraphe><OuSAdresser ID="R30" sve="non" type="Local"><Titre>Tribunal judiciaire</Titre><RessourceWeb URL="http://www.annuaires.justice.gouv.fr/"/><Source ID="R30663">Ministère chargé de la justice</Source></OuSAdresser><Paragraphe>Votre courrier doit préciser les éléments suivants :</Paragraphe><Liste type="puce"><Item><Paragraphe>Votre état civil et vos coordonnées complètes (adresse et numéro de téléphone)</Paragraphe></Item><Item><Paragraphe>Récit détaillé des faits, date et lieu de l'infraction</Paragraphe></Item><Item><Paragraphe>Nom de l'auteur supposé si vous le connaissez (sinon, la plainte sera déposée contre X)</Paragraphe></Item><Item><Paragraphe>Nom et adresse des éventuels témoins de l'infraction</Paragraphe></Item><Item><Paragraphe>Description et estimation provisoire ou définitive du préjudice</Paragraphe></Item><Item><Paragraphe>Vos documents de preuve : certificats médicaux, arrêts de travail, factures diverses, constats...</Paragraphe></Item><Item><Paragraphe>Votre éventuelle volonté de vous constituer partie civile</Paragraphe></Item></Liste><Paragraphe>Vous pouvez utiliser le modèle de courrier suivant :</Paragraphe><ServiceEnLigne ID="R11469" URL="https://www.service-public.fr/simulateur/calcul/Porter_plainte" audience="Particuliers" type="Modèle de document"><Titre>Porter plainte auprès du procureur de la République</Titre><Source ID="R30608">Direction de l'information légale et administrative (Dila) - Premier ministre</Source></ServiceEnLigne><Paragraphe>Vous pouvez envoyer votre plainte en lettre recommandée avec accusé de réception, par lettre simple ou par lettre suivie.</Paragraphe><Paragraphe>Vous pouvez aussi déposer votre plainte directement à l'accueil du tribunal.</Paragraphe><Paragraphe>Dans tous les cas, un récépissé vous est remis dès que les services du procureur de la République ont enregistré votre plainte.</Paragraphe></Cas></BlocCas><FragmentConditionne><Condition><estVrai var="T10015"/></Condition><Paragraphe>Vous pouvez aussi téléphoner à Info Escroqueries.</Paragraphe><OuSAdresser ID="R13147" sve="non" type="Centre de contact"><Titre>Info Escroqueries</Titre><Texte><Chapitre><Titre><Paragraphe>Par téléphone</Paragraphe></Titre><Paragraphe> <MiseEnEvidence>0 805 805 817</MiseEnEvidence></Paragraphe><Paragraphe>Du lundi au vendredi de 9h à 18h30.</Paragraphe><Paragraphe>Numéro vert (appel gratuit depuis la France).</Paragraphe></Chapitre></Texte></OuSAdresser></FragmentConditionne><FragmentConditionne><Condition><estVrai var="T15893"/></Condition><Paragraphe>Si vous avez déjà déposé une plainte en commissariat ou gendarmerie pour ces faits, vous pouvez faire un signalement et y joindre copie de votre plainte ou du récépissé de dépôt de plainte :</Paragraphe><ServiceEnLigne ID="R48112" URL="https://demarches.service-public.fr/mademarche/arnaqueInternet/demarche?action=SIGNALEMENT&amp;type=FSV" audience="Particuliers" type="Téléservice"><Titre>Signaler un faux site commercial (THESEE)</Titre><Source ID="R30603">Ministère chargé de l'intérieur</Source><Introduction><Texte><Paragraphe>Se munir d'une adresse mail</Paragraphe></Texte></Introduction></ServiceEnLigne></FragmentConditionne><FragmentConditionne><Condition><estVrai var="T15894"/></Condition><Paragraphe>Si vous avez déjà déposé une plainte THESEE pour ces faits, vous pouvez déposer un complément dans votre tableau de bord :</Paragraphe><ServiceEnLigne ID="R64894" URL="https://www.service-public.fr/compte/tableau-de-bord" audience="Particuliers" type="Téléservice"><Titre>Tableau de bord (THESEE)</Titre><Source ID="R30603">Ministère chargé de l'intérieur</Source></ServiceEnLigne></FragmentConditionne></SousChapitre></Chapitre><Chapitre><Titre><Paragraphe>Sur un site de petites annonces</Paragraphe></Titre><Condition><estVrai var="T10318"/></Condition><Paragraphe>Vous avez voulu acheter en ligne un bien figurant sur une annonce avec photo(s) et vous estimez avoir été <MiseEnEvidence>trompé par le vendeur</MiseEnEvidence>.</Paragraphe><FragmentConditionne><Condition><estVrai var="T10010"/></Condition><Paragraphe>Vos recours dépendent de la situation.</Paragraphe></FragmentConditionne><SousChapitre type="pieces"><Titre><Paragraphe>Le bien (ou service) n'est pas conforme</Paragraphe></Titre><Condition><estVrai var="T10333"/></Condition><FragmentConditionne><Condition><estVrai var="T15895"/></Condition><Paragraphe>Vous devez contacter le vendeur (directement ou par l'intermédiaire du site), puis vérifier si vous avez reçu une réponse.</Paragraphe></FragmentConditionne><FragmentConditionne><Condition><estVrai var="T15895"/></Condition><Paragraphe>Si vous n'avez pas réussi à le joindre, vous êtes victime de faits pouvant être qualifiés d'escroquerie ou <Expression>faux vendeur</Expression>.</Paragraphe></FragmentConditionne><FragmentConditionne><Condition><estVrai var="T15895"/></Condition><Paragraphe>Vous pouvez porter plainte (en ligne, sur place ou par courrier) ou faire un signalement (en ligne).</Paragraphe></FragmentConditionne><FragmentConditionne><Condition><estVrai var="T15895"/></Condition><Liste type="puce"><Item><Paragraphe><MiseEnEvidence>La plainte</MiseEnEvidence> est l'acte par lequel une victime d'infraction informe l’autorité judiciaire.</Paragraphe><Paragraphe>En portant plainte, vous devez donner votre identité. Cette démarche vous engage et les enquêteurs peuvent vous contacter. La plainte permet aussi de demander l'indemnisation du préjudice subi et d'être informé des suites données à l'affaire.</Paragraphe></Item><Item><Paragraphe><MiseEnEvidence>Le signalement</MiseEnEvidence> consiste uniquement à informer les services d'enquête de l'existence d'une infraction. Vous pouvez rester anonyme. Vous ne serez pas informé des suites de l'affaire. Vous ne pourrez pas demander une indemnisation.</Paragraphe></Item></Liste></FragmentConditionne><BlocCas affichage="onglet"><Cas><Titre>En ligne</Titre><Condition><estVrai var="T15895"/></Condition><Paragraphe><MiseEnEvidence>Pour porter plainte :</MiseEnEvidence></Paragraphe><ServiceEnLigne ID="R46002" URL="https://demarches.service-public.fr/mademarche/arnaqueInternet/demarche?action=PLAINTE&amp;type=FV" audience="Particuliers" type="Téléservice"><Titre>Porter plainte pour une escroquerie à la petite annonce (faux vendeur) - THESEE</Titre><Source ID="R30603">Ministère chargé de l'intérieur</Source><Introduction><Texte><Paragraphe>Accessible via <LienIntra LienID="R48788" type="Définition de glossaire">FranceConnect</LienIntra>.</Paragraphe><Paragraphe>Ce téléservice peut être utilisé <MiseEnEvidence>uniquement si vous êtes un particulier</MiseEnEvidence> et si vous déposez plainte <MiseEnEvidence>en votre nom propre</MiseEnEvidence>.</Paragraphe><Paragraphe>Même si vous portez plainte en ligne, vous pouvez demander à rencontrer un enquêteur. L'enquêteur peut aussi décider de vous auditionner s'il l'estime nécessaire.</Paragraphe></Texte></Introduction></ServiceEnLigne><Paragraphe><MiseEnEvidence>Pour faire un signalement :</MiseEnEvidence></Paragraphe><ServiceEnLigne ID="R46937" URL="https://demarches.service-public.fr/mademarche/arnaqueInternet/demarche?action=SIGNALEMENT&amp;type=FV" audience="Particuliers" type="Téléservice"><Titre>Signaler une escroquerie à la petite annonce (faux vendeur) - THESEE</Titre><Source ID="R30603">Ministère chargé de l'intérieur</Source><Introduction><Texte><Paragraphe>Se munir d'une adresse mail</Paragraphe></Texte></Introduction></ServiceEnLigne></Cas><Cas><Titre>Sur place</Titre><Condition><estVrai var="T15895"/></Condition><Paragraphe>Vous devez vous adresser à un commissariat de police ou une brigade de gendarmerie.</Paragraphe><OuSAdresser ID="R13" sve="non" type="Local personnalisé sur SP"><Titre>Commissariat</Titre><PivotLocal>commissariat_police</PivotLocal><RessourceWeb URL="http://www.interieur.gouv.fr/Contact/Contacter-une-brigade-de-gendarmerie-ou-un-commissariat-de-police"/></OuSAdresser><OuSAdresser ID="R59967" sve="non" type="Local personnalisé sur SP"><Titre>Gendarmerie</Titre><PivotLocal>gendarmerie</PivotLocal><RessourceWeb URL="http://www.interieur.gouv.fr/Contact/Contacter-une-brigade-de-gendarmerie-ou-un-commissariat-de-police"/></OuSAdresser><Paragraphe>La réception de la plainte ne peut pas vous être refusée.</Paragraphe><Paragraphe>La plainte est ensuite transmise au procureur de la République.</Paragraphe><Paragraphe>Avant de vous rendre au commissariat ou à la gendarmerie, vous pouvez remplir une pré-plainte en ligne si vous êtes victime d'une atteinte aux biens (vol, escroquerie....) dont l'auteur vous est inconnu. Vous obtiendrez alors un rendez-vous et les policiers ou gendarmes auront déjà les éléments de votre plainte à votre arrivée.</Paragraphe><ServiceEnLigne ID="R19620" URL="https://www.pre-plainte-en-ligne.gouv.fr/" audience="Particuliers" type="Téléservice"><Titre>Pré-plainte en ligne</Titre><Source ID="R30603">Ministère chargé de l'intérieur</Source></ServiceEnLigne></Cas><Cas><Titre>Par courrier</Titre><Condition><estVrai var="T15895"/></Condition><Paragraphe>Vous pouvez porter plainte auprès du procureur de la République.</Paragraphe><Paragraphe>Pour cela, vous devez envoyer un courrier au <MiseEnEvidence>tribunal judiciaire du lieu de l'infraction ou du domicile de l'auteur de l'infraction</MiseEnEvidence>.</Paragraphe><OuSAdresser ID="R30" sve="non" type="Local"><Titre>Tribunal judiciaire</Titre><RessourceWeb URL="http://www.annuaires.justice.gouv.fr/"/><Source ID="R30663">Ministère chargé de la justice</Source></OuSAdresser><Paragraphe>Votre courrier doit préciser les éléments suivants :</Paragraphe><Liste type="puce"><Item><Paragraphe>Votre état civil et vos coordonnées complètes (adresse et numéro de téléphone)</Paragraphe></Item><Item><Paragraphe>Récit détaillé des faits, date et lieu de l'infraction</Paragraphe></Item><Item><Paragraphe>Nom de l'auteur supposé si vous le connaissez (sinon, la plainte sera déposée contre X)</Paragraphe></Item><Item><Paragraphe>Nom et adresse des éventuels témoins de l'infraction</Paragraphe></Item><Item><Paragraphe>Description et estimation provisoire ou définitive du préjudice</Paragraphe></Item><Item><Paragraphe>Vos documents de preuve : certificats médicaux, arrêts de travail, factures diverses, constats...</Paragraphe></Item><Item><Paragraphe>Votre éventuelle volonté de vous constituer partie civile</Paragraphe></Item></Liste><Paragraphe>Vous pouvez utiliser le modèle de courrier suivant :</Paragraphe><ServiceEnLigne ID="R11469" URL="https://www.service-public.fr/simulateur/calcul/Porter_plainte" audience="Particuliers" type="Modèle de document"><Titre>Porter plainte auprès du procureur de la République</Titre><Source ID="R30608">Direction de l'information légale et administrative (Dila) - Premier ministre</Source></ServiceEnLigne><Paragraphe>Vous pouvez envoyer votre plainte en lettre recommandée avec accusé de réception, par lettre simple ou par lettre suivie.</Paragraphe><Paragraphe>Vous pouvez aussi déposer votre plainte directement à l'accueil du tribunal.</Paragraphe><Paragraphe>Dans tous les cas, un récépissé vous est remis dès que les services du procureur de la République ont enregistré votre plainte.</Paragraphe></Cas></BlocCas><FragmentConditionne><Condition><estVrai var="T15895"/></Condition><ANoter><Titre>À noter</Titre><Paragraphe>si le vendeur est un professionnel, il convient de saisir <LienInterne LienPublication="F34284" type="Fiche Question-réponse conditionnée" audience="Particuliers">la Direction de la concurrence et de la répression des fraudes (DGCCRF)</LienInterne>.</Paragraphe></ANoter></FragmentConditionne><FragmentConditionne><Condition><estVrai var="T15895"/></Condition><Paragraphe>Vous pouvez aussi téléphoner à Info Escroqueries.</Paragraphe><OuSAdresser ID="R13147" sve="non" type="Centre de contact"><Titre>Info Escroqueries</Titre><Texte><Chapitre><Titre><Paragraphe>Par téléphone</Paragraphe></Titre><Paragraphe> <MiseEnEvidence>0 805 805 817</MiseEnEvidence></Paragraphe><Paragraphe>Du lundi au vendredi de 9h à 18h30.</Paragraphe><Paragraphe>Numéro vert (appel gratuit depuis la France).</Paragraphe></Chapitre></Texte></OuSAdresser></FragmentConditionne><FragmentConditionne><Condition><estVrai var="T15893"/></Condition><Paragraphe>Si vous avez déjà déposé une plainte en commissariat ou gendarmerie pour ces faits, vous pouvez faire un signalement  :</Paragraphe><ServiceEnLigne ID="R46937" URL="https://demarches.service-public.fr/mademarche/arnaqueInternet/demarche?action=SIGNALEMENT&amp;type=FV" audience="Particuliers" type="Téléservice"><Titre>Signaler une escroquerie à la petite annonce (faux vendeur) - THESEE</Titre><Source ID="R30603">Ministère chargé de l'intérieur</Source><Introduction><Texte><Paragraphe>Se munir d'une adresse mail</Paragraphe></Texte></Introduction></ServiceEnLigne></FragmentConditionne><FragmentConditionne><Condition><estVrai var="T15894"/></Condition><Paragraphe>Si vous avez déjà déposé une plainte THESEE pour ces faits, vous pouvez déposer un complément dans votre tableau de bord :</Paragraphe><ServiceEnLigne ID="R64894" URL="https://www.service-public.fr/compte/tableau-de-bord" audience="Particuliers" type="Téléservice"><Titre>Tableau de bord (THESEE)</Titre><Source ID="R30603">Ministère chargé de l'intérieur</Source></ServiceEnLigne></FragmentConditionne></SousChapitre><SousChapitre><Titre><Paragraphe>Vous n'avez pas reçu le bien (ou le service)</Paragraphe></Titre><Condition><estVrai var="T10339"/></Condition><FragmentConditionne><Condition><estVrai var="T15895"/></Condition><Paragraphe>Si vous n'avez rien reçu, vous devez <MiseEnEvidence>contacter le particulier</MiseEnEvidence> (directement ou par l'intermédiaire du site) et revenir sur le portail pour vérifier si vous avez reçu une réponse.</Paragraphe></FragmentConditionne><FragmentConditionne><Condition><estVrai var="T15895"/></Condition><Paragraphe>Si vous n'avez pas réussi à contacter le vendeur, il s'agit d'une escroquerie appelée <Expression>faux vendeur</Expression>.</Paragraphe></FragmentConditionne><FragmentConditionne><Condition><estVrai var="T15895"/></Condition><Paragraphe>Vous pouvez porter plainte (en ligne, sur place ou par courrier) ou faire un signalement (en ligne).</Paragraphe></FragmentConditionne><FragmentConditionne><Condition><estVrai var="T15895"/></Condition><Liste type="puce"><Item><Paragraphe><MiseEnEvidence>La plainte</MiseEnEvidence> est l'acte par lequel une victime d'infraction informe l’autorité judiciaire.</Paragraphe><Paragraphe>En portant plainte, vous devez donner votre identité. Cette démarche vous engage et les enquêteurs peuvent vous contacter. La plainte permet aussi de demander l'indemnisation du préjudice subi et d'être informé des suites données à l'affaire.</Paragraphe></Item><Item><Paragraphe><MiseEnEvidence>Le signalement</MiseEnEvidence> consiste uniquement à informer les services d'enquête de l'existence d'une infraction. Vous pouvez rester anonyme. Vous ne serez pas informé des suites de l'affaire. Vous ne pourrez pas demander une indemnisation.</Paragraphe></Item></Liste></FragmentConditionne><BlocCas affichage="onglet"><Cas><Titre>En ligne</Titre><Condition><estVrai var="T15895"/></Condition><Paragraphe><MiseEnEvidence>Pour porter plainte contre le faux vendeur :</MiseEnEvidence></Paragraphe><ServiceEnLigne ID="R46002" URL="https://demarches.service-public.fr/mademarche/arnaqueInternet/demarche?action=PLAINTE&amp;type=FV" audience="Particuliers" type="Téléservice"><Titre>Porter plainte pour une escroquerie à la petite annonce (faux vendeur) - THESEE</Titre><Source ID="R30603">Ministère chargé de l'intérieur</Source><Introduction><Texte><Paragraphe>Accessible via <LienIntra LienID="R48788" type="Définition de glossaire">FranceConnect</LienIntra>.</Paragraphe><Paragraphe>Ce téléservice peut être utilisé <MiseEnEvidence>uniquement si vous êtes un particulier</MiseEnEvidence> et si vous déposez plainte <MiseEnEvidence>en votre nom propre</MiseEnEvidence>.</Paragraphe><Paragraphe>Même si vous portez plainte en ligne, vous pouvez demander à rencontrer un enquêteur. L'enquêteur peut aussi décider de vous auditionner s'il l'estime nécessaire.</Paragraphe></Texte></Introduction></ServiceEnLigne><Paragraphe><MiseEnEvidence>Pour signaler l'infraction :</MiseEnEvidence></Paragraphe><ServiceEnLigne ID="R46937" URL="https://demarches.service-public.fr/mademarche/arnaqueInternet/demarche?action=SIGNALEMENT&amp;type=FV" audience="Particuliers" type="Téléservice"><Titre>Signaler une escroquerie à la petite annonce (faux vendeur) - THESEE</Titre><Source ID="R30603">Ministère chargé de l'intérieur</Source><Introduction><Texte><Paragraphe>Se munir d'une adresse mail</Paragraphe></Texte></Introduction></ServiceEnLigne></Cas><Cas><Titre>Sur place</Titre><Condition><estVrai var="T15895"/></Condition><Paragraphe>Vous devez vous adresser à un commissariat de police ou une brigade de gendarmerie.</Paragraphe><OuSAdresser ID="R13" sve="non" type="Local personnalisé sur SP"><Titre>Commissariat</Titre><PivotLocal>commissariat_police</PivotLocal><RessourceWeb URL="http://www.interieur.gouv.fr/Contact/Contacter-une-brigade-de-gendarmerie-ou-un-commissariat-de-police"/></OuSAdresser><OuSAdresser ID="R59967" sve="non" type="Local personnalisé sur SP"><Titre>Gendarmerie</Titre><PivotLocal>gendarmerie</PivotLocal><RessourceWeb URL="http://www.interieur.gouv.fr/Contact/Contacter-une-brigade-de-gendarmerie-ou-un-commissariat-de-police"/></OuSAdresser><Paragraphe>La réception de la plainte ne peut pas vous être refusée.</Paragraphe><Paragraphe>La plainte est ensuite transmise au procureur de la République.</Paragraphe><Paragraphe>Avant de vous rendre au commissariat ou à la gendarmerie, vous pouvez remplir une pré-plainte en ligne si vous êtes victime d'une atteinte aux biens (vol, escroquerie....) dont l'auteur vous est inconnu. Vous obtiendrez alors un rendez-vous et les policiers ou gendarmes auront déjà les éléments de votre plainte à votre arrivée.</Paragraphe><ServiceEnLigne ID="R19620" URL="https://www.pre-plainte-en-ligne.gouv.fr/" audience="Particuliers" type="Téléservice"><Titre>Pré-plainte en ligne</Titre><Source ID="R30603">Ministère chargé de l'intérieur</Source></ServiceEnLigne></Cas><Cas><Titre>Par courrier</Titre><Condition><estVrai var="T15895"/></Condition><Paragraphe>Vous pouvez porter plainte auprès du procureur de la République.</Paragraphe><Paragraphe>Pour cela, vous devez envoyer un courrier au <MiseEnEvidence>tribunal judiciaire du lieu de l'infraction ou du domicile de l'auteur de l'infraction</MiseEnEvidence>.</Paragraphe><OuSAdresser ID="R30" sve="non" type="Local"><Titre>Tribunal judiciaire</Titre><RessourceWeb URL="http://www.annuaires.justice.gouv.fr/"/><Source ID="R30663">Ministère chargé de la justice</Source></OuSAdresser><Paragraphe>Votre courrier doit préciser les éléments suivants :</Paragraphe><Liste type="puce"><Item><Paragraphe>Votre état civil et vos coordonnées complètes (adresse et numéro de téléphone)</Paragraphe></Item><Item><Paragraphe>Récit détaillé des faits, date et lieu de l'infraction</Paragraphe></Item><Item><Paragraphe>Nom de l'auteur supposé si vous le connaissez (sinon, la plainte sera déposée contre X)</Paragraphe></Item><Item><Paragraphe>Nom et adresse des éventuels témoins de l'infraction</Paragraphe></Item><Item><Paragraphe>Description et estimation provisoire ou définitive du préjudice</Paragraphe></Item><Item><Paragraphe>Vos documents de preuve : certificats médicaux, arrêts de travail, factures diverses, constats...</Paragraphe></Item><Item><Paragraphe>Votre éventuelle volonté de vous constituer partie civile</Paragraphe></Item></Liste><Paragraphe>Vous pouvez utiliser le modèle de courrier suivant :</Paragraphe><ServiceEnLigne ID="R11469" URL="https://www.service-public.fr/simulateur/calcul/Porter_plainte" audience="Particuliers" type="Modèle de document"><Titre>Porter plainte auprès du procureur de la République</Titre><Source ID="R30608">Direction de l'information légale et administrative (Dila) - Premier ministre</Source></ServiceEnLigne><Paragraphe>Vous pouvez envoyer votre plainte en lettre recommandée avec accusé de réception, par lettre simple ou par lettre suivie.</Paragraphe><Paragraphe>Vous pouvez aussi déposer votre plainte directement à l'accueil du tribunal.</Paragraphe><Paragraphe>Dans tous les cas, un récépissé vous est remis dès que les services du procureur de la République ont enregistré votre plainte.</Paragraphe></Cas></BlocCas><FragmentConditionne><Condition><estVrai var="T15895"/></Condition><Paragraphe>Vous pouvez aussi téléphoner à Info Escroqueries.</Paragraphe><OuSAdresser ID="R13147" sve="non" type="Centre de contact"><Titre>Info Escroqueries</Titre><Texte><Chapitre><Titre><Paragraphe>Par téléphone</Paragraphe></Titre><Paragraphe> <MiseEnEvidence>0 805 805 817</MiseEnEvidence></Paragraphe><Paragraphe>Du lundi au vendredi de 9h à 18h30.</Paragraphe><Paragraphe>Numéro vert (appel gratuit depuis la France).</Paragraphe></Chapitre></Texte></OuSAdresser></FragmentConditionne><FragmentConditionne><Condition><estVrai var="T15893"/></Condition><Paragraphe>Si vous avez déjà déposé une plainte en commissariat ou gendarmerie pour ces faits, vous pouvez faire un signalement :</Paragraphe><ServiceEnLigne ID="R46937" URL="https://demarches.service-public.fr/mademarche/arnaqueInternet/demarche?action=SIGNALEMENT&amp;type=FV" audience="Particuliers" type="Téléservice"><Titre>Signaler une escroquerie à la petite annonce (faux vendeur) - THESEE</Titre><Source ID="R30603">Ministère chargé de l'intérieur</Source><Introduction><Texte><Paragraphe>Se munir d'une adresse mail</Paragraphe></Texte></Introduction></ServiceEnLigne></FragmentConditionne><FragmentConditionne><Condition><estVrai var="T15894"/></Condition><Paragraphe>Si vous avez déjà déposé une plainte THESEE pour ces faits, vous pouvez déposer un complément dans votre tableau de bord :</Paragraphe><ServiceEnLigne ID="R64894" URL="https://www.service-public.fr/compte/tableau-de-bord" audience="Particuliers" type="Téléservice"><Titre>Tableau de bord (THESEE)</Titre><Source ID="R30603">Ministère chargé de l'intérieur</Source></ServiceEnLigne></FragmentConditionne></SousChapitre></Chapitre></Texte></Situation><Situation><Titre>Vous êtes mineur</Titre><Condition><estVrai var="T10032"/></Condition><Texte><FragmentConditionne><Condition><estVrai var="T10010"/></Condition><Paragraphe>Que faire si vous êtes victime d'une infraction liée à un achat sur internet ?</Paragraphe><Paragraphe>Les moyens de recours dépendent du type de site : site de petites annonces (le bon coin, e-bay...) ou faux site de vente.</Paragraphe></FragmentConditionne><Chapitre><Titre><Paragraphe>Sur un site marchand/professionnel</Paragraphe></Titre><Condition><estVrai var="T10204"/></Condition><SousChapitre><Titre><Paragraphe>Le bien (ou service) n'est pas conforme</Paragraphe></Titre><Condition><estVrai var="T10333"/></Condition><Paragraphe>Si le bien ou le service n'est pas conforme à votre commande, il convient de saisir <LienInterne LienPublication="F34284" type="Fiche Question-réponse conditionnée" audience="Particuliers">la Direction de la concurrence et de la répression des fraudes (DGCCRF)</LienInterne>.</Paragraphe></SousChapitre><SousChapitre><Titre><Paragraphe>Vous n'avez pas reçu le bien (ou le service)</Paragraphe></Titre><Condition><estVrai var="T10339"/></Condition><FragmentConditionne><Condition><estVrai var="T10031"/></Condition><Paragraphe>Vous n'avez rien reçu dans les délais ? Vous avez reçu un bien sans rapport avec la commande ? Dans ce cas, il faut <MiseEnEvidence>contacter le service client</MiseEnEvidence>.</Paragraphe></FragmentConditionne><FragmentConditionne><Condition><estVrai var="T10060"/></Condition><Paragraphe>Si vos échanges avec le service client n'ont pas réglé votre problème, vous devez <LienInterne LienPublication="F34284" type="Fiche Question-réponse conditionnée" audience="Particuliers">contacter la DGCCRF</LienInterne>.</Paragraphe></FragmentConditionne><FragmentConditionne><Condition><estVrai var="T10015"/></Condition><Paragraphe>Si le <MiseEnEvidence>service client n'existe pas ou ne répond pas</MiseEnEvidence>, il s'agit d'une escroquerie appelée "faux site de vente".</Paragraphe><Paragraphe>Vous pouvez porter plainte ou faire un signalement.</Paragraphe></FragmentConditionne><FragmentConditionne><Condition><estVrai var="T10015"/></Condition><Liste type="puce"><Item><Paragraphe><MiseEnEvidence>La plainte</MiseEnEvidence> est l'acte par lequel une victime d'infraction informe l’autorité judiciaire.</Paragraphe><Paragraphe>En portant plainte, vous devez donner votre identité. Cette démarche vous engage et les enquêteurs peuvent vous contacter. La plainte permet aussi de demander l'indemnisation du préjudice subi et d'être informé des suites données à l'affaire.</Paragraphe></Item><Item><Paragraphe><MiseEnEvidence>Le signalement</MiseEnEvidence> consiste uniquement à informer les services d'enquête de l'existence d'une infraction. Vous pouvez rester anonyme. Vous ne serez pas informé des suites de l'affaire. Vous ne pourrez pas demander une indemnisation.</Paragraphe></Item></Liste></FragmentConditionne><BlocCas affichage="onglet"><Cas><Titre>Faire un signalement (en ligne)</Titre><Condition><estVrai var="T10015"/></Condition><ServiceEnLigne ID="R48112" URL="https://demarches.service-public.fr/mademarche/arnaqueInternet/demarche?action=SIGNALEMENT&amp;type=FSV" audience="Particuliers" type="Téléservice"><Titre>Signaler un faux site commercial (THESEE)</Titre><Source ID="R30603">Ministère chargé de l'intérieur</Source><Introduction><Texte><Paragraphe>Se munir d'une adresse mail</Paragraphe></Texte></Introduction></ServiceEnLigne></Cas><Cas><Titre>Porter plainte (sur place)</Titre><Condition><estVrai var="T10015"/></Condition><Paragraphe>Vous devez vous adresser à un commissariat de police ou une brigade de gendarmerie.</Paragraphe><OuSAdresser ID="R13" sve="non" type="Local personnalisé sur SP"><Titre>Commissariat</Titre><PivotLocal>commissariat_police</PivotLocal><RessourceWeb URL="http://www.interieur.gouv.fr/Contact/Contacter-une-brigade-de-gendarmerie-ou-un-commissariat-de-police"/></OuSAdresser><OuSAdresser ID="R59967" sve="non" type="Local personnalisé sur SP"><Titre>Gendarmerie</Titre><PivotLocal>gendarmerie</PivotLocal><RessourceWeb URL="http://www.interieur.gouv.fr/Contact/Contacter-une-brigade-de-gendarmerie-ou-un-commissariat-de-police"/></OuSAdresser><Paragraphe>La réception de la plainte ne peut pas vous être refusée.</Paragraphe><Paragraphe>La plainte est ensuite transmise au procureur de la République.</Paragraphe><Paragraphe>Avant de vous rendre au commissariat ou à la gendarmerie, vous pouvez remplir une pré-plainte en ligne si vous êtes victime d'une atteinte aux biens (vol, escroquerie....) dont l'auteur vous est inconnu. Vous obtiendrez alors un rendez-vous et les policiers ou gendarmes auront déjà les éléments de votre plainte à votre arrivée.</Paragraphe><ServiceEnLigne ID="R19620" URL="https://www.pre-plainte-en-ligne.gouv.fr/" audience="Particuliers" type="Téléservice"><Titre>Pré-plainte en ligne</Titre><Source ID="R30603">Ministère chargé de l'intérieur</Source></ServiceEnLigne></Cas></BlocCas><Paragraphe>Vous pouvez aussi téléphoner à Info Escroqueries.</Paragraphe><OuSAdresser ID="R13147" sve="non" type="Centre de contact"><Titre>Info Escroqueries</Titre><Texte><Chapitre><Titre><Paragraphe>Par téléphone</Paragraphe></Titre><Paragraphe> <MiseEnEvidence>0 805 805 817</MiseEnEvidence></Paragraphe><Paragraphe>Du lundi au vendredi de 9h à 18h30.</Paragraphe><Paragraphe>Numéro vert (appel gratuit depuis la France).</Paragraphe></Chapitre></Texte></OuSAdresser></SousChapitre></Chapitre><Chapitre><Titre><Paragraphe>Sur un site de petites annonces</Paragraphe></Titre><Condition><estVrai var="T10318"/></Condition><Paragraphe>Vous avez voulu acheter en ligne un bien figurant sur une annonce avec photo(s) et vous estimez avoir été <MiseEnEvidence>trompé par le vendeur</MiseEnEvidence>.</Paragraphe><SousChapitre><Titre><Paragraphe>Le bien acheté n'est pas conforme</Paragraphe></Titre><Condition><estVrai var="T10333"/></Condition><Paragraphe>Vous devez contacter le vendeur (directement ou par l'intermédiaire du site), puis vérifier si vous avez reçu une réponse.</Paragraphe><Paragraphe>Si vous n'avez pas réussi à le joindre, vous êtes victime de faits pouvant être qualifiés d'escroquerie ou <Expression>faux vendeur</Expression>. Vous pouvez porter plainte ou faire un signalement.</Paragraphe><Liste type="puce"><Item><Paragraphe><MiseEnEvidence>La plainte</MiseEnEvidence> est l'acte par lequel une victime d'infraction informe l’autorité judiciaire.</Paragraphe><Paragraphe>En portant plainte, vous devez donner votre identité. Cette démarche vous engage et les enquêteurs peuvent vous contacter. La plainte permet aussi de demander l'indemnisation du préjudice subi et d'être informé des suites données à l'affaire.</Paragraphe></Item><Item><Paragraphe><MiseEnEvidence>Le signalement</MiseEnEvidence> consiste uniquement à informer les services d'enquête de l'existence d'une infraction. Vous pouvez rester anonyme. Vous ne serez pas informé des suites de l'affaire. Vous ne pourrez pas demander une indemnisation.</Paragraphe></Item></Liste><BlocCas affichage="onglet"><Cas><Titre>Faire un signalement (en ligne)</Titre><ServiceEnLigne ID="R46937" URL="https://demarches.service-public.fr/mademarche/arnaqueInternet/demarche?action=SIGNALEMENT&amp;type=FV" audience="Particuliers" type="Téléservice"><Titre>Signaler une escroquerie à la petite annonce (faux vendeur) - THESEE</Titre><Source ID="R30603">Ministère chargé de l'intérieur</Source><Introduction><Texte><Paragraphe>Se munir d'une adresse mail</Paragraphe></Texte></Introduction></ServiceEnLigne></Cas><Cas><Titre>Porter plainte (sur place)</Titre><Paragraphe>Vous devez vous adresser à un commissariat de police ou une brigade de gendarmerie.</Paragraphe><OuSAdresser ID="R13" sve="non" type="Local personnalisé sur SP"><Titre>Commissariat</Titre><PivotLocal>commissariat_police</PivotLocal><RessourceWeb URL="http://www.interieur.gouv.fr/Contact/Contacter-une-brigade-de-gendarmerie-ou-un-commissariat-de-police"/></OuSAdresser><OuSAdresser ID="R59967" sve="non" type="Local personnalisé sur SP"><Titre>Gendarmerie</Titre><PivotLocal>gendarmerie</PivotLocal><RessourceWeb URL="http://www.interieur.gouv.fr/Contact/Contacter-une-brigade-de-gendarmerie-ou-un-commissariat-de-police"/></OuSAdresser><Paragraphe>La réception de la plainte ne peut pas vous être refusée.</Paragraphe><Paragraphe>La plainte est ensuite transmise au procureur de la République.</Paragraphe><Paragraphe>Avant de vous rendre au commissariat ou à la gendarmerie, vous pouvez remplir une pré-plainte en ligne si vous êtes victime d'une atteinte aux biens (vol, escroquerie....) dont l'auteur vous est inconnu. Vous obtiendrez alors un rendez-vous et les policiers ou gendarmes auront déjà les éléments de votre plainte à votre arrivée.</Paragraphe><ServiceEnLigne ID="R19620" URL="https://www.pre-plainte-en-ligne.gouv.fr/" audience="Particuliers" type="Téléservice"><Titre>Pré-plainte en ligne</Titre><Source ID="R30603">Ministère chargé de l'intérieur</Source></ServiceEnLigne></Cas></BlocCas><ANoter><Titre>À noter</Titre><Paragraphe>si le vendeur est un professionnel, il convient de saisir <LienInterne LienPublication="F34284" type="Fiche Question-réponse conditionnée" audience="Particuliers">la Direction de la concurrence et de la répression des fraudes (DGCCRF)</LienInterne>.</Paragraphe></ANoter></SousChapitre><SousChapitre><Titre><Paragraphe>Vous n'avez pas reçu le bien (ou le service)</Paragraphe></Titre><Condition><estVrai var="T10339"/></Condition><Paragraphe>Si vous n'avez rien reçu, vous devez <MiseEnEvidence>contacter le particulier</MiseEnEvidence> (directement ou par l'intermédiaire du site) et revenir sur le portail pour vérifier si vous avez reçu une réponse.</Paragraphe><Paragraphe>Si vous n'avez pas réussi à contacter le vendeur, il s'agit d'une escroquerie appelée <Expression>faux vendeur</Expression>. Vous pouvez porter plainte ou faire un signalement.</Paragraphe><Liste type="puce"><Item><Paragraphe><MiseEnEvidence>La plainte</MiseEnEvidence> est l'acte par lequel une victime d'infraction informe l’autorité judiciaire.</Paragraphe><Paragraphe>En portant plainte, vous devez donner votre identité. Cette démarche vous engage et les enquêteurs peuvent vous contacter. La plainte permet aussi de demander l'indemnisation du préjudice subi et d'être informé des suites données à l'affaire.</Paragraphe></Item><Item><Paragraphe><MiseEnEvidence>Le signalement</MiseEnEvidence> consiste uniquement à informer les services d'enquête de l'existence d'une infraction. Vous pouvez rester anonyme. Vous ne serez pas informé des suites de l'affaire. Vous ne pourrez pas demander une indemnisation.</Paragraphe></Item></Liste><BlocCas affichage="onglet"><Cas><Titre>Faire un signalement (en ligne)</Titre><ServiceEnLigne ID="R46937" URL="https://demarches.service-public.fr/mademarche/arnaqueInternet/demarche?action=SIGNALEMENT&amp;type=FV" audience="Particuliers" type="Téléservice"><Titre>Signaler une escroquerie à la petite annonce (faux vendeur) - THESEE</Titre><Source ID="R30603">Ministère chargé de l'intérieur</Source><Introduction><Texte><Paragraphe>Se munir d'une adresse mail</Paragraphe></Texte></Introduction></ServiceEnLigne></Cas><Cas><Titre>Porter plainte (sur place)</Titre><Paragraphe>Vous devez vous adresser à un commissariat de police ou une brigade de gendarmerie.</Paragraphe><OuSAdresser ID="R13" sve="non" type="Local personnalisé sur SP"><Titre>Commissariat</Titre><PivotLocal>commissariat_police</PivotLocal><RessourceWeb URL="http://www.interieur.gouv.fr/Contact/Contacter-une-brigade-de-gendarmerie-ou-un-commissariat-de-police"/></OuSAdresser><OuSAdresser ID="R59967" sve="non" type="Local personnalisé sur SP"><Titre>Gendarmerie</Titre><PivotLocal>gendarmerie</PivotLocal><RessourceWeb URL="http://www.interieur.gouv.fr/Contact/Contacter-une-brigade-de-gendarmerie-ou-un-commissariat-de-police"/></OuSAdresser><Paragraphe>La réception de la plainte ne peut pas vous être refusée.</Paragraphe><Paragraphe>La plainte est ensuite transmise au procureur de la République.</Paragraphe><Paragraphe>Avant de vous rendre au commissariat ou à la gendarmerie, vous pouvez remplir une pré-plainte en ligne si vous êtes victime d'une atteinte aux biens (vol, escroquerie....) dont l'auteur vous est inconnu. Vous obtiendrez alors un rendez-vous et les policiers ou gendarmes auront déjà les éléments de votre plainte à votre arrivée.</Paragraphe><ServiceEnLigne ID="R19620" URL="https://www.pre-plainte-en-ligne.gouv.fr/" audience="Particuliers" type="Téléservice"><Titre>Pré-plainte en ligne</Titre><Source ID="R30603">Ministère chargé de l'intérieur</Source></ServiceEnLigne></Cas></BlocCas><Paragraphe>Vous pouvez aussi téléphoner à Info Escroqueries.</Paragraphe><OuSAdresser ID="R13147" sve="non" type="Centre de contact"><Titre>Info Escroqueries</Titre><Texte><Chapitre><Titre><Paragraphe>Par téléphone</Paragraphe></Titre><Paragraphe> <MiseEnEvidence>0 805 805 817</MiseEnEvidence></Paragraphe><Paragraphe>Du lundi au vendredi de 9h à 18h30.</Paragraphe><Paragraphe>Numéro vert (appel gratuit depuis la France).</Paragraphe></Chapitre></Texte></OuSAdresser></SousChapitre></Chapitre></Texte></Situation></ListeSituations><OuSAdresser ID="R20797" sve="non" type="National"><Titre>Direction générale de la concurrence, de la consommation et de la répression des fraudes (DGCCRF)</Titre><Source ID="R48597">Direction générale de la concurrence de la consommation et de la répression des fraudes (DGCCRF)</Source><Texte><Paragraphe>Si vous souhaitez signaler une difficulté rencontrée avec un commerçant</Paragraphe><Chapitre><Titre><Paragraphe>Sur internet</Paragraphe></Titre><Paragraphe>Vous pouvez utiliser le site <LienInterne LienPublication="R58969" type="Téléservice" audience="Particuliers">Signal Conso</LienInterne>.</Paragraphe><Paragraphe>La DGCCRF et le commerçant concerné seront informés de votre démarche.</Paragraphe></Chapitre><Chapitre><Titre><Paragraphe>Par téléphone</Paragraphe></Titre><Paragraphe><MiseEnEvidence>0809 540 550</MiseEnEvidence></Paragraphe><Paragraphe>Numéro non surtaxé</Paragraphe><Paragraphe>Heures d'ouverture :</Paragraphe><Liste type="puce"><Item><Paragraphe>Lundi et mardi : de 8h30 à 12h30 et de 13h15 à 17h15</Paragraphe></Item><Item><Paragraphe>Mercredi : de 13h15 à 17h15</Paragraphe></Item><Item><Paragraphe>Jeudi : de 8h30 à 12h30</Paragraphe></Item><Item><Paragraphe>Vendredi : de 8h30 à 16h</Paragraphe></Item></Liste></Chapitre><Chapitre><Titre><Paragraphe>Par courrier</Paragraphe></Titre><Paragraphe>DGCCRF - RéponseConso - BP 60 - 34935 Montpellier Cedex 9</Paragraphe></Chapitre></Texte></OuSAdresser><OuSAdresser ID="R15954" sve="non" type="National"><Titre>Centre européen des consommateurs France</Titre><RessourceWeb URL="https://www.europe-consommateurs.eu/nous-contacter.html"/></OuSAdresser><Reference type="Texte de référence" URL="https://www.legifrance.gouv.fr/codes/section_lc/LEGITEXT000006070719/LEGISCTA000006165331/" ID="R21936"><Titre>Code pénal : articles 313-1 à 313-3</Titre><Complement>Escroquerie</Complement></Reference><Reference type="Texte de référence" URL="https://www.legifrance.gouv.fr/codes/section_lc/LEGITEXT000006069565/LEGISCTA000032221247/2022-08-09/" ID="R37180"><Titre>Code de la consommation : articles L216-1 à L216-8</Titre><Complement>Retard de livraison</Complement></Reference><Reference type="Texte de référence" URL="https://www.legifrance.gouv.fr/loda/id/JORFTEXT000042056637/" ID="R18520"><Titre>Arrêté du 26 juin 2020 sur la création du traitement harmonisé des enquêtes et des signalements pour les e-escroqueries (Thésée)</Titre></Reference><ServiceEnLigne ID="R45758" URL="https://demarches.service-public.fr/mademarche/arnaqueInternet/demarche?action=PLAINTE&amp;type=FSV" audience="Particuliers" type="Téléservice"><Titre>Porter plainte pour un faux site commercial (THESEE)</Titre><Source ID="R30603">Ministère chargé de l'intérieur</Source></ServiceEnLigne><ServiceEnLigne ID="R48112" URL="https://demarches.service-public.fr/mademarche/arnaqueInternet/demarche?action=SIGNALEMENT&amp;type=FSV" audience="Particuliers" type="Téléservice"><Titre>Signaler un faux site commercial (THESEE)</Titre><Source ID="R30603">Ministère chargé de l'intérieur</Source></ServiceEnLigne><ServiceEnLigne ID="R46002" URL="https://demarches.service-public.fr/mademarche/arnaqueInternet/demarche?action=PLAINTE&amp;type=FV" audience="Particuliers" type="Téléservice"><Titre>Porter plainte pour une escroquerie à la petite annonce (faux vendeur) - THESEE</Titre><Source ID="R30603">Ministère chargé de l'intérieur</Source></ServiceEnLigne><ServiceEnLigne ID="R46937" URL="https://demarches.service-public.fr/mademarche/arnaqueInternet/demarche?action=SIGNALEMENT&amp;type=FV" audience="Particuliers" type="Téléservice"><Titre>Signaler une escroquerie à la petite annonce (faux vendeur) - THESEE</Titre><Source ID="R30603">Ministère chargé de l'intérieur</Source></ServiceEnLigne><ServiceEnLigne ID="R42116" URL="https://demarches.service-public.fr/mademarche/arnaqueInternet/demarche?action=SIGNALEMENT&amp;type=FA" audience="Particuliers" type="Téléservice"><Titre>Signaler une escroquerie à la petite annonce (faux acheteur) - THESEE</Titre><Source ID="R30603">Ministère chargé de l'intérieur</Source></ServiceEnLigne><Definition ID="R48788"><Titre>Identification avec FranceConnect</Titre><Texte><Paragraphe>Connexion avec l'identifiant et le mot de passe de l'un des comptes suivants : Impots.gouv, Ameli, Iidentitenumerique (laposte), Yris, MSA ou Alicem</Paragraphe></Texte></Definition></Publication>