<?xml version="1.0" encoding="UTF-8"?><Publication xmlns:dc="http://purl.org/dc/elements/1.1/" xmlns:xsi="http://www.w3.org/2001/XMLSchema-instance" ID="F34009" type="Fiche d'information conditionnée" xsi:noNamespaceSchemaLocation="../Schemas/3.4/Publication.xsd" dateDerniereModificationImportante="2024-01-01T00:00:00" spUrl="https://www.service-public.fr/particuliers/vosdroits/F34009" statut="miseAJourAVenir"><dc:title>Impôt sur le revenu - Prélèvement à la source</dc:title><dc:creator>Direction de l'information légale et administrative</dc:creator><dc:subject>Argent - Impôts - Consommation</dc:subject><dc:description>L'impôt sur le revenu est prélevé à la source, en même temps que vous percevez ces revenus (salaire, pension par exemple).</dc:description><dc:publisher>Direction de l'information légale et administrative</dc:publisher><dc:contributor>Direction de l'information légale et administrative (Premier ministre)</dc:contributor><dc:date>modified 2024-01-01</dc:date><dc:type>Fiche pratique</dc:type><dc:format>text/xml</dc:format><dc:identifier>F34009</dc:identifier><dc:source>https://www.legifrance.gouv.fr/codes/section_lc/LEGITEXT000006069577/LEGISCTA000033779948, https://www.legifrance.gouv.fr/loda/article_lc/LEGIARTI000038836271/, https://bofip.impots.gouv.fr/bofip/11255-PGP, https://bofip.impots.gouv.fr/bofip/1055-PGP.html</dc:source><dc:language>Fr</dc:language><dc:relation>isPartOf N219</dc:relation><dc:coverage>France entière</dc:coverage><dc:rights>https://www.service-public.fr/a-propos/mentions-legales</dc:rights><SurTitre>Fiche pratique</SurTitre><Audience>Particuliers</Audience><Canal>www.service-public.fr</Canal><FilDAriane><Niveau ID="Particuliers">Accueil particuliers</Niveau><Niveau ID="N19803">Argent - Impôts - Consommation</Niveau><Niveau ID="N219">Impôt sur le revenu : calcul et paiement</Niveau><Niveau ID="F34009" type="Fiche d'information conditionnée">Impôt sur le revenu - Prélèvement à la source</Niveau></FilDAriane><Theme ID="N19803"><Titre>Argent - Impôts - Consommation</Titre></Theme><SousThemePere ID="N20073">Impôts, taxes et douane</SousThemePere><DossierPere ID="N219"><Titre>Impôt sur le revenu : calcul et paiement</Titre><Fiche ID="F34328">Calcul du montant de l'impôt</Fiche><Fiche ID="F34009">Prélèvement à la source</Fiche></DossierPere><Avertissement ID="R35411" date="2024-01-01"><Titre>Impôt sur le revenu : déclaration 2024 des revenus de 2023</Titre><Texte><Paragraphe>Cette page est à jour pour la déclaration des revenus de 2023.</Paragraphe><Paragraphe>Cependant, les formulaires, services en ligne et documents d'information ne sont pas encore disponibles pour la campagne 2024. Ils seront mis en ligne dès qu'ils seront disponibles.</Paragraphe></Texte></Avertissement><Questionnaire><Question><Titre><Paragraphe>Touchez-vous un salaire, une retraite ou un revenu de remplacement ?</Paragraphe></Titre><Choix><Titre><Paragraphe>Oui</Paragraphe></Titre><IntituleSiSelectionne><Paragraphe>Vous touchez un salaire, une retraite ou un revenu de remplacement</Paragraphe></IntituleSiSelectionne><SiSelectionne><affecteVrai var="T13347"/></SiSelectionne></Choix><Choix><Titre><Paragraphe>Non</Paragraphe></Titre><IntituleSiSelectionne><Paragraphe>Vous ne touchez ni salaire, ni retraite ou ni revenu de remplacement</Paragraphe></IntituleSiSelectionne><SiSelectionne><affecteFaux var="T13347"/></SiSelectionne></Choix></Question><Question><Titre><Paragraphe>Touchez-vous des revenus fonciers ?</Paragraphe></Titre><Choix><Titre><Paragraphe>Oui</Paragraphe></Titre><IntituleSiSelectionne><Paragraphe>Vous touchez des revenus fonciers</Paragraphe></IntituleSiSelectionne><SiSelectionne><affecteVrai var="T10281"/></SiSelectionne></Choix><Choix><Titre><Paragraphe>Non</Paragraphe></Titre><IntituleSiSelectionne><Paragraphe>Vous ne touchez pas de revenus fonciers</Paragraphe></IntituleSiSelectionne><SiSelectionne><affecteFaux var="T10281"/></SiSelectionne></Choix></Question><Question><Titre><Paragraphe>Touchez-vous des revenus d'un travail indépendant ?</Paragraphe></Titre><Choix><Titre><Paragraphe>Oui</Paragraphe></Titre><IntituleSiSelectionne><Paragraphe>Vous touchez des revenus d'un travail indépendant</Paragraphe></IntituleSiSelectionne><SiSelectionne><affecteVrai var="T12519"/></SiSelectionne></Choix><Choix><Titre><Paragraphe>Non</Paragraphe></Titre><IntituleSiSelectionne><Paragraphe>Vous ne touchez pas de revenus d'un travail indépendant</Paragraphe></IntituleSiSelectionne><SiSelectionne><affecteFaux var="T12519"/></SiSelectionne></Choix></Question><Question><Titre><Paragraphe>Touchez-vous des pensions alimentaires ?</Paragraphe></Titre><Choix><Titre><Paragraphe>Oui</Paragraphe></Titre><IntituleSiSelectionne><Paragraphe>Vous touchez des pensions alimentaires</Paragraphe></IntituleSiSelectionne><SiSelectionne><affecteVrai var="T12309"/></SiSelectionne></Choix><Choix><Titre><Paragraphe>Non</Paragraphe></Titre><IntituleSiSelectionne><Paragraphe>Vous ne touchez pas de pensions alimentaires</Paragraphe></IntituleSiSelectionne><SiSelectionne><affecteFaux var="T12309"/></SiSelectionne></Choix></Question><Question><Titre><Paragraphe>Touchez-vous des rentes viagères à titre onéreux ?</Paragraphe></Titre><Choix><Titre><Paragraphe>Oui</Paragraphe></Titre><IntituleSiSelectionne><Paragraphe>Vous touchez des rentes viagères à titre onéreux</Paragraphe></IntituleSiSelectionne><SiSelectionne><affecteVrai var="T12312"/></SiSelectionne></Choix><Choix><Titre><Paragraphe>Non</Paragraphe></Titre><IntituleSiSelectionne><Paragraphe>Vous ne touchez pas de rentes viagères à titre onéreux</Paragraphe></IntituleSiSelectionne><SiSelectionne><affecteFaux var="T12312"/></SiSelectionne></Choix></Question><Question><Titre><Paragraphe>Touchez-vous des revenus de source étrangère ?</Paragraphe></Titre><Choix><Titre><Paragraphe>Oui</Paragraphe></Titre><IntituleSiSelectionne><Paragraphe>Vous touchez des revenus de source étrangère</Paragraphe></IntituleSiSelectionne><SiSelectionne><affecteVrai var="T10580"/></SiSelectionne></Choix><Choix><Titre><Paragraphe>Non</Paragraphe></Titre><IntituleSiSelectionne><Paragraphe>Vous ne touchez pas de revenus de source étrangère</Paragraphe></IntituleSiSelectionne><SiSelectionne><affecteFaux var="T10580"/></SiSelectionne></Choix></Question></Questionnaire><Texte><Chapitre><Titre><Paragraphe>Qu'est-ce que le prélèvement à la source de l'impôt sur le revenu ?</Paragraphe></Titre><Paragraphe>Le prélèvement à la source consiste à faire payer l'impôt en même temps que vous percevez vos revenus.</Paragraphe><Paragraphe>Si vous êtes <MiseEnEvidence>salarié ou retraité</MiseEnEvidence>, l'impôt est collecté par votre employeur ou votre caisse de retraite.</Paragraphe><Paragraphe>Vous payez l'impôt sur le revenu correspondant par des <LienInterne LienPublication="F3120" type="Fiche Question-réponse conditionnée" audience="Particuliers">acomptes prélevés sur votre compte bancaire</LienInterne> directement par l'administration fiscale si vous êtes dans<MiseEnEvidence> l'une des situations suivantes :</MiseEnEvidence></Paragraphe><Liste type="puce"><Item><Paragraphe>Travailleur indépendant</Paragraphe></Item><Item><Paragraphe>Agriculteur</Paragraphe></Item><Item><Paragraphe>Vous bénéficiez de revenus perçus directement (par exemple revenus fonciers).</Paragraphe></Item></Liste></Chapitre><Chapitre><Titre><Paragraphe>Comment l'impôt est-il prélevé à la source ?</Paragraphe></Titre><BlocCas affichage="radio"><Cas><Titre>Salaires, retraites et revenus de remplacement</Titre><Condition><estVrai var="T13347"/></Condition><Paragraphe>Le prélèvement s'applique aux revenus suivants :</Paragraphe><Liste type="puce"><Item><Paragraphe>Traitements et salaires</Paragraphe></Item><Item><Paragraphe>Pensions de retraite</Paragraphe></Item><Item><Paragraphe>Allocations de chômage</Paragraphe></Item><Item><Paragraphe>Indemnités journalières de maladie</Paragraphe></Item><Item><Paragraphe>Fraction imposable des indemnités de licenciement</Paragraphe></Item></Liste><ASavoir><Titre>À savoir</Titre><Paragraphe>Le prélèvement est indiqué sur votre <LienInterne LienPublication="F559" type="Fiche d'information conditionnée" audience="Particuliers">feuille de paie</LienInterne>.</Paragraphe></ASavoir><Paragraphe>L'impôt est <MiseEnEvidence>prélevé directement sur votre revenu par le collecteur</MiseEnEvidence> selon un taux de prélèvement calculé par l'administration fiscale. Par exemple, votre employeur ou votre caisse de retraite, France Travail (anciennement Pôle emploi), Assurance maladie.</Paragraphe><Paragraphe>Si votre situation change en cours d'année (modification des revenus ou situation de famille), vous pouvez <LienInterne LienPublication="F35894" type="Fiche Question-réponse conditionnée" audience="Particuliers">demander une modification de votre taux</LienInterne>.</Paragraphe><Paragraphe>Cette modulation est possible à la baisse sous certaines conditions.</Paragraphe></Cas><Cas><Titre>Revenus fonciers</Titre><Condition><estVrai var="T10281"/></Condition><Paragraphe>Ces revenus sont soumis à l'impôt sur le revenu par des <LienInterne LienPublication="F3120" type="Fiche Question-réponse conditionnée" audience="Particuliers">acomptes prélevés par l'administration fiscale</LienInterne> sur votre compte bancaire.</Paragraphe><Paragraphe>Les acomptes prélevés sont calculés par l'administration fiscale sur la base du montant des revenus déclarés l'année précédente.</Paragraphe><Paragraphe>Ils sont prélevés sur votre compte bancaire chaque mois (ou chaque trimestre sous certaines conditions).</Paragraphe></Cas><Cas><Titre>Pensions alimentaires</Titre><Condition><estVrai var="T12309"/></Condition><Paragraphe>Ces revenus sont soumis à l'impôt sur le revenu par des <LienInterne LienPublication="F3120" type="Fiche Question-réponse conditionnée" audience="Particuliers">acomptes prélevés par l'administration fiscale</LienInterne> sur votre compte bancaire.</Paragraphe><Paragraphe>Les acomptes prélevés sont calculés par l'administration fiscale sur la base du montant des revenus déclarés l'année précédente.</Paragraphe><Paragraphe>Ils sont prélevés sur votre compte bancaire chaque mois (ou chaque trimestre sous certaines conditions).</Paragraphe></Cas><Cas><Titre>Rentes viagères à titre onéreux</Titre><Condition><estVrai var="T12312"/></Condition><Paragraphe>Les <LienIntra LienID="R2218" type="Définition de glossaire">rentes viagères à titre onéreux</LienIntra> sont imposables.</Paragraphe><Paragraphe>Ces revenus sont soumis à l'impôt sur le revenu par des <LienInterne LienPublication="F3120" type="Fiche Question-réponse conditionnée" audience="Particuliers">acomptes prélevés par l'administration fiscale</LienInterne> sur votre compte bancaire.</Paragraphe><Paragraphe>Les acomptes prélevés sont calculés par l'administration fiscale sur la base du montant des revenus déclarés l'année précédente.</Paragraphe><Paragraphe>Ils sont prélevés sur votre compte bancaire chaque mois (ou chaque trimestre sous certaines conditions).</Paragraphe></Cas><Cas><Titre>Revenus des travailleurs indépendants</Titre><Condition><estVrai var="T12519"/></Condition><Paragraphe>Ces revenus sont soumis à l'impôt sur le revenu par des <LienInterne LienPublication="F3120" type="Fiche Question-réponse conditionnée" audience="Particuliers">acomptes prélevés par l'administration fiscale</LienInterne> sur votre compte bancaire.</Paragraphe><Paragraphe>Les acomptes prélevés sont calculés par l'administration fiscale sur la base du montant des revenus déclarés l'année précédente.</Paragraphe><Paragraphe>Ils sont prélevés sur votre compte bancaire chaque mois (ou chaque trimestre sous certaines conditions).</Paragraphe></Cas><Cas><Titre>Revenus de source étrangère</Titre><Condition><estVrai var="T10580"/></Condition><Paragraphe>Ces revenus sont soumis à l'impôt sur le revenu par des <LienInterne LienPublication="F3120" type="Fiche Question-réponse conditionnée" audience="Particuliers">acomptes prélevés par l'administration fiscale</LienInterne> sur votre compte bancaire.</Paragraphe><Paragraphe>Les acomptes prélevés sont calculés par l'administration fiscale sur la base du montant des revenus déclarés l'année précédente.</Paragraphe><Paragraphe>Ils sont prélevés sur votre compte bancaire chaque mois (ou chaque trimestre sous certaines conditions).</Paragraphe></Cas></BlocCas></Chapitre><Chapitre><Titre><Paragraphe>Comment signaler un changement de situation de famille ?</Paragraphe></Titre><Paragraphe>Signalez à l'administration fiscale <MiseEnEvidence>dans les 60 jours</MiseEnEvidence> tout changement dans votre situation :</Paragraphe><Liste type="puce"><Item><Paragraphe>Mariage</Paragraphe></Item><Item><Paragraphe>Signature d'un <LienInterne LienPublication="R45368" type="Sigle">Pacs</LienInterne></Paragraphe></Item><Item><Paragraphe>Naissance, adoption ou recueil d'un enfant mineur</Paragraphe></Item><Item><Paragraphe>Décès de l'un des époux(se) ou partenaire de Pacs</Paragraphe></Item><Item><Paragraphe>Divorce ou rupture de Pacs</Paragraphe></Item></Liste><Paragraphe>Vous pouvez signaler le changement directement <MiseEnEvidence>dans votre espace Particulier en ligne</MiseEnEvidence>.</Paragraphe><ServiceEnLigne ID="R3120" URL="https://cfspart.impots.gouv.fr/LoginMDP" audience="Particuliers" type="Téléservice"><Titre>Impôts : accéder à votre espace Particulier</Titre><Source ID="R30612">Ministère chargé des finances</Source></ServiceEnLigne><Paragraphe>Signaler le changement de situation permet de <LienInterne LienPublication="F35894" type="Fiche Question-réponse conditionnée" audience="Particuliers">changer votre taux de prélèvement</LienInterne>.</Paragraphe></Chapitre><Chapitre><Titre><Paragraphe>Quel est le taux de prélèvement appliqué ?</Paragraphe></Titre><BlocCas affichage="radio"><Cas><Titre>Vous résidez en France</Titre><Paragraphe>Le taux de prélèvement qui vous est appliqué est <MiseEnEvidence>déterminé par le service des impôts</MiseEnEvidence>.</Paragraphe><Paragraphe>Vous l'obtenez après avoir réalisé votre déclaration de revenus.</Paragraphe><Paragraphe>Vous pouvez le retrouver sur votre espace Particulier du site <Expression>impots.gouv.fr</Expression>.</Paragraphe><ServiceEnLigne ID="R3120" URL="https://cfspart.impots.gouv.fr/LoginMDP" audience="Particuliers" type="Téléservice"><Titre>Impôts : accéder à votre espace Particulier</Titre><Source ID="R30612">Ministère chargé des finances</Source></ServiceEnLigne><Paragraphe>Ce taux est communiqué à votre employeur ou votre caisse de retraite pour mettre en place le prélèvement.</Paragraphe><ASavoir><Titre>À savoir</Titre><Paragraphe>Le taux de prélèvement est <MiseEnEvidence>modifié chaque année en septembre</MiseEnEvidence>, en fonction de la déclaration des revenus effectuée au printemps.</Paragraphe></ASavoir></Cas><Cas><Titre>Vous êtes non-résident fiscal</Titre><Paragraphe>Vous êtes soumis à une <MiseEnEvidence>retenue à la source spécifique</MiseEnEvidence>.</Paragraphe><Paragraphe>Elle s'applique aux revenus suivants :</Paragraphe><Liste type="puce"><Item><Paragraphe>Traitements et salaires pour une activité exercée en France</Paragraphe></Item><Item><Paragraphe>Pensions et rentes viagères si l'organisme (ou la personne) qui vous les verse est établi en France</Paragraphe></Item></Liste><Paragraphe>La retenue est calculée par tranches de revenus aux taux suivants :</Paragraphe><Liste type="puce"><Item><Paragraphe><Valeur>0 %</Valeur></Paragraphe></Item><Item><Paragraphe><Valeur>12 %</Valeur></Paragraphe></Item><Item><Paragraphe><Valeur>20 %</Valeur></Paragraphe></Item></Liste><Paragraphe>Ces taux s'appliquent <LienExterne URL="https://www.impots.gouv.fr/international-particulier/questions/comment-declarer-la-retenue-la-source-prelevee-par-mon-employeur">selon un barème annuel</LienExterne> et après un abattement de <Valeur>10 %</Valeur>.</Paragraphe><ANoter><Titre>À noter</Titre><Paragraphe>Les taux sont différents pour les revenus provenant des <LienInterne LienPublication="R63765" type="Acronyme">Dom</LienInterne>.</Paragraphe></ANoter><Paragraphe>La retenue est prélevée par votre employeur ou votre caisse de retraite.</Paragraphe><Paragraphe>Vous devez déclarer votre retenue à la source. Cochez la case « Retenue à la source des non-résidents » de votre déclaration de revenus en ligne, puis complétez les champs concernés.</Paragraphe><ServiceEnLigne ID="R1280" URL="https://cfspart.impots.gouv.fr/LoginMDP" audience="Particuliers" type="Téléservice"><Titre>Déclaration 2023 en ligne des revenus de 2022</Titre><Source ID="R30612">Ministère chargé des finances</Source></ServiceEnLigne></Cas></BlocCas></Chapitre><Chapitre><Titre><Paragraphe>Comment changer mon taux de prélèvement à la source ?</Paragraphe></Titre><Paragraphe>Vous avez la possibilité d'utiliser <LienInterne LienPublication="F35894" type="Fiche Question-réponse conditionnée" audience="Particuliers">un autre taux selon votre situation</LienInterne>.</Paragraphe><BlocCas affichage="radio"><Cas><Titre>Vous voulez un taux moins élevé que celui de votre époux ou partenaire de Pacs</Titre><Paragraphe>Si vous êtes marié ou pacsé, vous effectuez une <MiseEnEvidence>déclaration commune</MiseEnEvidence> et vous avez un taux de prélèvement identique.</Paragraphe><Paragraphe>Vous pouvez cependant <MiseEnEvidence>opter pour un taux de prélèvement individualisé</MiseEnEvidence>.</Paragraphe><Paragraphe>Chaque membre du couple obtient ainsi un taux <MiseEnEvidence>en fonction de ses propres revenus</MiseEnEvidence>.</Paragraphe><ASavoir><Titre>À savoir</Titre><Paragraphe><MiseEnEvidence>À partir du 1<Exposant>er</Exposant> septembre 2025</MiseEnEvidence>, chaque membre d'un couple marié ou pacsé (soumis à imposition commune) bénéficiera <MiseEnEvidence>automatiquement</MiseEnEvidence> d'un <MiseEnEvidence>taux individualisé,</MiseEnEvidence> en fonction de ses revenus. Il sera possible d'opter pour le taux du <LienIntra LienID="R1046" type="Définition de glossaire">foyer fiscal</LienIntra>, basé sur les revenus du couple.</Paragraphe></ASavoir></Cas><Cas><Titre>Vous voulez un taux neutre vis-à-vis de votre employeur</Titre><Paragraphe>Si vous ne souhaitez pas transmettre votre taux personnalisé à votre employeur, celui-ci appliquera <MiseEnEvidence>un taux neutre</MiseEnEvidence> (aussi appelé <Expression>taux par défaut</Expression>).</Paragraphe><Paragraphe>Il est généralement supérieur à votre taux personnalisé.</Paragraphe><Paragraphe>Si le taux neutre est plus faible que votre taux personnalisé, vous devrez verser tous les mois la différence entre le prélèvement effectué et celui qui aurait été réalisé avec le taux personnalisé.</Paragraphe></Cas></BlocCas><Paragraphe>Vous pouvez demander le changement directement <MiseEnEvidence>dans votre espace Particulier en ligne</MiseEnEvidence>.</Paragraphe><ServiceEnLigne ID="R3120" URL="https://cfspart.impots.gouv.fr/LoginMDP" audience="Particuliers" type="Téléservice"><Titre>Impôts : accéder à votre espace Particulier</Titre><Source ID="R30612">Ministère chargé des finances</Source></ServiceEnLigne><Paragraphe>Si vous voulez obtenir des informations personnalisées, vous pouvez contacter ce service :</Paragraphe><OuSAdresser ID="R20684" sve="non" type="Centre de contact"><Titre>Service d'information des impôts</Titre><Source ID="R30612">Ministère chargé des finances</Source><Texte><Paragraphe>Par téléphone :</Paragraphe><Paragraphe><MiseEnEvidence>0809 401 401</MiseEnEvidence></Paragraphe><Paragraphe>Du lundi au vendredi de 8h30 à 19h, hors jours fériés.</Paragraphe><Paragraphe>Service gratuit + prix appel</Paragraphe></Texte></OuSAdresser></Chapitre><Chapitre><Titre><Paragraphe>Doit-on toujours déclarer ses revenus chaque année ?</Paragraphe></Titre><Paragraphe><MiseEnEvidence>La déclaration de revenus est obligatoire</MiseEnEvidence>, quel que soit le montant de vos revenus.</Paragraphe><Paragraphe>Le prélèvement à la source de l'impôt sur le revenu ne modifie pas cette obligation.</Paragraphe><Paragraphe>Vous pouvez bénéficier d'une <MiseEnEvidence>déclaration automatique</MiseEnEvidence>.</Paragraphe><Paragraphe>Vous recevez un avis indiquant vos revenus.</Paragraphe><Paragraphe>Votre obligation dépend de votre situation :</Paragraphe><BlocCas affichage="radio"><Cas><Titre>Votre situation n'a pas changé</Titre><Paragraphe>Si vos revenus n'ont pas changé, <MiseEnEvidence>vous n'avez pas à faire de déclaration</MiseEnEvidence>.</Paragraphe></Cas><Cas><Titre>Votre situation a changé</Titre><Paragraphe><MiseEnEvidence>Vous devez faire une déclaration</MiseEnEvidence> si votre situation change.</Paragraphe><Paragraphe>Par exemple, si vous avez un enfant, si vous vous mariez ou si vos revenus sont modifiés par rapport à l'année précédente.</Paragraphe></Cas></BlocCas></Chapitre><Chapitre ID="T14131"><Titre><Paragraphe>Quand faut-il payer un complément d'impôt ?</Paragraphe></Titre><Paragraphe>Si <MiseEnEvidence>l'impôt </MiseEnEvidence>calculé à partir de votre déclaration est <MiseEnEvidence>plus élevé que le total des prélèvements réalisés</MiseEnEvidence> l'année précédente, il vous reste un complément d'impôt à payer.</Paragraphe><Exemple><Titre>Exemple</Titre><Paragraphe>En 2023, vous avez versé <Valeur>150 €</Valeur> par mois de prélèvement à source, soit un total annuel de <Valeur>1 800 €</Valeur>.</Paragraphe><Paragraphe>L'impôt calculé à partir de votre déclaration effectuée au printemps 2024 est de <Valeur>2 100 €</Valeur>.</Paragraphe><Paragraphe>Vous devrez verser un complément d'impôt de <Valeur>300 €</Valeur> (<Valeur>2 100 €</Valeur> - <Valeur>1 800 €</Valeur>).</Paragraphe></Exemple><Paragraphe>Plusieurs raisons peuvent expliquer cet écart, notamment les suivantes :</Paragraphe><Liste type="puce"><Item><Paragraphe>Vos revenus ont augmenté et vous n'avez pas demandé à <LienInterne LienPublication="F35894" type="Fiche Question-réponse conditionnée" audience="Particuliers">changer votre taux de prélèvement</LienInterne></Paragraphe></Item><Item><Paragraphe>Vous avez touché un <LienInterne LienPublication="F426" type="Fiche d'information conditionnée" audience="Particuliers">acompte de réductions ou crédits d'impôt</LienInterne> trop élevé</Paragraphe></Item></Liste><Paragraphe>Le complément (solde) d'impôt à payer est indiqué sur votre avis d'impôt.</Paragraphe><Paragraphe>Le complément d'impôt est prélevé sur votre compte bancaire de l'une des façons suivantes :</Paragraphe><Liste type="puce"><Item><Paragraphe>Jusqu'à <Valeur>300 €</Valeur> : en 1 fois en septembre</Paragraphe></Item><Item><Paragraphe>Plus de <Valeur>300 €</Valeur> : en 4 fois de septembre à décembre</Paragraphe></Item></Liste><Paragraphe>En plus du complément d'impôt, vous continuez à payer votre prélèvement à la source pour l'année en cours.</Paragraphe><Paragraphe>Par exemple, vous payez le complément d'impôt dû pour 2023 et le prélèvement à la source dû pour vos revenus de 2024.</Paragraphe><Paragraphe>Si vous avez des difficultés pour payer le complément d'impôt, vous pouvez <LienInterne LienPublication="F3124" type="Fiche d'information conditionnée" audience="Particuliers">demander un délai de paiement</LienInterne>.</Paragraphe><Paragraphe><MiseEnEvidence>Vidéo - Prélèvement à la source : pourquoi ai-je un solde à payer ?</MiseEnEvidence></Paragraphe><Video URL="https://www.youtube.com/watch?v=VK0a4KV-kDY" type="Video" langue="fr" fournisseur="youTube" format="text/html" redimensionnable="oui"><Titre>Prélèvement à la source : pourquoi ai-je un solde à payer ?</Titre><Source ID="R32241">Direction générale des finances publiques</Source></Video></Chapitre><Chapitre><Titre><Paragraphe>Comment signaler un changement bancaire ?</Paragraphe></Titre><Paragraphe>En cas de changement de vos coordonnées bancaires, vous devez prévenir les services fiscaux depuis votre espace personnel sur <Expression>impots.gouv.fr</Expression> ou par téléphone.</Paragraphe><BlocCas affichage="radio"><Cas><Titre>Par internet</Titre><ServiceEnLigne ID="R3120" URL="https://cfspart.impots.gouv.fr/LoginMDP" audience="Particuliers" type="Téléservice"><Titre>Impôts : accéder à votre espace Particulier</Titre><Source ID="R30612">Ministère chargé des finances</Source></ServiceEnLigne></Cas><Cas><Titre>Par téléphone</Titre><OuSAdresser ID="R20684" sve="non" type="Centre de contact"><Titre>Service d'information des impôts</Titre><Source ID="R30612">Ministère chargé des finances</Source><Texte><Paragraphe>Par téléphone :</Paragraphe><Paragraphe><MiseEnEvidence>0809 401 401</MiseEnEvidence></Paragraphe><Paragraphe>Du lundi au vendredi de 8h30 à 19h, hors jours fériés.</Paragraphe><Paragraphe>Service gratuit + prix appel</Paragraphe></Texte></OuSAdresser></Cas></BlocCas><ASavoir><Titre>À savoir</Titre><Paragraphe>Un changement doit être signalé <MiseEnEvidence>avant le dernier jour du mois</MiseEnEvidence> pour être pris en compte dès le mois suivant.</Paragraphe></ASavoir><Paragraphe>Pour préparer le versement d'un complément d'impôt ou le remboursement d'un trop-perçu, vous devez signaler tout <MiseEnEvidence>changement bancaire avant le 1<Exposant>er</Exposant> juillet</MiseEnEvidence>.</Paragraphe></Chapitre></Texte><VoirAussi important="non"><Dossier ID="N247" audience="Particuliers"><Titre>Impôt sur le revenu : déclaration et revenus à déclarer</Titre><Theme ID="N19803"><Titre>Argent - Impôts - Consommation</Titre></Theme></Dossier><Dossier ID="N19785" audience="Particuliers"><Titre>Impôt sur le revenu : déductions, réductions et crédits d'impôt</Titre><Theme ID="N19803"><Titre>Argent - Impôts - Consommation</Titre></Theme></Dossier><Dossier ID="N119" audience="Particuliers"><Titre>Impôt sur le revenu des Français à l'étranger</Titre><Theme ID="N19803"><Titre>Argent - Impôts - Consommation</Titre></Theme></Dossier><Fiche ID="F358" audience="Particuliers"><Titre>Impôt sur le revenu - Déclaration de revenus annuelle</Titre><Theme ID="N19803"><Titre>Argent - Impôts - Consommation</Titre></Theme></Fiche><Fiche ID="F3173" audience="Particuliers"><Titre>Impôt sur le revenu - Déclarer les rentes viagères</Titre><Theme ID="N19803"><Titre>Argent - Impôts - Consommation</Titre></Theme></Fiche></VoirAussi><QuiPeutMAider ID="R20684" sve="non" type="Centre de contact"><Titre>Service d'information des impôts</Titre><Complement>Pour des informations générales</Complement><Source ID="R30612">Ministère chargé des finances</Source><Texte><Paragraphe>Par téléphone :</Paragraphe><Paragraphe><MiseEnEvidence>0809 401 401</MiseEnEvidence></Paragraphe><Paragraphe>Du lundi au vendredi de 8h30 à 19h, hors jours fériés.</Paragraphe><Paragraphe>Service gratuit + prix appel</Paragraphe></Texte></QuiPeutMAider><QuiPeutMAider ID="R15019" sve="non" type="Local personnalisable"><Titre>Service en charge des impôts (trésorerie, service des impôts...)</Titre><Complement>Pour joindre le service local gestionnaire de votre dossier</Complement><PivotLocal>centre_impots</PivotLocal><RessourceWeb URL="https://www.impots.gouv.fr/portail/contacts"/><Source ID="R30612">Ministère chargé des finances</Source></QuiPeutMAider><QuiPeutMAider ID="R55753" sve="non" type="Local personnalisé sur SP"><Titre>France Services / Maison de services au public</Titre><Complement>Pour être aidé dans ses démarches</Complement><PivotLocal>msap</PivotLocal><RessourceWeb URL="https://lannuaire.service-public.fr/navigation/msap"/></QuiPeutMAider><Reference type="Texte de référence" URL="https://www.legifrance.gouv.fr/codes/section_lc/LEGITEXT000006069577/LEGISCTA000033779948" ID="R48913"><Titre>Code général des impôts : articles 204 A à 204 N</Titre></Reference><Reference type="Texte de référence" URL="https://www.legifrance.gouv.fr/loda/article_lc/LEGIARTI000038836271/" ID="R46394"><Titre>Loi n°2016-1917 du 29 décembre 2016 de finances pour 2017 : article 60</Titre></Reference><Reference type="Texte de référence" URL="https://bofip.impots.gouv.fr/bofip/11255-PGP" ID="R66657"><Titre>Bofip-Impôts n°BOI-BAREME-000037 relatif au taux par défaut du prélèvement à la source</Titre><Complement>Barème du taux neutre de prélèvement à la source</Complement></Reference><Reference type="Texte de référence" URL="https://bofip.impots.gouv.fr/bofip/1055-PGP.html" ID="R66659"><Titre>Bofip-Impôts n°BOI-IR-DOMIC-10-20-20 relatif aux retenues à la source sur les salaires et pensions des non-résidents</Titre></Reference><ServiceEnLigne ID="R51983" URL="https://www.impots.gouv.fr/calcul-du-prelevement-la-source-2018" audience="Particuliers" type="Simulateur"><Titre>Calcul du prélèvement à la source</Titre><Source ID="R30656">Ministère chargé de l'économie</Source></ServiceEnLigne><ServiceEnLigne ID="R3120" URL="https://cfspart.impots.gouv.fr/LoginMDP" audience="Particuliers" type="Téléservice"><Titre>Impôts : accéder à votre espace Particulier</Titre><Source ID="R30612">Ministère chargé des finances</Source></ServiceEnLigne><PourEnSavoirPlus type="Information pratique" ID="R41461" URL="https://www.impots.gouv.fr/portail/" audience="Particuliers"><Titre>Site des impôts</Titre><Source ID="R30612">Ministère chargé des finances</Source></PourEnSavoirPlus><PourEnSavoirPlus type="Information pratique" ID="R17502" URL="https://www.impots.gouv.fr/www2/fichiers/documentation/brochure/ir_2023/accueil.htm" audience="Particuliers"><Titre>Brochure pratique 2023 - Déclaration des revenus de 2022</Titre><Source ID="R30612">Ministère chargé des finances</Source></PourEnSavoirPlus><PourEnSavoirPlus type="Information pratique" ID="R66658" URL="https://www.impots.gouv.fr/particulier/les-acomptes-de-prelevement-la-source" audience="Particuliers"><Titre>Les acomptes de prélèvement à la source</Titre><Source ID="R30612">Ministère chargé des finances</Source></PourEnSavoirPlus><PourEnSavoirPlus type="Information pratique" ID="R63860" URL="https://www.impots.gouv.fr/international-particulier/questions/comment-declarer-la-retenue-la-source-prelevee-par-mon-employeur" audience="Particuliers"><Titre>Je suis non-résident. Comment est calculée la retenue à la source prélevée par mon employeur ou ma caisse de retraite ?</Titre><Source ID="R30612">Ministère chargé des finances</Source></PourEnSavoirPlus><Definition ID="R2218"><Titre>Rente viagère à titre onéreux</Titre><Texte><Paragraphe>Revenu régulier versé en contrepartie de la vente d'un bien (un logement par exemple) ou d'un capital. Le versement, effectué pendant toute la durée de la vie du bénéficiaire de la rente, s'interrompt à son décès.</Paragraphe></Texte><Reference type="Texte de référence" URL="https://www.legifrance.gouv.fr/codes/id/LEGISCTA000006150325" ID="R41025"><Titre>Code civil : articles 1968 à 1976</Titre></Reference></Definition><Definition ID="R1046"><Titre>Foyer fiscal</Titre><Texte><Paragraphe>Ensemble de personnes remplissant une seule déclaration de revenus (exemple : époux, épouse et enfants à charge)</Paragraphe></Texte><Reference type="Texte de référence" URL="https://www.legifrance.gouv.fr/codes/id/LEGISCTA000006179569/" ID="R32026"><Titre>Code général des impôts : articles 4A à 8 quinquies</Titre></Reference></Definition><Abreviation ID="R45368" type="Sigle"><Titre>Pacs</Titre><Texte><Paragraphe>Pacte civil de solidarité</Paragraphe></Texte></Abreviation><Abreviation ID="R63765" type="Acronyme"><Titre>Dom</Titre><Texte><Paragraphe>Département d'outre-mer</Paragraphe></Texte></Abreviation><QuestionReponse ID="F35894" audience="Particuliers"><Titre>Impôt sur le revenu - Comment changer votre taux de prélèvement à la source ?</Titre></QuestionReponse><QuestionReponse ID="F1419" audience="Particuliers"><Titre>Quel est le barème de l'impôt sur le revenu ?</Titre></QuestionReponse></Publication>