<?xml version="1.0" encoding="UTF-8"?><Publication xmlns:dc="http://purl.org/dc/elements/1.1/" xmlns:xsi="http://www.w3.org/2001/XMLSchema-instance" ID="F34124" type="Fiche d'information conditionnée" xsi:noNamespaceSchemaLocation="../Schemas/3.4/Publication.xsd" spUrl="https://www.service-public.fr/particuliers/vosdroits/F34124"><dc:title>Chantage / Menaces lors d'une relation amoureuse ou amicale sur internet</dc:title><dc:creator>Direction de l'information légale et administrative</dc:creator><dc:subject>Justice</dc:subject><dc:description>Si vous êtes victime d'escroquerie à la romance (romance-scam) ou de chantage en ligne, vous pouvez porter plainte ou signaler les faits.</dc:description><dc:publisher>Direction de l'information légale et administrative</dc:publisher><dc:contributor>Direction de l'information légale et administrative (Premier ministre)</dc:contributor><dc:date>modified 2022-03-15</dc:date><dc:type>Fiche pratique</dc:type><dc:format>text/xml</dc:format><dc:identifier>F34124</dc:identifier><dc:source>https://www.legifrance.gouv.fr/codes/id/LEGISCTA000006165328/, https://www.legifrance.gouv.fr/codes/section_lc/LEGITEXT000006070719/LEGISCTA000006165331/, https://www.legifrance.gouv.fr/loda/id/JORFTEXT000042056637/</dc:source><dc:language>Fr</dc:language><dc:relation>isPartOf N31138</dc:relation><dc:coverage>France entière</dc:coverage><dc:rights>https://www.service-public.fr/a-propos/mentions-legales</dc:rights><SurTitre>Fiche pratique</SurTitre><Audience>Particuliers</Audience><Canal>www.service-public.fr</Canal><FilDAriane><Niveau ID="Particuliers">Accueil particuliers</Niveau><Niveau ID="N19807">Justice</Niveau><Niveau ID="N31138">Arnaque sur internet (THESEE, Pharos, ...)</Niveau><Niveau ID="F34124" type="Fiche d'information conditionnée">Chantage / Menaces lors d'une relation amoureuse ou amicale sur internet</Niveau></FilDAriane><Theme ID="N19807"><Titre>Justice</Titre></Theme><SousThemePere ID="N20326">Infractions</SousThemePere><DossierPere ID="N31138"><Titre>Arnaque sur internet (THESEE, Pharos, ...)</Titre><Fiche ID="F34129">Ransomware ou rançongiciel</Fiche><Fiche ID="F34010">Piratage d'une messagerie électronique (mail, réseaux sociaux...)</Fiche><Fiche ID="F34800">Phishing (hameçonnage)</Fiche><Fiche ID="F34000">Fraude liée à un achat sur internet</Fiche><Fiche ID="F34092">Fraude liée à une location sur internet</Fiche><Fiche ID="F34124">Chantage / Menaces lors d'une relation amoureuse ou amicale sur internet</Fiche></DossierPere><RechercheGuideePere ID="F47157" audience="Particuliers"><Titre>Arnaque sur internet</Titre></RechercheGuideePere><RechercheGuideePere ID="F34928" audience="Particuliers"><Titre>[RG] Relation amoureuse</Titre></RechercheGuideePere><RechercheGuidee ID="F34928" audience="Particuliers"><Titre><Paragraphe>[RG] Relation amoureuse</Paragraphe></Titre></RechercheGuidee><ListeSituations affichage="onglet"><Situation><Titre>Votre relation est uniquement virtuelle</Titre><Condition><estVrai var="T10022"/></Condition><Texte><FragmentConditionne><Condition><estVrai var="T10010"/></Condition><Paragraphe>Si une personne rencontrée sur internet vous réclame de l'argent, vous pouvez porter plainte ou signaler cette situation.</Paragraphe><Paragraphe>Vos recours dépendent du motif de cette demande d'argent.</Paragraphe><Paragraphe>Il peut s'agir d'une menace de diffusion d'informations compromettantes (chantage). Votre contact peut aussi chercher à vous convaincre en mentant sur le motif et en envoyant des faux documents.</Paragraphe></FragmentConditionne><Chapitre><Titre><Paragraphe>Menaces (chantage)</Paragraphe></Titre><TitreAlternatif><Paragraphe>Vous avez reçu des menaces (chantage)</Paragraphe></TitreAlternatif><Condition><estVrai var="T10092"/></Condition><FragmentConditionne><Condition><estVrai var="T10010"/></Condition><Paragraphe>Une personne menace de révéler des informations portant atteinte à votre honneur, pour obtenir de l'argent.</Paragraphe></FragmentConditionne><BlocCas affichage="radio"><Cas><Titre>Vous êtes majeur</Titre><Condition><estVrai var="T10043"/></Condition><Introduction><Paragraphe>Cette personne vous a-telle déjà réclamé de l'argent pour un autre motif ?</Paragraphe></Introduction><BlocCas affichage="radio"><Cas><Titre>Non, l'argent réclamé porte seulement sur cette menace (ou un chantage du même type)</Titre><Condition><estVrai var="T10306"/></Condition><Paragraphe>Ces faits peuvent être qualifiés de chantage ou <Expression>chantage en ligne</Expression>.</Paragraphe><Paragraphe>Cette infraction consiste à obtenir ou tenter d'obtenir de l'argent en menaçant de révéler ou d'imputer des faits qui peuvent porter atteinte à l'honneur ou à la considération de la victime.</Paragraphe><Paragraphe>Dans votre situation, vous pouvez porter plainte, faire un signalement ou contacter Info Escroqueries.</Paragraphe><ServiceEnLigne ID="R46839" URL="https://demarches.service-public.fr/mademarche/arnaqueInternet/demarche?action=PLAINTE&amp;type=CEL" audience="Particuliers" type="Téléservice"><Titre>Porter plainte pour chantage en ligne (THESEE)</Titre><Source ID="R30603">Ministère chargé de l'intérieur</Source><Introduction><Texte><Paragraphe>Accessible via <LienIntra LienID="R48788" type="Définition de glossaire">FranceConnect</LienIntra>.</Paragraphe><Paragraphe>Ce téléservice peut être utilisé <MiseEnEvidence>uniquement si vous êtes un particulier</MiseEnEvidence> et si vous déposez plainte <MiseEnEvidence>en votre nom propre</MiseEnEvidence>.</Paragraphe><Paragraphe>Même si vous portez plainte en ligne, vous pouvez demander à rencontrer un enquêteur. L'enquêteur peut aussi décider de vous auditionner s'il l'estime nécessaire.</Paragraphe></Texte></Introduction></ServiceEnLigne><Paragraphe>Vous pouvez également porter plainte en vous rendant <LienInterne LienPublication="F1435" type="Fiche d'information conditionnée" audience="Particuliers">sur place ou par courrier</LienInterne>.</Paragraphe><ServiceEnLigne ID="R48111" URL="https://demarches.service-public.fr/mademarche/arnaqueInternet/demarche?action=SIGNALEMENT&amp;type=CEL" audience="Particuliers" type="Téléservice"><Titre>Signaler un chantage en ligne (THESEE)</Titre><Source ID="R30603">Ministère chargé de l'intérieur</Source><Introduction><Texte><Paragraphe>Se munir d'une adresse mail</Paragraphe></Texte></Introduction></ServiceEnLigne></Cas><Cas><Titre>Oui, cette personne vous a déjà sollicité en utilisant des faux motifs ou des faux documents</Titre><Condition><estVrai var="T10012"/></Condition><Paragraphe>Si vous aviez déjà versé de l'argent à cette personne pour d'autres motifs (envoi de documents frauduleux par exemple), vous êtes victime de faits pouvant être qualifiés d'escroquerie et de chantage.</Paragraphe><Paragraphe>Ils sont aussi appelés <Expression>escroquerie à la romance et chantage en ligne</Expression>.</Paragraphe><Paragraphe>Dans cette situation, vous pouvez porter plainte ou faire un signalement.</Paragraphe><Liste type="puce"><Item><Paragraphe><MiseEnEvidence>La plainte</MiseEnEvidence> est l'acte par lequel une victime d'infraction informe l’autorité judiciaire.</Paragraphe><Paragraphe>En portant plainte, vous devez donner votre identité. Cette démarche vous engage et les enquêteurs peuvent vous contacter. La plainte permet aussi de demander l'indemnisation du préjudice subi et d'être informé des suites données à l'affaire.</Paragraphe></Item><Item><Paragraphe><MiseEnEvidence>Le signalement</MiseEnEvidence> consiste uniquement à informer les services d'enquête de l'existence d'une infraction. Vous pouvez rester anonyme. Vous ne serez pas informé des suites de l'affaire. Vous ne pourrez pas demander une indemnisation.</Paragraphe></Item></Liste><ServiceEnLigne ID="R46908" URL="https://demarches.service-public.fr/mademarche/arnaqueInternet/demarche?action=PLAINTE&amp;type=EASCEL" audience="Particuliers" type="Téléservice"><Titre>Porter plainte pour une escroquerie aux sentiments avec chantage en ligne (THESEE)</Titre><Source ID="R30603">Ministère chargé de l'intérieur</Source><Introduction><Texte><Paragraphe>Accessible via <LienIntra LienID="R48788" type="Définition de glossaire">FranceConnect</LienIntra>.</Paragraphe><Paragraphe>Ce téléservice peut être utilisé <MiseEnEvidence>uniquement si vous êtes un particulier</MiseEnEvidence> et si vous déposez plainte <MiseEnEvidence>en votre nom propre</MiseEnEvidence>.</Paragraphe><Paragraphe>Même si vous portez plainte en ligne, vous pouvez demander à rencontrer un enquêteur. L'enquêteur peut aussi décider de vous auditionner s'il l'estime nécessaire.</Paragraphe></Texte></Introduction></ServiceEnLigne><Paragraphe>Vous pouvez également porter plainte en vous rendant <LienInterne LienPublication="F1435" type="Fiche d'information conditionnée" audience="Particuliers">sur place ou par courrier</LienInterne>.</Paragraphe><ServiceEnLigne ID="R45983" URL="https://demarches.service-public.fr/mademarche/arnaqueInternet/demarche?action=SIGNALEMENT&amp;type=EASCEL" audience="Particuliers" type="Téléservice"><Titre>Signaler une escroquerie aux sentiments avec chantage en ligne (THESEE)</Titre><Source ID="R30603">Ministère chargé de l'intérieur</Source><Introduction><Texte><Paragraphe>Se munir d'une adresse mail</Paragraphe></Texte></Introduction></ServiceEnLigne></Cas></BlocCas></Cas><Cas><Titre>Vous êtes mineur</Titre><Condition><estVrai var="T10032"/></Condition><BlocCas affichage="radio"><Cas><Titre>Vous n'avez jamais versé d'argent</Titre><Condition><estVrai var="T10306"/></Condition><Paragraphe>Ces faits peuvent être qualifiés de chantage ou <Expression>chantage en ligne</Expression>.</Paragraphe><Paragraphe>Cette infraction consiste à obtenir ou tenter d'obtenir de l'argent en menaçant de révéler ou d'imputer des faits qui peuvent porter atteinte à l'honneur ou à la considération de la victime.</Paragraphe><Paragraphe>Dans votre situation, vous pouvez <LienInterne LienPublication="F1435" type="Fiche d'information conditionnée" audience="Particuliers">porter plainte</LienInterne>, faire un signalement ou contacter Info Escroqueries.</Paragraphe><ServiceEnLigne ID="R48111" URL="https://demarches.service-public.fr/mademarche/arnaqueInternet/demarche?action=SIGNALEMENT&amp;type=CEL" audience="Particuliers" type="Téléservice"><Titre>Signaler un chantage en ligne (THESEE)</Titre><Source ID="R30603">Ministère chargé de l'intérieur</Source><Introduction><Texte><Paragraphe>Se munir d'une adresse mail</Paragraphe></Texte></Introduction></ServiceEnLigne></Cas><Cas><Titre>Vous lui avez déjà versé de l'argent pour un autre motif</Titre><Condition><estVrai var="T10012"/></Condition><Paragraphe>Si avant cette demande, vous lui aviez déjà versé de l'argent pour d'autres motifs (envoi de documents frauduleux par exemple), vous êtes victime de fait pouvant être qualifiés d'escroquerie et de chantage.</Paragraphe><Paragraphe>Ils sont aussi appelés <Expression>escroquerie à la romance et chantage en ligne</Expression>.</Paragraphe><Paragraphe>Dans votre situation, vous pouvez <LienInterne LienPublication="F1435" type="Fiche d'information conditionnée" audience="Particuliers">porter plainte</LienInterne> ou faire un signalement.</Paragraphe><Liste type="puce"><Item><Paragraphe><MiseEnEvidence>La plainte</MiseEnEvidence> est l'acte par lequel une victime d'infraction informe l’autorité judiciaire.</Paragraphe><Paragraphe>En portant plainte, vous devez donner votre identité. Cette démarche vous engage et les enquêteurs peuvent vous contacter. La plainte permet aussi de demander l'indemnisation du préjudice subi et d'être informé des suites données à l'affaire.</Paragraphe></Item><Item><Paragraphe><MiseEnEvidence>Le signalement</MiseEnEvidence> consiste uniquement à informer les services d'enquête de l'existence d'une infraction. Vous pouvez rester anonyme. Vous ne serez pas informé des suites de l'affaire. Vous ne pourrez pas demander une indemnisation.</Paragraphe></Item></Liste><ServiceEnLigne ID="R45983" URL="https://demarches.service-public.fr/mademarche/arnaqueInternet/demarche?action=SIGNALEMENT&amp;type=EASCEL" audience="Particuliers" type="Téléservice"><Titre>Signaler une escroquerie aux sentiments avec chantage en ligne (THESEE)</Titre><Source ID="R30603">Ministère chargé de l'intérieur</Source><Introduction><Texte><Paragraphe>Se munir d'une adresse mail</Paragraphe></Texte></Introduction></ServiceEnLigne></Cas></BlocCas></Cas></BlocCas><Paragraphe>Vous pouvez aussi téléphoner à Info Escroqueries.</Paragraphe><OuSAdresser ID="R13147" sve="non" type="Centre de contact"><Titre>Info Escroqueries</Titre><Texte><Chapitre><Titre><Paragraphe>Par téléphone</Paragraphe></Titre><Paragraphe> <MiseEnEvidence>0 805 805 817</MiseEnEvidence></Paragraphe><Paragraphe>Du lundi au vendredi de 9h à 18h30.</Paragraphe><Paragraphe>Numéro vert (appel gratuit depuis la France).</Paragraphe></Chapitre></Texte></OuSAdresser><FragmentConditionne><Condition><estVrai var="T10010"/></Condition><ANoter><Titre>À noter</Titre><Paragraphe>si les menaces ne portent pas sur une demande d'argent, il convient de <LienInterne LienPublication="F1435" type="Fiche d'information conditionnée" audience="Particuliers">porter plainte auprès d'un commissariat ou d'une gendarmerie ou par courrier</LienInterne>.</Paragraphe></ANoter></FragmentConditionne></Chapitre><Chapitre><Titre><Paragraphe>Tromperie (faux motif ou faux documents)</Paragraphe></Titre><TitreAlternatif><Paragraphe>Vous avez été trompé pour vous inciter à verser de l'argent</Paragraphe></TitreAlternatif><Condition><estVrai var="T10093"/></Condition><Paragraphe>Une personne vous demande de l'argent et pour vous convaincre, elle vous a envoyé des documents frauduleux.</Paragraphe><BlocCas affichage="radio"><Cas><Titre>Vous êtes majeur</Titre><Condition><estVrai var="T10043"/></Condition><BlocCas affichage="radio"><Cas><Titre>Demande d'argent - Menace de porter atteinte à votre honneur</Titre><Condition><estVrai var="T10012"/></Condition><Paragraphe>Si par ailleurs, on vous a demandé de l'argent en menaçant de porter atteinte à votre honneur, vous êtes victime de fait pouvant être qualifiés d'escroquerie et de chantage. Ils sont aussi appelés <Expression>escroquerie à la romance et chantage en ligne</Expression>".</Paragraphe><Paragraphe>Dans cette situation, vous pouvez porter plainte ou faire un signalement.</Paragraphe><Liste type="puce"><Item><Paragraphe><MiseEnEvidence>La plainte</MiseEnEvidence> est l'acte par lequel une victime d'infraction informe l’autorité judiciaire.</Paragraphe><Paragraphe>En portant plainte, vous devez donner votre identité. Cette démarche vous engage et les enquêteurs peuvent vous contacter. La plainte permet aussi de demander l'indemnisation du préjudice subi et d'être informé des suites données à l'affaire.</Paragraphe></Item><Item><Paragraphe><MiseEnEvidence>Le signalement</MiseEnEvidence> consiste uniquement à informer les services d'enquête de l'existence d'une infraction. Vous pouvez rester anonyme. Vous ne serez pas informé des suites de l'affaire. Vous ne pourrez pas demander une indemnisation.</Paragraphe></Item></Liste><ServiceEnLigne ID="R46908" URL="https://demarches.service-public.fr/mademarche/arnaqueInternet/demarche?action=PLAINTE&amp;type=EASCEL" audience="Particuliers" type="Téléservice"><Titre>Porter plainte pour une escroquerie aux sentiments avec chantage en ligne (THESEE)</Titre><Source ID="R30603">Ministère chargé de l'intérieur</Source><Introduction><Texte><Paragraphe>Accessible via <LienIntra LienID="R48788" type="Définition de glossaire">FranceConnect</LienIntra>.</Paragraphe><Paragraphe>Ce téléservice peut être utilisé <MiseEnEvidence>uniquement si vous êtes un particulier</MiseEnEvidence> et si vous déposez plainte <MiseEnEvidence>en votre nom propre</MiseEnEvidence>.</Paragraphe><Paragraphe>Même si vous portez plainte en ligne, vous pouvez demander à rencontrer un enquêteur. L'enquêteur peut aussi décider de vous auditionner s'il l'estime nécessaire.</Paragraphe></Texte></Introduction></ServiceEnLigne><Paragraphe>Vous pouvez également porter plainte en vous rendant <LienInterne LienPublication="F1435" type="Fiche d'information conditionnée" audience="Particuliers">sur place ou par courrier</LienInterne>.</Paragraphe><ServiceEnLigne ID="R45983" URL="https://demarches.service-public.fr/mademarche/arnaqueInternet/demarche?action=SIGNALEMENT&amp;type=EASCEL" audience="Particuliers" type="Téléservice"><Titre>Signaler une escroquerie aux sentiments avec chantage en ligne (THESEE)</Titre><Source ID="R30603">Ministère chargé de l'intérieur</Source><Introduction><Texte><Paragraphe>Se munir d'une adresse mail</Paragraphe></Texte></Introduction></ServiceEnLigne><Paragraphe>Vous pouvez aussi téléphoner à Info Escroqueries.</Paragraphe><OuSAdresser ID="R13147" sve="non" type="Centre de contact"><Titre>Info Escroqueries</Titre><Texte><Chapitre><Titre><Paragraphe>Par téléphone</Paragraphe></Titre><Paragraphe> <MiseEnEvidence>0 805 805 817</MiseEnEvidence></Paragraphe><Paragraphe>Du lundi au vendredi de 9h à 18h30.</Paragraphe><Paragraphe>Numéro vert (appel gratuit depuis la France).</Paragraphe></Chapitre></Texte></OuSAdresser></Cas><Cas><Titre>Demande d'argent sans menaces</Titre><Condition><estVrai var="T10738"/></Condition><Paragraphe>Ces faits peuvent être qualifiés d'escroquerie aux sentiments.</Paragraphe><Paragraphe>Dans votre situation, vous pouvez porter plainte, faire un signalement ou contacter Info Escroqueries.</Paragraphe><Liste type="puce"><Item><Paragraphe><MiseEnEvidence>La plainte</MiseEnEvidence> est l'acte par lequel une victime d'infraction informe l’autorité judiciaire.</Paragraphe><Paragraphe>En portant plainte, vous devez donner votre identité. Cette démarche vous engage et les enquêteurs peuvent vous contacter. La plainte permet aussi de demander l'indemnisation du préjudice subi et d'être informé des suites données à l'affaire.</Paragraphe></Item><Item><Paragraphe><MiseEnEvidence>Le signalement</MiseEnEvidence> consiste uniquement à informer les services d'enquête de l'existence d'une infraction. Vous pouvez rester anonyme. Vous ne serez pas informé des suites de l'affaire. Vous ne pourrez pas demander une indemnisation.</Paragraphe></Item></Liste><ServiceEnLigne ID="R47159" URL="https://demarches.service-public.fr/mademarche/arnaqueInternet/demarche?action=PLAINTE&amp;type=EAS" audience="Particuliers" type="Téléservice"><Titre>Porter plainte pour une escroquerie aux sentiments (THESEE)</Titre><Source ID="R30603">Ministère chargé de l'intérieur</Source><Introduction><Texte><Paragraphe>Accessible via <LienIntra LienID="R48788" type="Définition de glossaire">FranceConnect</LienIntra>.</Paragraphe><Paragraphe>Ce téléservice peut être utilisé <MiseEnEvidence>uniquement si vous êtes un particulier</MiseEnEvidence> et si vous déposez plainte <MiseEnEvidence>en votre nom propre</MiseEnEvidence>.</Paragraphe><Paragraphe>Même si vous portez plainte en ligne, vous pouvez demander à rencontrer un enquêteur. L'enquêteur peut aussi décider de vous auditionner s'il l'estime nécessaire.</Paragraphe></Texte></Introduction></ServiceEnLigne><Paragraphe>Vous pouvez également porter plainte en vous rendant <LienInterne LienPublication="F1435" type="Fiche d'information conditionnée" audience="Particuliers">sur place ou par courrier</LienInterne>.</Paragraphe><ServiceEnLigne ID="R45550" URL="https://demarches.service-public.fr/mademarche/arnaqueInternet/demarche?action=SIGNALEMENT&amp;type=EAS" audience="Particuliers" type="Téléservice"><Titre>Signaler une escroquerie aux sentiments (THESEE)</Titre><Source ID="R30603">Ministère chargé de l'intérieur</Source><Introduction><Texte><Paragraphe>Se munir d'une adresse mail</Paragraphe></Texte></Introduction></ServiceEnLigne><Paragraphe>Vous pouvez aussi téléphoner à Info Escroqueries.</Paragraphe><OuSAdresser ID="R13147" sve="non" type="Centre de contact"><Titre>Info Escroqueries</Titre><Texte><Chapitre><Titre><Paragraphe>Par téléphone</Paragraphe></Titre><Paragraphe> <MiseEnEvidence>0 805 805 817</MiseEnEvidence></Paragraphe><Paragraphe>Du lundi au vendredi de 9h à 18h30.</Paragraphe><Paragraphe>Numéro vert (appel gratuit depuis la France).</Paragraphe></Chapitre></Texte></OuSAdresser></Cas></BlocCas></Cas><Cas><Titre>Vous êtes mineur</Titre><Condition><estVrai var="T10032"/></Condition><BlocCas affichage="radio"><Cas><Titre>Demande d'argent - Menace de porter atteinte à votre honneur</Titre><Condition><estVrai var="T10012"/></Condition><Paragraphe>Si par ailleurs, on vous a demandé de l'argent en menaçant de porter atteinte à votre honneur, vous êtes victime de fait pouvant être qualifiés d'escroquerie et de chantage. Ils sont aussi appelés <Expression>escroquerie à la romance et chantage en ligne</Expression>".</Paragraphe><Paragraphe>Dans votre situation, vous pouvez <LienInterne LienPublication="F1435" type="Fiche d'information conditionnée" audience="Particuliers">porter plainte</LienInterne>, faire un signalement ou contacter Info Escroqueries.</Paragraphe><Liste type="puce"><Item><Paragraphe><MiseEnEvidence>La plainte</MiseEnEvidence> est l'acte par lequel une victime d'infraction informe l’autorité judiciaire.</Paragraphe><Paragraphe>En portant plainte, vous devez donner votre identité. Cette démarche vous engage et les enquêteurs peuvent vous contacter. La plainte permet aussi de demander l'indemnisation du préjudice subi et d'être informé des suites données à l'affaire.</Paragraphe></Item><Item><Paragraphe><MiseEnEvidence>Le signalement</MiseEnEvidence> consiste uniquement à informer les services d'enquête de l'existence d'une infraction. Vous pouvez rester anonyme. Vous ne serez pas informé des suites de l'affaire. Vous ne pourrez pas demander une indemnisation.</Paragraphe></Item></Liste><ServiceEnLigne ID="R45983" URL="https://demarches.service-public.fr/mademarche/arnaqueInternet/demarche?action=SIGNALEMENT&amp;type=EASCEL" audience="Particuliers" type="Téléservice"><Titre>Signaler une escroquerie aux sentiments avec chantage en ligne (THESEE)</Titre><Source ID="R30603">Ministère chargé de l'intérieur</Source><Introduction><Texte><Paragraphe>Se munir d'une adresse mail</Paragraphe></Texte></Introduction></ServiceEnLigne><Paragraphe>Vous pouvez aussi téléphoner à Info Escroqueries.</Paragraphe><OuSAdresser ID="R13147" sve="non" type="Centre de contact"><Titre>Info Escroqueries</Titre><Texte><Chapitre><Titre><Paragraphe>Par téléphone</Paragraphe></Titre><Paragraphe> <MiseEnEvidence>0 805 805 817</MiseEnEvidence></Paragraphe><Paragraphe>Du lundi au vendredi de 9h à 18h30.</Paragraphe><Paragraphe>Numéro vert (appel gratuit depuis la France).</Paragraphe></Chapitre></Texte></OuSAdresser></Cas><Cas><Titre>Demande d'argent sans menaces</Titre><Condition><estVrai var="T10738"/></Condition><Paragraphe>Ces faits peuvent être qualifiés d'escroquerie aux sentiments.</Paragraphe><Paragraphe>Dans votre situation, vous pouvez <LienInterne LienPublication="F1435" type="Fiche d'information conditionnée" audience="Particuliers">porter plainte</LienInterne>, faire un signalement ou contacter Info Escroqueries.</Paragraphe><ServiceEnLigne ID="R45550" URL="https://demarches.service-public.fr/mademarche/arnaqueInternet/demarche?action=SIGNALEMENT&amp;type=EAS" audience="Particuliers" type="Téléservice"><Titre>Signaler une escroquerie aux sentiments (THESEE)</Titre><Source ID="R30603">Ministère chargé de l'intérieur</Source><Introduction><Texte><Paragraphe>Se munir d'une adresse mail</Paragraphe></Texte></Introduction></ServiceEnLigne><Paragraphe>Vous pouvez aussi téléphoner à Info Escroqueries.</Paragraphe><OuSAdresser ID="R13147" sve="non" type="Centre de contact"><Titre>Info Escroqueries</Titre><Texte><Chapitre><Titre><Paragraphe>Par téléphone</Paragraphe></Titre><Paragraphe> <MiseEnEvidence>0 805 805 817</MiseEnEvidence></Paragraphe><Paragraphe>Du lundi au vendredi de 9h à 18h30.</Paragraphe><Paragraphe>Numéro vert (appel gratuit depuis la France).</Paragraphe></Chapitre></Texte></OuSAdresser></Cas></BlocCas></Cas></BlocCas></Chapitre></Texte></Situation><Situation><Titre>Vous vous êtes déjà rencontrés</Titre><Condition><estVrai var="T10024"/></Condition><Introduction><Texte><Paragraphe>Si vous vous estimez victime d'une personne contactée via internet puis rencontrée physiquement, vous pouvez porter plainte contre cette personne.</Paragraphe></Texte></Introduction><Texte><BlocCas affichage="onglet"><Cas><Titre>Sur place</Titre><Paragraphe><MiseEnEvidence>Vous devez vous rendre </MiseEnEvidence>dans un <MiseEnEvidence>commissariat de police</MiseEnEvidence> ou à la <MiseEnEvidence>gendarmerie</MiseEnEvidence> de votre choix.</Paragraphe><OuSAdresser ID="R13" sve="non" type="Local personnalisé sur SP"><Titre>Commissariat</Titre><PivotLocal>commissariat_police</PivotLocal><RessourceWeb URL="http://www.interieur.gouv.fr/Contact/Contacter-une-brigade-de-gendarmerie-ou-un-commissariat-de-police"/></OuSAdresser><OuSAdresser ID="R59967" sve="non" type="Local personnalisé sur SP"><Titre>Gendarmerie</Titre><PivotLocal>gendarmerie</PivotLocal><RessourceWeb URL="http://www.interieur.gouv.fr/Contact/Contacter-une-brigade-de-gendarmerie-ou-un-commissariat-de-police"/></OuSAdresser><Paragraphe>Les services de police ou de gendarmerie <MiseEnEvidence>sont obligés d'enregistrer votre plainte</MiseEnEvidence> si vous êtes victime d'une infraction.</Paragraphe><Paragraphe>La plainte est ensuite transmise au procureur de la République pour qu'il décide de la suite (enquête, classement sans suite...).</Paragraphe><Paragraphe>Si vous ne connaissez pas l'auteur des faits, vous pouvez d'abord remplir une <MiseEnEvidence>pré-plainte en ligne</MiseEnEvidence> avant de vous déplacer.</Paragraphe><Paragraphe>La pré-plainte peut être effectuée en ligne :</Paragraphe><ServiceEnLigne ID="R19620" URL="https://www.pre-plainte-en-ligne.gouv.fr/" audience="Particuliers" type="Téléservice"><Titre>Pré-plainte en ligne</Titre><Source ID="R30603">Ministère chargé de l'intérieur</Source></ServiceEnLigne><Paragraphe>Vous devez ensuite <MiseEnEvidence>signer</MiseEnEvidence> votre plainte<MiseEnEvidence> sur place</MiseEnEvidence> dans un <MiseEnEvidence>commissariat de police</MiseEnEvidence> ou une <MiseEnEvidence>brigade de gendarmerie</MiseEnEvidence> que vous choisissez.</Paragraphe><Paragraphe>Les policiers ou gendarmes ont déjà les éléments de votre plainte à votre arrivée.</Paragraphe></Cas><Cas><Titre>Par courrier</Titre><Paragraphe>Vous pouvez porter plainte auprès du procureur de la République.</Paragraphe><Paragraphe>Pour cela, vous devez envoyer un courrier au <MiseEnEvidence>tribunal judiciaire du lieu de l'infraction ou du domicile de l'auteur de l'infraction</MiseEnEvidence>.</Paragraphe><OuSAdresser ID="R30" sve="non" type="Local"><Titre>Tribunal judiciaire</Titre><RessourceWeb URL="http://www.annuaires.justice.gouv.fr/"/><Source ID="R30663">Ministère chargé de la justice</Source></OuSAdresser><Paragraphe>Votre courrier doit préciser les éléments suivants :</Paragraphe><Liste type="puce"><Item><Paragraphe>Votre état civil et vos coordonnées complètes (adresse et numéro de téléphone)</Paragraphe></Item><Item><Paragraphe>Récit détaillé des faits, date et lieu de l'infraction</Paragraphe></Item><Item><Paragraphe>Nom de l'auteur supposé si vous le connaissez (sinon, la plainte sera déposée contre X)</Paragraphe></Item><Item><Paragraphe>Nom et adresse des éventuels témoins de l'infraction</Paragraphe></Item><Item><Paragraphe>Description et estimation provisoire ou définitive du préjudice</Paragraphe></Item><Item><Paragraphe>Vos documents de preuve : certificats médicaux, arrêts de travail, factures diverses, constats...</Paragraphe></Item><Item><Paragraphe>Votre éventuelle volonté de vous constituer partie civile</Paragraphe></Item></Liste><Paragraphe>Vous pouvez utiliser le modèle de courrier suivant :</Paragraphe><ServiceEnLigne ID="R11469" URL="https://www.service-public.fr/simulateur/calcul/Porter_plainte" audience="Particuliers" type="Modèle de document"><Titre>Porter plainte auprès du procureur de la République</Titre><Source ID="R30608">Direction de l'information légale et administrative (Dila) - Premier ministre</Source></ServiceEnLigne><Paragraphe>Vous pouvez envoyer votre plainte en lettre recommandée avec accusé de réception, par lettre simple ou par lettre suivie.</Paragraphe><Paragraphe>Vous pouvez aussi déposer votre plainte directement à l'accueil du tribunal.</Paragraphe><Paragraphe>Dans tous les cas, un récépissé vous est remis dès que les services du procureur de la République ont enregistré votre plainte.</Paragraphe></Cas></BlocCas><Paragraphe>Vous pouvez aussi téléphoner à Info Escroqueries.</Paragraphe><OuSAdresser ID="R13147" sve="non" type="Centre de contact"><Titre>Info Escroqueries</Titre><Texte><Chapitre><Titre><Paragraphe>Par téléphone</Paragraphe></Titre><Paragraphe> <MiseEnEvidence>0 805 805 817</MiseEnEvidence></Paragraphe><Paragraphe>Du lundi au vendredi de 9h à 18h30.</Paragraphe><Paragraphe>Numéro vert (appel gratuit depuis la France).</Paragraphe></Chapitre></Texte></OuSAdresser></Texte></Situation></ListeSituations><VoirAussi important="non"><Fiche ID="F32239" audience="Particuliers"><Titre>Cyber-harcèlement (harcèlement sur internet)</Titre><Theme ID="N19807"><Titre>Justice</Titre></Theme></Fiche></VoirAussi><Reference type="Texte de référence" URL="https://www.legifrance.gouv.fr/codes/id/LEGISCTA000006165328/" ID="R11191"><Titre>Code pénal : articles 312-10 à 312-12</Titre><Complement>Chantage</Complement></Reference><Reference type="Texte de référence" URL="https://www.legifrance.gouv.fr/codes/section_lc/LEGITEXT000006070719/LEGISCTA000006165331/" ID="R21936"><Titre>Code pénal : articles 313-1 à 313-3</Titre><Complement>Escroquerie</Complement></Reference><Reference type="Texte de référence" URL="https://www.legifrance.gouv.fr/loda/id/JORFTEXT000042056637/" ID="R18520"><Titre>Arrêté du 26 juin 2020 sur la création du traitement harmonisé des enquêtes et des signalements pour les e-escroqueries (Thésée)</Titre></Reference><Definition ID="R48788"><Titre>Identification avec FranceConnect</Titre><Texte><Paragraphe>Connexion avec l'identifiant et le mot de passe de l'un des comptes suivants : Impots.gouv, Ameli, Iidentitenumerique (laposte), Yris, MSA ou Alicem</Paragraphe></Texte></Definition></Publication>