<?xml version="1.0" encoding="UTF-8"?><Publication xmlns:dc="http://purl.org/dc/elements/1.1/" xmlns:xsi="http://www.w3.org/2001/XMLSchema-instance" ID="F34158" type="Fiche d'information conditionnée" xsi:noNamespaceSchemaLocation="../Schemas/3.4/Publication.xsd" dateDerniereModificationImportante="2022-07-21T00:00:00" spUrl="https://www.service-public.fr/particuliers/vosdroits/F34158"><dc:title>Congé pour l'annonce du handicap ou d'une pathologie d'un enfant d'un salarié du secteur privé</dc:title><dc:creator>Direction de l'information légale et administrative</dc:creator><dc:subject>Travail - Formation</dc:subject><dc:description>Le salarié a droit à 2 jours de congés rémunérés en cas d'annonce de la survenue d'un handicap, d'une pathologie chronique ou d'un cancer de son enfant.</dc:description><dc:publisher>Direction de l'information légale et administrative</dc:publisher><dc:contributor>Direction de l'information légale et administrative (Premier ministre)</dc:contributor><dc:date>modified 2023-07-21</dc:date><dc:type>Fiche pratique</dc:type><dc:format>text/xml</dc:format><dc:identifier>F34158</dc:identifier><dc:source>https://www.legifrance.gouv.fr/codes/id/LEGISCTA000033002888, https://www.legifrance.gouv.fr/codes/id/LEGISCTA000033002890, https://www.legifrance.gouv.fr/codes/id/LEGISCTA000033002892</dc:source><dc:language>Fr</dc:language><dc:relation>isPartOf N510</dc:relation><dc:coverage>France entière</dc:coverage><dc:rights>https://www.service-public.fr/a-propos/mentions-legales</dc:rights><SurTitre>Fiche pratique</SurTitre><Audience>Particuliers</Audience><Canal>www.service-public.fr</Canal><FilDAriane><Niveau ID="Particuliers">Accueil particuliers</Niveau><Niveau ID="N19806">Travail - Formation</Niveau><Niveau ID="N510">Congés dans le secteur privé</Niveau><Niveau ID="F34158" type="Fiche d'information conditionnée">Congé pour l'annonce du handicap ou d'une pathologie d'un enfant d'un salarié du secteur privé</Niveau></FilDAriane><Theme ID="N19806"><Titre>Travail - Formation</Titre></Theme><SousThemePere ID="N19964">Congés</SousThemePere><DossierPere ID="N510"><Titre>Congés dans le secteur privé</Titre><SousDossier ID="N510-1"><Titre>Jours non travaillés</Titre><Fiche ID="F2258">Congés payés</Fiche><Fiche ID="F2405">Jours fériés et ponts</Fiche><Fiche ID="F34151">Réduction du temps de travail (RTT)</Fiche></SousDossier><SousDossier ID="N510-2"><Titre>Congés liés à l'arrivée d'un enfant</Titre><Fiche ID="F2265">Congé maternité</Fiche><Fiche ID="F3156">Congé de paternité et d'accueil de l'enfant</Fiche><Fiche ID="F35002">Congé en cas d'hospitalisation immédiate de l'enfant après sa naissance</Fiche><Fiche ID="F2268">Congé d'adoption</Fiche><Fiche ID="F2266">Congé de 3 jours pour naissance ou adoption</Fiche><Fiche ID="F2280">Congé parental à temps plein</Fiche></SousDossier><SousDossier ID="N510-3"><Titre>Congés pour maladie, handicap ou dépendance d'un membre de la famille</Titre><Fiche ID="F151">Congé pour enfant malade</Fiche><Fiche ID="F1631">Congé de présence parentale</Fiche><Fiche ID="F16920">Congé de proche aidant</Fiche><Fiche ID="F1767">Congé de solidarité familiale</Fiche><Fiche ID="F706">Allocation journalière d'accompagnement d'une personne en fin de vie</Fiche><Fiche ID="F34158">Survenue du handicap d'un enfant</Fiche><Fiche ID="F32112">Don de jours de repos pour enfant gravement malade</Fiche><Fiche ID="F35312">Don de jours de repos à un salarié dont l'enfant est décédé</Fiche></SousDossier><SousDossier ID="N510-4"><Titre>Exercice d'une autre activité</Titre><Fiche ID="F2382">Création ou reprise d'entreprise</Fiche><Fiche ID="F2310">Exercice d'un mandat politique local</Fiche></SousDossier><SousDossier ID="N510-5"><Titre>Congés spécifiques</Titre><Fiche ID="F34154">Mariage ou Pacs</Fiche><Fiche ID="F35134">Mariage de son enfant</Fiche><Fiche ID="F2278">Décès d'un membre de sa famille</Fiche><Fiche ID="F2381">Congé sabbatique</Fiche></SousDossier></DossierPere><SousDossierPere>Congés pour maladie, handicap ou dépendance d'un membre de la famille</SousDossierPere><Introduction><Texte><Paragraphe>Avez- vous droit de prendre un congé spécifique en cas d'annonce d'un handicap, d'une pathologie chronique ou d'un cancer de votre enfant ? Quelles sont les conditions pour pouvoir bénéficier de ce congé ? Quelle est la durée du congé ? Nous vous présentons les informations à connaître sur le congé pour l'annonce du handicap ou d'une pathologie chronique d'un enfant.</Paragraphe></Texte></Introduction><Texte><Chapitre><Titre><Paragraphe>Qui a droit au congé pour l'annonce du handicap ou d'une pathologie de son enfant ?</Paragraphe></Titre><Paragraphe>Vous avez droit à un congé spécifique à la survenue d'un handicap, d'une pathologie chronique nécessitant un apprentissage thérapeutique ou d'un cancer de votre enfant.</Paragraphe><Paragraphe><MiseEnEvidence>Aucune condition d'ancienneté</MiseEnEvidence> n'est exigée pour avoir droit au congé.</Paragraphe></Chapitre><Chapitre><Titre><Paragraphe>Quelles sont les pathologies chroniques ouvrant droit au congé pour l'annonce du handicap ou d'une pathologie de son enfant ?</Paragraphe></Titre><Paragraphe>Il s'agit de pathologies de longue durée, évolutives, ayant un fort retentissement sur la vie quotidienne :</Paragraphe><Liste type="puce"><Item><Paragraphe>Accident vasculaire cérébral invalidant </Paragraphe></Item><Item><Paragraphe>Diabète de type 1 et diabète de type 2 </Paragraphe></Item><Item><Paragraphe>Formes graves des affections neurologiques et musculaires (dont myopathie), épilepsie grave </Paragraphe></Item><Item><Paragraphe>Insuffisance respiratoire chronique grave </Paragraphe></Item><Item><Paragraphe>Maladie d'Alzheimer et autres démences </Paragraphe></Item><Item><Paragraphe>Maladie de Parkinson </Paragraphe></Item><Item><Paragraphe>Mucoviscidose </Paragraphe></Item><Item><Paragraphe>Sclérose en plaques </Paragraphe></Item><Item><Paragraphe>Cancer</Paragraphe></Item></Liste></Chapitre><Chapitre><Titre><Paragraphe>Quelle sont les démarches à effectuer en cas de l'annonce du handicap ou d'une pathologie de son enfant ?</Paragraphe></Titre><Paragraphe>Un diagnostic doit d'abord être établi par un professionnel de santé (généraliste, pédopsychiatre...) pour faire reconnaître le handicap, la pathologie chronique ou le cancer de votre enfant.</Paragraphe><Paragraphe>Vous devez prendre contact avec une maison départementale des personnes handicapées (MDPH).</Paragraphe><OuSAdresser ID="R14" sve="non" type="Local personnalisé sur SP"><Titre>Maison départementale des personnes handicapées (MDPH)</Titre><PivotLocal>maison_handicapees</PivotLocal><RessourceWeb URL="https://lannuaire.service-public.fr/recherche?whoWhat=MDPH&amp;where="/></OuSAdresser><Paragraphe>La MDPH évalue les besoins de votre enfant et transmet son évaluation à la <LienInterne LienPublication="R31150" type="Sigle">CDAPH</LienInterne>.</Paragraphe><Paragraphe>Vous devez remettre par la suite un justificatif à votre employeur.</Paragraphe></Chapitre><Chapitre><Titre><Paragraphe>Quelles est la durée du congé pour l'annonce du handicap ou d'une pathologie de votre enfant ?</Paragraphe></Titre><Paragraphe>La durée du congé est de <MiseEnEvidence>5 jours</MiseEnEvidence> <LienIntra LienID="R17508" type="Définition de glossaire">ouvrables</LienIntra>.</Paragraphe><Paragraphe>Des <LienIntra LienID="R51533" type="Définition de glossaire">dispositions conventionnelles</LienIntra> peuvent prévoir une durée plus élevée.</Paragraphe><Paragraphe>La durée du congé <MiseEnEvidence>n'est pas déduite </MiseEnEvidence>du nombre de vos jours de congés payés annuels.</Paragraphe></Chapitre><Chapitre><Titre><Paragraphe>Quand devez-vous prendre le congé pour l'annonce du handicap ou d'une pathologie de votre enfant ?</Paragraphe></Titre><Paragraphe>Vous devez prendre le congé <MiseEnEvidence>dans la période de l'annonce</MiseEnEvidence> du handicap, de la pathologie chronique ou du cancer de votre enfant, mais pas nécessairement le jour même.</Paragraphe></Chapitre><Chapitre><Titre><Paragraphe>Est-on rémunéré pendant le congé pour l'annonce du handicap ou d'une pathologie de son enfant ?</Paragraphe></Titre><Paragraphe><MiseEnEvidence>Oui, </MiseEnEvidence>les 5 jours de congés sont payés normalement, comme s'ils avaient été travaillés.</Paragraphe></Chapitre></Texte><Reference type="Texte de référence" URL="https://www.legifrance.gouv.fr/codes/id/LEGISCTA000033002888" ID="R16701"><Titre>Code du travail : articles L3142-1 à L3142-3</Titre><Complement>Droit à congé, procédure et rémunération (dispositions d'ordre public)</Complement></Reference><Reference type="Texte de référence" URL="https://www.legifrance.gouv.fr/codes/id/LEGISCTA000033002890" ID="R45299"><Titre>Code du travail : article L3142-4</Titre><Complement>Durée du congé (champ de la négociation collective)</Complement></Reference><Reference type="Texte de référence" URL="https://www.legifrance.gouv.fr/codes/id/LEGISCTA000033002892" ID="R45300"><Titre>Code du travail : article L3142-5</Titre><Complement>Durée du congé (dispositions supplétives)</Complement></Reference><Definition ID="R17508"><Titre>Jour ouvrable</Titre><Texte><Paragraphe>Correspond à tous les jours de la semaine, à l'exception du jour de repos hebdomadaire (généralement le dimanche) et des jours fériés habituellement non travaillés dans l'entreprise</Paragraphe></Texte></Definition><Definition ID="R51533"><Titre>Dispositions conventionnelles</Titre><Texte><Paragraphe>Convention collective, accord collectif, accord de branche, d'entreprise ou d'établissement applicables en droit du travail. Elles fixent les obligations et les droits de l'employeur et du salarié.</Paragraphe></Texte></Definition><Abreviation ID="R31150" type="Sigle"><Titre>CDAPH</Titre><Texte><Paragraphe>Commission des droits pour l'autonomie des personnes handicapées</Paragraphe></Texte></Abreviation><QuestionReponse ID="F36444" audience="Particuliers"><Titre>Un ressortissant européen salarié en France a-t-il les mêmes droits qu'un salarié français ?</Titre></QuestionReponse></Publication>