<?xml version="1.0" encoding="UTF-8"?><Publication xmlns:dc="http://purl.org/dc/elements/1.1/" xmlns:xsi="http://www.w3.org/2001/XMLSchema-instance" ID="F34123" type="Fiche d'information conditionnée" xsi:noNamespaceSchemaLocation="../Schemas/3.4/Publication.xsd" spUrl="https://www.service-public.fr/particuliers/vosdroits/F34123"><dc:title>Vol d'un téléphone portable</dc:title><dc:creator>Direction de l'information légale et administrative</dc:creator><dc:subject>Argent - Impôts - Consommation</dc:subject><dc:description>En cas de vol de votre téléphone mobile ou smartphone, vous devez tout de suite joindre votre opérateur pour faire suspendre votre ligne. Il faut également porter plainte rapidement au commissariat ou en gendarmerie. Vous pouvez obtenir le remplacement de votre appareil si vous avez une assurance et selon les conditions du contrat.</dc:description><dc:publisher>Direction de l'information légale et administrative</dc:publisher><dc:contributor>Direction de l'information légale et administrative (Premier ministre)</dc:contributor><dc:date>modified 2021-04-12</dc:date><dc:type>Fiche pratique</dc:type><dc:format>text/xml</dc:format><dc:identifier>F34123</dc:identifier><dc:source>https://www.legifrance.gouv.fr/codes/article_lc/LEGIARTI000023713267/, https://www.legifrance.gouv.fr/codes/section_lc/LEGITEXT000006070719/LEGISCTA000006165331/, https://www.legifrance.gouv.fr/codes/article_lc/LEGIARTI000006418651/</dc:source><dc:language>Fr</dc:language><dc:relation>isPartOf N20278</dc:relation><dc:coverage>France entière</dc:coverage><dc:rights>https://www.service-public.fr/a-propos/mentions-legales</dc:rights><SurTitre>Fiche pratique</SurTitre><Audience>Particuliers</Audience><Canal>www.service-public.fr</Canal><FilDAriane><Niveau ID="Particuliers">Accueil particuliers</Niveau><Niveau ID="N19803">Argent - Impôts - Consommation</Niveau><Niveau ID="N20278">Communications électroniques (téléphone, internet, télévision)</Niveau><Niveau ID="F34123" type="Fiche d'information conditionnée">Vol d'un téléphone portable</Niveau></FilDAriane><Theme ID="N19803"><Titre>Argent - Impôts - Consommation</Titre></Theme><SousThemePere ID="N20154">Consommation</SousThemePere><DossierPere ID="N20278"><Titre>Communications électroniques (téléphone, internet, télévision)</Titre><SousDossier ID="N20278-1"><Titre>Contrat de communications électroniques</Titre><Fiche ID="F22480">Conclusion</Fiche><Fiche ID="F19061">Exécution et évolution</Fiche><Fiche ID="F22486">Résiliation</Fiche></SousDossier><SousDossier ID="N20278-2"><Titre>Téléphonie mobile</Titre><Fiche ID="F22479">Portabilité du numéro</Fiche><Fiche ID="F19066">Perte</Fiche><Fiche ID="F34123">Vol</Fiche></SousDossier></DossierPere><SousDossierPere>Téléphonie mobile</SousDossierPere><Introduction><Texte><Paragraphe>En cas de vol de votre téléphone mobile ou smartphone, vous devez tout de suite joindre votre opérateur pour faire suspendre votre ligne. Il faut également porter plainte rapidement au commissariat ou en gendarmerie. Vous pouvez obtenir le remplacement de votre appareil si vous avez une assurance et selon les conditions du contrat.</Paragraphe></Texte></Introduction><Texte><Chapitre><Titre><Paragraphe>Faire suspendre votre ligne</Paragraphe></Titre><TitreFlottant><Paragraphe>Joindre votre opérateur</Paragraphe></TitreFlottant><Paragraphe>Vous devez signaler au plus vite le vol de votre téléphone à <MiseEnEvidence>votre opérateur</MiseEnEvidence> pour faire suspendre votre ligne.</Paragraphe><Paragraphe>Suspendre votre ligne signifie bloquer votre carte SIM. Le voleur ne pourra alors plus émettre d'appels.</Paragraphe><Paragraphe>Vous devez faire cette déclaration soit sur le site internet de votre opérateur (à partir de votre espace client), soit en appelant le numéro de téléphone d'urgence de votre opérateur.</Paragraphe><Paragraphe>Avant cette déclaration, les communications passées par le voleur vous seront facturées.</Paragraphe><Paragraphe>Si vous retrouvez votre téléphone, votre ligne (carte SIM) pourra être réactivée.</Paragraphe><ASavoir><Titre>À savoir</Titre><Paragraphe>la plupart des téléphones récents permettent d'effacer à distance les données contenues (photos, SMS...) et de désactiver l'accès aux mails et autres applications.</Paragraphe></ASavoir><TitreFlottant><Paragraphe>Numéro IMEI</Paragraphe></TitreFlottant><Paragraphe>Lorsque vous appelez votre opérateur pour suspendre votre ligne, il doit vous communiquer le numéro <LienInterne LienPublication="R58998" type="Sigle">IMEI</LienInterne> (15 chiffres) de votre téléphone. Il s'agit de son identifiant.</Paragraphe><Paragraphe>Vous devrez le donner aux services de police ou de gendarmerie. Sans cela, votre téléphone ne pourra pas être bloqué.</Paragraphe><Paragraphe>Ce numéro permet également d'identifier votre téléphone si la police ou la gendarmerie le retrouve.</Paragraphe><Paragraphe>Si vous êtes assuré pour le vol de votre téléphone mobile, vous devez communiquer le numéro à votre assurance.</Paragraphe><ASavoir><Titre>À savoir</Titre><Paragraphe>vous pouvez trouver votre <LienInterne LienPublication="R58998" type="Sigle">IMEI</LienInterne> dans votre espace client sur le site internet de votre opérateur (dans les paramètres de votre compte).</Paragraphe></ASavoir></Chapitre><Chapitre><Titre><Paragraphe>Porter plainte</Paragraphe></Titre><TitreFlottant><Paragraphe>Faire bloquer votre téléphone</Paragraphe></TitreFlottant><Paragraphe>Vous devez <LienInterne LienPublication="F1435" type="Fiche d'information conditionnée" audience="Particuliers">porter plainte</LienInterne> au plus vite auprès d'un commissariat de police ou d'une brigade de gendarmerie.</Paragraphe><Paragraphe>Pour cela, vous devez leur donner le numéro <LienInterne LienPublication="R58998" type="Sigle">IMEI</LienInterne> de votre appareil (15 chiffres).</Paragraphe><OuSAdresser ID="R13" sve="non" type="Local personnalisé sur SP"><Titre>Commissariat</Titre><PivotLocal>commissariat_police</PivotLocal><RessourceWeb URL="http://www.interieur.gouv.fr/Contact/Contacter-une-brigade-de-gendarmerie-ou-un-commissariat-de-police"/></OuSAdresser><OuSAdresser ID="R59967" sve="non" type="Local personnalisé sur SP"><Titre>Gendarmerie</Titre><PivotLocal>gendarmerie</PivotLocal><RessourceWeb URL="http://www.interieur.gouv.fr/Contact/Contacter-une-brigade-de-gendarmerie-ou-un-commissariat-de-police"/></OuSAdresser><Paragraphe>Les forces de l'ordre se chargent d'envoyer la demande de blocage de l'appareil à votre opérateur.</Paragraphe><Paragraphe>L'opérateur doit bloquer votre ligne dans les 4 jours maximum suivants votre déclaration.</Paragraphe><Paragraphe>C'est l'appareil en lui-même qui sera bloqué et pas seulement la ligne.</Paragraphe><ANoter><Titre>À noter</Titre><Paragraphe>même si vous êtes en voyage à l'étranger, vous devez aller porter plainte pour vol dans un commissariat de police.</Paragraphe></ANoter><TitreFlottant><Paragraphe>Retrouver votre téléphone</Paragraphe></TitreFlottant><Paragraphe>Vous pouvez essayer de localiser votre téléphone. Plusieurs sites internet ou applications mobiles permettent de le faire. Pour cela, la fonction "localisation" de votre téléphone doit être activée.</Paragraphe><Paragraphe><MiseEnEvidence>Si vous le localisez, prévenez la police ou la gendarmerie</MiseEnEvidence> et n'agissez pas vous-même.</Paragraphe><ANoter><Titre>À noter</Titre><Paragraphe>si la police retrouve votre téléphone, votre ligne pourra être réactivée, mais vous ne pourrez plus utiliser votre appareil s'il a déjà été bloqué.</Paragraphe></ANoter></Chapitre><Chapitre><Titre><Paragraphe>Remplacer votre téléphone</Paragraphe></Titre><TitreFlottant><Paragraphe>Joindre votre assurance</Paragraphe></TitreFlottant><Paragraphe>Si vous possédez une <LienInterne LienPublication="F31419" type="Fiche Question-réponse conditionnée" audience="Particuliers">assurance</LienInterne> pour le vol de votre téléphone, vous pourrez l'utiliser pour le remplacer.</Paragraphe><Paragraphe>Il peut s'agir d'une assurance prise auprès de votre opérateur ou de celle liée à votre carte bancaire, ou d'une assurance voyage.</Paragraphe><Paragraphe>Vous devez contacter votre assureur dans un délai rapide après le vol (48 heures ou quelques jours maximum).</Paragraphe><Paragraphe>L'assureur vous demandera la preuve de votre plainte. Vous devrez lui fournir le dépôt de plainte.</Paragraphe><TitreFlottant><Paragraphe>Conditions de remplacement</Paragraphe></TitreFlottant><Paragraphe>Le remplacement ou non dépend du contrat d'assurance signé.</Paragraphe><Paragraphe>Par exemple, l'assurance peut fonctionner uniquement en cas de vol avec violences (une agression) et non à cause d'un pickpocket. Il convient de vous renseigner après de votre opérateur.</Paragraphe><Paragraphe>L'assureur peut vous interroger et vous demander plus de détails avant de vous dédommager.</Paragraphe><TitreFlottant><Paragraphe>Fausse déclaration</Paragraphe></TitreFlottant><Paragraphe>Faire une fausse déclaration (comme prétexter une agression violente alors qu'il s'agit d'un pickpocket) pour obtenir le remplacement de votre téléphone est un cas d'<LienInterne LienPublication="F1520" type="Fiche d'information conditionnée" audience="Particuliers">escroquerie</LienInterne>.</Paragraphe><Paragraphe>De plus, le dépôt d'une fausse plainte devant la police ou la gendarmerie est un délit punissable de 6 mois de prison et <Valeur>7 500 €</Valeur> d'amende.</Paragraphe><ANoter><Titre>À noter</Titre><Paragraphe>la perte d'un téléphone portable peut permettre la <LienInterne LienPublication="F22486" type="Fiche d'information conditionnée" audience="Particuliers">résiliation anticipée d'un abonnement</LienInterne>. Il faut vérifier si votre contrat l'autorise.</Paragraphe></ANoter></Chapitre><Chapitre><Titre><Paragraphe>Changer vos mots de passe</Paragraphe></Titre><Paragraphe>Si votre téléphone contient des applications tels que votre boîte mails, votre compte bancaire, vos réseaux sociaux, il est recommandé de changer rapidement vos mots de passe dans chacun d'eux.</Paragraphe><Paragraphe>En effet, vos mots de passe sont stockés dans la mémoire de ces applications. Un voleur peut facilement les trouver et utiliser vos applications et données confidentielles.</Paragraphe></Chapitre><Chapitre><Titre><Paragraphe>Conseils prévoyance</Paragraphe></Titre><Paragraphe>Vous pouvez agir en amont pour minimiser les conséquences négatives et les risques de fraude (par exemple l'utilisation de vos données personnelles).</Paragraphe><Paragraphe>Il s'agit des actions suivantes :</Paragraphe><Liste type="puce"><Item><Paragraphe><MiseEnEvidence>Sauvegarder</MiseEnEvidence> souvent les données contenues dans votre téléphone (sur un ordinateur, une base de données, un disque dur externe, etc.)</Paragraphe></Item><Item><Paragraphe>Noter votre<MiseEnEvidence> <LienInterne LienPublication="R58998" type="Sigle">IMEI</LienInterne></MiseEnEvidence>en dehors de votre téléphone. Vous pouvez le trouver soit dans votre espace client sur le site internet de votre opérateur (paramètres de votre compte), soit dans les réglages de votre téléphone, ou sur son emballage d'origine. Vous pouvez aussi l'obtenir en tapant sur votre téléphone : *#06# et en lançant l'appel.</Paragraphe></Item><Item><Paragraphe>Vérifier que la fonction "<MiseEnEvidence>localisation</MiseEnEvidence>" de votre téléphone est activée (elle se trouve dans les données confidentielles de vos réglages)</Paragraphe></Item></Liste></Chapitre></Texte><VoirAussi important="non"><Fiche ID="F19066" audience="Particuliers"><Titre>Perte d'un téléphone portable</Titre><Theme ID="N19803"><Titre>Argent - Impôts - Consommation</Titre></Theme></Fiche><Fiche ID="F1520" audience="Particuliers"><Titre>Escroquerie</Titre><Theme ID="N19807"><Titre>Justice</Titre></Theme></Fiche><Fiche ID="F22486" audience="Particuliers"><Titre>Téléphone, internet ou télévision : résiliation du contrat</Titre><Theme ID="N19803"><Titre>Argent - Impôts - Consommation</Titre></Theme></Fiche></VoirAussi><Reference type="Texte de référence" URL="https://www.legifrance.gouv.fr/codes/article_lc/LEGIARTI000023713267/" ID="R58997"><Titre>Code des postes et des communications électroniques : article L34-3</Titre><Complement>Blocage de la ligne par l'opérateur</Complement></Reference><Reference type="Texte de référence" URL="https://www.legifrance.gouv.fr/codes/section_lc/LEGITEXT000006070719/LEGISCTA000006165331/" ID="R21936"><Titre>Code pénal : articles 313-1 à 313-3</Titre><Complement>Peines encourues en cas d'escroquerie</Complement></Reference><Reference type="Texte de référence" URL="https://www.legifrance.gouv.fr/codes/article_lc/LEGIARTI000006418651/" ID="R38427"><Titre>Code pénal : article 434-17</Titre><Complement>Peine encourue en cas de fausse plainte</Complement></Reference><Abreviation ID="R58998" type="Sigle"><Titre>IMEI</Titre><Texte><Paragraphe>International Mobile Equipment Identity (identité internationale d'équipement mobile)</Paragraphe></Texte></Abreviation><QuestionReponse ID="F31419" audience="Particuliers"><Titre>Faut-il assurer ses appareils portables (téléphone, tablette, ordinateur...) ?</Titre></QuestionReponse></Publication>