<?xml version="1.0" encoding="UTF-8"?><Publication xmlns:dc="http://purl.org/dc/elements/1.1/" xmlns:xsi="http://www.w3.org/2001/XMLSchema-instance" ID="F34151" type="Fiche d'information conditionnée" xsi:noNamespaceSchemaLocation="../Schemas/3.4/Publication.xsd" dateDerniereModificationImportante="2022-08-18T00:00:00" spUrl="https://www.service-public.fr/particuliers/vosdroits/F34151"><dc:title>Réduction du temps de travail (RTT)</dc:title><dc:creator>Direction de l'information légale et administrative</dc:creator><dc:subject>Travail - Formation</dc:subject><dc:description>La réduction du temps de travail (RTT) permet d'attribuer des journées ou demi-journées de repos au salarié travaillant plus de 35 heures par semaine.</dc:description><dc:publisher>Direction de l'information légale et administrative</dc:publisher><dc:contributor>Direction de l'information légale et administrative (Premier ministre)</dc:contributor><dc:date>modified 2022-08-18</dc:date><dc:type>Fiche pratique</dc:type><dc:format>text/xml</dc:format><dc:identifier>F34151</dc:identifier><dc:source>https://www.legifrance.gouv.fr/circulaire/id/2422</dc:source><dc:language>Fr</dc:language><dc:relation>isPartOf N510</dc:relation><dc:coverage>France entière</dc:coverage><dc:rights>https://www.service-public.fr/a-propos/mentions-legales</dc:rights><SurTitre>Fiche pratique</SurTitre><Audience>Particuliers</Audience><Canal>www.service-public.fr</Canal><FilDAriane><Niveau ID="Particuliers">Accueil particuliers</Niveau><Niveau ID="N19806">Travail - Formation</Niveau><Niveau ID="N510">Congés dans le secteur privé</Niveau><Niveau ID="F34151" type="Fiche d'information conditionnée">Réduction du temps de travail (RTT)</Niveau></FilDAriane><Theme ID="N19806"><Titre>Travail - Formation</Titre></Theme><SousThemePere ID="N19964">Congés</SousThemePere><DossierPere ID="N510"><Titre>Congés dans le secteur privé</Titre><SousDossier ID="N510-1"><Titre>Jours non travaillés</Titre><Fiche ID="F2258">Congés payés</Fiche><Fiche ID="F2405">Jours fériés et ponts</Fiche><Fiche ID="F34151">Réduction du temps de travail (RTT)</Fiche></SousDossier><SousDossier ID="N510-2"><Titre>Congés liés à l'arrivée d'un enfant</Titre><Fiche ID="F2265">Congé maternité</Fiche><Fiche ID="F3156">Congé de paternité et d'accueil de l'enfant</Fiche><Fiche ID="F35002">Congé en cas d'hospitalisation immédiate de l'enfant après sa naissance</Fiche><Fiche ID="F2268">Congé d'adoption</Fiche><Fiche ID="F2266">Congé de 3 jours pour naissance ou adoption</Fiche><Fiche ID="F2280">Congé parental à temps plein</Fiche></SousDossier><SousDossier ID="N510-3"><Titre>Congés pour maladie, handicap ou dépendance d'un membre de la famille</Titre><Fiche ID="F151">Congé pour enfant malade</Fiche><Fiche ID="F1631">Congé de présence parentale</Fiche><Fiche ID="F16920">Congé de proche aidant</Fiche><Fiche ID="F1767">Congé de solidarité familiale</Fiche><Fiche ID="F706">Allocation journalière d'accompagnement d'une personne en fin de vie</Fiche><Fiche ID="F34158">Survenue du handicap d'un enfant</Fiche><Fiche ID="F32112">Don de jours de repos pour enfant gravement malade</Fiche><Fiche ID="F35312">Don de jours de repos à un salarié dont l'enfant est décédé</Fiche></SousDossier><SousDossier ID="N510-4"><Titre>Exercice d'une autre activité</Titre><Fiche ID="F2382">Création ou reprise d'entreprise</Fiche><Fiche ID="F2310">Exercice d'un mandat politique local</Fiche></SousDossier><SousDossier ID="N510-5"><Titre>Congés spécifiques</Titre><Fiche ID="F34154">Mariage ou Pacs</Fiche><Fiche ID="F35134">Mariage de son enfant</Fiche><Fiche ID="F2278">Décès d'un membre de sa famille</Fiche><Fiche ID="F2381">Congé sabbatique</Fiche></SousDossier></DossierPere><SousDossierPere>Jours non travaillés</SousDossierPere><Introduction><Texte><Paragraphe>La réduction du temps de travail (RTT) est un dispositif qui prévoit d'attribuer des journées ou des demi-journées de repos à un salarié dont la durée de travail est supérieure à 35 heures par semaine. Le bénéfice des jours de RTT est fixé par une convention ou un accord (accord d'entreprise, le plus souvent).</Paragraphe></Texte></Introduction><Texte><Chapitre><Titre><Paragraphe>De quoi s'agit-il ?</Paragraphe></Titre><Paragraphe>La réduction du temps de travail (RTT) est un dispositif qui prévoit d'attribuer des journées ou des demi-journées de repos à un salarié.</Paragraphe><Paragraphe>Cela s'applique si la durée de travail est supérieure à 35 heures par semaine, dans la limite de 39 heures hebdomadaires.</Paragraphe><Paragraphe>Si le salarié travaille 35 heures par semaine, il ne bénéficie pas de jours de RTT.</Paragraphe><Paragraphe>Si son <LienIntra LienID="R32095" type="Définition de glossaire">temps de travail effectif</LienIntra> est de 39 heures hebdomadaires, il bénéficie de 4 heures de RTT par semaine, soit une demi-journée de RTT.</Paragraphe></Chapitre><Chapitre><Titre><Paragraphe>Qui est concerné ?</Paragraphe></Titre><Paragraphe>C'est l'accord de RTT applicable dans l'entreprise qui détermine les salariés concernés.</Paragraphe><Paragraphe>Un salarié travaillant à temps partiel ne peut pas en principe bénéficier de jours de RTT. Toutefois, un accord particulier d'entreprise peut le prévoir.</Paragraphe><Attention><Titre>Attention</Titre><Paragraphe>il n'est plus possible de signer de nouveaux accords de RTT depuis le 22 août 2008, mais les accords signés avant cette date et non dénoncés restent applicables. Une entreprise créée après cette date ne peut donc plus conclure d'accord spécifique, mais elle peut appliquer la convention collective ou l'accord de branche en vigueur.</Paragraphe></Attention></Chapitre><Chapitre><Titre><Paragraphe>Nombre de jours de RTT</Paragraphe></Titre><Paragraphe>Le nombre de jours de RTT est fixé par accord d'entreprise.</Paragraphe><Paragraphe>Il fixe également les conditions permettant de les cumuler :</Paragraphe><Liste type="puce"><Item><Paragraphe>Soit dans le cadre d'un forfait (par exemple : 10 jours de RTT sur l'année)</Paragraphe></Item><Item><Paragraphe>Soit au fur et à mesure que les heures de travail sont effectuées (par exemple, si vous travaillez 37 heures par semaine au lieu de 35 heures, vous avez droit à 2 heures de RTT par semaine)</Paragraphe></Item></Liste></Chapitre><Chapitre><Titre><Paragraphe>Rémunération</Paragraphe></Titre><Paragraphe>Le salarié qui bénéficie d'une journée ou demi-journée de RTT est rémunéré.</Paragraphe><Paragraphe>Son salaire est maintenu dans les conditions habituelles, quelle que soit la taille de son entreprise.</Paragraphe><Paragraphe>Les heures travaillées au-delà de la limite de 39 heures hebdomadaires sont considérées et rémunérées comme des <LienInterne LienPublication="F2391" type="Fiche d'information conditionnée" audience="Particuliers">heures supplémentaires</LienInterne>.</Paragraphe><Paragraphe>Le salarié qui le souhaite peut obtenir le rachat par son employeur des journées acquises de RTT mais non-prises.</Paragraphe><Paragraphe>Le salarié perçoit alors une majoration de salaire au moins égale au taux de majoration de la première heure supplémentaire applicable dans l'entreprise.</Paragraphe><Paragraphe>Cette majoration de salaire est exonérée de l'impôt sur le revenu dans une limite de <Valeur>7 500 €</Valeur> par an et des <LienInterne LienPublication="F2302" type="Fiche d'information conditionnée" audience="Particuliers">cotisations salariales</LienInterne> d'assurance vieillesse de base et complémentaire.</Paragraphe><Paragraphe>Ce dispositif de rachat de jours de RTT s'applique pour les journées de RTT effectuées entre <MiseEnEvidence>le 1<Exposant>er</Exposant> janvier 2022 et le 31 décembre 2025</MiseEnEvidence>. Un <LienIntra LienID="R57077" type="Définition de glossaire">accord</LienIntra> ou une <LienIntra LienID="R59273" type="Définition de glossaire">convention collective</LienIntra> précisent les modalités d'application.</Paragraphe></Chapitre><Chapitre><Titre><Paragraphe>Procédure</Paragraphe></Titre><Paragraphe>La procédure à respecter pour demander à bénéficier des jours de RTT est fixée par la convention ou l'accord applicable dans l'entreprise.</Paragraphe><Paragraphe>La convention ou l'accord prévoit les points suivants :</Paragraphe><Liste type="puce"><Item><Paragraphe>Conditions de prise de journées ou de demi-journées de repos (pour partie au choix du salarié et pour partie au choix de l'employeur)</Paragraphe></Item><Item><Paragraphe>Délais maximum dans lesquels ces repos sont pris (dans la limite de l'année)</Paragraphe></Item></Liste></Chapitre></Texte><VoirAussi important="non"><Fiche ID="F34996" audience="Particuliers"><Titre>Réduction du temps de travail (RTT) dans la fonction publique</Titre><Theme ID="N19806"><Titre>Travail - Formation</Titre></Theme></Fiche></VoirAussi><Reference type="Texte de référence" URL="https://www.legifrance.gouv.fr/circulaire/id/2422" ID="R50581"><Titre>Circulaire DGT n° 2008/20 du 13 novembre 2008 relative à la loi du 20 août 2008 portant rénovation de la démocratie sociale et réforme du temps de travail</Titre></Reference><Definition ID="R32095"><Titre>Temps de travail effectif</Titre><Texte><Paragraphe>Temps pendant lequel un salarié ou un agent public est à la disposition de l'employeur ou de l'administration et se conforme à ses directives sans pouvoir vaquer librement à ses occupations personnelles</Paragraphe></Texte><Reference type="Texte de référence" URL="https://www.legifrance.gouv.fr/codes/article_lc/LEGIARTI000033020517" ID="R45052"><Titre>Code du travail : article L3121-1</Titre></Reference></Definition><Definition ID="R57077"><Titre>Accord collectif d'entreprise</Titre><Texte><Paragraphe>Résultat des négociations menées entre les partenaires sociaux (employeurs et salariés)</Paragraphe></Texte></Definition><Definition ID="R59273"><Titre>Convention collective</Titre><Texte><Paragraphe>Accord écrit négocié entre les représentants syndicaux de salariés et des groupements d'employeurs. Il complète et adapte la législation du travail dans un secteur d'activité donné, souvent de façon plus favorable pour les salariés.</Paragraphe></Texte></Definition><QuestionReponse ID="F36444" audience="Particuliers"><Titre>Un ressortissant européen salarié en France a-t-il les mêmes droits qu'un salarié français ?</Titre></QuestionReponse></Publication>