<?xml version="1.0" encoding="UTF-8"?><Publication xmlns:dc="http://purl.org/dc/elements/1.1/" xmlns:xsi="http://www.w3.org/2001/XMLSchema-instance" ID="F34246" type="Fiche Question-réponse conditionnée" xsi:noNamespaceSchemaLocation="../Schemas/3.4/Publication.xsd" spUrl="https://www.service-public.fr/particuliers/vosdroits/F34246"><dc:title>Organisme d'intérêt général : dans quels cas utiliser un rescrit fiscal ?</dc:title><dc:creator>Direction de l'information légale et administrative</dc:creator><dc:subject>Financement et fiscalité d'une association, Associations</dc:subject><dc:description>Vous avez une question à poser à l'administration fiscale ? La procédure du rescrit fiscal permet à une association, fondation ou organisme d'intérêt général de le faire. Le terme rescrit correspond à la réponse fournie par l'administration. La réponse donnée l'engage et ne lui permet plus de changer de position sur la question formulée. Il existe différents types de rescrits fiscaux, dont le rescrit fiscalité et le rescrit mécénat. Nous vous présentons les informations à retenir.</dc:description><dc:publisher>Direction de l'information légale et administrative</dc:publisher><dc:contributor>Direction de l'information légale et administrative (Premier ministre)</dc:contributor><dc:date>modified 2022-10-12</dc:date><dc:type>Question-réponse</dc:type><dc:format>text/xml</dc:format><dc:identifier>F34246</dc:identifier><dc:source>https://www.legifrance.gouv.fr/codes/section_lc/LEGITEXT000006069577/LEGISCTA000006191957, https://www.legifrance.gouv.fr/codes/article_lc/LEGIARTI000041470858, https://www.legifrance.gouv.fr/codes/article_lc/LEGIARTI000037993667, https://www.legifrance.gouv.fr/codes/article_lc/LEGIARTI000006315087, http://bofip.impots.gouv.fr/bofip/634-PGP.html</dc:source><dc:language>Fr</dc:language><dc:relation>isPartOf N21960</dc:relation><dc:coverage>France entière</dc:coverage><dc:rights>https://www.service-public.fr/a-propos/mentions-legales</dc:rights><SurTitre>Question-réponse</SurTitre><Audience>Associations</Audience><Audience>Particuliers</Audience><Canal>www.service-public.fr</Canal><FilDAriane><Niveau ID="Particuliers">Accueil particuliers</Niveau><Niveau ID="N31931">Associations</Niveau><Niveau ID="N21960">Ressources financières d'une association</Niveau><Niveau ID="F34246" type="Fiche Question-réponse conditionnée">Organisme d'intérêt général : dans quels cas utiliser un rescrit fiscal ?</Niveau></FilDAriane><Theme ID="N31931"><Titre>Associations</Titre></Theme><SousThemePere ID="N31977">Financement et fiscalité d'une association</SousThemePere><DossierPere ID="N21960"><Titre>Ressources financières d'une association</Titre><Fiche ID="F3175">Cotisations</Fiche><Fiche ID="F2722">Dons, donations et legs</Fiche><Fiche ID="F3180">Subventions</Fiche><Fiche ID="F34245">Appel à la générosité publique</Fiche></DossierPere><Introduction><Texte><Paragraphe>Vous avez une question à poser à l'administration fiscale ? La procédure du rescrit fiscal permet à une association, fondation ou organisme d'intérêt général de le faire. Le terme <Expression>rescrit</Expression> correspond à la réponse fournie par l'administration. La réponse donnée l'engage et ne lui permet plus de changer de position sur la question formulée. Il existe différents types de rescrits fiscaux, dont le rescrit fiscalité et le rescrit mécénat. Nous vous présentons les informations à retenir.</Paragraphe></Texte></Introduction><ListeSituations affichage="onglet"><Situation><Titre>Rescrit général (ou rescrit fiscalité)</Titre><Texte><Chapitre><Titre><Paragraphe>Dans quels cas utiliser le rescrit général ou "fiscalité" ?</Paragraphe></Titre><Paragraphe>Le rescrit général ou "fiscalité" vous permet d'interroger l'administration fiscale pour savoir si vous devez payer des impôts commerciaux (caractère lucratif ou non de vos activités).</Paragraphe><Paragraphe>Ainsi, l'administration fiscale vous précisera si vous devez payer certains impôts. Par exemple :</Paragraphe><Liste type="puce"><Item><Paragraphe>Impôt sur les sociétés</Paragraphe></Item><Item><Paragraphe>Taxe sur la valeur ajoutée (TVA)</Paragraphe></Item><Item><Paragraphe>Taxe d'apprentissage</Paragraphe></Item><Item><Paragraphe>Contribution sur les revenus locatifs (CRL)</Paragraphe></Item></Liste></Chapitre><Chapitre><Titre><Paragraphe>Comment doit se faire la demande de rescrit général ou "fiscalité" ?</Paragraphe></Titre><Paragraphe>La demande doit se faire par <MiseEnEvidence>écrit.</MiseEnEvidence></Paragraphe><Paragraphe>Elle doit être adressée par courrier recommandé avec accusé de réception à la direction départementale ou régionale des finances publiques (selon les départements) du <MiseEnEvidence>lieu du siège de l'organisme</MiseEnEvidence>.</Paragraphe><Paragraphe>Vous pouvez consulter les <LienExterne URL="https://www.impots.gouv.fr/sites/default/files/media/1_metier/2_professionnel/EV/4_difficultes/410_rescrit/dir_competentes/rescrits_adresses_directions_locales.pdf" format="application/pdf" poids="1.0 MB">coordonnées de la direction compétente pour votre demande de rescrit</LienExterne>.</Paragraphe><Paragraphe>La demande peut aussi faire l'objet d'un dépôt contre décharge.</Paragraphe><ASavoir><Titre>À savoir</Titre><Paragraphe><LienExterne URL="https://associations.gouv.fr/le-correspondant-associations-de-l-administration-fiscale.html">un correspondant associations</LienExterne> est désigné dans chaque direction départementale des finances publiques pour répondre à toutes vos interrogations.</Paragraphe></ASavoir><Paragraphe>L'association doit fournir tous les éléments concernant son fonctionnement, ses activités et tous justificatifs en lien avec ses activités permettant à l'administration d'évaluer sa situation.</Paragraphe><Paragraphe>La demande de rescrit général (fiscal) peut se faire par ce <LienInterne LienPublication="R58584" type="Formulaire" audience="Particuliers">modèle de demande de rescrit général</LienInterne>.</Paragraphe></Chapitre><Chapitre><Titre><Paragraphe>Quelle est le délai de réponse de l'administration fiscale ?</Paragraphe></Titre><Paragraphe>L'administration fiscale a <MiseEnEvidence>3 mois</MiseEnEvidence> pour répondre à votre question.</Paragraphe><Paragraphe>Ce délai commence à courir à partir de la date de réception de votre demande (ou de la réception de la totalité des pièces du dossier lorsque l'administration vous a demandé de le compléter).</Paragraphe><ANoter><Titre>À noter</Titre><Paragraphe>l'administration n'a <MiseEnEvidence>aucune obligation</MiseEnEvidence> de répondre à votre demande de rescrit. Son absence de réponse équivaut à une réponse négative.</Paragraphe></ANoter><Paragraphe>En cas de réponse, cette dernière s'impose à votre situation. Le rescrit doit être argumenté et ne concerne que votre organisme.</Paragraphe><ASavoir><Titre>À savoir</Titre><Paragraphe>une réponse de l'administration à un mail ne peut pas être considérée comme un rescrit.</Paragraphe></ASavoir></Chapitre><Chapitre><Titre><Paragraphe>Quel recours en cas de désaccord avec l'administration fiscale ?</Paragraphe></Titre><Paragraphe>En cas de désaccord, le rescrit peut faire l'objet d'une demande de réexamen dans un délai de <MiseEnEvidence>2 mois</MiseEnEvidence>. Vous ne pouvez pas invoquer d'éléments nouveaux.</Paragraphe><Paragraphe>La demande de réexamen se fait selon les mêmes modalités que la demande initiale. Le nouvel examen est effectué par un collège d'experts qui n'a pas eu connaissance de la 1ère demande, et qui répond dans les mêmes délais.</Paragraphe><Paragraphe>Si vous souhaitez contester ce second avis, vous pourrez saisir le <LienInterne LienPublication="F2026" type="Fiche d'information conditionnée" audience="Particuliers">tribunal administratif</LienInterne> dans les 2 mois.</Paragraphe><OuSAdresser ID="R27" sve="non" type="Local personnalisable"><Titre>Tribunal administratif</Titre><PivotLocal>ta</PivotLocal><RessourceWeb URL="https://www.conseil-etat.fr/qui-sommes-nous/tribunaux-et-cours/la-carte-des-juridictions-administratives"/><Source ID="R30728">Conseil d'État</Source></OuSAdresser></Chapitre></Texte></Situation><Situation><Titre>Rescrit spécial (ou rescrit mécénat)</Titre><Texte><Chapitre><Titre><Paragraphe>Dans quels cas utiliser le rescrit spécial ou "mécénat" ?</Paragraphe></Titre><Paragraphe>Le rescrit spécial ou "mécénat" vous permet d'interroger l'administration fiscale pour savoir si vous pouvez bénéficier de financement de la part de tiers.</Paragraphe><Paragraphe>Ainsi, si vous êtes un organisme d'intérêt général, l'administration fiscale vous précisera si vous êtes  :</Paragraphe><Liste type="puce"><Item><Paragraphe>habilité à recevoir des dons manuels non soumis aux droits d'enregistrement,</Paragraphe></Item><Item><Paragraphe>en mesure de délivrer des reçus fiscaux ouvrant droit, pour les donateurs, à une réduction d'impôt,...</Paragraphe></Item></Liste></Chapitre><Chapitre><Titre><Paragraphe>Comment doit se faire la demande de rescrit spécial ou "mécénat" ?</Paragraphe></Titre><Paragraphe>La demande doit se faire par<MiseEnEvidence> écrit</MiseEnEvidence> selon un formulaire spécial.</Paragraphe><Paragraphe>Elle doit être adressée par courrier recommandé avec accusé de réception à la direction départementale ou régionale des finances publiques (selon les départements) du lieu du siège de l'organisme.</Paragraphe><Paragraphe>Vous pouvez consulter les <LienExterne URL="https://www.impots.gouv.fr/sites/default/files/media/1_metier/2_professionnel/EV/4_difficultes/410_rescrit/dir_competentes/rescrits_adresses_directions_locales.pdf" format="application/pdf" poids="1.0 MB">coordonnées de la direction compétente pour votre demande de rescrit</LienExterne>.<LienExterne URL="https://www.impots.gouv.fr/sites/default/files/media/1_metier/2_professionnel/EV/4_difficultes/410_rescrit/dir_competentes/rescrits_adresses_directions_locales.pdf" format="application/pdf" poids="1.0 MB">Coordonnées de la direction compétente pour votre demande de rescrit</LienExterne></Paragraphe><Paragraphe>La demande peut aussi faire l'objet d'un dépôt contre décharge.</Paragraphe><ASavoir><Titre>À savoir</Titre><Paragraphe><LienExterne URL="https://associations.gouv.fr/le-correspondant-associations-de-l-administration-fiscale.html">un correspondant associations</LienExterne> est désigné dans chaque direction départementale des finances publiques pour répondre à toutes vos interrogations</Paragraphe></ASavoir><Paragraphe>L'association doit fournir tous les éléments demandés par le document (nom ou raison sociale, nature du patrimoine,...).</Paragraphe><Paragraphe>La demande de rescrit "mécénat" doit se faire en utilisant le modèle de demande de rescrit au profit d'organisme recevant des dons :</Paragraphe><ServiceEnLigne ID="R47828" URL="http://bofip.impots.gouv.fr/bofip/635-PGP" audience="Particuliers" type="Formulaire"><Titre>Modèle de demande de rescrit au profit d'organisme recevant des dons</Titre><Source ID="R30612">Ministère chargé des finances</Source></ServiceEnLigne></Chapitre><Chapitre><Titre><Paragraphe>Quel est le délai de réponse de l'administration fiscale ?</Paragraphe></Titre><Paragraphe>L'administration fiscale a <MiseEnEvidence>6 mois</MiseEnEvidence> pour répondre à votre question.</Paragraphe><Paragraphe>Ce délai commence à courir à partir de la date de réception de votre demande (ou de la réception de la totalité des pièces du dossier lorsque l'administration vous a demandé de le compléter).</Paragraphe><Paragraphe>L'absence de réponse de l'administration fiscale dans le délai de 6 mois ne signifie pas pour autant que vous pouvez percevoir des dons et délivrer des reçus. En effet, en cas de réponse postérieure de la part de l'administration fiscale, vous pourriez devoir régler une amende égale au montant de la réduction d'impôt en cause (66 % ou 60 % selon les cas).</Paragraphe><Paragraphe>Ainsi, <MiseEnEvidence>il est nécessaire d'obtenir une réponse positive</MiseEnEvidence> de l'administration fiscale à votre demande pour pouvoir percevoir des dons et délivrer des <LienInterne LienPublication="R17454" type="Formulaire" audience="Particuliers">reçus fiscaux</LienInterne>.</Paragraphe><ASavoir><Titre>À savoir</Titre><Paragraphe>une réponse de l'administration à un mail ne peut pas être considérée comme un rescrit.</Paragraphe></ASavoir></Chapitre><Chapitre><Titre><Paragraphe>Quel recours en cas de désaccord avec l'administration fiscale ?</Paragraphe></Titre><Paragraphe>En cas de désaccord, le rescrit peut faire l'objet d'une demande de réexamen dans un délai de <MiseEnEvidence>2 mois</MiseEnEvidence>. Vous ne pouvez pas invoquer d'éléments nouveaux.</Paragraphe><Paragraphe>La demande de réexamen se fait selon les mêmes modalités que la demande initiale. Le nouvel examen est effectué par un collège d'experts qui n'a pas eu connaissance de la 1ère demande, et qui répond dans les mêmes délais.</Paragraphe><Paragraphe>Si vous souhaitez contester ce second avis, vous pourrez saisir le <LienInterne LienPublication="F2026" type="Fiche d'information conditionnée" audience="Particuliers">tribunal administratif</LienInterne> dans les 2 mois.</Paragraphe><OuSAdresser ID="R27" sve="non" type="Local personnalisable"><Titre>Tribunal administratif</Titre><PivotLocal>ta</PivotLocal><RessourceWeb URL="https://www.conseil-etat.fr/qui-sommes-nous/tribunaux-et-cours/la-carte-des-juridictions-administratives"/><Source ID="R30728">Conseil d'État</Source></OuSAdresser></Chapitre></Texte></Situation></ListeSituations><VoirAussi important="non"><Fiche ID="F13551" audience="Particuliers"><Titre>Rescrit fiscal</Titre><Theme ID="N19803"><Titre>Argent - Impôts - Consommation</Titre></Theme></Fiche></VoirAussi><QuiPeutMAider ID="R59031" sve="non" type="Local personnalisé sur SP"><Titre>Direction régionale des finances publiques (DRFIP)</Titre><PivotLocal>dr_fip</PivotLocal><RessourceWeb URL="https://lannuaire.service-public.fr/navigation/dr_fip"/></QuiPeutMAider><Reference type="Texte de référence" URL="https://www.legifrance.gouv.fr/codes/section_lc/LEGITEXT000006069577/LEGISCTA000006191957" ID="R18621"><Titre>Code général des impôts : article 200</Titre></Reference><Reference type="Texte de référence" URL="https://www.legifrance.gouv.fr/codes/article_lc/LEGIARTI000041470858" ID="R1116"><Titre>Code général des impôts : article 238 bis</Titre></Reference><Reference type="Texte de référence" URL="https://www.legifrance.gouv.fr/codes/article_lc/LEGIARTI000037993667" ID="R47825"><Titre>Code général des impôts : article 1740 A</Titre></Reference><Reference type="Texte de référence" URL="https://www.legifrance.gouv.fr/codes/article_lc/LEGIARTI000006315087" ID="R47826"><Titre>Livre des procédures fiscales : article L80 C</Titre></Reference><Reference type="Texte de référence" URL="http://bofip.impots.gouv.fr/bofip/634-PGP.html" ID="R47824"><Titre>Bofip-impôts n°BOI-SJ-RES-10-20-20-70 relatif au rescrit au profit d'organismes recevant des dons</Titre></Reference><ServiceEnLigne ID="R58584" URL="https://www.impots.gouv.fr/portail/files/media/1_metier/2_professionnel/EV/4_difficultes/410_rescrit/modele_rescrit-1.odt" audience="Particuliers" format="application/vnd.oasis.opendocument.text" poids="47.3 KB" type="Formulaire"><Titre>Modèle de demande de rescrit général</Titre><Source ID="R30612">Ministère chargé des finances</Source></ServiceEnLigne><ServiceEnLigne ID="R47828" URL="http://bofip.impots.gouv.fr/bofip/635-PGP" audience="Particuliers" type="Formulaire"><Titre>Modèle de demande de rescrit au profit d'organisme recevant des dons</Titre><Source ID="R30612">Ministère chargé des finances</Source></ServiceEnLigne><ServiceEnLigne ID="R17454" URL="https://www.impots.gouv.fr/formulaire/2041-rd/recu-des-dons-et-versements-effectues-par-les-particuliers-au-titre-des-articles" audience="Particuliers" format="application/pdf" poids="167.6 KB" numerocerfa="11580" type="Formulaire"><Titre>Reçu - Don à un organisme d'intérêt général</Titre><Source ID="R30612">Ministère chargé des finances</Source></ServiceEnLigne><PourEnSavoirPlus type="Information pratique" ID="R50022" URL="https://associations.gouv.fr/le-correspondant-associations-de-l-administration-fiscale.html" audience="Particuliers"><Titre>Le "correspondant associations" de l'administration fiscale</Titre><Source ID="R30678">Ministère chargé de la vie associative</Source></PourEnSavoirPlus><PourEnSavoirPlus type="Information pratique" ID="R62347" URL="https://www.impots.gouv.fr/sites/default/files/media/1_metier/2_professionnel/EV/4_difficultes/410_rescrit/dir_competentes/rescrits_adresses_directions_locales.pdf" audience="Particuliers" format="application/pdf" poids="1.0 MB"><Titre>Coordonnées de la direction compétente pour votre demande de rescrit</Titre><Source ID="R30612">Ministère chargé des finances</Source></PourEnSavoirPlus></Publication>