<?xml version="1.0" encoding="UTF-8"?><Publication xmlns:dc="http://purl.org/dc/elements/1.1/" xmlns:xsi="http://www.w3.org/2001/XMLSchema-instance" ID="F34414" type="Fiche Question-réponse conditionnée" xsi:noNamespaceSchemaLocation="../Schemas/3.4/Publication.xsd" spUrl="https://www.service-public.fr/particuliers/vosdroits/F34414"><dc:title>Qu'est-ce qu'un contrat de chantier ou d'opération ?</dc:title><dc:creator>Direction de l'information légale et administrative</dc:creator><dc:subject>Travail - Formation</dc:subject><dc:description>Le contrat de chantier ou d'opération est un CDD dont la durée et la fin sont incertaines car liées à la réalisation du chantier.</dc:description><dc:publisher>Direction de l'information légale et administrative</dc:publisher><dc:contributor>Direction de l'information légale et administrative (Premier ministre)</dc:contributor><dc:date>modified 2021-10-28</dc:date><dc:type>Question-réponse</dc:type><dc:format>text/xml</dc:format><dc:identifier>F34414</dc:identifier><dc:source>https://www.legifrance.gouv.fr/codes/id/LEGISCTA000035639124, https://www.legifrance.gouv.fr/codes/id/LEGISCTA000035644094</dc:source><dc:language>Fr</dc:language><dc:relation>isPartOf N19871</dc:relation><dc:coverage>France entière</dc:coverage><dc:rights>https://www.service-public.fr/a-propos/mentions-legales</dc:rights><SurTitre>Question-réponse</SurTitre><Audience>Particuliers</Audience><Canal>www.service-public.fr</Canal><FilDAriane><Niveau ID="Particuliers">Accueil particuliers</Niveau><Niveau ID="N19806">Travail - Formation</Niveau><Niveau ID="N19871">Contrats de travail dans le secteur privé</Niveau><Niveau ID="F34414" type="Fiche Question-réponse conditionnée">Qu'est-ce qu'un contrat de chantier ou d'opération ?</Niveau></FilDAriane><Theme ID="N19806"><Titre>Travail - Formation</Titre></Theme><SousThemePere ID="N19962">Contrats et carrière</SousThemePere><DossierPere ID="N19871"><Titre>Contrats de travail dans le secteur privé</Titre><SousDossier ID="N19871-1"><Titre>Contrat à durée indéterminée (CDI)</Titre><Fiche ID="F1906">Caractéristiques</Fiche><Fiche ID="F2339">Modification</Fiche><Fiche ID="F10033">Rupture</Fiche></SousDossier><SousDossier ID="N19871-2"><Titre>Contrat à durée déterminée (CDD)</Titre><Fiche ID="F36">Conclusion</Fiche><Fiche ID="F41">Situation du salarié</Fiche><Fiche ID="F38">Renouvellement</Fiche><Fiche ID="F40">Fin</Fiche></SousDossier><SousDossier ID="N19871-3"><Titre>Contrat temporaire</Titre><Fiche ID="F11215">Contrat d'intérim</Fiche><Fiche ID="F33693">Contrat d'extra (CDD d'usage)</Fiche></SousDossier></DossierPere><Texte><Paragraphe>Un salarié du secteur privé peut être embauché en contrat de chantier ou d'opération.</Paragraphe><Paragraphe>Le contrat de chantier ou d'opération est conclu pour une durée indéterminée.</Paragraphe><Paragraphe>Il prend fin lorsque le chantier ou l'opération est réalisé.</Paragraphe><Paragraphe>La <LienInterne LienPublication="F78" type="Fiche d'information conditionnée" audience="Particuliers">convention collective</LienInterne> ou un <LienIntra LienID="R59802" type="Définition de glossaire">accord de branche étendu</LienIntra> fixe les conditions dans lesquelles il est possible de recourir à un contrat de chantier ou d'opération.</Paragraphe><Paragraphe>La convention ou l'accord détermine les mesures suivantes :</Paragraphe><Liste type="puce"><Item><Paragraphe>Taille des entreprises concernées</Paragraphe></Item><Item><Paragraphe>Activités concernées</Paragraphe></Item><Item><Paragraphe>Informations sur la nature du chantier ou de l'opération</Paragraphe></Item><Item><Paragraphe>Rémunération et indemnités de fin de contrat</Paragraphe></Item><Item><Paragraphe>Garanties en termes de formation</Paragraphe></Item><Item><Paragraphe>Mode de rupture du contrat lorsque le chantier ou l'opération ne peut pas se réaliser ou se termine de manière anticipée</Paragraphe></Item></Liste><Paragraphe>La fin du chantier ou l'opération est un motif de rupture justifiée du contrat pour cause réelle et sérieuse.</Paragraphe><Paragraphe>La <LienInterne LienPublication="F1848" type="Fiche d'information conditionnée" audience="Particuliers">procédure de licenciement pour motif personnel</LienInterne> s'applique alors.</Paragraphe><Paragraphe>Si des <LienIntra LienID="R51533" type="Définition de glossaire">dispositions conventionnelles</LienIntra> le prévoient, le salarié licencié à la fin d'un contrat de chantier ou d'opération peut bénéficier d'une priorité de réembauche en <LienInterne LienPublication="R24389" type="Sigle">CDI</LienInterne> dans l'entreprise.</Paragraphe><ANoter><Titre>À noter</Titre><Paragraphe>en l'absence de convention collective ou d'accord de branche étendu, il est possible de conclure un contrat de chantier ou d'opération dans les secteurs où son usage est habituel et conforme à l'exercice de la profession. Par exemple, dans une entreprise du secteur du BTP.</Paragraphe></ANoter></Texte><Reference type="Texte de référence" URL="https://www.legifrance.gouv.fr/codes/id/LEGISCTA000035639124" ID="R49057"><Titre>Code du travail : articles L1223-8 à L1223-9</Titre><Complement>Contrat de chantier ou d'opération</Complement></Reference><Reference type="Texte de référence" URL="https://www.legifrance.gouv.fr/codes/id/LEGISCTA000035644094" ID="R49058"><Titre>Code du travail : articles L1236-8 à L1236-9</Titre><Complement>Rupture du contrat de chantier ou d'opération</Complement></Reference><Definition ID="R59802"><Titre>Accord de branche étendu</Titre><Texte><Paragraphe>Accord collectif conclu au niveau d'une branche professionnelle qui a été étendu par le ministère du travail. Cela signifie que l'accord s'applique à toutes les entreprises qui entrent dans le champ d'application visé par l'accord.</Paragraphe></Texte></Definition><Definition ID="R51533"><Titre>Dispositions conventionnelles</Titre><Texte><Paragraphe>Convention collective, accord collectif, accord de branche, d'entreprise ou d'établissement applicables en droit du travail. Elles fixent les obligations et les droits de l'employeur et du salarié.</Paragraphe></Texte></Definition><Abreviation ID="R24389" type="Sigle"><Titre>CDI</Titre><Texte><Paragraphe>Contrat de travail à durée indéterminée</Paragraphe></Texte></Abreviation></Publication>