<?xml version="1.0" encoding="UTF-8"?><Publication xmlns:dc="http://purl.org/dc/elements/1.1/" xmlns:xsi="http://www.w3.org/2001/XMLSchema-instance" ID="F34537" type="Fiche Question-réponse conditionnée" xsi:noNamespaceSchemaLocation="../Schemas/3.4/Publication.xsd" spUrl="https://www.service-public.fr/particuliers/vosdroits/F34537"><dc:title>Un agent public peut-il s'absenter pour passer un concours ?</dc:title><dc:creator>Direction de l'information légale et administrative</dc:creator><dc:subject>Travail - Formation</dc:subject><dc:description>Oui, il est d'usage d'accorder aux agents publics des autorisations d'absence pour participer aux épreuves d'un concours.</dc:description><dc:publisher>Direction de l'information légale et administrative</dc:publisher><dc:contributor>Direction de l'information légale et administrative (Premier ministre)</dc:contributor><dc:date>modified 2022-11-08</dc:date><dc:type>Question-réponse</dc:type><dc:format>text/xml</dc:format><dc:identifier>F34537</dc:identifier><dc:language>Fr</dc:language><dc:relation>isPartOf N500</dc:relation><dc:coverage>France entière</dc:coverage><dc:rights>https://www.service-public.fr/a-propos/mentions-legales</dc:rights><SurTitre>Question-réponse</SurTitre><Audience>Particuliers</Audience><Canal>www.service-public.fr</Canal><FilDAriane><Niveau ID="Particuliers">Accueil particuliers</Niveau><Niveau ID="N19806">Travail - Formation</Niveau><Niveau ID="N500">Recrutement dans la fonction publique</Niveau><Niveau ID="F34537" type="Fiche Question-réponse conditionnée">Un agent public peut-il s'absenter pour passer un concours ?</Niveau></FilDAriane><Theme ID="N19806"><Titre>Travail - Formation</Titre></Theme><SousThemePere ID="N19961">Recrutement</SousThemePere><DossierPere ID="N500"><Titre>Recrutement dans la fonction publique</Titre><SousDossier ID="N500-1"><Titre>Recrutement d'un fonctionnaire</Titre><Fiche ID="F434">Concours de la fonction publique</Fiche><Fiche ID="F32810">Recrutement sans concours en catégorie C</Fiche><Fiche ID="F430">Condition d'accès réservée aux personnes handicapées</Fiche><Fiche ID="F12686">Accès à la fonction publique par la voie du Pacte</Fiche></SousDossier><SousDossier ID="N500-2"><Titre>Recrutement d'un contractuel</Titre><Fiche ID="F14012">Dans la fonction publique d'État (FPE)</Fiche><Fiche ID="F13839">Dans la fonction publique territoriale (FPT)</Fiche><Fiche ID="F13943">Dans la fonction publique hospitalière (FPH)</Fiche></SousDossier></DossierPere><Texte><Paragraphe>Oui. Aucun texte ne le prévoit, mais il est d’usage d'accorder aux fonctionnaires et aux contractuels des autorisations d'absence pour participer aux épreuves d'un concours. Ils doivent présenter la convocation.</Paragraphe><Paragraphe>Chaque administration fixe ses propres règles en la matière. Renseignez-vous auprès de votre direction des ressources humaines pour connaître les conditions d'absence autorisée.</Paragraphe></Texte><VoirAussi important="non"><Dossier ID="N500" audience="Particuliers"><Titre>Recrutement dans la fonction publique</Titre><Theme ID="N19806"><Titre>Travail - Formation</Titre></Theme></Dossier></VoirAussi><QuestionReponse ID="F34827" audience="Particuliers"><Titre>Peut-on devenir fonctionnaire sans passer de concours ?</Titre></QuestionReponse><CommentFaireSi ID="F1700" audience="Particuliers" pictogramme="icone-travail-administration"><Titre>Je souhaite travailler dans l'administration</Titre></CommentFaireSi></Publication>