<?xml version="1.0" encoding="UTF-8"?><Publication xmlns:dc="http://purl.org/dc/elements/1.1/" xmlns:xsi="http://www.w3.org/2001/XMLSchema-instance" ID="F34539" type="Fiche Question-réponse conditionnée" xsi:noNamespaceSchemaLocation="../Schemas/3.4/Publication.xsd" spUrl="https://www.service-public.fr/particuliers/vosdroits/F34539"><dc:title>Un agent public a-t-il droit à un congé pour déménagement ?</dc:title><dc:creator>Direction de l'information légale et administrative</dc:creator><dc:subject>Travail - Formation</dc:subject><dc:description>Il est d'usage d'accorder une autorisation d'absence aux fonctionnaires et aux contractuels en cas de déménagement.</dc:description><dc:publisher>Direction de l'information légale et administrative</dc:publisher><dc:contributor>Direction de l'information légale et administrative (Premier ministre)</dc:contributor><dc:date>modified 2024-01-01</dc:date><dc:type>Question-réponse</dc:type><dc:format>text/xml</dc:format><dc:identifier>F34539</dc:identifier><dc:language>Fr</dc:language><dc:relation>isPartOf N19978</dc:relation><dc:coverage>France entière</dc:coverage><dc:rights>https://www.service-public.fr/a-propos/mentions-legales</dc:rights><SurTitre>Question-réponse</SurTitre><Audience>Particuliers</Audience><Canal>www.service-public.fr</Canal><FilDAriane><Niveau ID="Particuliers">Accueil particuliers</Niveau><Niveau ID="N19806">Travail - Formation</Niveau><Niveau ID="N19978">Congés dans la fonction publique</Niveau><Niveau ID="F34539" type="Fiche Question-réponse conditionnée">Un agent public a-t-il droit à un congé pour déménagement ?</Niveau></FilDAriane><Theme ID="N19806"><Titre>Travail - Formation</Titre></Theme><SousThemePere ID="N19964">Congés</SousThemePere><DossierPere ID="N19978"><Titre>Congés dans la fonction publique</Titre><SousDossier ID="N19978-1"><Titre>Jours non travaillés</Titre><Fiche ID="F488">Congés annuels</Fiche><Fiche ID="F1599">Congé bonifié</Fiche><Fiche ID="F24496">Jours fériés</Fiche></SousDossier><SousDossier ID="N19978-2"><Titre>Congés liés à l'arrivée d'un enfant</Titre><Fiche ID="F519">Congé de maternité</Fiche><Fiche ID="F537">Congé d'adoption</Fiche><Fiche ID="F13765">Congé de 3 jours pour naissance ou adoption</Fiche><Fiche ID="F583">Congé de paternité et d'accueil de l'enfant</Fiche><Fiche ID="F517">Congé parental</Fiche></SousDossier><SousDossier ID="N19978-3"><Titre>Maladie, handicap ou dépendance d'un membre de la famille</Titre><Fiche ID="F489">Autorisation d'absence pour garde d'enfant ou enfant malade</Fiche><Fiche ID="F565">Congé de présence parentale</Fiche><Fiche ID="F35001">Congé de proche aidant</Fiche><Fiche ID="F17949">Congé de solidarité familiale</Fiche></SousDossier><SousDossier ID="N19978-4"><Titre>Autorisations d'absence pour événement familial</Titre><Fiche ID="F34545">Décès d'un proche</Fiche><Fiche ID="F34544">Mariage ou Pacs</Fiche></SousDossier></DossierPere><Texte><Paragraphe>Aucun texte ne prévoit la possibilité pour un agent public de s'absenter sur ses heures de travail en cas de déménagement de sa <LienIntra LienID="R55198" type="Définition de glossaire">résidence principale</LienIntra>.</Paragraphe><Paragraphe>Toutefois, il est d'usage d'accorder aux fonctionnaires et aux contractuels une autorisation d'absence à cette occasion.</Paragraphe><Paragraphe>Chaque administration fixe ses propres règles en la matière.</Paragraphe><Paragraphe>Renseignez-vous auprès de votre direction des ressources humaines pour connaître les conditions d'absence autorisée.</Paragraphe></Texte><Definition ID="R55198"><Titre>Résidence principale</Titre><Texte><Paragraphe>Logement occupé au moins 8 mois par an sauf obligation professionnelle, raison de santé ou cas de force majeure</Paragraphe></Texte></Definition><QuestionReponse ID="F33902" audience="Particuliers"><Titre>Un salarié a-t-il droit à un congé pour déménagement ?</Titre></QuestionReponse></Publication>