<?xml version="1.0" encoding="UTF-8"?><Publication xmlns:dc="http://purl.org/dc/elements/1.1/" xmlns:xsi="http://www.w3.org/2001/XMLSchema-instance" ID="F34667" type="Fiche d'information conditionnée" xsi:noNamespaceSchemaLocation="../Schemas/3.4/Publication.xsd" dateDerniereModificationImportante="2017-12-29T00:00:00" spUrl="https://www.service-public.fr/associations/vosdroits/F34667"><dc:title>Organisation d'une course cycliste sur la voie publique</dc:title><dc:creator>Direction de l'information légale et administrative</dc:creator><dc:subject>Fonctionnement d'une association, Associations</dc:subject><dc:description>L'organisation d'une course cycliste sur la voie publique est soumise à déclaration ou autorisation préalable.</dc:description><dc:publisher>Direction de l'information légale et administrative</dc:publisher><dc:contributor>Direction de l'information légale et administrative (Premier ministre)</dc:contributor><dc:date>modified 2023-03-13</dc:date><dc:type>Fiche pratique</dc:type><dc:format>text/xml</dc:format><dc:identifier>F34667</dc:identifier><dc:source>https://www.legifrance.gouv.fr/codes/id/LEGISCTA000025449406, https://www.legifrance.gouv.fr/codes/id/LEGISCTA000025449414/2012-06-07, https://www.legifrance.gouv.fr/codes/id/LEGISCTA000025449419/2012-06-07, https://www.legifrance.gouv.fr/codes/id/LEGISCTA000025449433/2012-06-07, http://circulaires.legifrance.gouv.fr/pdf/2018/03/cir_43160.pdf</dc:source><dc:language>Fr</dc:language><dc:relation>isPartOf N31332</dc:relation><dc:coverage>France entière</dc:coverage><dc:rights>https://www.service-public.fr/a-propos/mentions-legales</dc:rights><SurTitre>Fiche pratique</SurTitre><Audience>Associations</Audience><Audience>Particuliers</Audience><Canal>www.service-public.fr</Canal><FilDAriane><Niveau ID="Particuliers">Accueil particuliers</Niveau><Niveau ID="N31931">Associations</Niveau><Niveau ID="N31332">Organisation d'événements par une association</Niveau><Niveau ID="F34667" type="Fiche d'information conditionnée">Organisation d'une course cycliste sur la voie publique</Niveau></FilDAriane><Theme ID="N31931"><Titre>Associations</Titre></Theme><SousThemePere ID="N31976">Fonctionnement d'une association</SousThemePere><DossierPere ID="N31332"><Titre>Organisation d'événements par une association</Titre><Fiche ID="F21899">Organisation de manifestations, défilés ou rassemblements sur la voie publique</Fiche><Fiche ID="F34326">Organisation d'une course à pied ou d'une marche sur la voie publique</Fiche><Fiche ID="F34667">Organisation d'une course cycliste sur la voie publique</Fiche><Fiche ID="F34668">Organisation d'une course de véhicules à moteur sur la voie publique</Fiche><Fiche ID="F22365">Récépissé d'entrepreneur de spectacles</Fiche></DossierPere><Introduction><Texte><Paragraphe>Vous voulez connaitre les étapes indispensables au bon déroulement d'une course de vélo sur la voie publique ? Vous voulez savoir, notamment, si vous êtes soumis à une déclaration ou à une autorisation préalable, et si vous devez souscrire à un contrat d'assurance ? Nous vous donnons les informations utiles.</Paragraphe></Texte></Introduction><Texte><Paragraphe>Une <MiseEnEvidence>course cycliste</MiseEnEvidence> qui se déroule en tout ou partie <MiseEnEvidence>sur la voie publique</MiseEnEvidence> est soumise à déclaration si elle remplit <MiseEnEvidence>une des 2 conditions </MiseEnEvidence>suivantes :</Paragraphe><Liste type="puce"><Item><Paragraphe>La manifestation consiste en des épreuves, <MiseEnEvidence>courses ou compétitions chronométrées</MiseEnEvidence> donnant lieu à un classement</Paragraphe></Item><Item><Paragraphe>La manifestation ne consiste pas en des épreuves chronométrées et regroupe <MiseEnEvidence>plus de 100 participants</MiseEnEvidence></Paragraphe></Item></Liste><Paragraphe>Les règles sont différentes s'il s'agit d'une <LienInterne LienPublication="F34326" type="Fiche d'information conditionnée" audience="Particuliers">course à pied ou d'une marche sur la voie publique</LienInterne>.</Paragraphe></Texte><ListeSituations affichage="onglet"><Situation><Titre>Chronométrée</Titre><Texte><Chapitre numerote="true"><Titre><Paragraphe>Obtenir l'avis de la fédération sportive délégataire</Paragraphe></Titre><Paragraphe>L'organisation d'une compétition cycliste se déroulant en tout ou partie sur une voie publique est soumise à l'avis de la fédération sportive délégataire.</Paragraphe><Paragraphe>La fédération rend un avis argumenté sur la manifestation prévue au regard des règles techniques et de sécurité dans le mois suivant la réception de la demande.</Paragraphe><Paragraphe>Cet avis est communiqué à l'organisateur et, en cas d'avis défavorable, au maire ou au préfet.</Paragraphe><Paragraphe>En l'absence de réponse dans le délai d'1 mois, l'avis de la fédération est considéré comme <MiseEnEvidence>favorable</MiseEnEvidence>.</Paragraphe></Chapitre><Chapitre numerote="true"><Titre><Paragraphe>Faire une déclaration</Paragraphe></Titre><Paragraphe>La déclaration doit être formulée auprès de ou des autorité(s) administrative(s) suivante(s) :</Paragraphe><BlocCas affichage="radio"><Cas><Titre>L'événement a lieu en France</Titre><BlocCas affichage="radio"><Cas><Titre>La manifestation se déroule dans une seule commune</Titre><Paragraphe>La déclaration doit se faire auprès du maire.</Paragraphe><OuSAdresser ID="R1" sve="non" type="Local personnalisé sur SP"><Titre>Mairie</Titre><PivotLocal>mairie</PivotLocal><RessourceWeb URL="https://lannuaire.service-public.fr/navigation/mairie"/></OuSAdresser><Paragraphe>À Paris, la déclaration doit se faire auprès du préfet de police.</Paragraphe><OuSAdresser ID="R14146" sve="non" type="Local personnalisé sur SP"><Titre>Préfecture de police de Paris</Titre><PivotLocal>paris_ppp</PivotLocal><RessourceWeb URL="https://www.prefecturedepolice.interieur.gouv.fr/"/></OuSAdresser></Cas><Cas><Titre>La manifestation se déroule dans plusieurs communes d'un même département</Titre><Paragraphe>La déclaration doit se faire auprès du préfet.</Paragraphe><OuSAdresser ID="R2" sve="non" type="Local personnalisé sur SP"><Titre>Préfecture</Titre><PivotLocal>prefecture</PivotLocal><RessourceWeb URL="http://www.interieur.gouv.fr/Le-ministere/Prefectures"/><Source ID="R30603">Ministère chargé de l'intérieur</Source></OuSAdresser></Cas><Cas><Titre>La manifestation se déroule dans 2 à 19 départements</Titre><Paragraphe>La déclaration doit se faire auprès du préfet de chaque département traversé.</Paragraphe><OuSAdresser ID="R2" sve="non" type="Local personnalisé sur SP"><Titre>Préfecture</Titre><PivotLocal>prefecture</PivotLocal><RessourceWeb URL="http://www.interieur.gouv.fr/Le-ministere/Prefectures"/><Source ID="R30603">Ministère chargé de l'intérieur</Source></OuSAdresser></Cas><Cas><Titre>La manifestation se déroule dans 20 départements ou plus</Titre><Paragraphe>La déclaration doit se faire auprès du préfet de chaque département traversé <MiseEnEvidence>et</MiseEnEvidence> du ministère de l'intérieur.</Paragraphe><OuSAdresser ID="R2" sve="non" type="Local personnalisé sur SP"><Titre>Préfecture</Titre><PivotLocal>prefecture</PivotLocal><RessourceWeb URL="http://www.interieur.gouv.fr/Le-ministere/Prefectures"/><Source ID="R30603">Ministère chargé de l'intérieur</Source></OuSAdresser><OuSAdresser ID="R24501" sve="non" type="National"><Titre>Bureau des associations et des fondations - Ministère de l'intérieur</Titre><RessourceWeb URL="https://lannuaire.service-public.fr/gouvernement/558c3552-d00a-4332-8a8d-d1e035bd3b51"/></OuSAdresser></Cas></BlocCas></Cas><Cas><Titre>La manifestation est en provenance de l'étranger</Titre><BlocCas affichage="radio"><Cas><Titre>La manifestation se déroule dans un seul département en France</Titre><Paragraphe>La déclaration doit se faire auprès du préfet du département d'entrée en France.</Paragraphe><OuSAdresser ID="R2" sve="non" type="Local personnalisé sur SP"><Titre>Préfecture</Titre><PivotLocal>prefecture</PivotLocal><RessourceWeb URL="http://www.interieur.gouv.fr/Le-ministere/Prefectures"/><Source ID="R30603">Ministère chargé de l'intérieur</Source></OuSAdresser></Cas><Cas><Titre>La manifestation se déroule dans 2 à 19 départements</Titre><Paragraphe>La déclaration doit se faire auprès du préfet du département d'entrée en France <MiseEnEvidence>et</MiseEnEvidence> du préfet de chaque département traversé.</Paragraphe><OuSAdresser ID="R2" sve="non" type="Local personnalisé sur SP"><Titre>Préfecture</Titre><PivotLocal>prefecture</PivotLocal><RessourceWeb URL="http://www.interieur.gouv.fr/Le-ministere/Prefectures"/><Source ID="R30603">Ministère chargé de l'intérieur</Source></OuSAdresser></Cas><Cas><Titre>La manifestation se déroule dans 20 départements ou plus</Titre><Paragraphe>La déclaration doit se faire auprès du préfet du département d'entrée en France, du préfet de chaque département traversé <MiseEnEvidence>et</MiseEnEvidence> du ministère de l'intérieur.</Paragraphe><OuSAdresser ID="R2" sve="non" type="Local personnalisé sur SP"><Titre>Préfecture</Titre><PivotLocal>prefecture</PivotLocal><RessourceWeb URL="http://www.interieur.gouv.fr/Le-ministere/Prefectures"/><Source ID="R30603">Ministère chargé de l'intérieur</Source></OuSAdresser><OuSAdresser ID="R24501" sve="non" type="National"><Titre>Bureau des associations et des fondations - Ministère de l'intérieur</Titre><RessourceWeb URL="https://lannuaire.service-public.fr/gouvernement/558c3552-d00a-4332-8a8d-d1e035bd3b51"/></OuSAdresser></Cas></BlocCas></Cas></BlocCas><Paragraphe>Le mode de déclaration varie selon votre département :</Paragraphe><BlocCas affichage="radio"><Cas><Titre>Cas général</Titre><Paragraphe>La démarche s'effectue à l'aide du formulaire suivant :</Paragraphe><ServiceEnLigne ID="R49747" URL="https://www.formulaires.service-public.fr/gf/cerfa_15827.do" audience="Particuliers" format="application/pdf" poids="582.9 KB" numerocerfa="15827*01" type="Formulaire"><Titre>Déclaration d'une course cycliste chronométrée sur la voie publique</Titre><Source ID="R30757">Ministère chargé des sports</Source></ServiceEnLigne></Cas><Cas><Titre>Alpes de Haute-Provence (04)</Titre><Paragraphe>La démarche s'effectue en ligne :</Paragraphe><ServiceEnLigne ID="R51537" URL="https://manifestationsportive.fr/" audience="Particuliers" type="Téléservice"><Titre>Déclaration et demande d'autorisation d'événements sportifs</Titre><Source ID="R30757">Ministère chargé des sports</Source></ServiceEnLigne><Paragraphe>Elle peut aussi s'effectuer par courrier au moyen d'un <LienInterne LienPublication="R49747" type="Formulaire" audience="Particuliers">formulaire</LienInterne>.</Paragraphe></Cas><Cas><Titre>Isère (38)</Titre><Paragraphe>La démarche s'effectue en ligne :</Paragraphe><ServiceEnLigne ID="R51537" URL="https://manifestationsportive.fr/" audience="Particuliers" type="Téléservice"><Titre>Déclaration et demande d'autorisation d'événements sportifs</Titre><Source ID="R30757">Ministère chargé des sports</Source></ServiceEnLigne><Paragraphe>Elle peut aussi s'effectuer par courrier au moyen d'un <LienInterne LienPublication="R49747" type="Formulaire" audience="Particuliers">formulaire</LienInterne>.</Paragraphe></Cas><Cas><Titre>Loire (42)</Titre><Paragraphe>La démarche s'effectue en ligne.</Paragraphe><ServiceEnLigne ID="R51537" URL="https://manifestationsportive.fr/" audience="Particuliers" type="Téléservice"><Titre>Déclaration et demande d'autorisation d'événements sportifs</Titre><Source ID="R30757">Ministère chargé des sports</Source></ServiceEnLigne><Paragraphe>Elle peut aussi s'effectuer par courrier au moyen d'un <LienInterne LienPublication="R49747" type="Formulaire" audience="Particuliers">formulaire</LienInterne>.</Paragraphe></Cas><Cas><Titre>Martinique (972)</Titre><Paragraphe>La démarche s'effectue en ligne :</Paragraphe><ServiceEnLigne ID="R51537" URL="https://manifestationsportive.fr/" audience="Particuliers" type="Téléservice"><Titre>Déclaration et demande d'autorisation d'événements sportifs</Titre><Source ID="R30757">Ministère chargé des sports</Source></ServiceEnLigne><Paragraphe>Elle peut aussi s'effectuer par courrier au moyen d'un <LienInterne LienPublication="R49747" type="Formulaire" audience="Particuliers">formulaire</LienInterne>.</Paragraphe></Cas><Cas><Titre>Yvelines (78)</Titre><Paragraphe>La démarche s'effectue en ligne :</Paragraphe><ServiceEnLigne ID="R51537" URL="https://manifestationsportive.fr/" audience="Particuliers" type="Téléservice"><Titre>Déclaration et demande d'autorisation d'événements sportifs</Titre><Source ID="R30757">Ministère chargé des sports</Source></ServiceEnLigne><Paragraphe>Elle peut aussi s'effectuer par courrier au moyen d'un <LienInterne LienPublication="R49747" type="Formulaire" audience="Particuliers">formulaire</LienInterne>.</Paragraphe></Cas></BlocCas></Chapitre><Chapitre numerote="true"><Titre><Paragraphe>Assurer la sécurité des usagers de la route, participants et spectateurs</Paragraphe></Titre><Paragraphe>Une fois le dossier de déclaration reçu, le préfet saisit pour avis les autorités locales qui disposent du pouvoir de police de la circulation (maire ou président de conseil départemental). Il peut également saisir la commission départementale de la sécurité routière pour avis.</Paragraphe><Paragraphe>Le maire ou le préfet peut ordonner des mesures complémentaires de celles prévues par l'organisateur pour garantir la sécurité des usagers de la route, des participants et des spectateurs, pour assurer des conditions de circulation satisfaisantes.</Paragraphe><Paragraphe><MiseEnEvidence>À noter :</MiseEnEvidence></Paragraphe><Paragraphe>En cas de mise en place d'un service d'ordre pour assurer la sécurité des spectateurs et de la circulation lors de la manifestation et de sa préparation, l'organisateur <MiseEnEvidence>en assure la charge financière</MiseEnEvidence>.</Paragraphe><Paragraphe>L'organisateur doit également remettre en état les voies publiques et leurs dépendances à la suite de la manifestation.</Paragraphe></Chapitre><Chapitre numerote="true"><Titre><Paragraphe>Justifier de garanties d'assurance couvrant sa responsabilité civile</Paragraphe></Titre><Paragraphe>L’organisateur de la manifestation sportive doit fournir la preuve qu'il a souscrit un contrat avec un assureur (<Expression>police d'assurance</Expression>) garantissant sa <LienIntra LienID="R47105" type="Définition de glossaire">responsabilité civile</LienIntra>, celle des personnes participant à l'organisation et celle des participants.</Paragraphe></Chapitre></Texte></Situation><Situation><Titre>Plus de 100 participants</Titre><Texte><Chapitre numerote="true"><Titre><Paragraphe>Faire une déclaration</Paragraphe></Titre><Paragraphe>La déclaration doit être formulée auprès de ou des autorité(s) administrative(s) suivante(s) :</Paragraphe><BlocCas affichage="radio"><Cas><Titre>L'événement a lieu en France</Titre><BlocCas affichage="radio"><Cas><Titre>La manifestation se déroule dans une seule commune</Titre><Paragraphe>La déclaration doit se faire auprès du maire.</Paragraphe><OuSAdresser ID="R1" sve="non" type="Local personnalisé sur SP"><Titre>Mairie</Titre><PivotLocal>mairie</PivotLocal><RessourceWeb URL="https://lannuaire.service-public.fr/navigation/mairie"/></OuSAdresser><Paragraphe>À Paris, la déclaration doit se faire auprès du préfet de police.</Paragraphe><OuSAdresser ID="R14146" sve="non" type="Local personnalisé sur SP"><Titre>Préfecture de police de Paris</Titre><PivotLocal>paris_ppp</PivotLocal><RessourceWeb URL="https://www.prefecturedepolice.interieur.gouv.fr/"/></OuSAdresser></Cas><Cas><Titre>La manifestation se déroule dans plusieurs communes d'un même département</Titre><Paragraphe>La déclaration doit se faire auprès du préfet.</Paragraphe><OuSAdresser ID="R2" sve="non" type="Local personnalisé sur SP"><Titre>Préfecture</Titre><PivotLocal>prefecture</PivotLocal><RessourceWeb URL="http://www.interieur.gouv.fr/Le-ministere/Prefectures"/><Source ID="R30603">Ministère chargé de l'intérieur</Source></OuSAdresser></Cas><Cas><Titre>La manifestation se déroule dans 2 à 19 départements</Titre><Paragraphe>La déclaration doit se faire auprès du préfet de chaque département traversé.</Paragraphe><OuSAdresser ID="R2" sve="non" type="Local personnalisé sur SP"><Titre>Préfecture</Titre><PivotLocal>prefecture</PivotLocal><RessourceWeb URL="http://www.interieur.gouv.fr/Le-ministere/Prefectures"/><Source ID="R30603">Ministère chargé de l'intérieur</Source></OuSAdresser></Cas><Cas><Titre>La manifestation se déroule dans 20 départements ou plus</Titre><Paragraphe>La déclaration doit se faire auprès du préfet de chaque département traversé <MiseEnEvidence>et</MiseEnEvidence> du ministère de l'intérieur.</Paragraphe><OuSAdresser ID="R2" sve="non" type="Local personnalisé sur SP"><Titre>Préfecture</Titre><PivotLocal>prefecture</PivotLocal><RessourceWeb URL="http://www.interieur.gouv.fr/Le-ministere/Prefectures"/><Source ID="R30603">Ministère chargé de l'intérieur</Source></OuSAdresser><OuSAdresser ID="R24501" sve="non" type="National"><Titre>Bureau des associations et des fondations - Ministère de l'intérieur</Titre><RessourceWeb URL="https://lannuaire.service-public.fr/gouvernement/558c3552-d00a-4332-8a8d-d1e035bd3b51"/></OuSAdresser></Cas></BlocCas></Cas><Cas><Titre>La manifestation est en provenance de l'étranger</Titre><BlocCas affichage="radio"><Cas><Titre>La manifestation se déroule dans un seul département en France</Titre><Paragraphe>La déclaration doit se faire auprès du préfet du département d'entrée en France.</Paragraphe><OuSAdresser ID="R2" sve="non" type="Local personnalisé sur SP"><Titre>Préfecture</Titre><PivotLocal>prefecture</PivotLocal><RessourceWeb URL="http://www.interieur.gouv.fr/Le-ministere/Prefectures"/><Source ID="R30603">Ministère chargé de l'intérieur</Source></OuSAdresser></Cas><Cas><Titre>La manifestation se déroule dans 2 à 19 départements</Titre><Paragraphe>La déclaration doit se faire auprès du préfet du département d'entrée en France <MiseEnEvidence>et</MiseEnEvidence> du préfet de chaque département traversé.</Paragraphe><OuSAdresser ID="R2" sve="non" type="Local personnalisé sur SP"><Titre>Préfecture</Titre><PivotLocal>prefecture</PivotLocal><RessourceWeb URL="http://www.interieur.gouv.fr/Le-ministere/Prefectures"/><Source ID="R30603">Ministère chargé de l'intérieur</Source></OuSAdresser></Cas><Cas><Titre>La manifestation se déroule dans 20 départements ou plus</Titre><Paragraphe>La déclaration doit se faire auprès du préfet du département d'entrée en France, du préfet de chaque département traversé <MiseEnEvidence>et</MiseEnEvidence> du ministère de l'intérieur.</Paragraphe><OuSAdresser ID="R2" sve="non" type="Local personnalisé sur SP"><Titre>Préfecture</Titre><PivotLocal>prefecture</PivotLocal><RessourceWeb URL="http://www.interieur.gouv.fr/Le-ministere/Prefectures"/><Source ID="R30603">Ministère chargé de l'intérieur</Source></OuSAdresser><OuSAdresser ID="R24501" sve="non" type="National"><Titre>Bureau des associations et des fondations - Ministère de l'intérieur</Titre><RessourceWeb URL="https://lannuaire.service-public.fr/gouvernement/558c3552-d00a-4332-8a8d-d1e035bd3b51"/></OuSAdresser></Cas></BlocCas></Cas></BlocCas><Paragraphe>Le mode de déclaration varie selon votre département.</Paragraphe><BlocCas affichage="radio"><Cas><Titre>Cas général</Titre><Paragraphe>La déclaration s'effectue au moyen du formulaire cerfa n°15826 :</Paragraphe><ServiceEnLigne ID="R49746" URL="https://www.formulaires.service-public.fr/gf/cerfa_15826.do" audience="Particuliers" format="application/pdf" poids="515.0 KB" numerocerfa="15826*01" type="Formulaire"><Titre>Déclaration d'une course cycliste non chronométrée sur la voie publique</Titre><Source ID="R30757">Ministère chargé des sports</Source></ServiceEnLigne></Cas><Cas><Titre>Alpes de Haute-Provence (04)</Titre><Paragraphe>La démarche s'effectue en ligne :</Paragraphe><ServiceEnLigne ID="R51537" URL="https://manifestationsportive.fr/" audience="Particuliers" type="Téléservice"><Titre>Déclaration et demande d'autorisation d'événements sportifs</Titre><Source ID="R30757">Ministère chargé des sports</Source></ServiceEnLigne><Paragraphe>Elle peut aussi s'effectuer par courrier au moyen d'un <LienInterne LienPublication="R49746" type="Formulaire" audience="Particuliers">formulaire</LienInterne>.</Paragraphe></Cas><Cas><Titre>Isère (38)</Titre><Paragraphe>La démarche s'effectue en ligne :</Paragraphe><ServiceEnLigne ID="R51537" URL="https://manifestationsportive.fr/" audience="Particuliers" type="Téléservice"><Titre>Déclaration et demande d'autorisation d'événements sportifs</Titre><Source ID="R30757">Ministère chargé des sports</Source></ServiceEnLigne><Paragraphe>Elle peut aussi s'effectuer par courrier au moyen d'un <LienInterne LienPublication="R49746" type="Formulaire" audience="Particuliers">formulaire</LienInterne>.</Paragraphe></Cas><Cas><Titre>Loire (42)</Titre><Paragraphe>La démarche s'effectue en ligne :</Paragraphe><ServiceEnLigne ID="R51537" URL="https://manifestationsportive.fr/" audience="Particuliers" type="Téléservice"><Titre>Déclaration et demande d'autorisation d'événements sportifs</Titre><Source ID="R30757">Ministère chargé des sports</Source></ServiceEnLigne><Paragraphe>Elle peut aussi s'effectuer par courrier au moyen d'un <LienInterne LienPublication="R49746" type="Formulaire" audience="Particuliers">formulaire</LienInterne>.</Paragraphe></Cas><Cas><Titre>Martinique (972)</Titre><Paragraphe>La démarche s'effectue en ligne.</Paragraphe><ServiceEnLigne ID="R51537" URL="https://manifestationsportive.fr/" audience="Particuliers" type="Téléservice"><Titre>Déclaration et demande d'autorisation d'événements sportifs</Titre><Source ID="R30757">Ministère chargé des sports</Source></ServiceEnLigne><Paragraphe>Elle peut aussi s'effectuer par courrier au moyen du <LienInterne LienPublication="R49746" type="Formulaire" audience="Particuliers">formulaire</LienInterne>.</Paragraphe></Cas><Cas><Titre>Yvelines (78)</Titre><Paragraphe>La démarche s'effectue en ligne :</Paragraphe><ServiceEnLigne ID="R51537" URL="https://manifestationsportive.fr/" audience="Particuliers" type="Téléservice"><Titre>Déclaration et demande d'autorisation d'événements sportifs</Titre><Source ID="R30757">Ministère chargé des sports</Source></ServiceEnLigne><Paragraphe>Elle peut aussi s'effectuer par courrier au moyen d'un <LienInterne LienPublication="R49746" type="Formulaire" audience="Particuliers">formulaire</LienInterne>.</Paragraphe></Cas></BlocCas></Chapitre><Chapitre numerote="true"><Titre><Paragraphe>Assurer la sécurité des usagers de la route, participants et spectateurs</Paragraphe></Titre><Paragraphe>En cas de mise en place d'un service d'ordre pour assurer la sécurité des spectateurs et de la circulation lors de la manifestation et de sa préparation, l'organisateur <MiseEnEvidence>en assure la charge financière</MiseEnEvidence>.</Paragraphe><Paragraphe>L'organisateur doit également remettre en état les voies publiques et leurs dépendances à la suite de la manifestation.</Paragraphe></Chapitre><Chapitre numerote="true"><Titre><Paragraphe>Justifier de garanties d'assurance couvrant sa responsabilité civile</Paragraphe></Titre><Paragraphe>L’organisateur de la manifestation sportive doit fournir la preuve qu'il a souscrit un contrat avec un assureur (<Expression>police d'assurance</Expression>) garantissant sa <LienIntra LienID="R47105" type="Définition de glossaire">responsabilité civile</LienIntra>, celle des personnes participant à l'organisation et celle des participants.</Paragraphe></Chapitre></Texte></Situation></ListeSituations><VoirAussi important="non"><Fiche ID="F34326" audience="Particuliers"><Titre>Course à pied ou marche</Titre><Theme ID="N31404"><Titre>Fonctionnement d'une association</Titre></Theme></Fiche><Fiche ID="F34668" audience="Particuliers"><Titre>Course de véhicule à moteur</Titre><Theme ID="N31404"><Titre>Fonctionnement d'une association</Titre></Theme></Fiche></VoirAussi><QuiPeutMAider ID="R13811" sve="non" type="Local personnalisé sur SP"><Titre>Délégation régionale académique - Jeunesse, engagement et sports</Titre><Complement>Pour s'informer sur les règles techniques et de sécurité des manifestations sportives</Complement><PivotLocal>Drajes</PivotLocal><RessourceWeb URL="http://drdjscs.gouv.fr/"/></QuiPeutMAider><Reference type="Texte de référence" URL="https://www.legifrance.gouv.fr/codes/id/LEGISCTA000025449406" ID="R14234"><Titre>Code du sport : article R331-6 à R331-7</Titre><Complement>Manifestations sportives non motorisées : dispositions générales</Complement></Reference><Reference type="Texte de référence" URL="https://www.legifrance.gouv.fr/codes/id/LEGISCTA000025449414/2012-06-07" ID="R48421"><Titre>Code du sport : article R331-8</Titre><Complement>Manifestations sportives non motorisées : obligation déclarative</Complement></Reference><Reference type="Texte de référence" URL="https://www.legifrance.gouv.fr/codes/id/LEGISCTA000025449419/2012-06-07" ID="R48422"><Titre>Code du sport : articles R331-9 à R331-11</Titre><Complement>Manifestations sportives non motorisées : délivrance de l'autorisation</Complement></Reference><Reference type="Texte de référence" URL="https://www.legifrance.gouv.fr/codes/id/LEGISCTA000025449433/2012-06-07" ID="R48423"><Titre>Code du sport : articles R331-14 à R331-17-1</Titre><Complement>Manifestations sportives non motorisées : dispositions communes aux manifestations soumises à déclaration ou à autorisation</Complement></Reference><Reference type="Texte de référence" URL="http://circulaires.legifrance.gouv.fr/pdf/2018/03/cir_43160.pdf" ID="R50469" format="application/pdf" poids="4.3 MB"><Titre>Instruction interministérielle du 13 mars 2018 portant simplification réglementaire de l'organisation des épreuves sportives et clarification des conditions d'indemnisation des services d'ordre</Titre></Reference><ServiceEnLigne ID="R49746" URL="https://www.formulaires.service-public.fr/gf/cerfa_15826.do" audience="Particuliers" format="application/pdf" poids="515.0 KB" numerocerfa="15826*01" type="Formulaire"><Titre>Déclaration d'une course cycliste non chronométrée sur la voie publique</Titre><Source ID="R30757">Ministère chargé des sports</Source></ServiceEnLigne><ServiceEnLigne ID="R49747" URL="https://www.formulaires.service-public.fr/gf/cerfa_15827.do" audience="Particuliers" format="application/pdf" poids="582.9 KB" numerocerfa="15827*01" type="Formulaire"><Titre>Déclaration d'une course cycliste chronométrée sur la voie publique</Titre><Source ID="R30757">Ministère chargé des sports</Source></ServiceEnLigne><PourEnSavoirPlus type="Information pratique" ID="R48372" URL="https://www.prefecturedepolice.interieur.gouv.fr/demarches/manifestation-sur-la-voie-publique-ou-tout-espace-ouvert-au-public" audience="Particuliers"><Titre>Manifestation sur la voie publique ou tout espace ouvert au public à Paris</Titre><Source ID="R30800">Préfecture de police de Paris</Source></PourEnSavoirPlus><Definition ID="R47105"><Titre>Responsabilité civile</Titre><Texte><Paragraphe>Obligation de réparer le préjudice résultant soit de l'inexécution d'un contrat, soit de la violation du devoir général de ne causer aucun dommage à autrui</Paragraphe></Texte></Definition></Publication>