<?xml version="1.0" encoding="UTF-8"?><Publication xmlns:dc="http://purl.org/dc/elements/1.1/" xmlns:xsi="http://www.w3.org/2001/XMLSchema-instance" ID="F34778" type="Fiche d'information conditionnée" xsi:noNamespaceSchemaLocation="../Schemas/3.4/Publication.xsd" spUrl="https://www.service-public.fr/particuliers/vosdroits/F34778"><dc:title>Inscription sur la liste électorale d'une personne devenue française</dc:title><dc:creator>Direction de l'information légale et administrative</dc:creator><dc:subject>Papiers - Citoyenneté - Élections</dc:subject><dc:description>Pour pouvoir voter, vous devez être inscrit sur les listes électorale. Selon votre situation, vous devez éventuellement demander à être inscrit. Tout dépend du lieu où vous habitez, et de la date à laquelle vous êtes devenu français.</dc:description><dc:publisher>Direction de l'information légale et administrative</dc:publisher><dc:contributor>Direction de l'information légale et administrative (Premier ministre)</dc:contributor><dc:date>modified 2022-06-28</dc:date><dc:type>Fiche pratique</dc:type><dc:format>text/xml</dc:format><dc:identifier>F34778</dc:identifier><dc:source>https://www.legifrance.gouv.fr/codes/section_lc/LEGITEXT000006070239/LEGISCTA000006164051/, https://www.legifrance.gouv.fr/loda/id/JORFTEXT000037018846?r=RBjY88pRTk, https://www.legifrance.gouv.fr/download/pdf/circ?id=44101</dc:source><dc:language>Fr</dc:language><dc:relation>isPartOf N47</dc:relation><dc:coverage>France entière</dc:coverage><dc:rights>https://www.service-public.fr/a-propos/mentions-legales</dc:rights><SurTitre>Fiche pratique</SurTitre><Audience>Particuliers</Audience><Canal>www.service-public.fr</Canal><FilDAriane><Niveau ID="Particuliers">Accueil particuliers</Niveau><Niveau ID="N19810">Papiers - Citoyenneté - Élections</Niveau><Niveau ID="N47">Élections</Niveau><Niveau ID="F34778" type="Fiche d'information conditionnée">Inscription sur la liste électorale d'une personne devenue française</Niveau></FilDAriane><Theme ID="N19810"><Titre>Papiers - Citoyenneté - Élections</Titre></Theme><SousThemePere ID="N20070">Citoyenneté</SousThemePere><DossierPere ID="N47"><Titre>Élections</Titre><SousDossier ID="N47-1"><Titre>Inscription sur les listes électorales</Titre><Fiche ID="F1961">Inscription d'office à 18 ans</Fiche><Fiche ID="F1367">Nouvelle inscription</Fiche><Fiche ID="F1372">En cas de déménagement</Fiche><Fiche ID="F1937">Inscription d'un citoyen européen</Fiche><Fiche ID="F34778">Inscription d'une personne devenue française</Fiche></SousDossier><SousDossier ID="N47-2"><Titre>Opérations de vote</Titre><Fiche ID="F1361">Papiers d'identité pour voter</Fiche><Fiche ID="F1962">Carte électorale</Fiche><Fiche ID="F16828">Déroulement du scrutin</Fiche><Fiche ID="F1604">Vote par procuration</Fiche><Fiche ID="F16904">Vote d'un Français de l'étranger</Fiche></SousDossier><SousDossier ID="N47-3"><Titre>Élections et référendums</Titre><Fiche ID="F1940">Présidentielle</Fiche><Fiche ID="F1943">Législatives</Fiche><Fiche ID="F1944">Européennes</Fiche><Fiche ID="F1952">Municipales</Fiche><Fiche ID="F1958">Départementales - Régionales</Fiche><Fiche ID="F1964">Referendum</Fiche></SousDossier></DossierPere><SousDossierPere>Inscription sur les listes électorales</SousDossierPere><RechercheGuideePere ID="F34852" audience="Particuliers"><Titre>Élections</Titre></RechercheGuideePere><Introduction><Condition><estVrai var="T10010"/></Condition><Texte><Paragraphe>Pour pouvoir voter, vous devez être inscrit sur les listes électorale. Selon votre situation, vous devez éventuellement demander à être inscrit. Tout dépend du lieu où vous habitez, et de la date à laquelle vous êtes devenu français.</Paragraphe></Texte></Introduction><ListeSituations affichage="onglet"><Situation><Titre>Vous vivez en France</Titre><Condition><estVrai var="T10576"/></Condition><Texte><Chapitre><Titre><Paragraphe>À quelle date êtes-vous devenu Français ?</Paragraphe></Titre><Paragraphe>La démarche à faire dépend de la date :</Paragraphe><Liste type="puce"><Item><Paragraphe>à partir de laquelle vous avez eu connaissance de votre naturalisation</Paragraphe></Item><Item><Paragraphe>ou à partir de laquelle vous avez acquis la nationalité par déclaration ou manifestation expresse de volonté.</Paragraphe></Item></Liste><BlocCas affichage="radio"><Cas><Titre>Vous êtes devenu français depuis 2019</Titre><Paragraphe>Vous êtes automatiquement inscrit sur la liste électorale.</Paragraphe><Paragraphe>Vous pouvez vérifier votre inscription sur les listes électorales :</Paragraphe><ServiceEnLigne ID="R51788" URL="https://www.service-public.fr/particuliers/vosdroits/demarches-et-outils/ISE" audience="Particuliers" type="Téléservice"><Titre>Vérifier votre inscription électorale et votre bureau de vote</Titre><Source ID="R30603">Ministère chargé de l'intérieur</Source></ServiceEnLigne><Paragraphe>Si vous n'êtes pas inscrit, vous devez en faire la demande :</Paragraphe><Paragraphe>Vous pouvez vous inscrire toute l'année :</Paragraphe><BlocCas affichage="radio"><Cas><Titre>En ligne</Titre><Attention><Titre>Attention</Titre><Paragraphe>Vous pouvez faire votre demande <MiseEnEvidence>en ligne</MiseEnEvidence> à la condition <MiseEnEvidence>d'avoir déjà atteint l'âge de 18 ans</MiseEnEvidence>.</Paragraphe></Attention><Paragraphe>Vous devez fournir la version numérisée des documents suivants :</Paragraphe><Liste type="puce"><Item><Paragraphe><LienInterne LienPublication="F1965" type="Fiche Question-réponse conditionnée" audience="Particuliers">Justificatif de domicile</LienInterne> de moins de 3 mois</Paragraphe></Item><Item><Paragraphe><LienInterne LienPublication="F34779" type="Fiche Question-réponse conditionnée" audience="Particuliers">Justificatif d'identité</LienInterne></Paragraphe></Item></Liste><ServiceEnLigne ID="R16396" URL="https://www.inscriptionelectorale.service-public.fr" audience="Particuliers" type="Téléservice"><Titre>Demande d'inscription en ligne sur les listes électorales</Titre><Source ID="R30603">Ministère chargé de l'intérieur</Source><Introduction><Texte><Paragraphe>Permet au citoyen français et au citoyen européen de demander son inscription sur les listes électorales d'une mairie pour voter en France. Accessible à condition d'être âgé d'au moins 18 ans.</Paragraphe></Texte></Introduction></ServiceEnLigne></Cas><Cas><Titre>Sur place</Titre><BlocCas affichage="radio"><Cas><Titre>Par vous-même</Titre><Paragraphe>Vous devez fournir les documents suivants :</Paragraphe><Liste type="puce"><Item><Paragraphe><LienInterne LienPublication="F34779" type="Fiche Question-réponse conditionnée" audience="Particuliers">Justificatif d'identité</LienInterne></Paragraphe></Item><Item><Paragraphe><LienInterne LienPublication="F1965" type="Fiche Question-réponse conditionnée" audience="Particuliers">Justificatif de domicile</LienInterne> de moins de 3 mois</Paragraphe></Item><Item><Paragraphe><LienInterne LienPublication="R16024" type="Formulaire" audience="Particuliers">Formulaire cerfa n°12669</LienInterne> (aussi disponible en mairie)</Paragraphe></Item></Liste><OuSAdresser ID="R1" sve="non" type="Local personnalisé sur SP"><Titre>Mairie</Titre><PivotLocal>mairie</PivotLocal><RessourceWeb URL="https://lannuaire.service-public.fr/navigation/mairie"/></OuSAdresser></Cas><Cas><Titre>Par l'intermédiaire d'une autre personne</Titre><Paragraphe>Vous pouvez charger une personne d'accomplir cette démarche à votre place.</Paragraphe><Paragraphe>Pour cela, vous devez lui fournir les documents suivants :</Paragraphe><Liste type="puce"><Item><Paragraphe>Un document écrit et signé attestant que vous lui confiez ce pouvoir</Paragraphe></Item><Item><Paragraphe>Votre <LienInterne LienPublication="F34779" type="Fiche Question-réponse conditionnée" audience="Particuliers">justificatif d'identité</LienInterne></Paragraphe></Item><Item><Paragraphe>Votre <LienInterne LienPublication="F1965" type="Fiche Question-réponse conditionnée" audience="Particuliers">justificatif de domicile</LienInterne> de moins de 3 mois</Paragraphe></Item><Item><Paragraphe><LienInterne LienPublication="R16024" type="Formulaire" audience="Particuliers">Formulaire cerfa n°12669</LienInterne> (également disponible en mairie)</Paragraphe></Item></Liste><OuSAdresser ID="R1" sve="non" type="Local personnalisé sur SP"><Titre>Mairie</Titre><PivotLocal>mairie</PivotLocal><RessourceWeb URL="https://lannuaire.service-public.fr/navigation/mairie"/></OuSAdresser></Cas></BlocCas></Cas><Cas><Titre>Par courrier</Titre><Paragraphe>Vous devez envoyer les documents suivants :</Paragraphe><Liste type="puce"><Item><Paragraphe><LienInterne LienPublication="R16024" type="Formulaire" audience="Particuliers">Formulaire cerfa n°12669</LienInterne></Paragraphe></Item><Item><Paragraphe><LienInterne LienPublication="F34779" type="Fiche Question-réponse conditionnée" audience="Particuliers">Justificatif d'identité</LienInterne></Paragraphe></Item><Item><Paragraphe><LienInterne LienPublication="F1965" type="Fiche Question-réponse conditionnée" audience="Particuliers">Justificatif de domicile</LienInterne> de moins de 3 mois</Paragraphe></Item></Liste><OuSAdresser ID="R1" sve="non" type="Local personnalisé sur SP"><Titre>Mairie</Titre><PivotLocal>mairie</PivotLocal><RessourceWeb URL="https://lannuaire.service-public.fr/navigation/mairie"/></OuSAdresser></Cas></BlocCas><Attention><Titre>Attention</Titre><Paragraphe>Pour voter lors d'une élection en particulier, vous devez respecter une <LienInterne LienPublication="F34240" type="Fiche Question-réponse conditionnée" audience="Particuliers">date limite</LienInterne>.</Paragraphe></Attention><Attention><Titre>Attention</Titre><Paragraphe>Pour voter lors d'une élection en particulier, vous devez respecter une <LienInterne LienPublication="F34240" type="Fiche Question-réponse conditionnée" audience="Particuliers">date limite</LienInterne>.</Paragraphe></Attention></Cas><Cas><Titre>Vous êtes devenu français avant 2019</Titre><Paragraphe>Vous pouvez vous inscrire toute l'année :</Paragraphe><BlocCas affichage="radio"><Cas><Titre>En ligne</Titre><Attention><Titre>Attention</Titre><Paragraphe>Vous pouvez faire votre demande <MiseEnEvidence>en ligne</MiseEnEvidence> à la condition <MiseEnEvidence>d'avoir déjà atteint l'âge de 18 ans</MiseEnEvidence>.</Paragraphe></Attention><Paragraphe>Vous devez fournir la version numérisée des documents suivants :</Paragraphe><Liste type="puce"><Item><Paragraphe><LienInterne LienPublication="F1965" type="Fiche Question-réponse conditionnée" audience="Particuliers">Justificatif de domicile</LienInterne> de moins de 3 mois</Paragraphe></Item><Item><Paragraphe><LienInterne LienPublication="F34779" type="Fiche Question-réponse conditionnée" audience="Particuliers">Justificatif d'identité</LienInterne></Paragraphe></Item></Liste><ServiceEnLigne ID="R16396" URL="https://www.inscriptionelectorale.service-public.fr" audience="Particuliers" type="Téléservice"><Titre>Demande d'inscription en ligne sur les listes électorales</Titre><Source ID="R30603">Ministère chargé de l'intérieur</Source><Introduction><Texte><Paragraphe>Permet au citoyen français et au citoyen européen de demander son inscription sur les listes électorales d'une mairie pour voter en France. Accessible à condition d'être âgé d'au moins 18 ans.</Paragraphe></Texte></Introduction></ServiceEnLigne></Cas><Cas><Titre>Sur place</Titre><BlocCas affichage="radio"><Cas><Titre>Par vous-même</Titre><Paragraphe>Vous devez fournir les documents suivants :</Paragraphe><Liste type="puce"><Item><Paragraphe><LienInterne LienPublication="F34779" type="Fiche Question-réponse conditionnée" audience="Particuliers">Justificatif d'identité</LienInterne></Paragraphe></Item><Item><Paragraphe><LienInterne LienPublication="F1965" type="Fiche Question-réponse conditionnée" audience="Particuliers">Justificatif de domicile</LienInterne> de moins de 3 mois</Paragraphe></Item><Item><Paragraphe><LienInterne LienPublication="R16024" type="Formulaire" audience="Particuliers">Formulaire cerfa n°12669</LienInterne> (aussi disponible en mairie)</Paragraphe></Item></Liste><OuSAdresser ID="R1" sve="non" type="Local personnalisé sur SP"><Titre>Mairie</Titre><PivotLocal>mairie</PivotLocal><RessourceWeb URL="https://lannuaire.service-public.fr/navigation/mairie"/></OuSAdresser></Cas><Cas><Titre>Par l'intermédiaire d'une autre personne</Titre><Paragraphe>Vous pouvez charger une personne d'accomplir cette démarche à votre place.</Paragraphe><Paragraphe>Pour cela, vous devez lui fournir les documents suivants :</Paragraphe><Liste type="puce"><Item><Paragraphe>Un document écrit et signé attestant que vous lui confiez ce pouvoir</Paragraphe></Item><Item><Paragraphe>Votre <LienInterne LienPublication="F34779" type="Fiche Question-réponse conditionnée" audience="Particuliers">justificatif d'identité</LienInterne></Paragraphe></Item><Item><Paragraphe>Votre <LienInterne LienPublication="F1965" type="Fiche Question-réponse conditionnée" audience="Particuliers">justificatif de domicile</LienInterne> de moins de 3 mois</Paragraphe></Item><Item><Paragraphe><LienInterne LienPublication="R16024" type="Formulaire" audience="Particuliers">Formulaire cerfa n°12669</LienInterne> (également disponible en mairie)</Paragraphe></Item></Liste><OuSAdresser ID="R1" sve="non" type="Local personnalisé sur SP"><Titre>Mairie</Titre><PivotLocal>mairie</PivotLocal><RessourceWeb URL="https://lannuaire.service-public.fr/navigation/mairie"/></OuSAdresser></Cas></BlocCas></Cas><Cas><Titre>Par courrier</Titre><Paragraphe>Vous devez envoyer les documents suivants :</Paragraphe><Liste type="puce"><Item><Paragraphe><LienInterne LienPublication="R16024" type="Formulaire" audience="Particuliers">Formulaire cerfa n°12669</LienInterne></Paragraphe></Item><Item><Paragraphe><LienInterne LienPublication="F34779" type="Fiche Question-réponse conditionnée" audience="Particuliers">Justificatif d'identité</LienInterne></Paragraphe></Item><Item><Paragraphe><LienInterne LienPublication="F1965" type="Fiche Question-réponse conditionnée" audience="Particuliers">Justificatif de domicile</LienInterne> de moins de 3 mois</Paragraphe></Item></Liste><OuSAdresser ID="R1" sve="non" type="Local personnalisé sur SP"><Titre>Mairie</Titre><PivotLocal>mairie</PivotLocal><RessourceWeb URL="https://lannuaire.service-public.fr/navigation/mairie"/></OuSAdresser></Cas></BlocCas><Attention><Titre>Attention</Titre><Paragraphe>Pour voter lors d'une élection en particulier, vous devez respecter une <LienInterne LienPublication="F34240" type="Fiche Question-réponse conditionnée" audience="Particuliers">date limite</LienInterne>.</Paragraphe></Attention><Attention><Titre>Attention</Titre><Paragraphe>Pour voter lors d'une élection en particulier, vous devez respecter une <LienInterne LienPublication="F34240" type="Fiche Question-réponse conditionnée" audience="Particuliers">date limite</LienInterne>.</Paragraphe></Attention></Cas></BlocCas></Chapitre><Chapitre><Titre><Paragraphe>Comment obtenir la carte électorale ?</Paragraphe></Titre><Paragraphe>La <LienInterne LienPublication="F1962" type="Fiche d'information conditionnée" audience="Particuliers">carte électorale</LienInterne> vous est envoyée par courrier à votre domicile au plus tard 3 jours avant le 1<Exposant>er</Exposant> tour de l'élection (ou référendum).</Paragraphe><Paragraphe>Si votre carte électorale ne vous a pas été distribuée avant l'élection ou le référendum, elle est conservée au bureau de vote. Vous pourrez la récupérer en y présentant une <LienInterne LienPublication="F1361" type="Fiche d'information conditionnée" audience="Particuliers">pièce d'identité</LienInterne>.</Paragraphe></Chapitre></Texte></Situation><Situation><Titre>À l'étranger</Titre><Condition><estVrai var="T10580"/></Condition><Texte><Paragraphe>La démarche à faire dépend de la date :</Paragraphe><Liste type="puce"><Item><Paragraphe>à partir de laquelle vous avez eu connaissance de votre naturalisation</Paragraphe></Item><Item><Paragraphe>ou à partir de laquelle vous avez acquis la nationalité par déclaration ou manifestation expresse de volonté.</Paragraphe></Item></Liste><BlocCas affichage="radio"><Cas><Titre>Vous êtes devenu français depuis 2019</Titre><Paragraphe>Vous êtes automatiquement inscrit sur la liste électorale.</Paragraphe><Paragraphe>Vous pouvez vérifier votre inscription sur les listes électorales :</Paragraphe><ServiceEnLigne ID="R51788" URL="https://www.service-public.fr/particuliers/vosdroits/demarches-et-outils/ISE" audience="Particuliers" type="Téléservice"><Titre>Vérifier votre inscription électorale et votre bureau de vote</Titre><Source ID="R30603">Ministère chargé de l'intérieur</Source></ServiceEnLigne><Paragraphe>Si vous n'êtes pas inscrit, vous devez en faire la demande :</Paragraphe><Paragraphe>Vous pouvez demander votre inscription sur la liste électorale consulaire :</Paragraphe><BlocCas affichage="radio"><Cas><Titre>En ligne (par le registre des Français établis hors de France)</Titre><Paragraphe>Vous pouvez demander votre inscription sur la liste électorale consulaire lors de votre inscription sur le <LienInterne LienPublication="F33307" type="Fiche d'information conditionnée" audience="Particuliers">registre des Français établis hors de France</LienInterne> ou après vous être inscrit sur ce registre.</Paragraphe><Paragraphe>Vous devez utiliser ce téléservice :</Paragraphe><ServiceEnLigne ID="R43248" URL="https://demarches.service-public.fr/mademarche/INSRegistreFR/demarche?action=INSCRIPTION" audience="Particuliers" type="Téléservice"><Titre>Registre des Français établis hors de France - Inscription consulaire</Titre><Source ID="R30604">Ministère chargé de l'Europe et des affaires étrangères</Source><Introduction><Texte><Paragraphe>Accessible avec un compte service-public.fr ou via <LienIntra LienID="R48788" type="Définition de glossaire">France Connect</LienIntra>.</Paragraphe><Paragraphe>Chaque adulte doit avoir son propre compte.</Paragraphe></Texte></Introduction></ServiceEnLigne></Cas><Cas><Titre>Sur place (consulat, ambassade)</Titre><Paragraphe>Vous pouvez demander votre inscription sur la liste électorale consulaire en vous rendant directement au consulat (ou à l'ambassade).</Paragraphe><Paragraphe>Vous devez fournir les documents suivants :</Paragraphe><Liste type="puce"><Item><Paragraphe><LienInterne LienPublication="F34779" type="Fiche Question-réponse conditionnée" audience="Particuliers">Justificatif d'identité</LienInterne></Paragraphe></Item><Item><Paragraphe><LienInterne LienPublication="F34780" type="Fiche Question-réponse conditionnée" audience="Particuliers">Justificatif de résidence</LienInterne> dans la circonscription consulaire</Paragraphe></Item><Item><Paragraphe><LienInterne LienPublication="R16024" type="Formulaire" audience="Particuliers">Formulaire</LienInterne> complété et signé</Paragraphe></Item></Liste><OuSAdresser ID="R2750" sve="non" type="Local personnalisable"><Titre>Ambassade ou consulat français à l'étranger</Titre><PivotLocal>ambassade_france_etranger</PivotLocal><RessourceWeb URL="https://www.diplomatie.gouv.fr/fr/le-ministere-et-son-reseau/annuaires-et-adresses-du-ministere-de-l-europe-et-des-affaires-etrangeres-meae/ambassades-et-consulats-francais-a-l-etranger/"/></OuSAdresser></Cas></BlocCas><Paragraphe>Vous pouvez vous inscrire toute l'année.</Paragraphe><Paragraphe>Mais pour voter lors d'une élection en particulier, vous devez respecter une <LienInterne LienPublication="F35050" type="Fiche Question-réponse conditionnée" audience="Particuliers">date limite</LienInterne>.</Paragraphe></Cas><Cas><Titre>Vous êtes devenu français avant 2019</Titre><Paragraphe>Pour voter, vous devez être inscrit sur la liste électorale consulaire.</Paragraphe><Paragraphe>Vous pouvez demander votre inscription sur la liste électorale consulaire :</Paragraphe><BlocCas affichage="radio"><Cas><Titre>En ligne (par le registre des Français établis hors de France)</Titre><Paragraphe>Vous pouvez demander votre inscription sur la liste électorale consulaire lors de votre inscription sur le <LienInterne LienPublication="F33307" type="Fiche d'information conditionnée" audience="Particuliers">registre des Français établis hors de France</LienInterne> ou après vous être inscrit sur ce registre.</Paragraphe><Paragraphe>Vous devez utiliser ce téléservice :</Paragraphe><ServiceEnLigne ID="R43248" URL="https://demarches.service-public.fr/mademarche/INSRegistreFR/demarche?action=INSCRIPTION" audience="Particuliers" type="Téléservice"><Titre>Registre des Français établis hors de France - Inscription consulaire</Titre><Source ID="R30604">Ministère chargé de l'Europe et des affaires étrangères</Source><Introduction><Texte><Paragraphe>Accessible avec un compte service-public.fr ou via <LienIntra LienID="R48788" type="Définition de glossaire">France Connect</LienIntra>.</Paragraphe><Paragraphe>Chaque adulte doit avoir son propre compte.</Paragraphe></Texte></Introduction></ServiceEnLigne></Cas><Cas><Titre>Sur place (consulat, ambassade)</Titre><Paragraphe>Vous pouvez demander votre inscription sur la liste électorale consulaire en vous rendant directement au consulat (ou à l'ambassade).</Paragraphe><Paragraphe>Vous devez fournir les documents suivants :</Paragraphe><Liste type="puce"><Item><Paragraphe><LienInterne LienPublication="F34779" type="Fiche Question-réponse conditionnée" audience="Particuliers">Justificatif d'identité</LienInterne></Paragraphe></Item><Item><Paragraphe><LienInterne LienPublication="F34780" type="Fiche Question-réponse conditionnée" audience="Particuliers">Justificatif de résidence</LienInterne> dans la circonscription consulaire</Paragraphe></Item><Item><Paragraphe><LienInterne LienPublication="R16024" type="Formulaire" audience="Particuliers">Formulaire</LienInterne> complété et signé</Paragraphe></Item></Liste><OuSAdresser ID="R2750" sve="non" type="Local personnalisable"><Titre>Ambassade ou consulat français à l'étranger</Titre><PivotLocal>ambassade_france_etranger</PivotLocal><RessourceWeb URL="https://www.diplomatie.gouv.fr/fr/le-ministere-et-son-reseau/annuaires-et-adresses-du-ministere-de-l-europe-et-des-affaires-etrangeres-meae/ambassades-et-consulats-francais-a-l-etranger/"/></OuSAdresser></Cas></BlocCas><Paragraphe>Vous pouvez vous inscrire toute l'année.</Paragraphe><Paragraphe>Mais pour voter lors d'une élection en particulier, vous devez respecter une <LienInterne LienPublication="F35050" type="Fiche Question-réponse conditionnée" audience="Particuliers">date limite</LienInterne>.</Paragraphe></Cas></BlocCas></Texte></Situation></ListeSituations><VoirAussi important="non"><Fiche ID="F1361" audience="Particuliers"><Titre>Élections : papiers d'identité à présenter pour voter</Titre><Theme ID="N19810"><Titre>Papiers - Citoyenneté - Élections</Titre></Theme></Fiche><Fiche ID="F1944" audience="Particuliers"><Titre>Élections européennes</Titre><Theme ID="N19810"><Titre>Papiers - Citoyenneté - Élections</Titre></Theme></Fiche></VoirAussi><Reference type="Texte de référence" URL="https://www.legifrance.gouv.fr/codes/section_lc/LEGITEXT000006070239/LEGISCTA000006164051/" ID="R340"><Titre>Code électoral : articles L9 à L15-1</Titre><Complement>Inscription d'office (articles L11 II 2°)</Complement></Reference><Reference type="Texte de référence" URL="https://www.legifrance.gouv.fr/loda/id/JORFTEXT000037018846?r=RBjY88pRTk" ID="R52320"><Titre>Décret n° 2018-450 du 6 juin 2018 relatif aux listes électorales consulaires et au vote des Français établis hors de France pour l'élection du Président de la République</Titre><Complement>Conditions d'inscription et de radiation des listes électorales consulaires à partir de 2019</Complement></Reference><Reference type="Texte de référence" URL="https://www.legifrance.gouv.fr/download/pdf/circ?id=44101" ID="R14136" format="application/pdf" poids="2.0 MB"><Titre>Instruction INTA1830120J du 21 novembre 2018 relative à la tenue des listes électorales et des listes électorales complémentaires</Titre></Reference><ServiceEnLigne ID="R51788" URL="https://www.service-public.fr/particuliers/vosdroits/demarches-et-outils/ISE" audience="Particuliers" type="Téléservice"><Titre>Vérifier votre inscription électorale et votre bureau de vote</Titre><Source ID="R30603">Ministère chargé de l'intérieur</Source></ServiceEnLigne><Definition ID="R48788"><Titre>Identification avec FranceConnect</Titre><Texte><Paragraphe>Connexion avec l'identifiant et le mot de passe de l'un des comptes suivants : Impots.gouv, Ameli, Iidentitenumerique (laposte), Yris, MSA ou Alicem</Paragraphe></Texte></Definition><QuestionReponse ID="F1939" audience="Particuliers"><Titre>Quelles sont les dates des prochaines élections ?</Titre></QuestionReponse><QuestionReponse ID="F34240" audience="Particuliers"><Titre>Elections : peut-on s'inscrire sur la liste électorale d'une mairie et voter la même année ?</Titre></QuestionReponse><QuestionReponse ID="F34780" audience="Particuliers"><Titre>S'inscrire sur une liste électorale consulaire : quel justificatif de domicile ?</Titre></QuestionReponse><QuestionReponse ID="F34779" audience="Particuliers"><Titre>S'inscrire sur les listes électorales : avec quel justificatif d'identité ?</Titre></QuestionReponse></Publication>