<?xml version="1.0" encoding="UTF-8"?><Publication xmlns:dc="http://purl.org/dc/elements/1.1/" xmlns:xsi="http://www.w3.org/2001/XMLSchema-instance" ID="F34826" type="Fiche d'information conditionnée" xsi:noNamespaceSchemaLocation="../Schemas/3.4/Publication.xsd" dateDerniereModificationImportante="2022-03-02T00:00:00" spUrl="https://www.service-public.fr/particuliers/vosdroits/F34826"><dc:title>Changement de la mention du sexe dans les actes de l'état civil</dc:title><dc:creator>Direction de l'information légale et administrative</dc:creator><dc:subject>Papiers - Citoyenneté - Élections</dc:subject><dc:description>Vous souhaitez changer l'indication du sexe sur vos actes d'état civil ? Il n'est pas nécessaire d'avoir suivi un traitement médical ou d'avoir été opéré. Vous devez démontrer que le sexe indiqué sur votre état civil ne correspond pas à celui de votre vie sociale (identité de genre). La demande est faite auprès du tribunal.</dc:description><dc:publisher>Direction de l'information légale et administrative</dc:publisher><dc:contributor>Direction de l'information légale et administrative (Premier ministre)</dc:contributor><dc:date>modified 2022-03-02</dc:date><dc:type>Fiche pratique</dc:type><dc:format>text/xml</dc:format><dc:identifier>F34826</dc:identifier><dc:source>https://www.legifrance.gouv.fr/codes/section_lc/LEGITEXT000006070721/LEGISCTA000033437635, https://www.legifrance.gouv.fr/codes/section_lc/LEGITEXT000006070716/LEGISCTA000034322762, https://www.legifrance.gouv.fr/loda/id/JORFTEXT000045279363, https://www.legifrance.gouv.fr/loda/id/LEGITEXT000034708016/, https://www.legifrance.gouv.fr/loda/id/JORFTEXT000000328986/, https://www.legifrance.gouv.fr/circulaire/id/42281</dc:source><dc:language>Fr</dc:language><dc:relation>isPartOf N31778</dc:relation><dc:coverage>France entière</dc:coverage><dc:rights>https://www.service-public.fr/a-propos/mentions-legales</dc:rights><SurTitre>Fiche pratique</SurTitre><Audience>Particuliers</Audience><Canal>www.service-public.fr</Canal><FilDAriane><Niveau ID="Particuliers">Accueil particuliers</Niveau><Niveau ID="N19810">Papiers - Citoyenneté - Élections</Niveau><Niveau ID="N31778">Changement d'état civil</Niveau><Niveau ID="F34826" type="Fiche d'information conditionnée">Changement de la mention du sexe dans les actes de l'état civil</Niveau></FilDAriane><Theme ID="N19810"><Titre>Papiers - Citoyenneté - Élections</Titre></Theme><SousThemePere ID="N31785">État civil</SousThemePere><DossierPere ID="N31778"><Titre>Changement d'état civil</Titre><SousDossier ID="N31778-1"><Titre>Modification de l'acte d'état civil</Titre><Fiche ID="F36379">Procédure simplifiée de changement de nom de famille</Fiche><Fiche ID="F1656">Procédure de changement de nom de famille par décret (motif légitime)</Fiche><Fiche ID="F885">Changement de prénom</Fiche><Fiche ID="F34826">Changement de la mention du sexe dans les actes de l'état civil</Fiche></SousDossier><SousDossier ID="N31778-2"><Titre>Utilisation d'un nom d'usage</Titre><Fiche ID="F868">Utilisation du nom de sa femme ou de son mari</Fiche><Fiche ID="F1343">Utilisation du nom des parents par une personne majeure</Fiche><Fiche ID="F36441">Utilisation du nom des parents par une personne mineure</Fiche></SousDossier></DossierPere><SousDossierPere>Modification de l'acte d'état civil</SousDossierPere><RechercheGuideePere ID="F34723" audience="Particuliers"><Titre>Modification ou rectification de l'état civil</Titre></RechercheGuideePere><Introduction><Texte><Paragraphe>Vous souhaitez changer l'indication du sexe sur vos actes d'état civil ? Il n'est pas nécessaire d'avoir suivi un traitement médical ou d'avoir été opéré. Vous devez démontrer que le sexe indiqué sur votre état civil ne correspond pas à celui de votre vie sociale (identité de genre). La demande est faite auprès du tribunal.</Paragraphe></Texte></Introduction><Texte><Chapitre><Titre><Paragraphe>Quelles sont les conditions à remplir ?</Paragraphe></Titre><Paragraphe>Vous devez être <MiseEnEvidence>majeur</MiseEnEvidence> ou <LienInterne LienPublication="F1194" type="Fiche d'information conditionnée" audience="Particuliers">mineur émancipé</LienInterne>.</Paragraphe><Paragraphe>Vous devez démontrer que la mention de votre sexe dans les <LienIntra LienID="R1828" type="Définition de glossaire">actes de l'état civil</LienIntra> ne correspond pas à celui sous lequel vous vous présentez et sous lequel vous êtes connu.</Paragraphe><Paragraphe>Par exemple, vous pouvez montrer les faits suivants :</Paragraphe><Liste type="puce"><Item><Paragraphe>Vous vous présentez publiquement sous ce sexe</Paragraphe></Item><Item><Paragraphe>Vous êtes connu par vos proches et vos collègues sous ce sexe</Paragraphe></Item><Item><Paragraphe>Vous avez changé votre prénom pour correspondre à ce sexe</Paragraphe></Item></Liste><Paragraphe>Vous pouvez <MiseEnEvidence>apporter la preuve par tous moyens</MiseEnEvidence> : témoignages de proches, tout écrit, photographie permettant d'établir que vous vous présentez sous l'identité de genre revendiquée.</Paragraphe><Paragraphe>Exemples : avis d’imposition ou tout autre document administratif reprenant la civilité revendiquée et le prénom dont vous faites usage, carte de transport, carte de membre d’une association sportive ou culturelle indiquant la civilité correspondante au sexe revendiqué, attestation de proches...</Paragraphe><Paragraphe><MiseEnEvidence>Un seul fait ne suffit pas</MiseEnEvidence>. Vous devez indiquer plusieurs faits pour prouver que votre sexe social ne correspond pas à votre sexe juridique.</Paragraphe><ASavoir><Titre>À savoir</Titre><Paragraphe>Si vous l'estimez utile, vous pouvez fournir des attestations médicales établissant que vous suivez un traitement médical ou que vous avez subi une opération de réassignation sexuelle. Toutefois, ces éléments ne sont pas exigés. Votre demande ne peut pas être refusée en l'absence de ces éléments.</Paragraphe></ASavoir></Chapitre><Chapitre><Titre><Paragraphe>Comment faire la demande ?</Paragraphe></Titre><BlocCas affichage="onglet"><Cas><Titre>Vous êtes né en France</Titre><Paragraphe>La demande est faite par <LienIntra LienID="R12542" type="Définition de glossaire">requête</LienIntra> au <MiseEnEvidence>tribunal de votre lieu de résidence ou de votre lieu de naissance</MiseEnEvidence>.</Paragraphe><Paragraphe>Votre requête doit préciser si vous souhaitez changer <MiseEnEvidence>un ou plusieurs de vos prénoms</MiseEnEvidence>.</Paragraphe><Paragraphe>Vous devez <MiseEnEvidence>joindre les éléments de preuves</MiseEnEvidence>.</Paragraphe><Paragraphe>Vous pouvez remettre la requête <MiseEnEvidence>sur place</MiseEnEvidence> ou l'envoyer <MiseEnEvidence>par courrier.</MiseEnEvidence></Paragraphe><OuSAdresser ID="R30" sve="non" type="Local"><Titre>Tribunal judiciaire</Titre><RessourceWeb URL="http://www.annuaires.justice.gouv.fr/"/><Source ID="R30663">Ministère chargé de la justice</Source></OuSAdresser><Paragraphe>Un avocat n'est pas obligatoire pour cette procédure.</Paragraphe></Cas><Cas><Titre>Vous êtes français né à l'étranger</Titre><Paragraphe>La demande est faite par <LienIntra LienID="R12542" type="Définition de glossaire">requête</LienIntra> au <MiseEnEvidence>tribunal au tribunal de Nantes</MiseEnEvidence>.</Paragraphe><Paragraphe>Votre requête doit préciser si vous souhaitez changer <MiseEnEvidence>un ou plusieurs de vos prénoms</MiseEnEvidence>.</Paragraphe><Paragraphe>Vous devez <MiseEnEvidence>joindre les éléments de preuves</MiseEnEvidence>.</Paragraphe><Paragraphe>Vous pouvez remettre la requête <MiseEnEvidence>sur place</MiseEnEvidence> ou l'envoyer <MiseEnEvidence>par courrier</MiseEnEvidence>.</Paragraphe><OuSAdresser ID="R20130" sve="non" type="National"><Titre>Tribunal de Nantes</Titre><RessourceWeb URL="https://lannuaire.service-public.fr/pays-de-la-loire/loire-atlantique/59edbec7-feb1-49aa-bb94-5f6c316b9093"/></OuSAdresser><Paragraphe>Un avocat n'est pas obligatoire pour cette procédure.</Paragraphe></Cas><Cas><Titre>Vous êtes réfugié (Ofpra), apatride ou bénéficiaire de la protection subsidiaire</Titre><Paragraphe>Si vous êtes réfugié (<LienInterne LienPublication="R31591" type="Acronyme">Ofpra</LienInterne>), apatride ou bénéficiaire de la protection subsidiaire, la demande est faite par <LienIntra LienID="R12542" type="Définition de glossaire">requête</LienIntra> au <MiseEnEvidence>tribunal de Paris.</MiseEnEvidence></Paragraphe><Paragraphe>Votre requête doit préciser si vous souhaitez changer <MiseEnEvidence>un ou plusieurs de vos prénoms</MiseEnEvidence>.</Paragraphe><Paragraphe>Vous devez <MiseEnEvidence>joindre les éléments de preuves</MiseEnEvidence>.</Paragraphe><Paragraphe>Vous pouvez remettre la requête <MiseEnEvidence>sur place</MiseEnEvidence> ou l'envoyer <MiseEnEvidence>par courrier</MiseEnEvidence>.</Paragraphe><OuSAdresser ID="R43337" sve="non" type="Local"><Titre>Tribunal judiciaire de Paris</Titre><RessourceWeb URL="https://lannuaire.service-public.fr/ile-de-france/paris/df25f052-8dbf-492f-90b8-f32ff6a925de"/></OuSAdresser><Paragraphe>Un avocat n'est pas obligatoire pour cette procédure.</Paragraphe></Cas></BlocCas></Chapitre><Chapitre><Titre><Paragraphe>La demande est-elle gratuite ?</Paragraphe></Titre><Paragraphe>La démarche est gratuite.</Paragraphe></Chapitre><Chapitre><Titre><Paragraphe>Comment est examinée la demande ?</Paragraphe></Titre><Paragraphe>Le juge peut prendre la décision <MiseEnEvidence>au vu de votre dossier</MiseEnEvidence>.</Paragraphe><Paragraphe>Il peut aussi <MiseEnEvidence>organiser une audience en</MiseEnEvidence><LienIntra LienID="R17641" type="Définition de glossaire">chambre du conseil</LienIntra> pour vous entendre et entendre toute personne concernée.</Paragraphe><Paragraphe>Vous recevez alors une <MiseEnEvidence>convocation</MiseEnEvidence>.</Paragraphe></Chapitre><Chapitre><Titre><Paragraphe>Quelles sont les conséquences ?</Paragraphe></Titre><BlocCas affichage="onglet"><Cas><Titre>Si la demande est acceptée</Titre><BlocCas affichage="radio"><Cas><Titre>Changement de prénom</Titre><Paragraphe><MiseEnEvidence>La décision de changement de sexe et de changement de prénom</MiseEnEvidence> est <MiseEnEvidence>inscrite en marge de votre acte de naissance</MiseEnEvidence> à la demande du <LienIntra LienID="R1123" type="Définition de glossaire">Procureur de la République</LienIntra>.</Paragraphe><Paragraphe>La modification est faite dans les <MiseEnEvidence>15 jours</MiseEnEvidence> suivant la date à laquelle la <LienIntra LienID="R19325" type="Définition de glossaire">décision est devenue définitive</LienIntra>.</Paragraphe><Paragraphe><MiseEnEvidence>Si vous êtes marié(e)</MiseEnEvidence>, l'actualisation de l'acte de mariage et de l'acte de naissance de votre époux(se) avec votre nouveau prénom nécessite son accord.</Paragraphe><Paragraphe><MiseEnEvidence>Si vous êtes pacsé(e)</MiseEnEvidence>, l'accord de votre partenaire n'est pas nécessaire. Son acte de naissance est actualisé avec votre nouveau prénom, dans la mention du Pacs apposé en marge.</Paragraphe><Paragraphe><MiseEnEvidence>Si vous avez des enfants</MiseEnEvidence>, l'actualisation de leurs actes de naissance avec votre nouveau prénom nécessite l'accord de l'enfant s'il est majeur (ou l'accord de ses 2 parents s'il est mineur).</Paragraphe><Paragraphe>Les époux ou l'un des parents peuvent demander un nouveau livret de famille.</Paragraphe><Paragraphe>Une fois votre acte de naissance mis à jour, <MiseEnEvidence>il est possible de modifier vos titres d'identité</MiseEnEvidence> (<LienInterne LienPublication="N358" type="Dossier" audience="Particuliers">carte d'identité</LienInterne>, <LienInterne LienPublication="N360" type="Dossier" audience="Particuliers">passeport</LienInterne>).</Paragraphe><Paragraphe>Vous pouvez aussi <MiseEnEvidence>informer vos différents interlocuteurs</MiseEnEvidence> : employeur, assurance maladie, mutuelle.<MiseEnEvidence/>..</Paragraphe></Cas><Cas><Titre>Conservation du prénom</Titre><Paragraphe><MiseEnEvidence>La décision ordonnant le changement de sexe est inscrite en marge de votre acte de naissance</MiseEnEvidence> à la demande du <LienIntra LienID="R1123" type="Définition de glossaire">Procureur de la République</LienIntra>.</Paragraphe><Paragraphe>La modification est faite dans les <MiseEnEvidence>15 jours</MiseEnEvidence> suivant la date à laquelle la <LienIntra LienID="R19325" type="Définition de glossaire">décision est devenue définitive</LienIntra>.</Paragraphe><Paragraphe>Une fois l'acte de naissance mis à jour, il est possible de <MiseEnEvidence>modifier vos titres d'identité</MiseEnEvidence> (<LienInterne LienPublication="N358" type="Dossier" audience="Particuliers">carte d'identité</LienInterne>, <LienInterne LienPublication="N360" type="Dossier" audience="Particuliers">passeport</LienInterne>).</Paragraphe><Paragraphe>Vous pouvez aussi <MiseEnEvidence>informer vos différents interlocuteurs</MiseEnEvidence> : employeur, assurance maladie, mutuelle...</Paragraphe></Cas></BlocCas></Cas><Cas><Titre>Si la demande est refusée</Titre><Paragraphe>Vous pouvez <MiseEnEvidence>contester la décision </MiseEnEvidence><LienInterne LienPublication="F1384" type="Fiche d'information conditionnée" audience="Particuliers">en faisant appel</LienInterne>.</Paragraphe><Paragraphe>Les voies de recours et les démarches sont indiquées dans la <LienIntra LienID="R14732" type="Définition de glossaire">notification</LienIntra> de la décision.</Paragraphe><Paragraphe>L'avocat <MiseEnEvidence>est obligatoire</MiseEnEvidence> pour faire appel. C'est lui qui se charge des démarches.</Paragraphe></Cas></BlocCas></Chapitre></Texte><VoirAussi important="non"><Fiche ID="F885" audience="Particuliers"><Titre>Changement de prénom</Titre><Theme ID="N19810"><Titre>Papiers - Citoyenneté - Élections</Titre></Theme></Fiche><Fiche ID="F1384" audience="Particuliers"><Titre>Faire appel d'un jugement civil ou pénal</Titre><Theme ID="N19807"><Titre>Justice</Titre></Theme></Fiche></VoirAussi><OuSAdresser ID="R11621" sve="non" type="Local personnalisé sur SP"><Titre>Maison de justice et du droit</Titre><Complement>Pour s'informer</Complement><PivotLocal>mjd</PivotLocal><RessourceWeb URL="http://www.annuaires.justice.gouv.fr/lieux-dacces-aux-droits-10111/"/><Source ID="R30663">Ministère chargé de la justice</Source></OuSAdresser><Reference type="Texte de référence" URL="https://www.legifrance.gouv.fr/codes/section_lc/LEGITEXT000006070721/LEGISCTA000033437635" ID="R52765"><Titre>Code civil : articles 61-5 à 61-8</Titre><Complement>Modification de la mention du sexe à l'état civil</Complement></Reference><Reference type="Texte de référence" URL="https://www.legifrance.gouv.fr/codes/section_lc/LEGITEXT000006070716/LEGISCTA000034322762" ID="R52764"><Titre>Code de procédure civile : articles 1055-5 à 1055-10</Titre><Complement>Procédure de modification de la mention du sexe dans les actes de l'état civil</Complement></Reference><Reference type="Texte de référence" URL="https://www.legifrance.gouv.fr/loda/id/JORFTEXT000045279363" ID="R61908"><Titre>Décret n°2022-290 du 1er mars 2022 portant application de dispositions de la loi n° 2021-1017 du 2 août 2021 relative à la bioéthique et modifiant diverses dispositions relatives à l'état civil</Titre></Reference><Reference type="Texte de référence" URL="https://www.legifrance.gouv.fr/loda/id/LEGITEXT000034708016/" ID="R49362"><Titre>Décret n°2017-890 du 6 mai 2017 relatif à l'état civil</Titre></Reference><Reference type="Texte de référence" URL="https://www.legifrance.gouv.fr/loda/id/JORFTEXT000000328986/" ID="R750"><Titre>Décret n°74-449 du 15 mai 1974 relatif au livret de famille et à l'information des futurs époux sur le droit de la famille</Titre></Reference><Reference type="Texte de référence" URL="https://www.legifrance.gouv.fr/circulaire/id/42281" ID="R48498" format="application/pdf" poids="177.2 KB"><Titre>Circulaire du 10 mai 2017 relative à la loi n°2016-1547 du 18 novembre 2016 de modernisation de la justice du XXIe siècle : changement de prénom et modification de la mention du sexe à l'état civil</Titre></Reference><Definition ID="R1828"><Titre>Acte d'état civil</Titre><Texte><Paragraphe>Acte de naissance, de reconnaissance, de mariage ou de décès</Paragraphe></Texte></Definition><Definition ID="R12542"><Titre>Requête</Titre><Texte><Paragraphe>Écrit formalisé permettant de saisir un tribunal</Paragraphe></Texte></Definition><Definition ID="R17641"><Titre>Audience en chambre du Conseil</Titre><Texte><Paragraphe>Audience qui se tient dans le bureau du juge ou dans une petite salle du tribunal. Le public n'est pas autorisé. Seuls les parties ou leurs représentants, les avocats et dans les affaires nécessitant la présence du Parquet sont admis à ces audiences.</Paragraphe></Texte></Definition><Definition ID="R1123"><Titre>Procureur de la République</Titre><Texte><Paragraphe>Magistrat à la tête du parquet (ou ministère public). Il est destinataire des plaintes et signalements. Il dirige les enquêtes, décide des poursuites et veille à l'application de la loi.</Paragraphe></Texte></Definition><Definition ID="R19325"><Titre>Jugement définitif</Titre><Texte><Paragraphe>Jugement dont toutes les voies de recours (opposition, appel, cassation) ont été utilisées ou pour lequel les délais pour faire opposition, appel ou de pourvoir en cassation sont expirés</Paragraphe></Texte></Definition><Definition ID="R14732"><Titre>Notification</Titre><Texte><Paragraphe>Formalité par laquelle un acte de procédure ou une décision est porté à la connaissance d’une personne</Paragraphe></Texte></Definition><Abreviation ID="R31591" type="Acronyme"><Titre>Ofpra</Titre><Texte><Paragraphe>Office français de protection des réfugiés et apatrides</Paragraphe></Texte></Abreviation><QuestionReponse ID="F1429" audience="Particuliers"><Titre>Qu'est-ce qu'une mention marginale sur un acte d'état civil ?</Titre></QuestionReponse><QuestionReponse ID="F1177" audience="Particuliers"><Titre>Comment corriger un acte d'état civil (erreur, oubli, coquille, double tiret) ?</Titre></QuestionReponse></Publication>