<?xml version="1.0" encoding="UTF-8"?><Publication xmlns:dc="http://purl.org/dc/elements/1.1/" xmlns:xsi="http://www.w3.org/2001/XMLSchema-instance" ID="F34868" type="Fiche Question-réponse conditionnée" xsi:noNamespaceSchemaLocation="../Schemas/3.4/Publication.xsd" dateDerniereModificationImportante="2022-01-15T00:00:00" spUrl="https://www.service-public.fr/particuliers/vosdroits/F34868"><dc:title>Agrément d'une assistante maternelle suspendu, modifié ou retiré : que faire ?</dc:title><dc:creator>Direction de l'information légale et administrative</dc:creator><dc:subject>Travail - Formation</dc:subject><dc:description>Lorsque l'agrément de votre assistante maternelle a été suspendu ou retiré, vous devez rompre son contrat de travail.</dc:description><dc:publisher>Direction de l'information légale et administrative</dc:publisher><dc:contributor>Direction de l'information légale et administrative (Premier ministre)</dc:contributor><dc:date>modified 2023-12-18</dc:date><dc:type>Question-réponse</dc:type><dc:format>text/xml</dc:format><dc:identifier>F34868</dc:identifier><dc:source>https://www.legifrance.gouv.fr/conv_coll/id/KALITEXT000043941642, https://www.legifrance.gouv.fr/codes/id/LEGISCTA000006157646/</dc:source><dc:language>Fr</dc:language><dc:relation>isPartOf N20383</dc:relation><dc:coverage>France entière</dc:coverage><dc:rights>https://www.service-public.fr/a-propos/mentions-legales</dc:rights><SurTitre>Question-réponse</SurTitre><Audience>Particuliers</Audience><Canal>www.service-public.fr</Canal><FilDAriane><Niveau ID="Particuliers">Accueil particuliers</Niveau><Niveau ID="N19806">Travail - Formation</Niveau><Niveau ID="N20383">Assistante maternelle</Niveau><Niveau ID="F34868" type="Fiche Question-réponse conditionnée">Agrément d'une assistante maternelle suspendu, modifié ou retiré : que faire ?</Niveau></FilDAriane><Theme ID="N19806"><Titre>Travail - Formation</Titre></Theme><SousThemePere ID="N453">Particulier employeur</SousThemePere><DossierPere ID="N20383"><Titre>Assistante maternelle</Titre><Fiche ID="F16841">Contrat de travail et formalités d'embauche</Fiche><Fiche ID="F838">Temps de travail</Fiche><Fiche ID="F31655">Congés</Fiche><Fiche ID="F12812">Rémunération</Fiche><Fiche ID="F16842">Rupture du contrat de travail</Fiche><Fiche ID="F33164">Démission</Fiche></DossierPere><Texte><Paragraphe>Pour garder des enfants à son domicile, une assistante maternelle doit avoir un agrément. Il est délivré par le conseil départemental. Dans certains cas, le conseil départemental peut décider de modifier, suspendre ou retirer l'agrément à l'assistante maternelle. Les services du département doivent <LienIntra LienID="R14732" type="Définition de glossaire">notifier</LienIntra> à l'employeur la suspension, la modification ou le retrait de l'agrément.</Paragraphe><Chapitre><Titre><Paragraphe>Doit-on rompre le contrat de travail de l'assistante maternelle en cas de modification, suspension ou retrait de son agrément ?</Paragraphe></Titre><Paragraphe>La modification, la suspension ou le retrait de l'agrément <MiseEnEvidence>s'impose</MiseEnEvidence> au salarié et à l'employeur.</Paragraphe><Paragraphe>À partir de cette <LienIntra LienID="R14732" type="Définition de glossaire">notification</LienIntra>, l'enfant ne peut plus être confié à l'assistante maternelle.</Paragraphe><Paragraphe>Le particulier employeur notifie à l'assistant maternel par lettre <LienInterne LienPublication="R46090" type="Acronyme">RAR</LienInterne> ou par lettre remise en main propre contre décharge le <LienIntra LienID="R61428" type="Définition de glossaire">retrait forcé</LienIntra> de l'enfant.</Paragraphe><Paragraphe>Le retrait prend effet à la date de notification de la suspension, de la modification ou du retrait de l'agrément par les services du département.</Paragraphe><Paragraphe>Le contrat de travail de l'assistante maternelle est alors rompu sans <MiseEnEvidence>préavis</MiseEnEvidence>, ni <MiseEnEvidence>indemnité de rupture</MiseEnEvidence>.</Paragraphe></Chapitre><Chapitre><Titre><Paragraphe>Quelles sommes doit-on verser à l'assistante maternelle en cas de rupture du contrat suite à une modification, suspension ou retrait d'agrément ?</Paragraphe></Titre><TitreFlottant><Paragraphe>Indemnité de rupture du contrat de travail</Paragraphe></TitreFlottant><Paragraphe>L'assistante maternelle <MiseEnEvidence>ne touche pas d'indemnité de rupture</MiseEnEvidence>.</Paragraphe><TitreFlottant><Paragraphe>Indemnité compensatrice de congés payés</Paragraphe></TitreFlottant><Paragraphe>S'il reste des congés payés non pris à la date de rupture du contrat, une <MiseEnEvidence>indemnité compensatrice de congés</MiseEnEvidence> payés est due.</Paragraphe><Paragraphe>Cette indemnité est égale <MiseEnEvidence>au plus élevé des 2 montants :</MiseEnEvidence></Paragraphe><Liste type="puce"><Item><Paragraphe>Rémunération brute perçue par le salarié pour une durée du travail équivalente à celle des congés payés restants</Paragraphe></Item><Item><Paragraphe>1/10<Exposant>e</Exposant> de la rémunération totale brute perçue au cours de l'année de référence</Paragraphe></Item></Liste><ASavoir><Titre>À savoir</Titre><Paragraphe>Si l'accueil de l'enfant s'effectue sur <MiseEnEvidence>46</MiseEnEvidence> semaines ou moins, le particulier employeur procède à la régularisation définitive du salaire en fin de contrat.</Paragraphe></ASavoir></Chapitre><Chapitre><Titre><Paragraphe>Quels documents doit-on donner à l'assistante maternelle en cas de rupture du contrat suite à une modification, suspension ou retrait d'agrément ?</Paragraphe></Titre><Paragraphe>À la date de fin du contrat de travail, le particulier employeur remet obligatoirement au salarié les documents suivants :</Paragraphe><Liste type="puce"><Item><Paragraphe><LienInterne LienPublication="F87" type="Fiche d'information conditionnée" audience="Particuliers">Certificat de travail</LienInterne></Paragraphe></Item><Item><Paragraphe><LienInterne LienPublication="F86" type="Fiche d'information conditionnée" audience="Particuliers">Reçu pour solde de tout compte</LienInterne> qui détaille les sommes versées lors de la rupture du contrat de travail</Paragraphe></Item><Item><Paragraphe><LienInterne LienPublication="F2867" type="Fiche d'information conditionnée" audience="Particuliers">Attestation destinée à France Travail (anciennement Pôle emploi)</LienInterne></Paragraphe></Item></Liste><Paragraphe>Un service permet de réaliser en ligne les démarches liées à la rupture du contrat de travail :</Paragraphe><ServiceEnLigne ID="R60018" URL="https://findecontrat-pajemploi.urssaf.fr/findecontrat/" audience="Particuliers" type="Téléservice"><Titre>Démarches de fin de contrat garde d'enfant</Titre><Source ID="R30759">Urssaf</Source></ServiceEnLigne></Chapitre><Chapitre><Titre><Paragraphe>À qui s'adresser en cas de litige entre le particulier employeur et l'assistante maternelle ?</Paragraphe></Titre><Paragraphe>Les litiges relèvent de la compétence du <LienInterne LienPublication="F2360" type="Fiche d'information conditionnée" audience="Particuliers">conseil de prud'hommes</LienInterne> du lieu de domicile de l'assistante maternelle.</Paragraphe><OuSAdresser ID="R15" sve="non" type="Local personnalisé sur SP"><Titre>Conseil de prud'hommes</Titre><PivotLocal>prudhommes</PivotLocal><RessourceWeb URL="http://www.annuaires.justice.gouv.fr/annuaires-12162/annuaire-des-conseils-de-prudhommes-21779.html"/></OuSAdresser></Chapitre></Texte><Reference type="Texte de référence" URL="https://www.legifrance.gouv.fr/conv_coll/id/KALITEXT000043941642" ID="R61221"><Titre>Convention collective nationale des particuliers employeurs et de l'emploi à domicile du 15 mars 2021</Titre><Complement>Rupture du contrat (article 119)</Complement></Reference><Reference type="Texte de référence" URL="https://www.legifrance.gouv.fr/codes/id/LEGISCTA000006157646/" ID="R36649"><Titre>Code de l'action sociale et des familles : articles L421-1 à L421-18</Titre><Complement>Notification du retrait de l'agrément par les services du département</Complement></Reference><Definition ID="R14732"><Titre>Notification</Titre><Texte><Paragraphe>Formalité par laquelle un acte de procédure ou une décision est porté à la connaissance d’une personne</Paragraphe></Texte></Definition><Definition ID="R61428"><Titre>Retrait forcé</Titre><Texte><Paragraphe>L'employeur est obligé de mettre fin au contrat de l'assistant maternel</Paragraphe></Texte></Definition><Abreviation ID="R46090" type="Acronyme"><Titre>RAR</Titre><Texte><Paragraphe>Recommandé avec avis de réception</Paragraphe></Texte></Abreviation></Publication>