<?xml version="1.0" encoding="UTF-8"?><Publication xmlns:dc="http://purl.org/dc/elements/1.1/" xmlns:xsi="http://www.w3.org/2001/XMLSchema-instance" ID="F35060" type="Fiche Question-réponse conditionnée" xsi:noNamespaceSchemaLocation="../Schemas/3.4/Publication.xsd" spUrl="https://www.service-public.fr/particuliers/vosdroits/F35060"><dc:title>Quelle différence entre le nom de famille et le nom d'usage ?</dc:title><dc:creator>Direction de l'information légale et administrative</dc:creator><dc:subject>Papiers - Citoyenneté - Élections</dc:subject><dc:description>Nom de famille, nom de naissance, nom patronymique sont synonymes. Le nom d'usage est utilisé dans la vie quotidienne. Le nom marital est un nom d'usage.</dc:description><dc:publisher>Direction de l'information légale et administrative</dc:publisher><dc:contributor>Direction de l'information légale et administrative (Premier ministre)</dc:contributor><dc:date>modified 2023-06-01</dc:date><dc:type>Question-réponse</dc:type><dc:format>text/xml</dc:format><dc:identifier>F35060</dc:identifier><dc:source>https://www.legifrance.gouv.fr/codes/section_lc/LEGITEXT000006070721/LEGISCTA000006150015, https://www.legifrance.gouv.fr/codes/section_lc/LEGITEXT000006070721/LEGISCTA000006136137/#LEGISCTA000006136137</dc:source><dc:language>Fr</dc:language><dc:relation>isPartOf N151</dc:relation><dc:coverage>France entière</dc:coverage><dc:rights>https://www.service-public.fr/a-propos/mentions-legales</dc:rights><SurTitre>Question-réponse</SurTitre><Audience>Particuliers</Audience><Canal>www.service-public.fr</Canal><FilDAriane><Niveau ID="Particuliers">Accueil particuliers</Niveau><Niveau ID="N19810">Papiers - Citoyenneté - Élections</Niveau><Niveau ID="N151">Nom et prénom</Niveau><Niveau ID="F35060" type="Fiche Question-réponse conditionnée">Quelle différence entre le nom de famille et le nom d'usage ?</Niveau></FilDAriane><Theme ID="N19810"><Titre>Papiers - Citoyenneté - Élections</Titre></Theme><SousThemePere ID="N103">Identité - Authentification</SousThemePere><DossierPere ID="N151"><Titre>Nom et prénom</Titre><SousDossier ID="N151-1"><Titre>Choix à la naissance</Titre><Fiche ID="F10505">Choix du nom de l'enfant par son père et sa mère</Fiche><Fiche ID="F36045">Choix du nom de l'enfant par ses 2 mères</Fiche><Fiche ID="F882">Prénom(s) de l'enfant</Fiche></SousDossier><SousDossier ID="N151-2"><Titre>En cas d'adoption</Titre><Fiche ID="F2668">Nom de l'enfant en cas d'adoption plénière</Fiche><Fiche ID="F2621">Nom de la personne adoptée en cas d'adoption simple</Fiche></SousDossier></DossierPere><Texte><TitreFlottant><Paragraphe>Nom de famille</Paragraphe></TitreFlottant><Paragraphe>Toute personne possède un <LienInterne LienPublication="F10505" type="Fiche d'information conditionnée" audience="Particuliers">nom de famille</LienInterne>.</Paragraphe><Paragraphe>Le nom de famille est indiqué sur votre <LienInterne LienPublication="F1427" type="Fiche d'information conditionnée" audience="Particuliers">acte de naissance</LienInterne>.</Paragraphe><Paragraphe>Il peut s'agir, par exemple, du nom de votre père ou de votre mère.</Paragraphe><Paragraphe>Votre nom de famille est votre <MiseEnEvidence>nom de naissance</MiseEnEvidence> si vous n'avez pas changé de nom.</Paragraphe><ASavoir><Titre>À savoir</Titre><Paragraphe>le nom de famille correspond à l'ancien <Expression>nom patronymique</Expression>, expression aujourd’hui supprimée. Le terme <Expression>nom de jeune fille</Expression> est également supprimé.</Paragraphe></ASavoir><TitreFlottant><Paragraphe>Nom d'usage</Paragraphe></TitreFlottant><Paragraphe>Vous pouvez utiliser un <MiseEnEvidence>nom d'usage</MiseEnEvidence> dans la vie quotidienne.</Paragraphe><Paragraphe>Le nom d'usage est <MiseEnEvidence>facultatif</MiseEnEvidence>.</Paragraphe><Paragraphe>Le nom d'usage <MiseEnEvidence>ne remplace pas le nom de famille</MiseEnEvidence>.</Paragraphe><Paragraphe>Vous pouvez utiliser comme nom d'usage <LienInterne LienPublication="F868" type="Fiche d'information conditionnée" audience="Particuliers">le nom de votre époux(se)</LienInterne> ou <LienInterne LienPublication="F1343" type="Fiche d'information conditionnée" audience="Particuliers">le nom du parent qui ne vous a pas transmis son nom à la naissance</LienInterne>.</Paragraphe><ASavoir><Titre>À savoir</Titre><Paragraphe>Le <Expression>nom marital</Expression> est un nom d'usage. C'est le <LienInterne LienPublication="F868" type="Fiche d'information conditionnée" audience="Particuliers">nom de votre époux(se)</LienInterne>.</Paragraphe></ASavoir></Texte><VoirAussi important="non"><Dossier ID="N359" audience="Particuliers"><Titre>Actes d'état civil</Titre><Theme ID="N19810"><Titre>Papiers - Citoyenneté - Élections</Titre></Theme></Dossier><Dossier ID="N151" audience="Particuliers"><Titre>Nom et prénom</Titre><Theme ID="N19810"><Titre>Papiers - Citoyenneté - Élections</Titre></Theme></Dossier><Dossier ID="N31778" audience="Particuliers"><Titre>Changement d'état civil</Titre><Theme ID="N19810"><Titre>Papiers - Citoyenneté - Élections</Titre></Theme></Dossier><Dossier ID="N358" audience="Particuliers"><Titre>Carte d'identité</Titre><Theme ID="N19810"><Titre>Papiers - Citoyenneté - Élections</Titre></Theme></Dossier></VoirAussi><QuiPeutMAider ID="R11621" sve="non" type="Local personnalisé sur SP"><Titre>Maison de justice et du droit</Titre><PivotLocal>mjd</PivotLocal><RessourceWeb URL="http://www.annuaires.justice.gouv.fr/lieux-dacces-aux-droits-10111/"/><Source ID="R30663">Ministère chargé de la justice</Source></QuiPeutMAider><Reference type="Texte de référence" URL="https://www.legifrance.gouv.fr/codes/section_lc/LEGITEXT000006070721/LEGISCTA000006150015" ID="R12161"><Titre>Code civil : articles 311-21 à 311-24-2</Titre><Complement>Nom de famille (articles 311-21 à 311-24-1), nom d'usager (article 311-24-2)</Complement></Reference><Reference type="Texte de référence" URL="https://www.legifrance.gouv.fr/codes/section_lc/LEGITEXT000006070721/LEGISCTA000006136137/#LEGISCTA000006136137" ID="R11304"><Titre>Code civil : articles 212 à 226</Titre><Complement>Utilisation du nom de son époux ou épouse comme nom d'usage (article 225-1)</Complement></Reference><QuestionReponse ID="F1091" audience="Particuliers"><Titre>Après un divorce, peut-on garder le nom de son ex-mari ou de son ex-femme ? </Titre></QuestionReponse><QuestionReponse ID="F12521" audience="Particuliers"><Titre>Peut-on continuer à porter le nom de son époux(se) décédé(e) comme nom d'usage ?</Titre></QuestionReponse><QuestionReponse ID="F77" audience="Particuliers"><Titre>Une femme mariée peut-elle garder son nom de famille ("nom de jeune fille") ?</Titre></QuestionReponse><QuestionReponse ID="F10506" audience="Particuliers"><Titre>Peut-on changer le nom de famille de son enfant mineur ?</Titre></QuestionReponse></Publication>