<?xml version="1.0" encoding="UTF-8"?><Publication xmlns:dc="http://purl.org/dc/elements/1.1/" xmlns:xsi="http://www.w3.org/2001/XMLSchema-instance" ID="F35138" type="Recherche guidée" xsi:noNamespaceSchemaLocation="../Schemas/3.4/Publication.xsd" spUrl="https://www.service-public.fr/particuliers/vosdroits/F35138"><dc:title>Un colocataire doit-il payer les dettes après avoir donné son préavis ?</dc:title><dc:creator>Direction de l'information légale et administrative</dc:creator><dc:subject>Logement</dc:subject><dc:description>Un colocataire doit-il payer les dettes après avoir donné son préavis ?</dc:description><dc:publisher>Direction de l'information légale et administrative</dc:publisher><dc:contributor>Direction de l'information légale et administrative (Premier ministre)</dc:contributor><dc:date>modified 2023-12-13</dc:date><dc:type>Recherche guidée</dc:type><dc:format>text/xml</dc:format><dc:identifier>F35138</dc:identifier><dc:language>Fr</dc:language><dc:relation>isPartOf N339</dc:relation><dc:coverage>France entière</dc:coverage><dc:rights>https://www.service-public.fr/a-propos/mentions-legales</dc:rights><SurTitre>Recherche guidée</SurTitre><Audience>Particuliers</Audience><Canal>www.service-public.fr</Canal><FilDAriane><Niveau ID="Particuliers">Accueil particuliers</Niveau><Niveau ID="N19808">Logement</Niveau><Niveau ID="N339">Location immobilière : fin du bail</Niveau><Niveau ID="F35138" type="Recherche guidée">Un colocataire doit-il payer les dettes après avoir donné son préavis ?</Niveau></FilDAriane><Theme ID="N19808"><Titre>Logement</Titre></Theme><SousThemePere ID="N289">Location immobilière</SousThemePere><DossierPere ID="N339"><Titre>Location immobilière : fin du bail</Titre><Fiche ID="F1168">Préavis et formalités du congé donné par le locataire</Fiche><Fiche ID="F929">Préavis et formalités du congé donné par le propriétaire (bailleur)</Fiche><Fiche ID="F33671">État des lieux de sortie</Fiche></DossierPere><Problematiques><Problematique><Titre><Paragraphe>Bail commun à tous les colocataires</Paragraphe></Titre><SiSelectionne><affecteVrai var="T14283"/></SiSelectionne><Branche><Titre><Paragraphe>Bail avec clause de solidarité</Paragraphe></Titre><SiSelectionne><affecteVrai var="T12283"/></SiSelectionne><LienInterne LienPublication="F2044" type="Fiche Question-réponse conditionnée" audience="Particuliers"/></Branche><Branche><Titre><Paragraphe>Bail sans cette clause</Paragraphe></Titre><SiSelectionne><affecteVrai var="T12284"/></SiSelectionne><LienInterne LienPublication="F2044" type="Fiche Question-réponse conditionnée" audience="Particuliers"/></Branche></Problematique><Problematique><Titre><Paragraphe>Bail individuel</Paragraphe></Titre><SiSelectionne><affecteVrai var="T14282"/></SiSelectionne><LienInterne LienPublication="F2044" type="Fiche Question-réponse conditionnée" audience="Particuliers"/></Problematique></Problematiques></Publication>