<?xml version="1.0" encoding="UTF-8"?><Publication xmlns:dc="http://purl.org/dc/elements/1.1/" xmlns:xsi="http://www.w3.org/2001/XMLSchema-instance" ID="F35345" type="Fiche Question-réponse conditionnée" xsi:noNamespaceSchemaLocation="../Schemas/3.4/Publication.xsd" dateDerniereModificationImportante="2020-07-21T00:00:00" spUrl="https://www.service-public.fr/particuliers/vosdroits/F35345"><dc:title>Est-il interdit de faire des appels de phare ?</dc:title><dc:creator>Direction de l'information légale et administrative</dc:creator><dc:subject>Transports - Mobilité</dc:subject><dc:description>L'appel de phare n'est pas interdit.</dc:description><dc:publisher>Direction de l'information légale et administrative</dc:publisher><dc:contributor>Direction de l'information légale et administrative (Premier ministre)</dc:contributor><dc:date>modified 2023-09-07</dc:date><dc:type>Question-réponse</dc:type><dc:format>text/xml</dc:format><dc:identifier>F35345</dc:identifier><dc:source>https://www.legifrance.gouv.fr/codes/section_lc/LEGITEXT000006074228/LEGISCTA000006177132, https://www.legifrance.gouv.fr/codes/section_lc/LEGITEXT000006070719/LEGISCTA000006181730/#LEGISCTA000006181730, https://www.legifrance.gouv.fr/codes/id/LEGISCTA000047381310</dc:source><dc:language>Fr</dc:language><dc:relation>isPartOf N18918</dc:relation><dc:coverage>France entière</dc:coverage><dc:rights>https://www.service-public.fr/a-propos/mentions-legales</dc:rights><SurTitre>Question-réponse</SurTitre><Audience>Particuliers</Audience><Canal>www.service-public.fr</Canal><FilDAriane><Niveau ID="Particuliers">Accueil particuliers</Niveau><Niveau ID="N19812">Transports - Mobilité</Niveau><Niveau ID="N18918">Infractions routières</Niveau><Niveau ID="F35345" type="Fiche Question-réponse conditionnée">Est-il interdit de faire des appels de phare ?</Niveau></FilDAriane><Theme ID="N19812"><Titre>Transports - Mobilité</Titre></Theme><DossierPere ID="N18918"><Titre>Infractions routières</Titre><SousDossier ID="N18918-1"><Titre>Règles de sécurité routière</Titre><Fiche ID="F19460">Vitesse</Fiche><Fiche ID="F2886">Stupéfiants</Fiche><Fiche ID="F2881">Alcoolémie</Fiche></SousDossier><SousDossier ID="N18918-2"><Titre>Équipements obligatoires</Titre><Fiche ID="F19459">Voiture</Fiche><Fiche ID="F34168">Moto, scooter, 3 roues à moteur...</Fiche><Fiche ID="F34169">Vélo</Fiche></SousDossier><SousDossier ID="N18918-3"><Titre>Stationnement</Titre><Fiche ID="F34212">Stationnement gênant, dangereux, abusif</Fiche><Fiche ID="F34440">Stationnement non payé (forfait post-stationnement)</Fiche></SousDossier><SousDossier ID="N18918-4"><Titre>Sanctions concernant le conducteur</Titre><Fiche ID="F18509">Amende en cas de contravention</Fiche><Fiche ID="F31551">Barème des points retirés par infraction</Fiche><Fiche ID="F1685">Récupération des points</Fiche><Fiche ID="F14208">Stage de récupération des points</Fiche><Fiche ID="F1040">Rétention du permis</Fiche><Fiche ID="F1704">Invalidation (solde à zéro)</Fiche><Fiche ID="F14836">Suspension administrative</Fiche><Fiche ID="F21761">Suspension judiciaire</Fiche><Fiche ID="F21774">Annulation judiciaire</Fiche></SousDossier><SousDossier ID="N18918-5"><Titre>Sanctions concernant le véhicule</Titre><Fiche ID="F12914">Immobilisation d'un véhicule</Fiche><Fiche ID="F21887">Confiscation du véhicule</Fiche><Fiche ID="F12918">Mise en fourrière d'un véhicule</Fiche></SousDossier></DossierPere><Texte><Paragraphe><MiseEnEvidence>L'appel de phare</MiseEnEvidence> consiste à allumer <MiseEnEvidence>par intermittence</MiseEnEvidence> les <MiseEnEvidence>feux de croisement</MiseEnEvidence> ou les <MiseEnEvidence>feux de route</MiseEnEvidence>.</Paragraphe><Paragraphe>L'appel de phare n'est pas interdit.</Paragraphe><Paragraphe><MiseEnEvidence>De nuit</MiseEnEvidence>, vous devez faire un <MiseEnEvidence>appel de phare</MiseEnEvidence> pour <MiseEnEvidence>avertir</MiseEnEvidence> les <MiseEnEvidence>autres usagers de la route</MiseEnEvidence> d'un <MiseEnEvidence>danger immédiat</MiseEnEvidence>.</Paragraphe><Paragraphe>En effet, le klaxon (avertisseur sonore) peut uniquement être utilisé <MiseEnEvidence>en cas d'absolue nécessité</MiseEnEvidence>.</Paragraphe></Texte><VoirAussi important="non"><Dossier ID="N18918" audience="Particuliers"><Titre>Infractions routières</Titre><Theme ID="N19812"><Titre>Transports - Mobilité</Titre></Theme></Dossier><Dossier ID="N530" audience="Particuliers"><Titre>Permis de conduire</Titre><Theme ID="N19812"><Titre>Transports - Mobilité</Titre></Theme></Dossier><Fiche ID="F18509" audience="Particuliers"><Titre>Contravention au code de la route : paiement de l'amende</Titre><Theme ID="N19812"><Titre>Transports - Mobilité</Titre></Theme></Fiche></VoirAussi><QuiPeutMAider ID="R11621" sve="non" type="Local personnalisé sur SP"><Titre>Maison de justice et du droit</Titre><PivotLocal>mjd</PivotLocal><RessourceWeb URL="http://www.annuaires.justice.gouv.fr/lieux-dacces-aux-droits-10111/"/><Source ID="R30663">Ministère chargé de la justice</Source></QuiPeutMAider><Reference type="Texte de référence" URL="https://www.legifrance.gouv.fr/codes/section_lc/LEGITEXT000006074228/LEGISCTA000006177132" ID="R56847"><Titre>Code de la route : articles R416-1 à R416-3</Titre><Complement>Emploi du klaxon et des appels de phare</Complement></Reference><Reference type="Texte de référence" URL="https://www.legifrance.gouv.fr/codes/section_lc/LEGITEXT000006070719/LEGISCTA000006181730/#LEGISCTA000006181730" ID="R13015"><Titre>Code pénal : articles 131-12 à 131-18</Titre><Complement>Montants des amendes</Complement></Reference><Reference type="Texte de référence" URL="https://www.legifrance.gouv.fr/codes/id/LEGISCTA000047381310" ID="R32406"><Titre>Code de procédure pénale : article R48-1 à R49-8</Titre><Complement>Amendes forfaitaires</Complement></Reference><ServiceEnLigne ID="R53432" URL="https://www.service-public.fr/simulateur/calcul/Infraction" audience="Particuliers" type="Simulateur"><Titre>Que risque-t-on en cas d'infraction routière ?</Titre><Source ID="R30608">Direction de l'information légale et administrative (Dila) - Premier ministre</Source></ServiceEnLigne><ServiceEnLigne ID="R17121" URL="https://mespoints.permisdeconduire.gouv.fr" audience="Particuliers" type="Téléservice"><Titre>Permis de conduire : consulter ses points et ses relevés</Titre><Source ID="R30603">Ministère chargé de l'intérieur</Source></ServiceEnLigne><PourEnSavoirPlus type="Information pratique" ID="R41622" URL="http://www.securite-routiere.gouv.fr" audience="Particuliers"><Titre>Site de la sécurité routière</Titre><Source ID="R30603">Ministère chargé de l'intérieur</Source></PourEnSavoirPlus><QuestionReponse ID="F35343" audience="Particuliers"><Titre>Est-il interdit de klaxonner en voiture ?</Titre></QuestionReponse><QuestionReponse ID="F2794" audience="Particuliers"><Titre>Quels papiers du véhicule sont obligatoires lors d'un contrôle routier ?</Titre></QuestionReponse><QuestionReponse ID="F35218" audience="Particuliers"><Titre>Permis de conduire à points : comment faire une réclamation ?</Titre></QuestionReponse></Publication>