<?xml version="1.0" encoding="UTF-8"?><Publication xmlns:dc="http://purl.org/dc/elements/1.1/" xmlns:xsi="http://www.w3.org/2001/XMLSchema-instance" ID="F35490" type="Recherche guidée" xsi:noNamespaceSchemaLocation="../Schemas/3.4/Publication.xsd" spUrl="https://www.service-public.fr/particuliers/vosdroits/F35490"><dc:title>Visite médicale Enfant</dc:title><dc:creator>Direction de l'information légale et administrative</dc:creator><dc:subject>Social - Santé</dc:subject><dc:description>Visite médicale Enfant</dc:description><dc:publisher>Direction de l'information légale et administrative</dc:publisher><dc:contributor>Direction de l'information légale et administrative (Premier ministre)</dc:contributor><dc:date>modified 2020-11-09</dc:date><dc:type>Recherche guidée</dc:type><dc:format>text/xml</dc:format><dc:identifier>F35490</dc:identifier><dc:language>Fr</dc:language><dc:relation>isPartOf N31526</dc:relation><dc:coverage>France entière</dc:coverage><dc:rights>https://www.service-public.fr/a-propos/mentions-legales</dc:rights><SurTitre>Recherche guidée</SurTitre><Audience>Particuliers</Audience><Canal>www.service-public.fr</Canal><FilDAriane><Niveau ID="Particuliers">Accueil particuliers</Niveau><Niveau ID="N19811">Social - Santé</Niveau><Niveau ID="N31526">Santé de l'enfant</Niveau><Niveau ID="F35490" type="Recherche guidée">Visite médicale Enfant</Niveau></FilDAriane><Theme ID="N19811"><Titre>Social - Santé</Titre></Theme><SousThemePere ID="N20180">Santé</SousThemePere><DossierPere ID="N31526"><Titre>Santé de l'enfant</Titre><Fiche ID="F810">Carnet de santé</Fiche><Fiche ID="F967">Examens médicaux</Fiche></DossierPere><Problematiques><Problematique><Titre><Paragraphe>Mon enfant a moins de 6 ans</Paragraphe></Titre><SiSelectionne><affecteVrai var="T10072"/></SiSelectionne><LienInterne LienPublication="F967" type="Fiche d'information conditionnée" audience="Particuliers"/></Problematique><Problematique><Titre><Paragraphe>Mon enfant a 6 ans et plus</Paragraphe></Titre><SiSelectionne><affecteVrai var="T11484"/></SiSelectionne><LienInterne LienPublication="F967" type="Fiche d'information conditionnée" audience="Particuliers"/></Problematique></Problematiques></Publication>