<?xml version="1.0" encoding="UTF-8"?><Publication xmlns:dc="http://purl.org/dc/elements/1.1/" xmlns:xsi="http://www.w3.org/2001/XMLSchema-instance" ID="F35586" type="Recherche guidée" xsi:noNamespaceSchemaLocation="../Schemas/3.4/Publication.xsd" spUrl="https://www.service-public.fr/particuliers/vosdroits/F35586"><dc:title>Avocat obligatoire dans un procès civil</dc:title><dc:creator>Direction de l'information légale et administrative</dc:creator><dc:subject>Justice</dc:subject><dc:description>Avocat obligatoire dans un procès civil</dc:description><dc:publisher>Direction de l'information légale et administrative</dc:publisher><dc:contributor>Direction de l'information légale et administrative (Premier ministre)</dc:contributor><dc:date>modified 2022-03-02</dc:date><dc:type>Recherche guidée</dc:type><dc:format>text/xml</dc:format><dc:identifier>F35586</dc:identifier><dc:language>Fr</dc:language><dc:relation>isPartOf N269</dc:relation><dc:coverage>France entière</dc:coverage><dc:rights>https://www.service-public.fr/a-propos/mentions-legales</dc:rights><SurTitre>Recherche guidée</SurTitre><Audience>Particuliers</Audience><Canal>www.service-public.fr</Canal><FilDAriane><Niveau ID="Particuliers">Accueil particuliers</Niveau><Niveau ID="N19807">Justice</Niveau><Niveau ID="N269">Affaire civile</Niveau><Niveau ID="F35586" type="Recherche guidée">Avocat obligatoire dans un procès civil</Niveau></FilDAriane><Theme ID="N19807"><Titre>Justice</Titre></Theme><SousThemePere ID="N271">Procédures judiciaires</SousThemePere><DossierPere ID="N269"><Titre>Affaire civile</Titre><SousDossier ID="N269-1"><Titre>Alternatives à un procès civil</Titre><Fiche ID="F1732">Accord à l'amiable</Fiche><Fiche ID="F1741">Requête conjointe devant un tribunal civil</Fiche></SousDossier><SousDossier ID="N269-2"><Titre>Saisir un tribunal civil</Titre><Fiche ID="F20851">Saisir le tribunal judiciaire</Fiche><Fiche ID="F1783">Saisir le juge des contentieux de la protection</Fiche><Fiche ID="F35125">Saisir le tribunal de proximité</Fiche><Fiche ID="F35820">Saisir le juge de l'exécution</Fiche></SousDossier><SousDossier ID="N269-3"><Titre>Déroulement d'une affaire</Titre><Fiche ID="F1789">Devant le tribunal de proximité</Fiche><Fiche ID="F1791">Devant le tribunal judiciaire</Fiche><Fiche ID="F1792">Devant le tribunal de commerce</Fiche><Fiche ID="F1793">Devant le tribunal paritaire des baux ruraux</Fiche></SousDossier><SousDossier ID="N269-4"><Titre>Mesures prononcées par le tribunal</Titre><Fiche ID="F1787">Injonction de faire</Fiche><Fiche ID="F1746">Recouvrement de dettes en France : injonction de payer et procédure simplifiée</Fiche><Fiche ID="F36027">Recouvrement de dette en Europe : injonction de payer et règlement des petits litiges</Fiche><Fiche ID="F1780">Exécution d'une décision du juge civil </Fiche></SousDossier></DossierPere><Problematiques><Problematique><Titre><Paragraphe>Vous saisissez le juge pour une affaire</Paragraphe></Titre><SiSelectionne><affecteVrai var="T13247"/></SiSelectionne><Branche><Titre><Paragraphe>Votre affaire concerne le droit de la famille</Paragraphe></Titre><SiSelectionne><affecteVrai var="T13070"/></SiSelectionne><LienInterne LienPublication="F35132" type="Fiche Question-réponse conditionnée" audience="Particuliers"/></Branche><Branche><Titre><Paragraphe>Votre affaire concerne une mesure de protection (tutelle, curatelle...)</Paragraphe></Titre><Aide><Paragraphe>Tutelle, curatelle, habilitation familiale, sauvegarde de justice</Paragraphe></Aide><SiSelectionne><affecteVrai var="T13069"/></SiSelectionne><LienInterne LienPublication="F35132" type="Fiche Question-réponse conditionnée" audience="Particuliers"/></Branche><Branche><Titre><Paragraphe>Votre affaire concerne une location (bail d'habitation)</Paragraphe></Titre><SiSelectionne><affecteVrai var="T13069"/></SiSelectionne><LienInterne LienPublication="F35132" type="Fiche Question-réponse conditionnée" audience="Particuliers"/></Branche><Branche><Titre><Paragraphe>Votre affaire concerne le surendettement ou un crédit à la consommation</Paragraphe></Titre><SiSelectionne><affecteVrai var="T13069"/></SiSelectionne><LienInterne LienPublication="F35132" type="Fiche Question-réponse conditionnée" audience="Particuliers"/></Branche><Branche><Titre><Paragraphe>Votre affaire concerne le juge des enfants</Paragraphe></Titre><SiSelectionne><affecteVrai var="T13067"/></SiSelectionne><LienInterne LienPublication="F35132" type="Fiche Question-réponse conditionnée" audience="Particuliers"/></Branche><Branche><Titre><Paragraphe>Votre affaire concerne la sécurité sociale ou l'incapacité</Paragraphe></Titre><SiSelectionne><affecteVrai var="T13068"/></SiSelectionne><LienInterne LienPublication="F35132" type="Fiche Question-réponse conditionnée" audience="Particuliers"/></Branche><Branche><Titre><Paragraphe>Votre affaire concerne un autre litige civil</Paragraphe></Titre><SiSelectionne><affecteVrai var="T11723"/></SiSelectionne><LienInterne LienPublication="F35132" type="Fiche Question-réponse conditionnée" audience="Particuliers"/></Branche></Problematique><Problematique><Titre><Paragraphe>Vous avez une difficulté pour exécuter une décision de justice</Paragraphe></Titre><SiSelectionne><affecteVrai var="T13247"/><affecteVrai var="T13065"/></SiSelectionne><LienInterne LienPublication="F35132" type="Fiche Question-réponse conditionnée" audience="Particuliers"/></Problematique><Problematique><Titre><Paragraphe>Vous voulez faire une opposition, un appel ou un pourvoi en cassation</Paragraphe></Titre><SiSelectionne><affecteVrai var="T13063"/></SiSelectionne><Branche><Titre><Paragraphe>Vous faites appel</Paragraphe></Titre><Aide><Definition ID="R53896"><Titre>Appel</Titre><Texte><Paragraphe>Voie de recours par laquelle une partie à un procès demande un nouveau jugement de l'affaire par une juridiction supérieure</Paragraphe></Texte></Definition></Aide><SiSelectionne><affecteVrai var="T13116"/></SiSelectionne><LienInterne LienPublication="F35132" type="Fiche Question-réponse conditionnée" audience="Particuliers"/></Branche><Branche><Titre><Paragraphe>Vous faites un pourvoi en cassation</Paragraphe></Titre><SiSelectionne><affecteVrai var="T13117"/></SiSelectionne><LienInterne LienPublication="F35132" type="Fiche Question-réponse conditionnée" audience="Particuliers"/></Branche><Branche><Titre><Paragraphe>Vous faites une opposition</Paragraphe></Titre><SiSelectionne><affecteVrai var="T14785"/></SiSelectionne><LienInterne LienPublication="F35132" type="Fiche Question-réponse conditionnée" audience="Particuliers"/></Branche></Problematique></Problematiques></Publication>