<?xml version="1.0" encoding="UTF-8"?><Publication xmlns:dc="http://purl.org/dc/elements/1.1/" xmlns:xsi="http://www.w3.org/2001/XMLSchema-instance" ID="F35675" type="Recherche guidée" xsi:noNamespaceSchemaLocation="../Schemas/3.4/Publication.xsd" spUrl="https://www.service-public.fr/particuliers/vosdroits/F35675"><dc:title>Drone : règles de pilotage à respecter</dc:title><dc:creator>Direction de l'information légale et administrative</dc:creator><dc:subject>Loisirs - Sports - Culture</dc:subject><dc:description>Drone : règles de pilotage à respecter</dc:description><dc:publisher>Direction de l'information légale et administrative</dc:publisher><dc:contributor>Direction de l'information légale et administrative (Premier ministre)</dc:contributor><dc:date>modified 2021-02-15</dc:date><dc:type>Recherche guidée</dc:type><dc:format>text/xml</dc:format><dc:identifier>F35675</dc:identifier><dc:language>Fr</dc:language><dc:relation>isPartOf N184</dc:relation><dc:coverage>France entière</dc:coverage><dc:rights>https://www.service-public.fr/a-propos/mentions-legales</dc:rights><SurTitre>Recherche guidée</SurTitre><Audience>Particuliers</Audience><Canal>www.service-public.fr</Canal><FilDAriane><Niveau ID="Particuliers">Accueil particuliers</Niveau><Niveau ID="N19809">Loisirs - Sports - Culture</Niveau><Niveau ID="N184">Sport</Niveau><Niveau ID="F35675" type="Recherche guidée">Drone : règles de pilotage à respecter</Niveau></FilDAriane><Theme ID="N19809"><Titre>Loisirs - Sports - Culture</Titre></Theme><SousThemePere ID="N150">Temps libre</SousThemePere><DossierPere ID="N184"><Titre>Sport</Titre><SousDossier ID="N184-1"><Titre>Pratique sportive</Titre><Fiche ID="F1029">Licence sportive (licence compétition ou loisir)</Fiche><Fiche ID="F2143">Assurances pour le sport</Fiche></SousDossier><SousDossier ID="N184-2"><Titre>Règles spécifiques de sécurité</Titre><Fiche ID="F308">Rollers, skateboard ou trottinette</Fiche><Fiche ID="F34630">Drone de loisir</Fiche></SousDossier><SousDossier ID="N184-3"><Titre>Rassemblements sportifs</Titre><Fiche ID="F1318">Sécurité dans les stades lors d'un match</Fiche><Fiche ID="F32962">Interdiction de stade</Fiche><Fiche ID="F35116">Interdiction de déplacement des supporters</Fiche></SousDossier></DossierPere><SousDossierPere>Règles spécifiques de sécurité</SousDossierPere><Problematiques><Problematique><Titre><Paragraphe>Drone acheté avant 2021</Paragraphe></Titre><SiSelectionne><affecteVrai var="T13076"/></SiSelectionne><Branche><Titre><Paragraphe>Drone de moins de 250 grammes</Paragraphe></Titre><SiSelectionne><affecteVrai var="T13325"/></SiSelectionne><LienInterne LienPublication="F34630" type="Fiche d'information conditionnée" audience="Particuliers"/></Branche><Branche><Titre><Paragraphe>Entre 250 et 500 grammes</Paragraphe></Titre><SiSelectionne><affecteVrai var="T13327"/></SiSelectionne><LienInterne LienPublication="F34630" type="Fiche d'information conditionnée" audience="Particuliers"/></Branche><Branche><Titre><Paragraphe>Entre 500 grammes et 2 kilogrammes</Paragraphe></Titre><SiSelectionne><affecteVrai var="T13328"/></SiSelectionne><LienInterne LienPublication="F34630" type="Fiche d'information conditionnée" audience="Particuliers"/></Branche><Branche><Titre><Paragraphe>Entre 2 et 25 kilogrammes</Paragraphe></Titre><SiSelectionne><affecteVrai var="T13329"/></SiSelectionne><LienInterne LienPublication="F34630" type="Fiche d'information conditionnée" audience="Particuliers"/></Branche></Problematique><Problematique><Titre><Paragraphe>Drone acheté à partir de 2021</Paragraphe></Titre><SiSelectionne><affecteVrai var="T13077"/></SiSelectionne><Branche><Titre><Paragraphe>Drone marqué CE (C0, C1, C2, C3, C4)</Paragraphe></Titre><SiSelectionne><affecteVrai var="T13331"/></SiSelectionne><Branche><Titre><Paragraphe>Drone de classe C0</Paragraphe></Titre><SiSelectionne><affecteVrai var="T13330"/></SiSelectionne><LienInterne LienPublication="F34630" type="Fiche d'information conditionnée" audience="Particuliers"/></Branche><Branche><Titre><Paragraphe>Drone de classe C1</Paragraphe></Titre><SiSelectionne><affecteVrai var="T13332"/></SiSelectionne><LienInterne LienPublication="F34630" type="Fiche d'information conditionnée" audience="Particuliers"/></Branche><Branche><Titre><Paragraphe>Drone de classe C2</Paragraphe></Titre><SiSelectionne><affecteVrai var="T13333"/></SiSelectionne><LienInterne LienPublication="F34630" type="Fiche d'information conditionnée" audience="Particuliers"/></Branche><Branche><Titre><Paragraphe>Drone de classe C3</Paragraphe></Titre><SiSelectionne><affecteVrai var="T13334"/></SiSelectionne><LienInterne LienPublication="F34630" type="Fiche d'information conditionnée" audience="Particuliers"/></Branche><Branche><Titre><Paragraphe>Drone de classe C4</Paragraphe></Titre><SiSelectionne><affecteVrai var="T13335"/></SiSelectionne><LienInterne LienPublication="F34630" type="Fiche d'information conditionnée" audience="Particuliers"/></Branche></Branche><Branche><Titre><Paragraphe>Ancienne catégorie de drone</Paragraphe></Titre><SiSelectionne><affecteVrai var="T13336"/></SiSelectionne><Branche><Titre><Paragraphe>Drone de moins de 250 grammes</Paragraphe></Titre><SiSelectionne><affecteVrai var="T13325"/></SiSelectionne><LienInterne LienPublication="F34630" type="Fiche d'information conditionnée" audience="Particuliers"/></Branche><Branche><Titre><Paragraphe>Entre 250 et 500 grammes</Paragraphe></Titre><SiSelectionne><affecteVrai var="T13327"/></SiSelectionne><LienInterne LienPublication="F34630" type="Fiche d'information conditionnée" audience="Particuliers"/></Branche><Branche><Titre><Paragraphe>Entre 500 grammes et 2 kilogrammes</Paragraphe></Titre><SiSelectionne><affecteVrai var="T13328"/></SiSelectionne><LienInterne LienPublication="F34630" type="Fiche d'information conditionnée" audience="Particuliers"/></Branche><Branche><Titre><Paragraphe>Entre 2 et 25 kilogrammes</Paragraphe></Titre><SiSelectionne><affecteVrai var="T13329"/></SiSelectionne><LienInterne LienPublication="F34630" type="Fiche d'information conditionnée" audience="Particuliers"/></Branche></Branche></Problematique></Problematiques></Publication>