<?xml version="1.0" encoding="UTF-8"?><Publication xmlns:dc="http://purl.org/dc/elements/1.1/" xmlns:xsi="http://www.w3.org/2001/XMLSchema-instance" ID="F35751" type="Recherche guidée" xsi:noNamespaceSchemaLocation="../Schemas/3.4/Publication.xsd" spUrl="https://www.service-public.fr/particuliers/vosdroits/F35751"><dc:title>IR - Prêt d'argent</dc:title><dc:creator>Direction de l'information légale et administrative</dc:creator><dc:subject>Argent - Impôts - Consommation</dc:subject><dc:description>IR - Prêt d'argent</dc:description><dc:publisher>Direction de l'information légale et administrative</dc:publisher><dc:contributor>Direction de l'information légale et administrative (Premier ministre)</dc:contributor><dc:date>modified 2023-04-25</dc:date><dc:type>Recherche guidée</dc:type><dc:format>text/xml</dc:format><dc:identifier>F35751</dc:identifier><dc:language>Fr</dc:language><dc:relation>isPartOf N247</dc:relation><dc:coverage>France entière</dc:coverage><dc:rights>https://www.service-public.fr/a-propos/mentions-legales</dc:rights><SurTitre>Recherche guidée</SurTitre><Audience>Particuliers</Audience><Canal>www.service-public.fr</Canal><FilDAriane><Niveau ID="Particuliers">Accueil particuliers</Niveau><Niveau ID="N19803">Argent - Impôts - Consommation</Niveau><Niveau ID="N247">Impôt sur le revenu : déclaration et revenus à déclarer</Niveau><Niveau ID="F35751" type="Recherche guidée">IR - Prêt d'argent</Niveau></FilDAriane><Theme ID="N19803"><Titre>Argent - Impôts - Consommation</Titre></Theme><SousThemePere ID="N20073">Impôts, taxes et douane</SousThemePere><DossierPere ID="N247"><Titre>Impôt sur le revenu : déclaration et revenus à déclarer</Titre><SousDossier ID="N247-1"><Titre>Déclaration de revenus : mode d'emploi</Titre><Fiche ID="F369">Première déclaration</Fiche><Fiche ID="F358">Déclaration annuelle</Fiche><Fiche ID="F388">Changement de situation</Fiche></SousDossier><SousDossier ID="N247-2"><Titre>Quotient familial selon les personnes à charge</Titre><Fiche ID="F2633">Enfants mineurs</Fiche><Fiche ID="F3085">Enfants majeurs</Fiche><Fiche ID="F2661">Enfants handicapés</Fiche><Fiche ID="F387">Personnes invalides</Fiche></SousDossier><SousDossier ID="N247-3"><Titre>Quotient familial selon la situation personnelle</Titre><Fiche ID="F2702">Personne seule</Fiche><Fiche ID="F34088">Personne vivant en concubinage</Fiche><Fiche ID="F2705">Couple marié ou pacsé</Fiche><Fiche ID="F35120">Parent isolé avec au moins 1 enfant</Fiche><Fiche ID="F35127">Personne veuve</Fiche></SousDossier><SousDossier ID="N247-4"><Titre>Salaires et éléments du salaire</Titre><Fiche ID="F1225">Revenus d'activité salariée</Fiche><Fiche ID="F1226">Avantages en nature</Fiche><Fiche ID="F1989">Frais professionnels : déduction forfaitaire ou frais réels</Fiche><Fiche ID="F408">Indemnités de fin de contrat</Fiche><Fiche ID="F1228">Sommes perçues par les jeunes</Fiche></SousDossier><SousDossier ID="N247-5"><Titre>Pensions, retraites et rentes imposables</Titre><Fiche ID="F415">Pensions de retraite</Fiche><Fiche ID="F3169">Pensions d'invalidité</Fiche><Fiche ID="F3173">Rentes viagères</Fiche><Fiche ID="F3170">Pension alimentaire perçue par l'époux(se) ou ex-époux(se)</Fiche><Fiche ID="F35777">Pension alimentaire perçue par un enfant</Fiche><Fiche ID="F35778">Pension alimentaire perçue par un parent ou un grand-parent</Fiche></SousDossier><SousDossier ID="N247-6"><Titre>Revenus fonciers et mobiliers</Titre><Fiche ID="F2613">Revenus d'épargne et de placements</Fiche><Fiche ID="F21618">Plus-values sur valeurs mobilières</Fiche><Fiche ID="F10864">Plus-values immobilières</Fiche><Fiche ID="F1991">Revenus fonciers de location vide</Fiche><Fiche ID="F32744">Revenus d'une location meublée</Fiche></SousDossier></DossierPere><Problematiques><Problematique><Titre><Paragraphe>Vous avez emprunté de l'argent</Paragraphe></Titre><SiSelectionne><affecteVrai var="T11180"/></SiSelectionne><Branche><Titre><Paragraphe>Vous avez emprunté moins de 5 000 €</Paragraphe></Titre><SiSelectionne><affecteVrai var="T12852"/></SiSelectionne><LienInterne LienPublication="F1059" type="Fiche Question-réponse conditionnée" audience="Particuliers"/></Branche><Branche><Titre><Paragraphe>Vous avez emprunté plus de 5 000 €</Paragraphe></Titre><SiSelectionne><affecteVrai var="T12853"/></SiSelectionne><LienInterne LienPublication="F1059" type="Fiche Question-réponse conditionnée" audience="Particuliers"/></Branche></Problematique><Problematique><Titre><Paragraphe>Vous avez prêté de l'argent</Paragraphe></Titre><SiSelectionne><affecteVrai var="T11181"/></SiSelectionne><Branche><Titre><Paragraphe>Vous avez prêté moins de 5 000 €</Paragraphe></Titre><SiSelectionne><affecteVrai var="T13619"/></SiSelectionne><LienInterne LienPublication="F1059" type="Fiche Question-réponse conditionnée" audience="Particuliers"/></Branche><Branche><Titre><Paragraphe>Vous avez prêté plus de 5 000 €</Paragraphe></Titre><SiSelectionne><affecteVrai var="T13620"/></SiSelectionne><LienInterne LienPublication="F1059" type="Fiche Question-réponse conditionnée" audience="Particuliers"/></Branche></Problematique></Problematiques></Publication>