<?xml version="1.0" encoding="UTF-8"?><Publication xmlns:dc="http://purl.org/dc/elements/1.1/" xmlns:xsi="http://www.w3.org/2001/XMLSchema-instance" ID="F35787" type="Fiche Question-réponse conditionnée" xsi:noNamespaceSchemaLocation="../Schemas/3.4/Publication.xsd" spUrl="https://www.service-public.fr/particuliers/vosdroits/F35787"><dc:title>Les chiens d'aveugle sont-ils admis dans les magasins ?</dc:title><dc:creator>Direction de l'information légale et administrative</dc:creator><dc:subject>Loisirs - Sports - Culture</dc:subject><dc:description>Oui, les chiens qui accompagnent les personnes titulaires de la carte mobilité inclusion mentions invalidité et priorité sont admis dans les magasins.</dc:description><dc:publisher>Direction de l'information légale et administrative</dc:publisher><dc:contributor>Direction de l'information légale et administrative (Premier ministre)</dc:contributor><dc:date>modified 2023-08-10</dc:date><dc:type>Question-réponse</dc:type><dc:format>text/xml</dc:format><dc:identifier>F35787</dc:identifier><dc:source>https://www.legifrance.gouv.fr/loda/article_lc/LEGIARTI000033220273, https://www.legifrance.gouv.fr/codes/article_lc/LEGIARTI000033706310</dc:source><dc:language>Fr</dc:language><dc:relation>isPartOf N18944</dc:relation><dc:coverage>France entière</dc:coverage><dc:rights>https://www.service-public.fr/a-propos/mentions-legales</dc:rights><SurTitre>Question-réponse</SurTitre><Audience>Particuliers</Audience><Canal>www.service-public.fr</Canal><FilDAriane><Niveau ID="Particuliers">Accueil particuliers</Niveau><Niveau ID="N19809">Loisirs - Sports - Culture</Niveau><Niveau ID="N18944">Animal de compagnie</Niveau><Niveau ID="F35787" type="Fiche Question-réponse conditionnée">Les chiens d'aveugle sont-ils admis dans les magasins ?</Niveau></FilDAriane><Theme ID="N19809"><Titre>Loisirs - Sports - Culture</Titre></Theme><SousThemePere ID="N150">Temps libre</SousThemePere><DossierPere ID="N18944"><Titre>Animal de compagnie</Titre><Fiche ID="F34877">Avoir un chien ou un chat : quelles sont les règles ?</Fiche><Fiche ID="F1839">Avoir un chien susceptible d'être dangereux : quelles sont les règles ?</Fiche><Fiche ID="F34922">Avoir un nouvel animal de compagnie (Nac) : quelles sont les règles ?</Fiche><Fiche ID="F34986">Avoir un équidé : quelles sont les règles ?</Fiche><Fiche ID="F33452">Élevage de chiens et de chats</Fiche><Fiche ID="F21374">Voyager à l'étranger avec son animal de compagnie</Fiche><Fiche ID="F35788">Ramener un chien ou un chat de l'étranger : quelles sont les règles ?</Fiche></DossierPere><Texte><Paragraphe><MiseEnEvidence>Oui, </MiseEnEvidence>les chiens guides d'aveugle ou d'assistance qui accompagnent les personnes qui ont la <LienInterne LienPublication="F34049" type="Fiche d'information conditionnée" audience="Particuliers">carte mobilité inclusion</LienInterne> avec les mentions <Expression>invalidité</Expression> et <Expression>priorité</Expression> sont admis dans les magasins.</Paragraphe><Paragraphe>Il en est de même lorsque les chiens sont accompagnés de la personne chargée de leur éducation pendant toute leur période de formation.</Paragraphe><Paragraphe>De manière plus générale, les chiens guides d'aveugle ou d'assistance sont admis dans tous les lieux ouverts au public. Ils sont admis aussi dans les transports et dans les locaux d'activité professionnelle, les lieux de formation et les établissements d'enseignement.</Paragraphe><Paragraphe>La personne handicapée qui demande à bénéficier d'un service ou d'une prestation ne doit pas subir de surfacturation en raison de la présence de son chien guide d'aveugle ou d'assistance. Par exemple, la présence d'un chien guide n'entraîne pas de surcoût pour la personne handicapée qui prend le train.</Paragraphe><Paragraphe>Interdire l'accès des lieux ouverts au public aux chiens guides d'aveugles et d'assistance est puni d'une amende allant de <Valeur>68 €</Valeur> à <Valeur>180 €</Valeur>.</Paragraphe></Texte><Reference type="Texte de référence" URL="https://www.legifrance.gouv.fr/loda/article_lc/LEGIARTI000033220273" ID="R59326"><Titre>Loi n°87-588 du 30 juillet 1987 portant diverses mesures d'ordre social : article 88</Titre></Reference><Reference type="Texte de référence" URL="https://www.legifrance.gouv.fr/codes/article_lc/LEGIARTI000033706310" ID="R59328"><Titre>Code pénal : article R241-23</Titre></Reference><PourEnSavoirPlus type="Information pratique" ID="R59327" URL="https://www.ecologie.gouv.fr/sites/default/files/DMA%20-%20Le%20chien%20guide%20d%27aveugle%20ou%20le%20chien%20d%27assistance.pdf" audience="Particuliers" format="application/pdf" poids="10.5 MB"><Titre>Le chien guide d'aveugle ou le chien d'assistance</Titre><Source ID="R58326">Ministère chargé du handicap</Source></PourEnSavoirPlus></Publication>