<?xml version="1.0" encoding="UTF-8"?><Publication xmlns:dc="http://purl.org/dc/elements/1.1/" xmlns:xsi="http://www.w3.org/2001/XMLSchema-instance" ID="F35808" type="Fiche Question-réponse conditionnée" xsi:noNamespaceSchemaLocation="../Schemas/3.4/Publication.xsd" dateDerniereModificationImportante="2021-09-27T00:00:00" spUrl="https://www.service-public.fr/particuliers/vosdroits/F35808"><dc:title>Que doit faire un étranger en cas de changement d'état civil ?</dc:title><dc:creator>Direction de l'information légale et administrative</dc:creator><dc:subject>Étranger - Europe</dc:subject><dc:description>En cas de mariage, divorce, changement de prénom ou de nom, vous pouvez demander un duplicata de votre carte de séjour.</dc:description><dc:publisher>Direction de l'information légale et administrative</dc:publisher><dc:contributor>Direction de l'information légale et administrative (Premier ministre)</dc:contributor><dc:date>modified 2021-09-27</dc:date><dc:type>Question-réponse</dc:type><dc:format>text/xml</dc:format><dc:identifier>F35808</dc:identifier><dc:source>https://www.legifrance.gouv.fr/codes/section_lc/LEGITEXT000006070158/LEGISCTA000042772036/</dc:source><dc:language>Fr</dc:language><dc:relation>isPartOf N110</dc:relation><dc:coverage>France entière</dc:coverage><dc:rights>https://www.service-public.fr/a-propos/mentions-legales</dc:rights><SurTitre>Question-réponse</SurTitre><Audience>Particuliers</Audience><Canal>www.service-public.fr</Canal><FilDAriane><Niveau ID="Particuliers">Accueil particuliers</Niveau><Niveau ID="N19804">Étranger - Europe</Niveau><Niveau ID="N110">Titres, carte de séjour et documents de circulation pour étranger en France</Niveau><Niveau ID="F35808" type="Fiche Question-réponse conditionnée">Que doit faire un étranger en cas de changement d'état civil ?</Niveau></FilDAriane><Theme ID="N19804"><Titre>Étranger - Europe</Titre></Theme><SousThemePere ID="N20306">Étranger en France</SousThemePere><DossierPere ID="N110"><Titre>Titres, carte de séjour et documents de circulation pour étranger en France</Titre><SousDossier ID="N110-1"><Titre>Carte de séjour</Titre><Fiche ID="F2209">Carte de séjour "vie privée et familiale"</Fiche><Fiche ID="F15898">Carte de séjour "salarié" ou "travailleur temporaire"</Fiche><Fiche ID="F35795">Carte de séjour "entrepreneur/profession libérale"</Fiche><Fiche ID="F35799">Carte de séjour pluriannuelle "générale"</Fiche><Fiche ID="F16922">Carte de séjour "passeport talent"</Fiche><Fiche ID="F35792">Carte de séjour "passeport talent (famille)"</Fiche><Fiche ID="F21516">Carte de séjour "travailleur saisonnier"</Fiche><Fiche ID="F33952">Carte de séjour "salarié détaché ICT"</Fiche><Fiche ID="F302">Carte de séjour "visiteur"</Fiche><Fiche ID="F2710">Carte de séjour "retraité"</Fiche></SousDossier><SousDossier ID="N110-2"><Titre>Carte de résident</Titre><Fiche ID="F2208">Carte de résident</Fiche><Fiche ID="F17359">Carte de résident longue durée - UE</Fiche><Fiche ID="F11201">Carte de résident permanent</Fiche></SousDossier><SousDossier ID="N110-3"><Titre>Autorisations provisoires de séjour</Titre><Fiche ID="F17336">Parent d'enfant malade</Fiche><Fiche ID="F17335">Mission de volontariat en France</Fiche></SousDossier><SousDossier ID="N110-4"><Titre>Certificat de résidence pour Algérien</Titre><Fiche ID="F2215">Certificat d'un an</Fiche><Fiche ID="F2257">Certificat de 10 ans</Fiche><Fiche ID="F3137">Certificat de résidence "retraité" et "conjoint de retraité"</Fiche></SousDossier><SousDossier ID="N110-5"><Titre>Étudiant / Stagiaire étranger</Titre><Fiche ID="F2231">Visa ou carte de séjour "étudiant"</Fiche><Fiche ID="F35796">Carte de séjour "étudiant - programme de mobilité"</Fiche><Fiche ID="F17319">Carte de séjour - Recherche d'emploi/création d'entreprise</Fiche><Fiche ID="F17312">Visa ou carte de séjour "stagiaire"</Fiche><Fiche ID="F35178">Visa ou carte de séjour "stagiaire ICT"</Fiche><Fiche ID="F15813">Carte de séjour "jeune au pair"</Fiche></SousDossier><SousDossier ID="N110-6"><Titre>Document de circulation pour mineur étranger</Titre><Fiche ID="F2718">Document de circulation pour mineur étranger</Fiche><Fiche ID="F297">Titre d'identité républicain pour mineur étranger né en France</Fiche></SousDossier><SousDossier ID="N110-7"><Titre>Carte de séjour pour Européen</Titre><Fiche ID="F16003">Travailleur</Fiche><Fiche ID="F22116">Étudiant</Fiche><Fiche ID="F22117">Retraité ou inactif</Fiche><Fiche ID="F19315">Membre de la famille d'un européen</Fiche><Fiche ID="F847">Perte de la carte de séjour</Fiche><Fiche ID="F22118">Vol de la carte de séjour</Fiche></SousDossier></DossierPere><RechercheGuideePere ID="F35495" audience="Particuliers"><Titre>Demande de titre de séjour</Titre></RechercheGuideePere><Texte><Paragraphe>En cas de changement d'état civil (mariage, divorce, changement de prénom ou nom), vous pouvez demander un duplicata de votre carte de séjour. Vous pouvez ainsi ajouter votre nom d'époux(se) ou le retirer, ou faire modifier vos nom et prénom(s).</Paragraphe><Paragraphe>Cette démarche n'est pas obligatoire.</Paragraphe><TitreFlottant><Paragraphe>Comment faire la démarche ?</Paragraphe></TitreFlottant><Paragraphe>Vous devez faire votre demande de duplicata en ligne.</Paragraphe><ServiceEnLigne ID="R59398" URL="https://administration-etrangers-en-france.interieur.gouv.fr/particuliers/#/" audience="Particuliers" type="Téléservice"><Titre>Faire une demande sur internet pour un titre de séjour, un changement de situation, un titre de voyage, une demande de naturalisation ANEF</Titre><Source ID="R30603">Ministère chargé de l'intérieur</Source></ServiceEnLigne><Paragraphe>Vous devrez fournir les documents suivants :</Paragraphe><Liste type="puce"><Item><Paragraphe>Titre de séjour</Paragraphe></Item><Item><Paragraphe>Passeport (pages sur l'état civil, les dates de validité et les cachets d'entrée)</Paragraphe></Item><Item><Paragraphe>Acte de naissance (copie intégrale ou extrait avec <LienIntra LienID="R38490" type="Définition de glossaire">filiation</LienIntra>)</Paragraphe></Item><Item><Paragraphe>Si vous vous êtes marié(e) : acte de mariage</Paragraphe></Item><Item><Paragraphe>Si vous avez divorcé : jugement de divorce</Paragraphe></Item><Item><Paragraphe>Si vous avez changé de nom ou prénom(s) : document attestant du changement</Paragraphe></Item><Item><Paragraphe><LienInterne LienPublication="F33052" type="Fiche Question-réponse conditionnée" audience="Particuliers">Justificatif de domicile</LienInterne> datant de moins de 3 mois</Paragraphe></Item><Item><Paragraphe>3 <LienInterne LienPublication="F10619" type="Fiche Question-réponse conditionnée" audience="Particuliers">photos</LienInterne></Paragraphe></Item><Item><Paragraphe>Justificatif de paiement de la taxe et/ou du droit de timbre (demandé lors de la remise de la carte)</Paragraphe></Item></Liste><TitreFlottant><Paragraphe>La démarche est-elle payante ?</Paragraphe></TitreFlottant><Liste type="puce"><Item><Paragraphe>Si vous êtes un ressortissant de l'UE, de l'EEE ou de la Confédération suisse ou membre de sa famille, la carte est gratuite.</Paragraphe></Item><Item><Paragraphe>Si vous êtes dans une autre situation, vous devez payer <Valeur>25 €</Valeur> par <LienInterne LienPublication="F33071" type="Fiche Question-réponse conditionnée" audience="Particuliers">timbres fiscaux</LienInterne>.</Paragraphe></Item></Liste></Texte><Reference type="Texte de référence" URL="https://www.legifrance.gouv.fr/codes/section_lc/LEGITEXT000006070158/LEGISCTA000042772036/" ID="R59083"><Titre>Code de l'entrée et du séjour des étrangers et du droit d'asile : articles L436-1 à L436-10</Titre><Complement>Taxes et droit de timbre à payer</Complement></Reference><ServiceEnLigne ID="R59398" URL="https://administration-etrangers-en-france.interieur.gouv.fr/particuliers/#/" audience="Particuliers" type="Téléservice"><Titre>Faire une demande sur internet pour un titre de séjour, un changement de situation, un titre de voyage, une demande de naturalisation ANEF</Titre><Source ID="R30603">Ministère chargé de l'intérieur</Source></ServiceEnLigne><Definition ID="R38490"><Titre>Filiation</Titre><Texte><Paragraphe>Lien juridique entre un enfant et son père et/ou sa mère</Paragraphe></Texte></Definition><QuestionReponse ID="F35807" audience="Particuliers"><Titre>Que doit faire un étranger en cas de changement d'adresse ?</Titre></QuestionReponse></Publication>