<?xml version="1.0" encoding="UTF-8"?><Publication xmlns:dc="http://purl.org/dc/elements/1.1/" xmlns:xsi="http://www.w3.org/2001/XMLSchema-instance" ID="F35950" type="Fiche d'information conditionnée" xsi:noNamespaceSchemaLocation="../Schemas/3.4/Publication.xsd" dateDerniereModificationImportante="2024-01-01T00:00:00" spUrl="https://www.service-public.fr/particuliers/vosdroits/F35950"><dc:title>Taxe 2024 sur la masse en ordre de marche des véhicules de tourisme (malus masse)</dc:title><dc:creator>Direction de l'information légale et administrative</dc:creator><dc:subject>Transports - Mobilité</dc:subject><dc:description>Quels véhicules sont concernés par la taxe sur la masse en ordre de marche (TMOM ou malus masse) en 2024 ? Quel est le montant ? Des réductions sont-elles prévues ? Nous vous indiquons les principales règles à connaître sur le malus masse.</dc:description><dc:publisher>Direction de l'information légale et administrative</dc:publisher><dc:contributor>Direction de l'information légale et administrative (Premier ministre)</dc:contributor><dc:date>modified 2024-01-01</dc:date><dc:type>Fiche pratique</dc:type><dc:format>text/xml</dc:format><dc:identifier>F35950</dc:identifier><dc:source>https://www.legifrance.gouv.fr/codes/section_lc/LEGITEXT000044595989/LEGISCTA000044599089</dc:source><dc:language>Fr</dc:language><dc:relation>isPartOf N18131</dc:relation><dc:coverage>France entière</dc:coverage><dc:rights>https://www.service-public.fr/a-propos/mentions-legales</dc:rights><SurTitre>Fiche pratique</SurTitre><Audience>Particuliers</Audience><Canal>www.service-public.fr</Canal><FilDAriane><Niveau ID="Particuliers">Accueil particuliers</Niveau><Niveau ID="N19812">Transports - Mobilité</Niveau><Niveau ID="N18131">Mesures antipollution</Niveau><Niveau ID="F35950" type="Fiche d'information conditionnée">Taxe 2024 sur la masse en ordre de marche des véhicules de tourisme (malus masse)</Niveau></FilDAriane><Theme ID="N19812"><Titre>Transports - Mobilité</Titre></Theme><DossierPere ID="N18131"><Titre>Mesures antipollution</Titre><SousDossier ID="N18131-1"><Titre>Prime à la conversion voiture, camionnette, 2 ou 3 roues ou quadricycle à moteur</Titre><Fiche ID="F36848">Voiture</Fiche><Fiche ID="F36849">Camionnette</Fiche><Fiche ID="F36850">2 ou 3 roues ou quadricycle à moteur</Fiche></SousDossier><SousDossier ID="N18131-2"><Titre>Prime à la conversion vélo</Titre><Fiche ID="F36827">Vélo</Fiche></SousDossier><SousDossier ID="N18131-3"><Titre>Bonus écologique voiture, camionnette, 2, 3 roues, quadricycle à moteur</Titre><Fiche ID="F36844">Voiture</Fiche><Fiche ID="F36846">Camionnette</Fiche><Fiche ID="F36847">2 ou 3 roues ou quadricycle à moteur</Fiche></SousDossier><SousDossier ID="N18131-4"><Titre>Bonus écologique vélo</Titre><Fiche ID="F36828">Vélo</Fiche></SousDossier><SousDossier ID="N18131-5"><Titre>Prime au rétrofit</Titre><Fiche ID="F36875">Voiture</Fiche><Fiche ID="F36876">Camionnette</Fiche><Fiche ID="F36877">2 ou 3 roues ou quadricycle à moteur</Fiche></SousDossier><SousDossier ID="N18131-6"><Titre>Autres dispositifs contre la pollution de l'air</Titre><Fiche ID="F35947">Malus automobile 2024</Fiche><Fiche ID="F35950">Malus masse 2024</Fiche><Fiche ID="F33371">Vignette Crit'Air</Fiche><Fiche ID="F37557">Aide pour louer une voiture électrique à partir de 2024 (leasing électrique)</Fiche></SousDossier></DossierPere><SousDossierPere>Autres dispositifs contre la pollution de l'air</SousDossierPere><Avertissement ID="R66537" date="2024-01-01"><Titre>Malus CO2/au poids en 2024 : nouvelles règles pour un véhicule de catégorie N1</Titre><Texte><Paragraphe>Le malus CO2 et le malus au poids s'appliquent aux véhicules de tourisme.</Paragraphe><Paragraphe>Certains véhicules de <LienIntra LienID="R32094" type="Définition de glossaire">catégorie N1</LienIntra> sont considérés comme des véhicules de tourisme s'ils peuvent avoir le même usage qu'un véhicule de <LienIntra LienID="R54916" type="Définition de glossaire">catégorie M1</LienIntra> compte tenu de leur carrosserie, équipements et autres caractéristiques techniques.</Paragraphe><Paragraphe>Un décret doit déterminer les véhicules de <LienIntra LienID="R32094" type="Définition de glossaire">catégorie N1</LienIntra> concernés.</Paragraphe><Paragraphe>Par ailleurs, un véhicule de <LienIntra LienID="R32094" type="Définition de glossaire">catégorie N1</LienIntra> affecté exclusivement à l'exploitation des remontées mécaniques et des domaines skiables n'est pas considéré comme un véhicule de tourisme.</Paragraphe><Paragraphe>Un décret doit déterminer les conditions dans lesquelles l’exploitation exclusive est constatée.</Paragraphe><Paragraphe>Les informations présentées dans cette page seront précisées dès publication du décret.</Paragraphe><Paragraphe>Dans l’attente de la publication de ce décret, les règles restent inchangées.</Paragraphe></Texte></Avertissement><Introduction><Texte><Paragraphe>Quels véhicules sont concernés par la <MiseEnEvidence>taxe sur la <LienIntra LienID="R60423" type="Définition de glossaire">masse en ordre de marche</LienIntra></MiseEnEvidence><LienIntra LienID="R60423" type="Définition de glossaire"/> (TMOM ou malus masse) en 2024 ? Quel est le <MiseEnEvidence>montant</MiseEnEvidence> ? Des <MiseEnEvidence>réductions</MiseEnEvidence> sont-elles prévues ? Nous vous indiquons les principales règles à connaître sur le malus masse.</Paragraphe></Texte></Introduction><Texte><Paragraphe>Les règles diffèrent selon que l'achat a lieu en France ou à l'étranger.</Paragraphe></Texte><ListeSituations affichage="onglet"><Situation><Titre>En France</Titre><Texte><Chapitre><Titre><Paragraphe>Quels véhicules sont concernés par le malus masse ?</Paragraphe></Titre><Paragraphe>La taxe sur la masse en ordre de marche (malus masse) s'applique aux véhicules de tourisme.</Paragraphe><Paragraphe>Les véhicules de tourisme sont les véhicules suivants :</Paragraphe><Liste type="puce"><Item><Paragraphe>Véhicule de <LienIntra LienID="R54916" type="Définition de glossaire">catégorie M1</LienIntra>, de genre Voiture Particulière (VP)</Paragraphe></Item><Item><Paragraphe>Véhicule de <LienIntra LienID="R32094" type="Définition de glossaire">catégorie N1</LienIntra>, de genre camionnette (CTTE), carrosserie européenne BE (carrosserie pick-up), comportant 5 places assises ou plus. Toutefois, ce véhicule ne doit pas être affecté exclusivement à l'exploitation des remontées mécaniques et des domaines skiables.</Paragraphe></Item></Liste><Paragraphe>Le malus au poids ne s'applique pas à un véhicule de tourisme dont la carrosserie est de type camionnette.</Paragraphe><Complement><Titre>Connaître la carrosserie d'un véhicule</Titre><Paragraphe>Consultez la rubrique J du certificat d'immatriculation (carte grise) du véhicule.</Paragraphe><Paragraphe>La case J2 indique la carrosserie.</Paragraphe><Paragraphe>Exemples de carrosserie :</Paragraphe><Liste type="puce"><Item><Paragraphe>Pour un véhicule de <LienIntra LienID="R54916" type="Définition de glossaire">catégorie M1</LienIntra> : « Berline » (AA), « Break familiale (AC)</Paragraphe></Item><Item><Paragraphe>Pour un véhicule de <LienIntra LienID="R32094" type="Définition de glossaire">catégorie N1</LienIntra> : « Camion pick-up » (BE), « camionnette » (BB)</Paragraphe></Item></Liste></Complement><Complement><Titre>Savoir si le malus masse peut s'appliquer à un véhicule lors de l'immatriculation résultant de sa transformation</Titre><Paragraphe>Un véhicule non soumis au malus masse lors de la 1<Exposant>re</Exposant> immatriculation est soumis au malus masse lors de <LienInterne LienPublication="F1478" type="Fiche d'information conditionnée" audience="Particuliers">l'immatriculation résultant de modifications techniques</LienInterne> qui lui font perdre le bénéfice de l’exonération.</Paragraphe><Exemple><Titre>Exemple</Titre><Paragraphe>un <LienIntra LienID="R32094" type="Définition de glossaire">utilitaire</LienIntra> (VASP) transformé en <LienIntra LienID="R54916" type="Définition de glossaire">véhicule destiné au transport de voyageurs</LienIntra> (VP) est taxé avec le barème en vigueur à la date de sa 1<Exposant>re</Exposant> immatriculation en VASP.</Paragraphe></Exemple></Complement></Chapitre><Chapitre><Titre><Paragraphe>Quels sont les véhicules exonérés du malus masse ?</Paragraphe></Titre><SousChapitre><Titre><Paragraphe>Handicap</Paragraphe></Titre><Paragraphe>La taxe sur la masse en ordre de marche ne s'applique pas aux véhicules suivants :</Paragraphe><Liste type="puce"><Item><Paragraphe>Véhicule <MiseEnEvidence>accessible en fauteuil roulant</MiseEnEvidence></Paragraphe></Item><Item><Paragraphe>Véhicule acquis par une personne ayant une <LienInterne LienPublication="F34049" type="Fiche d'information conditionnée" audience="Particuliers">carte mobilité inclusion</LienInterne> portant la <MiseEnEvidence>mention <Expression>invalidité</Expression></MiseEnEvidence><Expression/> ou une <MiseEnEvidence>carte d'invalidité militaire</MiseEnEvidence>.</Paragraphe><Paragraphe>L'exonération ne peut concerner qu'un seul véhicule par bénéficiaire.</Paragraphe><Paragraphe>L'exonération s'applique également en cas de formule locative de longue durée.</Paragraphe></Item><Item><Paragraphe>Véhicule acquis par une personne ayant un <MiseEnEvidence>enfant mineur ou à charge</MiseEnEvidence> dans son foyer fiscal qui a une <LienInterne LienPublication="F34049" type="Fiche d'information conditionnée" audience="Particuliers">carte mobilité inclusion (CMI)</LienInterne> portant la <MiseEnEvidence>mention <Expression>invalidité</Expression></MiseEnEvidence><Expression/> ou une <MiseEnEvidence>carte d'invalidité militaire</MiseEnEvidence>.</Paragraphe><Paragraphe>L'exonération ne peut concerner qu'un seul véhicule par bénéficiaire.</Paragraphe><Paragraphe>L'exonération s'applique également en cas de formule locative de longue durée.</Paragraphe></Item></Liste><Paragraphe>Joignez une copie de la carte relative à l'invalidité à votre demande de certificat d'immatriculation (carte grise).</Paragraphe><Paragraphe>Ainsi, le montant de la taxe ne sera pas ajouté aux autres taxes lors du <LienInterne LienPublication="F19211" type="Fiche Question-réponse conditionnée" audience="Particuliers">règlement du certificat d'immatriculation (carte grise</LienInterne>).</Paragraphe></SousChapitre><SousChapitre><Titre><Paragraphe>Véhicule à faibles émissions</Paragraphe></Titre><Paragraphe>La taxe sur la masse en ordre de marche ne s'applique pas aux véhicules suivants :</Paragraphe><Liste type="puce"><Item><Paragraphe>Véhicule <MiseEnEvidence>électrique</MiseEnEvidence> et/ou <MiseEnEvidence>à hydrogène</MiseEnEvidence></Paragraphe></Item><Item><Paragraphe>Véhicule <MiseEnEvidence>hybride électrique rechargeable</MiseEnEvidence> avec une <MiseEnEvidence>autonomie</MiseEnEvidence> en mode tout électrique en ville <MiseEnEvidence>supérieure à 50 km</MiseEnEvidence></Paragraphe></Item></Liste><ASavoir><Titre>À savoir</Titre><Paragraphe>À partir de <MiseEnEvidence>2025</MiseEnEvidence>, la taxe sur la masse en ordre de marche s'appliquera à un <MiseEnEvidence>véhicule hybride électrique rechargeable</MiseEnEvidence> avec une <MiseEnEvidence>autonomie</MiseEnEvidence> en mode tout électrique en ville <MiseEnEvidence>supérieure à 50 km</MiseEnEvidence>. Il bénéficiera toutefois d'un abattement de 200 kg, dans la limite de 15 % de cette même masse.<MiseEnEvidence><MiseEnEvidence/></MiseEnEvidence><MiseEnEvidence/></Paragraphe></ASavoir></SousChapitre></Chapitre><Chapitre><Titre><Paragraphe>Quel est le montant du malus masse ?</Paragraphe></Titre><Paragraphe>Le montant de la taxe sur la masse en ordre de marche est déterminé au moyen du <MiseEnEvidence>barème de l’année de 1<Exposant>re</Exposant> immatriculation</MiseEnEvidence> du véhicule.</Paragraphe><Paragraphe>Ce barème associe un tarif marginal à chaque fraction de la <LienIntra LienID="R60423" type="Définition de glossaire">masse en ordre de marche</LienIntra>.</Paragraphe><Paragraphe>Le montant est égal à la somme des produits de chaque fraction par le tarif marginal associé.</Paragraphe><Tableau><Titre>Taxe sur la masse en ordre de marche - barème en 2024</Titre><Colonne largeur="10" type="normal"/><Colonne largeur="10" type="normal"/><Rangée type="header"><Cellule><Paragraphe>Fraction de la masse en ordre de marche</Paragraphe><Paragraphe>en kg</Paragraphe></Cellule><Cellule><Paragraphe>Tarif marginal</Paragraphe><Paragraphe>en €</Paragraphe></Cellule></Rangée><Rangée type="normal"><Cellule><Paragraphe>Jusqu'à 1 599</Paragraphe></Cellule><Cellule><Paragraphe>0</Paragraphe></Cellule></Rangée><Rangée type="normal"><Cellule><Paragraphe>De 1 600 à 1 799</Paragraphe></Cellule><Cellule><Paragraphe>10</Paragraphe></Cellule></Rangée><Rangée type="normal"><Cellule><Paragraphe>De 1800 à 1 899</Paragraphe></Cellule><Cellule><Paragraphe>15</Paragraphe></Cellule></Rangée><Rangée type="normal"><Cellule><Paragraphe>De 1 900 à 1 999</Paragraphe></Cellule><Cellule><Paragraphe>20</Paragraphe></Cellule></Rangée><Rangée type="normal"><Cellule><Paragraphe>De 2 000 à 2 099</Paragraphe></Cellule><Cellule><Paragraphe>25</Paragraphe></Cellule></Rangée><Rangée type="normal"><Cellule><Paragraphe>À partir de 2 100</Paragraphe></Cellule><Cellule><Paragraphe>30</Paragraphe></Cellule></Rangée></Tableau><Exemple><Titre>Exemple</Titre><Paragraphe>Voiture neuve immatriculée pour la 1<Exposant>re</Exposant> fois en France en janvier 2024, dont la <MiseEnEvidence>masse en ordre de marche</MiseEnEvidence> est de <MiseEnEvidence>1 950 kg</MiseEnEvidence>.</Paragraphe><Liste type="puce"><Item><Paragraphe>Fraction de la masse comprise entre 1 600 kg et 1 799 kg : 200 kg x 10 € = 2 000 €</Paragraphe></Item><Item><Paragraphe>Fraction de la masse comprise entre 1 800 kg et 1 899 kg : 100 kg x 15 € = 1 500 €</Paragraphe></Item><Item><Paragraphe>Fraction de la masse comprise entre 1 900 kg et 1 950 kg : 51 kg x 20 € = 1 020 €</Paragraphe></Item></Liste><Paragraphe>Le montant de la taxe est de 2 000 € + 1 500 € + 1020 € = <MiseEnEvidence>4 520 €</MiseEnEvidence></Paragraphe></Exemple><Paragraphe>Le montant cumulé du malus masse et du malus CO2 est plafonné au montant maximum du malus CO2<Indice/>, soit <MiseEnEvidence>60 000 €</MiseEnEvidence>.</Paragraphe><Paragraphe>Ainsi si le malus CO2 pour votre véhicule est de <Valeur>60 000 €</Valeur>, le malus masse ne s'applique pas.</Paragraphe><Paragraphe>Un <MiseEnEvidence>simulateur</MiseEnEvidence> permet de <MiseEnEvidence>calculer le montant de la taxe.</MiseEnEvidence></Paragraphe><Paragraphe>La masse en ordre de marche du véhicule est indiquée à la <MiseEnEvidence>case G du certificat d'immatriculation (carte grise)</MiseEnEvidence>.</Paragraphe><ServiceEnLigne ID="R60869" URL="https://www.service-public.fr/simulateur/calcul/TaxeAuPoids" audience="Particuliers" type="Simulateur"><Titre>Calculer le montant du malus au poids (taxe sur la masse en ordre de marche)</Titre><Source ID="R30608">Direction de l'information légale et administrative (Dila) - Premier ministre</Source></ServiceEnLigne></Chapitre><Chapitre><Titre><Paragraphe>Peut-on bénéficier d'une réduction ?</Paragraphe></Titre><SousChapitre><Titre><Paragraphe>Véhicule transformé</Paragraphe></Titre><Paragraphe>En cas de <MiseEnEvidence>transformation d’un véhicule de catégorie M1 à usage spécial</MiseEnEvidence> (véhicule utilitaire immatriculé en carrosserie nationale DERIV VP) en véhicule de tourisme, une réduction du malus masse s'applique à condition que l'immatriculation résultant de la transformation du véhicule intervienne <MiseEnEvidence>6 mois ou plus après la 1<Exposant>re</Exposant> immatriculation</MiseEnEvidence>. </Paragraphe><Paragraphe>La réduction est de <MiseEnEvidence>10 % par an</MiseEnEvidence> depuis la 1re immatriculation. </Paragraphe><Paragraphe>Cette 1<Exposant>re</Exposant> immatriculation doit intervenir en 2022, 2023 ou 2024, les véhicules immatriculés avant cette date n’étant pas soumis au malus masse.</Paragraphe></SousChapitre><SousChapitre><Titre><Paragraphe>Véhicule hybride non rechargeable</Paragraphe></Titre><Paragraphe>Une <MiseEnEvidence>réduction</MiseEnEvidence> de <MiseEnEvidence>100 kg</MiseEnEvidence> s'applique à un véhicule <MiseEnEvidence>hybride non rechargeable</MiseEnEvidence>.</Paragraphe><Exemple><Titre>Exemple</Titre><Paragraphe>Véhicule dont la masse en ordre de marche est de 1 650 kg.</Paragraphe><Paragraphe>Application de la réduction de 100 kg de la masse du véhicule : 1 650 - 100 = 1 550 kg</Paragraphe><Paragraphe>En 2024, le malus masse s'applique à partir de 1 600 kg.</Paragraphe><Paragraphe>Par conséquent, le véhicule est exonéré de malus masse.</Paragraphe></Exemple></SousChapitre><SousChapitre><Titre><Paragraphe>Véhicule hybride rechargeable avec une autonomie &lt; à 50 km en mode électrique</Paragraphe></Titre><Paragraphe>Une <MiseEnEvidence>réduction</MiseEnEvidence> de <MiseEnEvidence>100 kg</MiseEnEvidence> s'applique à un véhicule <MiseEnEvidence>hybride rechargeable</MiseEnEvidence> avec une <MiseEnEvidence>autonomie inférieure à 50 km en mode électrique</MiseEnEvidence>.</Paragraphe><Exemple><Titre>Exemple</Titre><Paragraphe>Véhicule dont la masse en ordre de marche est de 1 650 kg.</Paragraphe><Paragraphe>Application de la réduction de 100 kg de la masse du véhicule : 1 650 - 100 = 1 550 kg</Paragraphe><Paragraphe>En 2024, le malus masse s'applique à partir de 1 600 kg.</Paragraphe><Paragraphe>Par conséquent, le véhicule est exonéré de malus masse.</Paragraphe></Exemple></SousChapitre><SousChapitre><Titre><Paragraphe>Famille nombreuse</Paragraphe></Titre><Paragraphe>Les <MiseEnEvidence>foyers ayant la charge d’au moins 3 enfants</MiseEnEvidence> peuvent bénéficier d'une <LienInterne LienPublication="F35951" type="Fiche Question-réponse conditionnée" audience="Particuliers">réduction de la taxe sur la masse en ordre de marche (malus masse</LienInterne>).</Paragraphe></SousChapitre><SousChapitre><Titre><Paragraphe>Véhicule détenu par une personne morale</Paragraphe></Titre><Paragraphe>Une réduction du malus masse s'applique aux véhicules comportant au moins 8 places assises détenus par une personne morale. </Paragraphe><Paragraphe>La réduction est fixée à <Valeur>500</Valeur> kg.</Paragraphe><Paragraphe>Cette réduction n'est pas cumulable avec la <LienInterne LienPublication="F35951" type="Fiche Question-réponse conditionnée" audience="Particuliers">réduction pour famille nombreuse</LienInterne>. Si vous en bénéficiez, la réduction la plus avantageuse des 2 est retenue.</Paragraphe><Exemple><Titre>Exemple</Titre><Paragraphe>Véhicule dont la masse en ordre de marche est de 2 000 kg.</Paragraphe><Paragraphe>Application de la réduction de 500 kg de la masse du véhicule : 2 000 - 500 = 1 500 kg</Paragraphe><Paragraphe>En 2024, le malus masse s'applique à partir de 1 600 kg.</Paragraphe><Paragraphe>Par conséquent, le véhicule est exonéré de malus masse.</Paragraphe></Exemple></SousChapitre></Chapitre><Chapitre><Titre><Paragraphe>Quand faut-il payer le malus masse ?</Paragraphe></Titre><Paragraphe>La taxe s’applique à l'achat du véhicule, lors de sa 1<Exposant>re</Exposant> immatriculation en tant que véhicule de tourisme en France.</Paragraphe><Paragraphe>Dans le cas où le concessionnaire se charge d’immatriculer le véhicule, la taxe <Indice/>est à régler en même temps que la facture d’achat du véhicule.</Paragraphe><Paragraphe>Sinon, vous payez la taxe lorsque vous faites la demande d'immatriculation du véhicule sur le site de l'<LienInterne LienPublication="R50821" type="Sigle">ANTS</LienInterne>.</Paragraphe><Paragraphe>La taxe <Indice/>est due au jour de l’immatriculation du véhicule.</Paragraphe><Paragraphe>C’est la date d’immatriculation du véhicule qui est prise en compte pour déterminer le barème applicable, et non pas la date de commande ou d’achat du véhicule. </Paragraphe></Chapitre><Chapitre><Titre><Paragraphe> Comment calculer le coût du certificat d’immatriculation ?</Paragraphe></Titre><Paragraphe>Vous pouvez utiliser un <MiseEnEvidence>simulateur</MiseEnEvidence> pour calculer le coût de la carte grise qui inclut la taxe fixe et la taxe régionale sur l’immatriculation des véhicules, le malus CO2<Indice> </Indice>et le malus masse.</Paragraphe><ServiceEnLigne ID="R39696" URL="https://www.service-public.fr/simulateur/calcul/cout-certificat-immatriculation" audience="Particuliers" type="Simulateur"><Titre>Calculer le coût du certificat d'immatriculation (ex-carte grise)</Titre><Source ID="R30608">Direction de l'information légale et administrative (Dila) - Premier ministre</Source></ServiceEnLigne></Chapitre></Texte></Situation><Situation><Titre>À l'étranger</Titre><Texte><Chapitre><Titre><Paragraphe>Quels véhicules sont concernés par le malus masse ?</Paragraphe></Titre><Paragraphe>La taxe sur la masse en ordre de marche (malus masse) s'applique aux véhicules de tourisme.</Paragraphe><Paragraphe>Les véhicules de tourisme sont les véhicules suivants :</Paragraphe><Liste type="puce"><Item><Paragraphe>Véhicule de <LienIntra LienID="R54916" type="Définition de glossaire">catégorie M1</LienIntra>, de genre Voiture Particulière (VP)</Paragraphe></Item><Item><Paragraphe>Véhicule de <LienIntra LienID="R32094" type="Définition de glossaire">catégorie N1</LienIntra>, de genre camionnette (CTTE), carrosserie européenne BE (carrosserie pick-up), comportant 5 places assises ou plus. Toutefois, ce véhicule ne doit pas être affecté exclusivement à l'exploitation des remontées mécaniques et des domaines skiables.</Paragraphe></Item></Liste><Paragraphe>Le malus au poids ne s'applique pas à un véhicule de tourisme dont la carrosserie est de type camionnette.</Paragraphe><Complement><Titre>Connaître la carrosserie d'un véhicule</Titre><Paragraphe>Consultez la rubrique J du certificat d'immatriculation (carte grise) du véhicule.</Paragraphe><Paragraphe>La case J2 indique la carrosserie.</Paragraphe><Paragraphe>Exemples de carrosserie :</Paragraphe><Liste type="puce"><Item><Paragraphe>Pour un véhicule de <LienIntra LienID="R54916" type="Définition de glossaire">catégorie M1</LienIntra> : « Berline » (AA), « Break familiale (AC)</Paragraphe></Item><Item><Paragraphe>Pour un véhicule de <LienIntra LienID="R32094" type="Définition de glossaire">catégorie N1</LienIntra> : « Camion pick-up » (BE), « camionnette » (BB)</Paragraphe></Item></Liste></Complement><Paragraphe>La taxe concerne les <MiseEnEvidence>véhicules neufs</MiseEnEvidence> et les <MiseEnEvidence>véhicules d'occasion importés</MiseEnEvidence> qui sont <LienIntra LienID="R57651" type="Définition de glossaire">immatriculés en France pour la 1re fois</LienIntra>.</Paragraphe><Paragraphe>La <MiseEnEvidence>1<Exposant>re</Exposant> immatriculation en France</MiseEnEvidence> doit intervenir à partir de <MiseEnEvidence>2022</MiseEnEvidence>.</Paragraphe><Paragraphe>En cas de <MiseEnEvidence>véhicule d'occasion importé</MiseEnEvidence>, la taxe s'applique lorsque le véhicule a été<MiseEnEvidence> immatriculé pour la 1<Exposant>re</Exposant> fois à l'étranger</MiseEnEvidence> à partir de <MiseEnEvidence>2022</MiseEnEvidence>.</Paragraphe><Complement><Titre>Savoir si le malus masse peut s'appliquer à un véhicule lors de l'immatriculation résultant de sa transformation</Titre><Paragraphe>Un véhicule non soumis au malus masse lors de la 1<Exposant>re</Exposant> immatriculation est soumis au malus au masse lors de <LienInterne LienPublication="F1478" type="Fiche d'information conditionnée" audience="Particuliers">l'immatriculation résultant de modifications techniques</LienInterne> qui lui font perdre le bénéfice de l’exonération.</Paragraphe><Exemple><Titre>Exemple</Titre><Paragraphe>Un <LienIntra LienID="R32094" type="Définition de glossaire">utilitaire</LienIntra> (VASP) transformé en <LienIntra LienID="R54916" type="Définition de glossaire">véhicule destiné au transport de voyageurs</LienIntra> (VP) est taxé avec le barème en vigueur à la date de sa 1<Exposant>re</Exposant> immatriculation en VASP.</Paragraphe></Exemple></Complement></Chapitre><Chapitre><Titre><Paragraphe>Quels sont les véhicules exonérés du malus masse ?</Paragraphe></Titre><SousChapitre><Titre><Paragraphe>Handicap</Paragraphe></Titre><Paragraphe>La taxe sur la masse en ordre de marche (malus masse) ne s'applique pas aux véhicules suivants :</Paragraphe><Liste type="puce"><Item><Paragraphe>Véhicule <MiseEnEvidence>accessible en fauteuil roulant</MiseEnEvidence></Paragraphe></Item><Item><Paragraphe>Véhicule acquis par une personne ayant une <LienInterne LienPublication="F34049" type="Fiche d'information conditionnée" audience="Particuliers">carte mobilité inclusion</LienInterne> portant la <MiseEnEvidence>mention <Expression>invalidité</Expression></MiseEnEvidence><Expression/> ou une <MiseEnEvidence>carte d'invalidité militaire</MiseEnEvidence>.</Paragraphe><Paragraphe>L'exonération ne peut concerner qu'un seul véhicule par bénéficiaire.</Paragraphe><Paragraphe>L'exonération s'applique également en cas de formule locative de longue durée.</Paragraphe></Item><Item><Paragraphe>Véhicule acquis par une personne ayant un <MiseEnEvidence>enfant mineur ou à charge</MiseEnEvidence> dans son foyer fiscal qui a une <LienInterne LienPublication="F34049" type="Fiche d'information conditionnée" audience="Particuliers">carte mobilité inclusion (CMI)</LienInterne> portant la <MiseEnEvidence>mention <Expression>invalidité</Expression></MiseEnEvidence> ou une <MiseEnEvidence>carte d'invalidité militaire.</MiseEnEvidence></Paragraphe><Paragraphe>L'exonération ne peut concerner qu'un seul véhicule par bénéficiaire.</Paragraphe><Paragraphe>L'exonération s'applique également en cas de formule locative de longue durée.</Paragraphe></Item></Liste><Paragraphe>Joignez une copie de la carte relative à l'invalidité à votre demande de certificat d'immatriculation (carte grise).</Paragraphe><Paragraphe>Ainsi, le montant de la taxe ne sera pas ajouté aux autres taxes lors du <LienInterne LienPublication="F19211" type="Fiche Question-réponse conditionnée" audience="Particuliers">règlement du certificat d'immatriculation (carte grise)</LienInterne>.</Paragraphe></SousChapitre><SousChapitre><Titre><Paragraphe>Véhicule à faibles émissions</Paragraphe></Titre><Paragraphe>La taxe sur la masse en ordre de marche ne s'applique pas aux véhicules suivants :</Paragraphe><Liste type="puce"><Item><Paragraphe>Véhicule <MiseEnEvidence>électrique</MiseEnEvidence> et/ou <MiseEnEvidence>à hydrogène</MiseEnEvidence></Paragraphe></Item><Item><Paragraphe>Véhicule <MiseEnEvidence>hybride électrique rechargeable</MiseEnEvidence> avec une <MiseEnEvidence>autonomie</MiseEnEvidence> en mode tout électrique en ville <MiseEnEvidence>supérieure à 50 km</MiseEnEvidence></Paragraphe></Item></Liste><ASavoir><Titre>À savoir</Titre><Paragraphe>À partir de <MiseEnEvidence>2025</MiseEnEvidence>, la taxe sur la masse en ordre de marche s'appliquera à un <MiseEnEvidence>véhicule hybride électrique rechargeable</MiseEnEvidence> avec une <MiseEnEvidence>autonomie</MiseEnEvidence> en mode tout électrique en ville <MiseEnEvidence>supérieure à 50 km</MiseEnEvidence>. Il bénéficiera toutefois d'un abattement de 200 kg, dans la limite de 15 % de cette même masse.<MiseEnEvidence><MiseEnEvidence/></MiseEnEvidence><MiseEnEvidence/></Paragraphe></ASavoir></SousChapitre></Chapitre><Chapitre><Titre><Paragraphe>Quel est le montant du malus masse ?</Paragraphe></Titre><BlocCas affichage="radio"><Cas><Titre>Véhicule immatriculé à l'étranger en 2022</Titre><Paragraphe>Le montant de la taxe sur la masse en ordre de marche est déterminé au moyen du <MiseEnEvidence>barème de l’année de première immatriculation</MiseEnEvidence> du véhicule.</Paragraphe><Paragraphe>Ce barème associe un tarif marginal à chaque fraction de la <LienIntra LienID="R60423" type="Définition de glossaire">masse en ordre de marche</LienIntra>.</Paragraphe><Paragraphe>Le montant est égal à la somme des produits de chaque fraction par le tarif marginal associé.</Paragraphe><Tableau><Titre>Taxe sur la masse en ordre de marche - barème en 2022 et 2023</Titre><Colonne largeur="42" type="normal"/><Colonne largeur="40" type="normal"/><Rangée type="header"><Cellule><Paragraphe>Fraction de la masse en ordre de marche en kg</Paragraphe></Cellule><Cellule><Paragraphe>Tarif marginal en €</Paragraphe></Cellule></Rangée><Rangée type="normal"><Cellule><Paragraphe>Jusqu'à <Valeur>1 799 €</Valeur></Paragraphe></Cellule><Cellule><Paragraphe><Valeur>0 €</Valeur></Paragraphe></Cellule></Rangée><Rangée type="normal"><Cellule><Paragraphe>A partir de <Valeur>1 800 €</Valeur></Paragraphe></Cellule><Cellule><Paragraphe><Valeur>10</Valeur></Paragraphe></Cellule></Rangée></Tableau><Paragraphe>Le montant cumulé du malus masse et du malus CO2 est plafonné au montant maximum du malus CO2<Indice/>, soit <MiseEnEvidence>40 000 €</MiseEnEvidence>.</Paragraphe><Paragraphe>Ainsi si le malus CO2 pour votre véhicule est de <Valeur>40 000 €</Valeur>, le malus masse ne s'applique pas.</Paragraphe><Paragraphe>Un <MiseEnEvidence>simulateur</MiseEnEvidence> permet de <MiseEnEvidence>calculer le montant de la taxe</MiseEnEvidence>.</Paragraphe><Paragraphe>La masse en ordre de marche du véhicule est indiquée à la <MiseEnEvidence>case G du certificat d'immatriculation (carte grise)</MiseEnEvidence>.</Paragraphe><ServiceEnLigne ID="R60869" URL="https://www.service-public.fr/simulateur/calcul/TaxeAuPoids" audience="Particuliers" type="Simulateur"><Titre>Calculer le montant du malus au poids (taxe sur la masse en ordre de marche)</Titre><Source ID="R30608">Direction de l'information légale et administrative (Dila) - Premier ministre</Source></ServiceEnLigne></Cas><Cas><Titre>Véhicule immatriculé à l'étranger en 2023</Titre><Paragraphe>Le montant de la taxe sur la masse en ordre de marche est déterminé au moyen du <MiseEnEvidence>barème de l’année de première immatriculation</MiseEnEvidence> du véhicule.</Paragraphe><Paragraphe>Ce barème associe un tarif marginal à chaque fraction de la <LienIntra LienID="R60423" type="Définition de glossaire">masse en ordre de marche</LienIntra>.</Paragraphe><Paragraphe>Le montant est égal à la somme des produits de chaque fraction par le tarif marginal associé.</Paragraphe><Tableau><Titre>Taxe sur la masse en ordre de marche - barème en 2022 et 2023</Titre><Colonne largeur="42" type="normal"/><Colonne largeur="40" type="normal"/><Rangée type="header"><Cellule><Paragraphe>Fraction de la masse en ordre de marche en kg</Paragraphe></Cellule><Cellule><Paragraphe>Tarif marginal en €</Paragraphe></Cellule></Rangée><Rangée type="normal"><Cellule><Paragraphe>Jusqu'à <Valeur>1 799 €</Valeur></Paragraphe></Cellule><Cellule><Paragraphe><Valeur>0 €</Valeur></Paragraphe></Cellule></Rangée><Rangée type="normal"><Cellule><Paragraphe>A partir de <Valeur>1 800 €</Valeur></Paragraphe></Cellule><Cellule><Paragraphe><Valeur>10</Valeur></Paragraphe></Cellule></Rangée></Tableau><Paragraphe>Le montant cumulé du malus masse et du malus CO2 est plafonné au montant maximum du malus CO2<Indice/>, soit <MiseEnEvidence>50 000 €</MiseEnEvidence>.</Paragraphe><Paragraphe>Ainsi si le malus CO2 pour votre véhicule est de <Valeur>50 000 €</Valeur>, le malus masse ne s'applique pas.</Paragraphe><Paragraphe>Un <MiseEnEvidence>simulateur</MiseEnEvidence> permet de <MiseEnEvidence>calculer le montant de la taxe</MiseEnEvidence>.</Paragraphe><Paragraphe>La masse en ordre de marche du véhicule est indiquée à la <MiseEnEvidence>case G du certificat d'immatriculation (carte grise)</MiseEnEvidence>.</Paragraphe><ServiceEnLigne ID="R60869" URL="https://www.service-public.fr/simulateur/calcul/TaxeAuPoids" audience="Particuliers" type="Simulateur"><Titre>Calculer le montant du malus au poids (taxe sur la masse en ordre de marche)</Titre><Source ID="R30608">Direction de l'information légale et administrative (Dila) - Premier ministre</Source></ServiceEnLigne></Cas><Cas><Titre>Véhicule immatriculé à l'étranger en 2024</Titre><Paragraphe>Le montant de la taxe sur la masse en ordre de marche est déterminé au moyen du <MiseEnEvidence>barème de l’année de 1<Exposant>re</Exposant> immatriculation</MiseEnEvidence> du véhicule.</Paragraphe><Paragraphe>Ce barème associe un tarif marginal à chaque fraction de la <LienIntra LienID="R60423" type="Définition de glossaire">masse en ordre de marche</LienIntra>.</Paragraphe><Paragraphe>Le montant est égal à la somme des produits de chaque fraction par le tarif marginal associé.</Paragraphe><Tableau><Titre>Taxe sur la masse en ordre de marche - barème en 2024</Titre><Colonne largeur="10" type="normal"/><Colonne largeur="10" type="normal"/><Rangée type="header"><Cellule><Paragraphe>Fraction de la masse en ordre de marche</Paragraphe><Paragraphe>en kg</Paragraphe></Cellule><Cellule><Paragraphe>Tarif marginal</Paragraphe><Paragraphe>en €</Paragraphe></Cellule></Rangée><Rangée type="normal"><Cellule><Paragraphe>Jusqu'à 1 599</Paragraphe></Cellule><Cellule><Paragraphe>0</Paragraphe></Cellule></Rangée><Rangée type="normal"><Cellule><Paragraphe>De 1 600 à 1 799</Paragraphe></Cellule><Cellule><Paragraphe>10</Paragraphe></Cellule></Rangée><Rangée type="normal"><Cellule><Paragraphe>De 1800 à 1 899</Paragraphe></Cellule><Cellule><Paragraphe>15</Paragraphe></Cellule></Rangée><Rangée type="normal"><Cellule><Paragraphe>De 1 900 à 1 999</Paragraphe></Cellule><Cellule><Paragraphe>20</Paragraphe></Cellule></Rangée><Rangée type="normal"><Cellule><Paragraphe>De 2 000 à 2 099</Paragraphe></Cellule><Cellule><Paragraphe>25</Paragraphe></Cellule></Rangée><Rangée type="normal"><Cellule><Paragraphe>À partir de 2 100</Paragraphe></Cellule><Cellule><Paragraphe>30</Paragraphe></Cellule></Rangée></Tableau><Exemple><Titre>Exemple</Titre><Paragraphe>Voiture neuve immatriculée pour la 1<Exposant>re</Exposant> fois en France en janvier 2024, dont la <MiseEnEvidence>masse en ordre de marche</MiseEnEvidence> est de <MiseEnEvidence>1 950 kg</MiseEnEvidence>.</Paragraphe><Liste type="puce"><Item><Paragraphe>Fraction de la masse comprise entre 1 600 kg et 1 799 kg : 200 kg x 10 € = 2 000 €</Paragraphe></Item><Item><Paragraphe>Fraction de la masse comprise entre 1 800 kg et 1 899 kg : 100 kg x 15 € = 1 500 €</Paragraphe></Item><Item><Paragraphe>Fraction de la masse comprise entre 1 900 kg et 1 950 kg : 51 kg x 20 € = 1 020 €</Paragraphe></Item></Liste><Paragraphe>Le montant de la taxe est de 2 000 € + 1 500 € + 1020 € = <MiseEnEvidence>4 520 €</MiseEnEvidence></Paragraphe></Exemple><Paragraphe>Le montant cumulé du malus masse et du malus CO2 est plafonné au montant maximum du malus CO2<Indice/>, soit <MiseEnEvidence>60 000 €</MiseEnEvidence>.</Paragraphe><Paragraphe>Ainsi si le malus CO2 pour votre véhicule est de <Valeur>60 000 €</Valeur>, le malus masse ne s'applique pas.</Paragraphe><Paragraphe>Un <MiseEnEvidence>simulateur</MiseEnEvidence> permet de <MiseEnEvidence>calculer le montant de la taxe</MiseEnEvidence>.</Paragraphe><Paragraphe>La masse en ordre de marche du véhicule est indiquée à la <MiseEnEvidence>case G du certificat d'immatriculation (carte grise)</MiseEnEvidence>.</Paragraphe><ServiceEnLigne ID="R60869" URL="https://www.service-public.fr/simulateur/calcul/TaxeAuPoids" audience="Particuliers" type="Simulateur"><Titre>Calculer le montant du malus au poids (taxe sur la masse en ordre de marche)</Titre><Source ID="R30608">Direction de l'information légale et administrative (Dila) - Premier ministre</Source></ServiceEnLigne></Cas></BlocCas></Chapitre><Chapitre><Titre><Paragraphe>Peut-on bénéficier d'une réduction ?</Paragraphe></Titre><SousChapitre><Titre><Paragraphe>Délai entre l'immatriculation à l'étranger et en France</Paragraphe></Titre><Paragraphe><MiseEnEvidence>En cas d’acquisition d’un véhicule non encore immatriculé en France,</MiseEnEvidence> une réduction du malus masse s'applique si la 1<Exposant>re</Exposant> immatriculation en France intervient 6 mois ou plus après l'immatriculation à l'étranger.</Paragraphe><Paragraphe>La réduction est de <MiseEnEvidence>10 % par an</MiseEnEvidence> depuis la 1re immatriculation. </Paragraphe><Paragraphe>Cette 1<Exposant>re</Exposant><Exposant> </Exposant>immatriculation doit intervenir en 2022, 2023 ou 2024, les véhicules immatriculés avant cette date n’étant pas soumis au malus masse. </Paragraphe></SousChapitre><SousChapitre><Titre><Paragraphe>Véhicule hybride non rechargeable</Paragraphe></Titre><Paragraphe>Une <MiseEnEvidence>réduction</MiseEnEvidence> de <MiseEnEvidence>100 kilogramme</MiseEnEvidence>s s'applique à un véhicule <MiseEnEvidence>hybride non rechargeable</MiseEnEvidence>.</Paragraphe><Exemple><Titre>Exemple</Titre><Paragraphe>Véhicule dont la masse en ordre de marche est de 1 650 kg.</Paragraphe><Paragraphe>Application de la réduction de 100 kg de la masse du véhicule : 1 650 - 100 = 1 550 kg</Paragraphe><Paragraphe>En 2024, le malus masse s'applique à partir de 1 600 kg.</Paragraphe><Paragraphe>Par conséquent, le véhicule est exonéré de malus masse.</Paragraphe></Exemple></SousChapitre><SousChapitre><Titre><Paragraphe>Véhicule hybride rechargeable avec une autonomie &lt; à 50 km en mode électrique</Paragraphe></Titre><Paragraphe>Une <MiseEnEvidence>réduction</MiseEnEvidence> de <MiseEnEvidence>100 kg</MiseEnEvidence> s'applique à un véhicule <MiseEnEvidence>hybride rechargeable</MiseEnEvidence> avec une <MiseEnEvidence>autonomie inférieure à 50 km en mode électrique</MiseEnEvidence>.</Paragraphe><Exemple><Titre>Exemple</Titre><Paragraphe>Véhicule dont la masse en ordre de marche est de 1 650 kg.</Paragraphe><Paragraphe>Application de la réduction de 100 kg de la masse du véhicule : 1 650 - 100 = 1 550 kg</Paragraphe><Paragraphe>En 2024, le malus masse s'applique à partir de 1 600 kg.</Paragraphe><Paragraphe>Par conséquent, le véhicule est exonéré de malus masse.</Paragraphe></Exemple></SousChapitre><SousChapitre><Titre><Paragraphe>Famille nombreuse</Paragraphe></Titre><Paragraphe>Les <MiseEnEvidence>foyers ayant la charge d’au moins 3 enfants</MiseEnEvidence> peuvent bénéficier d'une <LienInterne LienPublication="F35951" type="Fiche Question-réponse conditionnée" audience="Particuliers">réduction de la taxe sur la masse en ordre de marche (malus masse</LienInterne>).</Paragraphe><ASavoir><Titre>À savoir</Titre><Paragraphe>une <LienIntra LienID="R40703" type="Définition de glossaire">personne morale</LienIntra> peut bénéficier d'une réduction de <Valeur>500</Valeur> kg lorsque le véhicule comporte 8 places assises ou plus.</Paragraphe></ASavoir></SousChapitre><SousChapitre><Titre><Paragraphe>Véhicule détenu par une personne morale</Paragraphe></Titre><Paragraphe>Une réduction du malus masse s’applique aux véhicules comportant au moins 8 places assises détenus par une personne morale. </Paragraphe><Paragraphe>La réduction est fixée à <Valeur>500</Valeur> kg.</Paragraphe><Paragraphe>Cette réduction n'est pas cumulable avec la <LienInterne LienPublication="F35951" type="Fiche Question-réponse conditionnée" audience="Particuliers">réduction pour famille nombreuse</LienInterne>. Si vous en bénéficiez, la réduction la plus avantageuse des 2 est retenue.</Paragraphe><Exemple><Titre>Exemple</Titre><Paragraphe>Véhicule dont la masse en ordre de marche est de 2 000 kg.</Paragraphe><Paragraphe>Application de la réduction de 500 kg de la masse du véhicule : 2 000 - 500 = 1 500 kg</Paragraphe><Paragraphe>En 2024, le malus masse s'applique à partir de 1 600 kg.</Paragraphe><Paragraphe>Par conséquent, le véhicule est exonéré de malus masse.</Paragraphe></Exemple></SousChapitre></Chapitre><Chapitre><Titre><Paragraphe>Quand faut-il payer le malus masse ?</Paragraphe></Titre><Paragraphe>La taxe s’applique à l'achat du véhicule, lors de sa 1<Exposant>re</Exposant> immatriculation en tant que véhicule de tourisme en France.</Paragraphe><Paragraphe>Dans le cas où le concessionnaire se charge d’immatriculer le véhicule, la taxe <Indice/>est à régler en même temps que la facture d’achat du véhicule.</Paragraphe><Paragraphe>Sinon, vous payez la taxe lorsque vous faites la demande d'immatriculation du véhicule sur le site de l'<LienInterne LienPublication="R50821" type="Sigle">ANTS</LienInterne>.</Paragraphe><Paragraphe>La taxe <Indice/>est due au jour de l’immatriculation du véhicule.</Paragraphe><Paragraphe>C’est la date d’immatriculation du véhicule qui est prise en compte pour déterminer le barème applicable, et non pas la date de commande ou d’achat du véhicule. </Paragraphe></Chapitre><Chapitre><Titre><Paragraphe> Comment calculer le coût du certificat d’immatriculation ?</Paragraphe></Titre><Paragraphe>Vous pouvez utiliser un <MiseEnEvidence>simulateur</MiseEnEvidence> pour calculer le coût de la carte grise qui inclut la taxe fixe et la taxe régionale sur l’immatriculation des véhicules, le malus CO2<Indice> </Indice>et le malus masse.</Paragraphe><ServiceEnLigne ID="R39696" URL="https://www.service-public.fr/simulateur/calcul/cout-certificat-immatriculation" audience="Particuliers" type="Simulateur"><Titre>Calculer le coût du certificat d'immatriculation (ex-carte grise)</Titre><Source ID="R30608">Direction de l'information légale et administrative (Dila) - Premier ministre</Source></ServiceEnLigne></Chapitre></Texte></Situation></ListeSituations><VoirAussi important="non"><Dossier ID="N367" audience="Particuliers"><Titre>Carte grise (certificat d'immatriculation)</Titre><Theme ID="N19812"><Titre>Transports - Mobilité</Titre></Theme></Dossier></VoirAussi><VoirAussi important="oui"><Fiche ID="F35947" audience="Particuliers"><Titre>Taxe 2024 sur les émissions de CO2 des véhicules de tourisme (malus CO2)</Titre><Theme ID="N19812"><Titre>Transports - Mobilité</Titre></Theme></Fiche></VoirAussi><QuiPeutMAider ID="R49205" sve="non" type="Centre de contact"><Titre>34 00 - Informations sur la carte grise ou le permis de conduire</Titre><Texte><Paragraphe>Serveur vocal interactif national apportant des réponses automatisées concernant la carte grise, le permis de conduire, la carte nationale d'identité et le passeport.</Paragraphe><Paragraphe>Si l'usager n'obtient pas la réponse à sa question relative à la carte grise ou au permis de conduire, il sera mis en relation avec un conseiller de l'Agence nationale des titres sécurisés (ANTS).</Paragraphe><Chapitre><Titre><Paragraphe>Par téléphone</Paragraphe></Titre><Paragraphe>Depuis la métropole :</Paragraphe><Paragraphe><MiseEnEvidence>34 00 </MiseEnEvidence>(coût d'un appel local)</Paragraphe><Paragraphe>Depuis l'outre-mer :</Paragraphe><Paragraphe><MiseEnEvidence>09 70 83 07 07</MiseEnEvidence></Paragraphe><Paragraphe>Depuis l'étranger :</Paragraphe><Paragraphe><MiseEnEvidence>+33 9 70 83 07 07</MiseEnEvidence></Paragraphe></Chapitre></Texte></QuiPeutMAider><Reference type="Texte de référence" URL="https://www.legifrance.gouv.fr/codes/section_lc/LEGITEXT000044595989/LEGISCTA000044599089" ID="R61451"><Titre>Code des impositions sur les biens et services : articles L421-71 à L421-81</Titre><Complement>Taxe sur la masse en ordre de marche des véhicules de tourisme</Complement></Reference><ServiceEnLigne ID="R60869" selfPrincipal="true" URL="https://www.service-public.fr/simulateur/calcul/TaxeAuPoids" audience="Particuliers" type="Simulateur"><Titre>Calculer le montant du malus au poids (taxe sur la masse en ordre de marche)</Titre><Source ID="R30608">Direction de l'information légale et administrative (Dila) - Premier ministre</Source></ServiceEnLigne><ServiceEnLigne ID="R39696" selfPrincipal="true" URL="https://www.service-public.fr/simulateur/calcul/cout-certificat-immatriculation" audience="Particuliers" type="Simulateur"><Titre>Calculer le coût du certificat d'immatriculation (ex-carte grise)</Titre><Source ID="R30608">Direction de l'information légale et administrative (Dila) - Premier ministre</Source></ServiceEnLigne><ServiceEnLigne ID="R62140" URL="https://www.impots.gouv.fr/sites/default/files/formulaires/1711-sd/2022/1711-sd_3855.pdf" audience="Particuliers" format="application/pdf" poids="143.2 KB" numerocerfa="16209*01" type="Formulaire"><Titre>Demande de remboursement de la taxe sur la masse en ordre de marche des véhicules de tourisme pour les personnes ayant 3 enfants à charge ou plus - véhicule immatriculé en 2023 ou avant</Titre><Source ID="R30612">Ministère chargé des finances</Source></ServiceEnLigne><ServiceEnLigne ID="R18602" URL="http://carlabelling.ademe.fr/recherche/index?category" audience="Particuliers" type="Simulateur"><Titre>Connaître le taux d'émission de CO2 de sa voiture neuve</Titre><Source ID="R30674">Agence de la transition écologique (Ademe)</Source></ServiceEnLigne><Definition ID="R32094"><Titre>Véhicule de catégorie N1</Titre><Texte><Paragraphe>Véhicule conçu et construit pour le transport de marchandises ayant un poids maximal inférieur ou égal à 3,5 tonnes. Le certificat d'immatriculation indique le genre CTTE. Appelé camionnette ou utilitaire léger.</Paragraphe></Texte><Reference type="Texte de référence" URL="https://www.legifrance.gouv.fr/loda/id/JORFTEXT000020237165" ID="R20050"><Titre>Arrêté du 9 février 2009 relatif aux modalités d'immatriculation des véhicules</Titre></Reference></Definition><Definition ID="R54916"><Titre>Véhicule de catégorie M1</Titre><Texte><Paragraphe>Véhicule conçu pour le transport de personnes et comportant, outre le siège du conducteur, 8 places assises au maximum. Le certificat d'immatriculation indique le genre VP.</Paragraphe></Texte><Reference type="Texte de référence" URL="https://www.legifrance.gouv.fr/loda/id/JORFTEXT000020237165" ID="R20050"><Titre>Arrêté du 9 février 2009 relatif aux modalités d'immatriculation des véhicules</Titre></Reference></Definition><Definition ID="R60423"><Titre>Masse en ordre de marche</Titre><Texte><Paragraphe>Prend en compte les consommables dont le carburant (réservoirs de carburant remplis au moins à 90 % de leur capacité) + le conducteur + les liquides (par exemple, huile) + l'équipement standard selon les spécifications du constructeur + la masse de la carrosserie, de la cabine et de l'attelage + les outillages + la roue de secours. Ce montant est indiqué à la case G de la carte grise du véhicule.</Paragraphe></Texte><Reference type="Texte de référence" URL="https://www.legifrance.gouv.fr/codes/section_lc/LEGITEXT000044595989/LEGISCTA000044599089" ID="R61451"><Titre>Code des impositions sur les biens et services : articles L421-71 à L421-81</Titre></Reference></Definition><Definition ID="R57651"><Titre>1ère immatriculation d'un véhicule</Titre><Texte><Paragraphe>1ère autorisation pour la mise en circulation routière du véhicule. Elle intervient en France lorsqu'elle est délivrée par les autorités françaises, de manière permanente ou dans le cadre d'un transit temporaire.</Paragraphe></Texte></Definition><Definition ID="R40703"><Titre>Personne morale</Titre><Texte><Paragraphe>Groupement de personnes physiques réunies pour accomplir quelque chose en commun (entreprises, sociétés civiles, associations, État, collectivités territoriales, etc.). Ce groupe peut aussi réunir des personnes physiques et des personnes morales. Il peut aussi n'être constitué que d'un seul membre (entreprise unipersonnelle à responsabilité limitée - EURL - par exemple).</Paragraphe></Texte></Definition><Abreviation ID="R50821" type="Sigle"><Titre>ANTS</Titre><Texte><Paragraphe>Agence nationale des titres sécurisés</Paragraphe></Texte></Abreviation><QuestionReponse ID="F35951" audience="Particuliers"><Titre>Malus CO2/masse : comment demander la réduction pour famille nombreuse ?</Titre></QuestionReponse><QuestionReponse ID="F19211" audience="Particuliers"><Titre>Quel est le coût du certificat d'immatriculation (ex-carte grise) ?</Titre></QuestionReponse></Publication>