<?xml version="1.0" encoding="UTF-8"?><Publication xmlns:dc="http://purl.org/dc/elements/1.1/" xmlns:xsi="http://www.w3.org/2001/XMLSchema-instance" ID="F359" type="Fiche Question-réponse conditionnée" xsi:noNamespaceSchemaLocation="../Schemas/3.4/Publication.xsd" dateDerniereModificationImportante="2024-01-01T00:00:00" spUrl="https://www.service-public.fr/particuliers/vosdroits/F359"><dc:title>Quelle est la date limite pour faire sa déclaration de revenus ?</dc:title><dc:creator>Direction de l'information légale et administrative</dc:creator><dc:subject>Argent - Impôts - Consommation</dc:subject><dc:description>Pour 2023, la déclaration de revenus est terminée. Celle des revenus de 2023 débutera en avril 2024. La date limite varie sur formulaire papier ou en ligne.</dc:description><dc:publisher>Direction de l'information légale et administrative</dc:publisher><dc:contributor>Direction de l'information légale et administrative (Premier ministre)</dc:contributor><dc:date>modified 2024-01-01</dc:date><dc:type>Question-réponse</dc:type><dc:format>text/xml</dc:format><dc:identifier>F359</dc:identifier><dc:source>http://bofip.impots.gouv.fr/bofip/2081-PGP</dc:source><dc:language>Fr</dc:language><dc:relation>isPartOf N247</dc:relation><dc:coverage>France entière</dc:coverage><dc:rights>https://www.service-public.fr/a-propos/mentions-legales</dc:rights><SurTitre>Question-réponse</SurTitre><Audience>Particuliers</Audience><Canal>www.service-public.fr</Canal><FilDAriane><Niveau ID="Particuliers">Accueil particuliers</Niveau><Niveau ID="N19803">Argent - Impôts - Consommation</Niveau><Niveau ID="N247">Impôt sur le revenu : déclaration et revenus à déclarer</Niveau><Niveau ID="F359" type="Fiche Question-réponse conditionnée">Quelle est la date limite pour faire sa déclaration de revenus ?</Niveau></FilDAriane><Theme ID="N19803"><Titre>Argent - Impôts - Consommation</Titre></Theme><SousThemePere ID="N20073">Impôts, taxes et douane</SousThemePere><DossierPere ID="N247"><Titre>Impôt sur le revenu : déclaration et revenus à déclarer</Titre><SousDossier ID="N247-1"><Titre>Déclaration de revenus : mode d'emploi</Titre><Fiche ID="F369">Première déclaration</Fiche><Fiche ID="F358">Déclaration annuelle</Fiche><Fiche ID="F388">Changement de situation</Fiche></SousDossier><SousDossier ID="N247-2"><Titre>Quotient familial selon les personnes à charge</Titre><Fiche ID="F2633">Enfants mineurs</Fiche><Fiche ID="F3085">Enfants majeurs</Fiche><Fiche ID="F2661">Enfants handicapés</Fiche><Fiche ID="F387">Personnes invalides</Fiche></SousDossier><SousDossier ID="N247-3"><Titre>Quotient familial selon la situation personnelle</Titre><Fiche ID="F2702">Personne seule</Fiche><Fiche ID="F34088">Personne vivant en concubinage</Fiche><Fiche ID="F2705">Couple marié ou pacsé</Fiche><Fiche ID="F35120">Parent isolé avec au moins 1 enfant</Fiche><Fiche ID="F35127">Personne veuve</Fiche></SousDossier><SousDossier ID="N247-4"><Titre>Salaires et éléments du salaire</Titre><Fiche ID="F1225">Revenus d'activité salariée</Fiche><Fiche ID="F1226">Avantages en nature</Fiche><Fiche ID="F1989">Frais professionnels : déduction forfaitaire ou frais réels</Fiche><Fiche ID="F408">Indemnités de fin de contrat</Fiche><Fiche ID="F1228">Sommes perçues par les jeunes</Fiche></SousDossier><SousDossier ID="N247-5"><Titre>Pensions, retraites et rentes imposables</Titre><Fiche ID="F415">Pensions de retraite</Fiche><Fiche ID="F3169">Pensions d'invalidité</Fiche><Fiche ID="F3173">Rentes viagères</Fiche><Fiche ID="F3170">Pension alimentaire perçue par l'époux(se) ou ex-époux(se)</Fiche><Fiche ID="F35777">Pension alimentaire perçue par un enfant</Fiche><Fiche ID="F35778">Pension alimentaire perçue par un parent ou un grand-parent</Fiche></SousDossier><SousDossier ID="N247-6"><Titre>Revenus fonciers et mobiliers</Titre><Fiche ID="F2613">Revenus d'épargne et de placements</Fiche><Fiche ID="F21618">Plus-values sur valeurs mobilières</Fiche><Fiche ID="F10864">Plus-values immobilières</Fiche><Fiche ID="F1991">Revenus fonciers de location vide</Fiche><Fiche ID="F32744">Revenus d'une location meublée</Fiche></SousDossier></DossierPere><Texte><Paragraphe><MiseEnEvidence>La déclaration des revenus par internet</MiseEnEvidence> est obligatoire si votre résidence principale est équipée d'un accès à internet et que vous êtes en mesure de faire votre déclaration en ligne.</Paragraphe><Paragraphe>Pour l'année 2023, la déclaration de revenus est terminée.</Paragraphe><Paragraphe>La déclaration 2024 des revenus de 2023 débutera en avril 2024.</Paragraphe><Complement><Titre>Si vous devez faire une déclaration papier</Titre><Paragraphe>Pour l'année 2023, la déclaration de revenus est terminée.</Paragraphe><Paragraphe>La déclaration 2024 des revenus de 2023 débutera en avril 2024.</Paragraphe></Complement><OuSAdresser ID="R15019" sve="non" type="Local personnalisable"><Titre>Service en charge des impôts (trésorerie, service des impôts...)</Titre><PivotLocal>centre_impots</PivotLocal><RessourceWeb URL="https://www.impots.gouv.fr/portail/contacts"/><Source ID="R30612">Ministère chargé des finances</Source></OuSAdresser><Paragraphe>Si vous avez laissé passer la date limite, vous pouvez encore remplir votre déclaration de revenus.</Paragraphe><BlocCas affichage="radio"><Cas><Titre>La déclaration en ligne reste disponible</Titre><Paragraphe>Vous pouvez faire votre déclaration de revenus depuis votre espace personnel en ligne :</Paragraphe><ServiceEnLigne ID="R1280" URL="https://cfspart.impots.gouv.fr/LoginMDP" audience="Particuliers" type="Téléservice"><Titre>Déclaration 2023 en ligne des revenus de 2022</Titre><Source ID="R30612">Ministère chargé des finances</Source></ServiceEnLigne></Cas><Cas><Titre>La déclaration en ligne n'est plus disponible</Titre><Paragraphe>Vous pouvez faire votre déclaration de revenus en utilisant un formulaire papier :</Paragraphe><ServiceEnLigne ID="R1281" URL="https://www.impots.gouv.fr/portail/formulaire/2042/declaration-des-revenus" audience="Particuliers" numerocerfa="10330" autrenumero="2042" type="Formulaire"><Titre>Déclaration des revenus (papier)</Titre><Source ID="R30612">Ministère chargé des finances</Source></ServiceEnLigne><OuSAdresser ID="R15019" sve="non" type="Local personnalisable"><Titre>Service en charge des impôts (trésorerie, service des impôts...)</Titre><PivotLocal>centre_impots</PivotLocal><RessourceWeb URL="https://www.impots.gouv.fr/portail/contacts"/><Source ID="R30612">Ministère chargé des finances</Source></OuSAdresser></Cas></BlocCas><ASavoir><Titre>À savoir</Titre><Paragraphe>Si vous déclarez vos revenus en retard, <LienInterne LienPublication="F34175" type="Fiche Question-réponse conditionnée" audience="Particuliers">l'administration fiscale vous applique des pénalités</LienInterne>.</Paragraphe></ASavoir></Texte><VoirAussi important="non"><Dossier ID="N247" audience="Particuliers"><Titre>Impôt sur le revenu : déclaration et revenus à déclarer</Titre><Theme ID="N19803"><Titre>Argent - Impôts - Consommation</Titre></Theme></Dossier><Dossier ID="N219" audience="Particuliers"><Titre>Impôt sur le revenu : calcul et paiement</Titre><Theme ID="N19803"><Titre>Argent - Impôts - Consommation</Titre></Theme></Dossier><Dossier ID="N31080" audience="Particuliers"><Titre>Saisir l'administration fiscale (difficultés de paiement, réclamation...)</Titre><Theme ID="N19803"><Titre>Argent - Impôts - Consommation</Titre></Theme></Dossier></VoirAussi><QuiPeutMAider ID="R20684" sve="non" type="Centre de contact"><Titre>Service d'information des impôts</Titre><Complement>Pour des informations générales</Complement><Source ID="R30612">Ministère chargé des finances</Source><Texte><Paragraphe>Par téléphone :</Paragraphe><Paragraphe><MiseEnEvidence>0809 401 401</MiseEnEvidence></Paragraphe><Paragraphe>Du lundi au vendredi de 8h30 à 19h, hors jours fériés.</Paragraphe><Paragraphe>Service gratuit + prix appel</Paragraphe></Texte></QuiPeutMAider><QuiPeutMAider ID="R15019" sve="non" type="Local personnalisable"><Titre>Service en charge des impôts (trésorerie, service des impôts...)</Titre><Complement>Pour joindre le service local gestionnaire de votre dossier</Complement><PivotLocal>centre_impots</PivotLocal><RessourceWeb URL="https://www.impots.gouv.fr/portail/contacts"/><Source ID="R30612">Ministère chargé des finances</Source></QuiPeutMAider><QuiPeutMAider ID="R55753" sve="non" type="Local personnalisé sur SP"><Titre>France Services / Maison de services au public</Titre><Complement>Pour être aidé dans sa déclaration</Complement><PivotLocal>msap</PivotLocal><RessourceWeb URL="https://lannuaire.service-public.fr/navigation/msap"/></QuiPeutMAider><Reference type="Texte de référence" URL="http://bofip.impots.gouv.fr/bofip/2081-PGP" ID="R31890"><Titre>Bofip-Impôts n°BOI-IR-DECLA relatif aux obligations déclaratives</Titre></Reference><ServiceEnLigne ID="R3120" URL="https://cfspart.impots.gouv.fr/LoginMDP" audience="Particuliers" type="Téléservice"><Titre>Impôts : accéder à votre espace Particulier</Titre><Source ID="R30612">Ministère chargé des finances</Source></ServiceEnLigne><ServiceEnLigne ID="R2740" URL="https://simulateur-ir-ifi.impots.gouv.fr/calcul_impot/2024/" audience="Particuliers" type="Simulateur"><Titre>Simulateur de calcul pour 2024 : impôt sur les revenus de 2023</Titre><Source ID="R30612">Ministère chargé des finances</Source></ServiceEnLigne><ServiceEnLigne ID="R1280" URL="https://cfspart.impots.gouv.fr/LoginMDP" audience="Particuliers" type="Téléservice"><Titre>Déclaration 2023 en ligne des revenus de 2022</Titre><Source ID="R30612">Ministère chargé des finances</Source></ServiceEnLigne><ServiceEnLigne ID="R1281" URL="https://www.impots.gouv.fr/portail/formulaire/2042/declaration-des-revenus" audience="Particuliers" numerocerfa="10330" autrenumero="2042" type="Formulaire"><Titre>Déclaration des revenus (papier)</Titre><Source ID="R30612">Ministère chargé des finances</Source></ServiceEnLigne><ServiceEnLigne ID="R62211" URL="https://www.service-public.fr/simulateur/calcul/DeclarationImpots" audience="Particuliers" type="Simulateur"><Titre>Connaître la date limite pour transmettre votre déclaration de revenus</Titre><Source ID="R30608">Direction de l'information légale et administrative (Dila) - Premier ministre</Source></ServiceEnLigne><PourEnSavoirPlus type="Information pratique" ID="R41461" URL="https://www.impots.gouv.fr/portail/" audience="Particuliers"><Titre>Site des impôts</Titre><Source ID="R30612">Ministère chargé des finances</Source></PourEnSavoirPlus><PourEnSavoirPlus type="Information pratique" ID="R17502" URL="https://www.impots.gouv.fr/www2/fichiers/documentation/brochure/ir_2023/accueil.htm" audience="Particuliers"><Titre>Brochure pratique 2023 - Déclaration des revenus de 2022</Titre><Source ID="R30612">Ministère chargé des finances</Source></PourEnSavoirPlus><PourEnSavoirPlus type="Information pratique" ID="R32028" URL="https://www.impots.gouv.fr/portail/node/11603" audience="Particuliers"><Titre>Impôt sur le revenu : dépliants d'information</Titre><Source ID="R30612">Ministère chargé des finances</Source></PourEnSavoirPlus><PourEnSavoirPlus type="Information pratique" ID="R40152" URL="https://www.impots.gouv.fr/portail/www2/minisite/declaration/je-declare-mes-revenus-en-ligne.html#services" audience="Particuliers"><Titre>Déclarez vos revenus en ligne</Titre><Source ID="R30612">Ministère chargé des finances</Source></PourEnSavoirPlus><PourEnSavoirPlus type="Information pratique" ID="R1698" URL="https://www.impots.gouv.fr/portail/node/4486" audience="Particuliers"><Titre>Déclarer mes revenus</Titre><Source ID="R30612">Ministère chargé des finances</Source></PourEnSavoirPlus><QuestionReponse ID="F34175" audience="Particuliers"><Titre>Quelles sanctions si vous déclarez vos revenus en retard ?</Titre></QuestionReponse></Publication>