<?xml version="1.0" encoding="UTF-8"?><Publication xmlns:dc="http://purl.org/dc/elements/1.1/" xmlns:xsi="http://www.w3.org/2001/XMLSchema-instance" ID="F36109" type="Fiche Question-réponse conditionnée" xsi:noNamespaceSchemaLocation="../Schemas/3.4/Publication.xsd" spUrl="https://www.service-public.fr/particuliers/vosdroits/F36109"><dc:title>Séparation de corps et séparation de fait : quelles différences ?</dc:title><dc:creator>Direction de l'information légale et administrative</dc:creator><dc:subject>Famille - Scolarité</dc:subject><dc:description>La séparation de corps est une procédure prévue par la loi qui concerne uniquement les couples mariés. La séparation de fait n'existe pas dans la loi.</dc:description><dc:publisher>Direction de l'information légale et administrative</dc:publisher><dc:contributor>Direction de l'information légale et administrative (Premier ministre)</dc:contributor><dc:date>modified 2023-05-17</dc:date><dc:type>Question-réponse</dc:type><dc:format>text/xml</dc:format><dc:identifier>F36109</dc:identifier><dc:source>https://www.legifrance.gouv.fr/codes/section_lc/LEGITEXT000006070721/LEGISCTA000006150009/#LEGISCTA000006150009</dc:source><dc:language>Fr</dc:language><dc:relation>isPartOf N159</dc:relation><dc:coverage>France entière</dc:coverage><dc:rights>https://www.service-public.fr/a-propos/mentions-legales</dc:rights><SurTitre>Question-réponse</SurTitre><Audience>Particuliers</Audience><Canal>www.service-public.fr</Canal><FilDAriane><Niveau ID="Particuliers">Accueil particuliers</Niveau><Niveau ID="N19805">Famille - Scolarité</Niveau><Niveau ID="N159">Divorce, séparation de corps</Niveau><Niveau ID="F36109" type="Fiche Question-réponse conditionnée">Séparation de corps et séparation de fait : quelles différences ?</Niveau></FilDAriane><Theme ID="N19805"><Titre>Famille - Scolarité</Titre></Theme><SousThemePere ID="N20092">Couple</SousThemePere><DossierPere ID="N159"><Titre>Divorce, séparation de corps</Titre><SousDossier ID="N159-1"><Titre>Divorce devant un juge (contentieux)</Titre><Fiche ID="F35837">Procédure de divorce (commune aux 3 cas de divorce contentieux)</Fiche><Fiche ID="F10569">Divorce accepté (pour acceptation du principe de la rupture du mariage)</Fiche><Fiche ID="F10577">Divorce pour faute</Fiche><Fiche ID="F10568">Divorce pour altération définitive du lien conjugal</Fiche></SousDossier><SousDossier ID="N159-2"><Titre>Divorce sans juge (amiable)</Titre><Fiche ID="F10567">Divorce par consentement mutuel</Fiche></SousDossier><SousDossier ID="N159-3"><Titre>Effets du divorce</Titre><Fiche ID="F1760">Prestation compensatoire </Fiche><Fiche ID="F36139">Droits et obligations des ex-époux après un divorce</Fiche><Fiche ID="F903">Procédure de partage des biens</Fiche></SousDossier><SousDossier ID="N159-4"><Titre>Séparation de corps et de biens</Titre><Fiche ID="F980">Séparation de corps</Fiche></SousDossier></DossierPere><Texte><Paragraphe>La <LienInterne LienPublication="F980" type="Fiche d'information conditionnée" audience="Particuliers">séparation de corps</LienInterne> est une procédure prévue par la loi et qui concerne uniquement les couples mariés. Elle <MiseEnEvidence>permet aux époux de rester mariés</MiseEnEvidence> tout en étant<MiseEnEvidence> autorisés à ne plus vivre ensemble</MiseEnEvidence>.</Paragraphe><Paragraphe>La <MiseEnEvidence>séparation de fait</MiseEnEvidence> n'existe pas dans la loi. C'est une situation dans laquelle<MiseEnEvidence> les époux choisissent de ne plus vivre ensemble</MiseEnEvidence>. Toutes les obligations liées au mariage sont maintenues. Le devoir de cohabitation existe toujours, mêmes si les époux ont fait le choix de vivre séparément.</Paragraphe><Tableau><Titre>Différences entre une séparation de corps et une séparation de fait</Titre><Colonne largeur="50" type="normal"/><Colonne largeur="33" type="normal"/><Colonne largeur="33" type="normal"/><Rangée type="header"><Cellule/><Cellule><Paragraphe>Séparation de corps</Paragraphe></Cellule><Cellule><Paragraphe>Séparation de fait</Paragraphe></Cellule></Rangée><Rangée type="normal"><Cellule><Paragraphe>A-t-elle une valeur juridique ?</Paragraphe></Cellule><Cellule><Paragraphe>Oui</Paragraphe></Cellule><Cellule><Paragraphe>Non</Paragraphe></Cellule></Rangée><Rangée type="normal"><Cellule><Paragraphe>Faut-il suivre une procédure (par consentement mutuel ou judiciaire) ?</Paragraphe></Cellule><Cellule><Paragraphe>Oui</Paragraphe></Cellule><Cellule><Paragraphe>Non</Paragraphe></Cellule></Rangée><Rangée type="normal"><Cellule><Paragraphe>Faut-il un avocat ?</Paragraphe></Cellule><Cellule><Paragraphe>Oui</Paragraphe></Cellule><Cellule><Paragraphe>Non, car aucune procédure n'est nécessaire</Paragraphe></Cellule></Rangée><Rangée type="normal"><Cellule><Paragraphe>Faut-il engager une procédure pour divorcer ?</Paragraphe></Cellule><Cellule><Paragraphe>Oui</Paragraphe></Cellule><Cellule><Paragraphe>Oui</Paragraphe></Cellule></Rangée><Rangée type="normal"><Cellule><Paragraphe>Devoir de cohabitation</Paragraphe></Cellule><Cellule><Paragraphe>Non</Paragraphe></Cellule><Cellule><Paragraphe>Oui selon la loi, car c'est une obligation du mariage</Paragraphe></Cellule></Rangée><Rangée type="normal"><Cellule><Paragraphe>Séparation des biens</Paragraphe></Cellule><Cellule><Paragraphe>Oui</Paragraphe></Cellule><Cellule><Paragraphe>Non, sauf si les époux ont un <LienInterne LienPublication="F948" type="Fiche d'information conditionnée" audience="Particuliers">contrat de mariage</LienInterne> de séparation de biens</Paragraphe></Cellule></Rangée><Rangée type="normal"><Cellule><Paragraphe><LienIntra LienID="R45627" type="Définition de glossaire">Devoir de secours</LienIntra></Paragraphe></Cellule><Cellule><Paragraphe>Oui</Paragraphe></Cellule><Cellule><Paragraphe>Oui</Paragraphe></Cellule></Rangée><Rangée type="normal"><Cellule><Paragraphe><LienInterne LienPublication="F966" type="Fiche d'information conditionnée" audience="Particuliers">Contribution aux charges du mariage</LienInterne></Paragraphe></Cellule><Cellule><Paragraphe>Non</Paragraphe></Cellule><Cellule><Paragraphe>Oui</Paragraphe></Cellule></Rangée><Rangée type="normal"><Cellule><Paragraphe><LienInterne LienPublication="F991" type="Fiche d'information conditionnée" audience="Particuliers">Pension alimentaire pour un enfant</LienInterne></Paragraphe></Cellule><Cellule><Paragraphe>Possible. Elle peut être fixée dans une convention ou dans un jugement.</Paragraphe></Cellule><Cellule><Paragraphe>Possible. Les époux peuvent saisir le <LienInterne LienPublication="R45626" type="Sigle">Jaf</LienInterne>.</Paragraphe></Cellule></Rangée><Rangée type="normal"><Cellule><Paragraphe><LienInterne LienPublication="F2529" type="Fiche Question-réponse conditionnée" audience="Particuliers">Héritier de l'époux</LienInterne></Paragraphe></Cellule><Cellule><Paragraphe>Oui, sauf indication contraire dans la convention de séparation de corps par consentement mutuel</Paragraphe></Cellule><Cellule><Paragraphe>Oui</Paragraphe></Cellule></Rangée><Rangée type="normal"><Cellule><Paragraphe><LienInterne LienPublication="F868" type="Fiche d'information conditionnée" audience="Particuliers">Usage du nom d'époux</LienInterne></Paragraphe></Cellule><Cellule><Paragraphe>Oui, sauf indication contraire dans la convention de séparation de corps par consentement mutuel</Paragraphe></Cellule><Cellule><Paragraphe>Oui</Paragraphe></Cellule></Rangée><Rangée type="normal"><Cellule><Paragraphe>Possibilité de reprendre la vie commune</Paragraphe></Cellule><Cellule><Paragraphe>Oui</Paragraphe></Cellule><Cellule><Paragraphe>Oui</Paragraphe></Cellule></Rangée><Rangée type="normal"><Cellule><Paragraphe>Déclaration de revenus conjointe</Paragraphe></Cellule><Cellule><Paragraphe>Non</Paragraphe></Cellule><Cellule><Paragraphe>Oui</Paragraphe></Cellule></Rangée></Tableau></Texte><VoirAussi important="non"><Fiche ID="F980" audience="Particuliers"><Titre>Séparation de corps</Titre><Theme ID="N19805"><Titre>Famille - Scolarité</Titre></Theme></Fiche></VoirAussi><Reference type="Texte de référence" URL="https://www.legifrance.gouv.fr/codes/section_lc/LEGITEXT000006070721/LEGISCTA000006150009/#LEGISCTA000006150009" ID="R12184"><Titre>Code civil : articles 299 à 304</Titre><Complement>Conséquences de la séparation de corps</Complement></Reference><Definition ID="R45627"><Titre>Devoir de secours</Titre><Texte><Paragraphe>Obligation entre époux prenant généralement la forme d'une aide financière versée par un époux à l'autre dans le besoin</Paragraphe></Texte></Definition><Abreviation ID="R45626" type="Sigle"><Titre>Jaf</Titre><Texte><Paragraphe>Juge aux affaires familiales</Paragraphe></Texte></Abreviation><CommentFaireSi ID="F33362" audience="Particuliers" pictogramme="icone-separation"><Titre>Je me sépare</Titre></CommentFaireSi></Publication>