<?xml version="1.0" encoding="UTF-8"?><Publication xmlns:dc="http://purl.org/dc/elements/1.1/" xmlns:xsi="http://www.w3.org/2001/XMLSchema-instance" ID="F36437" type="Fiche d'information conditionnée" xsi:noNamespaceSchemaLocation="../Schemas/3.4/Publication.xsd" dateDerniereModificationImportante="2022-08-24T00:00:00" spUrl="https://www.service-public.fr/particuliers/vosdroits/F36437"><dc:title>Montant du loyer à Montpellier</dc:title><dc:creator>Direction de l'information légale et administrative</dc:creator><dc:subject>Logement</dc:subject><dc:description>À Montpellier, le loyer d'un logement dont le bail d'habitation (y compris bail mobilité) signé ou renouvelé après juin 2022 est encadré par des loyers de référence miniré et majoré.</dc:description><dc:publisher>Direction de l'information légale et administrative</dc:publisher><dc:contributor>Direction de l'information légale et administrative (Premier ministre)</dc:contributor><dc:date>modified 2022-08-24</dc:date><dc:type>Fiche pratique</dc:type><dc:format>text/xml</dc:format><dc:identifier>F36437</dc:identifier><dc:source>https://www.legifrance.gouv.fr/jorf/id/JORFTEXT000044015026, https://www.herault.gouv.fr/Actions-de-l-Etat/Amenagement-du-territoire-construction-et-logement/Habitat-et-logement/Les-politiques-de-l-habitat-dans-l-Herault/Encadrement-des-loyers/Encadrement-des-loyers, https://www.legifrance.gouv.fr/loda/id/JORFTEXT000035315236/, https://www.legifrance.gouv.fr/loda/article_lc/LEGIARTI000037642425/, https://www.legifrance.gouv.fr/loda/article_lc/LEGIARTI000037670690/</dc:source><dc:language>Fr</dc:language><dc:relation>isPartOf N337</dc:relation><dc:coverage>France entière</dc:coverage><dc:rights>https://www.service-public.fr/a-propos/mentions-legales</dc:rights><SurTitre>Fiche pratique</SurTitre><Audience>Particuliers</Audience><Canal>www.service-public.fr</Canal><FilDAriane><Niveau ID="Particuliers">Accueil particuliers</Niveau><Niveau ID="N19808">Logement</Niveau><Niveau ID="N337">Location immobilière : loyer</Niveau><Niveau ID="F36437" type="Fiche d'information conditionnée">Montant du loyer à Montpellier</Niveau></FilDAriane><Theme ID="N19808"><Titre>Logement</Titre></Theme><SousThemePere ID="N289">Location immobilière</SousThemePere><DossierPere ID="N337"><Titre>Location immobilière : loyer</Titre><SousDossier ID="N337-1"><Titre>Fixation du loyer d'un logement privé</Titre><Fiche ID="F1310">Montant du loyer (cas général)</Fiche><Fiche ID="F34407">À Paris</Fiche><Fiche ID="F34408">À Lille, Hellemmes et Lomme</Fiche><Fiche ID="F35761">Aubervilliers, La Courneuve, Épinay-sur-Seine, L'Île-Saint-Denis, Pierrefitte-sur-Seine, Saint-Denis, Saint-Ouen, Stains, Villetaneuse</Fiche><Fiche ID="F36218">À Lyon et Villeurbanne</Fiche><Fiche ID="F36219">Bagnolet, Bobigny, Bondy, Le Pré Saint-Gervais, Les Lilas, Montreuil, Noisy-le-Sec, Pantin, Romainville</Fiche><Fiche ID="F36437">Montant du loyer à Montpellier</Fiche><Fiche ID="F36487">Montant du loyer à Bordeaux</Fiche></SousDossier><SousDossier ID="N337-2"><Titre>Paiement et évolution</Titre><Fiche ID="F34396">Paiement</Fiche><Fiche ID="F1311">Révision du loyer en cours de bail</Fiche><Fiche ID="F13723">Indice de référence des loyers (IRL)</Fiche><Fiche ID="F1312">Loyer sous-évalué : hausse au renouvellement du bail</Fiche></SousDossier><SousDossier ID="N337-3"><Titre>Fixation du loyer d'un logement social</Titre><Fiche ID="F1317">Montant du loyer</Fiche><Fiche ID="F21051">Supplément de loyer de solidarité (SLS)</Fiche></SousDossier></DossierPere><SousDossierPere>Fixation du loyer d'un logement privé</SousDossierPere><Introduction><Texte><Paragraphe>À Montpellier, le loyer d'un logement dont le bail d'habitation (y compris bail mobilité) signé ou renouvelé après juin 2022 est encadré par des <Expression>loyers de référence miniré et majoré</Expression>.</Paragraphe></Texte></Introduction><Texte><Paragraphe>Ces montants varient selon le type de la location (vide ou meublée), le nombre de pièces et l'époque de construction du logement :</Paragraphe><ServiceEnLigne ID="R62655" URL="https://eservices.montpellier3m.fr/habitat/encadrement-des-loyers/" audience="Particuliers" type="Outil de recherche"><Titre>Montpellier : estimer les loyers de référence (bail signé depuis juillet 2022)</Titre><Source ID="R62656">Montpellier Méditerranée Métropole</Source></ServiceEnLigne><Paragraphe>Dans certains cas, un <Expression>complément de loyer</Expression> peut être prévu dans le bail. Il a pour effet de porter le loyer du logement au-delà du <Expression>loyer de référence majoré</Expression>.</Paragraphe><ASavoir><Titre>À savoir</Titre><Paragraphe><MiseEnEvidence>Tous les logements ne sont pas concernés par l'encadrement des loyers</MiseEnEvidence>. Les <LienInterne LienPublication="F1219" type="Fiche Question-réponse conditionnée" audience="Particuliers">logements soumis à la loi de 1948</LienInterne> ou <LienInterne LienPublication="F2541" type="Fiche Question-réponse conditionnée" audience="Particuliers">conventionnés par l'Anah (hors conventions à loyer intermédiaire)</LienInterne>, les <LienInterne LienPublication="F1317" type="Fiche d'information conditionnée" audience="Particuliers">logements sociaux (HLM)</LienInterne>, les <LienInterne LienPublication="F2315" type="Fiche Question-réponse conditionnée" audience="Particuliers">meublés de tourisme</LienInterne> et les sous-locations sont soumis à d'autres règles.</Paragraphe></ASavoir><Chapitre ID="T15051"><Titre><Paragraphe>1re mise en location</Paragraphe></Titre><Paragraphe>Le loyer (hors charges) peut se composer de 2 éléments : le <Expression>loyer de base</Expression> et un <Expression>complément de loyer</Expression>.</Paragraphe><SousChapitre><Titre><Paragraphe>Loyer de base</Paragraphe></Titre><Paragraphe><MiseEnEvidence>Montant du loyer de base</MiseEnEvidence></Paragraphe><Paragraphe>Le <Expression>loyer de base</Expression> (montant du loyer hors charges et hors <LienIntra LienID="R41335" type="Définition de glossaire">complément de loyer</LienIntra>) ne doit pas dépasser le <Expression>loyer de référence majoré</Expression> en vigueur à la date de signature du bail.</Paragraphe><Paragraphe>Vous pouvez connaître les loyers de référence majorés à l'aide de ce simulateur :</Paragraphe><ServiceEnLigne ID="R62655" URL="https://eservices.montpellier3m.fr/habitat/encadrement-des-loyers/" audience="Particuliers" type="Outil de recherche"><Titre>Montpellier : estimer les loyers de référence (bail signé depuis juillet 2022)</Titre><Source ID="R62656">Montpellier Méditerranée Métropole</Source></ServiceEnLigne><Paragraphe>Si le <Expression>loyer de base</Expression> dépasse le <Expression>loyer de référence majoré</Expression>, le locataire peut demander une diminution de loyer au propriétaire (<Expression>action en diminution de loyer</Expression>).</Paragraphe><Paragraphe>Le locataire peut adresser cette proposition au propriétaire :</Paragraphe><Liste type="puce"><Item><Paragraphe>Soit par lettre recommandée avec accusé de réception</Paragraphe></Item><Item><Paragraphe>Soit par <LienIntra LienID="R57151" type="Définition de glossaire">acte de commissaire de justice (anciennement acte d'huissier de justice)</LienIntra></Paragraphe></Item><Item><Paragraphe>Soit lui être remise en main propre contre récépissé ou émargement</Paragraphe></Item></Liste><Paragraphe>La proposition doit contenir les éléments suivants :</Paragraphe><Liste type="puce"><Item><Paragraphe>Intégralité de <LienExterne URL="https://www.legifrance.gouv.fr/loda/article_lc/LEGIARTI000037642425/">l'article 140 VI de la loi du 23 novembre 2018</LienExterne></Paragraphe></Item><Item><Paragraphe>Montant du loyer proposé et le <Expression>loyer de référence majoré</Expression> ayant servi à le déterminer</Paragraphe></Item></Liste><Paragraphe><MiseEnEvidence>Informations sur le loyer</MiseEnEvidence></Paragraphe><Paragraphe>Le bail doit indiquer :</Paragraphe><Liste type="puce"><Item><Paragraphe>le loyer de base (montant du loyer hors charges et hors <LienIntra LienID="R41335" type="Définition de glossaire">complément de loyer</LienIntra>),</Paragraphe></Item><Item><Paragraphe>le <Expression>loyer de référence</Expression> et le <Expression>loyer de référence majoré</Expression> en vigueur à la date de signature du bail et qui correspondent à la catégorie du logement (localisation, nombre de pièces...).</Paragraphe></Item></Liste><ASavoir><Titre>À savoir</Titre><Paragraphe>vous pouvez connaître les loyers de référence majorés à l'aide de <LienInterne LienPublication="R62655" type="Outil de recherche" audience="Particuliers">ce simulateur</LienInterne>.</Paragraphe></ASavoir><Paragraphe>Si ce n'est pas le cas, le locataire a 1 mois à partir de la date de prise d'effet du bail pour adresser au propriétaire par courrier recommandé avec accusé de réception une <Expression>mise en demeure</Expression> de le faire.</Paragraphe><Paragraphe>Le propriétaire a 1 mois pour répondre à partir de la date de réception de la proposition du locataire.</Paragraphe><Paragraphe>En l'absence de réponse ou en cas de refus du propriétaire dans ce délai, le locataire peut saisir dans les 2 mois suivants le <LienInterne LienPublication="F31301" type="Fiche Question-réponse conditionnée" audience="Particuliers">juge des contentieux de la protection</LienInterne> du tribunal dont dépend le logement, pour obtenir une diminution du loyer, si nécessaire.</Paragraphe></SousChapitre><SousChapitre><Titre><Paragraphe>Complément de loyer</Paragraphe></Titre><Paragraphe><MiseEnEvidence>Dans quels cas s'applique un complément de loyer ?</MiseEnEvidence></Paragraphe><Paragraphe>Le propriétaire peut appliquer un complément de loyer si les 2 conditions suivantes sont réunies :</Paragraphe><Liste type="puce"><Item><Paragraphe>Le logement a des caractéristiques particulières (localisation, confort)</Paragraphe></Item><Item><Paragraphe>Le loyer de base (hors charges) est égal au <LienIntra LienID="R59445" type="Définition de glossaire">loyer de référence majoré</LienIntra></Paragraphe></Item></Liste><Paragraphe>Si un complément de loyer s'applique, le loyer est égal au total du loyer de base et du complément de loyer.</Paragraphe><Paragraphe>Le montant du complément de loyer et les caractéristiques du logement qui le justifient doivent être indiqués dans le bail.</Paragraphe><Attention><Titre>Attention</Titre><Paragraphe>Pour un bail signé depuis le 18 août 2022, <MiseEnEvidence>le complément de loyer est interdit</MiseEnEvidence> si le logement a au moins 1 de ces caractéristiques suivantes : sanitaires sur le palier, signes d'humidité sur certains murs, <LienInterne LienPublication="R63115" type="Sigle">DPE</LienInterne> de classe F ou G, fenêtres laissant anormalement passer l'air (hors grille de ventilation), vis-à-vis à moins de 10 m, infiltrations ou inondations provenant de l'extérieur, problèmes d'évacuation d'eau au cours des 3 derniers mois, installation électrique dégradée, mauvaise exposition de la pièce principale.</Paragraphe></Attention><Paragraphe><MiseEnEvidence>Comment contester le complément de loyer ?</MiseEnEvidence></Paragraphe><BlocCas affichage="onglet"><Cas><Titre>Bail d'habitation</Titre><Paragraphe>Pour contester le complément de loyer, le locataire doit saisir la <LienInterne LienPublication="F1216" type="Fiche Question-réponse conditionnée" audience="Particuliers">commission départementale de conciliation (CDC)</LienInterne> dans un délai de 3 mois à partir de la date de signature du bail. C'est au propriétaire de prouver que le complément de loyer est justifié.</Paragraphe><Paragraphe>Si la CDC parvient à un accord, le montant du loyer est celui fixé par le document de conciliation délivré par la CDC. Ce nouveau montant s'applique à partir de la date d'entrée en vigueur du bail.</Paragraphe><Paragraphe>Mais si le désaccord persiste, le locataire a 3 mois à partir de la réception de l'avis de la CDC pour saisir le <LienInterne LienPublication="F31301" type="Fiche Question-réponse conditionnée" audience="Particuliers">juge des contentieux de la protection</LienInterne> du tribunal dont dépend le logement. Il peut lui demander d'annuler ou de diminuer le complément de loyer. Le montant du loyer fixé par le juge s'applique à partir de la date d'entrée en vigueur du bail.</Paragraphe></Cas><Cas><Titre>Bail mobilité</Titre><Paragraphe>Pour contester le complément de loyer, le locataire doit saisir le <LienInterne LienPublication="F1736" type="Fiche d'information conditionnée" audience="Particuliers">conciliateur de justice</LienInterne> dans un délai de 3 mois à partir de la date de signature du bail. C'est au propriétaire de prouver que le complément de loyer est justifié.</Paragraphe><Paragraphe>Si le conciliateur parvient à un accord, le montant du loyer est celui fixé par le document de conciliation délivré par le conciliateur. Ce nouveau montant s'applique à partir de la date d'entrée en vigueur du bail.</Paragraphe><Paragraphe>Mais si le désaccord persiste, le locataire a 3 mois à partir de la réception de l'avis du conciliateur pour saisir le <LienInterne LienPublication="F31301" type="Fiche Question-réponse conditionnée" audience="Particuliers">juge des contentieux de la protection</LienInterne> du tribunal dont dépend le logement. Il peut lui demander d'annuler ou de diminuer le complément de loyer. Le montant du loyer fixé par le juge s'applique à partir de la date d'entrée en vigueur du bail.</Paragraphe></Cas></BlocCas></SousChapitre></Chapitre><Chapitre ID="T15053"><Titre><Paragraphe>Renouvellement de bail</Paragraphe></Titre><Attention><Titre>Attention</Titre><Paragraphe>un bail mobilité ne peut pas être renouvelé.</Paragraphe></Attention><Paragraphe>À l'approche du renouvellement du bail :</Paragraphe><Liste type="puce"><Item><Paragraphe>lorsque le loyer de base (hors charges et hors <LienIntra LienID="R41335" type="Définition de glossaire">complément de loyer</LienIntra>) est inférieur au <Expression>loyer de référence minoré</Expression>, le propriétaire peut engager une <Expression>action en réévaluation de loyer</Expression>,</Paragraphe></Item><Item><Paragraphe>lorsque le loyer de base est supérieur au<Expression> loyer de référence majoré</Expression>, le locataire peut engager une <Expression>action en diminution de loyer</Expression>.</Paragraphe></Item></Liste><Paragraphe>Vous pouvez connaître les loyers de référence majorés à l'aide de ce simulateur :</Paragraphe><ServiceEnLigne ID="R62655" URL="https://eservices.montpellier3m.fr/habitat/encadrement-des-loyers/" audience="Particuliers" type="Outil de recherche"><Titre>Montpellier : estimer les loyers de référence (bail signé depuis juillet 2022)</Titre><Source ID="R62656">Montpellier Méditerranée Métropole</Source></ServiceEnLigne><BlocCas affichage="radio"><Cas><Titre>Action en réévaluation de loyer</Titre><TitreFlottant><Paragraphe>Quelles sont les conditions ?</Paragraphe></TitreFlottant><Liste type="puce"><Item><Paragraphe>Le nouveau loyer (hors charges et hors <LienIntra LienID="R41335" type="Définition de glossaire">complément de loyer</LienIntra>) ne doit pas être supérieur au <Expression>loyer de référence minoré</Expression> en vigueur au moment où le propriétaire informe le locataire. Il est possible de connaître les <LienInterne LienPublication="R46641" type="Simulateur" audience="Particuliers">loyers de référence</LienInterne>.</Paragraphe></Item><Item><Paragraphe>Lorsque le renouvellement a lieu à partir du 24 août 2022, le logement doit être classé A, B, C, D ou E (classement indiqué sur le <LienInterne LienPublication="R63115" type="Sigle">DPE</LienInterne>). À partir de cette date, le loyer d'un logement classé F ou G ne peut pas être augmenté.</Paragraphe></Item></Liste><TitreFlottant><Paragraphe>Comment informer le locataire ?</Paragraphe></TitreFlottant><Paragraphe>Le propriétaire doit informer le locataire du nouveau loyer, <MiseEnEvidence>au moins 6 mois avant la fin du bail</MiseEnEvidence>.</Paragraphe><Paragraphe>Le propriétaire doit lui adresser une <LienIntra LienID="R14732" type="Définition de glossaire">notification</LienIntra> :</Paragraphe><Liste type="puce"><Item><Paragraphe>Soit par lettre recommandée avec accusé de réception</Paragraphe></Item><Item><Paragraphe>Soit par <LienIntra LienID="R57151" type="Définition de glossaire">acte de commissaire de justice (anciennement acte d'huissier de justice)</LienIntra></Paragraphe></Item><Item><Paragraphe>Soit par remise en main propre contre récépissé ou émargement</Paragraphe></Item></Liste><Paragraphe>Cette notification doit contenir les éléments suivants :</Paragraphe><Liste type="puce"><Item><Paragraphe>Intégralité de <LienExterne URL="https://www.legifrance.gouv.fr/loda/article_lc/LEGIARTI000037642425/">l'article 140 VI de la loi du 23 novembre 2018</LienExterne></Paragraphe></Item><Item><Paragraphe>Nouveau montant du loyer proposé et loyer de référence minoré ayant servi à le déterminer</Paragraphe></Item></Liste><ASavoir><Titre>À savoir</Titre><Paragraphe>lorsque le propriétaire engage une <Expression>action de réévaluation de loyer</Expression>, il ne peut pas donner son préavis (congé) au locataire pour <LienIntra LienID="R59748" type="Définition de glossaire">l'échéance du bail</LienIntra>.</Paragraphe></ASavoir><TitreFlottant><Paragraphe>Comment contester ?</Paragraphe></TitreFlottant><Paragraphe>Le locataire peut contester <Expression>l'action en réévaluation de loyer</Expression>.</Paragraphe><Paragraphe>Pour cela, il doit fournir au propriétaire 6 références de loyer de logements comparables, situés :</Paragraphe><Liste type="puce"><Item><Paragraphe>Soit dans le même groupe d'immeubles</Paragraphe></Item><Item><Paragraphe>Soit dans tout autre groupe d'immeubles comportant des caractéristiques similaires et situés dans la même zone géographique</Paragraphe></Item></Liste><Paragraphe>Ces références de loyers sont consultables sur le site de <LienExterne URL="https://www.observatoires-des-loyers.org/2/accueil.htm">l'observatoire des loyers</LienExterne>.</Paragraphe><Paragraphe>En cas de désaccord ou en l'absence de réponse du locataire ou du propriétaire à la demande de réévaluation du loyer, l'un ou l'autre doit saisir, 4 mois avant la fin du bail, la <LienInterne LienPublication="F1216" type="Fiche Question-réponse conditionnée" audience="Particuliers">commission départementale de conciliation (CDC)</LienInterne>.</Paragraphe><Paragraphe>Si le désaccord persiste en dépit de l'action de la CDC, le <LienInterne LienPublication="F31301" type="Fiche Question-réponse conditionnée" audience="Particuliers">juge des contentieux de la protection</LienInterne> peut être saisi avant la fin du bail.</Paragraphe><Attention><Titre>Attention</Titre><Paragraphe>si le juge n'est pas saisi avant la fin du bail, le bail est reconduit aux conditions antérieures du loyer. Toutefois, si l'ancien loyer n'a pas été révisé au cours des 12 mois précédents, le propriétaire peut le <LienInterne LienPublication="F1311" type="Fiche d'information conditionnée" audience="Particuliers">réviser</LienInterne> pour fixer le nouveau loyer.</Paragraphe></Attention><TitreFlottant><Paragraphe>Comment appliquer le nouveau loyer ?</Paragraphe></TitreFlottant><Paragraphe>Lorsqu'un nouveau loyer est décidé par le locataire et le propriétaire ou par le juge, il s'applique progressivement à partir du renouvellement du bail.</Paragraphe><Paragraphe>La hausse de loyer est étalée :</Paragraphe><Liste type="puce"><Item><Paragraphe>Pour un bail de 3 ans, d'1/3 par an (ou 1/6 par an si la hausse de loyer est supérieure à <Valeur>10 %</Valeur>)</Paragraphe></Item><Item><Paragraphe>Pour un bail de 6 ans, d'1/6 par an</Paragraphe></Item></Liste><Exemple><Titre>Exemple</Titre><Paragraphe>Pour un bail est de 3 ans, le dernier loyer mensuel (hors charges et hors complément de loyer) appliqué au locataire avant le renouvellement du bail est de <Valeur>600 €</Valeur> et le nouveau loyer est de <Valeur>650 €</Valeur> :</Paragraphe><Liste type="puce"><Item><Paragraphe>La hausse à appliquer est de <Valeur>50 €</Valeur> mensuels</Paragraphe></Item><Item><Paragraphe>Cette hausse est inférieure à <Valeur>10 %</Valeur> du loyer, car 600 X <Valeur>10 %</Valeur> = <Valeur>60 €</Valeur>, alors son application sera d'1/3 par an.</Paragraphe></Item><Item><Paragraphe>Le loyer mensuel sera augmenté la 1<Exposant>re</Exposant> année de <Valeur>16,67 €</Valeur> par mois (car <Valeur>50 €</Valeur> x 1/3 = <Valeur>16,67 €</Valeur> ), puis la 2<Exposant>e</Exposant> année de <Valeur>33,33 €</Valeur> par mois (car <Valeur>50 €</Valeur> x 2/3 = <Valeur>33,33 €</Valeur>), et la 3<Exposant>e</Exposant> année de <Valeur>50 €</Valeur> par mois.</Paragraphe></Item></Liste></Exemple><Paragraphe>Toutefois, l'augmentation proposée ne doit pas dépasser la plus élevée des 2 limites suivantes :</Paragraphe><Liste type="puce"><Item><Paragraphe><Valeur>50 %</Valeur> de la différence entre le loyer qui correspond aux loyers pratiqués dans le voisinage pour des logements comparables et le dernier loyer appliqué au locataire avant le renouvellement du bail (éventuellement <LienInterne LienPublication="F1311" type="Fiche d'information conditionnée" audience="Particuliers">révisé</LienInterne> si cela n'avait pas été fait dans les 12 derniers mois)</Paragraphe></Item><Item><Paragraphe>Une majoration du loyer annuel égale à <Valeur>15 %</Valeur> du coût réel des travaux faits depuis le dernier renouvellement du bail (<LienIntra LienID="R45485" type="Définition de glossaire">travaux d’amélioration</LienIntra> ou travaux de mise aux normes), lorsque le montant de ces travaux est au moins égal au montant de la dernière année de loyer.</Paragraphe></Item></Liste></Cas><Cas><Titre>Action en diminution de loyer</Titre><Paragraphe>Si le loyer de base (hors charges et hors <LienIntra LienID="R41335" type="Définition de glossaire">complément de loyer</LienIntra>) inscrit dans le bail est supérieur au loyer de référence majoré, le locataire peut demander au propriétaire la diminution du loyer de base.</Paragraphe><Paragraphe>Les 2 conditions suivantes doivent être respectées :</Paragraphe><Liste type="puce"><Item><Paragraphe>Le locataire fait sa demande au moins 5 mois avant <LienIntra LienID="R59748" type="Définition de glossaire">l'échéance du bail</LienIntra></Paragraphe></Item><Item><Paragraphe>Le loyer de référence majoré pris en considération est celui en vigueur à la date de la demande</Paragraphe></Item></Liste><Paragraphe>vous pouvez connaître les loyers de référence majorés à l'aide de ce simulateur :</Paragraphe><ServiceEnLigne ID="R62655" URL="https://eservices.montpellier3m.fr/habitat/encadrement-des-loyers/" audience="Particuliers" type="Outil de recherche"><Titre>Montpellier : estimer les loyers de référence (bail signé depuis juillet 2022)</Titre><Source ID="R62656">Montpellier Méditerranée Métropole</Source></ServiceEnLigne><Paragraphe>Le locataire doit adresser sa demande écrite au propriétaire :</Paragraphe><Liste type="puce"><Item><Paragraphe>Soit par lettre recommandée avec accusé de réception</Paragraphe></Item><Item><Paragraphe>Soit par <LienIntra LienID="R57151" type="Définition de glossaire">acte de commissaire de justice</LienIntra></Paragraphe></Item><Item><Paragraphe>Soit par remise en main propre contre récépissé ou émargement</Paragraphe></Item></Liste><Paragraphe>La demande doit contenir les éléments suivants :</Paragraphe><Liste type="puce"><Item><Paragraphe>Intégralité de <LienExterne URL="https://www.legifrance.gouv.fr/loda/article_lc/LEGIARTI000037642425/">l'article 140 VI de la loi du 23 novembre 2018</LienExterne></Paragraphe></Item><Item><Paragraphe>Nouveau montant du loyer proposé et loyer de référence majoré ayant servi à le déterminer</Paragraphe></Item></Liste><Paragraphe>Si le propriétaire refuse, ou s'il ne répond pas au locataire, le locataire doit saisir la <LienInterne LienPublication="F1216" type="Fiche Question-réponse conditionnée" audience="Particuliers">commission départementale de conciliation (CDC)</LienInterne> au plus tard 4 mois avant l'échéance du bail.</Paragraphe><Paragraphe>Si aucun accord n'est trouvé en dépit de l'action intervention de la CDC, le locataire peut saisir le <LienInterne LienPublication="F31301" type="Fiche Question-réponse conditionnée" audience="Particuliers">juge des contentieux de la protection</LienInterne> avant l'échéance du bail.</Paragraphe><Attention><Titre>Attention</Titre><Paragraphe>si le locataire ne saisit pas le juge dans ce délai, le bail est reconduit aux conditions antérieures du loyer. Si l'ancien loyer n'a pas été révisé au cours des 12 mois précédents, le propriétaire peut le <LienInterne LienPublication="F1311" type="Fiche d'information conditionnée" audience="Particuliers">réviser</LienInterne>.</Paragraphe></Attention></Cas></BlocCas></Chapitre><Chapitre ID="T15054"><Titre><Paragraphe>Nouvelle mise en location après moins de 18 mois d'inoccupation</Paragraphe></Titre><Paragraphe>Le loyer (hors charges) peut se composer de 2 éléments : le <Expression>loyer de base</Expression> et un <Expression>complément de loyer</Expression>.</Paragraphe><SousChapitre><Titre><Paragraphe>Loyer de base</Paragraphe></Titre><Paragraphe>Le loyer de base (hors charges et hors <LienIntra LienID="R41335" type="Définition de glossaire">complément de loyer</LienIntra>) d'un logement remis sur le marché après moins de 18 mois d'inoccupation peut être augmenté dans certains cas seulement :</Paragraphe><Liste type="puce"><Item><Paragraphe>Il n'a pas été <LienInterne LienPublication="F13723" type="Fiche d'information conditionnée" audience="Particuliers">révisé au cours des 12 mois précédents</LienInterne></Paragraphe></Item><Item><Paragraphe>Des travaux <LienIntra LienID="R45485" type="Définition de glossaire">d'amélioration</LienIntra> ou de mise aux <LienInterne LienPublication="F2042" type="Fiche d'information conditionnée" audience="Particuliers">normes de décence</LienInterne> ont été faits depuis le départ de l'ancien locataire</Paragraphe></Item><Item><Paragraphe>Il est sous-évalué</Paragraphe></Item></Liste><Paragraphe>Mais le nouveau loyer de base ne doit pas dépasser le <Expression>loyer de référence majoré</Expression> en vigueur à la date de signature du bail.</Paragraphe><Paragraphe>vous pouvez connaître les loyers de référence majorés à l'aide de ce simulateur :</Paragraphe><ServiceEnLigne ID="R62655" URL="https://eservices.montpellier3m.fr/habitat/encadrement-des-loyers/" audience="Particuliers" type="Outil de recherche"><Titre>Montpellier : estimer les loyers de référence (bail signé depuis juillet 2022)</Titre><Source ID="R62656">Montpellier Méditerranée Métropole</Source></ServiceEnLigne><Attention><Titre>Attention</Titre><Paragraphe>Lorsque le bail est signé à partir du 24 août 2022 et concerne un logement de classe F ou G (classe indiquée sur le <LienInterne LienPublication="R63115" type="Sigle">DPE</LienInterne>), le <Expression>loyer de base</Expression> ne doit pas dépasser le loyer appliqué au précédent locataire.</Paragraphe></Attention><BlocCas affichage="onglet"><Cas><Titre>Loyer non révisé</Titre><Paragraphe>Le montant du nouveau loyer ne doit pas dépasser le montant du dernier loyer appliqué au précédent locataire.</Paragraphe><Paragraphe>Toutefois, il peut être augmenté de la variation annuelle de <LienInterne LienPublication="F13723" type="Fiche d'information conditionnée" audience="Particuliers">l'IRL</LienInterne> publié à la date de signature du nouveau bail, si aucune <LienInterne LienPublication="F13117" type="Fiche d'information conditionnée" audience="Particuliers">révision</LienInterne> n'est intervenue au cours des 12 derniers mois.</Paragraphe><Paragraphe>Dans tous les cas, le nouveau loyer ne doit pas dépasser le <Expression>loyer de référence majoré</Expression> en vigueur à la date de signature du bail.</Paragraphe><Paragraphe>vous pouvez connaître les loyers de référence majorés à l'aide de ce simulateur :</Paragraphe><ServiceEnLigne ID="R62655" URL="https://eservices.montpellier3m.fr/habitat/encadrement-des-loyers/" audience="Particuliers" type="Outil de recherche"><Titre>Montpellier : estimer les loyers de référence (bail signé depuis juillet 2022)</Titre><Source ID="R62656">Montpellier Méditerranée Métropole</Source></ServiceEnLigne><Paragraphe>Si le nouveau loyer dépasse le <Expression>loyer de référence majoré</Expression> en vigueur à la date de signature du bail, le locataire peut le contester en envoyant au propriétaire une lettre recommandée avec accusé de réception.</Paragraphe><Paragraphe>En cas d'échec, il doit saisir la <LienInterne LienPublication="F1216" type="Fiche Question-réponse conditionnée" audience="Particuliers">commission départementale de conciliation (CDC)</LienInterne> dont dépend le logement. Cette démarche est gratuite et obligatoire pour pouvoir ensuite saisir le juge.</Paragraphe><Paragraphe>Si la CDC ne parvient pas à un accord, le locataire peut saisir le <LienInterne LienPublication="F1783" type="Fiche d'information conditionnée" audience="Particuliers">juge des contentieux de la protection</LienInterne> du tribunal dont dépend le logement.</Paragraphe><Attention><Titre>Attention</Titre><Paragraphe>le montant du loyer appliqué au dernier locataire doit être inscrit dans le <LienInterne LienPublication="F920" type="Fiche d'information conditionnée" audience="Particuliers">bail</LienInterne>.</Paragraphe></Attention></Cas><Cas><Titre>Travaux</Titre><BlocCas affichage="radio"><Cas><Titre>Montant des travaux au moins égal à 50 % de la dernière année de loyer</Titre><TitreFlottant><Paragraphe>Conditions</Paragraphe></TitreFlottant><Paragraphe>Le nouveau loyer peut être supérieur au dernier loyer appliqué au précédent locataire, si le propriétaire a financé des travaux.</Paragraphe><Paragraphe>Ces travaux peuvent être :</Paragraphe><Liste type="puce"><Item><Paragraphe>des <LienIntra LienID="R45485" type="Définition de glossaire">travaux d'amélioration</LienIntra> (hors travaux d'économie d'énergie ayant donné lieu à une majoration de loyer pour réduction de charges)</Paragraphe></Item><Item><Paragraphe>ou des travaux de mise aux <LienInterne LienPublication="F2042" type="Fiche d'information conditionnée" audience="Particuliers">normes de décence</LienInterne>.</Paragraphe></Item></Liste><Paragraphe>Ces travaux doivent :</Paragraphe><Liste type="puce"><Item><Paragraphe>avoir été réalisés (dans les parties communes ou privatives) depuis le départ du dernier locataire</Paragraphe></Item><Item><Paragraphe>et être d'un montant au moins égal à <Valeur>50 %</Valeur> de la dernière année de loyer (hors charges).</Paragraphe></Item></Liste><TitreFlottant><Paragraphe>Quel nouveau loyer fixer ?</Paragraphe></TitreFlottant><Paragraphe>Si ces conditions sont respectées, le loyer annuel pratiqué au précédent locataire peut être augmenté :</Paragraphe><Liste type="puce"><Item><Paragraphe>d'un montant égal à <Valeur>15 %</Valeur> du montant des travaux <LienInterne LienPublication="R24408" type="Sigle">TTC</LienInterne></Paragraphe></Item><Item><Paragraphe>dans la limite du<Expression> loyer de référence majoré</Expression> en vigueur à la date de signature du bail</Paragraphe></Item></Liste><Paragraphe>Vous pouvez connaître les loyers de référence majorés à l'aide de ce simulateur :</Paragraphe><ServiceEnLigne ID="R62655" URL="https://eservices.montpellier3m.fr/habitat/encadrement-des-loyers/" audience="Particuliers" type="Outil de recherche"><Titre>Montpellier : estimer les loyers de référence (bail signé depuis juillet 2022)</Titre><Source ID="R62656">Montpellier Méditerranée Métropole</Source></ServiceEnLigne><TitreFlottant><Paragraphe>Comment contester ?</Paragraphe></TitreFlottant><Paragraphe>Si le nouveau loyer dépasse le <Expression>loyer de référence majoré</Expression> en vigueur à la date de signature du bail, le locataire peut le contester en envoyant au propriétaire une lettre recommandée avec accusé de réception.</Paragraphe><Paragraphe>En cas d'échec, il doit saisir la <LienInterne LienPublication="F1216" type="Fiche Question-réponse conditionnée" audience="Particuliers">commission départementale de conciliation (CDC)</LienInterne> dont dépend le logement. Cette démarche est gratuite et obligatoire pour pouvoir ensuite saisir le juge.</Paragraphe><Paragraphe>Si la CDC ne parvient pas à un accord, le locataire peut saisir le <LienInterne LienPublication="F1783" type="Fiche d'information conditionnée" audience="Particuliers">juge des contentieux de la protection</LienInterne> du tribunal dont dépend le logement.</Paragraphe></Cas><Cas><Titre>Montant des travaux au moins égal à la dernière année de loyer</Titre><TitreFlottant><Paragraphe>Quel nouveau loyer fixer ?</Paragraphe></TitreFlottant><Paragraphe>Le nouveau loyer peut être supérieur au dernier loyer appliqué au précédent locataire si des <LienIntra LienID="R45485" type="Définition de glossaire">travaux d'amélioration</LienIntra> ont été réalisés :</Paragraphe><Liste type="puce"><Item><Paragraphe>depuis moins de 6 mois</Paragraphe></Item><Item><Paragraphe>et pour un montant au moins égal à la dernière année de loyer</Paragraphe></Item></Liste><Paragraphe>Mais le nouveau loyer ne peut pas dépasser le <Expression>loyer de référence majoré</Expression> en vigueur à la date de signature du bail.</Paragraphe><Paragraphe>Vous pouvez connaître les loyers de référence majorés à l'aide de ce simulateur :</Paragraphe><ServiceEnLigne ID="R62655" URL="https://eservices.montpellier3m.fr/habitat/encadrement-des-loyers/" audience="Particuliers" type="Outil de recherche"><Titre>Montpellier : estimer les loyers de référence (bail signé depuis juillet 2022)</Titre><Source ID="R62656">Montpellier Méditerranée Métropole</Source></ServiceEnLigne><TitreFlottant><Paragraphe>Comment contester ?</Paragraphe></TitreFlottant><Paragraphe>Si le nouveau loyer dépasse le <Expression>loyer de référence majoré</Expression> en vigueur à la date de signature du bail, le locataire peut le contester en envoyant au propriétaire une lettre recommandée avec accusé de réception.</Paragraphe><Paragraphe>En cas d'échec, il doit saisir la <LienInterne LienPublication="F1216" type="Fiche Question-réponse conditionnée" audience="Particuliers">commission départementale de conciliation (CDC)</LienInterne> dont dépend le logement. Cette démarche est gratuite et obligatoire pour pouvoir ensuite saisir le juge.</Paragraphe><Paragraphe>Si la CDC ne parvient pas à un accord, le locataire peut saisir le <LienInterne LienPublication="F1783" type="Fiche d'information conditionnée" audience="Particuliers">juge des contentieux de la protection</LienInterne> du tribunal dont dépend le logement.</Paragraphe></Cas></BlocCas></Cas><Cas><Titre>Loyer sous-évalué</Titre><Paragraphe>Si le loyer pratiqué avec l'ancien locataire était sous-évalué, le nouveau loyer peut être augmenté.</Paragraphe><TitreFlottant><Paragraphe>Comment savoir si l'ancien loyer est sous-évalué ?</Paragraphe></TitreFlottant><Paragraphe>Il est possible d'estimer la sous-évaluation d'un loyer à partir de loyers habituellement constatés pour des logements comparables situés dans la même zone géographique. Ces références de loyers sont consultables sur le site de <LienExterne URL="https://www.observatoires-des-loyers.org/2/accueil.htm">l'observatoire des loyers</LienExterne>.</Paragraphe><TitreFlottant><Paragraphe>Comment fixer le nouveau loyer ?</Paragraphe></TitreFlottant><Paragraphe>Il faut respecter les 2 règles suivantes :</Paragraphe><Paragraphe><MiseEnEvidence>1<Exposant>re</Exposant> règle</MiseEnEvidence>, l'augmentation du loyer ne doit pas dépasser <Valeur>50 %</Valeur> de la différence entre les sommes suivantes :</Paragraphe><Liste type="puce"><Item><Paragraphe>Montant d'un loyer déterminé par référence aux loyers pratiqués dans le voisinage pour des logements comparables</Paragraphe></Item><Item><Paragraphe>Dernier loyer appliqué au précédent locataire, éventuellement <LienInterne LienPublication="F13723" type="Fiche d'information conditionnée" audience="Particuliers">révisé sur l'IRL</LienInterne> si cela n'a pas été fait dans les 12 derniers mois</Paragraphe></Item></Liste><Paragraphe><MiseEnEvidence>2<Exposant>e</Exposant> règle</MiseEnEvidence>, le nouveau loyer ne peut pas dépasser le <Expression>loyer de référence majoré</Expression> en vigueur à la date de signature du bail.</Paragraphe><Paragraphe>Vous pouvez connaître les loyers de référence majorés à l'aide de ce simulateur :</Paragraphe><ServiceEnLigne ID="R62655" URL="https://eservices.montpellier3m.fr/habitat/encadrement-des-loyers/" audience="Particuliers" type="Outil de recherche"><Titre>Montpellier : estimer les loyers de référence (bail signé depuis juillet 2022)</Titre><Source ID="R62656">Montpellier Méditerranée Métropole</Source></ServiceEnLigne><TitreFlottant><Paragraphe>Comment contester le nouveau loyer ?</Paragraphe></TitreFlottant><Paragraphe>Si le nouveau loyer dépasse le <Expression>loyer de référence majoré</Expression> en vigueur à la date de signature du bail, le locataire peut le contester en envoyant au propriétaire une lettre recommandée avec accusé de réception.</Paragraphe><Paragraphe>En cas d'échec, il doit saisir la <LienInterne LienPublication="F1216" type="Fiche Question-réponse conditionnée" audience="Particuliers">commission départementale de conciliation (CDC)</LienInterne> dont dépend le logement. Cette démarche est gratuite et obligatoire pour pouvoir ensuite saisir le juge.</Paragraphe><Paragraphe>Si la CDC ne parvient pas à un accord, le locataire peut saisir le <LienInterne LienPublication="F1783" type="Fiche d'information conditionnée" audience="Particuliers">juge des contentieux de la protection</LienInterne> du tribunal dont dépend le logement.</Paragraphe></Cas></BlocCas></SousChapitre><SousChapitre><Titre><Paragraphe>Complément de loyer</Paragraphe></Titre><Paragraphe><MiseEnEvidence>Dans quels cas s'applique un complément de loyer ?</MiseEnEvidence></Paragraphe><Paragraphe>Le propriétaire peut appliquer un complément de loyer si les 2 conditions suivantes sont réunies :</Paragraphe><Liste type="puce"><Item><Paragraphe>Le logement a des caractéristiques particulières (localisation, confort)</Paragraphe></Item><Item><Paragraphe>Le loyer de base (hors charges) est égal au <LienIntra LienID="R59445" type="Définition de glossaire">loyer de référence majoré</LienIntra></Paragraphe></Item></Liste><Paragraphe>Si un complément de loyer s'applique, le loyer est égal au total du loyer de base et du complément de loyer.</Paragraphe><Paragraphe>Le montant du complément de loyer et les caractéristiques du logement qui le justifient doivent être indiqués dans le bail.</Paragraphe><Attention><Titre>Attention</Titre><Paragraphe>Pour un bail signé depuis le 18 août 2022, <MiseEnEvidence>le complément de loyer est interdit</MiseEnEvidence> si le logement a au moins 1 de ces caractéristiques suivantes : sanitaires sur le palier, signes d'humidité sur certains murs, <LienInterne LienPublication="R63115" type="Sigle">DPE</LienInterne> de classe F ou G, fenêtres laissant anormalement passer l'air (hors grille de ventilation), vis-à-vis à moins de 10 m, infiltrations ou inondations provenant de l'extérieur, problèmes d'évacuation d'eau au cours des 3 derniers mois, installation électrique dégradée, mauvaise exposition de la pièce principale.</Paragraphe></Attention><Paragraphe><MiseEnEvidence>Comment contester le complément de loyer ?</MiseEnEvidence></Paragraphe><BlocCas affichage="onglet"><Cas><Titre>Bail d'habitation</Titre><Paragraphe>Pour contester le complément de loyer, le locataire doit saisir la <LienInterne LienPublication="F1216" type="Fiche Question-réponse conditionnée" audience="Particuliers">commission départementale de conciliation (CDC)</LienInterne> dans un délai de 3 mois à partir de la date de signature du bail. C'est au propriétaire de prouver que le complément de loyer est justifié.</Paragraphe><Paragraphe>Si la CDC parvient à un accord, le montant du loyer est celui fixé par le document de conciliation délivré par la CDC. Ce nouveau montant s'applique à partir de la date d'entrée en vigueur du bail.</Paragraphe><Paragraphe>Mais si le désaccord persiste, le locataire a 3 mois à partir de la réception de l'avis de la CDC pour saisir le <LienInterne LienPublication="F31301" type="Fiche Question-réponse conditionnée" audience="Particuliers">juge des contentieux de la protection</LienInterne> du tribunal dont dépend le logement. Il peut lui demander d'annuler ou de diminuer le complément de loyer. Le montant du loyer fixé par le juge s'applique à partir de la date d'entrée en vigueur du bail.</Paragraphe></Cas><Cas><Titre>Bail mobilité</Titre><Paragraphe>Pour contester le complément de loyer, le locataire doit saisir le <LienInterne LienPublication="F1736" type="Fiche d'information conditionnée" audience="Particuliers">conciliateur de justice</LienInterne> dans un délai de 3 mois à partir de la date de signature du bail. C'est au propriétaire de prouver que le complément de loyer est justifié.</Paragraphe><Paragraphe>Si le conciliateur parvient à un accord, le montant du loyer est celui fixé par le document de conciliation délivré par le conciliateur. Ce nouveau montant s'applique à partir de la date d'entrée en vigueur du bail.</Paragraphe><Paragraphe>Mais si le désaccord persiste, le locataire a 3 mois à partir de la réception de l'avis du conciliateur pour saisir le <LienInterne LienPublication="F31301" type="Fiche Question-réponse conditionnée" audience="Particuliers">juge des contentieux de la protection</LienInterne> du tribunal dont dépend le logement. Il peut lui demander d'annuler ou de diminuer le complément de loyer. Le montant du loyer fixé par le juge s'applique à partir de la date d'entrée en vigueur du bail.</Paragraphe></Cas></BlocCas></SousChapitre></Chapitre><Chapitre ID="T15055"><Titre><Paragraphe>Nouvelle mise en location après 18 mois et plus d'inoccupation</Paragraphe></Titre><Paragraphe>Le loyer (hors charges) peut se composer de 2 éléments : le <Expression>loyer de base</Expression> et un <Expression>complément de loyer</Expression>.</Paragraphe><SousChapitre><Titre><Paragraphe>Loyer de base</Paragraphe></Titre><Paragraphe>Le bail doit indiquer les montants suivants :</Paragraphe><Liste type="puce"><Item><Paragraphe>le loyer de base (montant du loyer hors charges et hors <LienIntra LienID="R41335" type="Définition de glossaire">complément de loyer</LienIntra>),</Paragraphe></Item><Item><Paragraphe>le <Expression>loyer de référence</Expression> et le <Expression>loyer de référence majoré</Expression> en vigueur à la date de signature du bail et qui correspondent à la catégorie du logement (localisation, nombre de pièces...).</Paragraphe></Item></Liste><Paragraphe>Le <Expression>loyer de base</Expression> (montant du loyer hors charges et hors <LienIntra LienID="R41335" type="Définition de glossaire">complément de loyer</LienIntra>) ne doit pas dépasser le <Expression>loyer de référence majoré</Expression> en vigueur à la date de signature du bail.</Paragraphe><Attention><Titre>Attention</Titre><Paragraphe>Lorsque le bail est signé à partir du 24 août 2022 et concerne un logement de classe F ou G (classe indiquée sur le <LienInterne LienPublication="R63115" type="Sigle">DPE</LienInterne>), le <Expression>loyer de base</Expression> ne doit pas dépasser le loyer appliqué au précédent locataire.</Paragraphe></Attention><Paragraphe>Vous pouvez connaître les loyers de référence majorés à l'aide de ce simulateur :</Paragraphe><ServiceEnLigne ID="R62655" URL="https://eservices.montpellier3m.fr/habitat/encadrement-des-loyers/" audience="Particuliers" type="Outil de recherche"><Titre>Montpellier : estimer les loyers de référence (bail signé depuis juillet 2022)</Titre><Source ID="R62656">Montpellier Méditerranée Métropole</Source></ServiceEnLigne><Paragraphe>Si le <Expression>loyer de base</Expression> dépasse le <Expression>loyer de référence majoré</Expression>, le locataire peut demander une diminution de loyer devant la <LienInterne LienPublication="F1216" type="Fiche Question-réponse conditionnée" audience="Particuliers">commission départementale de conciliation (CDC)</LienInterne>, dans les 3 ans qui suivent la signature du bail.</Paragraphe></SousChapitre><SousChapitre><Titre><Paragraphe>Complément de loyer</Paragraphe></Titre><Paragraphe><MiseEnEvidence>Dans quels cas s'applique un complément de loyer ?</MiseEnEvidence></Paragraphe><Paragraphe>Le propriétaire peut appliquer un complément de loyer si les 2 conditions suivantes sont réunies :</Paragraphe><Liste type="puce"><Item><Paragraphe>Le logement a des caractéristiques particulières (localisation, confort)</Paragraphe></Item><Item><Paragraphe>Le loyer de base (hors charges) est égal au <LienIntra LienID="R59445" type="Définition de glossaire">loyer de référence majoré</LienIntra></Paragraphe></Item></Liste><Paragraphe>Si un complément de loyer s'applique, le loyer est égal au total du loyer de base et du complément de loyer.</Paragraphe><Paragraphe>Le montant du complément de loyer et les caractéristiques du logement qui le justifient doivent être indiqués dans le bail.</Paragraphe><Attention><Titre>Attention</Titre><Paragraphe>Pour un bail signé depuis le 18 août 2022, <MiseEnEvidence>le complément de loyer est interdit</MiseEnEvidence> si le logement a au moins 1 de ces caractéristiques suivantes : sanitaires sur le palier, signes d'humidité sur certains murs, <LienInterne LienPublication="R63115" type="Sigle">DPE</LienInterne> de classe F ou G, fenêtres laissant anormalement passer l'air (hors grille de ventilation), vis-à-vis à moins de 10 m, infiltrations ou inondations provenant de l'extérieur, problèmes d'évacuation d'eau au cours des 3 derniers mois, installation électrique dégradée, mauvaise exposition de la pièce principale.</Paragraphe></Attention><Paragraphe><MiseEnEvidence>Comment contester le complément de loyer ?</MiseEnEvidence></Paragraphe><BlocCas affichage="onglet"><Cas><Titre>Bail d'habitation</Titre><Paragraphe>Pour contester le complément de loyer, le locataire doit saisir la <LienInterne LienPublication="F1216" type="Fiche Question-réponse conditionnée" audience="Particuliers">commission départementale de conciliation (CDC)</LienInterne> dans un délai de 3 mois à partir de la date de signature du bail. C'est au propriétaire de prouver que le complément de loyer est justifié.</Paragraphe><Paragraphe>Si la CDC parvient à un accord, le montant du loyer est celui fixé par le document de conciliation délivré par la CDC. Ce nouveau montant s'applique à partir de la date d'entrée en vigueur du bail.</Paragraphe><Paragraphe>Mais si le désaccord persiste, le locataire a 3 mois à partir de la réception de l'avis de la CDC pour saisir le <LienInterne LienPublication="F31301" type="Fiche Question-réponse conditionnée" audience="Particuliers">juge des contentieux de la protection</LienInterne> du tribunal dont dépend le logement. Il peut lui demander d'annuler ou de diminuer le complément de loyer. Le montant du loyer fixé par le juge s'applique à partir de la date d'entrée en vigueur du bail.</Paragraphe></Cas><Cas><Titre>Bail mobilité</Titre><Paragraphe>Pour contester le complément de loyer, le locataire doit saisir le <LienInterne LienPublication="F1736" type="Fiche d'information conditionnée" audience="Particuliers">conciliateur de justice</LienInterne> dans un délai de 3 mois à partir de la date de signature du bail. C'est au propriétaire de prouver que le complément de loyer est justifié.</Paragraphe><Paragraphe>Si le conciliateur parvient à un accord, le montant du loyer est celui fixé par le document de conciliation délivré par le conciliateur. Ce nouveau montant s'applique à partir de la date d'entrée en vigueur du bail.</Paragraphe><Paragraphe>Mais si le désaccord persiste, le locataire a 3 mois à partir de la réception de l'avis du conciliateur pour saisir le <LienInterne LienPublication="F31301" type="Fiche Question-réponse conditionnée" audience="Particuliers">juge des contentieux de la protection</LienInterne> du tribunal dont dépend le logement. Il peut lui demander d'annuler ou de diminuer le complément de loyer. Le montant du loyer fixé par le juge s'applique à partir de la date d'entrée en vigueur du bail.</Paragraphe></Cas></BlocCas></SousChapitre></Chapitre></Texte><VoirAussi important="non"><Fiche ID="F13723" audience="Particuliers"><Titre>Indice de référence des loyers (IRL)</Titre><Theme ID="N19808"><Titre>Logement</Titre></Theme></Fiche></VoirAussi><VoirAussi important="oui"><Fiche ID="F34396" audience="Particuliers"><Titre>Paiement du loyer d'un logement du secteur privé </Titre><Theme ID="N19808"><Titre>Logement</Titre></Theme></Fiche></VoirAussi><QuiPeutMAider ID="R5" sve="non" type="Local personnalisé sur SP"><Titre>Agence départementale pour l'information sur le logement (Adil)</Titre><PivotLocal>adil</PivotLocal><RessourceWeb URL="https://www.anil.org/lanil-et-les-adil/votre-adil/"/><Source ID="R30676">Agence nationale pour l'information sur le logement (Anil)</Source></QuiPeutMAider><Reference type="Texte de référence" URL="https://www.legifrance.gouv.fr/jorf/id/JORFTEXT000044015026" ID="R60046"><Titre>Décret n° 2021-1144 du 2 septembre 2021 fixant le périmètre du territoire de la métropole Montpellier Méditerranée Métropole sur lequel est mis en place le dispositif d'encadrement des loyers</Titre></Reference><Reference type="Texte de référence" URL="https://www.herault.gouv.fr/Actions-de-l-Etat/Amenagement-du-territoire-construction-et-logement/Habitat-et-logement/Les-politiques-de-l-habitat-dans-l-Herault/Encadrement-des-loyers/Encadrement-des-loyers" ID="R62657" format="application/pdf" poids="3.1 MB"><Titre>Montpellier : arrêté préfectoral sur les loyers de référence depuis le 1er juillet 2022</Titre></Reference><Reference type="Texte de référence" URL="https://www.legifrance.gouv.fr/loda/id/JORFTEXT000035315236/" ID="R48530"><Titre>Décret n°2017-1198 du 27 juillet 2017 sur l'évolution de certains loyers (d'août 2017 au 31 juillet 2024)</Titre></Reference><Reference type="Texte de référence" URL="https://www.legifrance.gouv.fr/loda/article_lc/LEGIARTI000037642425/" ID="R53947"><Titre>Loi n°2018-1021 du 23 novembre 2018 sur l'évolution du logement, de l'aménagement et du numérique : article 140</Titre><Complement>Complément de loyer</Complement></Reference><Reference type="Texte de référence" URL="https://www.legifrance.gouv.fr/loda/article_lc/LEGIARTI000037670690/" ID="R35773"><Titre>Loi n°89-462 du 6 juillet 1989 sur les rapports locatifs : article 17</Titre></Reference><ServiceEnLigne ID="R62655" URL="https://eservices.montpellier3m.fr/habitat/encadrement-des-loyers/" audience="Particuliers" type="Outil de recherche"><Titre>Montpellier : estimer les loyers de référence (bail signé depuis juillet 2022)</Titre><Source ID="R62656">Montpellier Méditerranée Métropole</Source></ServiceEnLigne><PourEnSavoirPlus type="Information pratique" ID="R61527" URL="https://www.grandlyon.com/services/lencadrement-des-loyers-a-lyon-et-villeurbanne.html" audience="Particuliers"><Titre>Tout savoir sur l'encadrement des loyers à Lyon et Villeurbanne</Titre><Source ID="R54394">Métropole de Lyon</Source></PourEnSavoirPlus><PourEnSavoirPlus type="Information pratique" ID="R42886" URL="https://www.observatoires-des-loyers.org/2/accueil.htm" audience="Particuliers"><Titre>Observatoires des loyers - Réseau des observatoires locaux</Titre><Source ID="R30685">Ministère chargé du logement</Source></PourEnSavoirPlus><PourEnSavoirPlus type="Information pratique" ID="R53948" URL="https://www.legifrance.gouv.fr/loda/article_lc/LEGIARTI000037642425/" audience="Particuliers"><Titre>Article 140 de la loi n°2018-1021 du 23 novembre 2018</Titre><Source ID="R38880">Legifrance</Source></PourEnSavoirPlus><PourEnSavoirPlus type="Information pratique" ID="R64668" URL="https://www.ecologie.gouv.fr/interdiction-location-et-gel-des-loyers-des-passoires-energetiques" audience="Particuliers"><Titre>Interdiction de location et gel des loyers des passoires énergétiques</Titre><Source ID="R30658">Ministère chargé de l'environnement</Source></PourEnSavoirPlus><Definition ID="R41335"><Titre>Complément de loyer</Titre><Texte><Paragraphe>Dans certaines des villes où les loyers sont encadrés, loyer complémentaire au loyer de base pour un logement présentant des caractéristiques de localisation ou de confort particulières (vue sur un monument historique...) par rapport à un logement de niveau comparable. En résumé, loyer = loyer de base (égal au loyer de référence majoré) + complément de loyer.</Paragraphe></Texte><Reference type="Texte de référence" URL="https://www.legifrance.gouv.fr/loda/article_lc/LEGIARTI000037642425/" ID="R53947"><Titre>Loi n°2018-1021 du 23 novembre 2018 sur l'évolution du logement, de l'aménagement et du numérique : article 140</Titre></Reference></Definition><Definition ID="R57151"><Titre>Acte d'huissier (à présent appelé commissaire de justice)</Titre><Texte><Paragraphe>Document rédigé par un commissaire de justice (anciennement huissier de justice et commissaire-priseur judiciaire). L'acte de commissaire de justice (anciennement acte d'huissier de justice) peut notamment servir à constater un fait, accomplir une formalité de procédure ou engager une voie d'exécution (saisie, expulsion, ...). Exemples d'acte de commissaire de justice : constat, notification ...</Paragraphe></Texte></Definition><Definition ID="R59445"><Titre>Loyer de référence majoré</Titre><Texte><Paragraphe>Montant maximum à ne pas dépasser lors de la fixation du loyer</Paragraphe></Texte></Definition><Definition ID="R14732"><Titre>Notification</Titre><Texte><Paragraphe>Formalité par laquelle un acte de procédure ou une décision est porté à la connaissance d’une personne</Paragraphe></Texte></Definition><Definition ID="R59748"><Titre>Échéance du bail</Titre><Texte><Paragraphe>Date à laquelle expire le bail, compte tenu de la durée pour laquelle il a été signé</Paragraphe></Texte></Definition><Definition ID="R45485"><Titre>Notion de "travaux d'amélioration" dans les parties communes ou privatives</Titre><Texte><Paragraphe>Travaux apportant une valeur ajoutée au logement loué : équipement ou service nouveau ou de qualité supérieure à l'existant, réduction de dépenses d'entretien et d'exploitation, sécurisation de l'immeuble et de ses occupants. Exemple : pose de parquet, installation d'une cuisine équipée, installation d'un digicode, installation d'un ascenseur...</Paragraphe></Texte><Reference type="Texte de référence" URL="http://questions.assemblee-nationale.fr/q9/9-51417QE.htm" ID="R49585"><Titre>Réponse ministérielle du 6 avril 1992 relative à la notion de "travaux d'amélioration" dans les parties communes et privatives</Titre></Reference></Definition><Abreviation ID="R63115" type="Sigle"><Titre>DPE</Titre><Texte><Paragraphe>Diagnostic de performance énergétique</Paragraphe></Texte></Abreviation><Abreviation ID="R24408" type="Sigle"><Titre>TTC</Titre><Texte><Paragraphe>Toutes taxes comprises</Paragraphe></Texte></Abreviation><QuestionReponse ID="F31301" audience="Particuliers"><Titre>Que faire en cas de litige lié à la location d'un logement ?</Titre></QuestionReponse><QuestionReponse ID="F34401" audience="Particuliers"><Titre>Complément de loyer : quelles sont les règles ?</Titre></QuestionReponse></Publication>