<?xml version="1.0" encoding="UTF-8"?><Publication xmlns:dc="http://purl.org/dc/elements/1.1/" xmlns:xsi="http://www.w3.org/2001/XMLSchema-instance" ID="F36470" type="Recherche guidée" xsi:noNamespaceSchemaLocation="../Schemas/3.4/Publication.xsd" spUrl="https://www.service-public.fr/particuliers/vosdroits/F36470"><dc:title>[Travail le dimanche]</dc:title><dc:creator>Direction de l'information légale et administrative</dc:creator><dc:subject>Travail - Formation</dc:subject><dc:description>[Travail le dimanche]</dc:description><dc:publisher>Direction de l'information légale et administrative</dc:publisher><dc:contributor>Direction de l'information légale et administrative (Premier ministre)</dc:contributor><dc:date>modified 2022-07-08</dc:date><dc:type>Recherche guidée</dc:type><dc:format>text/xml</dc:format><dc:identifier>F36470</dc:identifier><dc:language>Fr</dc:language><dc:relation>isPartOf N458</dc:relation><dc:coverage>France entière</dc:coverage><dc:rights>https://www.service-public.fr/a-propos/mentions-legales</dc:rights><SurTitre>Recherche guidée</SurTitre><Audience>Particuliers</Audience><Canal>www.service-public.fr</Canal><FilDAriane><Niveau ID="Particuliers">Accueil particuliers</Niveau><Niveau ID="N19806">Travail - Formation</Niveau><Niveau ID="N458">Temps de travail dans le secteur privé</Niveau><Niveau ID="F36470" type="Recherche guidée">[Travail le dimanche]</Niveau></FilDAriane><Theme ID="N19806"><Titre>Travail - Formation</Titre></Theme><SousThemePere ID="N31777">Temps de travail</SousThemePere><DossierPere ID="N458"><Titre>Temps de travail dans le secteur privé</Titre><SousDossier ID="N458-1"><Titre>Durée du travail</Titre><Fiche ID="F1911">Durée du travail à temps complet</Fiche><Fiche ID="F2216">Durée du travail d'un jeune avant 18 ans</Fiche><Fiche ID="F19261">Convention de forfait (en heures ou en jours)</Fiche></SousDossier><SousDossier ID="N458-2"><Titre>Travail à temps partiel</Titre><Fiche ID="F32428">Temps partiel</Fiche><Fiche ID="F2332">Congé parental à temps partiel</Fiche></SousDossier><SousDossier ID="N458-3"><Titre>Repos</Titre><Fiche ID="F990">Repos quotidien</Fiche><Fiche ID="F2327">Repos hebdomadaire</Fiche><Fiche ID="F13887">Repos dominical</Fiche><Fiche ID="F1907">Compte épargne-temps</Fiche></SousDossier><SousDossier ID="N458-4"><Titre>Aménagement du temps de travail</Titre><Fiche ID="F75">Répartition des horaires</Fiche><Fiche ID="F74">Horaires individualisés</Fiche></SousDossier><SousDossier ID="N458-5"><Titre>Heures supplémentaires, équivalence et astreintes</Titre><Fiche ID="F2391">Heures supplémentaires</Fiche><Fiche ID="F1903">Heures d'équivalence</Fiche><Fiche ID="F20873">Astreintes</Fiche></SousDossier></DossierPere><SousDossierPere>Repos</SousDossierPere><Problematiques><Problematique><Titre><Paragraphe>Vous travaillez dans les départements du Haut-Rhin, du Bas-Rhin et de Moselle</Paragraphe></Titre><SiSelectionne><affecteVrai var="T11724"/></SiSelectionne><LienInterne LienPublication="F13887" type="Fiche d'information conditionnée" audience="Particuliers"/></Problematique><Problematique><Titre><Paragraphe>Vous travaillez dans un autre département</Paragraphe></Titre><Branche><Titre><Paragraphe>Vous travaillez dans le secteur du commerce de détail</Paragraphe></Titre><SiSelectionne><affecteVrai var="T11902"/></SiSelectionne><LienInterne LienPublication="F13887" type="Fiche d'information conditionnée" audience="Particuliers"/></Branche><Branche><Titre><Paragraphe>Vous travaillez dans un autre secteur</Paragraphe></Titre><SiSelectionne><affecteVrai var="T11723"/></SiSelectionne><LienInterne LienPublication="F13887" type="Fiche d'information conditionnée" audience="Particuliers"/></Branche></Problematique></Problematiques></Publication>