<?xml version="1.0" encoding="UTF-8"?><Publication xmlns:dc="http://purl.org/dc/elements/1.1/" xmlns:xsi="http://www.w3.org/2001/XMLSchema-instance" ID="F36477" type="Recherche guidée" xsi:noNamespaceSchemaLocation="../Schemas/3.4/Publication.xsd" spUrl="https://www.service-public.fr/particuliers/vosdroits/F36477"><dc:title>[Carte grise - Co]llection]</dc:title><dc:creator>Direction de l'information légale et administrative</dc:creator><dc:subject>Transports - Mobilité</dc:subject><dc:description>[Carte grise - Co]llection]</dc:description><dc:publisher>Direction de l'information légale et administrative</dc:publisher><dc:contributor>Direction de l'information légale et administrative (Premier ministre)</dc:contributor><dc:date>modified 2022-07-08</dc:date><dc:type>Recherche guidée</dc:type><dc:format>text/xml</dc:format><dc:identifier>F36477</dc:identifier><dc:language>Fr</dc:language><dc:relation>isPartOf N367</dc:relation><dc:coverage>France entière</dc:coverage><dc:rights>https://www.service-public.fr/a-propos/mentions-legales</dc:rights><SurTitre>Recherche guidée</SurTitre><Audience>Particuliers</Audience><Canal>www.service-public.fr</Canal><FilDAriane><Niveau ID="Particuliers">Accueil particuliers</Niveau><Niveau ID="N19812">Transports - Mobilité</Niveau><Niveau ID="N367">Carte grise (certificat d'immatriculation)</Niveau><Niveau ID="F36477" type="Recherche guidée">[Carte grise - Co]llection]</Niveau></FilDAriane><Theme ID="N19812"><Titre>Transports - Mobilité</Titre></Theme><DossierPere ID="N367"><Titre>Carte grise (certificat d'immatriculation)</Titre><SousDossier ID="N367-1"><Titre>Vendre (ou donner) un véhicule</Titre><Fiche ID="F1707">Démarches à accomplir</Fiche><Fiche ID="F1360">Obtenir un certificat de non gage</Fiche></SousDossier><SousDossier ID="N367-2"><Titre>Immatriculer un véhicule</Titre><Fiche ID="F10293">Immatriculer un véhicule neuf</Fiche><Fiche ID="F1050">Immatriculer un véhicule d'occasion</Fiche><Fiche ID="F10522">Immatriculer un tracteur ou un véhicule agricole</Fiche><Fiche ID="F1480">Hériter d'un véhicule</Fiche><Fiche ID="F1726">Demander un duplicata suite à une perte, un vol ou une détérioration</Fiche></SousDossier><SousDossier ID="N367-3"><Titre>Titulaire du certificat et modification de sa situation</Titre><Fiche ID="F10477">Titulaire et cotitulaire de la carte grise</Fiche><Fiche ID="F12118">Changement d'adresse</Fiche><Fiche ID="F10613">Ajouter une autre personne sur sa carte grise</Fiche><Fiche ID="F31218">Retirer une personne sur la carte grise</Fiche><Fiche ID="F16876">Changement du nom du titulaire</Fiche></SousDossier><SousDossier ID="N367-4"><Titre>Modifications du véhicule</Titre><Fiche ID="F1754">Véhicule retiré de la circulation</Fiche><Fiche ID="F1473">Véhicule accidenté</Fiche><Fiche ID="F1478">Véhicule transformé</Fiche><Fiche ID="F1468">Véhicule à détruire</Fiche></SousDossier><SousDossier ID="N367-5"><Titre>Plaques d'immatriculation</Titre><Fiche ID="F20319">Caractéristiques</Fiche><Fiche ID="F18679">Vol</Fiche><Fiche ID="F34375">Usurpation</Fiche></SousDossier></DossierPere><Problematiques><Problematique><Titre><Paragraphe>Vous avez un véhicule de plus de 30 ans</Paragraphe></Titre><TitreChoix><Paragraphe>Vous avez un véhicule de plus de 30 ans</Paragraphe></TitreChoix><SiSelectionne><affecteVrai var="T10104"/></SiSelectionne><LienInterne LienPublication="F1925" type="Fiche Question-réponse conditionnée" audience="Particuliers"/></Problematique><Problematique><Titre><Paragraphe>Vous achetez un véhicule de plus de 30 ans</Paragraphe></Titre><TitreChoix><Paragraphe>Vous achetez un véhicule de plus de 30 ans</Paragraphe></TitreChoix><SiSelectionne><affecteVrai var="T10107"/></SiSelectionne><LienInterne LienPublication="F1925" type="Fiche Question-réponse conditionnée" audience="Particuliers"/></Problematique></Problematiques></Publication>