<?xml version="1.0" encoding="UTF-8"?><Publication xmlns:dc="http://purl.org/dc/elements/1.1/" xmlns:xsi="http://www.w3.org/2001/XMLSchema-instance" ID="F36494" type="Recherche guidée" xsi:noNamespaceSchemaLocation="../Schemas/3.4/Publication.xsd" spUrl="https://www.service-public.fr/particuliers/vosdroits/F36494"><dc:title>[Collectionner des armes]</dc:title><dc:creator>Direction de l'information légale et administrative</dc:creator><dc:subject>Loisirs - Sports - Culture</dc:subject><dc:description>[Collectionner des armes]</dc:description><dc:publisher>Direction de l'information légale et administrative</dc:publisher><dc:contributor>Direction de l'information légale et administrative (Premier ministre)</dc:contributor><dc:date>modified 2022-07-13</dc:date><dc:type>Recherche guidée</dc:type><dc:format>text/xml</dc:format><dc:identifier>F36494</dc:identifier><dc:language>Fr</dc:language><dc:relation>isPartOf N287</dc:relation><dc:coverage>France entière</dc:coverage><dc:rights>https://www.service-public.fr/a-propos/mentions-legales</dc:rights><SurTitre>Recherche guidée</SurTitre><Audience>Particuliers</Audience><Canal>www.service-public.fr</Canal><FilDAriane><Niveau ID="Particuliers">Accueil particuliers</Niveau><Niveau ID="N19809">Loisirs - Sports - Culture</Niveau><Niveau ID="N287">Armes</Niveau><Niveau ID="F36494" type="Recherche guidée">[Collectionner des armes]</Niveau></FilDAriane><Theme ID="N19809"><Titre>Loisirs - Sports - Culture</Titre></Theme><SousThemePere ID="N19969">Chasse et pêche</SousThemePere><DossierPere ID="N287"><Titre>Armes</Titre><Fiche ID="F2242">Arme à feu et matériel de guerre de catégorie A</Fiche><Fiche ID="F2250">Arme de catégorie B (soumise à autorisation)</Fiche><Fiche ID="F2246">Arme de catégorie C (soumise à déclaration)</Fiche><Fiche ID="F2248">Arme de catégorie D (acquisition et détention libres)</Fiche><Fiche ID="F2273">Carte européenne d'armes à feu</Fiche></DossierPere><Problematiques><Problematique><Titre><Paragraphe>Il s'agit d'une arme ancienne, d'une reproduction d'arme historique et de collection ou d'une arme neutralisée</Paragraphe></Titre><TitreChoix><Paragraphe>Il s'agit d'une arme ancienne, d'une reproduction d'arme historique et de collection ou d'une arme neutralisée</Paragraphe></TitreChoix><SiSelectionne><affecteVrai var="T12852"/></SiSelectionne><LienInterne LienPublication="F33655" type="Fiche Question-réponse conditionnée" audience="Particuliers"/></Problematique><Problematique><Titre><Paragraphe>Il s'agit d'une arme de catégorie C</Paragraphe></Titre><TitreChoix><Paragraphe>Il s'agit d'une arme de catégorie C</Paragraphe></TitreChoix><Aide><Paragraphe>Pour faire du tir sportif ou pour chasser</Paragraphe></Aide><SiSelectionne><affecteVrai var="T12853"/></SiSelectionne><LienInterne LienPublication="F33655" type="Fiche Question-réponse conditionnée" audience="Particuliers"/></Problematique></Problematiques></Publication>