<?xml version="1.0" encoding="UTF-8"?><Publication xmlns:dc="http://purl.org/dc/elements/1.1/" xmlns:xsi="http://www.w3.org/2001/XMLSchema-instance" ID="F36513" type="Recherche guidée" xsi:noNamespaceSchemaLocation="../Schemas/3.4/Publication.xsd" spUrl="https://www.service-public.fr/particuliers/vosdroits/F36513"><dc:title>[RG - Légalisation ou apostille d'un document français]</dc:title><dc:creator>Direction de l'information légale et administrative</dc:creator><dc:subject>Papiers - Citoyenneté - Élections</dc:subject><dc:description>[RG - Légalisation ou apostille d'un document français]</dc:description><dc:publisher>Direction de l'information légale et administrative</dc:publisher><dc:contributor>Direction de l'information légale et administrative (Premier ministre)</dc:contributor><dc:date>modified 2022-07-13</dc:date><dc:type>Recherche guidée</dc:type><dc:format>text/xml</dc:format><dc:identifier>F36513</dc:identifier><dc:language>Fr</dc:language><dc:relation>isPartOf N365</dc:relation><dc:coverage>France entière</dc:coverage><dc:rights>https://www.service-public.fr/a-propos/mentions-legales</dc:rights><SurTitre>Recherche guidée</SurTitre><Audience>Particuliers</Audience><Canal>www.service-public.fr</Canal><FilDAriane><Niveau ID="Particuliers">Accueil particuliers</Niveau><Niveau ID="N19810">Papiers - Citoyenneté - Élections</Niveau><Niveau ID="N365">Certificat, copie, légalisation et conservation de documents</Niveau><Niveau ID="F36513" type="Recherche guidée">[RG - Légalisation ou apostille d'un document français]</Niveau></FilDAriane><Theme ID="N19810"><Titre>Papiers - Citoyenneté - Élections</Titre></Theme><SousThemePere ID="N103">Identité - Authentification</SousThemePere><DossierPere ID="N365"><Titre>Certificat, copie, légalisation et conservation de documents</Titre><Fiche ID="F1051">Certificat de nationalité française (CNF)</Fiche><Fiche ID="F1400">Légalisation ou apostille d'un document français pour une autorité étrangère</Fiche><Fiche ID="F1402">Légalisation d'un document d'origine étrangère pour faire une démarche en France</Fiche><Fiche ID="F1411">Légalisation de signature</Fiche><Fiche ID="F1412">Copie certifiée conforme</Fiche><Fiche ID="F19134">Durée de conservation des papiers</Fiche></DossierPere><Problematiques><Problematique><Titre><Paragraphe>Pour un pays de l'Union européenne</Paragraphe></Titre><TitreChoix><Paragraphe>Pour un pays de l'Union européenne</Paragraphe></TitreChoix><SiSelectionne><affecteVrai var="T11206"/></SiSelectionne><LienInterne LienPublication="F1400" type="Fiche d'information conditionnée" audience="Particuliers"/></Problematique><Problematique><Titre><Paragraphe>Pour un autre pays</Paragraphe></Titre><TitreChoix><Paragraphe>Pour un autre pays</Paragraphe></TitreChoix><SiSelectionne><affecteVrai var="T11723"/></SiSelectionne><LienInterne LienPublication="F1400" type="Fiche d'information conditionnée" audience="Particuliers"/></Problematique></Problematiques></Publication>