<?xml version="1.0" encoding="UTF-8"?><Publication xmlns:dc="http://purl.org/dc/elements/1.1/" xmlns:xsi="http://www.w3.org/2001/XMLSchema-instance" ID="F36514" type="Recherche guidée" xsi:noNamespaceSchemaLocation="../Schemas/3.4/Publication.xsd" spUrl="https://www.service-public.fr/particuliers/vosdroits/F36514"><dc:title>[RG - Infraction pénale : peines complémentaires]</dc:title><dc:creator>Direction de l'information légale et administrative</dc:creator><dc:subject>Justice</dc:subject><dc:description>[RG - Infraction pénale : peines complémentaires]</dc:description><dc:publisher>Direction de l'information légale et administrative</dc:publisher><dc:contributor>Direction de l'information légale et administrative (Premier ministre)</dc:contributor><dc:date>modified 2022-07-13</dc:date><dc:type>Recherche guidée</dc:type><dc:format>text/xml</dc:format><dc:identifier>F36514</dc:identifier><dc:language>Fr</dc:language><dc:relation>isPartOf N275</dc:relation><dc:coverage>France entière</dc:coverage><dc:rights>https://www.service-public.fr/a-propos/mentions-legales</dc:rights><SurTitre>Recherche guidée</SurTitre><Audience>Particuliers</Audience><Canal>www.service-public.fr</Canal><FilDAriane><Niveau ID="Particuliers">Accueil particuliers</Niveau><Niveau ID="N19807">Justice</Niveau><Niveau ID="N275">Condamnations et peines</Niveau><Niveau ID="F36514" type="Recherche guidée">[RG - Infraction pénale : peines complémentaires]</Niveau></FilDAriane><Theme ID="N19807"><Titre>Justice</Titre></Theme><SousThemePere ID="N20334">Sanctions pénales</SousThemePere><DossierPere ID="N275"><Titre>Condamnations et peines</Titre><SousDossier ID="N275-1"><Titre>Peines principales et complémentaires</Titre><Fiche ID="F32803">Amendes</Fiche><Fiche ID="F35705">Peine de prison ferme</Fiche><Fiche ID="F1406">Peines complémentaires</Fiche><Fiche ID="F1407">Travail d'intérêt général (TIG)</Fiche></SousDossier><SousDossier ID="N275-2"><Titre>Exécution des condamnations</Titre><Fiche ID="F1779">Décision du juge pénal</Fiche><Fiche ID="F1531">Application du sursis</Fiche></SousDossier><SousDossier ID="N275-3"><Titre>Suivi des anciens détenus</Titre><Fiche ID="F1278">Surveillance de sûreté</Fiche><Fiche ID="F18535">Rétention de sûreté</Fiche><Fiche ID="F32562">Libération conditionnelle</Fiche><Fiche ID="F34150">Libération sous contrainte</Fiche></SousDossier><SousDossier ID="N275-4"><Titre>Casier judiciaire</Titre><Fiche ID="F14710">Contenu du casier</Fiche><Fiche ID="F1420">Demande de bulletin numéro 3</Fiche></SousDossier></DossierPere><SousDossierPere>Peines principales et complémentaires</SousDossierPere><Problematiques><Problematique><Titre><Paragraphe>Pour une contravention</Paragraphe></Titre><TitreChoix><Paragraphe>Pour une contravention</Paragraphe></TitreChoix><SiSelectionne><affecteVrai var="T12852"/></SiSelectionne><LienInterne LienPublication="F1406" type="Fiche d'information conditionnée" audience="Particuliers"/></Problematique><Problematique><Titre><Paragraphe>Pour un délit</Paragraphe></Titre><TitreChoix><Paragraphe>Pour un délit</Paragraphe></TitreChoix><SiSelectionne><affecteVrai var="T12853"/></SiSelectionne><LienInterne LienPublication="F1406" type="Fiche d'information conditionnée" audience="Particuliers"/></Problematique><Problematique><Titre><Paragraphe>Pour un crime</Paragraphe></Titre><TitreChoix><Paragraphe>Pour un crime</Paragraphe></TitreChoix><SiSelectionne><affecteVrai var="T14247"/></SiSelectionne><LienInterne LienPublication="F1406" type="Fiche d'information conditionnée" audience="Particuliers"/></Problematique></Problematiques></Publication>