<?xml version="1.0" encoding="UTF-8"?><Publication xmlns:dc="http://purl.org/dc/elements/1.1/" xmlns:xsi="http://www.w3.org/2001/XMLSchema-instance" ID="F36837" type="Recherche guidée" xsi:noNamespaceSchemaLocation="../Schemas/3.4/Publication.xsd" spUrl="https://www.service-public.fr/particuliers/vosdroits/F36837"><dc:title>Bonus vélo : règles depuis le 29 décembre 2022</dc:title><dc:creator>Direction de l'information légale et administrative</dc:creator><dc:subject>Transports - Mobilité</dc:subject><dc:description>Bonus vélo : règles depuis le 29 décembre 2022</dc:description><dc:publisher>Direction de l'information légale et administrative</dc:publisher><dc:contributor>Direction de l'information légale et administrative (Premier ministre)</dc:contributor><dc:date>modified 2022-12-28</dc:date><dc:type>Recherche guidée</dc:type><dc:format>text/xml</dc:format><dc:identifier>F36837</dc:identifier><dc:language>Fr</dc:language><dc:relation>isPartOf N18131</dc:relation><dc:coverage>France entière</dc:coverage><dc:rights>https://www.service-public.fr/a-propos/mentions-legales</dc:rights><SurTitre>Recherche guidée</SurTitre><Audience>Particuliers</Audience><Canal>www.service-public.fr</Canal><FilDAriane><Niveau ID="Particuliers">Accueil particuliers</Niveau><Niveau ID="N19812">Transports - Mobilité</Niveau><Niveau ID="N18131">Mesures antipollution</Niveau><Niveau ID="F36837" type="Recherche guidée">Bonus vélo : règles depuis le 29 décembre 2022</Niveau></FilDAriane><Theme ID="N19812"><Titre>Transports - Mobilité</Titre></Theme><DossierPere ID="N18131"><Titre>Mesures antipollution</Titre><SousDossier ID="N18131-1"><Titre>Prime à la conversion voiture, camionnette, 2 ou 3 roues ou quadricycle à moteur</Titre><Fiche ID="F36848">Voiture</Fiche><Fiche ID="F36849">Camionnette</Fiche><Fiche ID="F36850">2 ou 3 roues ou quadricycle à moteur</Fiche></SousDossier><SousDossier ID="N18131-2"><Titre>Prime à la conversion vélo</Titre><Fiche ID="F36827">Vélo</Fiche></SousDossier><SousDossier ID="N18131-3"><Titre>Bonus écologique voiture, camionnette, 2, 3 roues, quadricycle à moteur</Titre><Fiche ID="F36844">Voiture</Fiche><Fiche ID="F36846">Camionnette</Fiche><Fiche ID="F36847">2 ou 3 roues ou quadricycle à moteur</Fiche></SousDossier><SousDossier ID="N18131-4"><Titre>Bonus écologique vélo</Titre><Fiche ID="F36828">Vélo</Fiche></SousDossier><SousDossier ID="N18131-5"><Titre>Prime au rétrofit</Titre><Fiche ID="F36875">Voiture</Fiche><Fiche ID="F36876">Camionnette</Fiche><Fiche ID="F36877">2 ou 3 roues ou quadricycle à moteur</Fiche></SousDossier><SousDossier ID="N18131-6"><Titre>Autres dispositifs contre la pollution de l'air</Titre><Fiche ID="F35947">Malus automobile 2024</Fiche><Fiche ID="F35950">Malus masse 2024</Fiche><Fiche ID="F33371">Vignette Crit'Air</Fiche><Fiche ID="F37557">Aide pour louer une voiture électrique à partir de 2024 (leasing électrique)</Fiche></SousDossier></DossierPere><SousDossierPere>Bonus écologique vélo</SousDossierPere><Problematiques><Problematique><Titre><Paragraphe>Personne ayant un handicap</Paragraphe></Titre><SiSelectionne><affecteVrai var="T11252"/></SiSelectionne><Branche><Titre><Paragraphe>Vous achetez un vélo classique non électrique</Paragraphe></Titre><SiSelectionne><affecteVrai var="T15178"/></SiSelectionne><LienInterne LienPublication="F36828" type="Fiche d'information conditionnée" audience="Particuliers"/></Branche><Branche><Titre><Paragraphe>Vous achetez un vélo électrique</Paragraphe></Titre><SiSelectionne><affecteVrai var="T15179"/></SiSelectionne><LienInterne LienPublication="F36828" type="Fiche d'information conditionnée" audience="Particuliers"/></Branche><Branche><Titre><Paragraphe>Vous achetez un vélo cargo (électrique ou non)</Paragraphe></Titre><SiSelectionne><affecteVrai var="T11723"/></SiSelectionne><LienInterne LienPublication="F36828" type="Fiche d'information conditionnée" audience="Particuliers"/></Branche><Branche><Titre><Paragraphe>Vous achetez un vélo pliant (électrique ou non)</Paragraphe></Titre><SiSelectionne><affecteVrai var="T11723"/></SiSelectionne><LienInterne LienPublication="F36828" type="Fiche d'information conditionnée" audience="Particuliers"/></Branche><Branche><Titre><Paragraphe>Vous achetez un vélo adapté aux personnes en situation de handicap (électrique ou non)</Paragraphe></Titre><SiSelectionne><affecteVrai var="T11723"/></SiSelectionne><LienInterne LienPublication="F36828" type="Fiche d'information conditionnée" audience="Particuliers"/></Branche><Branche><Titre><Paragraphe>Vous achetez une remorque électrique</Paragraphe></Titre><SiSelectionne><affecteVrai var="T11723"/></SiSelectionne><LienInterne LienPublication="F36828" type="Fiche d'information conditionnée" audience="Particuliers"/></Branche></Problematique><Problematique><Titre><Paragraphe>Autre situation</Paragraphe></Titre><SiSelectionne><affecteVrai var="T14355"/></SiSelectionne><Branche><Titre><Paragraphe>Votre revenu fiscal de référence par part est inférieur ou égal à 6 358 €</Paragraphe></Titre><Aide><Paragraphe>Revenu fiscal de référence (RFR) à prendre en compte :</Paragraphe><Liste type="puce"><Item><Paragraphe>pour un achat en 2022 : RFR de 2020 (avis d'imposition de 2021)</Paragraphe></Item><Item><Paragraphe>pour un achat en 2023 : RFR de 2021 (avis d'imposition de 2022)</Paragraphe></Item></Liste></Aide><SiSelectionne><affecteVrai var="T12852"/></SiSelectionne><Branche><Titre><Paragraphe>Vous achetez un vélo classique non électrique</Paragraphe></Titre><SiSelectionne><affecteVrai var="T15178"/></SiSelectionne><LienInterne LienPublication="F36828" type="Fiche d'information conditionnée" audience="Particuliers"/></Branche><Branche><Titre><Paragraphe>Vous achetez un vélo électrique</Paragraphe></Titre><SiSelectionne><affecteVrai var="T15179"/></SiSelectionne><LienInterne LienPublication="F36828" type="Fiche d'information conditionnée" audience="Particuliers"/></Branche><Branche><Titre><Paragraphe>Vous achetez un vélo cargo (électrique ou non)</Paragraphe></Titre><SiSelectionne><affecteVrai var="T11723"/></SiSelectionne><LienInterne LienPublication="F36828" type="Fiche d'information conditionnée" audience="Particuliers"/></Branche><Branche><Titre><Paragraphe>Vous achetez un vélo pliant (électrique ou non)</Paragraphe></Titre><SiSelectionne><affecteVrai var="T11723"/></SiSelectionne><LienInterne LienPublication="F36828" type="Fiche d'information conditionnée" audience="Particuliers"/></Branche><Branche><Titre><Paragraphe>Vous achetez un vélo adapté aux personnes en situation de handicap (électrique ou non)</Paragraphe></Titre><SiSelectionne><affecteVrai var="T11723"/></SiSelectionne><LienInterne LienPublication="F36828" type="Fiche d'information conditionnée" audience="Particuliers"/></Branche><Branche><Titre><Paragraphe>Vous achetez une remorque électrique</Paragraphe></Titre><SiSelectionne><affecteVrai var="T11723"/></SiSelectionne><LienInterne LienPublication="F36828" type="Fiche d'information conditionnée" audience="Particuliers"/></Branche></Branche><Branche><Titre><Paragraphe>Votre revenu fiscal de référence par part est compris entre 6 359 € et 14 089 €</Paragraphe></Titre><Aide><Paragraphe>Revenu fiscal de référence (RFR) à prendre en compte :</Paragraphe><Liste type="puce"><Item><Paragraphe>pour un achat en 2022 : RFR de 2020 (avis d'imposition de 2021)</Paragraphe></Item><Item><Paragraphe>pour un achat en 2023 : RFR de 2021 (avis d'imposition de 2022)</Paragraphe></Item></Liste><Paragraphe>Vous ne pouvez pas bénéficier du bonus vélo si votre RFR par part est supérieur à 14 089 €</Paragraphe></Aide><SiSelectionne><affecteVrai var="T12853"/></SiSelectionne><Branche><Titre><Paragraphe>Vous achetez un vélo électrique</Paragraphe></Titre><SiSelectionne><affecteVrai var="T15179"/></SiSelectionne><LienInterne LienPublication="F36828" type="Fiche d'information conditionnée" audience="Particuliers"/></Branche><Branche><Titre><Paragraphe>Vous achetez un vélo cargo (électrique ou non)</Paragraphe></Titre><SiSelectionne><affecteVrai var="T11723"/></SiSelectionne><LienInterne LienPublication="F36828" type="Fiche d'information conditionnée" audience="Particuliers"/></Branche><Branche><Titre><Paragraphe>Vous achetez un vélo pliant (électrique ou non)</Paragraphe></Titre><SiSelectionne><affecteVrai var="T11723"/></SiSelectionne><LienInterne LienPublication="F36828" type="Fiche d'information conditionnée" audience="Particuliers"/></Branche><Branche><Titre><Paragraphe>Vous achetez un vélo adapté aux personnes en situation de handicap (électrique ou non)</Paragraphe></Titre><SiSelectionne><affecteVrai var="T11723"/></SiSelectionne><LienInterne LienPublication="F36828" type="Fiche d'information conditionnée" audience="Particuliers"/></Branche><Branche><Titre><Paragraphe>Vous achetez une remorque électrique</Paragraphe></Titre><SiSelectionne><affecteVrai var="T11723"/></SiSelectionne><LienInterne LienPublication="F36828" type="Fiche d'information conditionnée" audience="Particuliers"/></Branche></Branche></Problematique></Problematiques></Publication>