<?xml version="1.0" encoding="UTF-8"?><Publication xmlns:dc="http://purl.org/dc/elements/1.1/" xmlns:xsi="http://www.w3.org/2001/XMLSchema-instance" ID="F388" type="Fiche d'information conditionnée" xsi:noNamespaceSchemaLocation="../Schemas/3.4/Publication.xsd" dateDerniereModificationImportante="2023-01-01T00:00:00" spUrl="https://www.service-public.fr/particuliers/vosdroits/F388"><dc:title>Impôt sur le revenu - Déclarer un changement de situation familiale</dc:title><dc:creator>Direction de l'information légale et administrative</dc:creator><dc:subject>Argent - Impôts - Consommation</dc:subject><dc:description>Votre situation familiale a changé (mariage, conclusion d'un Pacs, séparation ou divorce, décès...) ? Vous devez le signaler aux services fiscaux. Tout changement de situation familiale modifie la manière dont vous devez effectuer votre déclaration de revenus. Il peut également avoir des conséquences sur votre taux de prélèvement à la source.</dc:description><dc:publisher>Direction de l'information légale et administrative</dc:publisher><dc:contributor>Direction de l'information légale et administrative (Premier ministre)</dc:contributor><dc:date>modified 2023-01-01</dc:date><dc:type>Fiche pratique</dc:type><dc:format>text/xml</dc:format><dc:identifier>F388</dc:identifier><dc:source>https://www.legifrance.gouv.fr/codes/id/LEGISCTA000006179569/, https://www.legifrance.gouv.fr/codes/id/LEGISCTA000006162524/, https://www.legifrance.gouv.fr/codes/id/LEGISCTA000006179577/, https://www.legifrance.gouv.fr/codes/id/LEGISCTA000006162526/, https://www.legifrance.gouv.fr/codes/id/LEGISCTA000006179314/, http://bofip.impots.gouv.fr/bofip/1374-PGP, http://bofip.impots.gouv.fr/bofip/1871-PGP.html, http://bofip.impots.gouv.fr/bofip/2081-PGP</dc:source><dc:language>Fr</dc:language><dc:relation>isPartOf N247</dc:relation><dc:coverage>France entière</dc:coverage><dc:rights>https://www.service-public.fr/a-propos/mentions-legales</dc:rights><SurTitre>Fiche pratique</SurTitre><Audience>Particuliers</Audience><Canal>www.service-public.fr</Canal><FilDAriane><Niveau ID="Particuliers">Accueil particuliers</Niveau><Niveau ID="N19803">Argent - Impôts - Consommation</Niveau><Niveau ID="N247">Impôt sur le revenu : déclaration et revenus à déclarer</Niveau><Niveau ID="F388" type="Fiche d'information conditionnée">Impôt sur le revenu - Déclarer un changement de situation familiale</Niveau></FilDAriane><Theme ID="N19803"><Titre>Argent - Impôts - Consommation</Titre></Theme><SousThemePere ID="N20073">Impôts, taxes et douane</SousThemePere><DossierPere ID="N247"><Titre>Impôt sur le revenu : déclaration et revenus à déclarer</Titre><SousDossier ID="N247-1"><Titre>Déclaration de revenus : mode d'emploi</Titre><Fiche ID="F369">Première déclaration</Fiche><Fiche ID="F358">Déclaration annuelle</Fiche><Fiche ID="F388">Changement de situation</Fiche></SousDossier><SousDossier ID="N247-2"><Titre>Quotient familial selon les personnes à charge</Titre><Fiche ID="F2633">Enfants mineurs</Fiche><Fiche ID="F3085">Enfants majeurs</Fiche><Fiche ID="F2661">Enfants handicapés</Fiche><Fiche ID="F387">Personnes invalides</Fiche></SousDossier><SousDossier ID="N247-3"><Titre>Quotient familial selon la situation personnelle</Titre><Fiche ID="F2702">Personne seule</Fiche><Fiche ID="F34088">Personne vivant en concubinage</Fiche><Fiche ID="F2705">Couple marié ou pacsé</Fiche><Fiche ID="F35120">Parent isolé avec au moins 1 enfant</Fiche><Fiche ID="F35127">Personne veuve</Fiche></SousDossier><SousDossier ID="N247-4"><Titre>Salaires et éléments du salaire</Titre><Fiche ID="F1225">Revenus d'activité salariée</Fiche><Fiche ID="F1226">Avantages en nature</Fiche><Fiche ID="F1989">Frais professionnels : déduction forfaitaire ou frais réels</Fiche><Fiche ID="F408">Indemnités de fin de contrat</Fiche><Fiche ID="F1228">Sommes perçues par les jeunes</Fiche></SousDossier><SousDossier ID="N247-5"><Titre>Pensions, retraites et rentes imposables</Titre><Fiche ID="F415">Pensions de retraite</Fiche><Fiche ID="F3169">Pensions d'invalidité</Fiche><Fiche ID="F3173">Rentes viagères</Fiche><Fiche ID="F3170">Pension alimentaire perçue par l'époux(se) ou ex-époux(se)</Fiche><Fiche ID="F35777">Pension alimentaire perçue par un enfant</Fiche><Fiche ID="F35778">Pension alimentaire perçue par un parent ou un grand-parent</Fiche></SousDossier><SousDossier ID="N247-6"><Titre>Revenus fonciers et mobiliers</Titre><Fiche ID="F2613">Revenus d'épargne et de placements</Fiche><Fiche ID="F21618">Plus-values sur valeurs mobilières</Fiche><Fiche ID="F10864">Plus-values immobilières</Fiche><Fiche ID="F1991">Revenus fonciers de location vide</Fiche><Fiche ID="F32744">Revenus d'une location meublée</Fiche></SousDossier></DossierPere><SousDossierPere>Déclaration de revenus : mode d'emploi</SousDossierPere><Introduction><Texte><Paragraphe>Votre situation familiale a changé (mariage, conclusion d'un Pacs, séparation ou divorce, décès...) ? Vous devez le signaler aux services fiscaux. Tout changement de situation familiale modifie la manière dont vous devez effectuer votre déclaration de revenus. Il peut également avoir des conséquences sur votre taux de prélèvement à la source.</Paragraphe></Texte></Introduction><Questionnaire><Branche><Titre><Paragraphe>Vous vous êtes marié ou pacsé</Paragraphe></Titre><SiSelectionne><affecteVrai var="T10282"/></SiSelectionne><Branche><Titre><Paragraphe>Vous déclarez vos revenus en ligne</Paragraphe></Titre><SiSelectionne><affecteVrai var="T13793"/></SiSelectionne></Branche><Branche><Titre><Paragraphe>Vous ne déclarez pas vos revenus en ligne</Paragraphe></Titre><SiSelectionne><affecteVrai var="T13794"/></SiSelectionne></Branche></Branche><Branche><Titre><Paragraphe>Vous vous êtes séparé</Paragraphe></Titre><SiSelectionne><affecteVrai var="T10950"/></SiSelectionne><Branche><Titre><Paragraphe>Vous déclarez vos revenus en ligne</Paragraphe></Titre><SiSelectionne><affecteVrai var="T13793"/></SiSelectionne></Branche><Branche><Titre><Paragraphe>Vous ne déclarez pas vos revenus en ligne</Paragraphe></Titre><SiSelectionne><affecteVrai var="T13794"/></SiSelectionne></Branche></Branche><Branche><Titre><Paragraphe>Votre conjoint est décédé</Paragraphe></Titre><SiSelectionne><affecteVrai var="T10951"/></SiSelectionne><Branche><Titre><Paragraphe>Vous déclarez vos revenus en ligne</Paragraphe></Titre><SiSelectionne><affecteVrai var="T13793"/></SiSelectionne></Branche><Branche><Titre><Paragraphe>Vous ne déclarez pas vos revenus en ligne</Paragraphe></Titre><SiSelectionne><affecteVrai var="T13794"/></SiSelectionne></Branche></Branche><Branche><Titre><Paragraphe>Vous venez d'avoir un enfant</Paragraphe></Titre><SiSelectionne><affecteVrai var="T11250"/></SiSelectionne><Branche><Titre><Paragraphe>Vous déclarez vos revenus en ligne</Paragraphe></Titre><SiSelectionne><affecteVrai var="T13793"/></SiSelectionne></Branche><Branche><Titre><Paragraphe>Vous ne déclarez pas vos revenus en ligne</Paragraphe></Titre><SiSelectionne><affecteVrai var="T13794"/></SiSelectionne></Branche></Branche></Questionnaire><Texte><Chapitre><Titre><Paragraphe>Vous venez de vous marier ou de vous pacser</Paragraphe></Titre><Condition><estVrai var="T10282"/></Condition><Paragraphe>Vous devez le signaler à votre service des impôts.</Paragraphe><Paragraphe>La démarche se fait sur internet.</Paragraphe><Paragraphe>Si vous n'y avez pas accès, la démarche se fait par courrier.</Paragraphe><BlocCas affichage="onglet"><Cas><Titre>Sur internet</Titre><Condition><estVrai var="T13793"/></Condition><Paragraphe>Vous devez signaler le changement en vous connectant sur votre espace du site <Expression>impots.gouv.fr</Expression>, à la rubrique <Expression>Gérer mon prélèvement à la source</Expression>.</Paragraphe><ServiceEnLigne ID="R3120" URL="https://cfspart.impots.gouv.fr/LoginMDP" audience="Particuliers" type="Téléservice"><Titre>Impôts : accéder à votre espace Particulier</Titre><Source ID="R30612">Ministère chargé des finances</Source></ServiceEnLigne><Paragraphe>Indiquez les informations suivantes :</Paragraphe><Liste type="puce"><Item><Paragraphe>Date du mariage ou du Pacs</Paragraphe></Item><Item><Paragraphe>Coordonnées de votre partenaire (nom, prénom, date de naissance et numéro fiscal)</Paragraphe></Item><Item><Paragraphe>Coordonnées bancaires de votre nouveau foyer fiscal</Paragraphe></Item><Item><Paragraphe>Revenus du nouveau foyer</Paragraphe></Item></Liste><Paragraphe>Ces informations permettent de déterminer votre nouveau taux de prélèvement. Vous pouvez aussi le personnaliser.</Paragraphe><Paragraphe>Le nouveau taux sera adressé à votre employeur ou l'organisme qui vous verse des revenus.</Paragraphe><Paragraphe>Il s'appliquera au plus tard 2 mois après la date de la transmission.</Paragraphe></Cas><Cas><Titre>Par courrier</Titre><Condition><estVrai var="T13794"/></Condition><Paragraphe>Indiquez les informations suivantes :</Paragraphe><Liste type="puce"><Item><Paragraphe>Date du mariage ou du Pacs</Paragraphe></Item><Item><Paragraphe>Coordonnées de votre partenaire (nom, prénom, date de naissance et numéro fiscal)</Paragraphe></Item><Item><Paragraphe>Coordonnées bancaires de votre nouveau foyer fiscal</Paragraphe></Item><Item><Paragraphe>Revenus du nouveau foyer</Paragraphe></Item></Liste><OuSAdresser ID="R15019" sve="non" type="Local personnalisable"><Titre>Service en charge des impôts (trésorerie, service des impôts...)</Titre><PivotLocal>centre_impots</PivotLocal><RessourceWeb URL="https://www.impots.gouv.fr/portail/contacts"/><Source ID="R30612">Ministère chargé des finances</Source></OuSAdresser><Paragraphe>Ces informations permettent de déterminer votre nouveau taux de prélèvement. Vous pouvez aussi le personnaliser.</Paragraphe><Paragraphe>Le nouveau taux sera adressé à votre employeur ou l'organisme qui vous verse des revenus</Paragraphe><Paragraphe>Il s'appliquera au plus tard 2 mois après la date de la transmission.</Paragraphe></Cas></BlocCas></Chapitre><Chapitre><Titre><Paragraphe>Vous venez de divorcer ou de rompre un Pacs</Paragraphe></Titre><Condition><estVrai var="T10950"/></Condition><Paragraphe>Vous devez le signaler à votre service des impôts.</Paragraphe><Paragraphe>La démarche se fait sur internet.</Paragraphe><Paragraphe>Si vous n'y avez pas accès, la démarche se fait par courrier.</Paragraphe><BlocCas affichage="onglet"><Cas><Titre>Sur internet</Titre><Condition><estVrai var="T13793"/></Condition><Paragraphe>Vous devez le signaler en vous connectant sur votre espace du site <Expression>impots.gouv.fr</Expression>, à la rubrique <Expression>Gérer mon prélèvement à la source</Expression>.</Paragraphe><ServiceEnLigne ID="R3120" URL="https://cfspart.impots.gouv.fr/LoginMDP" audience="Particuliers" type="Téléservice"><Titre>Impôts : accéder à votre espace Particulier</Titre><Source ID="R30612">Ministère chargé des finances</Source></ServiceEnLigne><Paragraphe>Indiquez les informations suivantes :</Paragraphe><Liste type="puce"><Item><Paragraphe>Nombre de personnes à charge</Paragraphe></Item><Item><Paragraphe>Personnes rattachées</Paragraphe></Item><Item><Paragraphe>Coordonnées bancaires de votre nouveau foyer fiscal</Paragraphe></Item><Item><Paragraphe>Revenus personnels (ou une estimation de ceux-ci)</Paragraphe></Item></Liste><Paragraphe>Ces informations permettent de déterminer votre nouveau taux de prélèvement.</Paragraphe><Paragraphe>Le nouveau taux sera adressé à votre employeur ou l'organisme qui vous verse des revenus.</Paragraphe><Paragraphe>Il s'appliquera au plus tard 2 mois après la date de la transmission.</Paragraphe></Cas><Cas><Titre>Par courrier</Titre><Condition><estVrai var="T13794"/></Condition><Paragraphe>Indiquez les informations suivantes :</Paragraphe><Liste type="puce"><Item><Paragraphe>Nombre de personnes à charge</Paragraphe></Item><Item><Paragraphe>Personnes rattachées</Paragraphe></Item><Item><Paragraphe>Coordonnées bancaires de votre nouveau foyer fiscal</Paragraphe></Item><Item><Paragraphe>Revenus personnels, ou une estimation de ceux-ci</Paragraphe></Item></Liste><OuSAdresser ID="R15019" sve="non" type="Local personnalisable"><Titre>Service en charge des impôts (trésorerie, service des impôts...)</Titre><PivotLocal>centre_impots</PivotLocal><RessourceWeb URL="https://www.impots.gouv.fr/portail/contacts"/><Source ID="R30612">Ministère chargé des finances</Source></OuSAdresser><Paragraphe>Ces informations permettent de déterminer votre nouveau taux de prélèvement.</Paragraphe><Paragraphe>Le nouveau taux sera adressé à votre employeur ou à l'organisme qui vous verse des revenus.</Paragraphe><Paragraphe>Il s'appliquera au plus tard 2 mois après la date de la transmission.</Paragraphe></Cas></BlocCas></Chapitre><Chapitre><Titre><Paragraphe>Votre époux/épouse ou partenaire de Pacs vient de décéder</Paragraphe></Titre><Condition><estVrai var="T10951"/></Condition><Paragraphe>Vous devez le signaler à votre service des impôts.</Paragraphe><Paragraphe>La démarche se fait sur internet.</Paragraphe><Paragraphe>Si vous n'y avez pas accès, la démarche se fait par courrier.</Paragraphe><BlocCas affichage="onglet"><Cas><Titre>En ligne</Titre><Condition><estVrai var="T13793"/></Condition><Paragraphe>Vous devez le signaler en vous connectant sur votre espace du site <Expression>impots.gouv.fr</Expression>, à la rubrique <Expression>Gérer mon prélèvement à la source.</Expression></Paragraphe><Paragraphe><MiseEnEvidence>Utilisez votre numéro fiscal personnel</MiseEnEvidence>.</Paragraphe><ServiceEnLigne ID="R3120" URL="https://cfspart.impots.gouv.fr/LoginMDP" audience="Particuliers" type="Téléservice"><Titre>Impôts : accéder à votre espace Particulier</Titre><Source ID="R30612">Ministère chargé des finances</Source></ServiceEnLigne><Paragraphe>Indiquez les informations suivantes :</Paragraphe><Liste type="puce"><Item><Paragraphe>Date du décès</Paragraphe></Item><Item><Paragraphe>Composition du foyer (nombre de personnes à charge, personnes rattachées...)</Paragraphe></Item><Item><Paragraphe>Coordonnées bancaires de votre nouveau foyer fiscal</Paragraphe></Item><Item><Paragraphe>Revenus personnels (ou une estimation de ceux-ci)</Paragraphe></Item></Liste><Paragraphe>Ces informations permettent de déterminer votre nouveau taux de prélèvement.</Paragraphe><Paragraphe>Le nouveau taux sera adressé à votre employeur ou l'organisme qui vous verse des revenus.</Paragraphe><Paragraphe>Il s'appliquera au plus tard 2 mois après la date de la transmission.</Paragraphe></Cas><Cas><Titre>Par courrier</Titre><Condition><estVrai var="T13794"/></Condition><Paragraphe>Indiquez les informations suivantes :</Paragraphe><Liste type="puce"><Item><Paragraphe>Date du décès</Paragraphe></Item><Item><Paragraphe>Composition du foyer (nombre de personnes à charge, personnes rattachées...)</Paragraphe></Item><Item><Paragraphe>Coordonnées bancaires de votre nouveau foyer fiscal</Paragraphe></Item><Item><Paragraphe>Revenus personnels (ou une estimation de ceux-ci)</Paragraphe></Item></Liste><OuSAdresser ID="R15019" sve="non" type="Local personnalisable"><Titre>Service en charge des impôts (trésorerie, service des impôts...)</Titre><PivotLocal>centre_impots</PivotLocal><RessourceWeb URL="https://www.impots.gouv.fr/portail/contacts"/><Source ID="R30612">Ministère chargé des finances</Source></OuSAdresser><Paragraphe>Ces informations permettent de déterminer votre nouveau taux de prélèvement.</Paragraphe><Paragraphe>Le nouveau taux sera adressé à votre employeur ou l'organisme qui vous verse des revenus.</Paragraphe><Paragraphe>Il s'appliquera au plus tard 2 mois après la date de la transmission.</Paragraphe></Cas></BlocCas></Chapitre><Chapitre><Titre><Paragraphe>Vous venez d'avoir un enfant</Paragraphe></Titre><Condition><estVrai var="T11250"/></Condition><Paragraphe>Vous devez le signaler à votre service des impôts.</Paragraphe><Paragraphe>La démarche se fait sur internet.</Paragraphe><Paragraphe>Si vous n'y avez pas accès, la démarche se fait par courrier.</Paragraphe><BlocCas affichage="onglet"><Cas><Titre>En ligne</Titre><Condition><estVrai var="T13793"/></Condition><Paragraphe>Vous devez le signaler en vous connectant sur votre espace du site <Expression>impots.gouv.fr</Expression>, à la rubrique <Expression>Gérer mon prélèvement à la source</Expression>.</Paragraphe><ServiceEnLigne ID="R3120" URL="https://cfspart.impots.gouv.fr/LoginMDP" audience="Particuliers" type="Téléservice"><Titre>Impôts : accéder à votre espace Particulier</Titre><Source ID="R30612">Ministère chargé des finances</Source></ServiceEnLigne><Paragraphe>Indiquez la nouvelle composition du foyer en modifiant le nombre de personnes à charge.</Paragraphe><Paragraphe>Ces informations permettent de déterminer votre nouveau taux de prélèvement. Vous pouvez aussi le personnaliser.</Paragraphe><Paragraphe>Le nouveau taux sera adressé à votre employeur ou l'organisme qui vous verse des revenus.</Paragraphe><Paragraphe>Il s'appliquera au plus tard 2 mois après la date de la transmission.</Paragraphe></Cas><Cas><Titre>Par courrier</Titre><Condition><estVrai var="T13794"/></Condition><Paragraphe>Vous devrez indiquer la modification du nombre de personnes à charge.</Paragraphe><OuSAdresser ID="R15019" sve="non" type="Local personnalisable"><Titre>Service en charge des impôts (trésorerie, service des impôts...)</Titre><PivotLocal>centre_impots</PivotLocal><RessourceWeb URL="https://www.impots.gouv.fr/portail/contacts"/><Source ID="R30612">Ministère chargé des finances</Source></OuSAdresser><Paragraphe>Ces informations permettent de déterminer votre nouveau taux de prélèvement, que vous pouvez aussi personnaliser.</Paragraphe><Paragraphe>Le nouveau taux sera adressé à votre employeur ou l'organisme qui vous verse des revenus.</Paragraphe><Paragraphe>Il s'appliquera au plus tard 2 mois après la date de la transmission.</Paragraphe></Cas></BlocCas></Chapitre></Texte><VoirAussi important="non"><Dossier ID="N247" audience="Particuliers"><Titre>Impôt sur le revenu : déclaration et revenus à déclarer</Titre><Theme ID="N19803"><Titre>Argent - Impôts - Consommation</Titre></Theme></Dossier><Dossier ID="N19785" audience="Particuliers"><Titre>Impôt sur le revenu : déductions, réductions et crédits d'impôt</Titre><Theme ID="N19803"><Titre>Argent - Impôts - Consommation</Titre></Theme></Dossier><Dossier ID="N219" audience="Particuliers"><Titre>Impôt sur le revenu : calcul et paiement</Titre><Theme ID="N19803"><Titre>Argent - Impôts - Consommation</Titre></Theme></Dossier><Dossier ID="N31080" audience="Particuliers"><Titre>Saisir l'administration fiscale (difficultés de paiement, réclamation...)</Titre><Theme ID="N19803"><Titre>Argent - Impôts - Consommation</Titre></Theme></Dossier><Fiche ID="F358" audience="Particuliers"><Titre>Impôt sur le revenu - Déclaration de revenus annuelle</Titre><Theme ID="N19803"><Titre>Argent - Impôts - Consommation</Titre></Theme></Fiche><Fiche ID="F369" audience="Particuliers"><Titre>Impôt sur le revenu - Première déclaration de revenus</Titre><Theme ID="N19803"><Titre>Argent - Impôts - Consommation</Titre></Theme></Fiche></VoirAussi><QuiPeutMAider ID="R20684" sve="non" type="Centre de contact"><Titre>Service d'information des impôts</Titre><Complement>Pour des informations générales</Complement><Source ID="R30612">Ministère chargé des finances</Source><Texte><Paragraphe>Par téléphone :</Paragraphe><Paragraphe><MiseEnEvidence>0809 401 401</MiseEnEvidence></Paragraphe><Paragraphe>Du lundi au vendredi de 8h30 à 19h, hors jours fériés.</Paragraphe><Paragraphe>Service gratuit + prix appel</Paragraphe></Texte></QuiPeutMAider><QuiPeutMAider ID="R15019" sve="non" type="Local personnalisable"><Titre>Service en charge des impôts (trésorerie, service des impôts...)</Titre><Complement>Pour joindre le service local gestionnaire de votre dossier</Complement><PivotLocal>centre_impots</PivotLocal><RessourceWeb URL="https://www.impots.gouv.fr/portail/contacts"/><Source ID="R30612">Ministère chargé des finances</Source></QuiPeutMAider><QuiPeutMAider ID="R55753" sve="non" type="Local personnalisé sur SP"><Titre>France Services / Maison de services au public</Titre><Complement>Pour être aidé dans sa déclaration</Complement><PivotLocal>msap</PivotLocal><RessourceWeb URL="https://lannuaire.service-public.fr/navigation/msap"/></QuiPeutMAider><QuiPeutMAider ID="R20656" sve="non" type="Centre de contact"><Titre>Informations notariales</Titre><Complement>Pour s'informer sur la souscription de la déclaration de revenus par le notaire chargé d'une succession</Complement><Texte><Paragraphe>Service de renseignements des notaires de France. Ce service ne propose pas de consultations personnalisées.</Paragraphe><Chapitre><Titre><Paragraphe>Par téléphone</Paragraphe></Titre><Paragraphe><MiseEnEvidence>0 892 011 012</MiseEnEvidence></Paragraphe><Paragraphe>Ouvert du lundi au jeudi de 9h30 à 18h et le vendredi de 9h30 à 17h</Paragraphe><Paragraphe>Numéro violet ou majoré : <Valeur>0,80 €</Valeur> / minute + prix d'un appel</Paragraphe></Chapitre></Texte></QuiPeutMAider><OuSAdresser ID="R20684" sve="non" type="Centre de contact"><Titre>Service d'information des impôts</Titre><Complement>Pour des informations générales</Complement><Source ID="R30612">Ministère chargé des finances</Source><Texte><Paragraphe>Par téléphone :</Paragraphe><Paragraphe><MiseEnEvidence>0809 401 401</MiseEnEvidence></Paragraphe><Paragraphe>Du lundi au vendredi de 8h30 à 19h, hors jours fériés.</Paragraphe><Paragraphe>Service gratuit + prix appel</Paragraphe></Texte></OuSAdresser><OuSAdresser ID="R15019" sve="non" type="Local personnalisable"><Titre>Service en charge des impôts (trésorerie, service des impôts...)</Titre><Complement>Pour joindre le service local gestionnaire de votre dossier</Complement><PivotLocal>centre_impots</PivotLocal><RessourceWeb URL="https://www.impots.gouv.fr/portail/contacts"/><Source ID="R30612">Ministère chargé des finances</Source></OuSAdresser><OuSAdresser ID="R55753" sve="non" type="Local personnalisé sur SP"><Titre>France Services / Maison de services au public</Titre><Complement>Pour être aidé dans sa déclaration</Complement><PivotLocal>msap</PivotLocal><RessourceWeb URL="https://lannuaire.service-public.fr/navigation/msap"/></OuSAdresser><OuSAdresser ID="R20656" sve="non" type="Centre de contact"><Titre>Informations notariales</Titre><Complement>Pour s'informer sur la souscription de la déclaration de revenus par le notaire chargé d'une succession</Complement><Texte><Paragraphe>Service de renseignements des notaires de France. Ce service ne propose pas de consultations personnalisées.</Paragraphe><Chapitre><Titre><Paragraphe>Par téléphone</Paragraphe></Titre><Paragraphe><MiseEnEvidence>0 892 011 012</MiseEnEvidence></Paragraphe><Paragraphe>Ouvert du lundi au jeudi de 9h30 à 18h et le vendredi de 9h30 à 17h</Paragraphe><Paragraphe>Numéro violet ou majoré : <Valeur>0,80 €</Valeur> / minute + prix d'un appel</Paragraphe></Chapitre></Texte></OuSAdresser><Reference type="Texte de référence" URL="https://www.legifrance.gouv.fr/codes/id/LEGISCTA000006179569/" ID="R32026"><Titre>Code général des impôts : articles 4A à 8 quinquies</Titre><Complement>Imposition des revenus en cas de changement de situation familiale (article 6)</Complement></Reference><Reference type="Texte de référence" URL="https://www.legifrance.gouv.fr/codes/id/LEGISCTA000006162524/" ID="R31891"><Titre>Code général des impôts : articles 170 à 175 A</Titre><Complement>Déclarations des revenus</Complement></Reference><Reference type="Texte de référence" URL="https://www.legifrance.gouv.fr/codes/id/LEGISCTA000006179577/" ID="R31871"><Titre>Code général des impôts : articles 193 à 199</Titre><Complement>Date de la situation familiale prise en compte pour l'imposition (article 196 bis)</Complement></Reference><Reference type="Texte de référence" URL="https://www.legifrance.gouv.fr/codes/id/LEGISCTA000006162526/" ID="R33778"><Titre>Code général des impôts : articles 201 à 204</Titre><Complement>Impôt sur le revenu en cas de décès du contribuable (article 204)</Complement></Reference><Reference type="Texte de référence" URL="https://www.legifrance.gouv.fr/codes/id/LEGISCTA000006179314/" ID="R36594"><Titre>Code général des impôts, annexe 3 : articles 42 à 46</Titre><Complement>Présentation et contenu des déclarations</Complement></Reference><Reference type="Texte de référence" URL="http://bofip.impots.gouv.fr/bofip/1374-PGP" ID="R10101"><Titre>Bofip-Impôts n°BOI-IR-CESS-10 relatif aux modalités d'imposition en cas de décès</Titre></Reference><Reference type="Texte de référence" URL="http://bofip.impots.gouv.fr/bofip/1871-PGP.html" ID="R2611"><Titre>Bofip-Impôts n°BOI-IR-DECLA-20-10-10 relatif aux éléments formels de la déclaration de revenus</Titre></Reference><Reference type="Texte de référence" URL="http://bofip.impots.gouv.fr/bofip/2081-PGP" ID="R31890"><Titre>Bofip-Impôts n°BOI-IR-DECLA relatif aux obligations déclaratives</Titre></Reference><ServiceEnLigne ID="R3120" URL="https://cfspart.impots.gouv.fr/LoginMDP" audience="Particuliers" type="Téléservice"><Titre>Impôts : accéder à votre espace Particulier</Titre><Source ID="R30612">Ministère chargé des finances</Source></ServiceEnLigne><ServiceEnLigne ID="R2740" URL="https://simulateur-ir-ifi.impots.gouv.fr/calcul_impot/2024/" audience="Particuliers" type="Simulateur"><Titre>Simulateur de calcul pour 2024 : impôt sur les revenus de 2023</Titre><Source ID="R30612">Ministère chargé des finances</Source></ServiceEnLigne><ServiceEnLigne ID="R1280" URL="https://cfspart.impots.gouv.fr/LoginMDP" audience="Particuliers" type="Téléservice"><Titre>Déclaration 2023 en ligne des revenus de 2022</Titre><Source ID="R30612">Ministère chargé des finances</Source></ServiceEnLigne><ServiceEnLigne ID="R1281" URL="https://www.impots.gouv.fr/portail/formulaire/2042/declaration-des-revenus" audience="Particuliers" numerocerfa="10330" autrenumero="2042" type="Formulaire"><Titre>Déclaration des revenus (papier)</Titre><Source ID="R30612">Ministère chargé des finances</Source></ServiceEnLigne><ServiceEnLigne ID="R62211" URL="https://www.service-public.fr/simulateur/calcul/DeclarationImpots" audience="Particuliers" type="Simulateur"><Titre>Connaître la date limite pour transmettre votre déclaration de revenus</Titre><Source ID="R30608">Direction de l'information légale et administrative (Dila) - Premier ministre</Source></ServiceEnLigne><PourEnSavoirPlus type="Information pratique" ID="R56482" URL="https://www.impots.gouv.fr/portail/particulier/je-me-separe" audience="Particuliers"><Titre>Je me sépare</Titre><Source ID="R30612">Ministère chargé des finances</Source></PourEnSavoirPlus><PourEnSavoirPlus type="Information pratique" ID="R17502" URL="https://www.impots.gouv.fr/www2/fichiers/documentation/brochure/ir_2023/accueil.htm" audience="Particuliers"><Titre>Brochure pratique 2023 - Déclaration des revenus de 2022</Titre><Source ID="R30612">Ministère chargé des finances</Source></PourEnSavoirPlus><PourEnSavoirPlus type="Information pratique" ID="R32028" URL="https://www.impots.gouv.fr/portail/node/11603" audience="Particuliers"><Titre>Impôt sur le revenu : dépliants d'information</Titre><Source ID="R30612">Ministère chargé des finances</Source></PourEnSavoirPlus><PourEnSavoirPlus type="Information pratique" ID="R40152" URL="https://www.impots.gouv.fr/portail/www2/minisite/declaration/je-declare-mes-revenus-en-ligne.html#services" audience="Particuliers"><Titre>Déclarez vos revenus en ligne</Titre><Source ID="R30612">Ministère chargé des finances</Source></PourEnSavoirPlus><PourEnSavoirPlus type="Information pratique" ID="R2367" URL="https://www.impots.gouv.fr/portail/node/4316" audience="Particuliers"><Titre>Déclarer ses revenus l'année de son mariage</Titre><Source ID="R30612">Ministère chargé des finances</Source></PourEnSavoirPlus><PourEnSavoirPlus type="Information pratique" ID="R2445" URL="https://www.impots.gouv.fr/portail/particulier/declarer-lannee-de-separation" audience="Particuliers"><Titre>Déclarer l'année de séparation</Titre><Source ID="R30612">Ministère chargé des finances</Source></PourEnSavoirPlus><PourEnSavoirPlus type="Information pratique" ID="R1762" URL="https://www.impots.gouv.fr/portail/node/4341" audience="Particuliers"><Titre>Déclaration de revenus en cas de décès</Titre><Source ID="R30612">Ministère chargé des finances</Source></PourEnSavoirPlus><PourEnSavoirPlus type="Information pratique" ID="R1698" URL="https://www.impots.gouv.fr/portail/node/4486" audience="Particuliers"><Titre>Déclarer mes revenus</Titre><Source ID="R30612">Ministère chargé des finances</Source></PourEnSavoirPlus><QuestionReponse ID="F359" audience="Particuliers"><Titre>Quelle est la date limite pour faire sa déclaration de revenus ?</Titre></QuestionReponse><QuestionReponse ID="F357" audience="Particuliers"><Titre>Impôt sur le revenu - Qui est imposable ?</Titre></QuestionReponse><QuestionReponse ID="F1419" audience="Particuliers"><Titre>Quel est le barème de l'impôt sur le revenu ?</Titre></QuestionReponse><QuestionReponse ID="F362" audience="Particuliers"><Titre>Impôt sur le revenu - Quelle déclaration pour un couple en concubinage ?</Titre></QuestionReponse><QuestionReponse ID="F476" audience="Particuliers"><Titre>Impôt sur le revenu - Quel quotient familial en cas de divorce ou séparation ?</Titre></QuestionReponse><QuestionReponse ID="F383" audience="Particuliers"><Titre>Impôt sur le revenu - Comment indiquer son changement d'adresse ?</Titre></QuestionReponse><QuestionReponse ID="F62" audience="Particuliers"><Titre>Comment déterminer son domicile fiscal ?</Titre></QuestionReponse><QuestionReponse ID="F13216" audience="Particuliers"><Titre>Qu'est-ce que le revenu fiscal de référence ?</Titre></QuestionReponse><CommentFaireSi ID="F33362" audience="Particuliers" pictogramme="icone-separation"><Titre>Je me sépare</Titre></CommentFaireSi></Publication>