<?xml version="1.0" encoding="UTF-8"?><Publication xmlns:dc="http://purl.org/dc/elements/1.1/" xmlns:xsi="http://www.w3.org/2001/XMLSchema-instance" ID="F426" type="Fiche d'information conditionnée" xsi:noNamespaceSchemaLocation="../Schemas/3.4/Publication.xsd" dateDerniereModificationImportante="2024-01-01T00:00:00" spUrl="https://www.service-public.fr/particuliers/vosdroits/F426" statut="miseAJourAVenir"><dc:title>Impôt sur le revenu - Dons aux associations et organismes d'intérêt général</dc:title><dc:creator>Direction de l'information légale et administrative</dc:creator><dc:subject>Argent - Impôts - Consommation</dc:subject><dc:description>Vous bénéficiez d'une réduction d'impôt sur le revenu en faisant un don ou en versant une cotisation aux associations ou organismes d'intérêt général.</dc:description><dc:publisher>Direction de l'information légale et administrative</dc:publisher><dc:contributor>Direction de l'information légale et administrative (Premier ministre)</dc:contributor><dc:date>modified 2024-01-01</dc:date><dc:type>Fiche pratique</dc:type><dc:format>text/xml</dc:format><dc:identifier>F426</dc:identifier><dc:source>https://www.legifrance.gouv.fr/codes/section_lc/LEGITEXT000006069577/LEGISCTA000006191957, https://bofip.impots.gouv.fr/bofip/5823-PGP.html, http://bofip.impots.gouv.fr/bofip/5868-PGP.html</dc:source><dc:language>Fr</dc:language><dc:relation>isPartOf N19785</dc:relation><dc:coverage>France entière</dc:coverage><dc:rights>https://www.service-public.fr/a-propos/mentions-legales</dc:rights><SurTitre>Fiche pratique</SurTitre><Audience>Particuliers</Audience><Canal>www.service-public.fr</Canal><FilDAriane><Niveau ID="Particuliers">Accueil particuliers</Niveau><Niveau ID="N19803">Argent - Impôts - Consommation</Niveau><Niveau ID="N19785">Impôt sur le revenu : déductions, réductions et crédits d'impôt</Niveau><Niveau ID="F426" type="Fiche d'information conditionnée">Impôt sur le revenu - Dons aux associations et organismes d'intérêt général</Niveau></FilDAriane><Theme ID="N19803"><Titre>Argent - Impôts - Consommation</Titre></Theme><SousThemePere ID="N20073">Impôts, taxes et douane</SousThemePere><DossierPere ID="N19785"><Titre>Impôt sur le revenu : déductions, réductions et crédits d'impôt</Titre><SousDossier ID="N19785-1"><Titre>Aides fiscales liées à la famille</Titre><Fiche ID="F446">Pension alimentaire versée à l'époux(se) ou ex-époux(se)</Fiche><Fiche ID="F2">Pension alimentaire versée à un enfant</Fiche><Fiche ID="F444">Pension alimentaire versée à un parent ou un grand-parent</Fiche><Fiche ID="F9">Frais de scolarisation des enfants</Fiche><Fiche ID="F8">Frais de garde de jeunes enfants hors du domicile</Fiche><Fiche ID="F12">Emploi d'un salarié à domicile</Fiche></SousDossier><SousDossier ID="N19785-2"><Titre>Aides fiscales liées aux dons, cotisations et souscriptions</Titre><Fiche ID="F426">Dons aux organismes d'intérêt général</Fiche><Fiche ID="F427">Dons aux partis politiques</Fiche><Fiche ID="F1">Cotisations syndicales</Fiche><Fiche ID="F14709">Cotisations d'épargne retraite</Fiche></SousDossier><SousDossier ID="N19785-3"><Titre>Aides fiscales liées aux personnes dépendantes</Titre><Fiche ID="F5">Frais d'accueil d'une personne âgée</Fiche><Fiche ID="F17">Frais en établissement pour personnes dépendantes</Fiche><Fiche ID="F18">Primes des contrats de rente-survie et d'épargne handicap</Fiche></SousDossier><SousDossier ID="N19785-4"><Titre>Aides fiscales liées au logement</Titre><Fiche ID="F10752">Dépenses d'équipements en faveur des personnes âgées ou en situation de handicap</Fiche><Fiche ID="F35578">Dépenses d'installation de systèmes de charge pour véhicule électrique</Fiche><Fiche ID="F31151">Investissements locatifs (Duflot/Pinel)</Fiche><Fiche ID="F35011">Investissements locatifs (Denormandie)</Fiche><Fiche ID="F34115">Dispositifs "Loc'Avantages" et "Louer abordable"</Fiche></SousDossier></DossierPere><SousDossierPere>Aides fiscales liées aux dons, cotisations et souscriptions</SousDossierPere><Avertissement ID="R35411" date="2024-01-01"><Titre>Impôt sur le revenu : déclaration 2024 des revenus de 2023</Titre><Texte><Paragraphe>Cette page est à jour pour la déclaration des revenus de 2023.</Paragraphe><Paragraphe>Cependant, les formulaires, services en ligne et documents d'information ne sont pas encore disponibles pour la campagne 2024. Ils seront mis en ligne dès qu'ils seront disponibles.</Paragraphe></Texte></Avertissement><Introduction><Texte><Paragraphe>Vous bénéficiez d'une réduction d'impôt quand vous faites un don ou si vous versez une cotisation à la plupart des associations ou organismes d'intérêt général. Cette réduction dépend de la somme versée et de l'association gratifiée.</Paragraphe></Texte></Introduction><Texte><Paragraphe>Les règles diffèrent selon que le don a été effectué en 2023 ou en 2024.</Paragraphe></Texte><ListeSituations affichage="onglet"><Situation><Titre>En 2023</Titre><Texte><Chapitre><Titre><Paragraphe>Quels sont les dons aux associations et organismes d'intérêt général permettant d'obtenir une réduction d'impôt ?</Paragraphe></Titre><Paragraphe>Votre don doit être fait à un organisme qui remplit les <MiseEnEvidence>3 conditions</MiseEnEvidence> suivantes :</Paragraphe><Liste type="puce"><Item><Paragraphe>Il est à but non lucratif</Paragraphe></Item><Item><Paragraphe>Il a un objet social et une gestion désintéressée</Paragraphe></Item><Item><Paragraphe>Il ne fonctionne pas au profit d'un cercle restreint de personnes.</Paragraphe></Item></Liste><SousChapitre><Titre><Paragraphe>Organismes ou associations concernées</Paragraphe></Titre><Paragraphe>Liste non exhaustive :</Paragraphe><Liste type="puce"><Item><Paragraphe>Œuvres ou organismes d'intérêt général présentant un caractère philanthropique, éducatif, scientifique, social, humanitaire, sportif, familial, culturel</Paragraphe></Item><Item><Paragraphe>Œuvres ou organismes d'intérêt général participant à la valorisation du patrimoine artistique, à la défense de l'environnement naturel ou à la diffusion de la culture, de la langue et des connaissances scientifiques françaises</Paragraphe></Item><Item><Paragraphe>Associations ou fondations reconnues d'utilité publique</Paragraphe></Item><Item><Paragraphe>Association d'intérêt général exerçant des actions concrètes en faveur du pluralisme de la presse</Paragraphe></Item><Item><Paragraphe>Fondations d'entreprises (pour les salariés de l'entreprise ou d'une société du groupe)</Paragraphe></Item><Item><Paragraphe>Fonds de dotation, fondations universitaires ou partenariales</Paragraphe></Item><Item><Paragraphe>Fondation du patrimoine ou autres fondations ou associations agréées, en vue de la restauration de monuments historiques privés</Paragraphe></Item><Item><Paragraphe>Établissements agréés d'enseignement supérieur ou artistique</Paragraphe></Item><Item><Paragraphe>Organismes agréés ayant pour objet exclusif de participer à la création de petites et moyennes entreprises (PME)</Paragraphe></Item><Item><Paragraphe><LienIntra LienID="R12913" type="Définition de glossaire">Associations cultuelles</LienIntra> ou de bienfaisance autorisées à recevoir des dons et legs</Paragraphe></Item><Item><Paragraphe>Organismes ayant pour activité principale la présentation au public d'œuvres dramatiques, lyriques, musicales, chorégraphiques, cinématographiques et de cirque</Paragraphe></Item><Item><Paragraphe>Organismes ayant pour activité principale l'organisation d'expositions d'art contemporain</Paragraphe></Item><Item><Paragraphe>Mandataire financier ou association de financement électoral au profit d'un <LienInterne LienPublication="F427" type="Fiche d'information conditionnée" audience="Particuliers">parti ou groupement politique</LienInterne> et d'un ou plusieurs candidats</Paragraphe></Item><Item><Paragraphe>Organismes ayant pour objet la sauvegarde de biens culturels contre les effets d'un conflit armé</Paragraphe></Item><Item><Paragraphe>Communes et organismes locaux de gestion forestière pour l’entretien, le renouvellement, la reconstitution ou l'acquisition de bois et forêts</Paragraphe></Item><Item><Paragraphe>Organismes d'intérêt général concourant à l'égalité entre les femmes et les hommes</Paragraphe></Item></Liste><ANoter><Titre>À noter</Titre><Paragraphe>l'organisme peut être en France ou dans un État membre de <LienIntra LienID="R41270" type="Définition de glossaire">l'Union européenne</LienIntra>, en Islande, en Norvège ou au Liechtenstein. S'il n'est pas agréé, vous devez justifier qu'il a un objectif et des caractéristiques similaires aux organismes situés en France et pouvant bénéficier du dispositif.</Paragraphe></ANoter></SousChapitre><SousChapitre><Titre><Paragraphe>Modalités de don</Paragraphe></Titre><Paragraphe>Votre don peut être réalisé sous<MiseEnEvidence> l'une des formes suivantes</MiseEnEvidence> :</Paragraphe><Liste type="puce"><Item><Paragraphe>Versement de somme d'argent</Paragraphe></Item><Item><Paragraphe>Don en nature (une œuvre d'art par exemple)</Paragraphe></Item><Item><Paragraphe>Versement de cotisations</Paragraphe></Item><Item><Paragraphe>Abandon de revenus ou de produits (abandon de droits d'auteur par exemple)</Paragraphe></Item><Item><Paragraphe><LienInterne LienPublication="F1132" type="Fiche Question-réponse conditionnée" audience="Particuliers">Frais engagés dans le cadre d'une activité bénévole</LienInterne></Paragraphe></Item></Liste></SousChapitre><SousChapitre><Titre><Paragraphe>Absence de contrepartie</Paragraphe></Titre><Paragraphe>Pour bénéficier de la réduction d'impôt, vous ne devez pas obtenir de contrepartie à ce don.</Paragraphe><Paragraphe>Cela signifie que vous ne devez pas obtenir d'avantages en échange de votre versement.</Paragraphe><Paragraphe>Lorsque vous versez des cotisations à une association, les avantages que vous obtenez ne sont pas considérés comme de réelles contreparties. Par exemple, le droit de vote à l'assemblée générale ou les documents que vous recevez (bulletin d'information, etc.).</Paragraphe><Paragraphe>Par contre, si vous recevez des biens de faible importance (cartes de vœux, insignes, etc.), la valeur de ces contreparties ne doit pas dépasser un quart du montant du don, avec un maximum de <Valeur>65 €</Valeur> par an.</Paragraphe><Paragraphe>Par exemple, pour une cotisation de <Valeur>300 €</Valeur>, la valeur des biens remis ne doit pas dépasser un montant d'environ <Valeur>65 €</Valeur>.</Paragraphe></SousChapitre></Chapitre><Chapitre><Titre><Paragraphe>Comment la réduction d'impôt pour dons aux associations et organismes d'intérêt général est-elle calculée ?</Paragraphe></Titre><BlocCas affichage="radio"><Cas><Titre>Organisme d'intérêt général ou reconnu d'utilité publique</Titre><Paragraphe>La réduction d’impôt est de <Valeur>66 %</Valeur> du montant des dons. La réduction s'applique dans la limite de <Valeur>20 %</Valeur> du revenu imposable.</Paragraphe><Exemple><Titre>Exemple</Titre><Paragraphe>Pour un don de <Valeur>200 €</Valeur> à une association sportive ou culturelle.</Paragraphe><Paragraphe>Vous avez droit à une réduction d'impôt de : <Valeur>132 €</Valeur> (<Valeur>200 €</Valeur> x <Valeur>66 %</Valeur>).</Paragraphe></Exemple></Cas><Cas><Titre>Organisme d'aide aux personnes en difficulté (repas, soins, logement)</Titre><BlocCas affichage="radio"><Cas><Titre>Dons jusqu'à 1 000 €</Titre><Paragraphe>Pour les dons effectués en 2023 jusqu'à <Valeur>1 000 €</Valeur>, la réduction d'impôt est de <Valeur>75 %</Valeur> du montant donné.</Paragraphe><Exemple><Titre>Exemple</Titre><Paragraphe>Pour un don de <Valeur>500 €</Valeur>.</Paragraphe><Paragraphe>Vous avez droit à une réduction d'impôt de : <Valeur>375 €</Valeur> (<Valeur>500 €</Valeur> x <Valeur>75 %</Valeur>)</Paragraphe></Exemple></Cas><Cas><Titre>Dons supérieurs à 1 000 €</Titre><Paragraphe>Pour la partie du don effectué en 2023 inférieure ou égale à <Valeur>1 000 €</Valeur>, la réduction d'impôt est de <Valeur>75 %</Valeur> du montant donné.</Paragraphe><Paragraphe>Pour la partie du don supérieure à <Valeur>1 000 €</Valeur>, le montant de la réduction d'impôt est de <Valeur>66 %</Valeur> du montant donné.</Paragraphe><Paragraphe>Le montant cumulé des dons qui donnent droit à la réduction d'impôt de <Valeur>66 %</Valeur> ne peut pas dépasser <Valeur>20 %</Valeur> de votre revenu imposable.</Paragraphe><Exemple><Titre>Exemple</Titre><Paragraphe>Pour un don de <Valeur>1 200 €</Valeur>.</Paragraphe><Paragraphe>Vous avez droit à une réduction d'impôt de : <Valeur>750 €</Valeur> (<Valeur>1 000 €</Valeur> x <Valeur>75 %</Valeur>) + <Valeur>132 €</Valeur> (<Valeur>200 €</Valeur> x <Valeur>66 %</Valeur>), soit une réduction d'impôt totale de <Valeur>882 €</Valeur>.</Paragraphe></Exemple></Cas></BlocCas></Cas><Cas><Titre>Dons à la Fondation du patrimoine pour la sauvegarde du patrimoine religieux des communes de France</Titre><Introduction><Paragraphe>Vous devez avoir effectué un don <MiseEnEvidence>au profit de la Fondation du patrimoine</MiseEnEvidence> en vue d’assurer la conservation et la restauration du patrimoine immobilier religieux.</Paragraphe><Paragraphe>Ce patrimoine doit appartenir aux communes suivantes :</Paragraphe><Liste type="puce"><Item><Paragraphe>Communes de France métropolitaine de moins de 10 000 habitants</Paragraphe></Item><Item><Paragraphe>Communes d’outre‑mer de moins de 20 000 habitants</Paragraphe></Item></Liste><Paragraphe>Vous devez avoir effectué votre don <MiseEnEvidence>entre le 15 septembre et le 31 décembre 2023</MiseEnEvidence>.</Paragraphe></Introduction><BlocCas affichage="radio"><Cas><Titre>Dons jusqu'à 1 000 €</Titre><Paragraphe>Pour la partie du don inférieure ou égale à <Valeur>1 000 €</Valeur>, la réduction d'impôt est de <Valeur>75 %</Valeur> du montant donné.</Paragraphe><Exemple><Titre>Exemple</Titre><Paragraphe>Pour un don de <Valeur>500 €</Valeur>.</Paragraphe><Paragraphe>Vous avez droit à une réduction d'impôt de : <Valeur>375 €</Valeur> (<Valeur>500 €</Valeur> x <Valeur>75 %</Valeur>)</Paragraphe></Exemple></Cas><Cas><Titre>Dons supérieurs à 1 000 €</Titre><Paragraphe>Pour la partie du don inférieure ou égale à <Valeur>1 000 €</Valeur>, la réduction d'impôt est de <Valeur>75 %</Valeur> du montant donné.</Paragraphe><Paragraphe>Pour la partie du don supérieure à <Valeur>1 000 €</Valeur>, le montant de la réduction d'impôt est de <Valeur>66 %</Valeur> du montant donné.</Paragraphe><Exemple><Titre>Exemple</Titre><Paragraphe>Pour un don de <Valeur>1 200 €</Valeur>.</Paragraphe><Paragraphe>Vous avez droit à une réduction d'impôt de : <Valeur>750 €</Valeur> (<Valeur>1 000 €</Valeur> x <Valeur>75 %</Valeur>) + <Valeur>132 €</Valeur> (<Valeur>200 €</Valeur> x <Valeur>66 %</Valeur>), soit une réduction d'impôt totale de <Valeur>882 €</Valeur>.</Paragraphe></Exemple></Cas></BlocCas></Cas></BlocCas><ASavoir><Titre>À savoir</Titre><Paragraphe>vous pouvez trouver les cases de la déclaration de revenus correspondant aux différents types de dons sur le <LienExterne URL="https://www.impots.gouv.fr/particulier/questions/jai-fait-des-dons-une-association-que-puis-je-deduire">site de l'administration fiscale</LienExterne>.</Paragraphe></ASavoir></Chapitre><Chapitre><Titre><Paragraphe>Quel report pour les dons aux associations et organismes d'intérêt général qui dépassent le plafond ?</Paragraphe></Titre><Paragraphe>Lorsque le montant des dons est plafonné et dépasse la limite de <Valeur>20 %</Valeur> du revenu imposable, l'excédent est reporté sur les 5 années suivantes et ouvre droit à la réduction d'impôt dans les mêmes conditions.</Paragraphe><Paragraphe>En cas de nouveaux versements pour les années suivantes, les excédents reportés ouvrent droit à la réduction d'impôt avant les versements de l'année. Les excédents les plus anciens sont retenus en priorité.</Paragraphe></Chapitre><Chapitre><Titre><Paragraphe>Comment déclarer les dons aux associations et organismes d'intérêt général ?</Paragraphe></Titre><Paragraphe><MiseEnEvidence>La déclaration des revenus par internet</MiseEnEvidence> est obligatoire si votre résidence principale est équipée d'un accès à internet et que vous êtes en mesure de faire votre déclaration en ligne.</Paragraphe><Paragraphe>Pour l'année 2023, la déclaration de revenus est terminée.</Paragraphe><Paragraphe>La déclaration 2024 des revenus de 2023 débutera en avril 2024.</Paragraphe><Complement><Titre>Si vous devez faire une déclaration papier</Titre><Paragraphe>Pour l'année 2023, la déclaration de revenus est terminée.</Paragraphe><Paragraphe>La déclaration 2024 des revenus de 2023 débutera en avril 2024.</Paragraphe></Complement></Chapitre><Chapitre><Titre><Paragraphe>Quand la réduction d'impôt pour dons aux associations et organismes d'intérêt général est-elle versée ?</Paragraphe></Titre><Paragraphe>Un <MiseEnEvidence>acompte</MiseEnEvidence> de <Valeur>60 %</Valeur> vous est versé en <MiseEnEvidence>janvier</MiseEnEvidence>, en fonction du montant de la réduction d'impôt perçue l'année précédente.</Paragraphe><Paragraphe>Le <MiseEnEvidence>solde</MiseEnEvidence> vous est payé <MiseEnEvidence>à l'été</MiseEnEvidence>, en fonction de vos dépenses réelles.</Paragraphe><Paragraphe>Si vous touchez un acompte trop important en janvier, vous devrez rembourser le trop-perçu en septembre.</Paragraphe><Exemple><Titre>Exemple</Titre><Paragraphe>Pour vos dépenses de 2023, un acompte de <Valeur>60 %</Valeur> de la réduction d'impôt vous est versé en janvier 2024, en fonction du montant de la réduction d'impôt perçue en 2023.</Paragraphe><Paragraphe>Le solde vous est payé à l'été 2024, en fonction de vos dépenses réelles.</Paragraphe></Exemple></Chapitre></Texte></Situation><Situation><Titre>En 2024</Titre><Texte><Chapitre><Titre><Paragraphe>Quels sont les dons aux associations et organismes d'intérêt général permettant d'obtenir une réduction d'impôt ?</Paragraphe></Titre><Paragraphe>Votre don doit être fait à un organisme qui remplit les 3 conditions suivantes :</Paragraphe><Liste type="puce"><Item><Paragraphe>Il est à but non lucratif</Paragraphe></Item><Item><Paragraphe>Il a un objet social et une gestion désintéressée</Paragraphe></Item><Item><Paragraphe>Il ne fonctionne pas au profit d'un cercle restreint de personnes.</Paragraphe></Item></Liste><SousChapitre><Titre><Paragraphe>Organismes ou associations concernées</Paragraphe></Titre><Paragraphe>Liste non exhaustive :</Paragraphe><Liste type="puce"><Item><Paragraphe>Œuvres ou organismes d'intérêt général présentant un caractère philanthropique, éducatif, scientifique, social, humanitaire, sportif, familial, culturel</Paragraphe></Item><Item><Paragraphe>Œuvres ou organismes d'intérêt général participant à la valorisation du patrimoine artistique, à la défense de l'environnement naturel ou à la diffusion de la culture, de la langue et des connaissances scientifiques françaises</Paragraphe></Item><Item><Paragraphe>Associations ou fondations reconnues d'utilité publique</Paragraphe></Item><Item><Paragraphe>Association d'intérêt général exerçant des actions concrètes en faveur du pluralisme de la presse</Paragraphe></Item><Item><Paragraphe>Fondations d'entreprises (pour les salariés de l'entreprise ou d'une société du groupe)</Paragraphe></Item><Item><Paragraphe>Fonds de dotation, fondations universitaires ou partenariales</Paragraphe></Item><Item><Paragraphe>Fondation du patrimoine ou autres fondations ou associations agréées, en vue de la restauration de monuments historiques privés</Paragraphe></Item><Item><Paragraphe>Établissements agréés d'enseignement supérieur ou artistique</Paragraphe></Item><Item><Paragraphe>Organismes agréés ayant pour objet exclusif de participer à la création de petites et moyennes entreprises (PME)</Paragraphe></Item><Item><Paragraphe><LienIntra LienID="R12913" type="Définition de glossaire">Associations cultuelles</LienIntra> ou de bienfaisance autorisées à recevoir des dons et legs</Paragraphe></Item><Item><Paragraphe>Organismes ayant pour activité principale la présentation au public d'œuvres dramatiques, lyriques, musicales, chorégraphiques, cinématographiques et de cirque</Paragraphe></Item><Item><Paragraphe>Organismes ayant pour activité principale l'organisation d'expositions d'art contemporain</Paragraphe></Item><Item><Paragraphe>Mandataire financier ou association de financement électoral au profit d'un <LienInterne LienPublication="F427" type="Fiche d'information conditionnée" audience="Particuliers">parti ou groupement politique</LienInterne> et d'un ou plusieurs candidats</Paragraphe></Item><Item><Paragraphe>Organismes ayant pour objet la sauvegarde de biens culturels contre les effets d'un conflit armé</Paragraphe></Item><Item><Paragraphe>Communes et organismes locaux de gestion forestière pour l’entretien, le renouvellement, la reconstitution ou l'acquisition de bois et forêts</Paragraphe></Item><Item><Paragraphe>Organismes d'intérêt général concourant à l'égalité entre les femmes et les hommes</Paragraphe></Item></Liste><ANoter><Titre>À noter</Titre><Paragraphe>l'organisme peut être en France ou dans un État membre de <LienIntra LienID="R41270" type="Définition de glossaire">l'Union européenne</LienIntra>, en Islande, en Norvège ou au Liechtenstein. S'il n'est pas agréé, vous devez justifier qu'il a un objectif et des caractéristiques similaires aux organismes situés en France et pouvant bénéficier du dispositif.</Paragraphe></ANoter></SousChapitre><SousChapitre><Titre><Paragraphe>Modalités du don</Paragraphe></Titre><Paragraphe>Votre don peut être réalisé sous l'une des formes suivantes :</Paragraphe><Liste type="puce"><Item><Paragraphe>Versement de somme d'argent</Paragraphe></Item><Item><Paragraphe>Don en nature (une œuvre d'art par exemple)</Paragraphe></Item><Item><Paragraphe>Versement de cotisations</Paragraphe></Item><Item><Paragraphe>Abandon de revenus ou de produits (abandon de droits d'auteur par exemple)</Paragraphe></Item><Item><Paragraphe><LienInterne LienPublication="F1132" type="Fiche Question-réponse conditionnée" audience="Particuliers">Frais engagés dans le cadre d'une activité bénévole</LienInterne></Paragraphe></Item></Liste></SousChapitre><SousChapitre><Titre><Paragraphe>Absence de contrepartie</Paragraphe></Titre><Paragraphe>Pour bénéficier de la réduction d'impôt, vous ne devez pas obtenir de contrepartie à ce don. Cela signifie que vous ne devez pas obtenir d'avantages en échange de votre versement.</Paragraphe><Paragraphe>Lorsque vous versez des cotisations à une association, les avantages que vous obtenez ne sont pas considérés comme de réelles contreparties. Par exemple, le droit de vote à l'assemblée générale ou les documents que vous recevez (bulletin d'information, etc.).</Paragraphe><Paragraphe>Par contre, si vous recevez des biens de faible importance (cartes de vœux, insignes, etc.), la valeur de ces contreparties ne doit pas dépasser un quart du montant du don, avec un maximum de <Valeur>65 €</Valeur> par an.</Paragraphe><Paragraphe>Par exemple, pour une cotisation de <Valeur>300 €</Valeur>, la valeur des biens remis ne doit pas dépasser un montant d'environ <Valeur>65 €</Valeur>.</Paragraphe></SousChapitre></Chapitre><Chapitre><Titre><Paragraphe>Comment la réduction d'impôt pour dons aux associations et organismes d'intérêt général est-elle calculée ?</Paragraphe></Titre><BlocCas affichage="radio"><Cas><Titre>Organisme d'intérêt général ou reconnu d'utilité publique</Titre><Paragraphe>La réduction d’impôt est de  <Valeur>66 %</Valeur> du montant des dons. La réduction s'applique dans la limite de <Valeur>20 %</Valeur> du revenu imposable.</Paragraphe><Exemple><Titre>Exemple</Titre><Paragraphe>Pour un don de <Valeur>200 €</Valeur> à une association sportive ou culturelle.</Paragraphe><Paragraphe>Vous avez droit à une réduction d'impôt de : <Valeur>132 €</Valeur> (<Valeur>200 €</Valeur> x <Valeur>66 %</Valeur>).</Paragraphe></Exemple></Cas><Cas><Titre>Organisme d'aide aux personnes en difficulté (repas, soins, logement)</Titre><BlocCas affichage="radio"><Cas><Titre>Dons jusqu'à 1 000 €</Titre><Paragraphe>Pour les dons effectués jusqu'à <Valeur>1 000 €</Valeur>, la réduction d'impôt est de <Valeur>75 %</Valeur> du montant donné.</Paragraphe><Exemple><Titre>Exemple</Titre><Paragraphe>Pour un don de <Valeur>500 €</Valeur>.</Paragraphe><Paragraphe>Vous avez droit à une réduction d'impôt de : <Valeur>375 €</Valeur> (<Valeur>500 €</Valeur> x <Valeur>75 %</Valeur>)</Paragraphe></Exemple></Cas><Cas><Titre>Dons supérieurs à 1 000 €</Titre><Paragraphe>Pour la partie du don inférieure ou égale à <Valeur>1 000 €</Valeur>, la réduction d'impôt est de <Valeur>75 %</Valeur> du montant donné.</Paragraphe><Paragraphe>Pour la partie du don supérieure à <Valeur>1 000 €</Valeur>, le montant de la réduction d'impôt est de <Valeur>66 %</Valeur> du montant donné.</Paragraphe><Paragraphe>Le montant cumulé des dons qui donnent droit à la réduction d'impôt de <Valeur>66 %</Valeur> ne peut pas dépasser <Valeur>20 %</Valeur> de votre revenu imposable.</Paragraphe><Exemple><Titre>Exemple</Titre><Paragraphe>Pour un don de <Valeur>1 200 €</Valeur>.</Paragraphe><Paragraphe>Vous avez droit à une réduction d'impôt de : <Valeur>750 €</Valeur> (<Valeur>1 000 €</Valeur> x <Valeur>75 %</Valeur>) + <Valeur>132 €</Valeur> (<Valeur>200 €</Valeur> x <Valeur>66 %</Valeur>), soit une réduction d'impôt totale de <Valeur>882 €</Valeur>.</Paragraphe></Exemple></Cas></BlocCas></Cas><Cas><Titre>Dons à la Fondation du patrimoine pour la sauvegarde du patrimoine religieux des communes de France</Titre><Introduction><Paragraphe>Vous devez effectuer un don <MiseEnEvidence>au profit de la Fondation du patrimoine</MiseEnEvidence> en vue d’assurer la conservation et la restauration du patrimoine immobilier religieux.</Paragraphe><Paragraphe>Ce patrimoine doit appartenir à l'une des communes suivantes :</Paragraphe><Liste type="puce"><Item><Paragraphe>Communes de France métropolitaine de moins de 10 000 habitants</Paragraphe></Item><Item><Paragraphe>Communes d’outre‑mer de moins de 20 000 habitants</Paragraphe></Item></Liste></Introduction><BlocCas affichage="radio"><Cas><Titre>Dons jusqu'à 1 000 €</Titre><Paragraphe>Pour la partie du don inférieure ou égale à <Valeur>1 000 €</Valeur>, la réduction d'impôt est de <Valeur>75 %</Valeur> du montant donné.</Paragraphe><Exemple><Titre>Exemple</Titre><Paragraphe>Pour un don de <Valeur>500 €</Valeur>.</Paragraphe><Paragraphe>Vous avez droit à une réduction d'impôt de : <Valeur>375 €</Valeur> (<Valeur>500 €</Valeur> x <Valeur>75 %</Valeur>)</Paragraphe></Exemple></Cas><Cas><Titre>Dons supérieurs à 1 000 €</Titre><Paragraphe>Pour la partie du don inférieure ou égale à <Valeur>1 000 €</Valeur>, la réduction d'impôt est de <Valeur>75 %</Valeur> du montant donné.</Paragraphe><Paragraphe>Pour la partie du don supérieure à <Valeur>1 000 €</Valeur>, le montant de la réduction d'impôt est de <Valeur>66 %</Valeur> du montant donné.</Paragraphe><Exemple><Titre>Exemple</Titre><Paragraphe>Pour un don de <Valeur>1 200 €</Valeur>.</Paragraphe><Paragraphe>Vous avez droit à une réduction d'impôt de : <Valeur>750 €</Valeur> (<Valeur>1 000 €</Valeur> x <Valeur>75 %</Valeur>) + <Valeur>132 €</Valeur> (<Valeur>200 €</Valeur> x <Valeur>66 %</Valeur>), soit une réduction d'impôt totale de <Valeur>882 €</Valeur>.</Paragraphe></Exemple></Cas></BlocCas></Cas></BlocCas></Chapitre><Chapitre><Titre><Paragraphe>Quel report pour les dons aux associations et organismes d'intérêt général qui dépassent le plafond ?</Paragraphe></Titre><Paragraphe>Lorsque le montant des dons est plafonné et dépasse la limite de <Valeur>20 %</Valeur> du revenu imposable, l'excédent est reporté sur les 5 années suivantes et ouvre droit à la réduction d'impôt dans les mêmes conditions.</Paragraphe><Paragraphe>En cas de nouveaux versements pour les années suivantes, les excédents reportés ouvrent droit à la réduction d'impôt avant les versements de l'année. Les excédents les plus anciens sont retenus en priorité.</Paragraphe></Chapitre><Chapitre><Titre><Paragraphe>Comment déclarer les dons aux associations et organismes d'intérêt général ?</Paragraphe></Titre><Paragraphe>Les dons effectués en 2024 seront à déclarer en 2025.</Paragraphe></Chapitre><Chapitre><Titre><Paragraphe>Quand la réduction d'impôt pour dons aux associations et organismes d'intérêt général sera-t-elle versée ?</Paragraphe></Titre><Paragraphe>Un acompte de <Valeur>60 %</Valeur> vous est versé en janvier, en fonction du montant de la réduction d'impôt perçue l'année précédente.</Paragraphe><Paragraphe>Le solde vous est payé à l'été, en fonction de vos dépenses réelles.</Paragraphe><Paragraphe>Si vous touchez un acompte trop important en janvier, vous devrez rembourser le trop-perçu en septembre.</Paragraphe><Exemple><Titre>Exemple</Titre><Paragraphe>Pour vos dépenses de 2024, un acompte de <Valeur>60 %</Valeur> de la réduction d'impôt vous sera versé en janvier 2025, en fonction du montant de la réduction d'impôt perçue en 2024.</Paragraphe><Paragraphe>Le solde vous sera payé à l'été 2025, en fonction de vos dépenses réelles.</Paragraphe></Exemple></Chapitre></Texte></Situation></ListeSituations><VoirAussi important="non"><Dossier ID="N247" audience="Particuliers"><Titre>Impôt sur le revenu : déclaration et revenus à déclarer</Titre><Theme ID="N19803"><Titre>Argent - Impôts - Consommation</Titre></Theme></Dossier><Dossier ID="N19785" audience="Particuliers"><Titre>Impôt sur le revenu : déductions, réductions et crédits d'impôt</Titre><Theme ID="N19803"><Titre>Argent - Impôts - Consommation</Titre></Theme></Dossier><Fiche ID="F358" audience="Particuliers"><Titre>Impôt sur le revenu - Déclaration de revenus annuelle</Titre><Theme ID="N19803"><Titre>Argent - Impôts - Consommation</Titre></Theme></Fiche></VoirAussi><QuiPeutMAider ID="R20684" sve="non" type="Centre de contact"><Titre>Service d'information des impôts</Titre><Complement>Pour des informations générales</Complement><Source ID="R30612">Ministère chargé des finances</Source><Texte><Paragraphe>Par téléphone :</Paragraphe><Paragraphe><MiseEnEvidence>0809 401 401</MiseEnEvidence></Paragraphe><Paragraphe>Du lundi au vendredi de 8h30 à 19h, hors jours fériés.</Paragraphe><Paragraphe>Service gratuit + prix appel</Paragraphe></Texte></QuiPeutMAider><QuiPeutMAider ID="R15019" sve="non" type="Local personnalisable"><Titre>Service en charge des impôts (trésorerie, service des impôts...)</Titre><Complement>Pour joindre le service local gestionnaire de votre dossier</Complement><PivotLocal>centre_impots</PivotLocal><RessourceWeb URL="https://www.impots.gouv.fr/portail/contacts"/><Source ID="R30612">Ministère chargé des finances</Source></QuiPeutMAider><Reference type="Texte de référence" URL="https://www.legifrance.gouv.fr/codes/section_lc/LEGITEXT000006069577/LEGISCTA000006191957" ID="R18621"><Titre>Code général des impôts : article 200</Titre><Complement>Réduction d'impôt accordée pour des dons faits par les particuliers</Complement></Reference><Reference type="Texte de référence" URL="https://bofip.impots.gouv.fr/bofip/5823-PGP.html" ID="R36470"><Titre>Bofip-Impôts n°BOI-IR-RICI-250 relatif aux réductions et crédits d'impôt accordés au titre des dons faits par les particuliers</Titre></Reference><Reference type="Texte de référence" URL="http://bofip.impots.gouv.fr/bofip/5868-PGP.html" ID="R2142"><Titre>Bofip - Impôts n° BOI-IR-RICI-250-20 relatif aux dons faits aux associations et aux frais engagés par les bénévoles ouvrant droit à réduction d'impôts</Titre></Reference><ServiceEnLigne ID="R17454" URL="https://www.impots.gouv.fr/formulaire/2041-rd/recu-des-dons-et-versements-effectues-par-les-particuliers-au-titre-des-articles" audience="Particuliers" format="application/pdf" poids="167.6 KB" numerocerfa="11580" type="Formulaire"><Titre>Reçu - Don à un organisme d'intérêt général</Titre><Source ID="R30612">Ministère chargé des finances</Source></ServiceEnLigne><ServiceEnLigne ID="R1281" URL="https://www.impots.gouv.fr/portail/formulaire/2042/declaration-des-revenus" audience="Particuliers" numerocerfa="10330" autrenumero="2042" type="Formulaire"><Titre>Déclaration des revenus (papier)</Titre><Source ID="R30612">Ministère chargé des finances</Source></ServiceEnLigne><ServiceEnLigne ID="R32008" URL="https://www.impots.gouv.fr/portail/formulaire/2042/declaration-des-revenus" audience="Particuliers" numerocerfa="15637" autrenumero="2042-RICI" type="Formulaire"><Titre>Déclaration 2023 des revenus 2022 - Réductions d'impôt et crédits d'impôt</Titre><Source ID="R30612">Ministère chargé des finances</Source></ServiceEnLigne><ServiceEnLigne ID="R1280" URL="https://cfspart.impots.gouv.fr/LoginMDP" audience="Particuliers" type="Téléservice"><Titre>Déclaration 2023 en ligne des revenus de 2022</Titre><Source ID="R30612">Ministère chargé des finances</Source></ServiceEnLigne><ServiceEnLigne ID="R3120" URL="https://cfspart.impots.gouv.fr/LoginMDP" audience="Particuliers" type="Téléservice"><Titre>Impôts : accéder à votre espace Particulier</Titre><Source ID="R30612">Ministère chargé des finances</Source></ServiceEnLigne><ServiceEnLigne ID="R2740" URL="https://simulateur-ir-ifi.impots.gouv.fr/calcul_impot/2024/" audience="Particuliers" type="Simulateur"><Titre>Simulateur de calcul pour 2024 : impôt sur les revenus de 2023</Titre><Source ID="R30612">Ministère chargé des finances</Source></ServiceEnLigne><PourEnSavoirPlus type="Information pratique" ID="R48523" URL="https://www.impots.gouv.fr/portail/particulier/questions/jai-fait-des-dons-une-association-que-puis-je-deduire" audience="Particuliers"><Titre>Fiscalité des dons aux associations</Titre><Source ID="R30612">Ministère chargé des finances</Source></PourEnSavoirPlus><PourEnSavoirPlus type="Information pratique" ID="R1845" URL="https://www.impots.gouv.fr/particulier/questions/jai-declare-des-reductions-et-credits-dimpot-en-2018-suis-je-concerne-par-le" audience="Particuliers"><Titre>Je déclare mes réductions et crédits d'impôt</Titre><Source ID="R30612">Ministère chargé des finances</Source></PourEnSavoirPlus><PourEnSavoirPlus type="Information pratique" ID="R17502" URL="https://www.impots.gouv.fr/www2/fichiers/documentation/brochure/ir_2023/accueil.htm" audience="Particuliers"><Titre>Brochure pratique 2023 - Déclaration des revenus de 2022</Titre><Source ID="R30612">Ministère chargé des finances</Source></PourEnSavoirPlus><Definition ID="R12913"><Titre>Association cultuelle</Titre><Texte><Paragraphe>Association dont l'objet est l'organisation et la célébration des cultes religieux</Paragraphe></Texte></Definition><Definition ID="R41270"><Titre>Union européenne (UE)</Titre><Texte><Paragraphe>Allemagne, Autriche, Belgique, Bulgarie, Chypre, Croatie, Danemark, Espagne, Estonie, Finlande, France, Grèce, Hongrie, Irlande, Italie, Lituanie, Lettonie, Luxembourg, Malte, Pays-Bas, Pologne, Portugal, République tchèque, Roumanie, Slovaquie, Slovénie, Suède</Paragraphe></Texte></Definition><QuestionReponse ID="F359" audience="Particuliers"><Titre>Quelle est la date limite pour faire sa déclaration de revenus ?</Titre></QuestionReponse></Publication>