<?xml version="1.0" encoding="UTF-8"?><Publication xmlns:dc="http://purl.org/dc/elements/1.1/" xmlns:xsi="http://www.w3.org/2001/XMLSchema-instance" ID="F461" type="Fiche d'information conditionnée" xsi:noNamespaceSchemaLocation="../Schemas/3.4/Publication.xsd" dateDerniereModificationImportante="2024-01-01T00:00:00" spUrl="https://www.service-public.fr/particuliers/vosdroits/F461"><dc:title>Traitement indiciaire dans la fonction publique</dc:title><dc:creator>Direction de l'information légale et administrative</dc:creator><dc:subject>Travail - Formation</dc:subject><dc:description>Si vous êtes agent public, votre rémunération se compose notamment d'un traitement indiciaire (appelé également traitement de base) calculé en fonction d'un indice majoré. Nous vous présentons la réglementation que vous soyez fonctionnaire ou contractuel.</dc:description><dc:publisher>Direction de l'information légale et administrative</dc:publisher><dc:contributor>Direction de l'information légale et administrative (Premier ministre)</dc:contributor><dc:date>modified 2024-01-01</dc:date><dc:type>Fiche pratique</dc:type><dc:format>text/xml</dc:format><dc:identifier>F461</dc:identifier><dc:source>https://www.legifrance.gouv.fr/codes/section_lc/LEGITEXT000044416551/LEGISCTA000044423763/, https://www.legifrance.gouv.fr/codes/section_lc/LEGITEXT000044416551/LEGISCTA000044423769/, https://www.legifrance.gouv.fr/codes/section_lc/LEGITEXT000044416551/LEGISCTA000044423795/, https://www.legifrance.gouv.fr/codes/section_lc/LEGITEXT000044416551/LEGISCTA000044423841/, https://www.legifrance.gouv.fr/codes/article_lc/LEGIARTI000044424665/, https://www.legifrance.gouv.fr/loda/article_lc/LEGIARTI000042667268/, https://www.legifrance.gouv.fr/loda/id/JORFTEXT000000703628/, https://www.legifrance.gouv.fr/loda/id/LEGITEXT000006064738/, https://www.legifrance.gouv.fr/loda/id/JORFTEXT000000699956/, https://www.legifrance.gouv.fr/loda/id/JORFTEXT000000871608, https://www.legifrance.gouv.fr/loda/id/JORFTEXT000000343794, https://www.legifrance.gouv.fr/loda/id/JORFTEXT000000709279/, https://www.legifrance.gouv.fr/loda/id/JORFTEXT000028129999/, https://www.legifrance.gouv.fr/loda/id/JORFTEXT000042345102</dc:source><dc:language>Fr</dc:language><dc:relation>isPartOf N511</dc:relation><dc:coverage>France entière</dc:coverage><dc:rights>https://www.service-public.fr/a-propos/mentions-legales</dc:rights><SurTitre>Fiche pratique</SurTitre><Audience>Particuliers</Audience><Canal>www.service-public.fr</Canal><FilDAriane><Niveau ID="Particuliers">Accueil particuliers</Niveau><Niveau ID="N19806">Travail - Formation</Niveau><Niveau ID="N511">Rémunération dans la fonction publique</Niveau><Niveau ID="F461" type="Fiche d'information conditionnée">Traitement indiciaire dans la fonction publique</Niveau></FilDAriane><Theme ID="N19806"><Titre>Travail - Formation</Titre></Theme><SousThemePere ID="N19963">Rémunération</SousThemePere><DossierPere ID="N511"><Titre>Rémunération dans la fonction publique</Titre><SousDossier ID="N511-1"><Titre>Rémunération de base</Titre><Fiche ID="F461">Traitement indiciaire</Fiche><Fiche ID="F32511">Indemnité de résidence</Fiche><Fiche ID="F32513">Supplément familial de traitement (SFT)</Fiche><Fiche ID="F32515">Nouvelle bonification indiciaire (NBI)</Fiche></SousDossier><SousDossier ID="N511-2"><Titre>Primes et indemnités</Titre><Fiche ID="F465">Régime indemnitaire</Fiche><Fiche ID="F32787">Indemnités horaires pour travaux supplémentaires (IHTS)</Fiche><Fiche ID="F32517">Garantie individuelle du pouvoir d'achat (Gipa)</Fiche><Fiche ID="F31470">Aide sociale</Fiche></SousDossier><SousDossier ID="N511-3"><Titre>Cotisations salariales</Titre><Fiche ID="F468">Pour un fonctionnaire</Fiche><Fiche ID="F469">Pour un contractuel</Fiche></SousDossier><SousDossier ID="N511-4"><Titre>Prise en charge des frais de transport</Titre><Fiche ID="F12163">Transport domicile-travail</Fiche><Fiche ID="F527">Frais de déplacement</Fiche><Fiche ID="F13896">Changement de résidence administrative</Fiche></SousDossier></DossierPere><SousDossierPere>Rémunération de base</SousDossierPere><Introduction><Texte><Paragraphe>Si vous êtes agent public, votre rémunération se compose notamment d'un traitement indiciaire (appelé également <Expression>traitement de base</Expression>) calculé en fonction d'un indice majoré.</Paragraphe><Paragraphe>Nous vous présentons la réglementation que vous soyez fonctionnaire ou contractuel.</Paragraphe></Texte></Introduction><ListeSituations affichage="onglet"><Situation><Titre>Fonctionnaire</Titre><Texte><Chapitre><Titre><Paragraphe>Qu'est-ce que le traitement indiciaire ?</Paragraphe></Titre><Paragraphe>Votre rémunération se compose notamment d'un traitement indiciaire (appelé également <Expression>traitement de base</Expression>).</Paragraphe><Paragraphe>Votre traitement indiciaire dépend de votre <LienInterne LienPublication="F12344" type="Fiche Question-réponse conditionnée" audience="Particuliers">grade et de l'échelon</LienInterne> que vous détenez dans ce grade.</Paragraphe><Paragraphe>Chaque grade comprend un nombre d'échelons fixé par décret.</Paragraphe><Paragraphe>À chaque échelon correspond un indice brut (IB).</Paragraphe><Paragraphe>À chaque indice brut, correspond un indice majoré (IM) selon un <LienExterne URL="https://www.legifrance.gouv.fr/loda/article_lc/LEGIARTI000043341340">barème</LienExterne> défini par décret.</Paragraphe><Paragraphe>Les indices bruts s'échelonnent de 100 à 1 027. Les indices majorés s'échelonnent de 208 à 835.</Paragraphe><Paragraphe>C'est l'indice majoré (IM) qui sert au calcul de votre traitement indiciaire.</Paragraphe><Paragraphe>Votre traitement indiciaire est majoré de <Valeur>25 %</Valeur> si vous êtes fonctionnaire d’État ou hospitalier affecté dans l'un des territoires d'outre-mer suivants :</Paragraphe><Liste type="puce"><Item><Paragraphe>Guadeloupe</Paragraphe></Item><Item><Paragraphe>Guyane</Paragraphe></Item><Item><Paragraphe>Martinique</Paragraphe></Item><Item><Paragraphe>La Réunion</Paragraphe></Item><Item><Paragraphe>Saint-Barthélemy</Paragraphe></Item><Item><Paragraphe>Saint-Martin</Paragraphe></Item><Item><Paragraphe>Saint-Pierre-et-Miquelon.</Paragraphe></Item></Liste><Paragraphe>Votre traitement indiciaire est majoré de <Valeur>40 %</Valeur> si vous êtes fonctionnaire d'État ou hospitalier affecté à Mayotte.</Paragraphe><ASavoir><Titre>À savoir</Titre><Paragraphe>Certains grades d'encadrement supérieur (dits <Expression>A+</Expression>) comportent des échelons dont le traitement indiciaire est supérieur à celui de l'indice majoré 835. À chacun de ces échelons correspond un groupe et éventuellement un chevron. À chaque chevron de chaque groupe correspond un <LienExterne URL="https://www.legifrance.gouv.fr/loda/article_lc/LEGIARTI000047751768">montant de traitement brut annuel</LienExterne> fixé réglementairement. Ces traitements sont dits <Expression>hors échelle</Expression>.</Paragraphe></ASavoir></Chapitre><Chapitre><Titre><Paragraphe>Comment est calculé votre traitement indiciaire ?</Paragraphe></Titre><Paragraphe>Le traitement indiciaire brut est calculé en fonction de la <LienExterne URL="https://www.fonction-publique.gouv.fr/connaitre-point-dindice">valeur du traitement indiciaire brut annuel correspondant à l'indice majoré 100</LienExterne>.</Paragraphe><Paragraphe>Cette valeur est fixée par décret.</Paragraphe><Paragraphe>Depuis le 1<Exposant>er</Exposant> juillet 2023, la valeur du traitement indiciaire brut annuel de l'indice majoré 100 est fixée à <Valeur>5 907,34 €</Valeur>.</Paragraphe><Paragraphe>Votre traitement indiciaire brut <MiseEnEvidence>annuel</MiseEnEvidence> est calculé de la manière suivante :</Paragraphe><Paragraphe><Expression>Votre indice majoré x Valeur annuelle du traitement indiciaire brut correspondant à l'IM 100 / 100</Expression></Paragraphe><Paragraphe>Votre traitement indiciaire brut <MiseEnEvidence>mensuel</MiseEnEvidence> est égal à :</Paragraphe><Paragraphe><Expression>Votre indice majoré x Valeur annuelle du traitement indiciaire brut correspondant à l'IM 100 / 1 200</Expression></Paragraphe><Paragraphe>Le montant du traitement annuel est arrondi au centime d'euro le plus proche.</Paragraphe><Paragraphe>Le montant du traitement mensuel est déterminé en ignorant les millièmes d'euro.</Paragraphe><Exemple><Titre>Exemple</Titre><Paragraphe>Le traitement <MiseEnEvidence>annuel</MiseEnEvidence> brut correspondant à l'indice majoré 472 est égal à 472 x <Valeur>5 907,34 €</Valeur> / 100 = <Valeur>27 882,64 €</Valeur></Paragraphe><Paragraphe>Le traitement <MiseEnEvidence>mensuel</MiseEnEvidence> brut est égal à 472 x <Valeur>5 907,34 €</Valeur> / 1 200 = <Valeur>2 323,55 €</Valeur></Paragraphe></Exemple></Chapitre><Chapitre><Titre><Paragraphe>Y-a-t-il un traitement indiciaire minimum ?</Paragraphe></Titre><Paragraphe>Si vous occupez un emploi à temps complet, votre traitement indiciaire brut ne peut pas être inférieur au traitement indiciaire brut correspondant à l'indice majoré 366, soit <Valeur>21 620,86 €</Valeur> par an, <Valeur>1 801,73</Valeur> par mois.</Paragraphe><Paragraphe>Si vous occupez un emploi à temps non complet ou incomplet, le montant du traitement minimum est réduit proportionnellement à votre durée de travail.</Paragraphe><Exemple><Titre>Exemple</Titre><Paragraphe>Si vous occupez un emploi dont la durée de travail est fixée à <Valeur>70 %</Valeur> de la durée légale de travail (c'est-à-dire à 24 heures 30 au lieu de 35 heures), votre traitement indiciaire ne pourra pas être inférieur à <Valeur>70 %</Valeur> du montant du traitement indiciaire de l'indice majoré 366, soit <Valeur>15 134,60 €</Valeur> par an, <Valeur>1 261,21 €</Valeur> par mois.</Paragraphe></Exemple><Paragraphe>De plus, si vous occupez un emploi à temps complet, votre traitement indiciaire brut ne peut pas être inférieur au montant du <LienInterne LienPublication="R31127" type="Acronyme">Smic</LienInterne> brut, soit <Valeur>1 766,92 €</Valeur>.</Paragraphe><Paragraphe>Si c'est le cas, vous percevez une indemnité différentielle pour vous assurer une rémunération de base brute mensuelle au moins égale au Smic brut.</Paragraphe><Paragraphe>La rémunération brute prise en compte qui doit être au moins égale au Smic se compose de votre traitement indiciaire brut, et si vous en bénéficiez, de vos avantages en nature.</Paragraphe><Paragraphe>Si vous occupez un emploi à temps non complet ou incomplet, l'indemnité différentielle est réduite proportionnellement à votre durée de travail.</Paragraphe><Paragraphe>Si vous <LienInterne LienPublication="F486" type="Fiche d'information conditionnée" audience="Particuliers">travaillez à temps partiel</LienInterne>, l'indemnité différentielle est réduite dans les mêmes proportions que votre traitement indiciaire.</Paragraphe><Paragraphe>L'indemnité différentielle est aussi réduite dans les mêmes proportions que le traitement indiciaire lors des périodes d’absence pendant lesquelles le traitement indiciaire est réduit (en cas de <LienInterne LienPublication="N512" type="Dossier" audience="Particuliers">congé de maladie</LienInterne> rémunéré à demi-traitement par exemple).</Paragraphe><Paragraphe>L'indemnité différentielle n'est pas soumise à cotisation retraite à la différence du traitement indiciaire.</Paragraphe><ANoter><Titre>À noter</Titre><Paragraphe>Si vous percevez une <LienInterne LienPublication="F32515" type="Fiche d'information conditionnée" audience="Particuliers">nouvelle bonification indiciaire (NBI)</LienInterne>, les points d'indice dont vous bénéficiez ne se rajoutent pas à votre indice majoré pour déterminer si vous avez droit ou non au traitement minimum correspondant à l'indice majoré 366.</Paragraphe></ANoter></Chapitre><Chapitre><Titre><Paragraphe>Qu'est-ce que le complément de traitement indiciaire ?</Paragraphe></Titre><Paragraphe>Le complément de traitement indiciaire est un complément de rémunération mis en place depuis septembre 2020.</Paragraphe><Paragraphe>Le complément de traitement indiciaire est versé aux fonctionnaires d'Etat, <LienExterne URL="https://www.finistere.gouv.fr/content/download/54005/371988/file/Circulaire%20DGCL%20du%2010%20novembre%202022.pdf" format="Pdf" poids="0,32 Mb">territoriaux</LienExterne> et hospitaliers qui exercent dans le secteur de la santé ou le secteur social ou médico-social ou le secteur socio-éducatif.</Paragraphe><Paragraphe>Le montant mensuel du complément de traitement indiciaire est fixé à 49 points d'indice majoré, soit <Valeur>241,22 €</Valeur> bruts.</Paragraphe><Paragraphe>Le complément de traitement indiciaire est versé chaque mois.</Paragraphe><Paragraphe>Il est réduit dans les mêmes proportions que le traitement indiciaire (en cas de temps partiel ou d’absence entraînant une réduction du traitement indiciaire, par exemple en cas de congé de maladie à demi-traitement).</Paragraphe><Paragraphe>Le complément de traitement indiciaire n'est pas pris en compte pour le calcul de l'indemnité de résidence et du supplément familial de traitement.</Paragraphe><Paragraphe>Si vous travaillez dans plusieurs établissements, le complément de traitement indiciaire est calculé, par chaque établissement, en proportion de votre temps de travail dans l'établissement concerné.</Paragraphe><Paragraphe>Le montant brut du complément de traitement indiciaire est revalorisé dans les mêmes conditions que le traitement indiciaire en fonction de la valeur du point d'indice.</Paragraphe><Paragraphe>Le complément de traitement indiciaire est soumis aux mêmes <LienInterne LienPublication="F468" type="Fiche d'information conditionnée" audience="Particuliers">cotisations</LienInterne> que le traitement indiciaire.</Paragraphe><Paragraphe>Le complément de traitement indiciaire ouvre droit à un supplément de pension.</Paragraphe><Paragraphe>Ce supplément de pension est accordé aux pensions de retraite versées depuis le 1<Exposant>er</Exposant> septembre 2020.</Paragraphe><Paragraphe>Pour en bénéficier, vous devez avoir perçu le complément de traitement indiciaire au moins 1 fois au cours des 6 derniers mois précédant votre départ en retraite.</Paragraphe><Paragraphe>Le supplément de pension est calculé de la même manière que la retraite :</Paragraphe><Paragraphe><Expression>Complément de traitement indiciaire x <Valeur>75 %</Valeur> x (nombre de trimestres et de bonifications liquidables / nombre de trimestres nécessaires pour avoir une pension à taux plein)</Expression></Paragraphe><Paragraphe>Le supplément de pension est revalorisé dans les mêmes conditions que la pension de retraite.</Paragraphe></Chapitre></Texte></Situation><Situation><Titre>Contractuel</Titre><Texte><Chapitre><Titre><Paragraphe>Qu'est-ce que le traitement indiciaire ?</Paragraphe></Titre><Paragraphe>Votre rémunération se compose notamment d'un traitement indiciaire (appelé également <Expression>traitement de base</Expression>).</Paragraphe><Paragraphe>Votre traitement indiciaire est fixé par votre administration employeur.</Paragraphe><Paragraphe>Pour fixer votre traitement indiciaire, votre administration tient compte notamment de vos fonctions, de la qualification requise pour les exercer, de votre qualification et de votre expérience.</Paragraphe><Paragraphe>Le traitement indiciaire est calculé en fonction d'un indice majoré déterminé par votre administration. Les indices majorés s’échelonnent de 208 à 835.</Paragraphe></Chapitre><Chapitre><Titre><Paragraphe>Comment est calculé votre traitement indiciaire ?</Paragraphe></Titre><Paragraphe>Le traitement indiciaire brut est calculé en fonction de la <LienExterne URL="https://www.fonction-publique.gouv.fr/connaitre-point-dindice">valeur du traitement indiciaire brut annuel correspondant à l'indice majoré 100</LienExterne>.</Paragraphe><Paragraphe>Cette valeur est fixée par décret.</Paragraphe><Paragraphe>Depuis le 1<Exposant>er</Exposant> juillet 2023, la valeur du traitement indiciaire brut annuel de l'indice majoré 100 est fixée à <Valeur>5 907,34 €</Valeur>.</Paragraphe><Paragraphe>Votre traitement indiciaire brut <MiseEnEvidence>annuel</MiseEnEvidence> est calculé de la manière suivante :</Paragraphe><Paragraphe><Expression>Votre indice majoré x Valeur annuelle du traitement indiciaire brut correspondant à l'IM 100 / 100</Expression></Paragraphe><Paragraphe>Votre traitement indiciaire brut <MiseEnEvidence>mensuel</MiseEnEvidence> est égal à :</Paragraphe><Paragraphe><Expression>Votre indice majoré x Valeur annuelle du traitement indiciaire brut correspondant à l'IM 100 / 1 200</Expression></Paragraphe><Paragraphe>Le montant du traitement annuel est arrondi au centime d'euro le plus proche.</Paragraphe><Paragraphe>Le montant du traitement mensuel est déterminé en ignorant les millièmes d'euro.</Paragraphe><Exemple><Titre>Exemple</Titre><Paragraphe>Le traitement <MiseEnEvidence>annuel</MiseEnEvidence> brut correspondant à l'indice majoré 472 est égal à 472 x <Valeur>5 907,34 €</Valeur> / 100 = <Valeur>27 882,64 €</Valeur></Paragraphe><Paragraphe>Le traitement <MiseEnEvidence>mensuel</MiseEnEvidence> brut est égal à 472 x <Valeur>5 907,34 €</Valeur> / 1 200 = <Valeur>2 323,55 €</Valeur></Paragraphe></Exemple></Chapitre><Chapitre><Titre><Paragraphe>Y-a-t-il un traitement indiciaire minimum ?</Paragraphe></Titre><Paragraphe>Si vous occupez un emploi à temps complet, votre traitement indiciaire brut ne peut pas être inférieur au traitement indiciaire brut correspondant à l'indice majoré 366, soit <Valeur>21 620,86 €</Valeur> par an, <Valeur>1 801,73</Valeur> par mois.</Paragraphe><Paragraphe>Si vous occupez un emploi à temps non complet ou incomplet, le montant du traitement minimum est réduit proportionnellement à votre durée de travail.</Paragraphe><Exemple><Titre>Exemple</Titre><Paragraphe>Si vous occupez un emploi dont la durée de travail est fixée à <Valeur>70 %</Valeur> de la durée légale de travail (c'est-à-dire à 24 heures 30 au lieu de 35 heures), votre traitement indiciaire ne pourra pas être inférieur à <Valeur>70 %</Valeur> du montant du traitement indiciaire de l'indice majoré 366, soit <Valeur>15 134,60 €</Valeur> par an, <Valeur>1 261,21 €</Valeur> par mois.</Paragraphe></Exemple><Paragraphe>De plus, si vous occupez un emploi à temps complet, votre traitement indiciaire brut ne peut pas être inférieur au montant du <LienInterne LienPublication="R31127" type="Acronyme">Smic</LienInterne> brut, soit <Valeur>1 766,92 €</Valeur>.</Paragraphe><Paragraphe>Si c'est le cas, vous percevez une indemnité différentielle pour vous assurer une rémunération de base brute mensuelle au moins égale au Smic brut.</Paragraphe><Paragraphe>La rémunération brute prise en compte qui doit être au moins égale au Smic se compose de votre traitement indiciaire brut, et si vous en bénéficiez, de vos avantages en nature.</Paragraphe><Paragraphe>Si vous occupez un emploi à temps non complet ou incomplet, l'indemnité différentielle est réduite proportionnellement à votre durée de travail.</Paragraphe><Paragraphe>Si vous <LienInterne LienPublication="F486" type="Fiche d'information conditionnée" audience="Particuliers">travaillez à temps partiel</LienInterne>, l'indemnité différentielle est réduite dans les mêmes proportions que votre traitement indiciaire.</Paragraphe><Paragraphe>L'indemnité différentielle est aussi réduite dans les mêmes proportions que le traitement indiciaire lors des périodes d’absence pendant lesquelles le traitement indiciaire est réduit (en cas de <LienInterne LienPublication="N512" type="Dossier" audience="Particuliers">congé de maladie</LienInterne> rémunéré à demi-traitement par exemple).</Paragraphe><Paragraphe>L'indemnité différentielle n'est pas soumise à cotisation retraite à la différence du traitement indiciaire.</Paragraphe></Chapitre><Chapitre><Titre><Paragraphe>Comment évolue votre rémunération  ?</Paragraphe></Titre><BlocCas affichage="radio"><Cas><Titre>Fonction publique d'État (FPE)</Titre><Paragraphe>Si vous êtes employé en <LienInterne LienPublication="R24389" type="Sigle">CDI</LienInterne>, votre rémunération est réévaluée au moins tous les 3 ans, notamment au vu des résultats de vos entretiens professionnels ou de l'évolution de vos fonctions.</Paragraphe><Paragraphe>Si vous êtes employé en <LienInterne LienPublication="R2454" type="Sigle">CDD</LienInterne> de manière continue auprès de la même administration, votre rémunération est aussi réévaluée au moins tous les 3 ans si vous avez été recruté pour l'un des motifs suivants :</Paragraphe><Liste type="puce"><Item><Paragraphe>Absence de corps de fonctionnaires pouvant assurer les fonctions que vous occupez</Paragraphe></Item><Item><Paragraphe>Recrutement justifié par la nature de vos fonctions ou les besoins du service</Paragraphe></Item><Item><Paragraphe>Votre emploi ne nécessite pas une formation statutaire donnant lieu à titularisation dans un corps de fonctionnaires</Paragraphe></Item><Item><Paragraphe>Vous occupez un emploi à temps incomplet dont la durée de travail est de 24 heures 30 maximum</Paragraphe></Item></Liste><Paragraphe>La réévaluation prend en compte les résultats de vos entretiens professionnels annuels ou l'évolution de vos fonctions.</Paragraphe></Cas><Cas><Titre>Territoriale (FPT)</Titre><Paragraphe>Si vous êtes employé en <LienInterne LienPublication="R24389" type="Sigle">CDI</LienInterne>, votre rémunération est réévaluée au moins tous les 3 ans au vu des résultats de vos entretiens professionnels ou de l'évolution de vos fonctions.</Paragraphe><Paragraphe>Si vous êtes employé en <LienInterne LienPublication="R2454" type="Sigle">CDD</LienInterne> de manière continue auprès de la même collectivité, votre rémunération est aussi réévaluée au moins tous les 3 ans si vous avez été recruté pour l'un des motifs suivants :</Paragraphe><Liste type="puce"><Item><Paragraphe>Absence de cadre d'emplois de fonctionnaires susceptibles d'assurer les fonctions pour lesquelles vous avez été recruté</Paragraphe></Item><Item><Paragraphe>Recrutement justifié par les besoins des services ou la nature de vos fonctions et par l’impossibilité de recruter un fonctionnaire</Paragraphe></Item><Item><Paragraphe>Occuper un emploi dans une communes de moins de 1 000 habitants ou dans un groupement de communes regroupant moins de 15 000 habitants</Paragraphe></Item><Item><Paragraphe>Occuper un emploi dans une commune nouvelle issue de la fusion de communes de moins de 1 000 habitants, pendant une période de 3 ans suivant la création de la commune nouvelle, prolongée, éventuellement, jusqu'au 1<Exposant>er</Exposant> renouvellement du conseil municipal</Paragraphe></Item><Item><Paragraphe>Occuper un emploi à temps non complet dont la durée de travail est inférieure à un mi-temps</Paragraphe></Item><Item><Paragraphe>Occuper un emploi, dans une commune de moins de 2 000 habitants ou dans un groupement de communes de moins de 10 000 habitants, dont la création ou la suppression dépend de la décision d'une autorité qui s'impose à l’autorité territoriale (par exemple, emploi d'agent territorial spécialisé des écoles maternelles - Atsem - dont la création ou la suppression dépend des décisions d'ouverture ou de fermeture de classes par l’Éducation Nationale)</Paragraphe></Item></Liste><Paragraphe>La réévaluation prend en compte les résultats de vos entretiens professionnels annuels ou l'évolution de vos fonctions.</Paragraphe></Cas><Cas><Titre>Hospitalière (FPH)</Titre><Paragraphe>Si vous êtes employé en <LienInterne LienPublication="R24389" type="Sigle">CDI</LienInterne>, votre rémunération est réévaluée au moins tous les 3 ans au vu des résultats de vos entretiens professionnels ou de l'évolution de vos fonctions.</Paragraphe><Paragraphe>Si vous êtes employé en <LienInterne LienPublication="R2454" type="Sigle">CDD</LienInterne> de manière continue auprès du même établissement, votre rémunération est aussi réévaluée au moins tous les 3 ans si vous avez été recruté pour l'un des motifs suivants :</Paragraphe><Liste type="puce"><Item><Paragraphe>Recrutement justifié par la nature des fonctions ou les besoins du service (notamment par l'absence de corps de fonctionnaires pouvant assurer les fonctions que vous occupez ou parce qu'il s'agit de fonctions nouvellement prises en charge par l'administration ou nécessitant des connaissances techniques hautement spécialisées)</Paragraphe></Item><Item><Paragraphe>Occuper un emploi à temps non complet inférieur au mi-temps</Paragraphe></Item><Item><Paragraphe>Remplacement momentané d'un fonctionnaire ou d'un agent contractuel à temps partiel, en congé annuel, en congé de maladie, en congé de maternité ou d'adoption, en congé parental, en congé de présence parentale, en congé de solidarité familiale ou réserviste.</Paragraphe></Item></Liste><Paragraphe>La réévaluation prend en compte les résultats de vos entretiens professionnels annuels ou l'évolution de vos fonctions.</Paragraphe></Cas></BlocCas></Chapitre><Chapitre><Titre><Paragraphe>Qu'est-ce que le complément de traitement indiciaire ?</Paragraphe></Titre><Paragraphe>Le complément de traitement indiciaire est un complément de rémunération mis en place depuis septembre 2020.</Paragraphe><Paragraphe>Le complément de traitement indiciaire est versé aux agents qui exercent dans le secteur de la santé ou le secteur social ou médico-social ou le secteur socio-éducatif.</Paragraphe><Paragraphe>Le montant mensuel du complément de traitement indiciaire est fixé à 49 points d'indice majoré, soit <Valeur>241,22 €</Valeur> bruts.</Paragraphe><Paragraphe>Le complément de traitement indiciaire est versé chaque mois.</Paragraphe><Paragraphe>Il est réduit dans les mêmes proportions que le traitement indiciaire (en cas de temps partiel ou d’absence entraînant une réduction du traitement indiciaire, par exemple en cas de congé de maladie à demi-traitement).</Paragraphe><Paragraphe>Le complément de traitement indiciaire n'est pas pris en compte pour le calcul de l'indemnité de résidence et du supplément familial de traitement.</Paragraphe><Paragraphe>Si vous travaillez dans plusieurs établissements, le complément de traitement indiciaire est calculé, par chaque établissement, en proportion de votre temps de travail dans l'établissement concerné.</Paragraphe><Paragraphe>Le montant brut du complément de traitement indiciaire est revalorisé dans les mêmes conditions que le traitement indiciaire en fonction de la valeur du point d'indice.</Paragraphe><Paragraphe>Le complément de traitement indiciaire est soumis aux mêmes <LienInterne LienPublication="F469" type="Fiche d'information conditionnée" audience="Particuliers">cotisations</LienInterne> que le traitement indiciaire.</Paragraphe></Chapitre></Texte></Situation></ListeSituations><VoirAussi important="non"><Fiche ID="F468" audience="Particuliers"><Titre>Cotisations salariales du fonctionnaire</Titre><Theme ID="N19806"><Titre>Travail - Formation</Titre></Theme></Fiche><Fiche ID="F469" audience="Particuliers"><Titre>Cotisations salariales d'un agent contractuel de la fonction publique</Titre><Theme ID="N19806"><Titre>Travail - Formation</Titre></Theme></Fiche></VoirAussi><Reference type="Texte de référence" URL="https://www.legifrance.gouv.fr/codes/section_lc/LEGITEXT000044416551/LEGISCTA000044423763/" ID="R32835"><Titre>Code de la fonction publique : articles L712-1 à L712-2</Titre></Reference><Reference type="Texte de référence" URL="https://www.legifrance.gouv.fr/codes/section_lc/LEGITEXT000044416551/LEGISCTA000044423769/" ID="R60088"><Titre>Code de la fonction publique : articles L712-3 à L712-6</Titre></Reference><Reference type="Texte de référence" URL="https://www.legifrance.gouv.fr/codes/section_lc/LEGITEXT000044416551/LEGISCTA000044423795/" ID="R59162"><Titre>Code de la fonction publique : articles L713-1 à L713-2</Titre></Reference><Reference type="Texte de référence" URL="https://www.legifrance.gouv.fr/codes/section_lc/LEGITEXT000044416551/LEGISCTA000044423841/" ID="R13508"><Titre>Code de la fonction publique : article L715-1</Titre></Reference><Reference type="Texte de référence" URL="https://www.legifrance.gouv.fr/codes/article_lc/LEGIARTI000044424665/" ID="R59009"><Titre>Code de la fonction publique : article L741-1</Titre></Reference><Reference type="Texte de référence" URL="https://www.legifrance.gouv.fr/loda/article_lc/LEGIARTI000042667268/" ID="R58541"><Titre>Loi n°2020-1576 du 14 décembre 2020 de financement de la sécurité sociale pour 2021 : article 48</Titre></Reference><Reference type="Texte de référence" URL="https://www.legifrance.gouv.fr/loda/id/JORFTEXT000000703628/" ID="R20134"><Titre>Décret n°82-1105 du 23 décembre 1982 relatif aux indices de la fonction publique</Titre></Reference><Reference type="Texte de référence" URL="https://www.legifrance.gouv.fr/loda/id/LEGITEXT000006064738/" ID="R1707"><Titre>Décret n°85-1148 du 24 octobre 1985 relatif à la rémunération des personnels des 3 fonctions publiques</Titre></Reference><Reference type="Texte de référence" URL="https://www.legifrance.gouv.fr/loda/id/JORFTEXT000000699956/" ID="R13139"><Titre>Décret n°86-83 du 17 janvier 1986 relatif aux agents contractuels de la FPE</Titre><Complement>Article 1-3</Complement></Reference><Reference type="Texte de référence" URL="https://www.legifrance.gouv.fr/loda/id/JORFTEXT000000871608" ID="R13140"><Titre>Décret n°88-145 du 15 février 1988 relatif aux agents non titulaires de la FPT</Titre><Complement>Article 1-2</Complement></Reference><Reference type="Texte de référence" URL="https://www.legifrance.gouv.fr/loda/id/JORFTEXT000000343794" ID="R13141"><Titre>Décret n°91-155 du 6 février 1991 relatif aux agents contractuels de la FPH</Titre><Complement>Article 1-2</Complement></Reference><Reference type="Texte de référence" URL="https://www.legifrance.gouv.fr/loda/id/JORFTEXT000000709279/" ID="R39422"><Titre>Décret n°91-769 du 2 août 1991 instituant une indemnité différentielle pour les personnels de l'Etat, des collectivités territoriales et des établissements publics d'hospitalisation</Titre></Reference><Reference type="Texte de référence" URL="https://www.legifrance.gouv.fr/loda/id/JORFTEXT000028129999/" ID="R34238"><Titre>Décret n°2013-964 du 28 octobre 2013 relatif à la majoration de traitement accordée aux fonctionnaires d'État et hospitaliers affectés à Mayotte</Titre></Reference><Reference type="Texte de référence" URL="https://www.legifrance.gouv.fr/loda/id/JORFTEXT000042345102" ID="R58542"><Titre>Décret n°2020-1152 du 19 septembre 2020 relatif au versement d'un complément de traitement indiciaire à certains agents publics</Titre></Reference><PourEnSavoirPlus type="Information pratique" ID="R65868" URL="https://www.fonction-publique.gouv.fr/files/files/Publications/Publications%20DGAFP/2023/parcours-de-formation-professionnalisation-rh-L3.pdf" audience="Particuliers" format="PDF" poids="738 Ko"><Titre>Structure et principaux éléments constitutifs de la rémunération</Titre><Source ID="R30602">Ministère chargé de la fonction publique</Source></PourEnSavoirPlus><PourEnSavoirPlus type="Information pratique" ID="R50075" URL="https://www.fonction-publique.gouv.fr/connaitre-point-dindice" audience="Particuliers"><Titre>Évolution de l'indice 100 depuis 2002 (montants annualisés)</Titre><Source ID="R30602">Ministère chargé de la fonction publique</Source></PourEnSavoirPlus><PourEnSavoirPlus type="Information pratique" ID="R54926" URL="https://www.legifrance.gouv.fr/loda/article_lc/LEGIARTI000043341340" audience="Particuliers"><Titre>Correspondance entre indices bruts et majorés</Titre><Source ID="R38880">Legifrance</Source></PourEnSavoirPlus><PourEnSavoirPlus type="Information pratique" ID="R66564" URL="https://www.legifrance.gouv.fr/loda/article_lc/LEGIARTI000047751768" audience="Particuliers"><Titre>Traitements annuels correspondant à chacun des groupes hors échelle</Titre><Source ID="R38880">Legifrance</Source></PourEnSavoirPlus><PourEnSavoirPlus type="Information pratique" ID="R63761" URL="https://www.finistere.gouv.fr/content/download/54005/371988/file/Circulaire%20DGCL%20du%2010%20novembre%202022.pdf" audience="Particuliers" format="Pdf" poids="0,32 Mb"><Titre>Bénéficiaires du complément de traitement indiciaire dans la fonction publique territoriale</Titre><Source ID="R42058">Ministère chargé des collectivités locales</Source></PourEnSavoirPlus><Abreviation ID="R31127" type="Acronyme"><Titre>Smic</Titre><Texte><Paragraphe>Salaire minimum interprofessionnel de croissance</Paragraphe></Texte></Abreviation><Abreviation ID="R24389" type="Sigle"><Titre>CDI</Titre><Texte><Paragraphe>Contrat de travail à durée indéterminée</Paragraphe></Texte></Abreviation><Abreviation ID="R2454" type="Sigle"><Titre>CDD</Titre><Texte><Paragraphe>Contrat à durée déterminée</Paragraphe></Texte></Abreviation></Publication>