<?xml version="1.0" encoding="UTF-8"?><Publication xmlns:dc="http://purl.org/dc/elements/1.1/" xmlns:xsi="http://www.w3.org/2001/XMLSchema-instance" ID="F47157" type="Recherche guidée" xsi:noNamespaceSchemaLocation="../Schemas/3.4/Publication.xsd" spUrl="https://www.service-public.fr/particuliers/vosdroits/F47157"><dc:title>Arnaque sur internet</dc:title><dc:creator>Direction de l'information légale et administrative</dc:creator><dc:subject>Justice</dc:subject><dc:description>Arnaque sur internet</dc:description><dc:publisher>Direction de l'information légale et administrative</dc:publisher><dc:contributor>Direction de l'information légale et administrative (Premier ministre)</dc:contributor><dc:date>modified 2023-09-27</dc:date><dc:type>Recherche guidée</dc:type><dc:format>text/xml</dc:format><dc:identifier>F47157</dc:identifier><dc:language>Fr</dc:language><dc:relation>isPartOf N31138</dc:relation><dc:coverage>France entière</dc:coverage><dc:rights>https://www.service-public.fr/a-propos/mentions-legales</dc:rights><SurTitre>Recherche guidée</SurTitre><Audience>Particuliers</Audience><Canal>www.service-public.fr</Canal><FilDAriane><Niveau ID="Particuliers">Accueil particuliers</Niveau><Niveau ID="N19807">Justice</Niveau><Niveau ID="N31138">Arnaque sur internet (THESEE, Pharos, ...)</Niveau><Niveau ID="F47157" type="Recherche guidée">Arnaque sur internet</Niveau></FilDAriane><Theme ID="N19807"><Titre>Justice</Titre></Theme><SousThemePere ID="N20326">Infractions</SousThemePere><DossierPere ID="N31138"><Titre>Arnaque sur internet (THESEE, Pharos, ...)</Titre><Fiche ID="F34129">Ransomware ou rançongiciel</Fiche><Fiche ID="F34010">Piratage d'une messagerie électronique (mail, réseaux sociaux...)</Fiche><Fiche ID="F34800">Phishing (hameçonnage)</Fiche><Fiche ID="F34000">Fraude liée à un achat sur internet</Fiche><Fiche ID="F34092">Fraude liée à une location sur internet</Fiche><Fiche ID="F34124">Chantage / Menaces lors d'une relation amoureuse ou amicale sur internet</Fiche></DossierPere><Introduction><Texte><Paragraphe>Vous estimez être victime d'une infraction concernant des faits qui se sont déroulés sur internet sans aucune rencontre physique ? Il peut s'agir par exemple de courriels, sites web, e-commerce, relations virtuelles. Le dispositif <LienInterne LienPublication="R59729" type="Sigle">THESEE</LienInterne> vous permet, dans certains cas, de porter plainte ou signaler l'infraction en ligne.</Paragraphe></Texte></Introduction><Problematiques><Problematique><Titre><Paragraphe>Achat/Vente d'un bien ou d'un service</Paragraphe></Titre><Branche><Titre><Paragraphe>Vous êtes acheteur</Paragraphe></Titre><Aide><Paragraphe>Vous avez acheté et payé en ligne un bien (marchandise, équipement, vêtement...) ou un service (jeu en ligne, billet, formation abonnement...), mais vous estimez avoir été trompé.</Paragraphe></Aide><Branche><Titre><Paragraphe>Vous êtes majeur</Paragraphe></Titre><SiSelectionne><affecteVrai var="T10043"/></SiSelectionne><Branche><Titre><Paragraphe>Achat sur un site marchand / professionnel</Paragraphe></Titre><SiSelectionne><affecteVrai var="T10204"/></SiSelectionne><Branche><Titre><Paragraphe>Le bien ou service n'est pas conforme à la commande</Paragraphe></Titre><Aide><Paragraphe>Le bien reçu est de la même catégorie que celui commandé, mais n'a pas les mêmes caractéristiques.</Paragraphe></Aide><SiSelectionne><affecteVrai var="T10333"/></SiSelectionne><LienInterne LienPublication="F34284" type="Fiche Question-réponse conditionnée" audience="Particuliers"/></Branche><Branche><Titre><Paragraphe>Le bien ou le service n'a pas été reçu</Paragraphe></Titre><SiSelectionne><affecteVrai var="T10339"/></SiSelectionne><Branche><Titre><Paragraphe>Vous n'avez pas essayé de joindre le service client</Paragraphe></Titre><SiSelectionne><affecteVrai var="T10031"/></SiSelectionne><LienInterne LienPublication="F34000" type="Fiche d'information conditionnée" audience="Particuliers"/></Branche><Branche><Titre><Paragraphe>Le service client ne vous a pas donné satisfaction</Paragraphe></Titre><SiSelectionne><affecteVrai var="T10060"/></SiSelectionne><LienInterne LienPublication="F34284" type="Fiche Question-réponse conditionnée" audience="Particuliers"/></Branche><Branche><Titre><Paragraphe>Le service client ne répond pas ou n'existe pas</Paragraphe></Titre><Branche><Titre><Paragraphe>Vous avez déjà déposé une plainte en commissariat ou gendarmerie pour ces faits</Paragraphe></Titre><SiSelectionne><affecteVrai var="T15893"/></SiSelectionne><LienInterne LienPublication="F34000" type="Fiche d'information conditionnée" audience="Particuliers"/></Branche><Branche><Titre><Paragraphe>Vous avez déjà déposé une plainte THESEE pour ces faits</Paragraphe></Titre><SiSelectionne><affecteVrai var="T15894"/></SiSelectionne><LienInterne LienPublication="F34000" type="Fiche d'information conditionnée" audience="Particuliers"/></Branche><Branche><Titre><Paragraphe>Vous n'avez pas encore déposé plainte pour ces faits</Paragraphe></Titre><SiSelectionne><affecteVrai var="T10015"/></SiSelectionne><LienInterne LienPublication="F34000" type="Fiche d'information conditionnée" audience="Particuliers"/></Branche></Branche></Branche></Branche><Branche><Titre><Paragraphe>Achat sur un site de petites annonces</Paragraphe></Titre><SiSelectionne><affecteVrai var="T10318"/></SiSelectionne><Branche><Titre><Paragraphe>Le bien ou le service n'est pas conforme à l'annonce</Paragraphe></Titre><SiSelectionne><affecteVrai var="T10333"/></SiSelectionne><Branche><Titre><Paragraphe>Le vendeur est un particulier</Paragraphe></Titre><Branche><Titre><Paragraphe>Vous avez déjà déposé une plainte en commissariat ou gendarmerie pour ces faits</Paragraphe></Titre><SiSelectionne><affecteVrai var="T15893"/></SiSelectionne><LienInterne LienPublication="F34000" type="Fiche d'information conditionnée" audience="Particuliers"/></Branche><Branche><Titre><Paragraphe>Vous avez déjà déposé une plainte THESEE pour ces faits</Paragraphe></Titre><SiSelectionne><affecteVrai var="T15894"/></SiSelectionne><LienInterne LienPublication="F34000" type="Fiche d'information conditionnée" audience="Particuliers"/></Branche><Branche><Titre><Paragraphe>Vous n'avez pas encore déposé plainte pour ces faits</Paragraphe></Titre><SiSelectionne><affecteVrai var="T15895"/></SiSelectionne><LienInterne LienPublication="F34000" type="Fiche d'information conditionnée" audience="Particuliers"/></Branche></Branche><Branche><Titre><Paragraphe>Le vendeur est un professionnel</Paragraphe></Titre><LienInterne LienPublication="F34284" type="Fiche Question-réponse conditionnée" audience="Particuliers"/></Branche></Branche><Branche><Titre><Paragraphe>Vous n'avez pas reçu le bien</Paragraphe></Titre><SiSelectionne><affecteVrai var="T10339"/></SiSelectionne><Branche><Titre><Paragraphe>Vous avez déjà déposé une plainte en commissariat ou gendarmerie pour ces faits</Paragraphe></Titre><SiSelectionne><affecteVrai var="T15893"/></SiSelectionne><LienInterne LienPublication="F34000" type="Fiche d'information conditionnée" audience="Particuliers"/></Branche><Branche><Titre><Paragraphe>Vous avez déjà déposé une plainte THESEE pour ces faits</Paragraphe></Titre><SiSelectionne><affecteVrai var="T15894"/></SiSelectionne><LienInterne LienPublication="F34000" type="Fiche d'information conditionnée" audience="Particuliers"/></Branche><Branche><Titre><Paragraphe>Vous n'avez pas encore déposé plainte pour ces faits</Paragraphe></Titre><SiSelectionne><affecteVrai var="T15895"/></SiSelectionne><LienInterne LienPublication="F34000" type="Fiche d'information conditionnée" audience="Particuliers"/></Branche></Branche></Branche></Branche><Branche><Titre><Paragraphe>Vous êtes mineur</Paragraphe></Titre><SiSelectionne><affecteVrai var="T10032"/></SiSelectionne><Branche><Titre><Paragraphe>Achat sur un site marchand / professionnel</Paragraphe></Titre><Aide><Paragraphe>Achat, vente ou petites annonces sur internet</Paragraphe></Aide><SiSelectionne><affecteVrai var="T10204"/></SiSelectionne><Branche><Titre><Paragraphe>Le bien ou service n'est pas conforme à la commande</Paragraphe></Titre><Aide><Paragraphe>Le bien reçu est de la même catégorie que celui commandé, mais n'a pas les mêmes caractéristiques.</Paragraphe></Aide><SiSelectionne><affecteVrai var="T10333"/></SiSelectionne><LienInterne LienPublication="F34284" type="Fiche Question-réponse conditionnée" audience="Particuliers"/></Branche><Branche><Titre><Paragraphe>Le bien ou le service n'a pas été reçu</Paragraphe></Titre><SiSelectionne><affecteVrai var="T10339"/></SiSelectionne><Branche><Titre><Paragraphe>Vous n'avez pas essayé de joindre le service client</Paragraphe></Titre><SiSelectionne><affecteVrai var="T10031"/></SiSelectionne><LienInterne LienPublication="F34000" type="Fiche d'information conditionnée" audience="Particuliers"/></Branche><Branche><Titre><Paragraphe>Le service client ne vous a pas donné satisfaction</Paragraphe></Titre><SiSelectionne><affecteVrai var="T10060"/></SiSelectionne><LienInterne LienPublication="F34284" type="Fiche Question-réponse conditionnée" audience="Particuliers"/></Branche><Branche><Titre><Paragraphe>Le service client ne répond pas ou n'existe pas</Paragraphe></Titre><SiSelectionne><affecteVrai var="T10015"/></SiSelectionne><LienInterne LienPublication="F34000" type="Fiche d'information conditionnée" audience="Particuliers"/></Branche></Branche></Branche><Branche><Titre><Paragraphe>Achat sur un site de petites annonces</Paragraphe></Titre><SiSelectionne><affecteVrai var="T10318"/></SiSelectionne><Branche><Titre><Paragraphe>Le bien ou le service n'est pas conforme à l'annonce</Paragraphe></Titre><SiSelectionne><affecteVrai var="T10333"/></SiSelectionne><Branche><Titre><Paragraphe>Le vendeur est un particulier</Paragraphe></Titre><LienInterne LienPublication="F34000" type="Fiche d'information conditionnée" audience="Particuliers"/></Branche><Branche><Titre><Paragraphe>Le vendeur est un professionnel</Paragraphe></Titre><LienInterne LienPublication="F34284" type="Fiche Question-réponse conditionnée" audience="Particuliers"/></Branche></Branche><Branche><Titre><Paragraphe>Vous n'avez pas reçu le bien</Paragraphe></Titre><SiSelectionne><affecteVrai var="T10339"/></SiSelectionne><LienInterne LienPublication="F34000" type="Fiche d'information conditionnée" audience="Particuliers"/></Branche></Branche></Branche></Branche><Branche><Titre><Paragraphe>Vous êtes vendeur</Paragraphe></Titre><Aide><Paragraphe>Vous avez voulu vendre un bien ou un service sur internet et vous estimez avoir été trompé par l'acheteur</Paragraphe></Aide><Branche><Titre><Paragraphe>Vous êtes majeur</Paragraphe></Titre><SiSelectionne><affecteVrai var="T10043"/></SiSelectionne><Branche><Titre><Paragraphe>Vous rencontrez un problème de paiement</Paragraphe></Titre><SiSelectionne><affecteVrai var="T10016"/></SiSelectionne><Branche><Titre><Paragraphe>Vous avez déjà déposé une plainte en commissariat ou gendarmerie pour ces faits</Paragraphe></Titre><SiSelectionne><affecteVrai var="T15893"/></SiSelectionne><LienInterne LienPublication="F34019" type="Fiche Question-réponse conditionnée" audience="Particuliers"/></Branche><Branche><Titre><Paragraphe>Vous avez déjà déposé une plainte THESEE pour ces faits</Paragraphe></Titre><SiSelectionne><affecteVrai var="T15894"/></SiSelectionne><LienInterne LienPublication="F34019" type="Fiche Question-réponse conditionnée" audience="Particuliers"/></Branche><Branche><Titre><Paragraphe>Vous n'avez pas encore déposé plainte pour ces faits</Paragraphe></Titre><SiSelectionne><affecteVrai var="T15895"/></SiSelectionne><LienInterne LienPublication="F34019" type="Fiche Question-réponse conditionnée" audience="Particuliers"/></Branche></Branche><Branche><Titre><Paragraphe>Des fausses informations vous ont incité à verser de l'argent</Paragraphe></Titre><SiSelectionne><affecteVrai var="T10331"/></SiSelectionne><Branche><Titre><Paragraphe>Vous avez déjà déposé une plainte en commissariat ou gendarmerie pour ces faits</Paragraphe></Titre><SiSelectionne><affecteVrai var="T15893"/></SiSelectionne><LienInterne LienPublication="F34019" type="Fiche Question-réponse conditionnée" audience="Particuliers"/></Branche><Branche><Titre><Paragraphe>Vous avez déjà déposé une plainte THESEE pour ces faits</Paragraphe></Titre><SiSelectionne><affecteVrai var="T15894"/></SiSelectionne><LienInterne LienPublication="F34019" type="Fiche Question-réponse conditionnée" audience="Particuliers"/></Branche><Branche><Titre><Paragraphe>Vous n'avez pas encore déposé plainte pour ces faits</Paragraphe></Titre><SiSelectionne><affecteVrai var="T15895"/></SiSelectionne><LienInterne LienPublication="F34019" type="Fiche Question-réponse conditionnée" audience="Particuliers"/></Branche></Branche></Branche><Branche><Titre><Paragraphe>Vous êtes mineur</Paragraphe></Titre><SiSelectionne><affecteVrai var="T10032"/></SiSelectionne><Branche><Titre><Paragraphe>Vous rencontrez un problème de paiement</Paragraphe></Titre><SiSelectionne><affecteVrai var="T10016"/></SiSelectionne><LienInterne LienPublication="F34019" type="Fiche Question-réponse conditionnée" audience="Particuliers"/></Branche><Branche><Titre><Paragraphe>Des fausses informations vous ont incité à verser de l'argent</Paragraphe></Titre><SiSelectionne><affecteVrai var="T10331"/></SiSelectionne><LienInterne LienPublication="F34019" type="Fiche Question-réponse conditionnée" audience="Particuliers"/></Branche></Branche></Branche></Problematique><Problematique><Titre><Paragraphe>Carte bancaire : utilisation frauduleuse des données</Paragraphe></Titre><Branche><Titre><Paragraphe>Vos données de carte bancaire ont été utilisées sans votre accord</Paragraphe></Titre><Branche><Titre><Paragraphe>Vous avez toujours votre carte bancaire</Paragraphe></Titre><Branche><Titre><Paragraphe>La fraude a été commise sur internet</Paragraphe></Titre><SiSelectionne><affecteVrai var="T10338"/></SiSelectionne><LienInterne LienPublication="F31324" type="Fiche d'information conditionnée" audience="Particuliers"/></Branche><Branche><Titre><Paragraphe>La fraude a été commise d'une autre manière</Paragraphe></Titre><SiSelectionne><affecteVrai var="T11723"/></SiSelectionne><LienInterne LienPublication="F31324" type="Fiche d'information conditionnée" audience="Particuliers"/></Branche></Branche><Branche><Titre><Paragraphe>Votre carte a été perdue</Paragraphe></Titre><LienInterne LienPublication="F31241" type="Fiche d'information conditionnée" audience="Particuliers"/></Branche><Branche><Titre><Paragraphe>Votre carte a été volée</Paragraphe></Titre><LienInterne LienPublication="F2428" type="Fiche d'information conditionnée" audience="Particuliers"/></Branche></Branche><Branche><Titre><Paragraphe>Vous êtes dans une autre situation (Pay pal, google money etc.)</Paragraphe></Titre><LienInterne LienPublication="F1435" type="Fiche d'information conditionnée" audience="Particuliers"/></Branche></Problematique><Problematique><Titre><Paragraphe>Location d'un bien</Paragraphe></Titre><Aide><Paragraphe>La location est l'action qui consiste à louer un logement, un véhicule, ou tout autre bien matériel à une personne (location immobilière, location saisonnière...)</Paragraphe></Aide><Branche><Titre><Paragraphe>Sur un site marchand / professionnel</Paragraphe></Titre><SiSelectionne><affecteVrai var="T10204"/></SiSelectionne><Branche><Titre><Paragraphe>La location n'est pas conforme à l'annonce</Paragraphe></Titre><SiSelectionne><affecteVrai var="T10333"/></SiSelectionne><LienInterne LienPublication="F34284" type="Fiche Question-réponse conditionnée" audience="Particuliers"/></Branche><Branche><Titre><Paragraphe>La location n'existe pas</Paragraphe></Titre><SiSelectionne><affecteVrai var="T10339"/></SiSelectionne><Branche><Titre><Paragraphe>Vous êtes majeur</Paragraphe></Titre><SiSelectionne><affecteVrai var="T10043"/></SiSelectionne><Branche><Titre><Paragraphe>Vous avez déjà déposé une plainte en commissariat ou gendarmerie pour ces faits</Paragraphe></Titre><SiSelectionne><affecteVrai var="T15893"/></SiSelectionne><LienInterne LienPublication="F34092" type="Fiche d'information conditionnée" audience="Particuliers"/></Branche><Branche><Titre><Paragraphe>Vous avez déjà déposé une plainte THESEE pour ces faits</Paragraphe></Titre><SiSelectionne><affecteVrai var="T15894"/></SiSelectionne><LienInterne LienPublication="F34092" type="Fiche d'information conditionnée" audience="Particuliers"/></Branche><Branche><Titre><Paragraphe>Vous n'avez pas encore déposé plainte pour ces faits</Paragraphe></Titre><SiSelectionne><affecteVrai var="T15895"/></SiSelectionne><LienInterne LienPublication="F34092" type="Fiche d'information conditionnée" audience="Particuliers"/></Branche></Branche><Branche><Titre><Paragraphe>Vous êtes mineur</Paragraphe></Titre><SiSelectionne><affecteVrai var="T10032"/></SiSelectionne><LienInterne LienPublication="F34092" type="Fiche d'information conditionnée" audience="Particuliers"/></Branche></Branche><Branche><Titre><Paragraphe>La location est déjà occupée</Paragraphe></Titre><SiSelectionne><affecteVrai var="T10340"/></SiSelectionne><LienInterne LienPublication="F34284" type="Fiche Question-réponse conditionnée" audience="Particuliers"/></Branche></Branche><Branche><Titre><Paragraphe>Sur un site de petites annonces</Paragraphe></Titre><Aide><Paragraphe>Vous avez voulu louer un appartement ou une maison sur internet et vous vous estimez trompé.</Paragraphe></Aide><SiSelectionne><affecteVrai var="T10318"/></SiSelectionne><Branche><Titre><Paragraphe>Vous êtes majeur</Paragraphe></Titre><SiSelectionne><affecteVrai var="T10043"/></SiSelectionne><Branche><Titre><Paragraphe>La location n'est pas conforme à l'annonce</Paragraphe></Titre><SiSelectionne><affecteVrai var="T10333"/></SiSelectionne><Branche><Titre><Paragraphe>Le bailleur est un particulier</Paragraphe></Titre><Branche><Titre><Paragraphe>Vous avez déjà déposé une plainte en commissariat ou gendarmerie pour ces faits</Paragraphe></Titre><SiSelectionne><affecteVrai var="T15893"/></SiSelectionne><LienInterne LienPublication="F34092" type="Fiche d'information conditionnée" audience="Particuliers"/></Branche><Branche><Titre><Paragraphe>Vous avez déjà déposé une plainte THESEE pour ces faits</Paragraphe></Titre><SiSelectionne><affecteVrai var="T15894"/></SiSelectionne><LienInterne LienPublication="F34092" type="Fiche d'information conditionnée" audience="Particuliers"/></Branche><Branche><Titre><Paragraphe>Vous n'avez pas encore déposé plainte pour ces faits</Paragraphe></Titre><SiSelectionne><affecteVrai var="T15895"/></SiSelectionne><LienInterne LienPublication="F34092" type="Fiche d'information conditionnée" audience="Particuliers"/></Branche></Branche><Branche><Titre><Paragraphe>Le bailleur est un professionnel</Paragraphe></Titre><LienInterne LienPublication="F34284" type="Fiche Question-réponse conditionnée" audience="Particuliers"/></Branche></Branche><Branche><Titre><Paragraphe>La location n'existe pas</Paragraphe></Titre><SiSelectionne><affecteVrai var="T10339"/></SiSelectionne><Branche><Titre><Paragraphe>Vous avez déjà déposé une plainte en commissariat ou gendarmerie pour ces faits</Paragraphe></Titre><SiSelectionne><affecteVrai var="T15893"/></SiSelectionne><LienInterne LienPublication="F34092" type="Fiche d'information conditionnée" audience="Particuliers"/></Branche><Branche><Titre><Paragraphe>Vous avez déjà déposé une plainte THESEE pour ces faits</Paragraphe></Titre><SiSelectionne><affecteVrai var="T15894"/></SiSelectionne><LienInterne LienPublication="F34092" type="Fiche d'information conditionnée" audience="Particuliers"/></Branche><Branche><Titre><Paragraphe>Vous n'avez pas encore déposé plainte pour ces faits</Paragraphe></Titre><SiSelectionne><affecteVrai var="T15895"/></SiSelectionne><LienInterne LienPublication="F34092" type="Fiche d'information conditionnée" audience="Particuliers"/></Branche></Branche><Branche><Titre><Paragraphe>La location est déjà occupée</Paragraphe></Titre><SiSelectionne><affecteVrai var="T10340"/></SiSelectionne><Branche><Titre><Paragraphe>Le bailleur est un particulier</Paragraphe></Titre><Branche><Titre><Paragraphe>Vous avez déjà déposé une plainte en commissariat ou gendarmerie pour ces faits</Paragraphe></Titre><SiSelectionne><affecteVrai var="T15893"/></SiSelectionne><LienInterne LienPublication="F34092" type="Fiche d'information conditionnée" audience="Particuliers"/></Branche><Branche><Titre><Paragraphe>Vous avez déjà déposé une plainte THESEE pour ces faits</Paragraphe></Titre><SiSelectionne><affecteVrai var="T15894"/></SiSelectionne><LienInterne LienPublication="F34092" type="Fiche d'information conditionnée" audience="Particuliers"/></Branche><Branche><Titre><Paragraphe>Vous n'avez pas encore déposé plainte pour ces faits</Paragraphe></Titre><SiSelectionne><affecteVrai var="T15895"/></SiSelectionne><LienInterne LienPublication="F34092" type="Fiche d'information conditionnée" audience="Particuliers"/></Branche></Branche><Branche><Titre><Paragraphe>Le bailleur est un professionnel</Paragraphe></Titre><LienInterne LienPublication="F34284" type="Fiche Question-réponse conditionnée" audience="Particuliers"/></Branche></Branche></Branche><Branche><Titre><Paragraphe>Vous êtes mineur</Paragraphe></Titre><SiSelectionne><affecteVrai var="T10032"/></SiSelectionne><Branche><Titre><Paragraphe>La location n'est pas conforme à l'annonce</Paragraphe></Titre><SiSelectionne><affecteVrai var="T10333"/></SiSelectionne><Branche><Titre><Paragraphe>Le bailleur est un particulier</Paragraphe></Titre><LienInterne LienPublication="F34092" type="Fiche d'information conditionnée" audience="Particuliers"/></Branche><Branche><Titre><Paragraphe>Le bailleur est un professionnel</Paragraphe></Titre><LienInterne LienPublication="F34284" type="Fiche Question-réponse conditionnée" audience="Particuliers"/></Branche></Branche><Branche><Titre><Paragraphe>La location n'existe pas</Paragraphe></Titre><SiSelectionne><affecteVrai var="T10339"/></SiSelectionne><LienInterne LienPublication="F34092" type="Fiche d'information conditionnée" audience="Particuliers"/></Branche><Branche><Titre><Paragraphe>La location est déjà occupée</Paragraphe></Titre><SiSelectionne><affecteVrai var="T10340"/></SiSelectionne><Branche><Titre><Paragraphe>Le bailleur est un particulier</Paragraphe></Titre><LienInterne LienPublication="F34092" type="Fiche d'information conditionnée" audience="Particuliers"/></Branche><Branche><Titre><Paragraphe>Le bailleur est un professionnel</Paragraphe></Titre><LienInterne LienPublication="F34284" type="Fiche Question-réponse conditionnée" audience="Particuliers"/></Branche></Branche></Branche></Branche></Problematique><Problematique><Titre><Paragraphe>Piratage d'une messagerie électronique (mail, réseaux sociaux...)</Paragraphe></Titre><Aide><Paragraphe>Il peut s'agir du piratage de votre propre messagerie ou du piratage de la messagerie d'une de vos connaissances dont vous avez reçu un mail</Paragraphe></Aide><Branche><Titre><Paragraphe>Votre messagerie a été piratée</Paragraphe></Titre><Aide><Paragraphe>Votre identité a été usurpée pour entrer en relation avec vos contacts</Paragraphe></Aide><SiSelectionne><affecteVrai var="T10335"/></SiSelectionne><Branche><Titre><Paragraphe>Vous même ou vos contacts avez reçu une demande d'argent</Paragraphe></Titre><SiSelectionne><affecteVrai var="T10331"/></SiSelectionne><Branche><Titre><Paragraphe>Vous êtes majeur</Paragraphe></Titre><SiSelectionne><affecteVrai var="T10043"/></SiSelectionne><Branche><Titre><Paragraphe>Vous avez déjà déposé une plainte en commissariat ou gendarmerie pour ces faits</Paragraphe></Titre><SiSelectionne><affecteVrai var="T15893"/></SiSelectionne><LienInterne LienPublication="F34010" type="Fiche d'information conditionnée" audience="Particuliers"/></Branche><Branche><Titre><Paragraphe>Vous avez déjà déposé une plainte THESEE pour ces faits</Paragraphe></Titre><SiSelectionne><affecteVrai var="T15894"/></SiSelectionne><LienInterne LienPublication="F34010" type="Fiche d'information conditionnée" audience="Particuliers"/></Branche><Branche><Titre><Paragraphe>Vous n'avez pas encore déposé plainte pour ces faits</Paragraphe></Titre><SiSelectionne><affecteVrai var="T15895"/></SiSelectionne><LienInterne LienPublication="F34010" type="Fiche d'information conditionnée" audience="Particuliers"/></Branche></Branche><Branche><Titre><Paragraphe>Vous êtes mineur</Paragraphe></Titre><SiSelectionne><affecteVrai var="T10032"/></SiSelectionne><LienInterne LienPublication="F34010" type="Fiche d'information conditionnée" audience="Particuliers"/></Branche></Branche><Branche><Titre><Paragraphe>Le message porte sur un autre sujet</Paragraphe></Titre><SiSelectionne><affecteVrai var="T10332"/></SiSelectionne><Branche><Titre><Paragraphe>Vous êtes majeur</Paragraphe></Titre><SiSelectionne><affecteVrai var="T10043"/></SiSelectionne><LienInterne LienPublication="F34010" type="Fiche d'information conditionnée" audience="Particuliers"/></Branche><Branche><Titre><Paragraphe>Vous êtes mineur</Paragraphe></Titre><SiSelectionne><affecteVrai var="T10032"/></SiSelectionne><LienInterne LienPublication="F34010" type="Fiche d'information conditionnée" audience="Particuliers"/></Branche></Branche></Branche><Branche><Titre><Paragraphe>Vous avez reçu un message frauduleux</Paragraphe></Titre><Branche><Titre><Paragraphe>En provenance d'un organisme de confiance</Paragraphe></Titre><Aide><Paragraphe>L'auteur se fait passer pour une personne de confiance (Banque, EDF, CAF...) et vous demande de confirmer vos identifiants et vos mots de passe pour les récupérer à son profit. Pour cela, vous avez reçu un courriel contenant un lien vers un faux site reprenant les apparences et les codes de l'organisme en question.</Paragraphe></Aide><LienInterne LienPublication="R47282" type="Téléservice" audience="Particuliers"/></Branche><Branche><Titre><Paragraphe>En provenance d'un contact dont la messagerie a été piratée</Paragraphe></Titre><SiSelectionne><affecteVrai var="T10334"/></SiSelectionne><Branche><Titre><Paragraphe>Le message porte sur une demande d'argent</Paragraphe></Titre><SiSelectionne><affecteVrai var="T10331"/></SiSelectionne><Branche><Titre><Paragraphe>Vous êtes majeur</Paragraphe></Titre><SiSelectionne><affecteVrai var="T10043"/></SiSelectionne><Branche><Titre><Paragraphe>Vous avez déjà déposé une plainte en commissariat ou gendarmerie pour ces faits</Paragraphe></Titre><SiSelectionne><affecteVrai var="T15893"/></SiSelectionne><LienInterne LienPublication="F34010" type="Fiche d'information conditionnée" audience="Particuliers"/></Branche><Branche><Titre><Paragraphe>Vous avez déjà déposé une plainte THESEE pour ces faits</Paragraphe></Titre><SiSelectionne><affecteVrai var="T15894"/></SiSelectionne><LienInterne LienPublication="F34010" type="Fiche d'information conditionnée" audience="Particuliers"/></Branche><Branche><Titre><Paragraphe>Vous n'avez pas encore déposé plainte pour ces faits</Paragraphe></Titre><SiSelectionne><affecteVrai var="T15895"/></SiSelectionne><LienInterne LienPublication="F34010" type="Fiche d'information conditionnée" audience="Particuliers"/></Branche></Branche><Branche><Titre><Paragraphe>Vous êtes mineur</Paragraphe></Titre><SiSelectionne><affecteVrai var="T10032"/></SiSelectionne><LienInterne LienPublication="F34010" type="Fiche d'information conditionnée" audience="Particuliers"/></Branche></Branche><Branche><Titre><Paragraphe>Le message porte sur un autre sujet</Paragraphe></Titre><SiSelectionne><affecteVrai var="T10332"/></SiSelectionne><Branche><Titre><Paragraphe>Vous êtes majeur</Paragraphe></Titre><SiSelectionne><affecteVrai var="T10043"/></SiSelectionne><LienInterne LienPublication="F34010" type="Fiche d'information conditionnée" audience="Particuliers"/></Branche><Branche><Titre><Paragraphe>Vous êtes mineur</Paragraphe></Titre><SiSelectionne><affecteVrai var="T10032"/></SiSelectionne><LienInterne LienPublication="F34010" type="Fiche d'information conditionnée" audience="Particuliers"/></Branche></Branche></Branche></Branche></Problematique><Problematique><Titre><Paragraphe>Demande de rançon réclamée pour débloquer un appareil</Paragraphe></Titre><Aide><Paragraphe>Le blocage peut intervenir sur une partie ou l'ensemble des fichiers de votre ordinateur, votre smartphone ou votre tablette.</Paragraphe></Aide><Branche><Titre><Paragraphe>Vous êtes majeur</Paragraphe></Titre><SiSelectionne><affecteVrai var="T10043"/></SiSelectionne><Branche><Titre><Paragraphe>Vous avez déjà déposé une plainte en commissariat ou gendarmerie pour ces faits</Paragraphe></Titre><SiSelectionne><affecteVrai var="T15893"/></SiSelectionne><LienInterne LienPublication="F34129" type="Fiche d'information conditionnée" audience="Particuliers"/></Branche><Branche><Titre><Paragraphe>Vous avez déjà déposé une plainte THESEE pour ces faits</Paragraphe></Titre><SiSelectionne><affecteVrai var="T15894"/></SiSelectionne><LienInterne LienPublication="F34129" type="Fiche d'information conditionnée" audience="Particuliers"/></Branche><Branche><Titre><Paragraphe>Vous n'avez pas encore déposé plainte pour ces faits</Paragraphe></Titre><SiSelectionne><affecteVrai var="T15895"/></SiSelectionne><LienInterne LienPublication="F34129" type="Fiche d'information conditionnée" audience="Particuliers"/></Branche></Branche><Branche><Titre><Paragraphe>Vous êtes mineur</Paragraphe></Titre><SiSelectionne><affecteVrai var="T10032"/></SiSelectionne><LienInterne LienPublication="F34129" type="Fiche d'information conditionnée" audience="Particuliers"/></Branche></Problematique><Problematique><Titre><Paragraphe>Chantage/Demande d'argent dans le cadre d'une relation amoureuse ou amicale</Paragraphe></Titre><Branche><Titre><Paragraphe>La relation est uniquement virtuelle</Paragraphe></Titre><SiSelectionne><affecteVrai var="T10022"/></SiSelectionne><Branche><Titre><Paragraphe>Vous êtes majeur</Paragraphe></Titre><SiSelectionne><affecteVrai var="T10043"/></SiSelectionne><Branche><Titre><Paragraphe>Vous avez reçu des menaces qui portent atteinte à votre honneur</Paragraphe></Titre><SiSelectionne><affecteVrai var="T10092"/></SiSelectionne><Branche><Titre><Paragraphe>Pour obtenir de l'argent</Paragraphe></Titre><SiSelectionne><affecteVrai var="T10331"/></SiSelectionne><Branche><Titre><Paragraphe>C'est la première fois que cette personne vous demande de l'argent</Paragraphe></Titre><SiSelectionne><affecteVrai var="T10306"/></SiSelectionne><Branche><Titre><Paragraphe>Vous avez déjà déposé une plainte en commissariat ou gendarmerie pour ces faits</Paragraphe></Titre><SiSelectionne><affecteVrai var="T15893"/></SiSelectionne><LienInterne LienPublication="F34124" type="Fiche d'information conditionnée" audience="Particuliers"/></Branche><Branche><Titre><Paragraphe>Vous avez déjà déposé une plainte THESEE pour ces faits</Paragraphe></Titre><SiSelectionne><affecteVrai var="T15894"/></SiSelectionne><LienInterne LienPublication="F34124" type="Fiche d'information conditionnée" audience="Particuliers"/></Branche><Branche><Titre><Paragraphe>Vous n'avez pas encore déposé plainte pour ces faits</Paragraphe></Titre><SiSelectionne><affecteVrai var="T15895"/></SiSelectionne><LienInterne LienPublication="F34124" type="Fiche d'information conditionnée" audience="Particuliers"/></Branche></Branche><Branche><Titre><Paragraphe>Elle vous a déjà réclamé de l'argent</Paragraphe></Titre><Branche><Titre><Paragraphe>Pour cette menace ou un chantage du même type</Paragraphe></Titre><SiSelectionne><affecteVrai var="T10306"/></SiSelectionne><Branche><Titre><Paragraphe>Vous avez déjà déposé une plainte en commissariat ou gendarmerie pour ces faits</Paragraphe></Titre><SiSelectionne><affecteVrai var="T15893"/></SiSelectionne><LienInterne LienPublication="F34124" type="Fiche d'information conditionnée" audience="Particuliers"/></Branche><Branche><Titre><Paragraphe>Vous avez déjà déposé une plainte THESEE pour ces faits</Paragraphe></Titre><SiSelectionne><affecteVrai var="T15894"/></SiSelectionne><LienInterne LienPublication="F34124" type="Fiche d'information conditionnée" audience="Particuliers"/></Branche><Branche><Titre><Paragraphe>Vous n'avez pas encore déposé plainte pour ces faits</Paragraphe></Titre><SiSelectionne><affecteVrai var="T15895"/></SiSelectionne><LienInterne LienPublication="F34124" type="Fiche d'information conditionnée" audience="Particuliers"/></Branche></Branche><Branche><Titre><Paragraphe>Pour un autre raison (faux motifs ou faux documents)</Paragraphe></Titre><SiSelectionne><affecteVrai var="T10012"/></SiSelectionne><LienInterne LienPublication="F34124" type="Fiche d'information conditionnée" audience="Particuliers"/></Branche></Branche></Branche><Branche><Titre><Paragraphe>Dans un autre but</Paragraphe></Titre><LienInterne LienPublication="F1435" type="Fiche d'information conditionnée" audience="Particuliers"/></Branche></Branche><Branche><Titre><Paragraphe>Vous avez été manipulé pour vous inciter à verser de l'argent</Paragraphe></Titre><Aide><Paragraphe>La personne qui vous a réclamé de l'argent a invoqué des faux motifs ou des faux documents à l’appui de votre demande. Par exemple chèque à encaisser, certificat médical d'un proche etc...</Paragraphe></Aide><SiSelectionne><affecteVrai var="T10093"/></SiSelectionne><Branche><Titre><Paragraphe>Vous avez également subi des menaces portant atteinte à votre honneur</Paragraphe></Titre><SiSelectionne><affecteVrai var="T10012"/></SiSelectionne><Branche><Titre><Paragraphe>Vous avez déjà déposé une plainte en commissariat ou gendarmerie pour ces faits</Paragraphe></Titre><SiSelectionne><affecteVrai var="T15893"/></SiSelectionne><LienInterne LienPublication="F34124" type="Fiche d'information conditionnée" audience="Particuliers"/></Branche><Branche><Titre><Paragraphe>Vous avez déjà déposé une plainte THESEE pour ces faits</Paragraphe></Titre><SiSelectionne><affecteVrai var="T15894"/></SiSelectionne><LienInterne LienPublication="F34124" type="Fiche d'information conditionnée" audience="Particuliers"/></Branche><Branche><Titre><Paragraphe>Vous n'avez pas encore déposé plainte pour ces faits</Paragraphe></Titre><SiSelectionne><affecteVrai var="T15895"/></SiSelectionne><LienInterne LienPublication="F34124" type="Fiche d'information conditionnée" audience="Particuliers"/></Branche></Branche><Branche><Titre><Paragraphe>Vous n'avez pas fait l'objet de menaces</Paragraphe></Titre><SiSelectionne><affecteVrai var="T10738"/></SiSelectionne><Branche><Titre><Paragraphe>Vous avez déjà déposé une plainte en commissariat ou gendarmerie pour ces faits</Paragraphe></Titre><SiSelectionne><affecteVrai var="T15893"/></SiSelectionne><LienInterne LienPublication="F34124" type="Fiche d'information conditionnée" audience="Particuliers"/></Branche><Branche><Titre><Paragraphe>Vous avez déjà déposé une plainte THESEE pour ces faits</Paragraphe></Titre><SiSelectionne><affecteVrai var="T15894"/></SiSelectionne><LienInterne LienPublication="F34124" type="Fiche d'information conditionnée" audience="Particuliers"/></Branche><Branche><Titre><Paragraphe>Vous n'avez pas encore déposé plainte pour ces faits</Paragraphe></Titre><SiSelectionne><affecteVrai var="T15895"/></SiSelectionne><LienInterne LienPublication="F34124" type="Fiche d'information conditionnée" audience="Particuliers"/></Branche></Branche></Branche></Branche><Branche><Titre><Paragraphe>Vous êtes mineur</Paragraphe></Titre><SiSelectionne><affecteVrai var="T10032"/></SiSelectionne><Branche><Titre><Paragraphe>Vous avez reçu des menaces qui portent atteinte à votre honneur</Paragraphe></Titre><SiSelectionne><affecteVrai var="T10092"/></SiSelectionne><Branche><Titre><Paragraphe>Pour obtenir de l'argent</Paragraphe></Titre><SiSelectionne><affecteVrai var="T10331"/></SiSelectionne><Branche><Titre><Paragraphe>C'est la première fois que cette personne vous demande de l'argent</Paragraphe></Titre><SiSelectionne><affecteVrai var="T10306"/></SiSelectionne><LienInterne LienPublication="F34124" type="Fiche d'information conditionnée" audience="Particuliers"/></Branche><Branche><Titre><Paragraphe>Elle vous a déjà réclamé de l'argent</Paragraphe></Titre><Branche><Titre><Paragraphe>Pour cette menace ou un chantage du même type</Paragraphe></Titre><SiSelectionne><affecteVrai var="T10306"/></SiSelectionne><LienInterne LienPublication="F34124" type="Fiche d'information conditionnée" audience="Particuliers"/></Branche><Branche><Titre><Paragraphe>Pour un autre raison (faux motifs ou faux documents)</Paragraphe></Titre><SiSelectionne><affecteVrai var="T10012"/></SiSelectionne><LienInterne LienPublication="F34124" type="Fiche d'information conditionnée" audience="Particuliers"/></Branche></Branche></Branche><Branche><Titre><Paragraphe>Dans un autre but</Paragraphe></Titre><LienInterne LienPublication="F1435" type="Fiche d'information conditionnée" audience="Particuliers"/></Branche></Branche><Branche><Titre><Paragraphe>Vous avez été manipulé pour vous inciter à verser de l'argent</Paragraphe></Titre><Aide><Paragraphe>La personne qui vous a réclamé de l'argent a invoqué des faux motifs ou des faux documents à l'appui de votre demande. Par exemple chèque à encaisser, certificat médical d'un proche etc...</Paragraphe></Aide><SiSelectionne><affecteVrai var="T10093"/></SiSelectionne><Branche><Titre><Paragraphe>Vous avez également subi des menaces portant atteinte à votre honneur</Paragraphe></Titre><SiSelectionne><affecteVrai var="T10012"/></SiSelectionne><LienInterne LienPublication="F34124" type="Fiche d'information conditionnée" audience="Particuliers"/></Branche><Branche><Titre><Paragraphe>Vous n'avez pas fait l'objet de menaces</Paragraphe></Titre><SiSelectionne><affecteVrai var="T10738"/></SiSelectionne><LienInterne LienPublication="F34124" type="Fiche d'information conditionnée" audience="Particuliers"/></Branche></Branche></Branche></Branche><Branche><Titre><Paragraphe>Vous avez déjà rencontré physiquement cette personne</Paragraphe></Titre><SiSelectionne><affecteVrai var="T10024"/></SiSelectionne><LienInterne LienPublication="F34124" type="Fiche d'information conditionnée" audience="Particuliers"/></Branche></Problematique><Problematique><Titre><Paragraphe>Autre situation</Paragraphe></Titre><Branche><Titre><Paragraphe>Contenus illicites publiés sur internet</Paragraphe></Titre><LienInterne LienPublication="F32075" type="Fiche Question-réponse conditionnée" audience="Particuliers"/></Branche><Branche><Titre><Paragraphe>Phishing</Paragraphe></Titre><LienInterne LienPublication="R47282" type="Téléservice" audience="Particuliers"/></Branche><Branche><Titre><Paragraphe>Pour signaler un spam</Paragraphe></Titre><LienInterne LienPublication="R36030" type="Téléservice" audience="Particuliers"/></Branche></Problematique></Problematiques><Abreviation ID="R59729" type="Sigle"><Titre>THESEE</Titre><Texte><Paragraphe>Traitement Harmonisé des Enquêtes et Signalements pour les E-Escroqueries</Paragraphe></Texte></Abreviation></Publication>