<?xml version="1.0" encoding="UTF-8"?><Publication xmlns:dc="http://purl.org/dc/elements/1.1/" xmlns:xsi="http://www.w3.org/2001/XMLSchema-instance" ID="F539" type="Fiche Question-réponse conditionnée" xsi:noNamespaceSchemaLocation="../Schemas/3.4/Publication.xsd" dateDerniereModificationImportante="2018-01-30T00:00:00" spUrl="https://www.service-public.fr/particuliers/vosdroits/F539"><dc:title>Fonction publique : un contractuel peut-il être mis en disponibilité ?</dc:title><dc:creator>Direction de l'information légale et administrative</dc:creator><dc:subject>Travail - Formation</dc:subject><dc:description>Non, seul un fonctionnaire titulaire peut être mis en disponibilité. Toutefois, un contractuel peut bénéficier de congés pour des motifs identiques.</dc:description><dc:publisher>Direction de l'information légale et administrative</dc:publisher><dc:contributor>Direction de l'information légale et administrative (Premier ministre)</dc:contributor><dc:date>modified 2024-01-19</dc:date><dc:type>Question-réponse</dc:type><dc:format>text/xml</dc:format><dc:identifier>F539</dc:identifier><dc:source>https://www.legifrance.gouv.fr/loda/id/JORFTEXT000000699956/, https://www.legifrance.gouv.fr/loda/id/JORFTEXT000000871608, https://www.legifrance.gouv.fr/loda/id/JORFTEXT000000343794</dc:source><dc:language>Fr</dc:language><dc:relation>isPartOf N31057</dc:relation><dc:coverage>France entière</dc:coverage><dc:rights>https://www.service-public.fr/a-propos/mentions-legales</dc:rights><SurTitre>Question-réponse</SurTitre><Audience>Particuliers</Audience><Canal>www.service-public.fr</Canal><FilDAriane><Niveau ID="Particuliers">Accueil particuliers</Niveau><Niveau ID="N19806">Travail - Formation</Niveau><Niveau ID="N31057">Mobilité dans la fonction publique</Niveau><Niveau ID="F539" type="Fiche Question-réponse conditionnée">Fonction publique : un contractuel peut-il être mis en disponibilité ?</Niveau></FilDAriane><Theme ID="N19806"><Titre>Travail - Formation</Titre></Theme><SousThemePere ID="N19962">Contrats et carrière</SousThemePere><DossierPere ID="N31057"><Titre>Mobilité dans la fonction publique</Titre><Fiche ID="F459">Mutation</Fiche><Fiche ID="F543">Détachement à la demande du fonctionnaire</Fiche><Fiche ID="F35008">Détachement d'office (transfert d'activité)</Fiche><Fiche ID="F544">Disponibilité</Fiche><Fiche ID="F551">Mise à disposition</Fiche><Fiche ID="F11683">Intégration directe dans un autre corps ou cadre d'emplois</Fiche></DossierPere><Texte><Paragraphe>Non, seul un fonctionnaire titulaire peut être placé en disponibilité.</Paragraphe><Paragraphe>Toutefois, si vous êtes contractuel, vous pouvez bénéficier de congés pour des <MiseEnEvidence>motifs identiques</MiseEnEvidence> à ceux prévus pour disponibilité.</Paragraphe><Paragraphe>Dans certains cas, le congé ne peut pas être refusé par l’administration (on dit qu'il est accordé <Expression>de droit</Expression>). Dans d'autres cas, le congé est accordé sous réserve des <LienIntra LienID="R50296" type="Définition de glossaire">nécessités de service</LienIntra>.</Paragraphe><Paragraphe>Les règles varient selon que vous appartenez à la fonction publique d'État (FPE), territoriale (FPT) ou hospitalière (FPH).</Paragraphe></Texte><ListeSituations affichage="onglet"><Situation><Titre>FPE</Titre><Texte><BlocCas affichage="radio"><Cas><Titre>Élever un enfant de moins de 12 ans</Titre><Paragraphe>Si vous êtes employé <MiseEnEvidence>depuis plus d'un an</MiseEnEvidence>, vous pouvez demander un congé non rémunéré pour élever un enfant de moins de 12 ans.</Paragraphe><Paragraphe>Si vous remplissez les conditions pour en bénéficier, vous pouvez percevoir la <LienInterne LienPublication="F32485" type="Fiche d'information conditionnée" audience="Particuliers">prestation partagée d'éducation de l'enfant (PreParE)</LienInterne>.</Paragraphe><Paragraphe>La durée du congé est fixée à <MiseEnEvidence>3 ans maximum</MiseEnEvidence>, renouvelables jusqu'au 12<Exposant>me</Exposant> anniversaire de l'enfant.</Paragraphe><Paragraphe>Le congé est accordé dans un délai de <MiseEnEvidence>2 mois maximum</MiseEnEvidence> suivant la réception de votre demande.</Paragraphe><Paragraphe>Le congé ne peut pas vous être refusé par l'administration.</Paragraphe><Paragraphe>Vous devez demander le renouvellement de votre congé ou votre réemploi par lettre recommandée avec accusé de réception <MiseEnEvidence>au moins 3 mois avant la fin de votre congé en cours</MiseEnEvidence>.</Paragraphe><Paragraphe>Si vous souhaitez mettre fin à votre congé avant la date prévue, vous devez également en faire la demande par lettre recommandée avec accusé de réception au moins 3 mois avant la date souhaitée de reprise du travail.</Paragraphe><Paragraphe>Toutefois, en cas de motif grave, notamment en cas de diminution des revenus de votre ménage, vous pouvez être réemployé dès réception de votre demande par l'administration.</Paragraphe><Paragraphe>Que votre réemploi intervienne de manière anticipée ou non, vous êtes réaffecté sur votre précédent poste.</Paragraphe><Paragraphe>Si cela n'est pas possible, vous êtes prioritaire pour être réemployé sur un emploi similaire doté d'une rémunération équivalente.</Paragraphe><Paragraphe><MiseEnEvidence>En l‘absence de demande de renouvellement ou de réemploi </MiseEnEvidence>au moins 3 mois avant la fin de votre congé en cours, vous êtes considéré comme renonçant à votre emploi.</Paragraphe><Paragraphe>L'administration vous en informe sans délai, par lettre recommandée avec accusé de réception.</Paragraphe><Paragraphe>En l'absence de réponse de votre part dans les 15 jours, il est mis fin à votre contrat, sans indemnité, à la fin de votre congé.</Paragraphe></Cas><Cas><Titre>Donner des soins à un proche</Titre><Paragraphe>Si vous êtes employé <MiseEnEvidence>depuis plus d'un an</MiseEnEvidence>, vous pouvez demander un congé non rémunéré pour donner des soins à un enfant à charge, à votre époux ou partenaire de <LienInterne LienPublication="R45368" type="Sigle">Pacs</LienInterne> ou à un <LienIntra LienID="R12668" type="Définition de glossaire">ascendant</LienIntra>.</Paragraphe><Paragraphe>Ce congé peut intervenir à la suite d'un accident ou d'une maladie grave ou si la personne accompagnée est atteinte d'un handicap nécessitant la présence d'une tierce personne.</Paragraphe><Paragraphe>Si vous cessez votre activité pour donner des soins à un enfant, vous pouvez percevoir la <LienInterne LienPublication="F32485" type="Fiche d'information conditionnée" audience="Particuliers">prestation partagée d'éducation de l'enfant (PreParE)</LienInterne> si vous remplissez les conditions pour en bénéficier,.</Paragraphe><Paragraphe>Si vous cessez votre activité pour donner des soins à un proche qui perçoit <LienInterne LienPublication="F10009" type="Fiche d'information conditionnée" audience="Particuliers">l'allocation personnalisée d'autonomie (Apa)</LienInterne> ou la <LienInterne LienPublication="F14202" type="Fiche d'information conditionnée" audience="Particuliers">prestation de compensation du handicap (PCH)</LienInterne>, il peut, sous certaines conditions, <LienInterne LienPublication="F32794" type="Fiche Question-réponse conditionnée" audience="Particuliers">utiliser cette prestation pour vous rémunérer</LienInterne>.</Paragraphe><Paragraphe>La durée du congé est fixée à <MiseEnEvidence>3 ans maximum</MiseEnEvidence>, renouvelables tant que votre présence auprès de votre proche est justifiée.</Paragraphe><Paragraphe>Le congé est accordé dans un délai de <MiseEnEvidence>2 mois maximum</MiseEnEvidence> suivant la réception de votre demande.</Paragraphe><Paragraphe>Toutefois, en cas d'urgence liée à l'état de santé de votre proche, votre congé peut débuter à la date de réception de votre demande.</Paragraphe><Paragraphe>Le congé ne peut pas vous être refusé par l'administration.</Paragraphe><Paragraphe>Vous devez demander le renouvellement de votre congé ou votre réemploi par lettre recommandée avec accusé de réception <MiseEnEvidence>au moins 3 mois avant la fin de votre congé en cours</MiseEnEvidence>.</Paragraphe><Paragraphe>Si vous souhaitez mettre fin à votre congé avant la date prévue, vous devez également en faire la demande par lettre recommandée avec accusé de réception au moins 3 mois avant la date souhaitée de reprise du travail.</Paragraphe><Paragraphe>Toutefois, en cas de motif grave, notamment en cas de diminution des revenus de votre ménage, vous pouvez être réemployé dès réception de votre demande par l'administration.</Paragraphe><Paragraphe>Que votre réemploi intervienne de manière anticipée ou non, vous êtes réaffecté sur votre précédent poste.</Paragraphe><Paragraphe>Si cela n'est pas possible, vous êtes prioritaire pour être réemployé sur un emploi similaire doté d'une rémunération équivalente.</Paragraphe><Paragraphe><MiseEnEvidence>En l‘absence de demande de renouvellement ou de réemploi</MiseEnEvidence> au moins 3 mois avant la fin de votre congé en cours, vous êtes considéré comme renonçant à votre emploi.</Paragraphe><Paragraphe>L'administration vous en informe sans délai, par lettre recommandée avec accusé de réception.</Paragraphe><Paragraphe>En l'absence de réponse de votre part dans les 15 jours, il est mis fin à votre contrat, sans indemnité, à la fin de votre congé.</Paragraphe></Cas><Cas><Titre>Suivre son époux ou partenaire de Pacs contraint de déménager pour des raisons professionnelles</Titre><Paragraphe>Si vous êtes employé <MiseEnEvidence>depuis plus d'un an</MiseEnEvidence>, vous pouvez demander un congé non rémunéré pour suivre votre époux ou votre partenaire de <LienInterne LienPublication="R45368" type="Sigle">Pacs</LienInterne> contraint de déménager pour des raisons professionnelles.</Paragraphe><Paragraphe>La durée du congé est fixée à <MiseEnEvidence>3 ans maximum</MiseEnEvidence>, renouvelables sans limitation.</Paragraphe><Paragraphe>Le congé est accordé dans un délai de 2 mois maximum suivant la réception de votre demande.</Paragraphe><Paragraphe>Le congé ne peut pas vous être refusé par votre administration.</Paragraphe><Paragraphe>Vous devez demander le renouvellement de votre congé ou votre réemploi par lettre recommandée avec accusé de réception <MiseEnEvidence>au moins 3 mois avant la fin de votre congé en cours</MiseEnEvidence>.</Paragraphe><Paragraphe>Si vous souhaitez mettre fin à votre congé avant la date prévue, vous devez également en faire la demande par lettre recommandée avec accusé de réception au moins 3 mois avant la date souhaitée de reprise du travail.</Paragraphe><Paragraphe>Toutefois, en cas de motif grave, notamment en cas de diminution des revenus de votre ménage, vous pouvez être réemployé dès réception de votre demande par l'administration.</Paragraphe><Paragraphe>Que votre réemploi intervienne de manière anticipée ou non, vous êtes réaffecté sur votre précédent poste.</Paragraphe><Paragraphe>Si cela n'est pas possible, vous êtes prioritaire pour être réemployé sur un emploi similaire doté d'une rémunération équivalente.</Paragraphe><Paragraphe><MiseEnEvidence>En l‘absence de demande de renouvellement ou de réemploi</MiseEnEvidence> au moins 3 mois avant la fin de votre congé en cours, vous êtes considéré comme renonçant à votre emploi.</Paragraphe><Paragraphe>L'administration vous en informe sans délai, par lettre recommandée avec accusé de réception.</Paragraphe><Paragraphe>En l'absence de réponse de votre part dans les 15 jours, il est mis fin à votre contrat, sans indemnité, à la fin de votre congé.</Paragraphe></Cas><Cas><Titre>Adopter un enfant</Titre><Paragraphe>Si vous avez un agrément du service de l'<LienInterne LienPublication="R31134" type="Acronyme">Ase</LienInterne> de votre département, vous avez droit à un congé non rémunéré pour vous rendre dans un <LienInterne LienPublication="R32408" type="Acronyme">Drom</LienInterne>, une <LienIntra LienID="R49970" type="Définition de glossaire">Com</LienIntra>, en Nouvelle-Calédonie ou à l'étranger en vue de l'adoption d'un ou plusieurs enfants.</Paragraphe><Paragraphe>L'administration ne peut pas vous refuser ce congé.</Paragraphe><Paragraphe>Vous devez en faire la demande par courrier recommandé <MiseEnEvidence>au moins 2 semaines avant le départ</MiseEnEvidence>.</Paragraphe><Paragraphe>Votre demande doit indiquer la date de début et la durée envisagée du congé.</Paragraphe><Paragraphe>La durée du congé est fixée à <MiseEnEvidence>6 semaines maximum par agrément</MiseEnEvidence>.</Paragraphe><Paragraphe>Vous réintégrez votre emploi à la fin du congé, y compris si vous y mettez fin plus tôt que prévu.</Paragraphe></Cas><Cas><Titre>Évènement familial</Titre><Paragraphe>Vous pouvez demander un congé non rémunéré de <MiseEnEvidence>15 jours maximum par an</MiseEnEvidence> pour événement familial (naissance, mariage, décès,...).</Paragraphe><Paragraphe>Il peut être accordé en plusieurs fois.</Paragraphe><Paragraphe>Il est accordé sous réserve des <LienIntra LienID="R50296" type="Définition de glossaire">nécessités de service</LienIntra>.</Paragraphe></Cas><Cas><Titre>Convenances personnelles</Titre><Paragraphe>Si vous êtes en <LienInterne LienPublication="R24389" type="Sigle">CDI</LienInterne>, vous pouvez demander un congé non rémunéré pour convenances personnelles.</Paragraphe><Paragraphe>Vous ne devez pas avoir bénéficié <MiseEnEvidence>au cours des 6 ans précédant votre demande</MiseEnEvidence> de congé pour convenances personnelles d'un congé pour création d'entreprise ou d'un <LienInterne LienPublication="F3026" type="Fiche d'information conditionnée" audience="Particuliers">congé de formation professionnelle</LienInterne> d'au moins 6 mois.</Paragraphe><Paragraphe>Le congé pour convenances personnelles est accordé sous réserve des <LienIntra LienID="R50296" type="Définition de glossaire">nécessités de service</LienIntra>.</Paragraphe><Paragraphe>Ce congé est accordé pour <MiseEnEvidence>5 ans maximum</MiseEnEvidence> renouvelables dans la <MiseEnEvidence>limite de 10 ans</MiseEnEvidence> pour l'ensemble de vos contrats dans la fonction publique.</Paragraphe><Paragraphe>Vous devez demander votre congé <MiseEnEvidence>au moins 2 mois à l'avance</MiseEnEvidence> par courrier recommandée avec accusé de réception.</Paragraphe><Paragraphe>Vous devez demander le renouvellement de votre congé ou votre réemploi, par lettre recommandée avec accusé de réception, <MiseEnEvidence>au moins 3 mois</MiseEnEvidence> avant la fin de votre congé en cours.</Paragraphe><Paragraphe>Si vous souhaitez mettre fin à votre congé avant la date prévue, vous devez également en faire la demande par lettre recommandée avec accusé de réception au moins 3 mois avant la date souhaitée de reprise du travail.</Paragraphe><Paragraphe>Toutefois, en cas de motif grave, notamment en cas de diminution des revenus de votre ménage, vous pouvez être réemployé dès réception de votre demande par l'administration.</Paragraphe><Paragraphe>Que votre réemploi intervienne de manière anticipée ou non, vous êtes réaffecté sur votre précédent poste.</Paragraphe><Paragraphe>Si cela n'est pas possible, vous êtes prioritaire pour être réemployé sur un emploi similaire doté d'une rémunération équivalente.</Paragraphe><Paragraphe><MiseEnEvidence>En l‘absence de demande de renouvellement ou de réemploi</MiseEnEvidence> au moins 3 mois avant la fin de votre congé en cours, vous êtes considéré comme renonçant à votre emploi.</Paragraphe><Paragraphe>L'administration vous en informe sans délai, par lettre recommandée avec accusé de réception.</Paragraphe><Paragraphe>En l'absence de réponse de votre part dans les 15 jours, il est mis fin à votre contrat, sans indemnité, à la fin de votre congé.</Paragraphe><Rappel><Titre>Rappel</Titre><Paragraphe>En tant qu'agent public, vous ne pouvez pas bénéficier d'un congé sabbatique. Ce congé est réservé aux salariés du privé.</Paragraphe></Rappel></Cas><Cas><Titre>Créer ou reprendre une entreprise</Titre><Paragraphe>Vous pouvez demander un congé non rémunéré pour créer ou reprendre une entreprise.</Paragraphe><Paragraphe>Ce congé est accordé sous réserve des <LienIntra LienID="R50296" type="Définition de glossaire">nécessités de service</LienIntra>.</Paragraphe><Paragraphe>La durée du congé est fixée à <MiseEnEvidence>1 an, renouvelable 1 fois</MiseEnEvidence>.</Paragraphe><Paragraphe>La demande de congé doit être formulée, par courrier recommandé avec accusé de réception, <MiseEnEvidence>au moins 2 mois à l'avance</MiseEnEvidence>.</Paragraphe><Paragraphe>Elle indique la date de début du congé, sa durée et la nature de l'activité de l'entreprise.</Paragraphe><Paragraphe>Si elle a un doute sur la <LienInterne LienPublication="F31219" type="Fiche Question-réponse conditionnée" audience="Particuliers">compatibilité de votre projet d'activité avec vos précédentes fonctions</LienInterne> au cours des 3 années précédentes, votre administration saisit, pour avis, le référent déontologue puis éventuellement la Haute Autorité pour la transparence de la vie publique (HATVP).</Paragraphe><Paragraphe>Vous devez demander le renouvellement de votre congé ou votre réemploi par lettre recommandée avec accusé de réception <MiseEnEvidence>au moins 3 mois avant la fin de votre congé</MiseEnEvidence> en cours.</Paragraphe><Paragraphe>Si vous souhaitez mettre fin à votre congé avant la date prévue, vous devez également en faire la demande par lettre recommandée avec accusé de réception au moins 3 mois avant la date souhaitée de reprise du travail.</Paragraphe><Paragraphe>Toutefois, en cas de motif grave, notamment en cas de diminution des revenus de votre ménage, vous pouvez être réemployé dès réception de votre demande par l'administration.</Paragraphe><Paragraphe>Que votre réemploi intervienne de manière anticipée ou non, vous êtes réaffecté sur votre précédent poste.</Paragraphe><Paragraphe>Si cela n'est pas possible, vous êtes prioritaire pour être réemployé sur un emploi similaire doté d'une rémunération équivalente.</Paragraphe><Paragraphe><MiseEnEvidence>En l‘absence de demande de renouvellement ou de réemploi</MiseEnEvidence> au moins 3 mois avant la fin de votre congé en cours, vous êtes considéré comme renonçant à votre emploi.</Paragraphe><Paragraphe>L'administration vous en informe sans délai, par lettre recommandée avec accusé de réception.</Paragraphe><Paragraphe>En l'absence de réponse de votre part dans les 15 jours, il est mis fin à votre contrat, sans indemnité, à la fin de votre congé.</Paragraphe></Cas></BlocCas></Texte></Situation><Situation><Titre>FPT</Titre><Texte><BlocCas affichage="radio"><Cas><Titre>Élever un enfant de moins de 12 ans</Titre><Paragraphe>Si vous êtes employé <MiseEnEvidence>depuis plus d'un an</MiseEnEvidence>, vous pouvez demander un congé non rémunéré pour élever un enfant de moins de 12 ans.</Paragraphe><Paragraphe>Si vous remplissez les conditions pour en bénéficier, vous pouvez percevoir la <LienInterne LienPublication="F32485" type="Fiche d'information conditionnée" audience="Particuliers">prestation partagée d'éducation de l'enfant (PreParE)</LienInterne>.</Paragraphe><Paragraphe>La durée du congé est fixée à <MiseEnEvidence>3 ans maximum</MiseEnEvidence>, renouvelables jusqu'au 12<Exposant>me</Exposant> anniversaire de l'enfant.</Paragraphe><Paragraphe>Le congé est accordé dans un délai de <MiseEnEvidence>2 mois maximum</MiseEnEvidence> suivant la réception de votre demande.</Paragraphe><Paragraphe>Le congé ne peut pas vous être refusé par l'administration.</Paragraphe><Paragraphe>Vous devez demander le renouvellement de votre congé ou votre réemploi par lettre recommandée avec accusé de réception <MiseEnEvidence>au moins 3 mois avant la fin de votre congé en cours</MiseEnEvidence>.</Paragraphe><Paragraphe>Si vous souhaitez mettre fin à votre congé avant la date prévue, vous devez également en faire la demande par lettre recommandée avec accusé de réception au moins 3 mois avant la date souhaitée de reprise du travail.</Paragraphe><Paragraphe>Toutefois, en cas de motif grave, notamment en cas de diminution des revenus de votre ménage, vous pouvez être réemployé dès réception de votre demande par l'administration.</Paragraphe><Paragraphe>Que votre réemploi intervienne de manière anticipée ou non, vous êtes réaffecté sur votre précédent poste.</Paragraphe><Paragraphe>Si cela n'est pas possible, vous êtes prioritaire pour être réemployé sur un emploi similaire doté d'une rémunération équivalente.</Paragraphe><Paragraphe><MiseEnEvidence>En l‘absence de demande de renouvellement ou de réemploi </MiseEnEvidence>au moins 3 mois avant la fin de votre congé en cours, vous êtes considéré comme renonçant à votre emploi.</Paragraphe><Paragraphe>L'administration vous en informe sans délai, par lettre recommandée avec accusé de réception.</Paragraphe><Paragraphe>En l'absence de réponse de votre part dans les 15 jours, il est mis fin à votre contrat, sans indemnité, à la fin de votre congé.</Paragraphe></Cas><Cas><Titre>Donner des soins à un proche</Titre><Paragraphe>Si vous êtes employé <MiseEnEvidence>depuis plus d'un an</MiseEnEvidence>, vous pouvez demander un congé non rémunéré pour donner des soins à un enfant à charge, à votre époux ou partenaire de <LienInterne LienPublication="R45368" type="Sigle">Pacs</LienInterne> ou à un <LienIntra LienID="R12668" type="Définition de glossaire">ascendant</LienIntra>.</Paragraphe><Paragraphe>Ce congé peut intervenir à la suite d'un accident ou d'une maladie grave ou si la personne accompagnée est atteinte d'un handicap nécessitant la présence d'une tierce personne.</Paragraphe><Paragraphe>Si vous cessez votre activité pour donner des soins à un enfant, vous pouvez percevoir la <LienInterne LienPublication="F32485" type="Fiche d'information conditionnée" audience="Particuliers">prestation partagée d'éducation de l'enfant (PreParE)</LienInterne> si vous remplissez les conditions pour en bénéficier,.</Paragraphe><Paragraphe>Si vous cessez votre activité pour donner des soins à un proche qui perçoit <LienInterne LienPublication="F10009" type="Fiche d'information conditionnée" audience="Particuliers">l'allocation personnalisée d'autonomie (Apa)</LienInterne> ou la <LienInterne LienPublication="F14202" type="Fiche d'information conditionnée" audience="Particuliers">prestation de compensation du handicap (PCH)</LienInterne>, il peut, sous certaines conditions, <LienInterne LienPublication="F32794" type="Fiche Question-réponse conditionnée" audience="Particuliers">utiliser cette prestation pour vous rémunérer</LienInterne>.</Paragraphe><Paragraphe>La durée du congé est fixée à <MiseEnEvidence>3 ans maximum</MiseEnEvidence>, renouvelables tant que votre présence auprès de votre proche est justifiée.</Paragraphe><Paragraphe>Le congé est accordé dans un délai de <MiseEnEvidence>2 mois maximum</MiseEnEvidence> suivant la réception de votre demande.</Paragraphe><Paragraphe>Toutefois, en cas d'urgence liée à l'état de santé de votre proche, votre congé peut débuter à la date de réception de votre demande.</Paragraphe><Paragraphe>Le congé ne peut pas vous être refusé par l'administration.</Paragraphe><Paragraphe>Vous devez demander le renouvellement de votre congé ou votre réemploi par lettre recommandée avec accusé de réception <MiseEnEvidence>au moins 3 mois avant la fin de votre congé en cours</MiseEnEvidence>.</Paragraphe><Paragraphe>Si vous souhaitez mettre fin à votre congé avant la date prévue, vous devez également en faire la demande par lettre recommandée avec accusé de réception au moins 3 mois avant la date souhaitée de reprise du travail.</Paragraphe><Paragraphe>Toutefois, en cas de motif grave, notamment en cas de diminution des revenus de votre ménage, vous pouvez être réemployé dès réception de votre demande par l'administration.</Paragraphe><Paragraphe>Que votre réemploi intervienne de manière anticipée ou non, vous êtes réaffecté sur votre précédent poste.</Paragraphe><Paragraphe>Si cela n'est pas possible, vous êtes prioritaire pour être réemployé sur un emploi similaire doté d'une rémunération équivalente.</Paragraphe><Paragraphe><MiseEnEvidence>En l‘absence de demande de renouvellement ou de réemploi</MiseEnEvidence> au moins 3 mois avant la fin de votre congé en cours, vous êtes considéré comme renonçant à votre emploi.</Paragraphe><Paragraphe>L'administration vous en informe sans délai, par lettre recommandée avec accusé de réception.</Paragraphe><Paragraphe>En l'absence de réponse de votre part dans les 15 jours, il est mis fin à votre contrat, sans indemnité, à la fin de votre congé.</Paragraphe></Cas><Cas><Titre>Suivre votre époux ou partenaire de Pacs contraint de déménager pour des raisons professionnelles</Titre><Paragraphe>Si vous êtes employé <MiseEnEvidence>depuis plus d'un an</MiseEnEvidence>, vous pouvez demander un congé non rémunéré pour suivre votre époux ou votre partenaire de <LienInterne LienPublication="R45368" type="Sigle">Pacs</LienInterne> contraint de déménager pour des raisons professionnelles.</Paragraphe><Paragraphe>La durée du congé est fixée à <MiseEnEvidence>3 ans maximum</MiseEnEvidence>, renouvelables sans limitation.</Paragraphe><Paragraphe>Le congé est accordé dans un délai de 2 mois maximum suivant la réception de votre demande.</Paragraphe><Paragraphe>Le congé ne peut pas vous être refusé par votre administration.</Paragraphe><Paragraphe>Vous devez demander le renouvellement de votre congé ou votre réemploi par lettre recommandée avec accusé de réception <MiseEnEvidence>au moins 3 mois avant la fin de votre congé en cours</MiseEnEvidence>.</Paragraphe><Paragraphe>Si vous souhaitez mettre fin à votre congé avant la date prévue, vous devez également en faire la demande par lettre recommandée avec accusé de réception au moins 3 mois avant la date souhaitée de reprise du travail.</Paragraphe><Paragraphe>Toutefois, en cas de motif grave, notamment en cas de diminution des revenus de votre ménage, vous pouvez être réemployé dès réception de votre demande par l'administration.</Paragraphe><Paragraphe>Que votre réemploi intervienne de manière anticipée ou non, vous êtes réaffecté sur votre précédent poste.</Paragraphe><Paragraphe>Si cela n'est pas possible, vous êtes prioritaire pour être réemployé sur un emploi similaire doté d'une rémunération équivalente.</Paragraphe><Paragraphe><MiseEnEvidence>En l‘absence de demande de renouvellement ou de réemploi</MiseEnEvidence> au moins 3 mois avant la fin de votre congé en cours, vous êtes considéré comme renonçant à votre emploi.</Paragraphe><Paragraphe>L'administration vous en informe sans délai, par lettre recommandée avec accusé de réception.</Paragraphe><Paragraphe>En l'absence de réponse de votre part dans les 15 jours, il est mis fin à votre contrat, sans indemnité, à la fin de votre congé.</Paragraphe></Cas><Cas><Titre>Adopter un enfant</Titre><Paragraphe>Si vous avez un agrément du service de l'<LienInterne LienPublication="R31134" type="Acronyme">Ase</LienInterne> de votre département, vous avez droit à un congé non rémunéré pour vous rendre dans un <LienInterne LienPublication="R32408" type="Acronyme">Drom</LienInterne>, une <LienIntra LienID="R49970" type="Définition de glossaire">Com</LienIntra>, en Nouvelle-Calédonie ou à l'étranger en vue de l'adoption d'un ou plusieurs enfants.</Paragraphe><Paragraphe>L'administration ne peut pas vous refuser ce congé.</Paragraphe><Paragraphe>Vous devez en faire la demande par courrier recommandé <MiseEnEvidence>au moins 2 semaines avant le départ</MiseEnEvidence>.</Paragraphe><Paragraphe>Votre demande doit indiquer la date de début et la durée envisagée du congé.</Paragraphe><Paragraphe>La durée du congé est fixée à <MiseEnEvidence>6 semaines maximum par agrément</MiseEnEvidence>.</Paragraphe><Paragraphe>Vous réintégrez votre emploi à la fin du congé, y compris si vous y mettez fin plus tôt que prévu.</Paragraphe></Cas><Cas><Titre>Évènement familial</Titre><Paragraphe>Vous pouvez demander un congé non rémunéré de <MiseEnEvidence>15 jours maximum par an</MiseEnEvidence> pour événement familial (naissance, mariage, décès,...).</Paragraphe><Paragraphe>Il peut être accordé en plusieurs fois.</Paragraphe><Paragraphe>Il est accordé sous réserve des <LienIntra LienID="R50296" type="Définition de glossaire">nécessités de service</LienIntra>.</Paragraphe></Cas><Cas><Titre>Convenances personnelles</Titre><Paragraphe>Si vous êtes en <LienInterne LienPublication="R24389" type="Sigle">CDI</LienInterne>, vous pouvez demander un congé non rémunéré pour convenances personnelles.</Paragraphe><Paragraphe>Vous ne devez pas avoir bénéficié <MiseEnEvidence>au cours des 6 ans précédant </MiseEnEvidence>votre demande de congé pour convenances personnelles d'un congé pour création d'entreprise ou d'un <LienInterne LienPublication="F3042" type="Fiche d'information conditionnée" audience="Particuliers">congé de formation professionnelle</LienInterne> d'au moins 6 mois.</Paragraphe><Paragraphe>Le congé pour convenances personnelles est accordé sous réserve des <LienIntra LienID="R50296" type="Définition de glossaire">nécessités de service</LienIntra>.</Paragraphe><Paragraphe>Ce congé est accordé pour <MiseEnEvidence>3 ans maximum</MiseEnEvidence> renouvelables dans la <MiseEnEvidence>limite de 10 ans</MiseEnEvidence> pour l'ensemble de vos contrats dans la fonction publique.</Paragraphe><Paragraphe>Vous devez demander votre congé <MiseEnEvidence>au moins 2 mois</MiseEnEvidence> à l'avance par courrier recommandée avec accusé de réception.</Paragraphe><Paragraphe>Vous devez demander le renouvellement de votre congé ou votre réemploi, par lettre recommandée avec accusé de réception, <MiseEnEvidence>au moins 3 mois avant la fin de votre congé</MiseEnEvidence> en cours.</Paragraphe><Paragraphe>Si vous souhaitez mettre fin à votre congé avant la date prévue, vous devez également en faire la demande par lettre recommandée avec accusé de réception au moins 3 mois avant la date souhaitée de reprise du travail.</Paragraphe><Paragraphe>Toutefois, en cas de motif grave, notamment en cas de diminution des revenus de votre ménage, vous pouvez être réemployé dès réception de votre demande par l'administration.</Paragraphe><Paragraphe>Que votre réemploi intervienne de manière anticipée ou non, vous êtes réaffecté sur votre précédent poste.</Paragraphe><Paragraphe>Si cela n'est pas possible, vous êtes prioritaire pour être réemployé sur un emploi similaire doté d'une rémunération équivalente.</Paragraphe><Paragraphe><MiseEnEvidence>En l‘absence de demande de renouvellement ou de réemploi</MiseEnEvidence> au moins 3 mois avant la fin de votre congé en cours, vous êtes considéré comme renonçant à votre emploi.</Paragraphe><Paragraphe>L'administration vous en informe sans délai, par lettre recommandée avec accusé de réception.</Paragraphe><Paragraphe>En l'absence de réponse de votre part dans les 15 jours, il est mis fin à votre contrat, sans indemnité, à la fin de votre congé.</Paragraphe><Rappel><Titre>Rappel</Titre><Paragraphe>En tant qu'agent public, vous ne pouvez pas bénéficier d'un congé sabbatique. Ce congé est réservé aux salariés du privé.</Paragraphe></Rappel></Cas><Cas><Titre>Créer ou reprendre une entreprise</Titre><Paragraphe>Vous pouvez demander un congé non rémunéré pour créer ou reprendre une entreprise.</Paragraphe><Paragraphe>Ce congé est accordé sous réserve des <LienIntra LienID="R50296" type="Définition de glossaire">nécessités de service</LienIntra>.</Paragraphe><Paragraphe>La durée du congé est fixée à <MiseEnEvidence>1 an, renouvelable 1 fois</MiseEnEvidence>.</Paragraphe><Paragraphe>La demande de congé doit être formulée, par courrier recommandé avec accusé de réception, <MiseEnEvidence>au moins 2 mois à l'avance</MiseEnEvidence>.</Paragraphe><Paragraphe>Elle indique la date de début du congé, sa durée et la nature de l'activité de l'entreprise.</Paragraphe><Paragraphe>Si elle a un doute sur la <LienInterne LienPublication="F31219" type="Fiche Question-réponse conditionnée" audience="Particuliers">compatibilité de votre projet d'activité avec vos précédentes fonctions</LienInterne> au cours des 3 années précédentes, votre administration saisit, pour avis, le référent déontologue puis éventuellement la Haute Autorité pour la transparence de la vie publique (HATVP).</Paragraphe><Paragraphe>Vous devez demander le renouvellement de votre congé ou votre réemploi par lettre recommandée avec accusé de réception <MiseEnEvidence>au moins 3 mois avant la fin de votre congé</MiseEnEvidence> en cours.</Paragraphe><Paragraphe>Si vous souhaitez mettre fin à votre congé avant la date prévue, vous devez également en faire la demande par lettre recommandée avec accusé de réception au moins 3 mois avant la date souhaitée de reprise du travail.</Paragraphe><Paragraphe>Toutefois, en cas de motif grave, notamment en cas de diminution des revenus de votre ménage, vous pouvez être réemployé dès réception de votre demande par l'administration.</Paragraphe><Paragraphe>Que votre réemploi intervienne de manière anticipée ou non, vous êtes réaffecté sur votre précédent poste.</Paragraphe><Paragraphe>Si cela n'est pas possible, vous êtes prioritaire pour être réemployé sur un emploi similaire doté d'une rémunération équivalente.</Paragraphe><Paragraphe><MiseEnEvidence>En l‘absence de demande de renouvellement ou de réemploi</MiseEnEvidence> au moins 3 mois avant la fin de votre congé en cours, vous êtes considéré comme renonçant à votre emploi.</Paragraphe><Paragraphe>L'administration vous en informe sans délai, par lettre recommandée avec accusé de réception.</Paragraphe><Paragraphe>En l'absence de réponse de votre part dans les 15 jours, il est mis fin à votre contrat, sans indemnité, à la fin de votre congé.</Paragraphe></Cas></BlocCas></Texte></Situation><Situation><Titre>FPH</Titre><Texte><BlocCas affichage="radio"><Cas><Titre>Élever un enfant de moins de 12 ans</Titre><Paragraphe>Si vous êtes employé depuis <MiseEnEvidence>plus d'un an</MiseEnEvidence>, vous pouvez demander un congé non rémunéré pour élever un enfant de moins de 12 ans.</Paragraphe><Paragraphe>Si vous remplissez les conditions pour en bénéficier, vous pouvez percevoir la prestation partagée d'éducation de l'enfant (PreParE).</Paragraphe><Paragraphe>La durée du congé est fixée à <MiseEnEvidence>3 ans maximum</MiseEnEvidence>, renouvelables jusqu'au 12me anniversaire de l'enfant.</Paragraphe><Paragraphe>Le congé est accordé dans un délai de <MiseEnEvidence>2 mois maximum</MiseEnEvidence> suivant la réception de votre demande.</Paragraphe><Paragraphe>Le congé ne peut pas vous être refusé par l'administration.</Paragraphe><Paragraphe>Vous devez demander le renouvellement de votre congé ou votre réemploi par lettre recommandée avec accusé de réception <MiseEnEvidence>au moins 3 mois avant la fin de votre congé</MiseEnEvidence> en cours.</Paragraphe><Paragraphe>Si vous souhaitez mettre fin à votre congé avant la date prévue, vous devez également en faire la demande par lettre recommandée avec accusé de réception au moins 3 mois avant la date souhaitée de reprise du travail.</Paragraphe><Paragraphe>Toutefois, en cas de motif grave, notamment en cas de diminution des revenus de votre ménage, vous pouvez être réemployé dès réception de votre demande par l'administration.</Paragraphe><Paragraphe>Que votre réemploi intervienne de manière anticipée ou non, vous êtes réaffecté sur votre précédent poste.</Paragraphe><Paragraphe>Si cela n'est pas possible, vous êtes licencié et prioritaire pour être réemployé, dans votre établissement, sur un emploi similaire doté d'une rémunération équivalente.</Paragraphe><Paragraphe><MiseEnEvidence>En l‘absence de demande de renouvellement ou de réemploi </MiseEnEvidence>au moins 3 mois avant la fin de votre congé en cours, vous êtes considéré comme renonçant à votre emploi.</Paragraphe><Paragraphe>L'administration vous en informe sans délai, par lettre recommandée avec accusé de réception.</Paragraphe><Paragraphe>En l'absence de réponse de votre part dans les 15 jours, il est mis fin à votre contrat, sans indemnité, à la fin de votre congé.</Paragraphe></Cas><Cas><Titre>Donner des soins à un proche</Titre><Paragraphe>Si vous êtes employé <MiseEnEvidence>depuis plus d'un an</MiseEnEvidence>, vous pouvez demander un congé non rémunéré pour donner des soins à proche.</Paragraphe><Paragraphe>La personne bénéficiaire des soins doit être un enfant à charge, votre époux, votre partenaire de <LienInterne LienPublication="R45368" type="Sigle">Pacs</LienInterne> ou votre concubin ou un <LienIntra LienID="R12668" type="Définition de glossaire">ascendant</LienIntra>.</Paragraphe><Paragraphe>Ce congé peut intervenir à la suite d'un accident ou d'une maladie grave ou ou si la personne accompagnée est atteinte d'un handicap nécessitant la présence d'une tierce personne.</Paragraphe><Paragraphe>Si vous cessez votre activité pour donner des soins à un enfant, vous pouvez percevoir la <LienInterne LienPublication="F32485" type="Fiche d'information conditionnée" audience="Particuliers">prestation partagée d'éducation de l'enfant (PréParÉ)</LienInterne> si vous remplissez les conditions pour en bénéficier.</Paragraphe><Paragraphe>Si vous cessez votre activité pour donner des soins à un proche qui perçoit <LienInterne LienPublication="F10009" type="Fiche d'information conditionnée" audience="Particuliers">l'allocation personnalisée d'autonomie (Apa)</LienInterne> ou la <LienInterne LienPublication="F14202" type="Fiche d'information conditionnée" audience="Particuliers">prestation de compensation du handicap (PCH)</LienInterne>, il peut, sous certaines conditions, <LienInterne LienPublication="F32794" type="Fiche Question-réponse conditionnée" audience="Particuliers">utiliser cette prestation pour vous rémunérer</LienInterne>.</Paragraphe><Paragraphe>La durée du congé est fixée à <MiseEnEvidence>3 ans maximum</MiseEnEvidence>, renouvelables tant que votre présence auprès du proche malade, handicapé ou accidenté est justifiée.</Paragraphe><Paragraphe>Il est accordé dans un délai de <MiseEnEvidence>2 mois maximum</MiseEnEvidence> suivant la réception de votre demande.</Paragraphe><Paragraphe>En cas d'urgence liée à l'état de santé du proche, le congé peut débuter à la date de réception de votre demande.</Paragraphe><Paragraphe>Le congé ne peut pas vous être refusé par l'administration.</Paragraphe><Paragraphe>Vous devez demander le renouvellement de votre congé ou votre réemploi par lettre recommandée avec accusé de réception <MiseEnEvidence>au moins 3 mois avant la fin de votre congé</MiseEnEvidence> en cours.</Paragraphe><Paragraphe>Si vous souhaitez mettre fin à votre congé avant la date prévue, vous devez également en faire la demande par lettre recommandée avec accusé de réception au moins 3 mois avant la date souhaitée de reprise du travail.</Paragraphe><Paragraphe>Toutefois, en cas de motif grave, notamment en cas de diminution des revenus de votre ménage, vous pouvez être réemployé dès réception de votre demande par l'administration.</Paragraphe><Paragraphe>Que votre réemploi intervienne de manière anticipée ou non, vous êtes réaffecté sur votre précédent poste.</Paragraphe><Paragraphe>Si cela n'est pas possible, vous êtes licencié et prioritaire pour être réemployé sur un emploi similaire, dans votre établissement, doté d'une rémunération équivalente.</Paragraphe><Paragraphe><MiseEnEvidence>En l‘absence de demande de renouvellement ou de réemploi</MiseEnEvidence> au moins 3 mois avant la fin de votre congé en cours, vous êtes considéré comme renonçant à votre emploi.</Paragraphe><Paragraphe>L'administration vous en informe sans délai, par lettre recommandée avec accusé de réception.</Paragraphe><Paragraphe>En l'absence de réponse de votre part dans les 15 jours, il est mis fin à votre contrat, sans indemnité, à la fin de votre congé.</Paragraphe></Cas><Cas><Titre>Suivre votre conjoint contraint de déménager pour des raisons professionnelles</Titre><Paragraphe>Si vous êtes employé <MiseEnEvidence>depuis plus d'un an</MiseEnEvidence>, vous pouvez demander un congé non rémunéré pour suivre votre époux, votre partenaire de <LienInterne LienPublication="R45368" type="Sigle">Pacs</LienInterne> ou votre concubin contraint de déménager pour des raisons professionnelles.</Paragraphe><Paragraphe>La durée du congé est fixée à <MiseEnEvidence>3 ans maximum</MiseEnEvidence>, renouvelables sans limitation.</Paragraphe><Paragraphe>Il est accordé dans un délai de <MiseEnEvidence>2 mois maximum </MiseEnEvidence>suivant la réception de votre demande.</Paragraphe><Paragraphe>Le congé ne peut pas vous être refusé par l'administration.</Paragraphe><Paragraphe>Vous devez demander le renouvellement de votre congé ou votre réemploi par lettre recommandée avec accusé de réception <MiseEnEvidence>au moins 3 mois avant la fin de votre congé</MiseEnEvidence> en cours.</Paragraphe><Paragraphe>Si vous souhaitez mettre fin à votre congé avant la date prévue, vous devez également en faire la demande par lettre recommandée avec accusé de réception au moins 3 mois avant la date souhaitée de reprise du travail.</Paragraphe><Paragraphe>Toutefois, en cas de motif grave, notamment en cas de diminution des revenus de votre ménage, vous pouvez être réemployé dès réception de votre demande par l'administration.</Paragraphe><Paragraphe>Que votre réemploi intervienne de manière anticipée ou non, vous êtes réaffecté sur votre précédent poste.</Paragraphe><Paragraphe>Si cela n'est pas possible, vous êtes licencié et prioritaire pour être réemployé sur un emploi similaire, dans votre établissement, doté d'une rémunération équivalente.</Paragraphe><Paragraphe><MiseEnEvidence>En l‘absence de demande de renouvellement ou de réemploi </MiseEnEvidence>au moins 3 mois avant la fin de votre congé en cours, vous êtes considéré comme renonçant à votre emploi.</Paragraphe><Paragraphe>L'administration vous en informe sans délai, par lettre recommandée avec accusé de réception.</Paragraphe><Paragraphe>En l'absence de réponse de votre part dans les 15 jours, il est mis fin à votre contrat, sans indemnité, à la fin de votre congé.</Paragraphe></Cas><Cas><Titre>Adopter d'un enfant</Titre><Paragraphe>Si vous avez un agrément du service de l'<LienInterne LienPublication="R31134" type="Acronyme">Ase</LienInterne> de votre département, vous avez droit à un congé non rémunéré pour vous rendre dans un <LienInterne LienPublication="R32408" type="Acronyme">Drom</LienInterne>, une <LienIntra LienID="R49970" type="Définition de glossaire">Com</LienIntra>, en Nouvelle-Calédonie ou à l'étranger en vue de l'adoption d'un ou plusieurs enfants.</Paragraphe><Paragraphe>L'administration ne peut pas vous refuser ce congé.</Paragraphe><Paragraphe>Vous devez en faire la demande par courrier recommandé <MiseEnEvidence>au moins 2 semaines avant le départ</MiseEnEvidence>.</Paragraphe><Paragraphe>Votre demande doit indiquer la date de début et la durée envisagée du congé.</Paragraphe><Paragraphe>La durée du congé est fixée à <MiseEnEvidence>6 semaines maximum par agrément</MiseEnEvidence>.</Paragraphe><Paragraphe>Vous réintégrez votre emploi à la fin du congé, y compris si vous y mettez fin plus tôt que prévu.</Paragraphe></Cas><Cas><Titre>Évènement familial</Titre><Paragraphe>Vous pouvez demander un congé non rémunéré <MiseEnEvidence>de 15 <LienIntra LienID="R17508" type="Définition de glossaire">jours ouvrables</LienIntra> maximum par an</MiseEnEvidence> pour événement familial (naissance, mariage, décès,...).</Paragraphe><Paragraphe>Il peut être accordé en plusieurs fois.</Paragraphe><Paragraphe>Il est accordé sous réserve des <LienIntra LienID="R50296" type="Définition de glossaire">nécessités de service</LienIntra>.</Paragraphe></Cas><Cas><Titre>Convenances personnelles</Titre><Paragraphe>Si vous êtes en <LienInterne LienPublication="R24389" type="Sigle">CDI</LienInterne>, vous pouvez demander un congé non rémunéré pour convenances personnelles.</Paragraphe><Paragraphe>Vous ne devez pas avoir bénéficié <MiseEnEvidence>au cours des 6 années</MiseEnEvidence> précédant votre demande de congé pour convenances personnelles d'un congé pour création d'entreprise ou d'un <LienInterne LienPublication="F3054" type="Fiche d'information conditionnée" audience="Particuliers">congé de formation professionnelle</LienInterne> d'au moins 6 mois.</Paragraphe><Paragraphe>Le congé pour convenances personnelles est accordé sous réserve des <LienIntra LienID="R50296" type="Définition de glossaire">nécessités de service</LienIntra>.</Paragraphe><Paragraphe>Ce congé est accordé pour <MiseEnEvidence>5 ans maximum</MiseEnEvidence> renouvelables dans la <MiseEnEvidence>limite de 10 ans</MiseEnEvidence> pour l'ensemble de vos contrats dans la fonction publique.</Paragraphe><Paragraphe>Vous devez demander ce congé <MiseEnEvidence>au moins 2 mois</MiseEnEvidence> à l'avance par courrier recommandée avec accusé de réception.</Paragraphe><Paragraphe>Vous devez demander le renouvellement de votre congé ou votre réemploi par lettre recommandée avec accusé de réception <MiseEnEvidence>au moins 3 mois avant la fin de votre congé</MiseEnEvidence> en cours.</Paragraphe><Paragraphe>Si vous souhaitez mettre fin à votre congé avant la date prévue, vous devez également en faire la demande par lettre recommandée avec accusé de réception au moins 3 mois avant la date souhaitée de reprise du travail.</Paragraphe><Paragraphe>Toutefois, en cas de motif grave, notamment en cas de diminution des revenus de votre ménage, vous pouvez être réemployé dès réception de votre demande par l'administration.</Paragraphe><Paragraphe>Que votre réemploi intervienne de manière anticipée ou non, vous êtes réaffecté sur votre précédent poste.</Paragraphe><Paragraphe>Si cela n'est pas possible, vous êtes licencié et prioritaire pour être réemployé sur un emploi similaire, dans votre établissement, doté d'une rémunération équivalente.</Paragraphe><Paragraphe><MiseEnEvidence>En l‘absence de demande de renouvellement ou de réemploi</MiseEnEvidence> au moins 3 mois avant la fin de votre congé en cours, vous êtes considéré comme renonçant à votre emploi.</Paragraphe><Paragraphe>L'administration vous en informe sans délai, par lettre recommandée avec accusé de réception.</Paragraphe><Paragraphe>En l'absence de réponse de votre part dans les 15 jours, il est mis fin à votre contrat, sans indemnité, à la fin de votre congé.</Paragraphe><Rappel><Titre>Rappel</Titre><Paragraphe>En tant qu'agent public, vous ne pouvez pas bénéficier d'un congé sabbatique. Ce congé est réservé aux salariés du privé.</Paragraphe></Rappel></Cas><Cas><Titre>Créer ou reprendre une entreprise</Titre><Paragraphe>Vous pouvez demander un congé non rémunéré pour créer ou reprendre une entreprise.</Paragraphe><Paragraphe>Ce congé est accordé sous réserve des <LienIntra LienID="R50296" type="Définition de glossaire">nécessités de service</LienIntra>.</Paragraphe><Paragraphe>La durée du congé est fixée à <MiseEnEvidence>1 an renouvelable 1 fois</MiseEnEvidence>.</Paragraphe><Paragraphe>La demande de congé doit être formulée, par courrier recommandé avec accusé de réception, <MiseEnEvidence>au moins 2 mois à l'avance</MiseEnEvidence>.</Paragraphe><Paragraphe>Elle indique la date de début du congé, sa durée et la nature de l'activité de l'entreprise.</Paragraphe><Paragraphe>Si elle a un doute sur la <LienInterne LienPublication="F31219" type="Fiche Question-réponse conditionnée" audience="Particuliers">compatibilité de votre projet d'activité avec vos précédentes fonctions</LienInterne>, votre administration saisit, pour avis, le référent déontologue puis éventuellement la Haute Autorité pour la transparence de la vie publique (HATVP).</Paragraphe><Paragraphe>Vous devez demander le renouvellement de votre congé ou votre réemploi par lettre recommandée avec accusé de réception <MiseEnEvidence>au moins 3 mois avant la fin de votre congé</MiseEnEvidence> en cours.</Paragraphe><Paragraphe>Si vous souhaitez mettre fin à votre congé avant la date prévue, vous devez également en faire la demande par lettre recommandée avec accusé de réception au moins 3 mois avant la date souhaitée de reprise du travail.</Paragraphe><Paragraphe>Toutefois, en cas de motif grave, notamment en cas de diminution des revenus de votre ménage, vous pouvez être réemployé dès réception de votre demande par l'administration.</Paragraphe><Paragraphe>Que votre réemploi intervienne de manière anticipée ou non, vous êtes réaffecté sur votre précédent poste.</Paragraphe><Paragraphe>Si cela n'est pas possible, vous êtes licencié et prioritaire pour être réemployé sur un emploi, dans votre établissement, similaire doté d'une rémunération équivalente.</Paragraphe><Paragraphe><MiseEnEvidence>En l‘absence de demande de renouvellement ou de réemploi</MiseEnEvidence> au moins 3 mois avant la fin de votre congé en cours, vous êtes considéré comme renonçant à votre emploi.</Paragraphe><Paragraphe>L'administration vous en informe sans délai, par lettre recommandée avec accusé de réception.</Paragraphe><Paragraphe>En l'absence de réponse de votre part dans les 15 jours, il est mis fin à votre contrat, sans indemnité, à la fin de votre congé.</Paragraphe></Cas></BlocCas></Texte></Situation></ListeSituations><Reference type="Texte de référence" URL="https://www.legifrance.gouv.fr/loda/id/JORFTEXT000000699956/" ID="R13139"><Titre>Décret n°86-83 du 17 janvier 1986 relatif aux agents contractuels de la FPE</Titre><Complement>Articles 19 bis, 20, 21 à 24, 32, 33</Complement></Reference><Reference type="Texte de référence" URL="https://www.legifrance.gouv.fr/loda/id/JORFTEXT000000871608" ID="R13140"><Titre>Décret n°88-145 du 15 février 1988 relatif aux agents non titulaires de la FPT</Titre><Complement>Articles 14-1, 15 à 18-1, 33, 34</Complement></Reference><Reference type="Texte de référence" URL="https://www.legifrance.gouv.fr/loda/id/JORFTEXT000000343794" ID="R13141"><Titre>Décret n°91-155 du 6 février 1991 relatif aux agents contractuels de la FPH</Titre><Complement>Articles 18-1, 19, 20 à 23, 30, 31</Complement></Reference><Definition ID="R50296"><Titre>Nécessités de service</Titre><Texte><Paragraphe>Raisons objectives et particulières, liées à la continuité du fonctionnement du service, pouvant justifier le refus par l'administration d'un droit ou d'un avantage à un agent public (un temps partiel, un congé, etc.)</Paragraphe></Texte></Definition><Definition ID="R12668"><Titre>Ascendant</Titre><Texte><Paragraphe>Personne dont on est issu : parent, grand-parent, arrière-grand-parent,...</Paragraphe></Texte></Definition><Definition ID="R49970"><Titre>Collectivités d'outre-mer (Com)</Titre><Texte><Paragraphe>Polynésie française, Saint-Barthélemy, Saint-Martin, Saint-Pierre-et-Miquelon, Îles Wallis et Futuna</Paragraphe></Texte></Definition><Definition ID="R17508"><Titre>Jour ouvrable</Titre><Texte><Paragraphe>Correspond à tous les jours de la semaine, à l'exception du jour de repos hebdomadaire (généralement le dimanche) et des jours fériés habituellement non travaillés dans l'entreprise</Paragraphe></Texte></Definition><Abreviation ID="R45368" type="Sigle"><Titre>Pacs</Titre><Texte><Paragraphe>Pacte civil de solidarité</Paragraphe></Texte></Abreviation><Abreviation ID="R31134" type="Acronyme"><Titre>Ase</Titre><Texte><Paragraphe>Aide sociale à l'enfance</Paragraphe></Texte></Abreviation><Abreviation ID="R32408" type="Acronyme"><Titre>Drom</Titre><Texte><Paragraphe>Département et région d'outre-mer</Paragraphe></Texte></Abreviation><Abreviation ID="R24389" type="Sigle"><Titre>CDI</Titre><Texte><Paragraphe>Contrat de travail à durée indéterminée</Paragraphe></Texte></Abreviation></Publication>