<?xml version="1.0" encoding="UTF-8"?><Publication xmlns:dc="http://purl.org/dc/elements/1.1/" xmlns:xsi="http://www.w3.org/2001/XMLSchema-instance" ID="F593" type="Fiche d'information conditionnée" xsi:noNamespaceSchemaLocation="../Schemas/3.4/Publication.xsd" dateDerniereModificationImportante="2023-01-01T00:00:00" spUrl="https://www.service-public.fr/particuliers/vosdroits/F593"><dc:title>Heures supplémentaires dans la fonction publique d'État (FPE)</dc:title><dc:creator>Direction de l'information légale et administrative</dc:creator><dc:subject>Travail - Formation</dc:subject><dc:description>Les heures supplémentaires sont les heures de travail que vous effectuez à la demande de votre chef de service en dépassement des bornes horaires définies par votre cycle de travail. Elles ne doivent pas avoir pour effet de porter la durée du travail effectif au-delà d'une certaine limite et de réduire la durée des repos quotidien et hebdomadaire en-deçà d'une certaine durée. Leur nombre est limité. Elles donnent lieu à repos compensateur ou indemnisation.</dc:description><dc:publisher>Direction de l'information légale et administrative</dc:publisher><dc:contributor>Direction de l'information légale et administrative (Premier ministre)</dc:contributor><dc:date>modified 2023-01-01</dc:date><dc:type>Fiche pratique</dc:type><dc:format>text/xml</dc:format><dc:identifier>F593</dc:identifier><dc:source>https://www.legifrance.gouv.fr/loda/id/LEGITEXT000005629863/, https://www.legifrance.gouv.fr/loda/id/LEGITEXT000005632103/</dc:source><dc:language>Fr</dc:language><dc:relation>isPartOf N20276</dc:relation><dc:coverage>France entière</dc:coverage><dc:rights>https://www.service-public.fr/a-propos/mentions-legales</dc:rights><SurTitre>Fiche pratique</SurTitre><Audience>Particuliers</Audience><Canal>www.service-public.fr</Canal><FilDAriane><Niveau ID="Particuliers">Accueil particuliers</Niveau><Niveau ID="N19806">Travail - Formation</Niveau><Niveau ID="N20276">Temps de travail dans la fonction publique</Niveau><Niveau ID="F593" type="Fiche d'information conditionnée">Heures supplémentaires dans la fonction publique d'État (FPE)</Niveau></FilDAriane><Theme ID="N19806"><Titre>Travail - Formation</Titre></Theme><SousThemePere ID="N31777">Temps de travail</SousThemePere><DossierPere ID="N20276"><Titre>Temps de travail dans la fonction publique</Titre><SousDossier ID="N20276-1"><Titre>Durée du travail</Titre><Fiche ID="F471">Fonction publique d'État (FPE)</Fiche><Fiche ID="F571">Fonction publique territoriale (FPT)</Fiche><Fiche ID="F573">Fonction publique hospitalière (FPH)</Fiche><Fiche ID="F34996">Réduction du temps de travail (RTT)</Fiche></SousDossier><SousDossier ID="N20276-2"><Titre>Compte épargne-temps (CET)</Titre><Fiche ID="F585">Fonction publique d'État (FPE)</Fiche><Fiche ID="F10252">Fonction publique territoriale (FPT)</Fiche><Fiche ID="F587">Fonction publique hospitalière (FPH)</Fiche></SousDossier><SousDossier ID="N20276-3"><Titre>Travail à temps partiel</Titre><Fiche ID="F486">Pour un fonctionnaire</Fiche><Fiche ID="F18029">Pour un agent contractuel</Fiche></SousDossier><SousDossier ID="N20276-4"><Titre>Astreintes et permanences</Titre><Fiche ID="F589">Astreintes</Fiche><Fiche ID="F21423">Permanences</Fiche></SousDossier><SousDossier ID="N20276-5"><Titre>Heures supplémentaires</Titre><Fiche ID="F593">Fonction publique d'État (FPE)</Fiche><Fiche ID="F32390">Fonction publique territoriale (FPT)</Fiche><Fiche ID="F595">Fonction publique hospitalière (FPH)</Fiche></SousDossier></DossierPere><SousDossierPere>Heures supplémentaires</SousDossierPere><Introduction><Texte><Paragraphe>Les heures supplémentaires sont les heures de travail que vous effectuez à la demande de votre chef de service en dépassement des bornes horaires définies par votre cycle de travail. Elles ne doivent pas avoir pour effet de porter la <LienIntra LienID="R32095" type="Définition de glossaire">durée du travail effectif</LienIntra> au-delà d'une certaine limite et de réduire la durée des repos quotidien et hebdomadaire en-deçà d'une certaine durée. Leur nombre est limité. Elles donnent lieu à repos compensateur ou indemnisation.</Paragraphe></Texte></Introduction><Texte><Chapitre><Titre><Paragraphe>De quoi s'agit-il ?</Paragraphe></Titre><Paragraphe>Les heures supplémentaires sont les heures de travail que vous effectuez à la demande de votre chef de service en dépassement des bornes horaires définies par votre cycle de travail.</Paragraphe><Paragraphe>Le cycle de travail est la période de référence sur la base de laquelle est organisé le travail.</Paragraphe><Paragraphe>Le cycle peut être défini par service ou par fonction.</Paragraphe><Paragraphe>La durée du cycle peut aller de la semaine à l'année de façon à ce que la durée du travail soit de 35 heures hebdomadaires sur l'année.</Paragraphe><Paragraphe>Les horaires de travail sont définis à l'intérieur du cycle.</Paragraphe><Exemple><Titre>Exemple</Titre><Paragraphe>Le temps de travail peut être organisé selon un cycle de 2 semaines correspondant à 70 heures réparties de la manière suivante : 39 heures la 1<Exposant>re</Exposant> semaine, 31 heures la seconde. Il y a heures supplémentaires si vous accomplissez plus de 70 heures au cours du cycle.</Paragraphe></Exemple></Chapitre><Chapitre><Titre><Paragraphe>Limite d'heures à ne pas dépasser</Paragraphe></Titre><Paragraphe>Vous ne pouvez pas accomplir plus de 25 heures supplémentaires par mois.</Paragraphe><Paragraphe>Ce contingent mensuel peut être dépassé sur décision de votre chef de service si des circonstances exceptionnelles le justifient et pour une période limitée.</Paragraphe><Paragraphe>Les représentants du personnel au comité social en sont immédiatement informés.</Paragraphe><Paragraphe>L'accomplissement d'heures supplémentaires ne doit pas vous conduire à dépasser les durées de <LienIntra LienID="R32095" type="Définition de glossaire">travail effectif</LienIntra> suivantes :</Paragraphe><Liste type="puce"><Item><Paragraphe>48 heures au cours d'une même semaine</Paragraphe></Item><Item><Paragraphe>44 heures en moyenne sur une période de 12 semaines consécutives.</Paragraphe></Item></Liste><Paragraphe>La durée quotidienne de travail ne peut pas dépasser 10 heures.</Paragraphe><Paragraphe>L'amplitude maximale de la journée de travail est fixée à 12 heures.</Paragraphe><Paragraphe>Vous devez bénéficier d'une pause d'au moins 20 minutes toutes les 6 heures.</Paragraphe></Chapitre><Chapitre><Titre><Paragraphe>Repos minimum</Paragraphe></Titre><Paragraphe>Si vous effectuez des heures supplémentaires, vous devez bénéficier, comme tout agent, d'un repos quotidien de 11 heures minimum.</Paragraphe><Paragraphe>Vous devez également bénéficier d'un repos hebdomadaire d'au moins 35 heures consécutives et comprenant en principe le dimanche.</Paragraphe></Chapitre><Chapitre><Titre><Paragraphe>Compensation ou indemnisation</Paragraphe></Titre><Paragraphe>Si vous êtes soumis à un décompte horaire des heures supplémentaires, celles-ci font l'objet d'un repos compensateur d'une durée au moins égale ou d'une <LienInterne LienPublication="F32787" type="Fiche d'information conditionnée" audience="Particuliers">indemnisation horaire</LienInterne>.</Paragraphe></Chapitre></Texte><Reference type="Texte de référence" URL="https://www.legifrance.gouv.fr/loda/id/LEGITEXT000005629863/" ID="R869"><Titre>Décret n°2000-815 du 25 août 2000 relatif à l'aménagement et à la réduction du temps de travail dans la fonction publique de l'État</Titre><Complement>Articles 3, 4</Complement></Reference><Reference type="Texte de référence" URL="https://www.legifrance.gouv.fr/loda/id/LEGITEXT000005632103/" ID="R17505"><Titre>Décret n°2002-60 du 14 janvier 2002 relatif aux indemnités horaires pour travaux supplémentaires dans la fonction publique d'État (FPE)</Titre><Complement>Articles 4, 6, 7</Complement></Reference><Definition ID="R32095"><Titre>Temps de travail effectif</Titre><Texte><Paragraphe>Temps pendant lequel un salarié ou un agent public est à la disposition de l'employeur ou de l'administration et se conforme à ses directives sans pouvoir vaquer librement à ses occupations personnelles</Paragraphe></Texte><Reference type="Texte de référence" URL="https://www.legifrance.gouv.fr/codes/article_lc/LEGIARTI000033020517" ID="R45052"><Titre>Code du travail : article L3121-1</Titre></Reference></Definition><QuestionReponse ID="F2617" audience="Particuliers"><Titre>Impôt sur le revenu - Les heures supplémentaires sont-elles imposées ?</Titre></QuestionReponse></Publication>