<?xml version="1.0" encoding="UTF-8"?><Publication xmlns:dc="http://purl.org/dc/elements/1.1/" xmlns:xsi="http://www.w3.org/2001/XMLSchema-instance" ID="F612" type="Fiche d'information conditionnée" xsi:noNamespaceSchemaLocation="../Schemas/3.4/Publication.xsd" dateDerniereModificationImportante="2023-02-21T00:00:00" spUrl="https://www.service-public.fr/particuliers/vosdroits/F612"><dc:title>Troubles de voisinage : bruits créés par des comportements anormaux</dc:title><dc:creator>Direction de l'information légale et administrative</dc:creator><dc:subject>Logement</dc:subject><dc:description>Vous êtes incommodé par des bruits de voisinage au sein de votre immeuble ou à proximité de votre maison ? Ces bruits peuvent émaner d'une personne ou d'un animal ou d'une installation. Ils peuvent être sanctionnés dès lors qu'ils constituent un trouble anormal se manifestant de jour ou de nuit. Nous vous indiquons quelles sont les démarches à accomplir pour faire cesser ces nuisances.</dc:description><dc:publisher>Direction de l'information légale et administrative</dc:publisher><dc:contributor>Direction de l'information légale et administrative (Premier ministre)</dc:contributor><dc:date>modified 2023-10-23</dc:date><dc:type>Fiche pratique</dc:type><dc:format>text/xml</dc:format><dc:identifier>F612</dc:identifier><dc:source>https://www.legifrance.gouv.fr/codes/article_lc/LEGIARTI000039785289, https://www.legifrance.gouv.fr/codes/id/LEGISCTA000006164555, https://www.legifrance.gouv.fr/codes/id/LEGISCTA000035426103, https://www.legifrance.gouv.fr/codes/article_lc/LEGIARTI000006419495, https://www.legifrance.gouv.fr/codes/section_lc/LEGITEXT000006071154/LEGISCTA000006151009, https://www.legifrance.gouv.fr/codes/article_lc/LEGIARTI000006576846, https://www.legifrance.gouv.fr/loda/id/JORFTEXT000033418805/, https://www.legifrance.gouv.fr/codes/article_lc/LEGIARTI000006910575</dc:source><dc:language>Fr</dc:language><dc:relation>isPartOf N356</dc:relation><dc:coverage>France entière</dc:coverage><dc:rights>https://www.service-public.fr/a-propos/mentions-legales</dc:rights><SurTitre>Fiche pratique</SurTitre><Audience>Particuliers</Audience><Canal>www.service-public.fr</Canal><FilDAriane><Niveau ID="Particuliers">Accueil particuliers</Niveau><Niveau ID="N19808">Logement</Niveau><Niveau ID="N356">Troubles de voisinage</Niveau><Niveau ID="F612" type="Fiche d'information conditionnée">Troubles de voisinage : bruits créés par des comportements anormaux</Niveau></FilDAriane><Theme ID="N19808"><Titre>Logement</Titre></Theme><SousThemePere ID="N31029">Vie pratique dans un logement</SousThemePere><DossierPere ID="N356"><Titre>Troubles de voisinage</Titre><Fiche ID="F612">Bruits de voisinage liés au comportement</Fiche><Fiche ID="F31117">Bruits d'activités (chantier, discothèque, ...)</Fiche><Fiche ID="F19299">Nuisances olfactives (odeurs)</Fiche></DossierPere><Introduction><Texte><Paragraphe>Vous êtes incommodé par des bruits de voisinage au sein de votre immeuble ou à proximité de votre maison ?</Paragraphe><Paragraphe>Ces bruits peuvent émaner d'une personne ou d'un animal ou d'une installation.</Paragraphe><Paragraphe>Ils peuvent être sanctionnés dès lors qu'ils constituent un trouble anormal se manifestant de jour ou de nuit.</Paragraphe><Paragraphe>Nous vous indiquons quelles sont les démarches à accomplir pour faire cesser ces nuisances.</Paragraphe></Texte></Introduction><Texte><Chapitre><Titre><Paragraphe>Vérifier les critères pour qu'un bruit puisse causer un trouble anormal de voisinage</Paragraphe></Titre><Paragraphe>Les <MiseEnEvidence>critères</MiseEnEvidence> sont <MiseEnEvidence>différents</MiseEnEvidence> selon que le bruit est causé la <MiseEnEvidence>nuit</MiseEnEvidence> ou le <MiseEnEvidence>jour</MiseEnEvidence>.</Paragraphe><BlocCas affichage="onglet"><Cas><Titre>La nuit</Titre><Paragraphe>Un bruit de comportement peut causer un trouble anormal de voisinage si l'auteur du bruit a <MiseEnEvidence>conscience du trouble</MiseEnEvidence> qu'il engendre <MiseEnEvidence>et</MiseEnEvidence> qu'il <MiseEnEvidence>ne prend pas les mesures pour y remédier</MiseEnEvidence>.</Paragraphe><Paragraphe>Il n'existe pas d'heures précises pour définir le <Expression>tapage nocturne</Expression>. Pour être reconnu comme un tapage nocturne, le bruit doit avoir lieu quand il fait nuit, c'est-à-dire entre le coucher et le lever du soleil.</Paragraphe><Paragraphe>Lorsque le bruit est commis la nuit, l'infraction pour <Expression>tapage nocturne</Expression> existe même s'il n'est pas <MiseEnEvidence>répétitif, intensif et qu'il ne dure pas dans le temps</MiseEnEvidence>. Il peut s'agir du bruit causé par :</Paragraphe><Liste type="puce"><Item><Paragraphe>Un individu, locataire ou propriétaire (cri, talons, chant, fête...)</Paragraphe></Item><Item><Paragraphe>Une chose (instrument de musique, chaîne hi-fi, téléviseur, outil de bricolage, pétard, pompe à chaleur, éolienne, électroménager...)</Paragraphe></Item><Item><Paragraphe>Un animal (exemple : aboiements)</Paragraphe></Item></Liste><Paragraphe>Les <LienInterne LienPublication="F19299" type="Fiche d'information conditionnée" audience="Particuliers">nuisances liées aux odeurs (barbecue, ordures, fumier, ...)</LienInterne> ou visuelles (par exemple : gêne occasionnée par une installation) peuvent aussi constituer un trouble anormal de voisinage.</Paragraphe><ASavoir><Titre>À savoir</Titre><Paragraphe>en zone rurale, il y a une certaine tolérance vis-à-vis des cris de volatiles (coqs, ...). Les juges peuvent en effet déduire qu'aucun trouble anormal est démontré dans la mesure où les bruits décrits constituent des inconvénients incontournables de la vie à la campagne.</Paragraphe></ASavoir><Paragraphe><MiseEnEvidence>Vidéo - Idée reçue : Peut-on faire du bruit sans risque avant 22 heures ?</MiseEnEvidence></Paragraphe><Video URL="https://youtu.be/wzskjQ2ha6g" type="Video" langue="fr" fournisseur="youTube" format="text/html" redimensionnable="oui"><Titre>Voisinage - Troubles et nuisances sonores</Titre><Credits><Paragraphe>Service Public (DILA)</Paragraphe></Credits><Description><Paragraphe>Titre de la vidéo : Pouvons-nous faire du bruit sans risque avant 22 heures ? Idée reçue</Paragraphe><Paragraphe>(Conversation SMS entre deux amis)</Paragraphe><Paragraphe>- A quelle heure on commence la fête vendredi ?</Paragraphe><Paragraphe>- 18h ! Mes voisins risquent de se plaindre si on fait trop de bruit</Paragraphe><Paragraphe>- Il faut que je les prévienne</Paragraphe><Paragraphe>- Mais non, pas besoin !</Paragraphe><Paragraphe>- Tu n'es pas obligé de les prévenir, on a le droit de faire autant de bruit qu'on veut jusqu'à 22h !</Paragraphe><Paragraphe>(Idée reçue)</Paragraphe><Paragraphe>Pouvez-vous vraiment faire du bruit sans risque avant 22 heures ?</Paragraphe><Paragraphe>(Réponse)</Paragraphe><Paragraphe>Non.</Paragraphe><Paragraphe>Contrairement à une idée largement répandue, vous ne pouvez pas gêner vos voisins quelle que soit l'heure du jour ou de la nuit.</Paragraphe><Paragraphe>Vous pouvez être sanctionné si vous faites du bruit trop souvent, trop longtemps ou trop fort, lors d'une fête par exemple.</Paragraphe><Paragraphe>De même, vous êtes responsable des bruits causés par votre animal de compagnie, par votre enfant ou par l'utilisation de vos appareils ménagers ou audiovisuels. Si vos voisins portent plainte, vous encourez une amende pouvant s'élever à <Valeur>450 €</Valeur>.</Paragraphe><Paragraphe>De plus, des arrêtés préfectoraux ou municipaux peuvent interdire certains bruits à certaines heures dans votre département ou dans votre commune. Il s'agit par exemple de bruits occasionnés par des travaux de bricolage.</Paragraphe><Paragraphe>Alors, si vous organisez une fête en journée ou la nuit, il est préférable de prévenir vos voisins afin qu'ils tolèrent le bruit occasionné.</Paragraphe><Paragraphe>(Points clés)</Paragraphe><Paragraphe>- Vous ne pouvez pas déranger la tranquillité d'autrui ni le jour ni la nuit</Paragraphe><Paragraphe>- Vous pouvez être sanctionnés si vous faites du bruit trop souvent, trop longtemps ou trop fort</Paragraphe><Paragraphe>- En cas de plainte : amende pouvant aller jusqu'à <Valeur>450 €</Valeur></Paragraphe><Paragraphe>Certains arrêtés préfectoraux ou municipaux peuvent interdire certains bruits à certaines heures</Paragraphe></Description><Source ID="R30608">Direction de l'information légale et administrative (Dila) - Premier ministre</Source></Video></Cas><Cas><Titre>Le jour</Titre><Paragraphe>Un bruit de comportement peut causer un trouble anormal de voisinage si l'auteur du bruit a <MiseEnEvidence>conscience du trouble</MiseEnEvidence> qu'il engendre <MiseEnEvidence>et</MiseEnEvidence> qu'il <MiseEnEvidence>ne prend pas les mesures pour y remédier</MiseEnEvidence>.</Paragraphe><Paragraphe>Peu importe l'heure du jour, un bruit de comportement peut causer un trouble anormal de voisinage s'il est <MiseEnEvidence>répétitif</MiseEnEvidence> <MiseEnEvidence>ou</MiseEnEvidence> <MiseEnEvidence>intensif</MiseEnEvidence> <MiseEnEvidence>ou</MiseEnEvidence> <MiseEnEvidence>s'il dure dans le temps</MiseEnEvidence>. Il peut s'agir du bruit causé par :</Paragraphe><Liste type="puce"><Item><Paragraphe>Un individu, locataire ou propriétaire d'un logement (cri, talons, chant, fête, ...)</Paragraphe></Item><Item><Paragraphe>Une chose (instrument de musique, chaîne hi-fi, téléviseur, pétard et feu d'artifice, pompe à chaleur, éolienne, électroménager, ...)</Paragraphe></Item><Item><Paragraphe>Un animal (exemple : aboiements)</Paragraphe></Item></Liste><Paragraphe>Les <LienInterne LienPublication="F19299" type="Fiche d'information conditionnée" audience="Particuliers">nuisances liées aux odeurs (barbecue, ordures, fumier, ...)</LienInterne> ou visuelles (par exemple : gêne causée par une installation) peuvent aussi constituer un trouble anormal de voisinage.</Paragraphe><ASavoir><Titre>À savoir</Titre><Paragraphe>en zone rurale, il y a une certaine tolérance vis-à-vis des cris de volatiles (coqs, ...). Les juges peuvent en effet déduire qu'aucun trouble anormal est démontré dans la mesure où les bruits décrits constituent des inconvénients incontournables de la vie à la campagne.</Paragraphe></ASavoir></Cas></BlocCas></Chapitre><Chapitre><Titre><Paragraphe>Accomplir des démarches préalables</Paragraphe></Titre><Paragraphe>Les démarches diffèrent selon que l'auteur du bruit est locataire ou propriétaire du logement.</Paragraphe><ANoter><Titre>À noter</Titre><Paragraphe>Pour obtenir des renseignements sur les bruits d'activité (par exemple, bruits de chantier, bar, ...), il faut consulter <LienInterne LienPublication="F31117" type="Fiche d'information conditionnée" audience="Particuliers">les informations sur les troubles de voisinage liés aux activités professionnelles</LienInterne>.</Paragraphe></ANoter><BlocCas affichage="radio"><Cas><Titre>Propriétaire du logement</Titre><Paragraphe>Vous devez <MiseEnEvidence>aller voir</MiseEnEvidence> le propriétaire qui occupe le logement d'où proviennent les bruits pour lui parler de votre gêne et <MiseEnEvidence>lui demander de faire cesser les nuisances</MiseEnEvidence>.</Paragraphe><Paragraphe><MiseEnEvidence>S'il n'agit pas,</MiseEnEvidence> vous devez lui <MiseEnEvidence>envoyer un courrier simple</MiseEnEvidence> lui rappelant le bruit et la gêne occasionnée.</Paragraphe><Paragraphe>Il est recommandé de réunir un maximum de preuves à l'appui de votre courrier.</Paragraphe><Paragraphe><MiseEnEvidence>En cas d'inaction</MiseEnEvidence> du propriétaire, vous devez lui <MiseEnEvidence>envoyer un courrier recommandé avec accusé de réception</MiseEnEvidence> demandant de faire cesser la gêne occasionnée par le bruit.</Paragraphe><Paragraphe>Vous pouvez vous aider d'un modèle de lettre pour rédiger votre courrier :</Paragraphe><ServiceEnLigne ID="R47020" URL="https://www.inc-conso.fr/content/vous-avez-des-voisins-bruyants-et-narrivez-pas-regler-la-situation-amiablement" audience="Particuliers" type="Modèle de document"><Titre>Modèle de lettre à adresser au voisin bruyant</Titre><Source ID="R30643">Institut national de la consommation (INC)</Source></ServiceEnLigne><Paragraphe>Par ailleurs, si le logement est en <MiseEnEvidence>copropriété</MiseEnEvidence>, il est recommandé de <MiseEnEvidence>vérifier le <LienInterne LienPublication="F2589" type="Fiche d'information conditionnée" audience="Particuliers">règlement de copropriété</LienInterne></MiseEnEvidence>. Il peut contenir des règles concernant le bruit.</Paragraphe><Paragraphe>Si le propriétaire ne respecte pas le règlement, vous devez avertir le <LienInterne LienPublication="F2608" type="Fiche d'information conditionnée" audience="Particuliers">syndic de copropriété</LienInterne> et le président du <LienInterne LienPublication="F2610" type="Fiche d'information conditionnée" audience="Particuliers">conseil syndical</LienInterne>. En effet, le syndic est garant du respect du règlement de copropriété. Il doit donc veiller à la tranquillité des occupants de l'immeuble.</Paragraphe><Paragraphe>Il est également recommandé de vérifier s'il existe un <MiseEnEvidence>arrêté municipal ou préfectoral </MiseEnEvidence>concernant le bruit.</Paragraphe><Paragraphe>En effet, un arrêté municipal peut, par exemple, autoriser l'usage des tondeuses à gazon seulement à certaines heures.</Paragraphe><Paragraphe>Si le propriétaire ne respecte pas l'arrêté municipal ou préfectoral concernant le bruit, il faut en avertir le maire par tous moyens.</Paragraphe><OuSAdresser ID="R1" sve="non" type="Local personnalisé sur SP"><Titre>Mairie</Titre><PivotLocal>mairie</PivotLocal><RessourceWeb URL="https://lannuaire.service-public.fr/navigation/mairie"/></OuSAdresser></Cas><Cas><Titre>Locataire</Titre><Paragraphe>Vous devez <MiseEnEvidence>aller voir </MiseEnEvidence>le locataire qui occupe le logement d'où proviennent les bruits pour lui parler de votre gêne et <MiseEnEvidence>lui demander de faire cesser les nuisances</MiseEnEvidence>.</Paragraphe><Paragraphe><MiseEnEvidence>S'il n'agit pas</MiseEnEvidence>, vous devez lui <MiseEnEvidence>envoyer un courrier simple</MiseEnEvidence> lui rappelant le bruit et la gêne causée.</Paragraphe><Paragraphe><MiseEnEvidence>S'il n'agit toujours pas</MiseEnEvidence>, vous devez lui <MiseEnEvidence>envoyer un courrier recommandé avec accusé de réception</MiseEnEvidence> demandant de faire cesser la gêne causée par le bruit.</Paragraphe><Paragraphe>Le propriétaire est <LienInterne LienPublication="F31522" type="Fiche Question-réponse conditionnée" audience="Particuliers">responsable du comportement de son locataire</LienInterne>. Par conséquent, vous devez également envoyer une lettre recommandée avec accusé de réception au propriétaire pour lui demander de veiller à ce que son locataire cesse les nuisances.</Paragraphe><Paragraphe>Il est recommandé de réunir un maximum de preuves à l'appui de vos courriers.</Paragraphe><Paragraphe>Vous pouvez vous aider d'un modèle de lettre pour rédiger ces courriers :</Paragraphe><ServiceEnLigne ID="R47020" URL="https://www.inc-conso.fr/content/vous-avez-des-voisins-bruyants-et-narrivez-pas-regler-la-situation-amiablement" audience="Particuliers" type="Modèle de document"><Titre>Modèle de lettre à adresser au voisin bruyant</Titre><Source ID="R30643">Institut national de la consommation (INC)</Source></ServiceEnLigne><Paragraphe>Par ailleurs, si le logement est en <MiseEnEvidence>copropriété</MiseEnEvidence>, il est recommandé de vérifier le <LienInterne LienPublication="F2589" type="Fiche d'information conditionnée" audience="Particuliers"/><MiseEnEvidence><LienInterne LienPublication="F2589" type="Fiche d'information conditionnée" audience="Particuliers">règlement de copropriété</LienInterne></MiseEnEvidence> qui peut contenir des règles concernant le bruit.</Paragraphe><Paragraphe>Si le locataire ne respecte pas ce règlement, vous devez contacter le <LienInterne LienPublication="F2608" type="Fiche d'information conditionnée" audience="Particuliers">syndic de copropriété</LienInterne> qui avertira le propriétaire du logement. En effet, le syndic est garant du respect du règlement de copropriété. Il doit donc veiller à la tranquillité des occupants de l'immeuble.</Paragraphe><Paragraphe>Il est également recommandé de vérifier s'il existe un <MiseEnEvidence>arrêté municipal ou préfectoral</MiseEnEvidence> portant sur le bruit.</Paragraphe><Paragraphe>En effet, un arrêté municipal peut, par exemple, autoriser l'usage des tondeuses à gazon seulement à certaines heures.</Paragraphe><Paragraphe>Si le locataire ne respecte pas l'arrêté municipal ou préfectoral portant sur le bruit, il faut en avertir le maire par tous moyens.</Paragraphe><OuSAdresser ID="R1" sve="non" type="Local personnalisé sur SP"><Titre>Mairie</Titre><PivotLocal>mairie</PivotLocal><RessourceWeb URL="https://lannuaire.service-public.fr/navigation/mairie"/></OuSAdresser></Cas></BlocCas></Chapitre><Chapitre><Titre><Paragraphe>Accomplir des démarches supplémentaires en cas d'inaction de l'auteur du bruit</Paragraphe></Titre><SousChapitre><Titre><Paragraphe>Faire appel à un commissaire de justice</Paragraphe></Titre><Paragraphe>Vous pouvez faire appel à un <MiseEnEvidence>commissaire de justice</MiseEnEvidence> (anciennement huissier de justice et commissaire-priseur judiciaire) pour qu'il établisse un ou plusieurs constats. Ce constat sera utile pour faire, par la suite, éventuellement, appel au juge.</Paragraphe><OuSAdresser ID="R10916" sve="non" type="Local personnalisable"><Titre>Commissaire de justice (anciennement huissier de justice et commissaire-priseur judiciaire)</Titre><PivotLocal>huissier_justice</PivotLocal><RessourceWeb URL="https://commissaire-justice.fr/"/></OuSAdresser></SousChapitre><SousChapitre><Titre><Paragraphe>Faire appel à la police ou la gendarmerie</Paragraphe></Titre><Paragraphe>Vous pouvez faire appel à la police ou la gendarmerie pour faire constater les nuisances.</Paragraphe><Paragraphe>Vous pouvez également <LienInterne LienPublication="F11182" type="Fiche Question-réponse conditionnée" audience="Particuliers">déposer une main courante ou porter plainte</LienInterne>.</Paragraphe><OuSAdresser ID="R13" sve="non" type="Local personnalisé sur SP"><Titre>Commissariat</Titre><PivotLocal>commissariat_police</PivotLocal><RessourceWeb URL="http://www.interieur.gouv.fr/Contact/Contacter-une-brigade-de-gendarmerie-ou-un-commissariat-de-police"/></OuSAdresser><OuSAdresser ID="R59967" sve="non" type="Local personnalisé sur SP"><Titre>Gendarmerie</Titre><PivotLocal>gendarmerie</PivotLocal><RessourceWeb URL="http://www.interieur.gouv.fr/Contact/Contacter-une-brigade-de-gendarmerie-ou-un-commissariat-de-police"/></OuSAdresser><Paragraphe>Une <LienIntra LienID="R18531" type="Définition de glossaire">amende forfaitaire</LienIntra> peut alors être infligée à l'auteur du bruit pour un montant de :</Paragraphe><Liste type="puce"><Item><Paragraphe><Valeur>68 €</Valeur> si l'auteur du bruit règle l'amende immédiatement ou dans les 45 jours suivant le constat d'infraction (ou l'envoi de l'avis d'infraction s'il existe),</Paragraphe></Item><Item><Paragraphe><Valeur>180 €</Valeur> après ce délai.</Paragraphe></Item></Liste><Paragraphe>L'auteur du bruit peut se voir également confisquer la chose qui a servi ou était destinée à commettre le bruit ou la chose qui en est le produit.</Paragraphe><Attention><Titre>Attention</Titre><Paragraphe>Une personne victime de menaces ou insultes pour de faux motifs de nuisances sonores peut également porter plainte pour <LienInterne LienPublication="F32247" type="Fiche Question-réponse conditionnée" audience="Particuliers">harcèlement</LienInterne>.</Paragraphe><Paragraphe>En outre, une personne qui prévient à tort la police ou la gendarmerie risque une condamnation pour <LienIntra LienID="R63295" type="Définition de glossaire">dénonciation calomnieuse</LienIntra>. La peine maximale est de 5 ans de prison et <Valeur>45 000 €</Valeur> d'amende. La personne visée par la fausse dénonciation peut porter plainte au pénal contre l'auteur des faits. Ce dernier peut aussi être poursuivi par le procureur de la République.</Paragraphe></Attention></SousChapitre></Chapitre><Chapitre><Titre><Paragraphe>Faire une tentative de règlement amiable</Paragraphe></Titre><Paragraphe>Si malgré vos différents courriers, les nuisances persistent, vous avez la possibilité de recourir</Paragraphe><Liste type="puce"><Item><Paragraphe>à un <LienInterne LienPublication="F1736" type="Fiche d'information conditionnée" audience="Particuliers">conciliateur de justice</LienInterne> (démarche gratuite)</Paragraphe></Item><Item><Paragraphe>ou à un <LienInterne LienPublication="F1822" type="Fiche d'information conditionnée" audience="Particuliers">médiateur</LienInterne> (démarche payante)</Paragraphe></Item><Item><Paragraphe>ou à une <LienIntra LienID="R55150" type="Définition de glossaire">procédure participative</LienIntra> (démarche payante avec recours à un avocat)</Paragraphe></Item></Liste><Paragraphe>pour <MiseEnEvidence>trouver une solution amiable</MiseEnEvidence> avec l'auteur du bruit.</Paragraphe><OuSAdresser ID="R81" sve="non" type="Local personnalisable"><Titre>Conciliateur de justice</Titre><PivotLocal>conciliateur_justice</PivotLocal><RessourceWeb URL="http://www.conciliateurs.fr/Trouver-une-permanence"/><Source ID="R30903">Fédération des associations de conciliateurs de justice</Source></OuSAdresser><Paragraphe><MiseEnEvidence>Cette démarche est obligatoire</MiseEnEvidence> pour pouvoir faire, par la suite, un <MiseEnEvidence>recours auprès du tribunal</MiseEnEvidence>.</Paragraphe></Chapitre><Chapitre><Titre><Paragraphe>Envisager un recours au juge en cas d'échec du règlement amiable</Paragraphe></Titre><Paragraphe>Vous pouvez <LienInterne LienPublication="F20851" type="Fiche d'information conditionnée" audience="Particuliers">demander en justice</LienInterne> que l'auteur du bruit soit condamné à indemniser votre <LienInterne LienPublication="F1422" type="Fiche d'information conditionnée" audience="Particuliers">préjudice</LienInterne>.</Paragraphe><Paragraphe>La juridiction compétente dépend des sommes en jeu dans le litige.</Paragraphe><Liste type="puce"><Item><Paragraphe>Pour un litige inférieur ou égal à <Valeur>10 000 €</Valeur>, c'est le tribunal de proximité ou le tribunal judiciaire.</Paragraphe></Item><Item><Paragraphe>Pour un litige supérieur à <Valeur>10 000 €</Valeur>, c'est le tribunal judiciaire.</Paragraphe></Item></Liste><OuSAdresser ID="R30" sve="non" type="Local"><Titre>Tribunal judiciaire</Titre><RessourceWeb URL="http://www.annuaires.justice.gouv.fr/"/><Source ID="R30663">Ministère chargé de la justice</Source></OuSAdresser><Rappel><Titre>Rappel</Titre><Paragraphe>Il est obligatoire d'avoir recours à un conciliateur de justice ou à un médiateur ou à une procédure participative pour pouvoir, par la suite, faire un recours auprès du tribunal.</Paragraphe></Rappel><Paragraphe>Vous devez alors démontrer la réalité de votre préjudice du fait des nuisances sonores. Pour cela, vous devez réunir un maximum de preuves à l'appui de votre demande, notamment :</Paragraphe><Liste type="puce"><Item><Paragraphe>Courriers échangés avec l'auteur du bruit</Paragraphe></Item><Item><Paragraphe>Constat du commissaire de justice, procès-verbal</Paragraphe></Item><Item><Paragraphe>Témoignages, pétition</Paragraphe></Item><Item><Paragraphe>Certificat médical si votre état de santé s'est dégradé en raison de ces nuisances</Paragraphe></Item></Liste><Paragraphe>Toute preuve est recevable par le tribunal à condition qu'elle ait été recueillie loyalement. Par exemple, vous ne pouvez pas photographier ou filmer votre voisin dans son domicile à son insu.</Paragraphe><Paragraphe>Le juge peut accorder le versement de <LienIntra LienID="R12532" type="Définition de glossaire">dommages et intérêts</LienIntra> pour réparer le préjudice subi. Il peut aussi ordonner l'insonorisation du logement de l'auteur du bruit, ou prononcer la résiliation du bail si celui-ci est locataire.</Paragraphe><Attention><Titre>Attention</Titre><Paragraphe>Une personne qui fait un recours auprès du tribunal pour des nuisances sonores mais perd son procès risque une condamnation pour <LienIntra LienID="R63297" type="Définition de glossaire">procédure abusive</LienIntra>. La personne ainsi condamnée risque alors une <LienIntra LienID="R56424" type="Définition de glossaire">amende civile</LienIntra> d'un maximum de <Valeur>10 000 €</Valeur> et le versement de dommages et intérêts.</Paragraphe></Attention></Chapitre></Texte><VoirAussi important="non"><Fiche ID="F1736" audience="Particuliers"><Titre>Conciliateur de justice</Titre><Theme ID="N19807"><Titre>Justice</Titre></Theme></Fiche></VoirAussi><VoirAussi important="oui"><Fiche ID="F31117" audience="Particuliers"><Titre>Bruits de chantier, de bar, ...</Titre><Theme ID="N19808"><Titre>Logement</Titre></Theme></Fiche></VoirAussi><QuiPeutMAider ID="R11621" sve="non" type="Local personnalisé sur SP"><Titre>Maison de justice et du droit</Titre><PivotLocal>mjd</PivotLocal><RessourceWeb URL="http://www.annuaires.justice.gouv.fr/lieux-dacces-aux-droits-10111/"/><Source ID="R30663">Ministère chargé de la justice</Source></QuiPeutMAider><QuiPeutMAider ID="R5" sve="non" type="Local personnalisé sur SP"><Titre>Agence départementale pour l'information sur le logement (Adil)</Titre><PivotLocal>adil</PivotLocal><RessourceWeb URL="https://www.anil.org/lanil-et-les-adil/votre-adil/"/><Source ID="R30676">Agence nationale pour l'information sur le logement (Anil)</Source></QuiPeutMAider><Reference type="Texte de référence" URL="https://www.legifrance.gouv.fr/codes/article_lc/LEGIARTI000039785289" ID="R15823"><Titre>Code de l'environnement : article L571-1</Titre><Complement>Lutte contre le bruit</Complement></Reference><Reference type="Texte de référence" URL="https://www.legifrance.gouv.fr/codes/id/LEGISCTA000006164555" ID="R361"><Titre>Code général des collectivités territoriales : articles L2212-1 à L2212-5-1</Titre><Complement>Pouvoirs du maire en matière de bruit</Complement></Reference><Reference type="Texte de référence" URL="https://www.legifrance.gouv.fr/codes/id/LEGISCTA000035426103" ID="R49160"><Titre>Code de l'environnement : article R571-96</Titre><Complement>Bruits constitutifs de troubles de voisinage</Complement></Reference><Reference type="Texte de référence" URL="https://www.legifrance.gouv.fr/codes/article_lc/LEGIARTI000006419495" ID="R49132"><Titre>Code pénal : article R623-2</Titre><Complement>Sanctions prévues</Complement></Reference><Reference type="Texte de référence" URL="https://www.legifrance.gouv.fr/codes/section_lc/LEGITEXT000006071154/LEGISCTA000006151009" ID="R34784"><Titre>Code de procédure pénale : articles R48-1 à R49-8</Titre><Complement>Amende forfaitaire (articles R48-1 et R49-7)</Complement></Reference><Reference type="Texte de référence" URL="https://www.legifrance.gouv.fr/codes/article_lc/LEGIARTI000006576846" ID="R32414"><Titre>Code de procédure pénale : article 529-1</Titre><Complement>Délai de paiement de l'amende forfaitaire</Complement></Reference><Reference type="Texte de référence" URL="https://www.legifrance.gouv.fr/loda/id/JORFTEXT000033418805/" ID="R55395"><Titre>Loi n°2016-1547 du 18 novembre 2016 de modernisation de la justice du XXIe siècle</Titre><Complement>Obligation d'une tentative de conciliation : article 4</Complement></Reference><Reference type="Texte de référence" URL="https://www.legifrance.gouv.fr/codes/article_lc/LEGIARTI000006910575" ID="R60081"><Titre>Code de la santé publique : article R1337-8</Titre><Complement>Peine complémentaire</Complement></Reference><Definition ID="R18531"><Titre>Amende forfaitaire</Titre><Texte><Paragraphe>Somme à régler dans un délai précis à la suite de certaines infractions relatives notamment à la circulation routière et sans passage par un tribunal. Le montant peut être minoré ou majoré en fonction de la date de paiement.</Paragraphe></Texte></Definition><Definition ID="R63295"><Titre>Dénonciation calomnieuse</Titre><Texte><Paragraphe>Fait de dénoncer une personne à la police ou à la gendarmerie pour des faits que l'on sait totalement ou partiellement inexacts.</Paragraphe></Texte></Definition><Definition ID="R55150"><Titre>Procédure participative</Titre><Texte><Paragraphe>Démarche amiable de résolution d'un litige qui repose sur la signature d'un contrat écrit par lequel chacun s'engage à rechercher un accord dans un certain délai. Le recours à un avocat est obligatoire.</Paragraphe></Texte></Definition><Definition ID="R12532"><Titre>Dommages et intérêts</Titre><Texte><Paragraphe>Somme d'argent destinée à réparer le préjudice subi</Paragraphe></Texte></Definition><Definition ID="R63297"><Titre>Procédure abusive</Titre><Texte><Paragraphe>Fait d'engager ou de poursuivre une action en justice injustifiée ayant pour conséquence l'atteinte aux droits d'autrui</Paragraphe></Texte></Definition><Definition ID="R56424"><Titre>Amende civile</Titre><Texte><Paragraphe>sanction du juge civil qui consiste à payer une somme d'argent au trésor public en cas de procédure judiciaire abusive.</Paragraphe></Texte></Definition><QuestionReponse ID="F31522" audience="Particuliers"><Titre>Le propriétaire est-il responsable des nuisances causées par son locataire ?</Titre></QuestionReponse><QuestionReponse ID="F15837" audience="Particuliers"><Titre>Peut-on forcer un propriétaire à insonoriser son logement ?</Titre></QuestionReponse></Publication>