<?xml version="1.0" encoding="UTF-8"?><Publication xmlns:dc="http://purl.org/dc/elements/1.1/" xmlns:xsi="http://www.w3.org/2001/XMLSchema-instance" ID="F744" type="Fiche d'information conditionnée" xsi:noNamespaceSchemaLocation="../Schemas/3.4/Publication.xsd" dateDerniereModificationImportante="2024-01-01T00:00:00" spUrl="https://www.service-public.fr/particuliers/vosdroits/F744"><dc:title>Allocation veuvage</dc:title><dc:creator>Direction de l'information légale et administrative</dc:creator><dc:subject>Famille - Scolarité</dc:subject><dc:description>Au décès de votre époux(se), vous pouvez bénéficier d'une allocation de veuvage sous certaines conditions liées notamment à votre âge et à vos ressources.</dc:description><dc:publisher>Direction de l'information légale et administrative</dc:publisher><dc:contributor>Direction de l'information légale et administrative (Premier ministre)</dc:contributor><dc:date>modified 2024-01-01</dc:date><dc:type>Fiche pratique</dc:type><dc:format>text/xml</dc:format><dc:identifier>F744</dc:identifier><dc:source>https://www.legifrance.gouv.fr/codes/id/LEGISCTA000023034913, https://www.legifrance.gouv.fr/codes/id/LEGIARTI000023397262/2011-01-01/, https://www.legifrance.gouv.fr/codes/id/LEGISCTA000006189793, https://www.legislation.cnav.fr/Documents/circulaire_cnav_2022_19_18082022.pdf, https://sante.gouv.fr/fichiers/bo/2023/2023.23.sante.pdf</dc:source><dc:language>Fr</dc:language><dc:relation>isPartOf N31163</dc:relation><dc:coverage>France entière</dc:coverage><dc:rights>https://www.service-public.fr/a-propos/mentions-legales</dc:rights><SurTitre>Fiche pratique</SurTitre><Audience>Particuliers</Audience><Canal>www.service-public.fr</Canal><FilDAriane><Niveau ID="Particuliers">Accueil particuliers</Niveau><Niveau ID="N19805">Famille - Scolarité</Niveau><Niveau ID="N31163">Rentes et capitaux versés en cas de décès</Niveau><Niveau ID="F744" type="Fiche d'information conditionnée">Allocation veuvage</Niveau></FilDAriane><Theme ID="N19805"><Titre>Famille - Scolarité</Titre></Theme><SousThemePere ID="N31161">Décès</SousThemePere><DossierPere ID="N31163"><Titre>Rentes et capitaux versés en cas de décès</Titre><SousDossier ID="N31163-1"><Titre>Capital décès</Titre><Fiche ID="F3005">Décès d'un salarié du privé</Fiche><Fiche ID="F1544">Décès d'un fonctionnaire</Fiche></SousDossier><SousDossier ID="N31163-2"><Titre>Rentes</Titre><Fiche ID="F744">Allocation veuvage</Fiche><Fiche ID="F14868">Décès lié à un accident du travail</Fiche><Fiche ID="F32172">Décès lié à une maladie professionnelle</Fiche></SousDossier></DossierPere><SousDossierPere>Rentes</SousDossierPere><Introduction><Texte><Paragraphe>Au décès de votre époux ou épouse, vous pouvez, sous certaines conditions liées notamment à votre âge et à vos ressources, bénéficier d'une allocation de veuvage. Vous voulez savoir si vous pouvez en bénéficier, quand et comment faire la demande, quel est le montant de l'allocation ? Nous vous présentons les informations à connaître.</Paragraphe></Texte></Introduction><Texte><Chapitre><Titre><Paragraphe>Qu'est-ce que l'allocation veuvage ?</Paragraphe></Titre><Paragraphe>L'allocation veuvage est une somme d'argent attribuée à l'époux(se) survivant(e) d'un(e) salarié(e), qui ne peut pas prétendre à la <LienInterne LienPublication="F13104" type="Fiche d'information conditionnée" audience="Particuliers">pension de réversion</LienInterne>.</Paragraphe><Paragraphe>L'allocation veuvage est accordée de façon temporaire.</Paragraphe></Chapitre><Chapitre><Titre><Paragraphe>Quelles sont les conditions liées à l'époux(se) décédé(e) pour avoir droit à l'allocation veuvage ?</Paragraphe></Titre><Paragraphe>Votre époux(se) doit avoir été affilié(e) à l'assurance vieillesse <MiseEnEvidence>au moins 3 mois</MiseEnEvidence>, continus ou non, <MiseEnEvidence>durant l'année précédant son décès</MiseEnEvidence>.</Paragraphe></Chapitre><Chapitre><Titre><Paragraphe>Quelles conditions doit remplir le veuf ou la veuve pour avoir droit à l'allocation veuvage ?</Paragraphe></Titre><Paragraphe>Les conditions que vous devez remplir, pour bénéficier de l'allocation veuvage, sont liées aux éléments suivants :</Paragraphe><Liste type="puce"><Item><Paragraphe>votre âge,</Paragraphe></Item><Item><Paragraphe>votre résidence,</Paragraphe></Item><Item><Paragraphe>votre situation familiale,</Paragraphe></Item><Item><Paragraphe><MiseEnEvidence>et </MiseEnEvidence>vos ressources.</Paragraphe></Item></Liste><SousChapitre><Titre><Paragraphe>Âge</Paragraphe></Titre><Paragraphe>Vous devez avoir <MiseEnEvidence>moins de 55 ans</MiseEnEvidence>.</Paragraphe><ASavoir><Titre>À savoir</Titre><Paragraphe>si vous avez 55 ans ou plus, vous pouvez demander une <LienInterne LienPublication="N378" type="Dossier" audience="Particuliers">pension de réversion</LienInterne>.</Paragraphe></ASavoir></SousChapitre><SousChapitre><Titre><Paragraphe>Résidence</Paragraphe></Titre><Paragraphe>Vous devez résider en France.</Paragraphe><Paragraphe>Toutefois, des exceptions existent. Vous pouvez vous renseigner auprès de l'Assurance retraite ou de la <LienInterne LienPublication="R59075" type="Sigle">MSA</LienInterne> ou de la <LienInterne LienPublication="F2504" type="Fiche Question-réponse conditionnée" audience="Particuliers">caisse de retraite concernée</LienInterne>.</Paragraphe><OuSAdresser ID="R198" sve="non" type="Centre de contact"><Titre>Assurance retraite - 39 60</Titre><Source ID="R30670">Caisse nationale d'assurance vieillesse</Source><Texte><Paragraphe>Pour vous informer sur votre situation, poser une question sur votre dossier, accéder à des informations personnelles (suivi du dossier, derniers paiements, etc.).</Paragraphe><Chapitre><Titre><Paragraphe>Par téléphone</Paragraphe></Titre><Paragraphe> <MiseEnEvidence>39 60</MiseEnEvidence> (ou 09 71 10 39 60 depuis un mobile, une box ou l'étranger)</Paragraphe><Paragraphe>Service gratuit + prix de l'appel</Paragraphe><Paragraphe>Du lundi au vendredi de 8h à 17h</Paragraphe></Chapitre></Texte></OuSAdresser><OuSAdresser ID="R39" sve="non" type="Local personnalisé sur SP"><Titre>Mutualité sociale agricole (MSA)</Titre><PivotLocal>msa</PivotLocal><RessourceWeb URL="https://www.msa.fr/lfy/web/msa/contact/coordonnees-msa"/><Source ID="R30660">Caisse centrale de la mutualité sociale agricole (MSA)</Source></OuSAdresser></SousChapitre><SousChapitre><Titre><Paragraphe>Situation familiale</Paragraphe></Titre><Paragraphe>Vous devez être :</Paragraphe><Liste type="puce"><Item><Paragraphe>veuf ou veuve,</Paragraphe></Item><Item><Paragraphe>ne pas être divorcé(e) du défunt</Paragraphe></Item><Item><Paragraphe><MiseEnEvidence>et</MiseEnEvidence> ne pas vivre en couple (remariage, concubinage, <LienInterne LienPublication="R45368" type="Sigle">Pacs</LienInterne>)</Paragraphe></Item></Liste></SousChapitre><SousChapitre><Titre><Paragraphe>Ressources</Paragraphe></Titre><Paragraphe>Vos ressources des 3 mois civils avant votre demande ne doivent pas dépasser <Valeur>2 616,8250 €</Valeur>, soit <Valeur>872,2750 €</Valeur> par mois.</Paragraphe></SousChapitre></Chapitre><Chapitre><Titre><Paragraphe>Quand faire la demande d'allocation veuvage ?</Paragraphe></Titre><Paragraphe>Dans les 2 ans du 1<Exposant>er</Exposant> jour du mois du décès.</Paragraphe><Paragraphe>Si vous faites votre demande dans les 12 mois suivant le décès, vous pouvez percevoir l'allocation depuis le 1<Exposant>er</Exposant> jour du mois au cours duquel s'est produit le décès.</Paragraphe><Paragraphe>Si vous faites votre demande au-delà des 12 mois suivant le décès, vous avez droit à l'allocation à partir du 1<Exposant>er</Exposant> jour du mois de votre demande.</Paragraphe></Chapitre><Chapitre><Titre><Paragraphe>Comment faire la demande d'allocation veuvage ?</Paragraphe></Titre><Paragraphe>Le dossier à constituer est lié au régime dont vous dépendez.</Paragraphe><BlocCas affichage="radio"><Cas><Titre>Régime général de la Sécurité sociale</Titre><ServiceEnLigne ID="R1339" URL="https://www.lassuranceretraite.fr/portail-info/files/live/sites/pub/files/PDF/demande-allocation-veuvage.pdf" audience="Particuliers" format="application/pdf" autrenumero="S 5186i" type="Formulaire"><Titre>Demande d'allocation de veuvage auprès de la Cnav</Titre><Source ID="R30662">Ministère chargé de la santé</Source></ServiceEnLigne></Cas><Cas><Titre>Mutualité sociale agricole (MSA)</Titre><ServiceEnLigne ID="R32890" URL="https://www.formulaires.service-public.fr/gf/cerfa_14954.do" audience="Particuliers" format="application/pdf" poids="345.9 KB" numerocerfa="14954*01" autrenumero="8597" type="Formulaire"><Titre>Demande d'allocation veuvage auprès de la MSA</Titre><Source ID="R30660">Caisse centrale de la mutualité sociale agricole (MSA)</Source><Introduction><Texte><Paragraphe>Contient une notice explicative qui indique comment compléter le formulaire et les justificatifs à joindre.</Paragraphe></Texte></Introduction></ServiceEnLigne></Cas></BlocCas><Paragraphe>Vous devez adresser votre demande, en priorité, à la <LienInterne LienPublication="F2504" type="Fiche Question-réponse conditionnée" audience="Particuliers">caisse du dernier lieu de travail de votre conjoint décédé</LienInterne>. Toutefois, vous pouvez aussi envoyer votre demande à une autre caisse (par exemple, celle de votre domicile).</Paragraphe></Chapitre><Chapitre><Titre><Paragraphe>Quel est le montant de l'allocation veuvage ?</Paragraphe></Titre><Paragraphe>Le montant net de l'allocation veuvage est de <Valeur>697,82 €</Valeur> par mois.</Paragraphe><Paragraphe>Le montant peut être réduit en fonction de vos ressources.</Paragraphe></Chapitre><Chapitre><Titre><Paragraphe>Comment se passe le versement de l'allocation veuvage (point de départ, périodicité, durée) ?</Paragraphe></Titre><SousChapitre><Titre><Paragraphe>Point de départ</Paragraphe></Titre><Paragraphe>Le point de départ de votre allocation dépend de la date à laquelle vous en faites la demande :</Paragraphe><Liste type="puce"><Item><Paragraphe>Au 1<Exposant>er</Exposant> jour du mois au cours duquel s'est produit le décès si vous faites votre demande <MiseEnEvidence>dans les 12 mois</MiseEnEvidence> suivant le décès (et si le demandeur remplit les conditions d'attribution à la date du décès),</Paragraphe></Item><Item><Paragraphe>Au 1<Exposant>er</Exposant> jour du mois de votre demande si vous faites votre demande <MiseEnEvidence>au-delà des 12 mois</MiseEnEvidence> suivant le décès.</Paragraphe></Item></Liste></SousChapitre><SousChapitre><Titre><Paragraphe>Périodicité</Paragraphe></Titre><Paragraphe>L'allocation est versée <MiseEnEvidence>tous les mois</MiseEnEvidence>.</Paragraphe></SousChapitre><SousChapitre><Titre><Paragraphe>Durée</Paragraphe></Titre><Paragraphe>Vous percevez l'allocation veuvage :</Paragraphe><Liste type="puce"><Item><Paragraphe>tant que vous remplissez les conditions,</Paragraphe></Item><Item><Paragraphe>au maximum pendant 2 ans (ou jusqu'à vos 55 ans si vous aviez 50 ans à la date du décès de votre époux/se).</Paragraphe></Item></Liste><ANoter><Titre>À noter</Titre><Paragraphe>vous devez informer votre caisse de tout changement de situation (ressources, situation familiale,...).</Paragraphe></ANoter></SousChapitre></Chapitre><Chapitre><Titre><Paragraphe>Peut-on cumuler l'allocation veuvage avec d'autres revenus ?</Paragraphe></Titre><Paragraphe>En cas de formation rémunérée ou de reprise d'une activité professionnelle, vous pouvez cumuler les revenus perçus avec l'allocation de veuvage dans une certaine limite et pendant un certain temps.</Paragraphe><Paragraphe>Vous pouvez vous renseigner auprès de l'Assurance retraite ou de la <LienInterne LienPublication="F2504" type="Fiche Question-réponse conditionnée" audience="Particuliers">caisse de retraite concernée</LienInterne>.</Paragraphe><OuSAdresser ID="R198" sve="non" type="Centre de contact"><Titre>Assurance retraite - 39 60</Titre><Source ID="R30670">Caisse nationale d'assurance vieillesse</Source><Texte><Paragraphe>Pour vous informer sur votre situation, poser une question sur votre dossier, accéder à des informations personnelles (suivi du dossier, derniers paiements, etc.).</Paragraphe><Chapitre><Titre><Paragraphe>Par téléphone</Paragraphe></Titre><Paragraphe> <MiseEnEvidence>39 60</MiseEnEvidence> (ou 09 71 10 39 60 depuis un mobile, une box ou l'étranger)</Paragraphe><Paragraphe>Service gratuit + prix de l'appel</Paragraphe><Paragraphe>Du lundi au vendredi de 8h à 17h</Paragraphe></Chapitre></Texte></OuSAdresser></Chapitre><Chapitre><Titre><Paragraphe>L'allocation veuvage est-elle soumise aux prélèvements sociaux ?</Paragraphe></Titre><Paragraphe><MiseEnEvidence/>L'allocation veuvage n'est pas soumise aux contributions suivantes :</Paragraphe><Liste type="puce"><Item><Paragraphe><LienInterne LienPublication="F2971" type="Fiche d'information conditionnée" audience="Particuliers">Contributions sociales (CSG et CRDS)</LienInterne></Paragraphe></Item><Item><Paragraphe><LienInterne LienPublication="F31408" type="Fiche Question-réponse conditionnée" audience="Particuliers">Contribution additionnelle de solidarité pour l'autonomie (Casa)</LienInterne></Paragraphe></Item></Liste></Chapitre></Texte><VoirAussi important="non"><Fiche ID="F13104" audience="Particuliers"><Titre>Pension de réversion du régime général - Défunt ayant travaillé dans le privé</Titre><Theme ID="N19805"><Titre>Famille - Scolarité</Titre></Theme></Fiche></VoirAussi><QuiPeutMAider ID="R198" sve="non" type="Centre de contact"><Titre>Assurance retraite - 39 60</Titre><Source ID="R30670">Caisse nationale d'assurance vieillesse</Source><Texte><Paragraphe>Pour vous informer sur votre situation, poser une question sur votre dossier, accéder à des informations personnelles (suivi du dossier, derniers paiements, etc.).</Paragraphe><Chapitre><Titre><Paragraphe>Par téléphone</Paragraphe></Titre><Paragraphe> <MiseEnEvidence>39 60</MiseEnEvidence> (ou 09 71 10 39 60 depuis un mobile, une box ou l'étranger)</Paragraphe><Paragraphe>Service gratuit + prix de l'appel</Paragraphe><Paragraphe>Du lundi au vendredi de 8h à 17h</Paragraphe></Chapitre></Texte></QuiPeutMAider><Reference type="Texte de référence" URL="https://www.legifrance.gouv.fr/codes/id/LEGISCTA000023034913" ID="R31867"><Titre>Code de la sécurité sociale : articles L356-1 à L356-5</Titre><Complement>Définition et conditions</Complement></Reference><Reference type="Texte de référence" URL="https://www.legifrance.gouv.fr/codes/id/LEGIARTI000023397262/2011-01-01/" ID="R31868"><Titre>Code de la sécurité sociale : articles D356-1 à D356-13</Titre><Complement>Conditions liées au conjoint décédé (article D356-1), conditions liées au bénéficiaire (articles D356-2 à D356-4), durée de versement (article D356-5), date d'effet (article D356-6), montant mensuel (article D356-7), demande (articles D356-8 à D356-9)</Complement></Reference><Reference type="Texte de référence" URL="https://www.legifrance.gouv.fr/codes/id/LEGISCTA000006189793" ID="R31869"><Titre>Code du travail : articles L5141-3 à L5141-4</Titre><Complement>Cumul d'activité (article L5141-4)</Complement></Reference><Reference type="Texte de référence" URL="https://www.legislation.cnav.fr/Documents/circulaire_cnav_2022_19_18082022.pdf" ID="R63406"><Titre>Circulaire Cnav n°2022-19 du 18 août 2022</Titre></Reference><Reference type="Texte de référence" URL="https://sante.gouv.fr/fichiers/bo/2023/2023.23.sante.pdf" ID="R66810"><Titre>Instruction interministérielle N° DSS/3A/2023/189 du 28 novembre 2023 relative à la revalorisation des pensions de vieillesse, des minima sociaux et des minima de pension au 1er janvier 2024</Titre><Source ID="R30662">Ministère chargé de la santé</Source></Reference><ServiceEnLigne ID="R64787" URL="https://services.info-retraite.fr/service/simulateur-de-droit-a-la-reversion/" audience="Particuliers" type="Simulateur"><Titre>Simulateur de droit à la réversion</Titre><Source ID="R64788">Info retraite</Source></ServiceEnLigne><ServiceEnLigne ID="R1339" URL="https://www.lassuranceretraite.fr/portail-info/files/live/sites/pub/files/PDF/demande-allocation-veuvage.pdf" audience="Particuliers" format="application/pdf" autrenumero="S 5186i" type="Formulaire"><Titre>Demande d'allocation de veuvage auprès de la Cnav</Titre><Source ID="R30662">Ministère chargé de la santé</Source></ServiceEnLigne><ServiceEnLigne ID="R32890" URL="https://www.formulaires.service-public.fr/gf/cerfa_14954.do" audience="Particuliers" format="application/pdf" poids="345.9 KB" numerocerfa="14954*01" autrenumero="8597" type="Formulaire"><Titre>Demande d'allocation veuvage auprès de la MSA</Titre><Source ID="R30660">Caisse centrale de la mutualité sociale agricole (MSA)</Source></ServiceEnLigne><ServiceEnLigne ID="R32895" URL="https://www.formulaires.service-public.fr/gf/cerfa_14955.do" audience="Particuliers" numerocerfa="14955*01" autrenumero="8583" type="Formulaire"><Titre>Déclaration de situation familiale et de revenus auprès de la MSA</Titre><Source ID="R30660">Caisse centrale de la mutualité sociale agricole (MSA)</Source></ServiceEnLigne><PourEnSavoirPlus type="Information pratique" ID="R49120" URL="http://www.legislation.cnav.fr/Pages/reglementation.aspx?Theme=999&amp;ThemeName=Allocation%20de%20veuvage" audience="Particuliers"><Titre>Allocation veuvage</Titre><Source ID="R30670">Caisse nationale d'assurance vieillesse</Source></PourEnSavoirPlus><PourEnSavoirPlus type="Information pratique" ID="R19594" URL="https://www.lassuranceretraite.fr/portail-info/sites/pub/home/retraite/mes-demarches/demarche-cas-deces.html" audience="Particuliers"><Titre>Mes droits en cas de décès d'un proche retraité</Titre><Source ID="R30670">Caisse nationale d'assurance vieillesse</Source></PourEnSavoirPlus><PourEnSavoirPlus type="Information pratique" ID="R41813" URL="https://www.lassuranceretraite.fr/portail-info/accueil" audience="Particuliers"><Titre>Assurance Retraite de la Sécurité sociale</Titre><Source ID="R30670">Caisse nationale d'assurance vieillesse</Source></PourEnSavoirPlus><Abreviation ID="R59075" type="Sigle"><Titre>MSA</Titre><Texte><Paragraphe>Mutualité sociale agricole</Paragraphe></Texte></Abreviation><Abreviation ID="R45368" type="Sigle"><Titre>Pacs</Titre><Texte><Paragraphe>Pacte civil de solidarité</Paragraphe></Texte></Abreviation><CommentFaireSi ID="F16507" audience="Particuliers" pictogramme="icone-deces-proche"><Titre>Un proche est décédé</Titre></CommentFaireSi></Publication>