<?xml version="1.0" encoding="UTF-8"?><Publication xmlns:dc="http://purl.org/dc/elements/1.1/" xmlns:xsi="http://www.w3.org/2001/XMLSchema-instance" ID="F795" type="Fiche Question-réponse conditionnée" xsi:noNamespaceSchemaLocation="../Schemas/3.4/Publication.xsd" dateDerniereModificationImportante="2021-01-01T00:00:00" spUrl="https://www.service-public.fr/particuliers/vosdroits/F795"><dc:title>Quels sont les tarifs des notaires en matière de succession ?</dc:title><dc:creator>Direction de l'information légale et administrative</dc:creator><dc:subject>Famille - Scolarité</dc:subject><dc:description>Vous faites appel à un notaire pour régler une succession et vous voulez savoir quels frais vous devrez lui payer ? Voici les informations à connaître.</dc:description><dc:publisher>Direction de l'information légale et administrative</dc:publisher><dc:contributor>Direction de l'information légale et administrative (Premier ministre)</dc:contributor><dc:date>modified 2022-11-30</dc:date><dc:type>Question-réponse</dc:type><dc:format>text/xml</dc:format><dc:identifier>F795</dc:identifier><dc:source>https://www.legifrance.gouv.fr/codes/id/LEGISCTA000030985092, https://www.legifrance.gouv.fr/codes/id/LEGISCTA000032122792, https://www.legifrance.gouv.fr/codes/id/LEGISCTA000032130804, https://www.legifrance.gouv.fr/codes/id/LEGISCTA000032132058, https://www.legifrance.gouv.fr/codes/id/LEGISCTA000032132076, https://www.legifrance.gouv.fr/loda/id/JORFTEXT000041661517/, https://www.legifrance.gouv.fr/loda/id/JORFTEXT000032115195/, https://www.legifrance.gouv.fr/loda/id/JORFTEXT000000702306/</dc:source><dc:language>Fr</dc:language><dc:relation>isPartOf N16265</dc:relation><dc:coverage>France entière</dc:coverage><dc:rights>https://www.service-public.fr/a-propos/mentions-legales</dc:rights><SurTitre>Question-réponse</SurTitre><Audience>Particuliers</Audience><Canal>www.service-public.fr</Canal><FilDAriane><Niveau ID="Particuliers">Accueil particuliers</Niveau><Niveau ID="N19805">Famille - Scolarité</Niveau><Niveau ID="N16265">Testament</Niveau><Niveau ID="F795" type="Fiche Question-réponse conditionnée">Quels sont les tarifs des notaires en matière de succession ?</Niveau></FilDAriane><Theme ID="N19805"><Titre>Famille - Scolarité</Titre></Theme><SousThemePere ID="N20090">Succession</SousThemePere><DossierPere ID="N16265"><Titre>Testament</Titre><Fiche ID="F770">Faire un testament</Fiche><Fiche ID="F16274">Faire un testament-partage</Fiche></DossierPere><Introduction><Texte><Paragraphe>Vous faites appel à un notaire pour régler une succession et vous voulez savoir quels frais vous devrez lui payer ? Voici les informations à connaître.</Paragraphe></Texte></Introduction><Texte><Paragraphe>La situation diffère si vous êtes en <LienIntra LienID="R10147" type="Définition de glossaire">métropole</LienIntra> ou outre-mer.</Paragraphe></Texte><ListeSituations affichage="onglet"><Situation><Titre>Métropole</Titre><Texte><Chapitre><Titre><Paragraphe>De quoi sont composés les tarifs des notaires en matière de succession ?</Paragraphe></Titre><Paragraphe>Les tarifs des notaires en matière de succession sont constitués de <MiseEnEvidence>tarifs réglementés</MiseEnEvidence> (<LienIntra LienID="R14735" type="Définition de glossaire">émoluments</LienIntra>) et de <MiseEnEvidence>tarifs non réglementés</MiseEnEvidence> (<LienInterne LienPublication="F17701" type="Fiche Question-réponse conditionnée" audience="Particuliers">débours, droits et taxes</LienInterne>, comme les <LienExterne URL="https://www.impots.gouv.fr/portail/droits-denregistrement">droits d'enregistrement</LienExterne> dus au Trésor public, la TVA).</Paragraphe><Paragraphe>Les tarifs non réglementés sont variables en fonction des prestations.</Paragraphe></Chapitre><Chapitre><Titre><Paragraphe>Quel est le montant des émoluments à payer au notaire ?</Paragraphe></Titre><Paragraphe>L'émolument correspond à la somme que vous devez payer au notaire en contrepartie d'une prestation dont le tarif est réglementé.</Paragraphe><Paragraphe>Son montant est identique quel que soit le notaire que vous choisissez.</Paragraphe><Paragraphe>Selon le type de prestation, l'émolument peut être fixe (notamment pour un acte de notoriété) ou proportionnel (notamment pour une déclaration de succession).</Paragraphe><Paragraphe>Les émoluments proportionnels sont calculés en pourcentage de l'actif successoral brut, lorsque l'acte porte sur l'ensemble de la succession (déclaration de succession et partage de la succession).</Paragraphe><Paragraphe>Sinon, ils sont calculés en pourcentage de la valeur du bien.</Paragraphe><Paragraphe>Les émoluments perçus pour l'établissement d'une déclaration de succession sont calculés sur les biens communs du défunt et de son époux(se), sauf s'ils étaient mariés sous le régime de la séparation de biens.</Paragraphe><BlocCas affichage="radio"><Cas><Titre>Depuis janvier 2021</Titre><Tableau><Titre>Émoluments en matière de succession depuis le 1er janvier 2021</Titre><Colonne largeur="27" type="normal"/><Colonne largeur="26" type="normal"/><Colonne largeur="26" type="normal"/><Rangée type="header"><Cellule><Paragraphe>Actes</Paragraphe></Cellule><Cellule><Paragraphe>Valeur du bien</Paragraphe><Paragraphe>Tranches d'assiette</Paragraphe></Cellule><Cellule><Paragraphe>Coût</Paragraphe></Cellule></Rangée><Rangée type="normal"><Cellule fusionHorizontale="2"><Paragraphe>Acte de notoriété</Paragraphe></Cellule><Cellule><Paragraphe><Valeur>56,60 €</Valeur>(<Valeur>67,92</Valeur> TTC)</Paragraphe></Cellule></Rangée><Rangée type="normal"><Cellule fusionHorizontale="2"><Paragraphe>Inventaire</Paragraphe></Cellule><Cellule><Paragraphe><Valeur>75,46 €</Valeur> (<Valeur>90,55 €</Valeur> TTC)</Paragraphe></Cellule></Rangée><Rangée type="normal"><Cellule fusionVerticale="2"><Paragraphe><LienIntra LienID="R11391" type="Définition de glossaire">Certificat de propriété</LienIntra></Paragraphe></Cellule><Cellule><Paragraphe>Inférieure à <Valeur>3 120 €</Valeur></Paragraphe></Cellule><Cellule><Paragraphe><Valeur>15,09 €</Valeur> (<Valeur>18,11 €</Valeur> TTC)</Paragraphe></Cellule></Rangée><Rangée type="normal"><Cellule><Paragraphe>Supérieure à <Valeur>3 120 €</Valeur></Paragraphe></Cellule><Cellule><Paragraphe>0,484 % HT de la valeur du bien</Paragraphe></Cellule></Rangée><Rangée type="normal"><Cellule fusionVerticale="4"><Paragraphe>Attestation de propriété</Paragraphe><Paragraphe>(attestation notariée)</Paragraphe></Cellule><Cellule><Paragraphe>De <Valeur>0 €</Valeur> à <Valeur>6 500 €</Valeur></Paragraphe></Cellule><Cellule><Paragraphe>1,935 % HT de la valeur du bien</Paragraphe></Cellule></Rangée><Rangée type="normal"><Cellule><Paragraphe>De <Valeur>6 500 €</Valeur> à <Valeur>17 000 €</Valeur></Paragraphe></Cellule><Cellule><Paragraphe>1,064 % HT de la valeur du bien</Paragraphe></Cellule></Rangée><Rangée type="normal"><Cellule><Paragraphe>De <Valeur>17 000 €</Valeur> à <Valeur>30 000 €</Valeur></Paragraphe></Cellule><Cellule><Paragraphe>0,726 % HT de la valeur du bien</Paragraphe></Cellule></Rangée><Rangée type="normal"><Cellule><Paragraphe>Plus de <Valeur>30 000 €</Valeur></Paragraphe></Cellule><Cellule><Paragraphe>0,532 % HT de la valeur du bien</Paragraphe></Cellule></Rangée><Rangée type="normal"><Cellule fusionVerticale="4"><Paragraphe>Déclaration de succession</Paragraphe></Cellule><Cellule><Paragraphe>De <Valeur>0 €</Valeur> à <Valeur>6 500 €</Valeur></Paragraphe></Cellule><Cellule><Paragraphe>1,548 % HT de l'actif brut</Paragraphe></Cellule></Rangée><Rangée type="normal"><Cellule><Paragraphe>De <Valeur>6 500 €</Valeur> à <Valeur>17 000 €</Valeur></Paragraphe></Cellule><Cellule><Paragraphe>0,851 % HT de l'actif brut</Paragraphe></Cellule></Rangée><Rangée type="normal"><Cellule><Paragraphe>De <Valeur>17 000 €</Valeur> à <Valeur>30 000 €</Valeur></Paragraphe></Cellule><Cellule><Paragraphe>0,580 % HT de l'actif brut</Paragraphe></Cellule></Rangée><Rangée type="normal"><Cellule><Paragraphe>Plus de <Valeur>30 000 €</Valeur></Paragraphe></Cellule><Cellule><Paragraphe>0,426 % HT de l'actif brut</Paragraphe></Cellule></Rangée><Rangée type="normal"><Cellule fusionVerticale="4"><Paragraphe>Partage de la succession</Paragraphe></Cellule><Cellule><Paragraphe>De <Valeur>0 €</Valeur> à <Valeur>6 500 €</Valeur></Paragraphe></Cellule><Cellule><Paragraphe>4,837 % HT de l'actif brut</Paragraphe></Cellule></Rangée><Rangée type="normal"><Cellule><Paragraphe>De <Valeur>6 500 €</Valeur> à <Valeur>17 000 €</Valeur></Paragraphe></Cellule><Cellule><Paragraphe>1,995 % HT de l'actif brut</Paragraphe></Cellule></Rangée><Rangée type="normal"><Cellule><Paragraphe>De <Valeur>17 000 €</Valeur> à <Valeur>60 000 €</Valeur></Paragraphe></Cellule><Cellule><Paragraphe>1,330 % HT de l'actif brut</Paragraphe></Cellule></Rangée><Rangée type="normal"><Cellule><Paragraphe>Plus de <Valeur>60 000 €</Valeur></Paragraphe></Cellule><Cellule><Paragraphe>0,998 %  HT de l'actif brut</Paragraphe></Cellule></Rangée><Rangée type="normal"><Cellule fusionVerticale="4"><Paragraphe>Délivrance de legs avec décharge, quittance ou acceptation</Paragraphe></Cellule><Cellule><Paragraphe>De <Valeur>0 €</Valeur> à <Valeur>6 500 €</Valeur></Paragraphe></Cellule><Cellule><Paragraphe>1,935 % HT de la valeur du bien</Paragraphe></Cellule></Rangée><Rangée type="normal"><Cellule><Paragraphe>De <Valeur>6 500 €</Valeur> à <Valeur>17 000 €</Valeur></Paragraphe></Cellule><Cellule><Paragraphe>1,064 % HT de la valeur du bien</Paragraphe></Cellule></Rangée><Rangée type="normal"><Cellule><Paragraphe>De <Valeur>17 000 €</Valeur> à <Valeur>30 000 €</Valeur></Paragraphe></Cellule><Cellule><Paragraphe>0,726 % HT de la valeur du bien</Paragraphe></Cellule></Rangée><Rangée type="normal"><Cellule><Paragraphe>Plus de <Valeur>30 000 €</Valeur></Paragraphe></Cellule><Cellule><Paragraphe>0,532 % HT de la valeur du bien</Paragraphe></Cellule></Rangée><Rangée type="normal"><Cellule fusionVerticale="4"><Paragraphe>Délivrance de legs sans décharge, quittance ou acceptation</Paragraphe></Cellule><Cellule><Paragraphe>De <Valeur>0 €</Valeur> à <Valeur>6 500 €</Valeur></Paragraphe></Cellule><Cellule><Paragraphe>0,967 % HT de la valeur du bien</Paragraphe></Cellule></Rangée><Rangée type="normal"><Cellule><Paragraphe>De <Valeur>6 500 €</Valeur> à <Valeur>17 000 €</Valeur></Paragraphe></Cellule><Cellule><Paragraphe>0,532 % HT de la valeur du bien</Paragraphe></Cellule></Rangée><Rangée type="normal"><Cellule><Paragraphe>De <Valeur>17 000 €</Valeur> à <Valeur>30 000 €</Valeur></Paragraphe></Cellule><Cellule><Paragraphe>0,363 % HT de la valeur du bien</Paragraphe></Cellule></Rangée><Rangée type="normal"><Cellule><Paragraphe>Plus de <Valeur>30 000 €</Valeur></Paragraphe></Cellule><Cellule><Paragraphe>0,266 % HT de la valeur du bien</Paragraphe></Cellule></Rangée></Tableau></Cas><Cas><Titre>Prestations effectuées entre le 1er mai 2016 et le 31 décembre 2020</Titre><Paragraphe>Ces tarifs s'appliquent à l'une des prestations suivantes :</Paragraphe><Liste type="puce"><Item><Paragraphe>Prestation effectuée avant janvier 2021 et qui n'a pas encore été réglée</Paragraphe></Item><Item><Paragraphe>Prestation qui a donné lieu au versement par le client d'un acompte ou d'une provision avant mars 2020</Paragraphe></Item><Item><Paragraphe>Prestation qui a donné lieu à des frais engagés par un notaire avant mars 2020.</Paragraphe></Item></Liste><Tableau><Titre>Émoluments en matière de succession entre le 1er mai 2016 et le 31 décembre 2020</Titre><Colonne largeur="29" type="normal"/><Colonne largeur="28" type="normal"/><Colonne largeur="28" type="normal"/><Rangée type="header"><Cellule><Paragraphe>Actes</Paragraphe></Cellule><Cellule><Paragraphe>Valeur du bien</Paragraphe><Paragraphe>Tranches d'assiette</Paragraphe></Cellule><Cellule><Paragraphe>Coût</Paragraphe></Cellule></Rangée><Rangée type="normal"><Cellule fusionHorizontale="2"><Paragraphe>Acte de notoriété</Paragraphe></Cellule><Cellule><Paragraphe><Valeur>57,69 €</Valeur> (<Valeur>69,23 €</Valeur> TTC)</Paragraphe></Cellule></Rangée><Rangée type="normal"><Cellule fusionHorizontale="2"><Paragraphe>Inventaire</Paragraphe></Cellule><Cellule><Paragraphe><Valeur>76,92 €</Valeur> (<Valeur>92,31 €</Valeur> TTC)</Paragraphe></Cellule></Rangée><Rangée type="normal"><Cellule fusionVerticale="2"><Paragraphe><LienIntra LienID="R11391" type="Définition de glossaire">Certificat de propriété</LienIntra></Paragraphe></Cellule><Cellule><Paragraphe>Inférieure à <Valeur>3 120 €</Valeur></Paragraphe></Cellule><Cellule><Paragraphe><Valeur>15,38 €</Valeur> (<Valeur>18,46 €</Valeur> TTC)</Paragraphe></Cellule></Rangée><Rangée type="normal"><Cellule><Paragraphe>Supérieure à <Valeur>3 120 €</Valeur></Paragraphe></Cellule><Cellule><Paragraphe>0,493 % HT de la valeur du bien</Paragraphe></Cellule></Rangée><Rangée type="normal"><Cellule fusionVerticale="4"><Paragraphe>Attestation de propriété</Paragraphe><Paragraphe>(attestation notariée)</Paragraphe></Cellule><Cellule><Paragraphe>De <Valeur>0 €</Valeur> à <Valeur>6 500 €</Valeur></Paragraphe></Cellule><Cellule><Paragraphe>1,972 % HT de la valeur du bien</Paragraphe></Cellule></Rangée><Rangée type="normal"><Cellule><Paragraphe>De <Valeur>6 500 €</Valeur> à <Valeur>17 000 €</Valeur></Paragraphe></Cellule><Cellule><Paragraphe>1,085 % HT de la valeur du bien</Paragraphe></Cellule></Rangée><Rangée type="normal"><Cellule><Paragraphe>De <Valeur>17 000 €</Valeur> à <Valeur>30 000 €</Valeur></Paragraphe></Cellule><Cellule><Paragraphe>0,740 % HT de la valeur du bien</Paragraphe></Cellule></Rangée><Rangée type="normal"><Cellule><Paragraphe>Plus de <Valeur>30 000 €</Valeur></Paragraphe></Cellule><Cellule><Paragraphe>0,542 % HT de la valeur du bien</Paragraphe></Cellule></Rangée><Rangée type="normal"><Cellule fusionVerticale="4"><Paragraphe>Déclaration de succession</Paragraphe></Cellule><Cellule><Paragraphe>De <Valeur>0 €</Valeur> à <Valeur>6 500 €</Valeur></Paragraphe></Cellule><Cellule><Paragraphe>1,578 % HT de l'actif brut</Paragraphe></Cellule></Rangée><Rangée type="normal"><Cellule><Paragraphe>De <Valeur>6 500 €</Valeur> à <Valeur>17 000 €</Valeur></Paragraphe></Cellule><Cellule><Paragraphe>0,868 % HT de l'actif brut</Paragraphe></Cellule></Rangée><Rangée type="normal"><Cellule><Paragraphe>De <Valeur>17 000 €</Valeur> à <Valeur>30 000 €</Valeur></Paragraphe></Cellule><Cellule><Paragraphe>0,592 % HT de l'actif brut</Paragraphe></Cellule></Rangée><Rangée type="normal"><Cellule><Paragraphe>Plus de <Valeur>30 000 €</Valeur></Paragraphe></Cellule><Cellule><Paragraphe>0,434 % HT de l'actif brut</Paragraphe></Cellule></Rangée><Rangée type="normal"><Cellule fusionVerticale="4"><Paragraphe>Partage de la succession</Paragraphe></Cellule><Cellule><Paragraphe>De <Valeur>0 €</Valeur> à <Valeur>6 500 €</Valeur></Paragraphe></Cellule><Cellule><Paragraphe><Valeur>4,931 %</Valeur> HT de l'actif brut</Paragraphe></Cellule></Rangée><Rangée type="normal"><Cellule><Paragraphe>De <Valeur>6 500 €</Valeur> à <Valeur>17 000 €</Valeur></Paragraphe></Cellule><Cellule><Paragraphe><Valeur>2,034 %</Valeur> HT de l'actif brut</Paragraphe></Cellule></Rangée><Rangée type="normal"><Cellule><Paragraphe>De <Valeur>17 000 €</Valeur> à <Valeur>60 000 €</Valeur></Paragraphe></Cellule><Cellule><Paragraphe><Valeur>1,356 %</Valeur> HT de l'actif brut</Paragraphe></Cellule></Rangée><Rangée type="normal"><Cellule><Paragraphe>Plus de <Valeur>60 000 €</Valeur></Paragraphe></Cellule><Cellule><Paragraphe><Valeur>1,017 %</Valeur> HT de l'actif brut</Paragraphe></Cellule></Rangée><Rangée type="normal"><Cellule fusionVerticale="4"><Paragraphe>Délivrance de legs avec décharge, quittance ou acceptation</Paragraphe></Cellule><Cellule><Paragraphe>De <Valeur>0 €</Valeur> à <Valeur>6 500 €</Valeur></Paragraphe></Cellule><Cellule><Paragraphe>1,972 % HT de la valeur du bien</Paragraphe></Cellule></Rangée><Rangée type="normal"><Cellule><Paragraphe>De <Valeur>6 500 €</Valeur> à <Valeur>17 000 €</Valeur></Paragraphe></Cellule><Cellule><Paragraphe>1,085 % HT de la valeur du bien</Paragraphe></Cellule></Rangée><Rangée type="normal"><Cellule><Paragraphe>De <Valeur>17 000 €</Valeur> à <Valeur>30 000 €</Valeur></Paragraphe></Cellule><Cellule><Paragraphe>0,740 % HT de la valeur du bien</Paragraphe></Cellule></Rangée><Rangée type="normal"><Cellule><Paragraphe>Plus de <Valeur>30 000 €</Valeur></Paragraphe></Cellule><Cellule><Paragraphe>0,542 % HT de la valeur du bien</Paragraphe></Cellule></Rangée><Rangée type="normal"><Cellule fusionVerticale="4"><Paragraphe>Délivrance de legs sans décharge, quittance ou acceptation</Paragraphe></Cellule><Cellule><Paragraphe>De <Valeur>0 €</Valeur> à <Valeur>6 500 €</Valeur></Paragraphe></Cellule><Cellule><Paragraphe>0,986 % HT de la valeur du bien</Paragraphe></Cellule></Rangée><Rangée type="normal"><Cellule><Paragraphe>De <Valeur>6 500 €</Valeur> à <Valeur>17 000 €</Valeur></Paragraphe></Cellule><Cellule><Paragraphe>0,542 % HT de la valeur du bien</Paragraphe></Cellule></Rangée><Rangée type="normal"><Cellule><Paragraphe>De <Valeur>17 000 €</Valeur> à <Valeur>30 000 €</Valeur></Paragraphe></Cellule><Cellule><Paragraphe>0,370 % HT de la valeur du bien</Paragraphe></Cellule></Rangée><Rangée type="normal"><Cellule><Paragraphe>Plus de <Valeur>30 000 €</Valeur></Paragraphe></Cellule><Cellule><Paragraphe>0,271 % HT de la valeur du bien</Paragraphe></Cellule></Rangée></Tableau></Cas></BlocCas><ANoter><Titre>À noter</Titre><Paragraphe>le taux de TVA sur les émoluments est de <Valeur>20 %</Valeur>.</Paragraphe></ANoter></Chapitre></Texte></Situation><Situation><Titre>DOM</Titre><Texte><Chapitre><Titre><Paragraphe>De quoi sont composés les tarifs des notaires en matière de succession ?</Paragraphe></Titre><Paragraphe>Les tarifs des notaires en matière de succession sont constitués de <MiseEnEvidence>tarifs réglementés</MiseEnEvidence> (<LienIntra LienID="R14735" type="Définition de glossaire">émoluments</LienIntra>) et de <MiseEnEvidence>tarifs non réglementés</MiseEnEvidence> (<LienInterne LienPublication="F17701" type="Fiche Question-réponse conditionnée" audience="Particuliers">débours, droits et taxes</LienInterne>, comme les <LienExterne URL="https://www.impots.gouv.fr/portail/droits-denregistrement">droits d'enregistrement</LienExterne> dus au Trésor public, la TVA).</Paragraphe><Paragraphe>Les tarifs non réglementés sont variables en fonction des prestations.</Paragraphe></Chapitre><Chapitre><Titre><Paragraphe>Quel est le montant des émoluments à payer au notaire ?</Paragraphe></Titre><Paragraphe>L'émolument correspond à la somme que vous devez payer au notaire en contrepartie d'une prestation dont le tarif est réglementé.</Paragraphe><Paragraphe>Son montant est identique quel que soit le notaire que vous choisissez.</Paragraphe><Paragraphe>Selon le type de prestation, l'émolument peut être fixe (notamment pour un acte de notoriété) ou proportionnel (notamment pour une déclaration de succession).</Paragraphe><Paragraphe>Les émoluments proportionnels sont calculés en pourcentage de l'actif successoral brut, lorsque l'acte porte sur l'ensemble de la succession (déclaration de succession et partage de la succession).</Paragraphe><Paragraphe>Sinon, ils sont calculés en pourcentage de la valeur du bien.</Paragraphe><Paragraphe>Les émoluments perçus pour l'établissement d'une déclaration de succession sont calculés sur les biens communs du défunt et de son époux(se), sauf s'ils étaient mariés sous le régime de la séparation de biens.</Paragraphe><Paragraphe>Le montant des émoluments varie selon votre département.</Paragraphe><BlocCas affichage="radio"><Cas><Titre>Guadeloupe</Titre><BlocCas affichage="radio"><Cas><Titre>Depuis janvier 2021</Titre><Tableau><Titre>Émoluments en matière de succession depuis le 1er janvier 2021</Titre><Colonne largeur="27" type="normal"/><Colonne largeur="26" type="normal"/><Colonne largeur="26" type="normal"/><Rangée type="header"><Cellule><Paragraphe>Actes</Paragraphe></Cellule><Cellule><Paragraphe>Valeur du bien</Paragraphe><Paragraphe>Tranches d'assiette</Paragraphe></Cellule><Cellule><Paragraphe>Coût</Paragraphe></Cellule></Rangée><Rangée type="normal"><Cellule fusionHorizontale="2"><Paragraphe>Acte de notoriété</Paragraphe></Cellule><Cellule><Paragraphe><Valeur>70,75 €</Valeur> HT</Paragraphe></Cellule></Rangée><Rangée type="normal"><Cellule fusionHorizontale="2"><Paragraphe>Inventaire</Paragraphe></Cellule><Cellule><Paragraphe><Valeur>94,32 €</Valeur> HT</Paragraphe></Cellule></Rangée><Rangée type="normal"><Cellule fusionVerticale="2"><Paragraphe><LienIntra LienID="R11391" type="Définition de glossaire">Certificat de propriété</LienIntra></Paragraphe></Cellule><Cellule><Paragraphe>Inférieure à <Valeur>3 120 €</Valeur></Paragraphe></Cellule><Cellule><Paragraphe><Valeur>18,86 €</Valeur> HT</Paragraphe></Cellule></Rangée><Rangée type="normal"><Cellule><Paragraphe>Supérieure à <Valeur>3 120 €</Valeur></Paragraphe></Cellule><Cellule><Paragraphe>0,605 % HT de la valeur du bien</Paragraphe></Cellule></Rangée><Rangée type="normal"><Cellule fusionVerticale="4"><Paragraphe>Attestation de propriété</Paragraphe><Paragraphe>(attestation notariée)</Paragraphe></Cellule><Cellule><Paragraphe>De <Valeur>0 €</Valeur> à <Valeur>6 500 €</Valeur></Paragraphe></Cellule><Cellule><Paragraphe>2,419 % HT de la valeur du bien</Paragraphe></Cellule></Rangée><Rangée type="normal"><Cellule><Paragraphe>De <Valeur>6 500 €</Valeur> à <Valeur>17 000 €</Valeur></Paragraphe></Cellule><Cellule><Paragraphe>1,330 % HT de la valeur du bien</Paragraphe></Cellule></Rangée><Rangée type="normal"><Cellule><Paragraphe>De <Valeur>17 000 €</Valeur> à <Valeur>30 000 €</Valeur></Paragraphe></Cellule><Cellule><Paragraphe>0,907 % HT de la valeur du bien</Paragraphe></Cellule></Rangée><Rangée type="normal"><Cellule><Paragraphe>Plus de <Valeur>30 000 €</Valeur></Paragraphe></Cellule><Cellule><Paragraphe>0,665 % HT de la valeur du bien</Paragraphe></Cellule></Rangée><Rangée type="normal"><Cellule fusionVerticale="4"><Paragraphe>Déclaration de succession</Paragraphe></Cellule><Cellule><Paragraphe>De <Valeur>0 €</Valeur> à <Valeur>6 500 €</Valeur></Paragraphe></Cellule><Cellule><Paragraphe>1,935 % HT de l'actif brut</Paragraphe></Cellule></Rangée><Rangée type="normal"><Cellule><Paragraphe>De <Valeur>6 500 €</Valeur> à <Valeur>17 000 €</Valeur></Paragraphe></Cellule><Cellule><Paragraphe>1,064 % HT de l'actif brut</Paragraphe></Cellule></Rangée><Rangée type="normal"><Cellule><Paragraphe>De <Valeur>17 000 €</Valeur> à <Valeur>30 000 €</Valeur></Paragraphe></Cellule><Cellule><Paragraphe>0,725 % HT de l'actif brut</Paragraphe></Cellule></Rangée><Rangée type="normal"><Cellule><Paragraphe>Plus de <Valeur>30 000 €</Valeur></Paragraphe></Cellule><Cellule><Paragraphe>0,532 % HT de l'actif brut</Paragraphe></Cellule></Rangée><Rangée type="normal"><Cellule fusionVerticale="4"><Paragraphe>Partage de la succession</Paragraphe></Cellule><Cellule><Paragraphe>De <Valeur>0 €</Valeur> à <Valeur>6 500 €</Valeur></Paragraphe></Cellule><Cellule><Paragraphe>6,046 % HT de l'actif brut</Paragraphe></Cellule></Rangée><Rangée type="normal"><Cellule><Paragraphe>De <Valeur>6 500 €</Valeur> à <Valeur>17 000 €</Valeur></Paragraphe></Cellule><Cellule><Paragraphe>2,494 % HT de l'actif brut</Paragraphe></Cellule></Rangée><Rangée type="normal"><Cellule><Paragraphe>De <Valeur>17 000 €</Valeur> à <Valeur>60 000 €</Valeur></Paragraphe></Cellule><Cellule><Paragraphe>1,662 % HT de l'actif brut</Paragraphe></Cellule></Rangée><Rangée type="normal"><Cellule><Paragraphe>Plus de <Valeur>60 000 €</Valeur></Paragraphe></Cellule><Cellule><Paragraphe>1,247 %  HT de l'actif brut</Paragraphe></Cellule></Rangée><Rangée type="normal"><Cellule fusionVerticale="4"><Paragraphe>Délivrance de legs avec décharge, quittance ou acceptation</Paragraphe></Cellule><Cellule><Paragraphe>De <Valeur>0 €</Valeur> à <Valeur>6 500 €</Valeur></Paragraphe></Cellule><Cellule><Paragraphe>2,419 % HT de la valeur du bien</Paragraphe></Cellule></Rangée><Rangée type="normal"><Cellule><Paragraphe>De <Valeur>6 500 €</Valeur> à <Valeur>17 000 €</Valeur></Paragraphe></Cellule><Cellule><Paragraphe>1,330 % HT de la valeur du bien</Paragraphe></Cellule></Rangée><Rangée type="normal"><Cellule><Paragraphe>De <Valeur>17 000 €</Valeur> à <Valeur>30 000 €</Valeur></Paragraphe></Cellule><Cellule><Paragraphe>0,907 % HT de la valeur du bien</Paragraphe></Cellule></Rangée><Rangée type="normal"><Cellule><Paragraphe>Plus de <Valeur>30 000 €</Valeur></Paragraphe></Cellule><Cellule><Paragraphe>0,665 % HT de la valeur du bien</Paragraphe></Cellule></Rangée><Rangée type="normal"><Cellule fusionVerticale="4"><Paragraphe>Délivrance de legs sans décharge, quittance ou acceptation</Paragraphe></Cellule><Cellule><Paragraphe>De <Valeur>0 €</Valeur> à <Valeur>6 500 €</Valeur></Paragraphe></Cellule><Cellule><Paragraphe>1,209 % HT de la valeur du bien</Paragraphe></Cellule></Rangée><Rangée type="normal"><Cellule><Paragraphe>De <Valeur>6 500 €</Valeur> à <Valeur>17 000 €</Valeur></Paragraphe></Cellule><Cellule><Paragraphe>0,665 % HT de la valeur du bien</Paragraphe></Cellule></Rangée><Rangée type="normal"><Cellule><Paragraphe>De <Valeur>17 000 €</Valeur> à <Valeur>30 000 €</Valeur></Paragraphe></Cellule><Cellule><Paragraphe>0,454 % HT de la valeur du bien</Paragraphe></Cellule></Rangée><Rangée type="normal"><Cellule><Paragraphe>Plus de <Valeur>30 000 €</Valeur></Paragraphe></Cellule><Cellule><Paragraphe>0,332 % HT de la valeur du bien</Paragraphe></Cellule></Rangée></Tableau><ANoter><Titre>À noter</Titre><Paragraphe>le taux de TVA sur les émoluments est de <Valeur>8,5 %</Valeur>.</Paragraphe></ANoter></Cas><Cas><Titre>Prestations effectuées entre le 1er mai 2016 et le 31 décembre 2020</Titre><Paragraphe>Ces tarifs s'appliquent à l'une des prestations suivantes :</Paragraphe><Liste type="puce"><Item><Paragraphe>Prestation effectuée avant janvier 2021 et qui n'a pas encore été réglée</Paragraphe></Item><Item><Paragraphe>Prestation qui a donné lieu au versement par le client d'un acompte ou d'une provision avant mars 2020</Paragraphe></Item><Item><Paragraphe>Prestation qui a donné lieu à des frais engagés par un notaire avant mars 2020.</Paragraphe></Item></Liste><Tableau><Titre>Émoluments en matière de succession entre le 1er mai 2016 et le 31 décembre 2020</Titre><Colonne largeur="29" type="normal"/><Colonne largeur="28" type="normal"/><Colonne largeur="28" type="normal"/><Rangée type="header"><Cellule><Paragraphe>Actes</Paragraphe></Cellule><Cellule><Paragraphe>Valeur du bien</Paragraphe><Paragraphe>Tranches d'assiette</Paragraphe></Cellule><Cellule><Paragraphe>Coût</Paragraphe></Cellule></Rangée><Rangée type="normal"><Cellule fusionHorizontale="2"><Paragraphe>Acte de notoriété</Paragraphe></Cellule><Cellule><Paragraphe><Valeur>72,11 €</Valeur> HT</Paragraphe></Cellule></Rangée><Rangée type="normal"><Cellule fusionHorizontale="2"><Paragraphe>Inventaire</Paragraphe></Cellule><Cellule><Paragraphe><Valeur>96,15 €</Valeur> HT</Paragraphe></Cellule></Rangée><Rangée type="normal"><Cellule fusionVerticale="2"><Paragraphe><LienIntra LienID="R11391" type="Définition de glossaire">Certificat de propriété</LienIntra></Paragraphe></Cellule><Cellule><Paragraphe>Inférieure à <Valeur>3 120 €</Valeur></Paragraphe></Cellule><Cellule><Paragraphe><Valeur>19,22 €</Valeur> HT</Paragraphe></Cellule></Rangée><Rangée type="normal"><Cellule><Paragraphe>Supérieure à <Valeur>3 120 €</Valeur></Paragraphe></Cellule><Cellule><Paragraphe>0,616 % HT de la valeur du bien</Paragraphe></Cellule></Rangée><Rangée type="normal"><Cellule fusionVerticale="4"><Paragraphe>Attestation de propriété</Paragraphe><Paragraphe>(attestation notariée)</Paragraphe></Cellule><Cellule><Paragraphe>De <Valeur>0 €</Valeur> à <Valeur>6 500 €</Valeur></Paragraphe></Cellule><Cellule><Paragraphe>2,465 % HT de la valeur du bien</Paragraphe></Cellule></Rangée><Rangée type="normal"><Cellule><Paragraphe>De <Valeur>6 500 €</Valeur> à <Valeur>17 000 €</Valeur></Paragraphe></Cellule><Cellule><Paragraphe>1,356 % HT de la valeur du bien</Paragraphe></Cellule></Rangée><Rangée type="normal"><Cellule><Paragraphe>De <Valeur>17 000 €</Valeur> à <Valeur>30 000 €</Valeur></Paragraphe></Cellule><Cellule><Paragraphe>0,925 % HT de la valeur du bien</Paragraphe></Cellule></Rangée><Rangée type="normal"><Cellule><Paragraphe>Plus de <Valeur>30 000 €</Valeur></Paragraphe></Cellule><Cellule><Paragraphe>0,677 % HT de la valeur du bien</Paragraphe></Cellule></Rangée><Rangée type="normal"><Cellule fusionVerticale="4"><Paragraphe>Déclaration de succession</Paragraphe></Cellule><Cellule><Paragraphe>De <Valeur>0 €</Valeur> à <Valeur>6 500 €</Valeur></Paragraphe></Cellule><Cellule><Paragraphe>1,972 % HT de l'actif brut</Paragraphe></Cellule></Rangée><Rangée type="normal"><Cellule><Paragraphe>De <Valeur>6 500 €</Valeur> à <Valeur>17 000 €</Valeur></Paragraphe></Cellule><Cellule><Paragraphe>1,085 % HT de l'actif brut</Paragraphe></Cellule></Rangée><Rangée type="normal"><Cellule><Paragraphe>De <Valeur>17 000 €</Valeur> à <Valeur>30 000 €</Valeur></Paragraphe></Cellule><Cellule><Paragraphe>0,740 % HT de l'actif brut</Paragraphe></Cellule></Rangée><Rangée type="normal"><Cellule><Paragraphe>Plus de <Valeur>30 000 €</Valeur></Paragraphe></Cellule><Cellule><Paragraphe>0,542 % HT de l'actif brut</Paragraphe></Cellule></Rangée><Rangée type="normal"><Cellule fusionVerticale="4"><Paragraphe>Partage de la succession</Paragraphe></Cellule><Cellule><Paragraphe>De <Valeur>0 €</Valeur> à <Valeur>6 500 €</Valeur></Paragraphe></Cellule><Cellule><Paragraphe>6,046 % HT de l'actif brut</Paragraphe></Cellule></Rangée><Rangée type="normal"><Cellule><Paragraphe>De <Valeur>6 500 €</Valeur> à <Valeur>17 000 €</Valeur></Paragraphe></Cellule><Cellule><Paragraphe>2,494 % HT de l'actif brut</Paragraphe></Cellule></Rangée><Rangée type="normal"><Cellule><Paragraphe>De <Valeur>17 000 €</Valeur> à <Valeur>60 000 €</Valeur></Paragraphe></Cellule><Cellule><Paragraphe>1,662 % HT de l'actif brut</Paragraphe></Cellule></Rangée><Rangée type="normal"><Cellule><Paragraphe>Plus de <Valeur>60 000 €</Valeur></Paragraphe></Cellule><Cellule><Paragraphe>1,247 % HT de l'actif brut</Paragraphe></Cellule></Rangée><Rangée type="normal"><Cellule fusionVerticale="4"><Paragraphe>Délivrance de legs avec décharge, quittance ou acceptation</Paragraphe></Cellule><Cellule><Paragraphe>De <Valeur>0 €</Valeur> à <Valeur>6 500 €</Valeur></Paragraphe></Cellule><Cellule><Paragraphe>2,465 % HT de la valeur du bien</Paragraphe></Cellule></Rangée><Rangée type="normal"><Cellule><Paragraphe>De <Valeur>6 500 €</Valeur> à <Valeur>17 000 €</Valeur></Paragraphe></Cellule><Cellule><Paragraphe>1,356 % HT de la valeur du bien</Paragraphe></Cellule></Rangée><Rangée type="normal"><Cellule><Paragraphe>De <Valeur>17 000 €</Valeur> à <Valeur>30 000 €</Valeur></Paragraphe></Cellule><Cellule><Paragraphe>0,925 % HT de la valeur du bien</Paragraphe></Cellule></Rangée><Rangée type="normal"><Cellule><Paragraphe>Plus de <Valeur>30 000 €</Valeur></Paragraphe></Cellule><Cellule><Paragraphe>0,667 % HT de la valeur du bien</Paragraphe></Cellule></Rangée><Rangée type="normal"><Cellule fusionVerticale="4"><Paragraphe>Délivrance de legs sans décharge, quittance ou acceptation</Paragraphe></Cellule><Cellule><Paragraphe>De <Valeur>0 €</Valeur> à <Valeur>6 500 €</Valeur></Paragraphe></Cellule><Cellule><Paragraphe>1,232 % HT de la valeur du bien</Paragraphe></Cellule></Rangée><Rangée type="normal"><Cellule><Paragraphe>De <Valeur>6 500 €</Valeur> à <Valeur>17 000 €</Valeur></Paragraphe></Cellule><Cellule><Paragraphe>0,677 % HT de la valeur du bien</Paragraphe></Cellule></Rangée><Rangée type="normal"><Cellule><Paragraphe>De <Valeur>17 000 €</Valeur> à <Valeur>30 000 €</Valeur></Paragraphe></Cellule><Cellule><Paragraphe>0,462 % HT de la valeur du bien</Paragraphe></Cellule></Rangée><Rangée type="normal"><Cellule><Paragraphe>Plus de <Valeur>30 000 €</Valeur></Paragraphe></Cellule><Cellule><Paragraphe>0,339 % HT de la valeur du bien</Paragraphe></Cellule></Rangée></Tableau><ANoter><Titre>À noter</Titre><Paragraphe>le taux de TVA sur les émoluments est de <Valeur>8,5 %</Valeur>.</Paragraphe></ANoter></Cas></BlocCas></Cas><Cas><Titre>Martinique</Titre><BlocCas affichage="radio"><Cas><Titre>Depuis janvier 2021</Titre><Tableau><Titre>Émoluments en matière de succession depuis le 1er janvier 2021</Titre><Colonne largeur="27" type="normal"/><Colonne largeur="26" type="normal"/><Colonne largeur="26" type="normal"/><Rangée type="header"><Cellule><Paragraphe>Actes</Paragraphe></Cellule><Cellule><Paragraphe>Valeur du bien</Paragraphe><Paragraphe>Tranches d'assiette</Paragraphe></Cellule><Cellule><Paragraphe>Coût</Paragraphe></Cellule></Rangée><Rangée type="normal"><Cellule fusionHorizontale="2"><Paragraphe>Acte de notoriété</Paragraphe></Cellule><Cellule><Paragraphe><Valeur>70,75 €</Valeur> HT</Paragraphe></Cellule></Rangée><Rangée type="normal"><Cellule fusionHorizontale="2"><Paragraphe>Inventaire</Paragraphe></Cellule><Cellule><Paragraphe><Valeur>94,32 €</Valeur> HT</Paragraphe></Cellule></Rangée><Rangée type="normal"><Cellule fusionVerticale="2"><Paragraphe><LienIntra LienID="R11391" type="Définition de glossaire">Certificat de propriété</LienIntra></Paragraphe></Cellule><Cellule><Paragraphe>Inférieure à <Valeur>3 120 €</Valeur></Paragraphe></Cellule><Cellule><Paragraphe><Valeur>18,86 €</Valeur> HT</Paragraphe></Cellule></Rangée><Rangée type="normal"><Cellule><Paragraphe>Supérieure à <Valeur>3 120 €</Valeur></Paragraphe></Cellule><Cellule><Paragraphe>0,605 % HT de la valeur du bien</Paragraphe></Cellule></Rangée><Rangée type="normal"><Cellule fusionVerticale="4"><Paragraphe>Attestation de propriété</Paragraphe><Paragraphe>(attestation notariée)</Paragraphe></Cellule><Cellule><Paragraphe>De <Valeur>0 €</Valeur> à <Valeur>6 500 €</Valeur></Paragraphe></Cellule><Cellule><Paragraphe>2,419 % HT de la valeur du bien</Paragraphe></Cellule></Rangée><Rangée type="normal"><Cellule><Paragraphe>De <Valeur>6 500 €</Valeur> à <Valeur>17 000 €</Valeur></Paragraphe></Cellule><Cellule><Paragraphe>1,330 % HT de la valeur du bien</Paragraphe></Cellule></Rangée><Rangée type="normal"><Cellule><Paragraphe>De <Valeur>17 000 €</Valeur> à <Valeur>30 000 €</Valeur></Paragraphe></Cellule><Cellule><Paragraphe>0,907 % HT de la valeur du bien</Paragraphe></Cellule></Rangée><Rangée type="normal"><Cellule><Paragraphe>Plus de <Valeur>30 000 €</Valeur></Paragraphe></Cellule><Cellule><Paragraphe>0,665 % HT de la valeur du bien</Paragraphe></Cellule></Rangée><Rangée type="normal"><Cellule fusionVerticale="4"><Paragraphe>Déclaration de succession</Paragraphe></Cellule><Cellule><Paragraphe>De <Valeur>0 €</Valeur> à <Valeur>6 500 €</Valeur></Paragraphe></Cellule><Cellule><Paragraphe>1,935 % HT de l'actif brut</Paragraphe></Cellule></Rangée><Rangée type="normal"><Cellule><Paragraphe>De <Valeur>6 500 €</Valeur> à <Valeur>17 000 €</Valeur></Paragraphe></Cellule><Cellule><Paragraphe>1,064 % HT de l'actif brut</Paragraphe></Cellule></Rangée><Rangée type="normal"><Cellule><Paragraphe>De <Valeur>17 000 €</Valeur> à <Valeur>30 000 €</Valeur></Paragraphe></Cellule><Cellule><Paragraphe>0,725 % HT de l'actif brut</Paragraphe></Cellule></Rangée><Rangée type="normal"><Cellule><Paragraphe>Plus de <Valeur>30 000 €</Valeur></Paragraphe></Cellule><Cellule><Paragraphe>0,532 % HT de l'actif brut</Paragraphe></Cellule></Rangée><Rangée type="normal"><Cellule fusionVerticale="4"><Paragraphe>Partage de la succession</Paragraphe></Cellule><Cellule><Paragraphe>De <Valeur>0 €</Valeur> à <Valeur>6 500 €</Valeur></Paragraphe></Cellule><Cellule><Paragraphe>6,046 % HT de l'actif brut</Paragraphe></Cellule></Rangée><Rangée type="normal"><Cellule><Paragraphe>De <Valeur>6 500 €</Valeur> à <Valeur>17 000 €</Valeur></Paragraphe></Cellule><Cellule><Paragraphe>2,494 % HT de l'actif brut</Paragraphe></Cellule></Rangée><Rangée type="normal"><Cellule><Paragraphe>De <Valeur>17 000 €</Valeur> à <Valeur>60 000 €</Valeur></Paragraphe></Cellule><Cellule><Paragraphe>1,662 % HT de l'actif brut</Paragraphe></Cellule></Rangée><Rangée type="normal"><Cellule><Paragraphe>Plus de <Valeur>60 000 €</Valeur></Paragraphe></Cellule><Cellule><Paragraphe>1,247 %  HT de l'actif brut</Paragraphe></Cellule></Rangée><Rangée type="normal"><Cellule fusionVerticale="4"><Paragraphe>Délivrance de legs avec décharge, quittance ou acceptation</Paragraphe></Cellule><Cellule><Paragraphe>De <Valeur>0 €</Valeur> à <Valeur>6 500 €</Valeur></Paragraphe></Cellule><Cellule><Paragraphe>2,419 % HT de la valeur du bien</Paragraphe></Cellule></Rangée><Rangée type="normal"><Cellule><Paragraphe>De <Valeur>6 500 €</Valeur> à <Valeur>17 000 €</Valeur></Paragraphe></Cellule><Cellule><Paragraphe>1,330 % HT de la valeur du bien</Paragraphe></Cellule></Rangée><Rangée type="normal"><Cellule><Paragraphe>De <Valeur>17 000 €</Valeur> à <Valeur>30 000 €</Valeur></Paragraphe></Cellule><Cellule><Paragraphe>0,907 % HT de la valeur du bien</Paragraphe></Cellule></Rangée><Rangée type="normal"><Cellule><Paragraphe>Plus de <Valeur>30 000 €</Valeur></Paragraphe></Cellule><Cellule><Paragraphe>0,665 % HT de la valeur du bien</Paragraphe></Cellule></Rangée><Rangée type="normal"><Cellule fusionVerticale="4"><Paragraphe>Délivrance de legs sans décharge, quittance ou acceptation</Paragraphe></Cellule><Cellule><Paragraphe>De <Valeur>0 €</Valeur> à <Valeur>6 500 €</Valeur></Paragraphe></Cellule><Cellule><Paragraphe>1,209 % HT de la valeur du bien</Paragraphe></Cellule></Rangée><Rangée type="normal"><Cellule><Paragraphe>De <Valeur>6 500 €</Valeur> à <Valeur>17 000 €</Valeur></Paragraphe></Cellule><Cellule><Paragraphe>0,665 % HT de la valeur du bien</Paragraphe></Cellule></Rangée><Rangée type="normal"><Cellule><Paragraphe>De <Valeur>17 000 €</Valeur> à <Valeur>30 000 €</Valeur></Paragraphe></Cellule><Cellule><Paragraphe>0,454 % HT de la valeur du bien</Paragraphe></Cellule></Rangée><Rangée type="normal"><Cellule><Paragraphe>Plus de <Valeur>30 000 €</Valeur></Paragraphe></Cellule><Cellule><Paragraphe>0,332 % HT de la valeur du bien</Paragraphe></Cellule></Rangée></Tableau><ANoter><Titre>À noter</Titre><Paragraphe>le taux de TVA sur les émoluments est de <Valeur>8,5 %</Valeur>.</Paragraphe></ANoter></Cas><Cas><Titre>Prestations effectuées entre le 1er mai 2016 et le 31 décembre 2020</Titre><Paragraphe>Ces tarifs s'appliquent à l'une des prestations suivantes :</Paragraphe><Liste type="puce"><Item><Paragraphe>Prestation effectuée avant janvier 2021 et qui n'a pas encore été réglée</Paragraphe></Item><Item><Paragraphe>Prestation qui a donné lieu au versement par le client d'un acompte ou d'une provision avant mars 2020</Paragraphe></Item><Item><Paragraphe>Prestation qui a donné lieu à des frais engagés par un notaire avant mars 2020.</Paragraphe></Item></Liste><Tableau><Titre>Émoluments en matière de succession entre le 1er mai 2016 et le 31 décembre 2020</Titre><Colonne largeur="29" type="normal"/><Colonne largeur="28" type="normal"/><Colonne largeur="28" type="normal"/><Rangée type="header"><Cellule><Paragraphe>Actes</Paragraphe></Cellule><Cellule><Paragraphe>Valeur du bien</Paragraphe><Paragraphe>Tranches d'assiette</Paragraphe></Cellule><Cellule><Paragraphe>Coût</Paragraphe></Cellule></Rangée><Rangée type="normal"><Cellule fusionHorizontale="2"><Paragraphe>Acte de notoriété</Paragraphe></Cellule><Cellule><Paragraphe><Valeur>72,11 €</Valeur> HT</Paragraphe></Cellule></Rangée><Rangée type="normal"><Cellule fusionHorizontale="2"><Paragraphe>Inventaire</Paragraphe></Cellule><Cellule><Paragraphe><Valeur>96,15 €</Valeur> HT</Paragraphe></Cellule></Rangée><Rangée type="normal"><Cellule fusionVerticale="2"><Paragraphe><LienIntra LienID="R11391" type="Définition de glossaire">Certificat de propriété</LienIntra></Paragraphe></Cellule><Cellule><Paragraphe>Inférieure à <Valeur>3 120 €</Valeur></Paragraphe></Cellule><Cellule><Paragraphe><Valeur>19,22 €</Valeur> HT</Paragraphe></Cellule></Rangée><Rangée type="normal"><Cellule><Paragraphe>Supérieure à <Valeur>3 120 €</Valeur></Paragraphe></Cellule><Cellule><Paragraphe>0,616 % HT de la valeur du bien</Paragraphe></Cellule></Rangée><Rangée type="normal"><Cellule fusionVerticale="4"><Paragraphe>Attestation de propriété</Paragraphe><Paragraphe>(attestation notariée)</Paragraphe></Cellule><Cellule><Paragraphe>De <Valeur>0 €</Valeur> à <Valeur>6 500 €</Valeur></Paragraphe></Cellule><Cellule><Paragraphe>2,465 % HT de la valeur du bien</Paragraphe></Cellule></Rangée><Rangée type="normal"><Cellule><Paragraphe>De <Valeur>6 500 €</Valeur> à <Valeur>17 000 €</Valeur></Paragraphe></Cellule><Cellule><Paragraphe>1,356 % HT de la valeur du bien</Paragraphe></Cellule></Rangée><Rangée type="normal"><Cellule><Paragraphe>De <Valeur>17 000 €</Valeur> à <Valeur>30 000 €</Valeur></Paragraphe></Cellule><Cellule><Paragraphe>0,925 % HT de la valeur du bien</Paragraphe></Cellule></Rangée><Rangée type="normal"><Cellule><Paragraphe>Plus de <Valeur>30 000 €</Valeur></Paragraphe></Cellule><Cellule><Paragraphe>0,677 % HT de la valeur du bien</Paragraphe></Cellule></Rangée><Rangée type="normal"><Cellule fusionVerticale="4"><Paragraphe>Déclaration de succession</Paragraphe></Cellule><Cellule><Paragraphe>De <Valeur>0 €</Valeur> à <Valeur>6 500 €</Valeur></Paragraphe></Cellule><Cellule><Paragraphe>1,972 % HT de l'actif brut</Paragraphe></Cellule></Rangée><Rangée type="normal"><Cellule><Paragraphe>De <Valeur>6 500 €</Valeur> à <Valeur>17 000 €</Valeur></Paragraphe></Cellule><Cellule><Paragraphe>1,085 % HT de l'actif brut</Paragraphe></Cellule></Rangée><Rangée type="normal"><Cellule><Paragraphe>De <Valeur>17 000 €</Valeur> à <Valeur>30 000 €</Valeur></Paragraphe></Cellule><Cellule><Paragraphe>0,740 % HT de l'actif brut</Paragraphe></Cellule></Rangée><Rangée type="normal"><Cellule><Paragraphe>Plus de <Valeur>30 000 €</Valeur></Paragraphe></Cellule><Cellule><Paragraphe>0,542 % HT de l'actif brut</Paragraphe></Cellule></Rangée><Rangée type="normal"><Cellule fusionVerticale="4"><Paragraphe>Partage de la succession</Paragraphe></Cellule><Cellule><Paragraphe>De <Valeur>0 €</Valeur> à <Valeur>6 500 €</Valeur></Paragraphe></Cellule><Cellule><Paragraphe>6,046 % HT de l'actif brut</Paragraphe></Cellule></Rangée><Rangée type="normal"><Cellule><Paragraphe>De <Valeur>6 500 €</Valeur> à <Valeur>17 000 €</Valeur></Paragraphe></Cellule><Cellule><Paragraphe>2,494 % HT de l'actif brut</Paragraphe></Cellule></Rangée><Rangée type="normal"><Cellule><Paragraphe>De <Valeur>17 000 €</Valeur> à <Valeur>60 000 €</Valeur></Paragraphe></Cellule><Cellule><Paragraphe>1,662 % HT de l'actif brut</Paragraphe></Cellule></Rangée><Rangée type="normal"><Cellule><Paragraphe>Plus de <Valeur>60 000 €</Valeur></Paragraphe></Cellule><Cellule><Paragraphe>1,247 % HT de l'actif brut</Paragraphe></Cellule></Rangée><Rangée type="normal"><Cellule fusionVerticale="4"><Paragraphe>Délivrance de legs avec décharge, quittance ou acceptation</Paragraphe></Cellule><Cellule><Paragraphe>De <Valeur>0 €</Valeur> à <Valeur>6 500 €</Valeur></Paragraphe></Cellule><Cellule><Paragraphe>2,465 % HT de la valeur du bien</Paragraphe></Cellule></Rangée><Rangée type="normal"><Cellule><Paragraphe>De <Valeur>6 500 €</Valeur> à <Valeur>17 000 €</Valeur></Paragraphe></Cellule><Cellule><Paragraphe>1,356 % HT de la valeur du bien</Paragraphe></Cellule></Rangée><Rangée type="normal"><Cellule><Paragraphe>De <Valeur>17 000 €</Valeur> à <Valeur>30 000 €</Valeur></Paragraphe></Cellule><Cellule><Paragraphe>0,925 % HT de la valeur du bien</Paragraphe></Cellule></Rangée><Rangée type="normal"><Cellule><Paragraphe>Plus de <Valeur>30 000 €</Valeur></Paragraphe></Cellule><Cellule><Paragraphe>0,667 % HT de la valeur du bien</Paragraphe></Cellule></Rangée><Rangée type="normal"><Cellule fusionVerticale="4"><Paragraphe>Délivrance de legs sans décharge, quittance ou acceptation</Paragraphe></Cellule><Cellule><Paragraphe>De <Valeur>0 €</Valeur> à <Valeur>6 500 €</Valeur></Paragraphe></Cellule><Cellule><Paragraphe>1,232 % HT de la valeur du bien</Paragraphe></Cellule></Rangée><Rangée type="normal"><Cellule><Paragraphe>De <Valeur>6 500 €</Valeur> à <Valeur>17 000 €</Valeur></Paragraphe></Cellule><Cellule><Paragraphe>0,677 % HT de la valeur du bien</Paragraphe></Cellule></Rangée><Rangée type="normal"><Cellule><Paragraphe>De <Valeur>17 000 €</Valeur> à <Valeur>30 000 €</Valeur></Paragraphe></Cellule><Cellule><Paragraphe>0,462 % HT de la valeur du bien</Paragraphe></Cellule></Rangée><Rangée type="normal"><Cellule><Paragraphe>Plus de <Valeur>30 000 €</Valeur></Paragraphe></Cellule><Cellule><Paragraphe>0,339 % HT de la valeur du bien</Paragraphe></Cellule></Rangée></Tableau><ANoter><Titre>À noter</Titre><Paragraphe>le taux de TVA sur les émoluments est de <Valeur>8,5 %</Valeur>.</Paragraphe></ANoter></Cas></BlocCas></Cas><Cas><Titre>Guyane</Titre><BlocCas affichage="radio"><Cas><Titre>Depuis janvier 2021</Titre><Tableau><Titre>Émoluments en matière de succession depuis le 1er janvier 2021</Titre><Colonne largeur="27" type="normal"/><Colonne largeur="26" type="normal"/><Colonne largeur="26" type="normal"/><Rangée type="header"><Cellule><Paragraphe>Actes</Paragraphe></Cellule><Cellule><Paragraphe>Valeur du bien</Paragraphe><Paragraphe>Tranches d'assiette</Paragraphe></Cellule><Cellule><Paragraphe>Coût</Paragraphe></Cellule></Rangée><Rangée type="normal"><Cellule fusionHorizontale="2"><Paragraphe>Acte de notoriété</Paragraphe></Cellule><Cellule><Paragraphe><Valeur>69,62 €</Valeur> HT</Paragraphe></Cellule></Rangée><Rangée type="normal"><Cellule fusionHorizontale="2"><Paragraphe>Inventaire</Paragraphe></Cellule><Cellule><Paragraphe><Valeur>92,82 €</Valeur> HT</Paragraphe></Cellule></Rangée><Rangée type="normal"><Cellule fusionVerticale="2"><Paragraphe><LienIntra LienID="R11391" type="Définition de glossaire">Certificat de propriété</LienIntra></Paragraphe></Cellule><Cellule><Paragraphe>Inférieure à <Valeur>3 120 €</Valeur></Paragraphe></Cellule><Cellule><Paragraphe><Valeur>18,56 €</Valeur> HT</Paragraphe></Cellule></Rangée><Rangée type="normal"><Cellule><Paragraphe>Supérieure à <Valeur>3 120 €</Valeur></Paragraphe></Cellule><Cellule><Paragraphe>0,595 % HT de la valeur du bien</Paragraphe></Cellule></Rangée><Rangée type="normal"><Cellule fusionVerticale="4"><Paragraphe>Attestation de propriété</Paragraphe><Paragraphe>(attestation notariée)</Paragraphe></Cellule><Cellule><Paragraphe>De <Valeur>0 €</Valeur> à <Valeur>6 500 €</Valeur></Paragraphe></Cellule><Cellule><Paragraphe>2,380 % HT de la valeur du bien</Paragraphe></Cellule></Rangée><Rangée type="normal"><Cellule><Paragraphe>De <Valeur>6 500 €</Valeur> à <Valeur>17 000 €</Valeur></Paragraphe></Cellule><Cellule><Paragraphe>1,309 % HT de la valeur du bien</Paragraphe></Cellule></Rangée><Rangée type="normal"><Cellule><Paragraphe>De <Valeur>17 000 €</Valeur> à <Valeur>30 000 €</Valeur></Paragraphe></Cellule><Cellule><Paragraphe>0,893 % HT de la valeur du bien</Paragraphe></Cellule></Rangée><Rangée type="normal"><Cellule><Paragraphe>Plus de <Valeur>30 000 €</Valeur></Paragraphe></Cellule><Cellule><Paragraphe>0,654 % HT de la valeur du bien</Paragraphe></Cellule></Rangée><Rangée type="normal"><Cellule fusionVerticale="4"><Paragraphe>Déclaration de succession</Paragraphe></Cellule><Cellule><Paragraphe>De <Valeur>0 €</Valeur> à <Valeur>6 500 €</Valeur></Paragraphe></Cellule><Cellule><Paragraphe>1,904 % HT de l'actif brut</Paragraphe></Cellule></Rangée><Rangée type="normal"><Cellule><Paragraphe>De <Valeur>6 500 €</Valeur> à <Valeur>17 000 €</Valeur></Paragraphe></Cellule><Cellule><Paragraphe>1,047 % HT de l'actif brut</Paragraphe></Cellule></Rangée><Rangée type="normal"><Cellule><Paragraphe>De <Valeur>17 000 €</Valeur> à <Valeur>30 000 €</Valeur></Paragraphe></Cellule><Cellule><Paragraphe>0,713 % HT de l'actif brut</Paragraphe></Cellule></Rangée><Rangée type="normal"><Cellule><Paragraphe>Plus de <Valeur>30 000 €</Valeur></Paragraphe></Cellule><Cellule><Paragraphe>0,524 % HT de l'actif brut</Paragraphe></Cellule></Rangée><Rangée type="normal"><Cellule fusionVerticale="4"><Paragraphe>Partage de la succession</Paragraphe></Cellule><Cellule><Paragraphe>De <Valeur>0 €</Valeur> à <Valeur>6 500 €</Valeur></Paragraphe></Cellule><Cellule><Paragraphe>5,949 % HT de l'actif brut</Paragraphe></Cellule></Rangée><Rangée type="normal"><Cellule><Paragraphe>De <Valeur>6 500 €</Valeur> à <Valeur>17 000 €</Valeur></Paragraphe></Cellule><Cellule><Paragraphe>2,454 % HT de l'actif brut</Paragraphe></Cellule></Rangée><Rangée type="normal"><Cellule><Paragraphe>De <Valeur>17 000 €</Valeur> à <Valeur>60 000 €</Valeur></Paragraphe></Cellule><Cellule><Paragraphe>1,636 % HT de l'actif brut</Paragraphe></Cellule></Rangée><Rangée type="normal"><Cellule><Paragraphe>Plus de <Valeur>60 000 €</Valeur></Paragraphe></Cellule><Cellule><Paragraphe>1,228 %  HT de l'actif brut</Paragraphe></Cellule></Rangée><Rangée type="normal"><Cellule fusionVerticale="4"><Paragraphe>Délivrance de legs avec décharge, quittance ou acceptation</Paragraphe></Cellule><Cellule><Paragraphe>De <Valeur>0 €</Valeur> à <Valeur>6 500 €</Valeur></Paragraphe></Cellule><Cellule><Paragraphe>2,380 % HT de la valeur du bien</Paragraphe></Cellule></Rangée><Rangée type="normal"><Cellule><Paragraphe>De <Valeur>6 500 €</Valeur> à <Valeur>17 000 €</Valeur></Paragraphe></Cellule><Cellule><Paragraphe>1,309 % HT de la valeur du bien</Paragraphe></Cellule></Rangée><Rangée type="normal"><Cellule><Paragraphe>De <Valeur>17 000 €</Valeur> à <Valeur>30 000 €</Valeur></Paragraphe></Cellule><Cellule><Paragraphe>0,893 % HT de la valeur du bien</Paragraphe></Cellule></Rangée><Rangée type="normal"><Cellule><Paragraphe>Plus de <Valeur>30 000 €</Valeur></Paragraphe></Cellule><Cellule><Paragraphe>0,654 % HT de la valeur du bien</Paragraphe></Cellule></Rangée><Rangée type="normal"><Cellule fusionVerticale="4"><Paragraphe>Délivrance de legs sans décharge, quittance ou acceptation</Paragraphe></Cellule><Cellule><Paragraphe>De <Valeur>0 €</Valeur> à <Valeur>6 500 €</Valeur></Paragraphe></Cellule><Cellule><Paragraphe>1,189 % HT de la valeur du bien</Paragraphe></Cellule></Rangée><Rangée type="normal"><Cellule><Paragraphe>De <Valeur>6 500 €</Valeur> à <Valeur>17 000 €</Valeur></Paragraphe></Cellule><Cellule><Paragraphe>0,654 % HT de la valeur du bien</Paragraphe></Cellule></Rangée><Rangée type="normal"><Cellule><Paragraphe>De <Valeur>17 000 €</Valeur> à <Valeur>30 000 €</Valeur></Paragraphe></Cellule><Cellule><Paragraphe>0,713 % HT de la valeur du bien</Paragraphe></Cellule></Rangée><Rangée type="normal"><Cellule><Paragraphe>Plus de <Valeur>30 000 €</Valeur></Paragraphe></Cellule><Cellule><Paragraphe>0,327 % HT de la valeur du bien</Paragraphe></Cellule></Rangée></Tableau></Cas><Cas><Titre>Prestations effectuées entre le 1er mai 2016 et le 31 décembre 2020</Titre><Paragraphe>Ces tarifs s'appliquent à l'une des prestations suivantes :</Paragraphe><Liste type="puce"><Item><Paragraphe>Prestation effectuée avant janvier 2021 et qui n'a pas encore été réglée</Paragraphe></Item><Item><Paragraphe>Prestation qui a donné lieu au versement par le client d'un acompte ou d'une provision avant mars 2020</Paragraphe></Item><Item><Paragraphe>Prestation qui a donné lieu à des frais engagés par un notaire avant mars 2020.</Paragraphe></Item></Liste><Tableau><Titre>Émoluments en matière de succession entre le 1er mai 2016 et le 31 décembre 2020</Titre><Colonne largeur="29" type="normal"/><Colonne largeur="28" type="normal"/><Colonne largeur="28" type="normal"/><Rangée type="header"><Cellule><Paragraphe>Actes</Paragraphe></Cellule><Cellule><Paragraphe>Valeur du bien</Paragraphe><Paragraphe>Tranches d'assiette</Paragraphe></Cellule><Cellule><Paragraphe>Coût</Paragraphe></Cellule></Rangée><Rangée type="normal"><Cellule fusionHorizontale="2"><Paragraphe>Acte de notoriété</Paragraphe></Cellule><Cellule><Paragraphe><Valeur>72,11 €</Valeur> HT</Paragraphe></Cellule></Rangée><Rangée type="normal"><Cellule fusionHorizontale="2"><Paragraphe>Inventaire</Paragraphe></Cellule><Cellule><Paragraphe><Valeur>96,15 €</Valeur> HT</Paragraphe></Cellule></Rangée><Rangée type="normal"><Cellule fusionVerticale="2"><Paragraphe><LienIntra LienID="R11391" type="Définition de glossaire">Certificat de propriété</LienIntra></Paragraphe></Cellule><Cellule><Paragraphe>Inférieure à <Valeur>3 120 €</Valeur></Paragraphe></Cellule><Cellule><Paragraphe><Valeur>19,22 €</Valeur> HT</Paragraphe></Cellule></Rangée><Rangée type="normal"><Cellule><Paragraphe>Supérieure à <Valeur>3 120 €</Valeur></Paragraphe></Cellule><Cellule><Paragraphe>0,616 % HT de la valeur du bien</Paragraphe></Cellule></Rangée><Rangée type="normal"><Cellule fusionVerticale="4"><Paragraphe>Attestation de propriété</Paragraphe><Paragraphe>(attestation notariée)</Paragraphe></Cellule><Cellule><Paragraphe>De <Valeur>0 €</Valeur> à <Valeur>6 500 €</Valeur></Paragraphe></Cellule><Cellule><Paragraphe>2,465 % HT de la valeur du bien</Paragraphe></Cellule></Rangée><Rangée type="normal"><Cellule><Paragraphe>De <Valeur>6 500 €</Valeur> à <Valeur>17 000 €</Valeur></Paragraphe></Cellule><Cellule><Paragraphe>1,356 % HT de la valeur du bien</Paragraphe></Cellule></Rangée><Rangée type="normal"><Cellule><Paragraphe>De <Valeur>17 000 €</Valeur> à <Valeur>30 000 €</Valeur></Paragraphe></Cellule><Cellule><Paragraphe>0,925 % HT de la valeur du bien</Paragraphe></Cellule></Rangée><Rangée type="normal"><Cellule><Paragraphe>Plus de <Valeur>30 000 €</Valeur></Paragraphe></Cellule><Cellule><Paragraphe>0,677 % HT de la valeur du bien</Paragraphe></Cellule></Rangée><Rangée type="normal"><Cellule fusionVerticale="4"><Paragraphe>Déclaration de succession</Paragraphe></Cellule><Cellule><Paragraphe>De <Valeur>0 €</Valeur> à <Valeur>6 500 €</Valeur></Paragraphe></Cellule><Cellule><Paragraphe>1,972 % HT de l'actif brut</Paragraphe></Cellule></Rangée><Rangée type="normal"><Cellule><Paragraphe>De <Valeur>6 500 €</Valeur> à <Valeur>17 000 €</Valeur></Paragraphe></Cellule><Cellule><Paragraphe>1,085 % HT de l'actif brut</Paragraphe></Cellule></Rangée><Rangée type="normal"><Cellule><Paragraphe>De <Valeur>17 000 €</Valeur> à <Valeur>30 000 €</Valeur></Paragraphe></Cellule><Cellule><Paragraphe>0,740 % HT de l'actif brut</Paragraphe></Cellule></Rangée><Rangée type="normal"><Cellule><Paragraphe>Plus de <Valeur>30 000 €</Valeur></Paragraphe></Cellule><Cellule><Paragraphe>0,542 % HT de l'actif brut</Paragraphe></Cellule></Rangée><Rangée type="normal"><Cellule fusionVerticale="4"><Paragraphe>Partage de la succession</Paragraphe></Cellule><Cellule><Paragraphe>De <Valeur>0 €</Valeur> à <Valeur>6 500 €</Valeur></Paragraphe></Cellule><Cellule><Paragraphe>6,046 % HT de l'actif brut</Paragraphe></Cellule></Rangée><Rangée type="normal"><Cellule><Paragraphe>De <Valeur>6 500 €</Valeur> à <Valeur>17 000 €</Valeur></Paragraphe></Cellule><Cellule><Paragraphe>2,494 % HT de l'actif brut</Paragraphe></Cellule></Rangée><Rangée type="normal"><Cellule><Paragraphe>De <Valeur>17 000 €</Valeur> à <Valeur>60 000 €</Valeur></Paragraphe></Cellule><Cellule><Paragraphe>1,662 % HT de l'actif brut</Paragraphe></Cellule></Rangée><Rangée type="normal"><Cellule><Paragraphe>Plus de <Valeur>60 000 €</Valeur></Paragraphe></Cellule><Cellule><Paragraphe>1,247 % HT de l'actif brut</Paragraphe></Cellule></Rangée><Rangée type="normal"><Cellule fusionVerticale="4"><Paragraphe>Délivrance de legs avec décharge, quittance ou acceptation</Paragraphe></Cellule><Cellule><Paragraphe>De <Valeur>0 €</Valeur> à <Valeur>6 500 €</Valeur></Paragraphe></Cellule><Cellule><Paragraphe>2,465 % HT de la valeur du bien</Paragraphe></Cellule></Rangée><Rangée type="normal"><Cellule><Paragraphe>De <Valeur>6 500 €</Valeur> à <Valeur>17 000 €</Valeur></Paragraphe></Cellule><Cellule><Paragraphe>1,356 % HT de la valeur du bien</Paragraphe></Cellule></Rangée><Rangée type="normal"><Cellule><Paragraphe>De <Valeur>17 000 €</Valeur> à <Valeur>30 000 €</Valeur></Paragraphe></Cellule><Cellule><Paragraphe>0,925 % HT de la valeur du bien</Paragraphe></Cellule></Rangée><Rangée type="normal"><Cellule><Paragraphe>Plus de <Valeur>30 000 €</Valeur></Paragraphe></Cellule><Cellule><Paragraphe>0,667 % HT de la valeur du bien</Paragraphe></Cellule></Rangée><Rangée type="normal"><Cellule fusionVerticale="4"><Paragraphe>Délivrance de legs sans décharge, quittance ou acceptation</Paragraphe></Cellule><Cellule><Paragraphe>De <Valeur>0 €</Valeur> à <Valeur>6 500 €</Valeur></Paragraphe></Cellule><Cellule><Paragraphe>1,232 % HT de la valeur du bien</Paragraphe></Cellule></Rangée><Rangée type="normal"><Cellule><Paragraphe>De <Valeur>6 500 €</Valeur> à <Valeur>17 000 €</Valeur></Paragraphe></Cellule><Cellule><Paragraphe>0,677 % HT de la valeur du bien</Paragraphe></Cellule></Rangée><Rangée type="normal"><Cellule><Paragraphe>De <Valeur>17 000 €</Valeur> à <Valeur>30 000 €</Valeur></Paragraphe></Cellule><Cellule><Paragraphe>0,462 % HT de la valeur du bien</Paragraphe></Cellule></Rangée><Rangée type="normal"><Cellule><Paragraphe>Plus de <Valeur>30 000 €</Valeur></Paragraphe></Cellule><Cellule><Paragraphe>0,339 % HT de la valeur du bien</Paragraphe></Cellule></Rangée></Tableau></Cas></BlocCas></Cas><Cas><Titre>Réunion</Titre><BlocCas affichage="radio"><Cas><Titre>Depuis janvier 2021</Titre><Tableau><Titre>Émoluments en matière de succession depuis le 1er janvier 2021</Titre><Colonne largeur="27" type="normal"/><Colonne largeur="26" type="normal"/><Colonne largeur="26" type="normal"/><Rangée type="header"><Cellule><Paragraphe>Actes</Paragraphe></Cellule><Cellule><Paragraphe>Valeur du bien</Paragraphe><Paragraphe>Tranches d'assiette</Paragraphe></Cellule><Cellule><Paragraphe>Coût</Paragraphe></Cellule></Rangée><Rangée type="normal"><Cellule fusionHorizontale="2"><Paragraphe>Acte de notoriété</Paragraphe></Cellule><Cellule><Paragraphe><Valeur>77,54 €</Valeur> HT</Paragraphe></Cellule></Rangée><Rangée type="normal"><Cellule fusionHorizontale="2"><Paragraphe>Inventaire</Paragraphe></Cellule><Cellule><Paragraphe><Valeur>103,38 €</Valeur> HT</Paragraphe></Cellule></Rangée><Rangée type="normal"><Cellule fusionVerticale="2"><Paragraphe><LienIntra LienID="R11391" type="Définition de glossaire">Certificat de propriété</LienIntra></Paragraphe></Cellule><Cellule><Paragraphe>Inférieure à <Valeur>3 120 €</Valeur></Paragraphe></Cellule><Cellule><Paragraphe><Valeur>20,67 €</Valeur> HT</Paragraphe></Cellule></Rangée><Rangée type="normal"><Cellule><Paragraphe>Supérieure à <Valeur>3 120 €</Valeur></Paragraphe></Cellule><Cellule><Paragraphe>0,663 % HT de la valeur du bien</Paragraphe></Cellule></Rangée><Rangée type="normal"><Cellule fusionVerticale="4"><Paragraphe>Attestation de propriété</Paragraphe><Paragraphe>(attestation notariée)</Paragraphe></Cellule><Cellule><Paragraphe>De <Valeur>0 €</Valeur> à <Valeur>6 500 €</Valeur></Paragraphe></Cellule><Cellule><Paragraphe>2,651 % HT de la valeur du bien</Paragraphe></Cellule></Rangée><Rangée type="normal"><Cellule><Paragraphe>De <Valeur>6 500 €</Valeur> à <Valeur>17 000 €</Valeur></Paragraphe></Cellule><Cellule><Paragraphe>1,458 % HT de la valeur du bien</Paragraphe></Cellule></Rangée><Rangée type="normal"><Cellule><Paragraphe>De <Valeur>17 000 €</Valeur> à <Valeur>30 000 €</Valeur></Paragraphe></Cellule><Cellule><Paragraphe>0,995 % HT de la valeur du bien</Paragraphe></Cellule></Rangée><Rangée type="normal"><Cellule><Paragraphe>Plus de <Valeur>30 000 €</Valeur></Paragraphe></Cellule><Cellule><Paragraphe>0,729 % HT de la valeur du bien</Paragraphe></Cellule></Rangée><Rangée type="normal"><Cellule fusionVerticale="4"><Paragraphe>Déclaration de succession</Paragraphe></Cellule><Cellule><Paragraphe>De <Valeur>0 €</Valeur> à <Valeur>6 500 €</Valeur></Paragraphe></Cellule><Cellule><Paragraphe>2,121 % HT de l'actif brut</Paragraphe></Cellule></Rangée><Rangée type="normal"><Cellule><Paragraphe>De <Valeur>6 500 €</Valeur> à <Valeur>17 000 €</Valeur></Paragraphe></Cellule><Cellule><Paragraphe>1,166 % HT de l'actif brut</Paragraphe></Cellule></Rangée><Rangée type="normal"><Cellule><Paragraphe>De <Valeur>17 000 €</Valeur> à <Valeur>30 000 €</Valeur></Paragraphe></Cellule><Cellule><Paragraphe>0,795 % HT de l'actif brut</Paragraphe></Cellule></Rangée><Rangée type="normal"><Cellule><Paragraphe>Plus de <Valeur>30 000 €</Valeur></Paragraphe></Cellule><Cellule><Paragraphe>0,584 % HT de l'actif brut</Paragraphe></Cellule></Rangée><Rangée type="normal"><Cellule fusionVerticale="4"><Paragraphe>Partage de la succession</Paragraphe></Cellule><Cellule><Paragraphe>De <Valeur>0 €</Valeur> à <Valeur>6 500 €</Valeur></Paragraphe></Cellule><Cellule><Paragraphe>6,627 % HT de l'actif brut</Paragraphe></Cellule></Rangée><Rangée type="normal"><Cellule><Paragraphe>De <Valeur>6 500 €</Valeur> à <Valeur>17 000 €</Valeur></Paragraphe></Cellule><Cellule><Paragraphe>2,733 % HT de l'actif brut</Paragraphe></Cellule></Rangée><Rangée type="normal"><Cellule><Paragraphe>De <Valeur>17 000 €</Valeur> à <Valeur>60 000 €</Valeur></Paragraphe></Cellule><Cellule><Paragraphe>1,822 % HT de l'actif brut</Paragraphe></Cellule></Rangée><Rangée type="normal"><Cellule><Paragraphe>Plus de <Valeur>60 000 €</Valeur></Paragraphe></Cellule><Cellule><Paragraphe>1,367 %  HT de l'actif brut</Paragraphe></Cellule></Rangée><Rangée type="normal"><Cellule fusionVerticale="4"><Paragraphe>Délivrance de legs avec décharge, quittance ou acceptation</Paragraphe></Cellule><Cellule><Paragraphe>De <Valeur>0 €</Valeur> à <Valeur>6 500 €</Valeur></Paragraphe></Cellule><Cellule><Paragraphe>2,651 % HT de la valeur du bien</Paragraphe></Cellule></Rangée><Rangée type="normal"><Cellule><Paragraphe>De <Valeur>6 500 €</Valeur> à <Valeur>17 000 €</Valeur></Paragraphe></Cellule><Cellule><Paragraphe>1,458 % HT de la valeur du bien</Paragraphe></Cellule></Rangée><Rangée type="normal"><Cellule><Paragraphe>De <Valeur>17 000 €</Valeur> à <Valeur>30 000 €</Valeur></Paragraphe></Cellule><Cellule><Paragraphe>0,995 % HT de la valeur du bien</Paragraphe></Cellule></Rangée><Rangée type="normal"><Cellule><Paragraphe>Plus de <Valeur>30 000 €</Valeur></Paragraphe></Cellule><Cellule><Paragraphe>0,729 % HT de la valeur du bien</Paragraphe></Cellule></Rangée><Rangée type="normal"><Cellule fusionVerticale="4"><Paragraphe>Délivrance de legs sans décharge, quittance ou acceptation</Paragraphe></Cellule><Cellule><Paragraphe>De <Valeur>0 €</Valeur> à <Valeur>6 500 €</Valeur></Paragraphe></Cellule><Cellule><Paragraphe>1,325 % HT de la valeur du bien</Paragraphe></Cellule></Rangée><Rangée type="normal"><Cellule><Paragraphe>De <Valeur>6 500 €</Valeur> à <Valeur>17 000 €</Valeur></Paragraphe></Cellule><Cellule><Paragraphe>0,729 % HT de la valeur du bien</Paragraphe></Cellule></Rangée><Rangée type="normal"><Cellule><Paragraphe>De <Valeur>17 000 €</Valeur> à <Valeur>30 000 €</Valeur></Paragraphe></Cellule><Cellule><Paragraphe>0,497 % HT de la valeur du bien</Paragraphe></Cellule></Rangée><Rangée type="normal"><Cellule><Paragraphe>Plus de <Valeur>30 000 €</Valeur></Paragraphe></Cellule><Cellule><Paragraphe>0,364 % HT de la valeur du bien</Paragraphe></Cellule></Rangée></Tableau><ANoter><Titre>À noter</Titre><Paragraphe>le taux de TVA sur les émoluments est de <Valeur>8,5 %</Valeur>.</Paragraphe></ANoter></Cas><Cas><Titre>Prestations effectuées entre le 1er mai 2016 et le 31 décembre 2020</Titre><Paragraphe>Ces tarifs s'appliquent à l'une des prestations suivantes :</Paragraphe><Liste type="puce"><Item><Paragraphe>Prestation effectuée avant janvier 2021 et qui n'a pas encore été réglée</Paragraphe></Item><Item><Paragraphe>Prestation qui a donné lieu au versement par le client d'un acompte ou d'une provision avant mars 2020</Paragraphe></Item><Item><Paragraphe>Prestation qui a donné lieu à des frais engagés par un notaire avant mars 2020.</Paragraphe></Item></Liste><Tableau><Titre>Émoluments en matière de succession entre le 1er mai 2016 et le 31 décembre 2020</Titre><Colonne largeur="29" type="normal"/><Colonne largeur="28" type="normal"/><Colonne largeur="28" type="normal"/><Rangée type="header"><Cellule><Paragraphe>Actes</Paragraphe></Cellule><Cellule><Paragraphe>Valeur du bien</Paragraphe><Paragraphe>Tranches d'assiette</Paragraphe></Cellule><Cellule><Paragraphe>Coût</Paragraphe></Cellule></Rangée><Rangée type="normal"><Cellule fusionHorizontale="2"><Paragraphe>Acte de notoriété</Paragraphe></Cellule><Cellule><Paragraphe><Valeur>80,77 €</Valeur> HT</Paragraphe></Cellule></Rangée><Rangée type="normal"><Cellule fusionHorizontale="2"><Paragraphe>Inventaire</Paragraphe></Cellule><Cellule><Paragraphe><Valeur>107,69 €</Valeur> HT</Paragraphe></Cellule></Rangée><Rangée type="normal"><Cellule fusionVerticale="2"><Paragraphe><LienIntra LienID="R11391" type="Définition de glossaire">Certificat de propriété</LienIntra></Paragraphe></Cellule><Cellule><Paragraphe>Inférieure à <Valeur>3 120 €</Valeur></Paragraphe></Cellule><Cellule><Paragraphe><Valeur>21,53 €</Valeur> HT</Paragraphe></Cellule></Rangée><Rangée type="normal"><Cellule><Paragraphe>Supérieure à <Valeur>3 120 €</Valeur></Paragraphe></Cellule><Cellule><Paragraphe>0,690 % HT de la valeur du bien</Paragraphe></Cellule></Rangée><Rangée type="normal"><Cellule fusionVerticale="4"><Paragraphe>Attestation de propriété</Paragraphe><Paragraphe>(attestation notariée)</Paragraphe></Cellule><Cellule><Paragraphe>De <Valeur>0 €</Valeur> à <Valeur>6 500 €</Valeur></Paragraphe></Cellule><Cellule><Paragraphe>2,761 % HT de la valeur du bien</Paragraphe></Cellule></Rangée><Rangée type="normal"><Cellule><Paragraphe>De <Valeur>6 500 €</Valeur> à <Valeur>17 000 €</Valeur></Paragraphe></Cellule><Cellule><Paragraphe>1,519 % HT de la valeur du bien</Paragraphe></Cellule></Rangée><Rangée type="normal"><Cellule><Paragraphe>De <Valeur>17 000 €</Valeur> à <Valeur>30 000 €</Valeur></Paragraphe></Cellule><Cellule><Paragraphe>1,036 % HT de la valeur du bien</Paragraphe></Cellule></Rangée><Rangée type="normal"><Cellule><Paragraphe>Plus de <Valeur>30 000 €</Valeur></Paragraphe></Cellule><Cellule><Paragraphe>0,759 % HT de la valeur du bien</Paragraphe></Cellule></Rangée><Rangée type="normal"><Cellule fusionVerticale="4"><Paragraphe>Déclaration de succession</Paragraphe></Cellule><Cellule><Paragraphe>De <Valeur>0 €</Valeur> à <Valeur>6 500 €</Valeur></Paragraphe></Cellule><Cellule><Paragraphe>2,209 % HT de l'actif brut</Paragraphe></Cellule></Rangée><Rangée type="normal"><Cellule><Paragraphe>De <Valeur>6 500 €</Valeur> à <Valeur>17 000 €</Valeur></Paragraphe></Cellule><Cellule><Paragraphe>1,215 % HT de l'actif brut</Paragraphe></Cellule></Rangée><Rangée type="normal"><Cellule><Paragraphe>De <Valeur>17 000 €</Valeur> à <Valeur>30 000 €</Valeur></Paragraphe></Cellule><Cellule><Paragraphe>0,829 % HT de l'actif brut</Paragraphe></Cellule></Rangée><Rangée type="normal"><Cellule><Paragraphe>Plus de <Valeur>30 000 €</Valeur></Paragraphe></Cellule><Cellule><Paragraphe>0,608 % HT de l'actif brut</Paragraphe></Cellule></Rangée><Rangée type="normal"><Cellule fusionVerticale="4"><Paragraphe>Partage de la succession</Paragraphe></Cellule><Cellule><Paragraphe>De <Valeur>0 €</Valeur> à <Valeur>6 500 €</Valeur></Paragraphe></Cellule><Cellule><Paragraphe>6,772 % HT de l'actif brut</Paragraphe></Cellule></Rangée><Rangée type="normal"><Cellule><Paragraphe>De <Valeur>6 500 €</Valeur> à <Valeur>17 000 €</Valeur></Paragraphe></Cellule><Cellule><Paragraphe>2,793 % HT de l'actif brut</Paragraphe></Cellule></Rangée><Rangée type="normal"><Cellule><Paragraphe>De <Valeur>17 000 €</Valeur> à <Valeur>60 000 €</Valeur></Paragraphe></Cellule><Cellule><Paragraphe>1,862 % HT de l'actif brut</Paragraphe></Cellule></Rangée><Rangée type="normal"><Cellule><Paragraphe>Plus de <Valeur>60 000 €</Valeur></Paragraphe></Cellule><Cellule><Paragraphe>1,397 % HT de l'actif brut</Paragraphe></Cellule></Rangée><Rangée type="normal"><Cellule fusionVerticale="4"><Paragraphe>Délivrance de legs avec décharge, quittance ou acceptation</Paragraphe></Cellule><Cellule><Paragraphe>De <Valeur>0 €</Valeur> à <Valeur>6 500 €</Valeur></Paragraphe></Cellule><Cellule><Paragraphe>2,761 % HT de la valeur du bien</Paragraphe></Cellule></Rangée><Rangée type="normal"><Cellule><Paragraphe>De <Valeur>6 500 €</Valeur> à <Valeur>17 000 €</Valeur></Paragraphe></Cellule><Cellule><Paragraphe>1,519 % HT de la valeur du bien</Paragraphe></Cellule></Rangée><Rangée type="normal"><Cellule><Paragraphe>De <Valeur>17 000 €</Valeur> à <Valeur>30 000 €</Valeur></Paragraphe></Cellule><Cellule><Paragraphe>1,036 % HT de la valeur du bien</Paragraphe></Cellule></Rangée><Rangée type="normal"><Cellule><Paragraphe>Plus de <Valeur>30 000 €</Valeur></Paragraphe></Cellule><Cellule><Paragraphe>0,759 % HT de la valeur du bien</Paragraphe></Cellule></Rangée><Rangée type="normal"><Cellule fusionVerticale="4"><Paragraphe>Délivrance de legs sans décharge, quittance ou acceptation</Paragraphe></Cellule><Cellule><Paragraphe>De <Valeur>0 €</Valeur> à <Valeur>6 500 €</Valeur></Paragraphe></Cellule><Cellule><Paragraphe>1,380 % HT de la valeur du bien</Paragraphe></Cellule></Rangée><Rangée type="normal"><Cellule><Paragraphe>De <Valeur>6 500 €</Valeur> à <Valeur>17 000 €</Valeur></Paragraphe></Cellule><Cellule><Paragraphe>0,759 % HT de la valeur du bien</Paragraphe></Cellule></Rangée><Rangée type="normal"><Cellule><Paragraphe>De <Valeur>17 000 €</Valeur> à <Valeur>30 000 €</Valeur></Paragraphe></Cellule><Cellule><Paragraphe>0,518 % HT de la valeur du bien</Paragraphe></Cellule></Rangée><Rangée type="normal"><Cellule><Paragraphe>Plus de <Valeur>30 000 €</Valeur></Paragraphe></Cellule><Cellule><Paragraphe>0,379 % HT de la valeur du bien</Paragraphe></Cellule></Rangée></Tableau><ANoter><Titre>À noter</Titre><Paragraphe>le taux de TVA sur les émoluments est de <Valeur>8,5 %</Valeur>.</Paragraphe></ANoter></Cas></BlocCas></Cas><Cas><Titre>Mayotte</Titre><BlocCas affichage="radio"><Cas><Titre>Depuis janvier 2021</Titre><Tableau><Titre>Émoluments en matière de succession depuis le 1er janvier 2021</Titre><Colonne largeur="27" type="normal"/><Colonne largeur="26" type="normal"/><Colonne largeur="26" type="normal"/><Rangée type="header"><Cellule><Paragraphe>Actes</Paragraphe></Cellule><Cellule><Paragraphe>Valeur du bien</Paragraphe><Paragraphe>Tranches d'assiette</Paragraphe></Cellule><Cellule><Paragraphe>Coût</Paragraphe></Cellule></Rangée><Rangée type="normal"><Cellule fusionHorizontale="2"><Paragraphe>Acte de notoriété</Paragraphe></Cellule><Cellule><Paragraphe><Valeur>77,54 €</Valeur> HT</Paragraphe></Cellule></Rangée><Rangée type="normal"><Cellule fusionHorizontale="2"><Paragraphe>Inventaire</Paragraphe></Cellule><Cellule><Paragraphe><Valeur>103,38 €</Valeur> HT</Paragraphe></Cellule></Rangée><Rangée type="normal"><Cellule fusionVerticale="2"><Paragraphe><LienIntra LienID="R11391" type="Définition de glossaire">Certificat de propriété</LienIntra></Paragraphe></Cellule><Cellule><Paragraphe>Inférieure à <Valeur>3 120 €</Valeur></Paragraphe></Cellule><Cellule><Paragraphe><Valeur>20,67 €</Valeur> HT</Paragraphe></Cellule></Rangée><Rangée type="normal"><Cellule><Paragraphe>Supérieure à <Valeur>3 120 €</Valeur></Paragraphe></Cellule><Cellule><Paragraphe>0,663 % HT de la valeur du bien</Paragraphe></Cellule></Rangée><Rangée type="normal"><Cellule fusionVerticale="4"><Paragraphe>Attestation de propriété</Paragraphe><Paragraphe>(attestation notariée)</Paragraphe></Cellule><Cellule><Paragraphe>De <Valeur>0 €</Valeur> à <Valeur>6 500 €</Valeur></Paragraphe></Cellule><Cellule><Paragraphe>2,651 % HT de la valeur du bien</Paragraphe></Cellule></Rangée><Rangée type="normal"><Cellule><Paragraphe>De <Valeur>6 500 €</Valeur> à <Valeur>17 000 €</Valeur></Paragraphe></Cellule><Cellule><Paragraphe>1,458 % HT de la valeur du bien</Paragraphe></Cellule></Rangée><Rangée type="normal"><Cellule><Paragraphe>De <Valeur>17 000 €</Valeur> à <Valeur>30 000 €</Valeur></Paragraphe></Cellule><Cellule><Paragraphe>0,995 % HT de la valeur du bien</Paragraphe></Cellule></Rangée><Rangée type="normal"><Cellule><Paragraphe>Plus de <Valeur>30 000 €</Valeur></Paragraphe></Cellule><Cellule><Paragraphe>0,729 % HT de la valeur du bien</Paragraphe></Cellule></Rangée><Rangée type="normal"><Cellule fusionVerticale="4"><Paragraphe>Déclaration de succession</Paragraphe></Cellule><Cellule><Paragraphe>De <Valeur>0 €</Valeur> à <Valeur>6 500 €</Valeur></Paragraphe></Cellule><Cellule><Paragraphe>2,121 % HT de l'actif brut</Paragraphe></Cellule></Rangée><Rangée type="normal"><Cellule><Paragraphe>De <Valeur>6 500 €</Valeur> à <Valeur>17 000 €</Valeur></Paragraphe></Cellule><Cellule><Paragraphe>1,166 % HT de l'actif brut</Paragraphe></Cellule></Rangée><Rangée type="normal"><Cellule><Paragraphe>De <Valeur>17 000 €</Valeur> à <Valeur>30 000 €</Valeur></Paragraphe></Cellule><Cellule><Paragraphe>0,795 % HT de l'actif brut</Paragraphe></Cellule></Rangée><Rangée type="normal"><Cellule><Paragraphe>Plus de <Valeur>30 000 €</Valeur></Paragraphe></Cellule><Cellule><Paragraphe>0,584 % HT de l'actif brut</Paragraphe></Cellule></Rangée><Rangée type="normal"><Cellule fusionVerticale="4"><Paragraphe>Partage de la succession</Paragraphe></Cellule><Cellule><Paragraphe>De <Valeur>0 €</Valeur> à <Valeur>6 500 €</Valeur></Paragraphe></Cellule><Cellule><Paragraphe>6,627 % HT de l'actif brut</Paragraphe></Cellule></Rangée><Rangée type="normal"><Cellule><Paragraphe>De <Valeur>6 500 €</Valeur> à <Valeur>17 000 €</Valeur></Paragraphe></Cellule><Cellule><Paragraphe>2,733 % HT de l'actif brut</Paragraphe></Cellule></Rangée><Rangée type="normal"><Cellule><Paragraphe>De <Valeur>17 000 €</Valeur> à <Valeur>60 000 €</Valeur></Paragraphe></Cellule><Cellule><Paragraphe>1,822 % HT de l'actif brut</Paragraphe></Cellule></Rangée><Rangée type="normal"><Cellule><Paragraphe>Plus de <Valeur>60 000 €</Valeur></Paragraphe></Cellule><Cellule><Paragraphe>1,367 %  HT de l'actif brut</Paragraphe></Cellule></Rangée><Rangée type="normal"><Cellule fusionVerticale="4"><Paragraphe>Délivrance de legs avec décharge, quittance ou acceptation</Paragraphe></Cellule><Cellule><Paragraphe>De <Valeur>0 €</Valeur> à <Valeur>6 500 €</Valeur></Paragraphe></Cellule><Cellule><Paragraphe>2,651 % HT de la valeur du bien</Paragraphe></Cellule></Rangée><Rangée type="normal"><Cellule><Paragraphe>De <Valeur>6 500 €</Valeur> à <Valeur>17 000 €</Valeur></Paragraphe></Cellule><Cellule><Paragraphe>1,458 % HT de la valeur du bien</Paragraphe></Cellule></Rangée><Rangée type="normal"><Cellule><Paragraphe>De <Valeur>17 000 €</Valeur> à <Valeur>30 000 €</Valeur></Paragraphe></Cellule><Cellule><Paragraphe>0,995 % HT de la valeur du bien</Paragraphe></Cellule></Rangée><Rangée type="normal"><Cellule><Paragraphe>Plus de <Valeur>30 000 €</Valeur></Paragraphe></Cellule><Cellule><Paragraphe>0,729 % HT de la valeur du bien</Paragraphe></Cellule></Rangée><Rangée type="normal"><Cellule fusionVerticale="4"><Paragraphe>Délivrance de legs sans décharge, quittance ou acceptation</Paragraphe></Cellule><Cellule><Paragraphe>De <Valeur>0 €</Valeur> à <Valeur>6 500 €</Valeur></Paragraphe></Cellule><Cellule><Paragraphe>1,325 % HT de la valeur du bien</Paragraphe></Cellule></Rangée><Rangée type="normal"><Cellule><Paragraphe>De <Valeur>6 500 €</Valeur> à <Valeur>17 000 €</Valeur></Paragraphe></Cellule><Cellule><Paragraphe>0,729 % HT de la valeur du bien</Paragraphe></Cellule></Rangée><Rangée type="normal"><Cellule><Paragraphe>De <Valeur>17 000 €</Valeur> à <Valeur>30 000 €</Valeur></Paragraphe></Cellule><Cellule><Paragraphe>0,497 % HT de la valeur du bien</Paragraphe></Cellule></Rangée><Rangée type="normal"><Cellule><Paragraphe>Plus de <Valeur>30 000 €</Valeur></Paragraphe></Cellule><Cellule><Paragraphe>0,364 % HT de la valeur du bien</Paragraphe></Cellule></Rangée></Tableau></Cas><Cas><Titre>Prestations effectuées entre le 1er mai 2016 et le 31 décembre 2020</Titre><Paragraphe>Ces tarifs s'appliquent à l'une des prestations suivantes :</Paragraphe><Liste type="puce"><Item><Paragraphe>Prestation effectuée avant janvier 2021 et qui n'a pas encore été réglée</Paragraphe></Item><Item><Paragraphe>Prestation qui a donné lieu au versement par le client d'un acompte ou d'une provision avant mars 2020</Paragraphe></Item><Item><Paragraphe>Prestation qui a donné lieu à des frais engagés par un notaire avant mars 2020.</Paragraphe></Item></Liste><Tableau><Titre>Émoluments en matière de succession entre le 1er mai 2016 et le 31 décembre 2020</Titre><Colonne largeur="29" type="normal"/><Colonne largeur="28" type="normal"/><Colonne largeur="28" type="normal"/><Rangée type="header"><Cellule><Paragraphe>Actes</Paragraphe></Cellule><Cellule><Paragraphe>Valeur du bien</Paragraphe><Paragraphe>Tranches d'assiette</Paragraphe></Cellule><Cellule><Paragraphe>Coût</Paragraphe></Cellule></Rangée><Rangée type="normal"><Cellule fusionHorizontale="2"><Paragraphe>Acte de notoriété</Paragraphe></Cellule><Cellule><Paragraphe><Valeur>80,77 €</Valeur> HT</Paragraphe></Cellule></Rangée><Rangée type="normal"><Cellule fusionHorizontale="2"><Paragraphe>Inventaire</Paragraphe></Cellule><Cellule><Paragraphe><Valeur>107,69 €</Valeur> HT</Paragraphe></Cellule></Rangée><Rangée type="normal"><Cellule fusionVerticale="2"><Paragraphe><LienIntra LienID="R11391" type="Définition de glossaire">Certificat de propriété</LienIntra></Paragraphe></Cellule><Cellule><Paragraphe>Inférieure à <Valeur>3 120 €</Valeur></Paragraphe></Cellule><Cellule><Paragraphe><Valeur>21,53 €</Valeur> HT</Paragraphe></Cellule></Rangée><Rangée type="normal"><Cellule><Paragraphe>Supérieure à <Valeur>3 120 €</Valeur></Paragraphe></Cellule><Cellule><Paragraphe>0,690 % HT de la valeur du bien</Paragraphe></Cellule></Rangée><Rangée type="normal"><Cellule fusionVerticale="4"><Paragraphe>Attestation de propriété</Paragraphe><Paragraphe>(attestation notariée)</Paragraphe></Cellule><Cellule><Paragraphe>De <Valeur>0 €</Valeur> à <Valeur>6 500 €</Valeur></Paragraphe></Cellule><Cellule><Paragraphe>2,761 % HT de la valeur du bien</Paragraphe></Cellule></Rangée><Rangée type="normal"><Cellule><Paragraphe>De <Valeur>6 500 €</Valeur> à <Valeur>17 000 €</Valeur></Paragraphe></Cellule><Cellule><Paragraphe>1,519 % HT de la valeur du bien</Paragraphe></Cellule></Rangée><Rangée type="normal"><Cellule><Paragraphe>De <Valeur>17 000 €</Valeur> à <Valeur>30 000 €</Valeur></Paragraphe></Cellule><Cellule><Paragraphe>1,036 % HT de la valeur du bien</Paragraphe></Cellule></Rangée><Rangée type="normal"><Cellule><Paragraphe>Plus de <Valeur>30 000 €</Valeur></Paragraphe></Cellule><Cellule><Paragraphe>0,759 % HT de la valeur du bien</Paragraphe></Cellule></Rangée><Rangée type="normal"><Cellule fusionVerticale="4"><Paragraphe>Déclaration de succession</Paragraphe></Cellule><Cellule><Paragraphe>De <Valeur>0 €</Valeur> à <Valeur>6 500 €</Valeur></Paragraphe></Cellule><Cellule><Paragraphe>2,209 % HT de l'actif brut</Paragraphe></Cellule></Rangée><Rangée type="normal"><Cellule><Paragraphe>De <Valeur>6 500 €</Valeur> à <Valeur>17 000 €</Valeur></Paragraphe></Cellule><Cellule><Paragraphe>1,215 % HT de l'actif brut</Paragraphe></Cellule></Rangée><Rangée type="normal"><Cellule><Paragraphe>De <Valeur>17 000 €</Valeur> à <Valeur>30 000 €</Valeur></Paragraphe></Cellule><Cellule><Paragraphe>0,829 % HT de l'actif brut</Paragraphe></Cellule></Rangée><Rangée type="normal"><Cellule><Paragraphe>Plus de <Valeur>30 000 €</Valeur></Paragraphe></Cellule><Cellule><Paragraphe>0,608 % HT de l'actif brut</Paragraphe></Cellule></Rangée><Rangée type="normal"><Cellule fusionVerticale="4"><Paragraphe>Partage de la succession</Paragraphe></Cellule><Cellule><Paragraphe>De <Valeur>0 €</Valeur> à <Valeur>6 500 €</Valeur></Paragraphe></Cellule><Cellule><Paragraphe>6,772 % HT de l'actif brut</Paragraphe></Cellule></Rangée><Rangée type="normal"><Cellule><Paragraphe>De <Valeur>6 500 €</Valeur> à <Valeur>17 000 €</Valeur></Paragraphe></Cellule><Cellule><Paragraphe>2,793 % HT de l'actif brut</Paragraphe></Cellule></Rangée><Rangée type="normal"><Cellule><Paragraphe>De <Valeur>17 000 €</Valeur> à <Valeur>60 000 €</Valeur></Paragraphe></Cellule><Cellule><Paragraphe>1,862 % HT de l'actif brut</Paragraphe></Cellule></Rangée><Rangée type="normal"><Cellule><Paragraphe>Plus de <Valeur>60 000 €</Valeur></Paragraphe></Cellule><Cellule><Paragraphe>1,397 % HT de l'actif brut</Paragraphe></Cellule></Rangée><Rangée type="normal"><Cellule fusionVerticale="4"><Paragraphe>Délivrance de legs avec décharge, quittance ou acceptation</Paragraphe></Cellule><Cellule><Paragraphe>De <Valeur>0 €</Valeur> à <Valeur>6 500 €</Valeur></Paragraphe></Cellule><Cellule><Paragraphe>2,761 % HT de la valeur du bien</Paragraphe></Cellule></Rangée><Rangée type="normal"><Cellule><Paragraphe>De <Valeur>6 500 €</Valeur> à <Valeur>17 000 €</Valeur></Paragraphe></Cellule><Cellule><Paragraphe>1,519 % HT de la valeur du bien</Paragraphe></Cellule></Rangée><Rangée type="normal"><Cellule><Paragraphe>De <Valeur>17 000 €</Valeur> à <Valeur>30 000 €</Valeur></Paragraphe></Cellule><Cellule><Paragraphe>1,036 % HT de la valeur du bien</Paragraphe></Cellule></Rangée><Rangée type="normal"><Cellule><Paragraphe>Plus de <Valeur>30 000 €</Valeur></Paragraphe></Cellule><Cellule><Paragraphe>0,759 % HT de la valeur du bien</Paragraphe></Cellule></Rangée><Rangée type="normal"><Cellule fusionVerticale="4"><Paragraphe>Délivrance de legs sans décharge, quittance ou acceptation</Paragraphe></Cellule><Cellule><Paragraphe>De <Valeur>0 €</Valeur> à <Valeur>6 500 €</Valeur></Paragraphe></Cellule><Cellule><Paragraphe>1,380 % HT de la valeur du bien</Paragraphe></Cellule></Rangée><Rangée type="normal"><Cellule><Paragraphe>De <Valeur>6 500 €</Valeur> à <Valeur>17 000 €</Valeur></Paragraphe></Cellule><Cellule><Paragraphe>0,759 % HT de la valeur du bien</Paragraphe></Cellule></Rangée><Rangée type="normal"><Cellule><Paragraphe>De <Valeur>17 000 €</Valeur> à <Valeur>30 000 €</Valeur></Paragraphe></Cellule><Cellule><Paragraphe>0,518 % HT de la valeur du bien</Paragraphe></Cellule></Rangée><Rangée type="normal"><Cellule><Paragraphe>Plus de <Valeur>30 000 €</Valeur></Paragraphe></Cellule><Cellule><Paragraphe>0,379 % HT de la valeur du bien</Paragraphe></Cellule></Rangée></Tableau></Cas></BlocCas></Cas></BlocCas></Chapitre></Texte></Situation></ListeSituations><VoirAussi important="non"><Dossier ID="N31160" audience="Particuliers"><Titre>Droits de succession et de donation</Titre><Theme ID="N19803"><Titre>Argent - Impôts - Consommation</Titre></Theme></Dossier><Dossier ID="N171" audience="Particuliers"><Titre>Règlement d'une succession</Titre><Theme ID="N19805"><Titre>Famille - Scolarité</Titre></Theme></Dossier></VoirAussi><QuiPeutMAider ID="R18478" sve="non" type="Local personnalisable"><Titre>Notaire</Titre><PivotLocal>notaire</PivotLocal><RessourceWeb URL="https://www.notaires.fr/fr/directory"/><Source ID="R64485">Conseil supérieur du notariat</Source></QuiPeutMAider><Reference type="Texte de référence" URL="https://www.legifrance.gouv.fr/codes/id/LEGISCTA000030985092" ID="R43239"><Titre>Code de commerce : articles L444-1 à L444-7</Titre><Complement>Dispositions générales relatives aux tarifs réglementés</Complement></Reference><Reference type="Texte de référence" URL="https://www.legifrance.gouv.fr/codes/id/LEGISCTA000032122792" ID="R43236"><Titre>Code du commerce : articles R444-2 à R444-3</Titre><Complement>Définitions</Complement></Reference><Reference type="Texte de référence" URL="https://www.legifrance.gouv.fr/codes/id/LEGISCTA000032130804" ID="R43237"><Titre>Code du commerce : articles R444-59 à R444-70</Titre><Complement>Dispositions particulières relatives aux tarifs réglementés des notaires</Complement></Reference><Reference type="Texte de référence" URL="https://www.legifrance.gouv.fr/codes/id/LEGISCTA000032132058" ID="R43256"><Titre>Code de commerce : articles A444-53 à A444-58</Titre><Complement>Tarifs des notaires applicables dans les DOM et à Mayotte</Complement></Reference><Reference type="Texte de référence" URL="https://www.legifrance.gouv.fr/codes/id/LEGISCTA000032132076" ID="R47918"><Titre>Code de commerce : articles A444-59 à A444-69-1</Titre><Complement>Actes concernant la transmission du patrimoine par succession ou donation</Complement></Reference><Reference type="Texte de référence" URL="https://www.legifrance.gouv.fr/loda/id/JORFTEXT000041661517/" ID="R55668"><Titre>Décret n°2020-179 du 28 février 2020 relatif aux tarifs réglementés applicables à certains professionnels du droit</Titre><Complement>Tarifs applicables à partir de janvier 2021</Complement></Reference><Reference type="Texte de référence" URL="https://www.legifrance.gouv.fr/loda/id/JORFTEXT000032115195/" ID="R43234"><Titre>Décret n°2016-230 du 26 février 2016 relatif aux tarifs de certains professionnels du droit</Titre><Complement>Tarifs applicables entre le 1er mai 2016 et le 31 décembre 2020</Complement></Reference><Reference type="Texte de référence" URL="https://www.legifrance.gouv.fr/loda/id/JORFTEXT000000702306/" ID="R43233"><Titre>Décret n°78-262 du mars 1978 portant fixation du tarif des notaires</Titre><Complement>Tarifs applicables avant mai 2016</Complement></Reference><PourEnSavoirPlus type="Information pratique" ID="R50798" URL="https://www.impots.gouv.fr/portail/droits-denregistrement" audience="Particuliers"><Titre>Droits d'enregistrement</Titre><Source ID="R32241">Direction générale des finances publiques</Source></PourEnSavoirPlus><PourEnSavoirPlus type="Information pratique" ID="R51189" URL="https://www.notaires.fr/fr/profession-notaire/le-tarif-du-notaire-émoluments-et-honoraires" audience="Particuliers"><Titre>Le tarif du notaire : émoluments et honoraires</Titre><Source ID="R30632">Notaires de France</Source></PourEnSavoirPlus><Definition ID="R10147"><Titre>France métropolitaine</Titre><Texte><Paragraphe>Partie de la France qui se situe en Europe (96 départements)</Paragraphe></Texte></Definition><Definition ID="R14735"><Titre>Émolument</Titre><Texte><Paragraphe>Somme perçue par un officier ministériel (notaire, huissier de justice, etc.) en contrepartie d'une prestation dont le tarif est réglementé</Paragraphe></Texte><Reference type="Texte de référence" URL="https://www.legifrance.gouv.fr/codes/id/LEGISCTA000032122792" ID="R43236"><Titre>Code du commerce : articles R444-2 à R444-3</Titre></Reference></Definition><Definition ID="R11391"><Titre>Certificat de propriété</Titre><Texte><Paragraphe>Également appelé <Expression>certificat de mutation</Expression>. Document établi par un notaire qui constate le transfert de propriété d'un bien mobilier à un héritier.</Paragraphe></Texte></Definition><QuestionReponse ID="F17701" audience="Particuliers"><Titre>Frais de notaire : de quoi s'agit-il ?</Titre></QuestionReponse></Publication>