<?xml version="1.0" encoding="UTF-8"?><Publication xmlns:dc="http://purl.org/dc/elements/1.1/" xmlns:xsi="http://www.w3.org/2001/XMLSchema-instance" ID="F868" type="Fiche d'information conditionnée" xsi:noNamespaceSchemaLocation="../Schemas/3.4/Publication.xsd" dateDerniereModificationImportante="2022-07-01T00:00:00" spUrl="https://www.service-public.fr/particuliers/vosdroits/F868"><dc:title>Nom d'usage : utilisation du nom de sa femme ou de son mari</dc:title><dc:creator>Direction de l'information légale et administrative</dc:creator><dc:subject>Papiers - Citoyenneté - Élections</dc:subject><dc:description>Il est possible d'utiliser le nom de son mari ou de sa femme et de le faire figurer sur ses papiers d'identité.</dc:description><dc:publisher>Direction de l'information légale et administrative</dc:publisher><dc:contributor>Direction de l'information légale et administrative (Premier ministre), Ministère chargé de l'intérieur</dc:contributor><dc:date>modified 2022-12-14</dc:date><dc:type>Fiche pratique</dc:type><dc:format>text/xml</dc:format><dc:identifier>F868</dc:identifier><dc:source>https://www.legifrance.gouv.fr/loda/id/JORFTEXT000045287682, https://www.legifrance.gouv.fr/codes/section_lc/LEGITEXT000006070721/LEGISCTA000006136137/#LEGISCTA000006136137, https://www.legifrance.gouv.fr/codes/section_lc/LEGITEXT000006070721/LEGISCTA000006165472, https://www.legifrance.gouv.fr/codes/section_lc/LEGITEXT000006070721/LEGISCTA000006150009/#LEGISCTA000006150009, https://www.legifrance.gouv.fr/loda/id/LEGITEXT000006053798/, https://www.justice.gouv.fr/sites/default/files/2023-06/JUSC2309291C.pdf, https://www.legifrance.gouv.fr/jorf/id/JORFTEXT000000647915, http://www.senat.fr/questions/base/2012/qSEQ121002756.html</dc:source><dc:language>Fr</dc:language><dc:relation>isPartOf N31778</dc:relation><dc:coverage>France entière</dc:coverage><dc:rights>https://www.service-public.fr/a-propos/mentions-legales</dc:rights><SurTitre>Fiche pratique</SurTitre><Audience>Particuliers</Audience><Canal>www.service-public.fr</Canal><FilDAriane><Niveau ID="Particuliers">Accueil particuliers</Niveau><Niveau ID="N19810">Papiers - Citoyenneté - Élections</Niveau><Niveau ID="N31778">Changement d'état civil</Niveau><Niveau ID="F868" type="Fiche d'information conditionnée">Nom d'usage : utilisation du nom de sa femme ou de son mari</Niveau></FilDAriane><Theme ID="N19810"><Titre>Papiers - Citoyenneté - Élections</Titre></Theme><SousThemePere ID="N31785">État civil</SousThemePere><DossierPere ID="N31778"><Titre>Changement d'état civil</Titre><SousDossier ID="N31778-1"><Titre>Modification de l'acte d'état civil</Titre><Fiche ID="F36379">Procédure simplifiée de changement de nom de famille</Fiche><Fiche ID="F1656">Procédure de changement de nom de famille par décret (motif légitime)</Fiche><Fiche ID="F885">Changement de prénom</Fiche><Fiche ID="F34826">Changement de la mention du sexe dans les actes de l'état civil</Fiche></SousDossier><SousDossier ID="N31778-2"><Titre>Utilisation d'un nom d'usage</Titre><Fiche ID="F868">Utilisation du nom de sa femme ou de son mari</Fiche><Fiche ID="F1343">Utilisation du nom des parents par une personne majeure</Fiche><Fiche ID="F36441">Utilisation du nom des parents par une personne mineure</Fiche></SousDossier></DossierPere><SousDossierPere>Utilisation d'un nom d'usage</SousDossierPere><RechercheGuideePere ID="F34723" audience="Particuliers"><Titre>Modification ou rectification de l'état civil</Titre></RechercheGuideePere><Introduction><Condition><estVrai var="T10010"/></Condition><Texte><Paragraphe>Peut-on porter le <LienIntra LienID="R10114" type="Définition de glossaire">nom de famille</LienIntra> de son époux(se)  comme <MiseEnEvidence>nom d'usage</MiseEnEvidence> ? Nous vous indiquons quel nom d'usage vous pouvez choisir et comment le faire figurer sur vos papiers (carte d'identité, passeport) et sur vos autres documents officiels.</Paragraphe></Texte></Introduction><Texte><Chapitre><Titre><Paragraphe>Qu'est-ce qu'un nom d'usage ?</Paragraphe></Titre><SousChapitre><Titre><Paragraphe>Nom d'usage et nom de famille</Paragraphe></Titre><Paragraphe>Toute personne possède un <MiseEnEvidence><LienInterne LienPublication="F35060" type="Fiche Question-réponse conditionnée" audience="Particuliers">nom de famille</LienInterne></MiseEnEvidence> (appelé aussi <Expression>nom de naissance</Expression>).</Paragraphe><Paragraphe>Ce nom figure <MiseEnEvidence>sur votre acte de naissance</MiseEnEvidence>.</Paragraphe><Paragraphe>Il peut s'agir par exemple du nom de votre père, ou de votre mère, ou du nom de votre père et de votre mère accolés.</Paragraphe><Paragraphe>Vous pouvez toutefois utiliser dans la vie quotidienne un <MiseEnEvidence>autre nom</MiseEnEvidence> appelé <MiseEnEvidence>nom d'usage</MiseEnEvidence>.</Paragraphe><Paragraphe>Le nom d'usage <MiseEnEvidence>ne remplace pas votre nom de famille</MiseEnEvidence> qui reste le seul nom mentionné sur les actes de l'état civil : acte de naissance, de mariage, livret de famille...</Paragraphe></SousChapitre><SousChapitre><Titre><Paragraphe>Liberté de choix</Paragraphe></Titre><Paragraphe>La possibilité d'utiliser un nom d'usage est <MiseEnEvidence>facultative</MiseEnEvidence> et n'est <MiseEnEvidence>pas automatique</MiseEnEvidence>.</Paragraphe><Paragraphe>Si vous êtes marié(e), vous pouvez utiliser le nom de votre époux(se) ou uniquement votre propre nom de famille.</Paragraphe><Paragraphe>Il s'agit d'un <MiseEnEvidence>choix personnel</MiseEnEvidence> qui ne peut pas vous être imposé.</Paragraphe></SousChapitre></Chapitre><Chapitre><Titre><Paragraphe>Quel nom d'usage peut-on utiliser ?</Paragraphe></Titre><FragmentConditionne><Condition><estVrai var="T10952"/></Condition><Paragraphe>Que vous soyez un homme ou une femme, vous pouvez utiliser comme <MiseEnEvidence>nom d'usage</MiseEnEvidence> le <LienInterne LienPublication="F35060" type="Fiche Question-réponse conditionnée" audience="Particuliers">nom de famille</LienInterne> de la personne avec qui vous <MiseEnEvidence>êtes marié(e)</MiseEnEvidence>.</Paragraphe><Paragraphe>Vous pouvez utiliser à titre d'usage  :</Paragraphe><Liste type="puce"><Item><Paragraphe>soit le nom de famille de <MiseEnEvidence>votre époux(se)</MiseEnEvidence>,</Paragraphe></Item><Item><Paragraphe>soit <MiseEnEvidence>votre nom de famille accolé au nom de famille de votre époux(se)</MiseEnEvidence> dans <MiseEnEvidence>l'ordre que vous souhaitez</MiseEnEvidence>, et dans la <MiseEnEvidence>limite d'un nom de famille pour chacun</MiseEnEvidence>.</Paragraphe></Item></Liste></FragmentConditionne><FragmentConditionne><Condition><estVrai var="T10010"/></Condition><Exemple><Titre>Exemple</Titre><Paragraphe><MiseEnEvidence>Nom double pour chacun des époux</MiseEnEvidence></Paragraphe><Paragraphe>Nom du 1<Exposant>er</Exposant> époux : BELIER GORCE</Paragraphe><Paragraphe>Nom du 2<Exposant>nd</Exposant> époux : MARTIN AUBERT</Paragraphe><Paragraphe>Le 1<Exposant>er</Exposant> époux peut choisir comme nom d'usage : BELIER MARTIN, MARTIN BELIER, GORCE MARTIN, MARTIN GORCE, GORCE AUBERT, AUBERT GORCE, BELIER AUBERT, AUBERT BELIER, MARTIN AUBERT</Paragraphe></Exemple></FragmentConditionne><Exemple><Titre>Exemple</Titre><Paragraphe><MiseEnEvidence>Nom composé pour chacun des époux</MiseEnEvidence></Paragraphe><Paragraphe>Nom du 1<Exposant>er</Exposant> époux : BELIER-GORCE</Paragraphe><Paragraphe>Nom du 2<Exposant>nd</Exposant> époux : MARTIN-AUBERT</Paragraphe><Paragraphe>Le 1<Exposant>er</Exposant> époux peut choisir comme nom d'usage : BELIER-GORCE MARTIN-AUBERT, MARTIN-AUBERT BELIER-GORCE, MARTIN-AUBERT</Paragraphe></Exemple><Exemple><Titre>Exemple</Titre><Paragraphe><MiseEnEvidence>Double nom du 1<Exposant>er</Exposant> époux et nom composé du 2<Exposant>nd</Exposant> époux</MiseEnEvidence></Paragraphe><Paragraphe>Nom du 1<Exposant>er</Exposant> époux : BELIER GORCE</Paragraphe><Paragraphe>Nom du 2<Exposant>nd</Exposant> époux : MARTIN-AUBERT</Paragraphe><Paragraphe>Le 1<Exposant>er</Exposant> époux peut choisir comme nom d'usage : BELIER MARTIN-AUBERT, MARTIN-AUBERT BELIER, GORCE MARTIN-AUBERT, MARTIN-AUBERT GORCE, MARTIN-AUBERT</Paragraphe></Exemple><Attention><Titre>Attention</Titre><Paragraphe>vous ne pouvez pas utiliser comme nom d'usage le nom de votre concubin(e) ou de votre partenaire de Pacs.</Paragraphe></Attention></Chapitre><Chapitre><Titre><Paragraphe>Comment indiquer votre nom d'usage sur vos papiers ?</Paragraphe></Titre><FragmentConditionne><Condition><estVrai var="T10952"/></Condition><Paragraphe>Vous pouvez faire figurer votre nom d'usage à la suite de votre nom de famille sur vos titres d'identité : carte d'identité et passeport.</Paragraphe><Paragraphe>Dans ce cas, il faut <MiseEnEvidence>renseigner la rubrique <Expression>deuxième nom</Expression> du </MiseEnEvidence><LienInterne LienPublication="F33640" type="Fiche Question-réponse conditionnée" audience="Particuliers">formulaire de demande</LienInterne>.</Paragraphe></FragmentConditionne><FragmentConditionne><Condition><estVrai var="T10954"/></Condition><ASavoir><Titre>À savoir</Titre><Paragraphe>si vous ne voulez plus utiliser de nom d'usage, lors du renouvellement du titre d'identité, il suffit de <MiseEnEvidence>ne rien indiquer sur la ligne <Expression>Deuxième nom</Expression> du formulaire de demande</MiseEnEvidence>.</Paragraphe></ASavoir></FragmentConditionne><FragmentConditionne><Condition><estVrai var="T10010"/></Condition><Paragraphe>Les <MiseEnEvidence>documents à fournir</MiseEnEvidence> dépendent de votre situation.</Paragraphe></FragmentConditionne><BlocCas affichage="radio"><Cas><Titre>Vous êtes marié(e)</Titre><Condition><estVrai var="T10282"/></Condition><BlocCas affichage="radio"><Cas><Titre>Pour une première utilisation</Titre><Condition><estVrai var="T10952"/></Condition><Paragraphe><MiseEnEvidence>Pour une première utilisation</MiseEnEvidence> du nom d'usage, il faut fournir :</Paragraphe><Liste type="puce"><Item><Paragraphe>soit <LienInterne LienPublication="F1427" type="Fiche d'information conditionnée" audience="Particuliers">l'acte de naissance</LienInterne> (extrait ou copie intégrale) de moins de 3 mois mentionnant le mariage,</Paragraphe></Item><Item><Paragraphe>soit une <LienInterne LienPublication="F1432" type="Fiche d'information conditionnée" audience="Particuliers">copie intégrale de l'acte de mariage</LienInterne> de moins de 3 mois.</Paragraphe></Item></Liste><Paragraphe>Ces documents sont à joindre à votre dossier de demande de papiers d'identité et à fournir au même guichet.</Paragraphe><Exemple><Titre>Exemple</Titre><Paragraphe>Si votre nom est MARTIN, le nom d'usage constitué du nom de votre épouse ou époux (par exemple DUPOND) peut figurer sur le titre d'identité d'une des manières suivantes :</Paragraphe><Liste type="puce"><Item><Paragraphe>« Nom : MARTIN époux(se) DUPOND»</Paragraphe></Item><Item><Paragraphe>« Nom : MARTIN usage DUPOND»</Paragraphe></Item><Item><Paragraphe>« Nom : MARTIN usage MARTIN DUPOND»</Paragraphe></Item><Item><Paragraphe>« Nom : MARTIN usage DUPOND MARTIN »</Paragraphe></Item></Liste></Exemple></Cas><Cas><Titre>Pour continuer à utiliser le nom</Titre><Condition><estVrai var="T10953"/></Condition><Paragraphe>Pour continuer à utiliser <MiseEnEvidence>un nom d'usage qui figure déjà sur un titre d'identité</MiseEnEvidence>, vous n'avez <MiseEnEvidence>aucun document à fournir</MiseEnEvidence>.</Paragraphe><Exemple><Titre>Exemple</Titre><Paragraphe>Si votre nom est MARTIN, le nom d'usage constitué du nom de votre épouse ou mari (par exemple DUPOND) peut figurer sur le titre d'identité d'une des manières suivantes :</Paragraphe><Liste type="puce"><Item><Paragraphe>« Nom : MARTIN époux(se) DUPOND»</Paragraphe></Item><Item><Paragraphe>« Nom : MARTIN usage DUPOND»</Paragraphe></Item><Item><Paragraphe>« Nom : MARTIN usage Martin DUPOND»</Paragraphe></Item><Item><Paragraphe>« Nom : MARTIN usage DUPOND MARTIN »</Paragraphe></Item></Liste></Exemple></Cas></BlocCas></Cas><Cas><Titre>Vous êtes divorcé(e)</Titre><Condition><estVrai var="T10950"/></Condition><FragmentConditionne><Condition><estVrai var="T10953"/></Condition><Paragraphe>Si votre ex-époux(se) vous l'autorise, vous pouvez continuer à utiliser son nom ou vos deux noms accolés en tant que nom d'usage, comme lors de votre mariage.</Paragraphe><Paragraphe>Ce nom sera précédé de la mention <Expression>usage</Expression>.</Paragraphe></FragmentConditionne><FragmentConditionne><Condition><estVrai var="T10953"/></Condition><Paragraphe>Pour continuer à utiliser ce nom, il faut fournir :</Paragraphe><Liste type="puce"><Item><Paragraphe>soit le jugement de divorce vous autorisant à porter de le nom de votre ex-époux(se),</Paragraphe></Item><Item><Paragraphe>soit l'autorisation écrite de votre ex-époux(se).</Paragraphe></Item></Liste></FragmentConditionne></Cas><Cas><Titre>Vous êtes veuf ou veuve</Titre><Condition><estVrai var="T10951"/></Condition><FragmentConditionne><Condition><estVrai var="T10953"/></Condition><Paragraphe>Vous pouvez continuer à utiliser votre nom d'usage sans démarches supplémentaires, qu'il s'agisse du nom de votre époux(se) ou de vos deux noms accolés.</Paragraphe><Paragraphe>Si vous souhaitez que l'indication <Expression>veuf</Expression> ou <Expression>veuve</Expression> apparaisse devant le nom d'usage, vous devez cocher ce choix sur le formulaire.</Paragraphe><Paragraphe>Vous devez également fournir un acte de décès.</Paragraphe></FragmentConditionne></Cas></BlocCas><ANoter><Titre>À noter</Titre><Paragraphe>il n'y a pas de délai pour faire inscrire le nom d'usage sur les documents d'identité. Vous pouvez faire cette démarche <MiseEnEvidence>quand vous le souhaitez</MiseEnEvidence>.</Paragraphe></ANoter></Chapitre><Chapitre><Titre><Paragraphe>Comment indiquer votre nom d'usage sur les documents officiels ?</Paragraphe></Titre><Paragraphe>Vous pouvez <MiseEnEvidence>utiliser</MiseEnEvidence> le <MiseEnEvidence>nom d'usage choisi </MiseEnEvidence>dans tous les <MiseEnEvidence>actes de votre vie privée, familiale, sociale ou professionnelle</MiseEnEvidence>.</Paragraphe><Paragraphe>Dès lors que vous en faites la demande, une <LienIntra LienID="R65261" type="Définition de glossaire">administration</LienIntra> doit utiliser ce nom d'usage dans les courriers qu'elle vous adresse.</Paragraphe><Paragraphe>Vous devez <MiseEnEvidence>informer les différents organismes </MiseEnEvidence>du nom d'usage choisi.</Paragraphe><Paragraphe>Pour informer l'assurance maladie, connectez-vous à votre compte Ameli (rubrique « Mes démarches »).</Paragraphe><OuSAdresser ID="R47054" sve="non" type="Support"><Titre>Contact support Ameli Assurés</Titre><Texte><Paragraphe>Accès aux <LienExterne URL="https://www.ameli.fr/assure/adresses-et-contacts">formulaires de contact</LienExterne></Paragraphe></Texte></OuSAdresser></Chapitre><Chapitre><Titre><Paragraphe>Quel est l'effet de votre nom d'usage sur le nom de famille de votre enfant ?</Paragraphe></Titre><Paragraphe>Le choix d'un nom d'usage n'a <MiseEnEvidence>aucun effet</MiseEnEvidence> sur le <LienInterne LienPublication="F35060" type="Fiche Question-réponse conditionnée" audience="Particuliers">nom de famille</LienInterne> de votre enfant commun.</Paragraphe><Paragraphe>Ainsi, votre enfant <LienInterne LienPublication="F10505" type="Fiche d'information conditionnée" audience="Particuliers">peut porter votre nom, celui de votre époux(se) ou vos 2 noms accolés</LienInterne>.</Paragraphe><Paragraphe>Le nom de famille de votre enfant commun peut être le même ou différent de votre nom d'usage.</Paragraphe></Chapitre><Chapitre><Titre><Paragraphe>Comment ne plus utiliser votre nom d'usage ?</Paragraphe></Titre><Condition><estVrai var="T10954"/></Condition><BlocCas affichage="radio"><Cas><Titre>Sur la carte d'identité ou le passeport</Titre><Paragraphe>Si vous ne voulez plus utiliser de nom d'usage sur votre carte d'identité ou sur votre passeport, <MiseEnEvidence>la démarche se fait lors du </MiseEnEvidence><LienInterne LienPublication="F21089" type="Fiche d'information conditionnée" audience="Particuliers">renouvellement du titre d'identité</LienInterne>.</Paragraphe><Paragraphe>Il suffit de ne rien indiquer sur la ligne <Expression>Deuxième nom</Expression> du formulaire de demande.</Paragraphe></Cas><Cas><Titre>Sur un autre document officiel</Titre><Paragraphe>Si vous ne souhaitez plus que le nom d'usage soit utilisé sur un document concernant votre vie privée, familiale, sociale ou professionnelle, il suffit <MiseEnEvidence>d'informer vos interlocuteurs</MiseEnEvidence>.</Paragraphe><Paragraphe>Par exemple, votre employeur, ou votre mutuelle.</Paragraphe><Paragraphe>Vous n'avez pas besoin de fournir un justificatif.</Paragraphe><Paragraphe>Pour informer l'assurance maladie, connectez-vous à votre compte Ameli (rubrique « Mes démarches »).</Paragraphe><OuSAdresser ID="R47054" sve="non" type="Support"><Titre>Contact support Ameli Assurés</Titre><Texte><Paragraphe>Accès aux <LienExterne URL="https://www.ameli.fr/assure/adresses-et-contacts">formulaires de contact</LienExterne></Paragraphe></Texte></OuSAdresser></Cas></BlocCas></Chapitre></Texte><VoirAussi important="non"><Dossier ID="N31778" audience="Particuliers"><Titre>Changement d'état civil</Titre><Theme ID="N19810"><Titre>Papiers - Citoyenneté - Élections</Titre></Theme></Dossier><Dossier ID="N151" audience="Particuliers"><Titre>Nom et prénom</Titre><Theme ID="N19810"><Titre>Papiers - Citoyenneté - Élections</Titre></Theme></Dossier><Dossier ID="N359" audience="Particuliers"><Titre>Actes d'état civil</Titre><Theme ID="N19810"><Titre>Papiers - Citoyenneté - Élections</Titre></Theme></Dossier><Fiche ID="F1343" audience="Particuliers"><Titre>Nom d'usage d'une personne majeure : utilisation du nom des parents</Titre><Theme ID="N19810"><Titre>Papiers - Citoyenneté - Élections</Titre></Theme></Fiche><Fiche ID="F36441" audience="Particuliers"><Titre>Nom d'usage d'un enfant mineur : utilisation du nom des parents</Titre><Theme ID="N19810"><Titre>Papiers - Citoyenneté - Élections</Titre></Theme></Fiche></VoirAussi><QuiPeutMAider ID="R11621" sve="non" type="Local personnalisé sur SP"><Titre>Maison de justice et du droit</Titre><PivotLocal>mjd</PivotLocal><RessourceWeb URL="http://www.annuaires.justice.gouv.fr/lieux-dacces-aux-droits-10111/"/><Source ID="R30663">Ministère chargé de la justice</Source></QuiPeutMAider><Reference type="Texte de référence" URL="https://www.legifrance.gouv.fr/loda/id/JORFTEXT000045287682" ID="R62654"><Titre>Loi n°2022-301 du 2 mars 2022 relative au choix du nom issu de la filiation</Titre></Reference><Reference type="Texte de référence" URL="https://www.legifrance.gouv.fr/codes/section_lc/LEGITEXT000006070721/LEGISCTA000006136137/#LEGISCTA000006136137" ID="R11304"><Titre>Code civil : articles 212 à 226</Titre><Complement>Article 225-1 : utilisation du nom de son époux(se) à titre d'usage</Complement></Reference><Reference type="Texte de référence" URL="https://www.legifrance.gouv.fr/codes/section_lc/LEGITEXT000006070721/LEGISCTA000006165472" ID="R477"><Titre>Code civil : articles 263 à 265-2</Titre><Complement>Effet du divorce sur le nom d'usage (article 264)</Complement></Reference><Reference type="Texte de référence" URL="https://www.legifrance.gouv.fr/codes/section_lc/LEGITEXT000006070721/LEGISCTA000006150009/#LEGISCTA000006150009" ID="R12184"><Titre>Code civil : articles 299 à 304</Titre><Complement>Effet de la séparation de corps sur le nom d'usage</Complement></Reference><Reference type="Texte de référence" URL="https://www.legifrance.gouv.fr/loda/id/LEGITEXT000006053798/" ID="R15449"><Titre>Arrêté du 1er juin 2006 fixant le modèle de livret de famille</Titre></Reference><Reference type="Texte de référence" URL="https://www.justice.gouv.fr/sites/default/files/2023-06/JUSC2309291C.pdf" ID="R62626"><Titre>Nouvelle circulaire du 15 juin 2023 de présentation des dispositions de la loi n° 2022-301 du 2 mars 2022 relative au choix du nom issu de la filiation</Titre></Reference><Reference type="Texte de référence" URL="https://www.legifrance.gouv.fr/jorf/id/JORFTEXT000000647915" ID="R47839"><Titre>Instruction générale relative à l'état civil du 11 mai 1999 (annexe)</Titre><Complement>675-2</Complement></Reference><Reference type="Texte de référence" URL="http://www.senat.fr/questions/base/2012/qSEQ121002756.html" ID="R31832"><Titre>Réponse ministérielle du 15 novembre 2012 relative à l'utilisation du nom de leur femme par les hommes mariés</Titre></Reference><Definition ID="R10114"><Titre>Nom de famille</Titre><Texte><Paragraphe>Nom qui figure sur l'acte de naissance (appelé aussi <Expression>nom de naissance</Expression> ou <Expression>nom patronymique</Expression>)</Paragraphe></Texte></Definition><Definition ID="R65261"><Titre>Administration</Titre><Texte><Paragraphe>Administrations de l'Etat, collectivités territoriales, leurs établissements publics administratifs, organismes chargés d'une mission de service public administratif, y compris les organismes de sécurité sociale. Exemples : ministère, préfecture, conseil régional, conseil départemental, mairie, caisse d'allocations familiales (Caf), France Travail (anciennement Pôle emploi), Assurance maladie (Ameli), service des impôts.</Paragraphe></Texte></Definition><QuestionReponse ID="F35060" audience="Particuliers"><Titre>Quelle différence entre le nom de famille et le nom d'usage ?</Titre></QuestionReponse><QuestionReponse ID="F77" audience="Particuliers"><Titre>Une femme mariée peut-elle garder son nom de famille ("nom de jeune fille") ?</Titre></QuestionReponse><QuestionReponse ID="F1091" audience="Particuliers"><Titre>Après un divorce, peut-on garder le nom de son ex-mari ou de son ex-femme ? </Titre></QuestionReponse><QuestionReponse ID="F12521" audience="Particuliers"><Titre>Peut-on continuer à porter le nom de son époux(se) décédé(e) comme nom d'usage ?</Titre></QuestionReponse></Publication>