<?xml version="1.0" encoding="UTF-8"?><Publication xmlns:dc="http://purl.org/dc/elements/1.1/" xmlns:xsi="http://www.w3.org/2001/XMLSchema-instance" ID="F87" type="Fiche d'information conditionnée" xsi:noNamespaceSchemaLocation="../Schemas/3.4/Publication.xsd" spUrl="https://www.service-public.fr/particuliers/vosdroits/F87"><dc:title>Certificat de travail</dc:title><dc:creator>Direction de l'information légale et administrative</dc:creator><dc:subject>Travail - Formation, Ressources humaines</dc:subject><dc:description>Lorsque le contrat de travail du salarié prend fin, l'employeur doit lui remettre des documents de fin de contrat. L'employeur remet notamment au salarié à la fin du contrat un certificat de travail. Quelles sont les mentions obligatoires sur le certificat de travail ? À quel moment l'employeur le remet-il au salarié ? L'employeur peut-il être sanctionné s'il ne le délivre pas au salarié ? Nous faisons le point sur la réglementation.</dc:description><dc:publisher>Direction de l'information légale et administrative</dc:publisher><dc:contributor>Direction de l'information légale et administrative (Premier ministre)</dc:contributor><dc:date>modified 2023-04-18</dc:date><dc:type>Fiche pratique</dc:type><dc:format>text/xml</dc:format><dc:identifier>F87</dc:identifier><dc:source>https://www.legifrance.gouv.fr/codes/id/LEGISCTA000006195628, https://www.legifrance.gouv.fr/codes/id/LEGISCTA000018537558, https://www.legifrance.gouv.fr/codes/article_lc/LEGIARTI000027549338</dc:source><dc:language>Fr</dc:language><dc:relation>isPartOf N19611</dc:relation><dc:coverage>France entière</dc:coverage><dc:rights>https://www.service-public.fr/a-propos/mentions-legales</dc:rights><SurTitre>Fiche pratique</SurTitre><Audience>Particuliers</Audience><Audience>Professionnels</Audience><Canal>www.service-public.fr</Canal><FilDAriane><Niveau ID="Particuliers">Accueil particuliers</Niveau><Niveau ID="N19806">Travail - Formation</Niveau><Niveau ID="N19611">Rupture du contrat de travail dans le secteur privé</Niveau><Niveau ID="F87" type="Fiche d'information conditionnée">Certificat de travail</Niveau></FilDAriane><Theme ID="N19806"><Titre>Travail - Formation</Titre></Theme><SousThemePere ID="N19967">Quitter son emploi</SousThemePere><DossierPere ID="N19611"><Titre>Rupture du contrat de travail dans le secteur privé</Titre><SousDossier ID="N19611-1"><Titre>Formes de rupture</Titre><Fiche ID="F2883">Démission</Fiche><Fiche ID="F19030">Rupture conventionnelle</Fiche><Fiche ID="F24409">Prise d'acte</Fiche><Fiche ID="F24410">Résiliation judiciaire</Fiche><Fiche ID="F24411">Départ négocié (difficultés économiques)</Fiche><Fiche ID="F24412">Rupture pour cas de force majeure</Fiche><Fiche ID="F37509">Rupture conventionnelle collective</Fiche></SousDossier><SousDossier ID="N19611-2"><Titre>Documents à remettre au salarié</Titre><Fiche ID="F21789">Fin de contrat : documents à remettre au salarié</Fiche><Fiche ID="F87">Certificat de travail</Fiche><Fiche ID="F2867">Attestation employeur destinée à France Travail (anciennement Pôle emploi)</Fiche><Fiche ID="F86">Solde de tout compte</Fiche></SousDossier></DossierPere><SousDossierPere>Documents à remettre au salarié</SousDossierPere><Introduction><Texte><Paragraphe>Lorsque le contrat de travail du salarié prend fin, l'employeur doit lui remettre des documents de fin de contrat. L'employeur remet notamment au salarié à la fin du contrat un certificat de travail.</Paragraphe><Paragraphe>Quelles sont les mentions obligatoires sur le certificat de travail ? À quel moment l'employeur le remet-il au salarié ? L'employeur peut-il être sanctionné s'il ne le délivre pas au salarié ?</Paragraphe><Paragraphe>Nous faisons le point sur la réglementation.</Paragraphe></Texte></Introduction><Texte><Chapitre><Titre><Paragraphe>Qu'est-ce que le certificat de travail ?</Paragraphe></Titre><Paragraphe>Le certificat de travail est un document remis par l'employeur au salarié à la date de fin du contrat de travail.</Paragraphe><Paragraphe>Il est remis au salarié pour tout type de contrat de travail (<LienInterne LienPublication="R24389" type="Sigle">CDI</LienInterne>, <LienInterne LienPublication="R2454" type="Sigle">CDD</LienInterne>...), quel que soit le motif de la rupture (démission, licenciement...) et la durée de celui-ci.</Paragraphe><Paragraphe>Avec le certificat de travail, le salarié peut, par exemple, faire valoir ses droits à <LienInterne LienPublication="F10" type="Fiche d'information conditionnée" audience="Particuliers">une médaille du travail</LienInterne> ou montrer, à de futurs employeurs, ses expériences professionnelles.</Paragraphe><ANoter><Titre>À noter</Titre><Paragraphe>L'employeur qui utilise le <LienInterne LienPublication="R60824" type="Sigle">TESE</LienInterne> n'a pas d'obligation de remettre de certificat de travail.</Paragraphe></ANoter></Chapitre><Chapitre><Titre><Paragraphe>Quelles sont les mentions obligatoires sur le certificat de travail ?</Paragraphe></Titre><Paragraphe>Le certificat de travail doit contenir les informations suivantes :</Paragraphe><Liste type="puce"><Item><Paragraphe>Date d'entrée du salarié dans l'entreprise</Paragraphe></Item><Item><Paragraphe>Date de sortie du salarié de l'entreprise</Paragraphe></Item><Item><Paragraphe>Nature du ou des emplois successivement occupés</Paragraphe></Item><Item><Paragraphe>Périodes pendant lesquelles le salarié a occupé ces emplois</Paragraphe></Item><Item><Paragraphe>Maintien à titre gratuit de la <LienInterne LienPublication="F20744" type="Fiche Question-réponse conditionnée" audience="Particuliers">couverture santé</LienInterne> et <LienIntra LienID="R58358" type="Définition de glossaire">prévoyance</LienIntra></Paragraphe></Item></Liste><ASavoir><Titre>À savoir</Titre><Paragraphe>le contrat de travail a pu être exécuté pour plusieurs employeurs successifs après notamment une succession, une vente, une fusion, une transformation du fonds, une mise en société de l'entreprise. Dans ce cas, l'employeur doit indiquer comme date d'entrée la date d'embauche par le 1<Exposant>er</Exposant> employeur.</Paragraphe></ASavoir><Paragraphe>Un modèle de certificat de travail est disponible :</Paragraphe><ServiceEnLigne ID="R49377" URL="https://www.service-public.fr/simulateur/calcul/CertificatTravail" audience="Particuliers" type="Modèle de document"><Titre>Modèle de certificat de travail</Titre><Source ID="R30608">Direction de l'information légale et administrative (Dila) - Premier ministre</Source></ServiceEnLigne></Chapitre><Chapitre><Titre><Paragraphe>Quelles sont les mentions interdites sur le certificat de travail ?</Paragraphe></Titre><Paragraphe>Le certificat de travail ne doit pas contenir de mentions <LienIntra LienID="R58595" type="Définition de glossaire">discriminatoires</LienIntra> ou pouvant nuire au salarié ou concernant l'existence <LienIntra LienID="R62831" type="Définition de glossaire">d'une clause de non-concurrence</LienIntra></Paragraphe></Chapitre><Chapitre><Titre><Paragraphe>Quand est remis le certificat de travail ?</Paragraphe></Titre><Paragraphe>Le certificat de travail est remis à la fin du contrat de travail.</Paragraphe><ASavoir><Titre>À savoir</Titre><Paragraphe>si le salarié a été dispensé de préavis, il doit être remis à la fin du préavis non exécuté et indiquer cette date comme fin du contrat de travail.</Paragraphe></ASavoir></Chapitre><Chapitre><Titre><Paragraphe>L'employeur a-t-il l'obligation d'envoyer le certificat de travail ?</Paragraphe></Titre><Paragraphe>Non, l'employeur n'a aucune obligation d'envoyer le certificat de travail au salarié. Il doit le tenir à la disposition du salarié dans l'entreprise.</Paragraphe><Paragraphe>S'il le souhaite, l'employeur peut le transmettre par lettre recommandée avec accusé de réception.</Paragraphe></Chapitre><Chapitre><Titre><Paragraphe>L'employeur peut-il être sanctionné s'il ne remet pas le certificat de travail au salarié ?</Paragraphe></Titre><Paragraphe>Si l'employeur ne remet pas de certificat de travail au salarié, il encourt une amende de <Valeur>750 €</Valeur>.</Paragraphe><Paragraphe>En l'absence de remise du certificat de travail par l'employeur à la fin du contrat de travail, le salarié peut <LienInterne LienPublication="F2360" type="Fiche d'information conditionnée" audience="Particuliers">saisir le juge</LienInterne> et obtenir des <LienIntra LienID="R12532" type="Définition de glossaire">dommages-intérêts</LienIntra>.</Paragraphe></Chapitre></Texte><Reference type="Texte de référence" URL="https://www.legifrance.gouv.fr/codes/id/LEGISCTA000006195628" ID="R36303"><Titre>Code du travail : article L1234-19</Titre><Complement>Remise du certificat de travail</Complement></Reference><Reference type="Texte de référence" URL="https://www.legifrance.gouv.fr/codes/id/LEGISCTA000018537558" ID="R37261"><Titre>Code du travail : article D1234-6</Titre><Complement>Contenu du certificat de travail</Complement></Reference><Reference type="Texte de référence" URL="https://www.legifrance.gouv.fr/codes/article_lc/LEGIARTI000027549338" ID="R37262"><Titre>Code de la sécurité sociale : article L911-8</Titre><Complement>Bénéfice de la complémentaire santé et de prévoyance à titre gratuit</Complement></Reference><ServiceEnLigne ID="R49377" URL="https://www.service-public.fr/simulateur/calcul/CertificatTravail" audience="Particuliers" type="Modèle de document"><Titre>Modèle de certificat de travail</Titre><Source ID="R30608">Direction de l'information légale et administrative (Dila) - Premier ministre</Source></ServiceEnLigne><Definition ID="R58358"><Titre>Régime de prévoyance</Titre><Texte><Paragraphe>Contrat qui couvre les risques liés au décès, à la dépendance, à l'invalidité et à l'incapacité</Paragraphe></Texte></Definition><Definition ID="R58595"><Titre>Discriminatoire</Titre><Texte><Paragraphe>Un critère est discriminatoire s'il fait partie de la liste des 25 critères reconnus comme tels, comme le sexe, l'état de santé, ou la religion...</Paragraphe></Texte></Definition><Definition ID="R62831"><Titre>Clause de non-concurrence</Titre><Texte><Paragraphe>Règle présente dans un contrat de travail qui a pour objectif d’empêcher le salarié, après la rupture du contrat, d'exercer des fonctions équivalentes chez un concurrent ou à son propre compte.</Paragraphe></Texte></Definition><Definition ID="R12532"><Titre>Dommages et intérêts</Titre><Texte><Paragraphe>Somme d'argent destinée à réparer le préjudice subi</Paragraphe></Texte></Definition><Abreviation ID="R24389" type="Sigle"><Titre>CDI</Titre><Texte><Paragraphe>Contrat de travail à durée indéterminée</Paragraphe></Texte></Abreviation><Abreviation ID="R2454" type="Sigle"><Titre>CDD</Titre><Texte><Paragraphe>Contrat à durée déterminée</Paragraphe></Texte></Abreviation><Abreviation ID="R60824" type="Sigle"><Titre>TESE</Titre><Texte><Paragraphe>Titre emploi service entreprise</Paragraphe></Texte></Abreviation><QuestionReponse ID="F20744" audience="Particuliers"><Titre>Un salarié peut-il garder la complémentaire santé (mutuelle) employeur à la fin de son contrat ?</Titre></QuestionReponse><QuestionReponse ID="F24249" audience="Particuliers"><Titre>Que doit faire l'employeur en cas de décès d'un salarié ?</Titre></QuestionReponse><QuestionReponse ID="F1980" audience="Particuliers"><Titre>Démission, licenciement : peut-on travailler ailleurs avant la fin du préavis ?</Titre></QuestionReponse></Publication>