<?xml version="1.0" encoding="UTF-8"?><Publication xmlns:dc="http://purl.org/dc/elements/1.1/" xmlns:xsi="http://www.w3.org/2001/XMLSchema-instance" ID="F937" type="Fiche Question-réponse conditionnée" xsi:noNamespaceSchemaLocation="../Schemas/3.4/Publication.xsd" dateDerniereModificationImportante="2017-05-19T00:00:00" spUrl="https://www.service-public.fr/particuliers/vosdroits/F937"><dc:title>Qu'est-ce que le parrainage de proximité ?</dc:title><dc:creator>Direction de l'information légale et administrative</dc:creator><dc:subject>Famille - Scolarité</dc:subject><dc:description>Toute famille qui se sent fragilisée ou sans soutien familial peut faire appel à un parrain (ou marraine) pour l'aider dans l'éducation de son enfant.</dc:description><dc:publisher>Direction de l'information légale et administrative</dc:publisher><dc:contributor>Direction de l'information légale et administrative (Premier ministre)</dc:contributor><dc:date>modified 2023-03-14</dc:date><dc:type>Question-réponse</dc:type><dc:format>text/xml</dc:format><dc:identifier>F937</dc:identifier><dc:source>https://www.legifrance.gouv.fr/jorf/id/JORFTEXT000000812499, https://www.legifrance.gouv.fr/jorf/article_jo/JORFARTI000045133788</dc:source><dc:language>Fr</dc:language><dc:relation>isPartOf N136</dc:relation><dc:coverage>France entière</dc:coverage><dc:rights>https://www.service-public.fr/a-propos/mentions-legales</dc:rights><SurTitre>Question-réponse</SurTitre><Audience>Particuliers</Audience><Canal>www.service-public.fr</Canal><FilDAriane><Niveau ID="Particuliers">Accueil particuliers</Niveau><Niveau ID="N19805">Famille - Scolarité</Niveau><Niveau ID="N136">Placement d'un enfant</Niveau><Niveau ID="F937" type="Fiche Question-réponse conditionnée">Qu'est-ce que le parrainage de proximité ?</Niveau></FilDAriane><Theme ID="N19805"><Titre>Famille - Scolarité</Titre></Theme><SousThemePere ID="N127">Enfant</SousThemePere><DossierPere ID="N136"><Titre>Placement d'un enfant</Titre><Fiche ID="F3136">Accouchement sous X</Fiche><Fiche ID="F1260">Famille d'accueil</Fiche><Fiche ID="F959">Placement volontaire d'un enfant par ses parents</Fiche><Fiche ID="F3140">Placement d'un enfant sur décision judiciaire</Fiche><Fiche ID="F2065">Pupille de l'État : placement d'un enfant</Fiche></DossierPere><Introduction><Texte><Paragraphe>Vous êtes parent, vous avez besoin de soutien familial et vous souhaitez faire appel à un parrain (ou une marraine) pour vous aider dans l'éducation et l'instruction de votre enfant ?</Paragraphe><Paragraphe>Vous êtes majeur(e) et vous souhaitez consacrer du temps et une attention complémentaire à un enfant ?</Paragraphe><Paragraphe>Nous vous présentons les informations à connaître.</Paragraphe></Texte></Introduction><Texte><Chapitre><Titre><Paragraphe>Quel enfant peut être parainé ?</Paragraphe></Titre><Paragraphe>Tous les enfants peuvent être parrainés à tout âge (de 0 à 21 ans).</Paragraphe><Paragraphe>Il peut s'agir, entre autres, d'un enfant :</Paragraphe><Liste type="puce"><Item><Paragraphe>vivant avec sa famille,</Paragraphe></Item><Item><Paragraphe>hospitalisé,</Paragraphe></Item><Item><Paragraphe>scolarisé loin de chez lui,</Paragraphe></Item><Item><Paragraphe>confié à l'aide sociale à l'enfance.</Paragraphe></Item></Liste></Chapitre><Chapitre><Titre><Paragraphe>En quoi consiste le fait d'être parrain ou marraine ?</Paragraphe></Titre><Paragraphe>Un parrain ou une marraine est une personne majeure qui accepte <MiseEnEvidence>bénévolement</MiseEnEvidence> de consacrer du temps et une attention complémentaires à celle dont l'enfant bénéficie habituellement.</Paragraphe><Paragraphe>Le parrainage se met en place dans l'intérêt de l'enfant et à la demande des parents.</Paragraphe><ANoter><Titre>À noter</Titre><Paragraphe>le parrainage de proximité ne doit pas être confondu avec le parrainage humanitaire, qui propose un soutien à un enfant démuni qui habite dans un pays étranger.</Paragraphe></ANoter></Chapitre><Chapitre><Titre><Paragraphe>Qui peut être parrain ou marraine ?</Paragraphe></Titre><Paragraphe>Toute personne majeure dont le casier judiciaire est vierge peut être parrain ou marraine. Il peut s'agir, par exemple, d'une personne seule, d'un couple, d'une personne en activité ou non, d'un proche de l'enfant.</Paragraphe></Chapitre><Chapitre><Titre><Paragraphe>Comment devenir parrain ou marraine ?</Paragraphe></Titre><Paragraphe>Pour devenir parrain ou marraine, il faut contacter un organisme proposant le parrainage de proximité.</Paragraphe><Paragraphe>Pour obtenir la liste de ces organismes, il faut se renseigner auprès d'un point Info Famille ou d'une mission d'accueil et d'information des associations.</Paragraphe><OuSAdresser ID="R1214" sve="non" type="Local personnalisable"><Titre>Point Info Famille</Titre><PivotLocal>infofamilles</PivotLocal><RessourceWeb URL="https://solidarites-sante.gouv.fr/archives/famille-enfance/points-info-famille/"/></OuSAdresser><OuSAdresser ID="R17216" sve="non" type="Local"><Titre>Point ressource à la vie associative</Titre><RessourceWeb URL="http://www.associations.gouv.fr/les-centres-de-ressources-pour-les-responsables-ou-createurs-d-association.html"/><Source ID="R30678">Ministère chargé de la vie associative</Source></OuSAdresser><Paragraphe>Le futur parrain ou la future marraine doit ensuite présenter sa candidature à l'organisme en joignant une copie de son <LienInterne LienPublication="F1420" type="Fiche d'information conditionnée" audience="Particuliers">bulletin n°3 de casier judiciaire</LienInterne>.</Paragraphe><Paragraphe>L'organisme reçoit le candidat au cours de 2 entretiens ayant pour objet d'évaluer son aptitude à parrainer.</Paragraphe><Paragraphe>Il vérifie aussi que les enfants et les personnes vivant avec le candidat soutiennent ce projet.</Paragraphe><Paragraphe>L'accord de l'enfant parrainé et de ses parents (ou le <LienIntra LienID="R10398" type="Définition de glossaire">représentant légal</LienIntra>) sont nécessaires.</Paragraphe></Chapitre><Chapitre><Titre><Paragraphe>Comment se formalise le parrainage ?</Paragraphe></Titre><Paragraphe>Un projet individualisé est élaboré. Il doit tenir compte de l'intérêt du parrainage pour l'enfant et s'assurer des attentes de la famille.</Paragraphe><Paragraphe>Ce projet doit préciser les formes que peut prendre le parrainage. Il peut notamment s'agir des éléments suivants :</Paragraphe><Liste type="puce"><Item><Paragraphe>Fréquence des visites (par exemple, en fin de semaine ou pendant les vacances)</Paragraphe></Item><Item><Paragraphe>Lieu d'accueil (par exemple, accueil au domicile du parrain ou de la marraine)</Paragraphe></Item><Item><Paragraphe>Offre d'activités diverses et de loisirs</Paragraphe></Item></Liste><Paragraphe>Une convention formalise les engagements réciproques des personnes et précise les conditions de mise en œuvre du parrainage. Elle est signée par les personnes suivantes :</Paragraphe><Liste type="puce"><Item><Paragraphe>Père et mère (ou représentant légal : tuteur, curateur,...), et service ou personne à qui l'enfant est confié en cas de placement</Paragraphe></Item><Item><Paragraphe>Enfant concerné</Paragraphe></Item><Item><Paragraphe>Parrain ou marraine</Paragraphe></Item><Item><Paragraphe>Organisme qui met en œuvre et accompagne le parrainage</Paragraphe></Item></Liste></Chapitre><Chapitre><Titre><Paragraphe>Combien de temps dure le parrainage ?</Paragraphe></Titre><Paragraphe>Le parrainage a pour vocation de ne pas avoir de limite dans la durée pour apporter un repère stable à l'enfant.</Paragraphe><Paragraphe>La relation se construit au rythme de chacun.</Paragraphe></Chapitre></Texte><VoirAussi important="non"><Fiche ID="F959" audience="Particuliers"><Titre>Placement volontaire d'un enfant par ses parents</Titre><Theme ID="N19805"><Titre>Famille - Scolarité</Titre></Theme></Fiche></VoirAussi><QuiPeutMAider ID="R1214" sve="non" type="Local personnalisable"><Titre>Point Info Famille</Titre><Complement>Pour obtenir la liste des organismes proposant le parrainage de proximité</Complement><PivotLocal>infofamilles</PivotLocal><RessourceWeb URL="https://solidarites-sante.gouv.fr/archives/famille-enfance/points-info-famille/"/></QuiPeutMAider><QuiPeutMAider ID="R17216" sve="non" type="Local"><Titre>Point ressource à la vie associative</Titre><RessourceWeb URL="http://www.associations.gouv.fr/les-centres-de-ressources-pour-les-responsables-ou-createurs-d-association.html"/><Source ID="R30678">Ministère chargé de la vie associative</Source></QuiPeutMAider><Reference type="Texte de référence" URL="https://www.legifrance.gouv.fr/jorf/id/JORFTEXT000000812499" ID="R47835"><Titre>Arrêté du 11 août 2005 relatif à la charte du parrainage d'enfants</Titre></Reference><Reference type="Texte de référence" URL="https://www.legifrance.gouv.fr/jorf/article_jo/JORFARTI000045133788" ID="R64766"><Titre>Loi n°2022-140 du 7 février 2022 relative à la protection des enfants</Titre><Complement>Article 9</Complement></Reference><Definition ID="R10398"><Titre>Représentant légal</Titre><Texte><Paragraphe>Personne désignée par la loi pour représenter et défendre les intérêts d'une autre personne. Par exemple, le père ou la mère d'un enfant mineur ou le dirigeant d'un organisme.</Paragraphe></Texte></Definition><QuestionReponse ID="F1628" audience="Particuliers"><Titre>Quel est le rôle du Défenseur des droits auprès des enfants ?</Titre></QuestionReponse></Publication>