<?xml version="1.0" encoding="UTF-8"?><Publication xmlns:dc="http://purl.org/dc/elements/1.1/" xmlns:xsi="http://www.w3.org/2001/XMLSchema-instance" ID="F970" type="Fiche Question-réponse conditionnée" xsi:noNamespaceSchemaLocation="../Schemas/3.4/Publication.xsd" spUrl="https://www.service-public.fr/particuliers/vosdroits/F970"><dc:title>Qu'est-ce que l'aide éducative à domicile pour les familles en difficulté ?</dc:title><dc:creator>Direction de l'information légale et administrative</dc:creator><dc:subject>Famille - Scolarité</dc:subject><dc:description>L'aide éducative à domicile permet, dans le cadre de la protection de l'enfance, la mise en place de mesures pour améliorer les relations parents / enfants.</dc:description><dc:publisher>Direction de l'information légale et administrative</dc:publisher><dc:contributor>Direction de l'information légale et administrative (Premier ministre)</dc:contributor><dc:date>modified 2023-06-19</dc:date><dc:type>Question-réponse</dc:type><dc:format>text/xml</dc:format><dc:identifier>F970</dc:identifier><dc:source>https://www.legifrance.gouv.fr/codes/section_lc/LEGITEXT000006074069/LEGISCTA000006157583?etatTexte=VIGUEUR&amp;etatTexte=VIGUEUR_DIFF#LEGISCTA000006157583, https://www.legifrance.gouv.fr/codes/id/LEGISCTA000006178337</dc:source><dc:language>Fr</dc:language><dc:relation>isPartOf N135</dc:relation><dc:coverage>France entière</dc:coverage><dc:rights>https://www.service-public.fr/a-propos/mentions-legales</dc:rights><SurTitre>Question-réponse</SurTitre><Audience>Particuliers</Audience><Canal>www.service-public.fr</Canal><FilDAriane><Niveau ID="Particuliers">Accueil particuliers</Niveau><Niveau ID="N19805">Famille - Scolarité</Niveau><Niveau ID="N135">Autorité parentale</Niveau><Niveau ID="F970" type="Fiche Question-réponse conditionnée">Qu'est-ce que l'aide éducative à domicile pour les familles en difficulté ?</Niveau></FilDAriane><Theme ID="N19805"><Titre>Famille - Scolarité</Titre></Theme><SousThemePere ID="N127">Enfant</SousThemePere><DossierPere ID="N135"><Titre>Autorité parentale</Titre><Fiche ID="F3132">Exercice</Fiche><Fiche ID="F3134">Délégation</Fiche><Fiche ID="F2139">Tutelle</Fiche><Fiche ID="F3135">Retrait</Fiche><Fiche ID="F1194">Émancipation</Fiche></DossierPere><Introduction><Texte><Paragraphe>L'aide éducative à domicile permet à certaines familles, dans le cadre de la protection de l'enfance, la mise en place de mesures pour améliorer les relations parents / enfants.</Paragraphe><Paragraphe>Elle est attribuée, sous certaines conditions, notamment au père ou la mère lorsque la santé, la sécurité, l'entretien ou l'éducation de leur enfant le nécessitent.</Paragraphe></Texte></Introduction><Texte><Chapitre><Titre><Paragraphe>Qui est concerné par l'aide éducative ?</Paragraphe></Titre><Paragraphe>L'aide éducative à domicile peut être accordée aux personnes suivantes :</Paragraphe><Liste type="puce"><Item><Paragraphe>Mère, père qui rencontre des difficultés dans leur relation avec leur(s) enfant(s)</Paragraphe></Item><Item><Paragraphe>Personne qui a la charge d'un enfant</Paragraphe></Item><Item><Paragraphe>Femme enceinte confrontée à des difficultés médicales ou sociales et financières, et dont la santé ou celle de son enfant l'exige</Paragraphe></Item><Item><Paragraphe>Mineur émancipé ou majeur âgé de moins de 21 ans confronté à des difficultés sociales</Paragraphe></Item></Liste></Chapitre><Chapitre><Titre><Paragraphe>Comment obtenir l'aide éducative à domicile ?</Paragraphe></Titre><Paragraphe>L'aide est mise en place sur demande ou avec l'accord des personnes concernées.</Paragraphe><Paragraphe>Pour en bénéficier, vous devez vous adresser au service de l'aide sociale à l'enfance (Ase) de votre département.</Paragraphe><OuSAdresser ID="R3" sve="non" type="Local personnalisé sur SP"><Titre>Services du département</Titre><PivotLocal>cg</PivotLocal><RessourceWeb URL="https://lannuaire.service-public.fr/navigation/cg"/></OuSAdresser><Paragraphe>Vous devez rédiger un courrier expliquant vos besoins et les dificultés que vous rencontrez avec votre enfant.</Paragraphe><ASavoir><Titre>À savoir</Titre><Paragraphe>en tant que parent, si vous faites la demande seul, l'autre parent en est informé.</Paragraphe></ASavoir><Paragraphe>Pour en faire la demande, vous pouvez également vous rapprocher du travailleur social de l'école, du centre de loisirs, d'un point d'information du conseil départemental ou en mairie.</Paragraphe><OuSAdresser ID="R3" sve="non" type="Local personnalisé sur SP"><Titre>Services du département</Titre><PivotLocal>cg</PivotLocal><RessourceWeb URL="https://lannuaire.service-public.fr/navigation/cg"/></OuSAdresser><OuSAdresser ID="R1" sve="non" type="Local personnalisé sur SP"><Titre>Mairie</Titre><PivotLocal>mairie</PivotLocal><RessourceWeb URL="https://lannuaire.service-public.fr/navigation/mairie"/></OuSAdresser></Chapitre><Chapitre><Titre><Paragraphe>Quelles actions peuvent être mises en place dans le cadre de l'aide à domicile ?</Paragraphe></Titre><Paragraphe>Les actions pouvant être mises en place (ensemble ou séparément), dans le cadre de l'aide à domicile, sont les suivantes :</Paragraphe><Liste type="puce"><Item><Paragraphe>Aide d'un(e) technicien(ne) de l'intervention sociale et familiale (TISF), qui doit accompagner la famille rencontrant des difficultés éducatives et sociales</Paragraphe></Item><Item><Paragraphe>Aide d'une aide-ménagère</Paragraphe></Item><Item><Paragraphe>Accompagnement en économie sociale et familiale (AESF). Celui-ci est effectué par un professionnel formé à l'économie sociale et familiale pour comprendre, avec la famille, la nature des difficultés rencontrées sur le plan financier. Il permet d'organiser la gestion du budget.</Paragraphe></Item><Item><Paragraphe>Versement d'aides financières exceptionnelles ou d'allocations mensuelles, à titre définitif ou sous condition de remboursement</Paragraphe></Item><Item><Paragraphe>Intervention d'un service d'action éducative (soutien matériel et éducatif à la famille). Elle s'adresse aux parents confrontés à d'importantes difficultés (situations de carence éducative, de difficultés relationnelles, conditions de vie compromettant la santé de l'enfant...).</Paragraphe></Item></Liste></Chapitre><Chapitre><Titre><Paragraphe>Combien de temps l'aide éducative à domicile est-elle attribuée ?</Paragraphe></Titre><Paragraphe>L'aide est mise en place pour 1 année maximum. Mais elle peut être renouvelée si nécessaire.</Paragraphe><Paragraphe>Sa durée dépend des besoins de la famille. Elle est donc adaptée en conséquence et peut être proposée pour plusieurs années consécutives.</Paragraphe><Paragraphe>La périodicité des visites est déterminée avec le service qui met en place l'accompagnement.</Paragraphe></Chapitre><Chapitre><Titre><Paragraphe>Comment sont pris en charge les frais d'intervention ?</Paragraphe></Titre><Paragraphe>C'est le responsable de secteur de l'Ase qui fixe les conditions pratiques de la prise en charge.</Paragraphe><Paragraphe>Les frais d'intervention d'un technicien de l'intervention sociale et familiale (TISF) ou d'une aide ménagère sont, sur demande du bénéficiaire, pris en charge (totalement ou en partie) par le service de l'Ase.</Paragraphe><Paragraphe>Toutefois, ces frais ne doivent pas être pris en charge par un organisme de sécurité sociale ou un autre service.</Paragraphe><ASavoir><Titre>À savoir</Titre><Paragraphe>il peut être demandé une participation au bénéficiaire selon sa situation financière.</Paragraphe></ASavoir></Chapitre></Texte><QuiPeutMAider ID="R3" sve="non" type="Local personnalisé sur SP"><Titre>Services du département</Titre><PivotLocal>cg</PivotLocal><RessourceWeb URL="https://lannuaire.service-public.fr/navigation/cg"/></QuiPeutMAider><Reference type="Texte de référence" URL="https://www.legifrance.gouv.fr/codes/section_lc/LEGITEXT000006074069/LEGISCTA000006157583?etatTexte=VIGUEUR&amp;etatTexte=VIGUEUR_DIFF#LEGISCTA000006157583" ID="R16456"><Titre>Code de l'action sociale et des familles : articles L222-1 à L222-7</Titre><Complement>Prestations d'aide sociale à l'enfance</Complement></Reference><Reference type="Texte de référence" URL="https://www.legifrance.gouv.fr/codes/id/LEGISCTA000006178337" ID="R48690"><Titre>Code de l'action sociale et des familles : articles R222-1 à R222-4</Titre><Complement>Aide à domicile (article R222-2 : possible participation du bénéficiaire à la dépense)</Complement></Reference><QuestionReponse ID="F18360" audience="Particuliers"><Titre>En quoi consiste la mesure judiciaire d'aide à la gestion du budget familial ?</Titre></QuestionReponse></Publication>