<?xml version="1.0" encoding="UTF-8"?><Publication xmlns:dc="http://purl.org/dc/elements/1.1/" xmlns:xsi="http://www.w3.org/2001/XMLSchema-instance" ID="N102" type="Dossier" xsi:noNamespaceSchemaLocation="../Schemas/3.4/Publication.xsd" spUrl="https://www.service-public.fr/particuliers/vosdroits/N102"><dc:title>Conflits du travail dans la fonction publique</dc:title><dc:creator>Direction de l'information légale et administrative</dc:creator><dc:subject>Travail - Formation</dc:subject><dc:description>Conflits du travail dans la fonction publique</dc:description><dc:publisher>Direction de l'information légale et administrative</dc:publisher><dc:contributor>Direction de l'information légale et administrative (Premier ministre)</dc:contributor><dc:date>modified 2022-01-21</dc:date><dc:type>Dossier</dc:type><dc:format>text/xml</dc:format><dc:identifier>N102</dc:identifier><dc:language>Fr</dc:language><dc:relation>isPartOf N19806</dc:relation><dc:coverage>France entière</dc:coverage><dc:rights>https://www.service-public.fr/a-propos/mentions-legales</dc:rights><SurTitre>Dossier</SurTitre><Audience>Particuliers</Audience><Canal>www.service-public.fr</Canal><FilDAriane><Niveau ID="Particuliers">Accueil particuliers</Niveau><Niveau ID="N19806">Travail - Formation</Niveau><Niveau ID="N102" type="Dossier">Conflits du travail dans la fonction publique</Niveau></FilDAriane><Theme ID="N19806"><Titre>Travail - Formation</Titre></Theme><SousThemePere ID="N19966">Relations individuelles et collectives de travail</SousThemePere><Fiche ID="F510">Sanctions disciplinaires</Fiche><Fiche ID="F13970">Suspension de fonctions</Fiche><Fiche ID="F499">Droit de grève</Fiche><VoirAussi important="non"><Dossier ID="N560" audience="Particuliers"><Titre>Litiges avec l'administration : agir en justice</Titre><Theme ID="N19810"><Titre>Papiers - Citoyenneté - Élections</Titre></Theme></Dossier></VoirAussi><QuestionReponse ID="F13944" audience="Particuliers"><Titre>Infraction pénale : quelle sanction disciplinaire ?</Titre></QuestionReponse><QuestionReponse ID="F34528" audience="Particuliers"><Titre>En quoi consiste la procédure de médiation en cas de litige ?</Titre></QuestionReponse></Publication>