<?xml version="1.0" encoding="UTF-8"?><Publication xmlns:dc="http://purl.org/dc/elements/1.1/" xmlns:xsi="http://www.w3.org/2001/XMLSchema-instance" ID="N142" type="Dossier" xsi:noNamespaceSchemaLocation="../Schemas/3.4/Publication.xsd" spUrl="https://www.service-public.fr/particuliers/vosdroits/N142"><dc:title>Mariage</dc:title><dc:creator>Direction de l'information légale et administrative</dc:creator><dc:subject>Famille - Scolarité</dc:subject><dc:description>Mariage : Célébration, Obligations des époux, Régime matrimonial</dc:description><dc:publisher>Direction de l'information légale et administrative</dc:publisher><dc:contributor>Direction de l'information légale et administrative (Premier ministre), Ministère chargé de l'intérieur</dc:contributor><dc:date>modified 2023-06-08</dc:date><dc:type>Dossier</dc:type><dc:format>text/xml</dc:format><dc:identifier>N142</dc:identifier><dc:language>Fr</dc:language><dc:relation>isPartOf N19805</dc:relation><dc:coverage>France entière</dc:coverage><dc:rights>https://www.service-public.fr/a-propos/mentions-legales</dc:rights><SurTitre>Dossier</SurTitre><Audience>Particuliers</Audience><Canal>www.service-public.fr</Canal><FilDAriane><Niveau ID="Particuliers">Accueil particuliers</Niveau><Niveau ID="N19805">Famille - Scolarité</Niveau><Niveau ID="N142" type="Dossier">Mariage</Niveau></FilDAriane><Theme ID="N19805"><Titre>Famille - Scolarité</Titre></Theme><SousThemePere ID="N20092">Couple</SousThemePere><SousDossier ID="N142-1"><Titre>Célébration</Titre><Fiche ID="F930">Mariage en France</Fiche><Fiche ID="F21614">Mariage d'un Français à l'étranger</Fiche></SousDossier><SousDossier ID="N142-2"><Titre>Obligations des époux</Titre><Fiche ID="F1196">Obligation alimentaire</Fiche><Fiche ID="F966">Contribution aux charges du mariage</Fiche></SousDossier><SousDossier ID="N142-3"><Titre>Régime matrimonial</Titre><Fiche ID="F835">Communauté réduite aux acquêts</Fiche><Fiche ID="F948">Contrat de mariage</Fiche></SousDossier><VoirAussi important="non"><Dossier ID="N144" audience="Particuliers"><Titre>Pacte civil de solidarité (Pacs)</Titre><Theme ID="N19805"><Titre>Famille - Scolarité</Titre></Theme></Dossier><Dossier ID="N143" audience="Particuliers"><Titre>Union libre</Titre><Theme ID="N19805"><Titre>Famille - Scolarité</Titre></Theme></Dossier><Dossier ID="N159" audience="Particuliers"><Titre>Divorce, séparation de corps</Titre><Theme ID="N19805"><Titre>Famille - Scolarité</Titre></Theme></Dossier></VoirAussi><ServiceEnLigne ID="R65066" URL="https://www.service-public.fr/simulateur/calcul/ListeDocumentsPourMariage" audience="Particuliers" type="Simulateur"><Titre>Vérifier les documents à fournir</Titre><Source ID="R30608">Direction de l'information légale et administrative (Dila) - Premier ministre</Source></ServiceEnLigne><ServiceEnLigne ID="R63433" URL="https://www.service-public.fr/simulateur/calcul/ActeNaissance" audience="Particuliers" type="Simulateur"><Titre>Vérifier si vous devez fournir un acte de naissance</Titre><Source ID="R30608">Direction de l'information légale et administrative (Dila) - Premier ministre</Source></ServiceEnLigne><ServiceEnLigne ID="R1323" URL="https://www.service-public.fr/simulateur/calcul/11525" audience="Particuliers" numerocerfa="11525*07" type="Formulaire"><Titre>Demande de contribution aux charges du mariage</Titre><Source ID="R30663">Ministère chargé de la justice</Source><NoticeLiee ID="R16195" URL="https://www.formulaires.service-public.fr/gf/getNotice.do?cerfaNotice=50717&amp;cerfaFormulaire=11525" type="Notice" numerocerfa="50717#07" format="application/pdf" poids="96.2 KB">Notice - Demande de contribution aux charges du mariage</NoticeLiee></ServiceEnLigne><ServiceEnLigne ID="R1406" URL="https://demarches.service-public.fr/mademarche/EtatCivil/demarche?action=NAISSANCE" audience="Particuliers" type="Téléservice"><Titre>Demande d'acte de naissance : copie intégrale ou extrait (naissance en France) - Service gratuit</Titre><Source ID="R30608">Direction de l'information légale et administrative (Dila) - Premier ministre</Source></ServiceEnLigne><ServiceEnLigne ID="R1405" URL="https://demarches.service-public.fr/mademarche/delivrance_demat/demarche?action=NAISSANCE" audience="Particuliers" type="Téléservice"><Titre>Demande d'acte de naissance : copie intégrale ou extrait (naissance à l'étranger) - Service gratuit</Titre><Source ID="R30604">Ministère chargé de l'Europe et des affaires étrangères</Source></ServiceEnLigne><ServiceEnLigne ID="R63676" URL="https://www.ofpra.gouv.fr/demander-un-acte" audience="Particuliers" type="Téléservice"><Titre>Réfugié/apatride : demande de copie ou d'extrait d'acte d'état civil à l'Ofpra</Titre><Source ID="R30652">Office français de protection des réfugiés et apatrides (Ofpra)</Source></ServiceEnLigne><ServiceEnLigne ID="R2937" URL="https://www.formulaires.service-public.fr/gf/cerfa_13487.do" audience="Particuliers" format="application/pdf" poids="124.8 KB" numerocerfa="13487*03" type="Formulaire"><Titre>Demande de copie des pièces annexes fournies lors de l'établissement d'un acte de mariage</Titre><Source ID="R30663">Ministère chargé de la justice</Source></ServiceEnLigne><ServiceEnLigne ID="R18387" URL="https://www.service-public.fr/simulateur/calcul/11531" audience="Particuliers" numerocerfa="11531*03" type="Formulaire"><Titre>Demande de rectification d'une erreur ou d'une omission matérielle contenue dans un acte de l'état civil</Titre><Source ID="R30663">Ministère chargé de la justice</Source><NoticeLiee ID="R19193" URL="https://www.formulaires.service-public.fr/gf/getNotice.do?cerfaNotice=51206&amp;cerfaFormulaire=11531" type="Notice" numerocerfa="51206#03" format="application/pdf" poids="71.0 KB">Notice - Demande de rectification d'une erreur ou d'une omission matérielle contenue dans un acte de l'état civil</NoticeLiee></ServiceEnLigne><QuestionReponse ID="F14485" audience="Particuliers"><Titre>Mariage, Pacs ou concubinage (union libre) : quelles différences ?</Titre></QuestionReponse><QuestionReponse ID="F802" audience="Particuliers"><Titre>Peut-on se marier avec un membre de sa famille ?</Titre></QuestionReponse><QuestionReponse ID="F1248" audience="Particuliers"><Titre>Témoins d'un mariage : quelles sont les règles ?</Titre></QuestionReponse><QuestionReponse ID="F1535" audience="Particuliers"><Titre>Comment changer ou modifier son régime matrimonial ?</Titre></QuestionReponse><QuestionReponse ID="F790" audience="Particuliers"><Titre>Peut-on empêcher son époux ou épouse de faire des dépenses inconsidérées ?</Titre></QuestionReponse><QuestionReponse ID="F31176" audience="Particuliers"><Titre>Qu'est-ce-que la communauté de meubles et acquêts ?</Titre></QuestionReponse></Publication>