<?xml version="1.0" encoding="UTF-8"?><Publication xmlns:dc="http://purl.org/dc/elements/1.1/" xmlns:xsi="http://www.w3.org/2001/XMLSchema-instance" ID="N19775" type="Dossier" xsi:noNamespaceSchemaLocation="../Schemas/3.4/Publication.xsd" spUrl="https://www.service-public.fr/particuliers/vosdroits/N19775"><dc:title>Revenu de solidarité active (RSA)</dc:title><dc:creator>Direction de l'information légale et administrative</dc:creator><dc:subject>Social - Santé</dc:subject><dc:description>Le revenu de solidarité active (RSA) assure aux personnes sans ressources un niveau minimum de revenu qui varie selon la composition du foyer. Le RSA est ouvert, sous certaines conditions, aux personnes d'au moins 25 ans et aux jeunes actifs de 18 à 24 ans s'ils sont parents isolés ou justifient d’une certaine durée d’activité professionnelle. Ce dossier ne détaille pas les règles spécifiques prévues pour Mayotte.</dc:description><dc:publisher>Direction de l'information légale et administrative</dc:publisher><dc:contributor>Direction de l'information légale et administrative (Premier ministre)</dc:contributor><dc:date>modified 2023-12-20</dc:date><dc:type>Dossier</dc:type><dc:format>text/xml</dc:format><dc:identifier>N19775</dc:identifier><dc:language>Fr</dc:language><dc:relation>isPartOf N19811</dc:relation><dc:coverage>France entière</dc:coverage><dc:rights>https://www.service-public.fr/a-propos/mentions-legales</dc:rights><SurTitre>Dossier</SurTitre><Audience>Particuliers</Audience><Canal>www.service-public.fr</Canal><FilDAriane><Niveau ID="Particuliers">Accueil particuliers</Niveau><Niveau ID="N19811">Social - Santé</Niveau><Niveau ID="N19775" type="Dossier">Revenu de solidarité active (RSA)</Niveau></FilDAriane><Theme ID="N19811"><Titre>Social - Santé</Titre></Theme><SousThemePere ID="N20274">Aides sociales</SousThemePere><Fiche ID="F19778">Demandeur de 25 ans ou plus</Fiche><Fiche ID="F286">Jeune actif</Fiche><Fiche ID="F33692">Jeunes parents</Fiche><Fiche ID="F15553">Parent isolé</Fiche><Avertissement ID="R66738" date="2024-01-01"><Titre>Inscription des bénéficiaires du revenu de solidarité active (RSA) auprès de France Travail (anciennement Pôle emploi)</Titre><Texte><Paragraphe>Chaque personne touchant le RSA sera inscrite à France Travail <MiseEnEvidence>au plus tard le 1<Exposant>er</Exposant> janvier 2025</MiseEnEvidence>.</Paragraphe><Paragraphe>Chaque personne touchant le RSA devra signer un contrat d'engagement comportant un plan d'actions précisant ses objectifs d'insertion sociale et professionnelle.</Paragraphe><Paragraphe>Un décret d'application doit préciser les modalités de mise en place du contrat d'engagement.</Paragraphe><Paragraphe>C'est ce que prévoit les dispositions de la <LienExterne URL="https://www.legifrance.gouv.fr/jorf/id/JORFTEXT000048581935">loi du 18 décembre 2023 pour le plein emploi</LienExterne>.</Paragraphe></Texte></Avertissement><Introduction><Texte><Paragraphe>Le revenu de solidarité active (RSA) assure aux personnes sans ressources un niveau minimum de revenu qui varie selon la composition du foyer. Le RSA est ouvert, sous certaines conditions, aux personnes d'au moins 25 ans et aux jeunes actifs de 18 à 24 ans s'ils sont parents isolés ou justifient d’une certaine durée d’activité professionnelle. Ce dossier ne détaille pas les règles spécifiques prévues pour Mayotte.</Paragraphe></Texte></Introduction><VoirAussi important="non"><Dossier ID="N31477" audience="Particuliers"><Titre>Prime d'activité</Titre><Theme ID="N19811"><Titre>Social - Santé</Titre></Theme></Dossier></VoirAussi><ServiceEnLigne ID="R558" URL="https://wwwd.caf.fr/wps/portal/caffr/aidesetservices/lesservicesenligne/estimervosdroits/lersa#/" audience="Particuliers" type="Simulateur"><Titre>Simulateur de RSA (Caf)</Titre><Source ID="R30673">Ministère chargé des affaires sociales</Source></ServiceEnLigne><ServiceEnLigne ID="R50282" URL="https://wwwd.caf.fr/wps/portal/caffr/aidesetservices/lesservicesenligne/faireunedemandedeprestation#/solidariteetactivite" audience="Particuliers" type="Téléservice"><Titre>Demande de RSA (Caf)</Titre><Source ID="R30662">Ministère chargé de la santé</Source></ServiceEnLigne><ServiceEnLigne ID="R50284" URL="https://monespaceprive.msa.fr/lfy/web/msa/accueil?modalId=2" audience="Particuliers" type="Téléservice"><Titre>Demande de RSA (MSA)</Titre><Source ID="R30662">Ministère chargé de la santé</Source></ServiceEnLigne><ServiceEnLigne ID="R1350" URL="https://www.formulaires.service-public.fr/gf/cerfa_15481.do" audience="Particuliers" format="application/pdf" poids="205.9 KB" numerocerfa="15481*01" type="Formulaire"><Titre>Demande de RSA ou de prime d'activité</Titre><Source ID="R30662">Ministère chargé de la santé</Source><ServiceEnLigneAnnexe type="Formulaire" numerocerfa="15482*01" groupe="facultatif"><Titre>RSA et prime d'activité - Demande complémentaire pour un non-salarié</Titre><Introduction><Texte><Paragraphe>À remplir si vous êtes commerçant, artisan, exploitant non salarié agricole, ou si vous exercez une profession libérale.</Paragraphe></Texte></Introduction><LienWeb URL="https://www.formulaires.service-public.fr/gf/cerfa_15482.do" format="application/pdf" poids="143.8 KB"/></ServiceEnLigneAnnexe></ServiceEnLigne><ServiceEnLigne ID="R11225" URL="https://www.formulaires.service-public.fr/gf/cerfa_14130.do" audience="Particuliers" format="application/pdf" poids="79.1 KB" numerocerfa="14130*02" type="Formulaire"><Titre>RSA - Demande complémentaire pour un jeune de moins de 25 ans</Titre><Source ID="R30673">Ministère chargé des affaires sociales</Source></ServiceEnLigne><ServiceEnLigne ID="R50217" URL="https://wwwd.caf.fr/wps/myportal/caffr/moncompte/" audience="Particuliers" type="Téléservice"><Titre>RSA - Déclarer ses ressources trimestrielles</Titre><Source ID="R30610">Caisse nationale des allocations familiales (Cnaf)</Source></ServiceEnLigne><ServiceEnLigne ID="R527" URL="https://www.formulaires.service-public.fr/gf/cerfa_14129.do" audience="Particuliers" format="application/pdf" poids="64.1 KB" numerocerfa="14129*03" type="Formulaire"><Titre>RSA - Déclarer ses ressources trimestrielles</Titre><Source ID="R30673">Ministère chargé des affaires sociales</Source><NoticeLiee ID="R1480" URL="https://www.formulaires.service-public.fr/gf/getNotice.do?cerfaNotice=51439&amp;cerfaFormulaire=14129*03" type="Notice" numerocerfa="51439#04" format="application/pdf" poids="74.4 KB">Notice explicative pour la déclaration trimestrielle RSA</NoticeLiee></ServiceEnLigne><ServiceEnLigne ID="R931" URL="https://www.formulaires.service-public.fr/gf/cerfa_14584.do" audience="Particuliers" format="application/pdf" poids="97.6 KB" numerocerfa="14584*01" type="Formulaire"><Titre>Demande de RSA (Mayotte)</Titre><Source ID="R30610">Caisse nationale des allocations familiales (Cnaf)</Source></ServiceEnLigne><ServiceEnLigne ID="R204" URL="https://www.formulaires.service-public.fr/gf/cerfa_14585.do" audience="Particuliers" format="application/pdf" poids="62.0 KB" numerocerfa="14585*01" type="Formulaire"><Titre>Demande complémentaire de RSA - non salarié (Mayotte)</Titre><Source ID="R30610">Caisse nationale des allocations familiales (Cnaf)</Source></ServiceEnLigne><ServiceEnLigne ID="R54933" URL="https://www.mesdroitssociaux.gouv.fr" audience="Particuliers" type="Simulateur"><Titre>Connaître les prestations sociales auxquelles vous pouvez avoir droit</Titre><Source ID="R30662">Ministère chargé de la santé</Source></ServiceEnLigne><PourEnSavoirPlus type="Information pratique" ID="R795" URL="https://solidarites-sante.gouv.fr/affaires-sociales/lutte-contre-l-exclusion/droits-et-aides/article/le-revenu-de-solidarite-active-rsa" audience="Particuliers"><Titre>Revenu de solidarité active (RSA)</Titre><Source ID="R30673">Ministère chargé des affaires sociales</Source></PourEnSavoirPlus><QuestionReponse ID="F35513" audience="Particuliers"><Titre>Aide exceptionnelle de solidarité Covid : qui en a bénéficié ?</Titre></QuestionReponse><QuestionReponse ID="F20423" audience="Particuliers"><Titre>A-t-on droit au RSA quand on est en congé maternité ?</Titre></QuestionReponse><QuestionReponse ID="F20218" audience="Particuliers"><Titre>Un demandeur d'emploi a-t-il droit au RSA ?</Titre></QuestionReponse><QuestionReponse ID="F1971" audience="Particuliers"><Titre>Un étudiant a-t-il droit au RSA ?</Titre></QuestionReponse><QuestionReponse ID="F20421" audience="Particuliers"><Titre>Un intermittent du spectacle a-t-il droit au RSA ?</Titre></QuestionReponse><QuestionReponse ID="F20221" audience="Particuliers"><Titre>Un travailleur indépendant peut-il bénéficier du RSA ?</Titre></QuestionReponse><QuestionReponse ID="F11014" audience="Particuliers"><Titre>Peut-on cumuler le RSA avec d'autres aides sociales (ASS ou Aspa) ?</Titre></QuestionReponse><QuestionReponse ID="F20209" audience="Particuliers"><Titre>Peut-on cumuler l'allocation adulte handicapé (AAH) et le RSA ?</Titre></QuestionReponse><QuestionReponse ID="F13866" audience="Particuliers"><Titre>Une personne en volontariat a-t-elle droit au RSA et à la prime d'activité ?</Titre></QuestionReponse><QuestionReponse ID="F24615" audience="Particuliers"><Titre>Comment le conjoint étranger est-il pris en compte dans le calcul du RSA ?</Titre></QuestionReponse><QuestionReponse ID="F20199" audience="Particuliers"><Titre>Dans quels cas un enfant peut-il être considéré à charge pour le RSA ?</Titre></QuestionReponse><QuestionReponse ID="F994" audience="Particuliers"><Titre>À quoi correspond la "résidence stable et effective" en France ?</Titre></QuestionReponse><QuestionReponse ID="F24585" audience="Particuliers"><Titre>Quelles sont les ressources prises en compte pour le calcul des droits au RSA ?</Titre></QuestionReponse><QuestionReponse ID="F1723" audience="Particuliers"><Titre>Le train de vie peut-il être pris en compte ?</Titre></QuestionReponse><QuestionReponse ID="F20237" audience="Particuliers"><Titre>Le RSA donne t-il droit à d'autres aides ?</Titre></QuestionReponse><QuestionReponse ID="F33739" audience="Particuliers"><Titre>Peut-on toucher le RSA quand on vit à l'étranger ?</Titre></QuestionReponse><QuestionReponse ID="F1325" audience="Particuliers"><Titre>Prime de Noël : comment en bénéficier ?</Titre></QuestionReponse></Publication>