<?xml version="1.0" encoding="UTF-8"?><Publication xmlns:dc="http://purl.org/dc/elements/1.1/" xmlns:xsi="http://www.w3.org/2001/XMLSchema-instance" ID="N20359" type="Dossier" xsi:noNamespaceSchemaLocation="../Schemas/3.4/Publication.xsd" spUrl="https://www.service-public.fr/particuliers/vosdroits/N20359"><dc:title>Aide pour le dépôt de garantie ou la caution d'un logement en location</dc:title><dc:creator>Direction de l'information légale et administrative</dc:creator><dc:subject>Logement</dc:subject><dc:description>Des aides peuvent être attribuées pour financer les dépenses de logement. D'un part, l'avance Loca-pass permet de financer le dépôt de garantie exigé lors de la signature du bail. D'autre part, la garantie Visale qui permet de financer les impayés de loyers et charges (caution).</dc:description><dc:publisher>Direction de l'information légale et administrative</dc:publisher><dc:contributor>Direction de l'information légale et administrative (Premier ministre)</dc:contributor><dc:date>modified 2023-09-11</dc:date><dc:type>Dossier</dc:type><dc:format>text/xml</dc:format><dc:identifier>N20359</dc:identifier><dc:language>Fr</dc:language><dc:relation>isPartOf N19808</dc:relation><dc:coverage>France entière</dc:coverage><dc:rights>https://www.service-public.fr/a-propos/mentions-legales</dc:rights><SurTitre>Dossier</SurTitre><Audience>Particuliers</Audience><Canal>www.service-public.fr</Canal><Cible>Locataire, Propriétaire</Cible><FilDAriane><Niveau ID="Particuliers">Accueil particuliers</Niveau><Niveau ID="N19808">Logement</Niveau><Niveau ID="N20359" type="Dossier">Aide pour le dépôt de garantie ou la caution d'un logement en location</Niveau></FilDAriane><Theme ID="N19808"><Titre>Logement</Titre></Theme><SousThemePere ID="N305">Aides financières pour le logement</SousThemePere><Fiche ID="F18490">Avance Loca-Pass : aide au locataire pour le dépôt de garantie</Fiche><Fiche ID="F33453">Garantie Visale : caution pour le locataire (impayés et dégradations)</Fiche><Introduction><Texte><Paragraphe>Des aides peuvent être attribuées pour financer les dépenses de logement. D'un part, l'avance Loca-pass permet de financer le dépôt de garantie exigé lors de la signature du bail. D'autre part, la garantie Visale qui permet de financer les impayés de loyers et charges (caution).</Paragraphe></Texte></Introduction><VoirAussi important="non"><Fiche ID="F2023" audience="Particuliers"><Titre>Assurance du logement par le propriétaire</Titre><Theme ID="N19803"><Titre>Argent - Impôts - Consommation</Titre></Theme></Fiche></VoirAussi><PourEnSavoirPlus type="Information pratique" ID="R51773" URL="https://www.inc-conso.fr/content/sassurer-contre-les-loyers-impayes-la-garantie-des-loyers-impayes-gli" audience="Particuliers"><Titre>S'assurer contre les loyers impayés (la garantie des loyers impayés – GLI)</Titre><Source ID="R30643">Institut national de la consommation (INC)</Source></PourEnSavoirPlus><QuestionReponse ID="F1334" audience="Particuliers"><Titre>Quelle aide apporte le Fonds de solidarité pour le logement (FSL) ?</Titre></QuestionReponse></Publication>