<?xml version="1.0" encoding="UTF-8"?><Publication xmlns:dc="http://purl.org/dc/elements/1.1/" xmlns:xsi="http://www.w3.org/2001/XMLSchema-instance" ID="N24033" type="Dossier" xsi:noNamespaceSchemaLocation="../Schemas/3.4/Publication.xsd" spUrl="https://www.service-public.fr/particuliers/vosdroits/N24033"><dc:title>Information et protection du consommateur</dc:title><dc:creator>Direction de l'information légale et administrative</dc:creator><dc:subject>Argent - Impôts - Consommation</dc:subject><dc:description>L'information sur les prix et les soldes est réglementée. Après l'acquisition d'un bien, des dispositions protègent le consommateur qui souhaite renoncer à son achat ou qui rencontre un problème à la livraison. En cas de litige, il est possible de recourir à un médiateur ou un conciliateur. Cette page présente les règles générales, mais ne traite pas des règles spécifiques à certains achats (achat à distance, prestations de service, etc.).</dc:description><dc:publisher>Direction de l'information légale et administrative</dc:publisher><dc:contributor>Direction de l'information légale et administrative (Premier ministre)</dc:contributor><dc:date>modified 2018-08-10</dc:date><dc:type>Dossier</dc:type><dc:format>text/xml</dc:format><dc:identifier>N24033</dc:identifier><dc:language>Fr</dc:language><dc:relation>isPartOf N19803</dc:relation><dc:coverage>France entière</dc:coverage><dc:rights>https://www.service-public.fr/a-propos/mentions-legales</dc:rights><SurTitre>Dossier</SurTitre><Audience>Particuliers</Audience><Canal>www.service-public.fr</Canal><FilDAriane><Niveau ID="Particuliers">Accueil particuliers</Niveau><Niveau ID="N19803">Argent - Impôts - Consommation</Niveau><Niveau ID="N24033" type="Dossier">Information et protection du consommateur</Niveau></FilDAriane><Theme ID="N19803"><Titre>Argent - Impôts - Consommation</Titre></Theme><SousThemePere ID="N20154">Consommation</SousThemePere><Fiche ID="F34344">Prix</Fiche><Fiche ID="F24037">Soldes, promotion ou réduction, liquidation</Fiche><Fiche ID="F23224">Démarchage à domicile</Fiche><Fiche ID="F31144">Devis obligatoire : activités concernées</Fiche><Fiche ID="F34346">Contrat de vente et d'achat</Fiche><Fiche ID="F34347">Livraison d'un bien acheté par un particulier auprès d'un professionnel</Fiche><Fiche ID="F24042">Délais de réflexion et de rétractation</Fiche><Fiche ID="F34348">Litiges</Fiche><Introduction><Texte><Paragraphe>L'information sur les prix et les soldes est réglementée. Après l'acquisition d'un bien, des dispositions protègent le consommateur qui souhaite renoncer à son achat ou qui rencontre un problème à la livraison. En cas de litige, il est possible de recourir à un médiateur ou un conciliateur. Cette page présente les règles générales, mais ne traite pas des règles spécifiques à certains achats (achat à distance, prestations de service, etc.).</Paragraphe></Texte></Introduction><VoirAussi important="non"><Dossier ID="N10515" audience="Particuliers"><Titre>Achat à distance</Titre><Theme ID="N19803"><Titre>Argent - Impôts - Consommation</Titre></Theme></Dossier><Dossier ID="N24036" audience="Particuliers"><Titre>Prestations de service</Titre><Theme ID="N19803"><Titre>Argent - Impôts - Consommation</Titre></Theme></Dossier><Dossier ID="N20278" audience="Particuliers"><Titre>Communications électroniques (téléphone, internet, télévision)</Titre><Theme ID="N19803"><Titre>Argent - Impôts - Consommation</Titre></Theme></Dossier><Dossier ID="N24253" audience="Particuliers"><Titre>Véhicule</Titre><Theme ID="N19803"><Titre>Argent - Impôts - Consommation</Titre></Theme></Dossier></VoirAussi><OuSAdresser ID="R20797" sve="non" type="National"><Titre>Direction générale de la concurrence, de la consommation et de la répression des fraudes (DGCCRF)</Titre><Complement>Pour toute information et en cas de litige</Complement><Source ID="R48597">Direction générale de la concurrence de la consommation et de la répression des fraudes (DGCCRF)</Source><Texte><Paragraphe>Si vous souhaitez signaler une difficulté rencontrée avec un commerçant</Paragraphe><Chapitre><Titre><Paragraphe>Sur internet</Paragraphe></Titre><Paragraphe>Vous pouvez utiliser le site <LienInterne LienPublication="R58969" type="Téléservice" audience="Particuliers">Signal Conso</LienInterne>.</Paragraphe><Paragraphe>La DGCCRF et le commerçant concerné seront informés de votre démarche.</Paragraphe></Chapitre><Chapitre><Titre><Paragraphe>Par téléphone</Paragraphe></Titre><Paragraphe><MiseEnEvidence>0809 540 550</MiseEnEvidence></Paragraphe><Paragraphe>Numéro non surtaxé</Paragraphe><Paragraphe>Heures d'ouverture :</Paragraphe><Liste type="puce"><Item><Paragraphe>Lundi et mardi : de 8h30 à 12h30 et de 13h15 à 17h15</Paragraphe></Item><Item><Paragraphe>Mercredi : de 13h15 à 17h15</Paragraphe></Item><Item><Paragraphe>Jeudi : de 8h30 à 12h30</Paragraphe></Item><Item><Paragraphe>Vendredi : de 8h30 à 16h</Paragraphe></Item></Liste></Chapitre><Chapitre><Titre><Paragraphe>Par courrier</Paragraphe></Titre><Paragraphe>DGCCRF - RéponseConso - BP 60 - 34935 Montpellier Cedex 9</Paragraphe></Chapitre></Texte></OuSAdresser><ServiceEnLigne ID="R31671" URL="https://www.inc-conso.fr/content/une-societe-inconnue-vous-livre-un-objet-que-vous-naviez-pas-commande" audience="Particuliers" type="Modèle de document"><Titre>Écrire au professionnel en cas d'envoi forcé d'un objet à son domicile</Titre><Source ID="R30643">Institut national de la consommation (INC)</Source></ServiceEnLigne><ServiceEnLigne ID="R24052" URL="https://www.inc-conso.fr/content/un-commercant-de-votre-quartier-naffiche-pas-les-prix-vous-le-signalez-aux-agents-de-la-ddpp" audience="Particuliers" type="Modèle de document"><Titre>Signaler à la répression des fraudes un commerçant qui n'affiche pas les prix</Titre><Source ID="R30643">Institut national de la consommation (INC)</Source></ServiceEnLigne><ServiceEnLigne ID="R40507" URL="https://www.inc-conso.fr/content/vous-refusez-de-payer-des-frais-supplementaires-que-vous-naviez-pas-prealablement-acceptes" audience="Particuliers" type="Modèle de document"><Titre>Demander au commerçant le remboursement d'options payantes facturées sans votre consentement</Titre><Source ID="R30643">Institut national de la consommation (INC)</Source></ServiceEnLigne><ServiceEnLigne ID="R1797" URL="https://www.inc-conso.fr/content/vous-demandez-lannulation-dun-contrat-passe-par-votre-enfant-mineur-ainsi-que-le" audience="Particuliers" type="Modèle de document"><Titre>Demander l'annulation du contrat passé par son enfant mineur et un remboursement</Titre><Source ID="R30643">Institut national de la consommation (INC)</Source></ServiceEnLigne><ServiceEnLigne ID="R31676" URL="https://www.inc-conso.fr/content/la-date-de-livraison-prevue-sur-le-bon-de-commande-na-pas-ete-respectee-vous-adressez-une" audience="Particuliers" type="Modèle de document"><Titre>Mettre en demeure le professionnel de livrer le bien ou le service à la date prévue</Titre><Source ID="R30643">Institut national de la consommation (INC)</Source></ServiceEnLigne><ServiceEnLigne ID="R31677" URL="https://www.inc-conso.fr/content/malgre-la-mise-en-demeure-la-livraison-na-pas-eu-lieu-ou-la-prestation-de-services-na-pas" audience="Particuliers" type="Modèle de document"><Titre>Annuler la vente si le bien ou le service n'a pas été livré après une mise en demeure</Titre><Source ID="R30643">Institut national de la consommation (INC)</Source></ServiceEnLigne><ServiceEnLigne ID="R31672" URL="https://www.inc-conso.fr/content/vous-demandez-le-remboursement-de-la-somme-versee-un-commercant-qui-ne-vous-toujours-pas" audience="Particuliers" type="Modèle de document"><Titre>Demander au professionnel le remboursement de la somme versée à la commande en l'absence de livraison</Titre><Source ID="R30643">Institut national de la consommation (INC)</Source></ServiceEnLigne><ServiceEnLigne ID="R40508" URL="https://www.inc-conso.fr/content/vous-demandez-le-remboursement-des-sommes-versees-suite-de-lannulation-dune-commande-pour" audience="Particuliers" type="Modèle de document"><Titre>Demander au professionnel le remboursement de l'acompte d'une commande annulée pour défaut de livraison</Titre><Source ID="R30643">Institut national de la consommation (INC)</Source></ServiceEnLigne><ServiceEnLigne ID="R33559" URL="https://www.inc-conso.fr/content/vous-demandez-la-prolongation-de-la-garantie-commerciale-pour-un-appareil-reste-longtemps-en" audience="Particuliers" type="Modèle de document"><Titre>Demander au vendeur la prolongation de la garantie commerciale pour un appareil resté longtemps en réparation</Titre><Source ID="R30643">Institut national de la consommation (INC)</Source></ServiceEnLigne><ServiceEnLigne ID="R33558" URL="https://www.inc-conso.fr/content/votre-vendeur-refuse-dappliquer-la-garantie-commerciale-pour-un-appareil-qui-tombe-souvent" audience="Particuliers" type="Modèle de document"><Titre>Mettre en demeure le vendeur d'appliquer la garantie commerciale pour un appareil qui tombe souvent en panne</Titre><Source ID="R30643">Institut national de la consommation (INC)</Source></ServiceEnLigne><ServiceEnLigne ID="R33567" URL="https://www.inc-conso.fr/content/le-meuble-quon-vous-livre-nest-pas-entierement-en-chene-massif-comme-cela-etait-indique-sur" audience="Particuliers" type="Modèle de document"><Titre>Mettre en demeure le vendeur de livrer un bien conforme à celui commandé</Titre><Source ID="R30643">Institut national de la consommation (INC)</Source></ServiceEnLigne><ServiceEnLigne ID="R33638" URL="https://www.inc-conso.fr/content/un-demarcheur-domicile-vendu-une-grande-quantite-de-linge-de-maison-votre-grand-mere-vous" audience="Particuliers" type="Modèle de document"><Titre>Demander l'annulation d'une vente à domicile pour abus de faiblesse</Titre><Source ID="R30643">Institut national de la consommation (INC)</Source></ServiceEnLigne><ServiceEnLigne ID="R33564" URL="https://www.inc-conso.fr/content/votre-lave-linge-achete-neuf-presente-un-defaut-vous-demandez-lapplication-de-la-garantie" audience="Particuliers" type="Modèle de document"><Titre>Demander l'application de la garantie légale des vices cachés pour un bien acheté neuf et défectueux</Titre><Source ID="R30643">Institut national de la consommation (INC)</Source></ServiceEnLigne><ServiceEnLigne ID="R31673" URL="http://www.jdp-pub.org/deposer-une-plainte-relative-au-contenu-dune-publicite/" audience="Particuliers" type="Téléservice"><Titre>Déposer une plainte relative au contenu d'une publicité</Titre><Source ID="R31675">Jury de déontologie publicitaire</Source></ServiceEnLigne><PourEnSavoirPlus type="Information pratique" ID="R48650" URL="https://www.inc-conso.fr/content/vraifaux-en-magasin-quels-sont-mes-droits" audience="Particuliers"><Titre>En magasin, quels sont mes droits ?</Titre><Source ID="R30643">Institut national de la consommation (INC)</Source></PourEnSavoirPlus><PourEnSavoirPlus type="Information pratique" ID="R55373" URL="https://www.inc-conso.fr/content/la-remise-dun-ticket-de-caisse-ou-dune-note-est-elle-obligatoire-avec-le-cnafal" audience="Particuliers"><Titre>La remise d'un ticket de caisse ou note est-elle obligatoire ?</Titre><Source ID="R30643">Institut national de la consommation (INC)</Source></PourEnSavoirPlus><PourEnSavoirPlus type="Information pratique" ID="R55374" URL="https://www.inc-conso.fr/content/retard-de-livraison-la-procedure-suivre-avec-lafoc" audience="Particuliers"><Titre>Retard de livraison : la procédure à suivre</Titre><Source ID="R30643">Institut national de la consommation (INC)</Source></PourEnSavoirPlus><PourEnSavoirPlus type="Information pratique" ID="R48651" URL="https://www.inc-conso.fr/content/la-vente-hors-etablissement-ou-demarchage-domicile" audience="Particuliers"><Titre>Vente hors établissement (ou "démarchage à domicile")</Titre><Source ID="R30643">Institut national de la consommation (INC)</Source></PourEnSavoirPlus><PourEnSavoirPlus type="Information pratique" ID="R48652" URL="https://www.economie.gouv.fr/dgccrf/Publications/Vie-pratique/Fiches-pratiques/ventes-sur-voie-publique" audience="Particuliers"><Titre>Ventes sur la voie publique</Titre><Source ID="R30656">Ministère chargé de l'économie</Source></PourEnSavoirPlus><PourEnSavoirPlus type="Information pratique" ID="R48653" URL="https://www.economie.gouv.fr/dgccrf/Publications/Vie-pratique/Fiches-pratiques/Ventes-et-marches-plein-air" audience="Particuliers"><Titre>Ventes et marchés de plein air</Titre><Source ID="R30656">Ministère chargé de l'économie</Source></PourEnSavoirPlus><PourEnSavoirPlus type="Information pratique" ID="R48644" URL="https://www.economie.gouv.fr/dgccrf/Publications/Vie-pratique/Fiches-pratiques/Pratiques-commerciales-agressives" audience="Particuliers"><Titre>Les pratiques commerciales agressives</Titre><Source ID="R30656">Ministère chargé de l'économie</Source></PourEnSavoirPlus><PourEnSavoirPlus type="Information pratique" ID="R48645" URL="https://www.economie.gouv.fr/dgccrf/Publication/Vie-pratique/Fiches-pratiques/Pratiques-commerciales-trompeuses" audience="Particuliers"><Titre>Pratiques commerciales trompeuses</Titre><Source ID="R30656">Ministère chargé de l'économie</Source></PourEnSavoirPlus><PourEnSavoirPlus type="Information pratique" ID="R48646" URL="https://www.inc-conso.fr/content/les-pratiques-commerciales-deloyales" audience="Particuliers"><Titre>Pratiques commerciales déloyales</Titre><Source ID="R30643">Institut national de la consommation (INC)</Source></PourEnSavoirPlus><PourEnSavoirPlus type="Information pratique" ID="R48647" URL="https://www.inc-conso.fr/content/la-vente-sans-commande-prealable-la-vente-forcee-par-correspondance" audience="Particuliers"><Titre>Vente sans commande préalable - Vente forcée par correspondance</Titre><Source ID="R30643">Institut national de la consommation (INC)</Source></PourEnSavoirPlus><PourEnSavoirPlus type="Information pratique" ID="R48649" URL="https://www.inc-conso.fr/content/labus-de-faiblesse" audience="Particuliers"><Titre>Abus de faiblesse</Titre><Source ID="R30643">Institut national de la consommation (INC)</Source></PourEnSavoirPlus><PourEnSavoirPlus type="Information pratique" ID="R54037" URL="https://www.inc-conso.fr/content/numeros-durgence-gestes-qui-sauvent-symboles-des-produits-dangereux#3" audience="Particuliers"><Titre>Symboles des produits dangereux</Titre><Source ID="R30643">Institut national de la consommation (INC)</Source></PourEnSavoirPlus><PourEnSavoirPlus type="Information pratique" ID="R20669" URL="https://www.economie.gouv.fr/dgccrf/Publications/Vie-pratique/Fiches-pratiques/Signe-de-qualite" audience="Particuliers"><Titre>Signes officiels de la qualité des produits alimentaires</Titre><Source ID="R30656">Ministère chargé de l'économie</Source></PourEnSavoirPlus><PourEnSavoirPlus type="Information pratique" ID="R43986" URL="http://www.economie.gouv.fr/dgccrf/Publications/Vie-pratique/Fiches-pratiques/Etiquetage-des-vetements" audience="Particuliers"><Titre>Étiquetage des vêtements</Titre><Source ID="R30656">Ministère chargé de l'économie</Source></PourEnSavoirPlus><QuestionReponse ID="F34284" audience="Particuliers"><Titre>Comment saisir la DGCCRF (Direction générale de la concurrence, de la consommation et de la répression des fraudes) ?</Titre></QuestionReponse><QuestionReponse ID="F31187" audience="Particuliers"><Titre>Acompte, avance, arrhes et avoir : quelles différences ?</Titre></QuestionReponse><QuestionReponse ID="F31683" audience="Particuliers"><Titre>Une facture est-elle obligatoire lors d'une vente entre particuliers ? </Titre></QuestionReponse><QuestionReponse ID="F33991" audience="Particuliers"><Titre>Peut-on résilier un contrat de prestation de services à tacite reconduction ?</Titre></QuestionReponse><QuestionReponse ID="F33177" audience="Particuliers"><Titre>Achat de métaux précieux auprès de particuliers : quelles sont les règles ?</Titre></QuestionReponse><QuestionReponse ID="F31463" audience="Particuliers"><Titre>Une lettre recommandée électronique a-t-elle une valeur légale ?</Titre></QuestionReponse></Publication>