<?xml version="1.0" encoding="UTF-8"?><Publication xmlns:dc="http://purl.org/dc/elements/1.1/" xmlns:xsi="http://www.w3.org/2001/XMLSchema-instance" ID="N283" type="Dossier" xsi:noNamespaceSchemaLocation="../Schemas/3.4/Publication.xsd" spUrl="https://www.service-public.fr/particuliers/vosdroits/N283"><dc:title>Vol - Vandalisme - Escroquerie</dc:title><dc:creator>Direction de l'information légale et administrative</dc:creator><dc:subject>Justice</dc:subject><dc:description>Le vol, le cambriolage sont des atteintes aux biens. Voler une voiture, un téléphone portable, une somme d'argent, cambrioler une maison est puni par la loi... D'autres atteintes aux biens sont sanctionnées : le vandalisme, l'escroquerie, l'abus de confiance, la destruction. L'abus de faiblesse est une atteinte à la personne, punie par la loi.</dc:description><dc:publisher>Direction de l'information légale et administrative</dc:publisher><dc:contributor>Direction de l'information légale et administrative (Premier ministre)</dc:contributor><dc:date>modified 2023-03-07</dc:date><dc:type>Dossier</dc:type><dc:format>text/xml</dc:format><dc:identifier>N283</dc:identifier><dc:language>Fr</dc:language><dc:relation>isPartOf N19807</dc:relation><dc:coverage>France entière</dc:coverage><dc:rights>https://www.service-public.fr/a-propos/mentions-legales</dc:rights><SurTitre>Dossier</SurTitre><Audience>Particuliers</Audience><Canal>www.service-public.fr</Canal><FilDAriane><Niveau ID="Particuliers">Accueil particuliers</Niveau><Niveau ID="N19807">Justice</Niveau><Niveau ID="N283" type="Dossier">Vol - Vandalisme - Escroquerie</Niveau></FilDAriane><Theme ID="N19807"><Titre>Justice</Titre></Theme><SousThemePere ID="N20326">Infractions</SousThemePere><Fiche ID="F1523">Vol</Fiche><Fiche ID="F1520">Escroquerie</Fiche><Fiche ID="F1515">Abus de confiance</Fiche><Fiche ID="F35140">Abus de faiblesse</Fiche><Fiche ID="F1514">Vandalisme</Fiche><Fiche ID="F35754">Destruction ou dégradation involontaire d'un bien</Fiche><Introduction><Texte><Paragraphe>Le vol, le cambriolage sont des atteintes aux biens. Voler une voiture, un téléphone portable, une somme d'argent, cambrioler une maison est puni par la loi... D'autres atteintes aux biens sont sanctionnées : le vandalisme, l'escroquerie, l'abus de confiance, la destruction. L'abus de faiblesse est une atteinte à la personne, punie par la loi.</Paragraphe></Texte></Introduction><QuestionReponse ID="F33023" audience="Particuliers"><Titre>Qu'est-ce que le recel de vol ?</Titre></QuestionReponse><QuestionReponse ID="F34031" audience="Particuliers"><Titre>Feu de poubelle ou feu de forêt : quelles sont les sanctions ?</Titre></QuestionReponse><QuestionReponse ID="F31612" audience="Particuliers"><Titre>Qu'est-ce qu'un faux et un usage de faux ?</Titre></QuestionReponse><QuestionReponse ID="F1521" audience="Particuliers"><Titre>Qu'appelle-t-on filouterie ?</Titre></QuestionReponse><QuestionReponse ID="F21138" audience="Particuliers"><Titre>Que faire en cas de vol d'un véhicule ?</Titre></QuestionReponse><QuestionReponse ID="F34634" audience="Particuliers"><Titre>Comment s'inscrire à l'opération tranquillité vacances (OTV) ?</Titre></QuestionReponse></Publication>