<?xml version="1.0" encoding="UTF-8"?><Publication xmlns:dc="http://purl.org/dc/elements/1.1/" xmlns:xsi="http://www.w3.org/2001/XMLSchema-instance" ID="N30" type="Dossier" xsi:noNamespaceSchemaLocation="../Schemas/3.4/Publication.xsd" spUrl="https://www.service-public.fr/particuliers/vosdroits/N30"><dc:title>Anciens combattants</dc:title><dc:creator>Direction de l'information légale et administrative</dc:creator><dc:subject>Papiers - Citoyenneté - Élections</dc:subject><dc:description>Un militaire ou une personne civile qui a pris part à un conflit dans lequel la France est ou était engagée peut faire reconnaître son statut d'ancien combattant. la carte de combattant, le titre de reconnaissance de la Nation, la carte d'invalidité des pensionnés de guerre ouvrent droit à certains avantages, comme par exemple le versement de la retraite du combattant.</dc:description><dc:publisher>Direction de l'information légale et administrative</dc:publisher><dc:contributor>Direction de l'information légale et administrative (Premier ministre)</dc:contributor><dc:date>modified 2021-02-12</dc:date><dc:type>Dossier</dc:type><dc:format>text/xml</dc:format><dc:identifier>N30</dc:identifier><dc:language>Fr</dc:language><dc:relation>isPartOf N19810</dc:relation><dc:coverage>France entière</dc:coverage><dc:rights>https://www.service-public.fr/a-propos/mentions-legales</dc:rights><SurTitre>Dossier</SurTitre><Audience>Particuliers</Audience><Canal>www.service-public.fr</Canal><FilDAriane><Niveau ID="Particuliers">Accueil particuliers</Niveau><Niveau ID="N19810">Papiers - Citoyenneté - Élections</Niveau><Niveau ID="N30" type="Dossier">Anciens combattants</Niveau></FilDAriane><Theme ID="N19810"><Titre>Papiers - Citoyenneté - Élections</Titre></Theme><SousThemePere ID="N20070">Citoyenneté</SousThemePere><Fiche ID="F1482">Carte du combattant</Fiche><Fiche ID="F1293">Allocation de reconnaissance du combattant (anciennement retraite du combattant)</Fiche><Fiche ID="F1491">Titre de reconnaissance de la Nation</Fiche><Fiche ID="F1677">Carte d'invalidité de pensionné de guerre</Fiche><Introduction><Texte><Paragraphe>Un militaire ou une personne civile qui a pris part à un conflit dans lequel la France est ou était engagée peut faire reconnaître son statut d'ancien combattant. la carte de combattant, le titre de reconnaissance de la Nation, la carte d'invalidité des pensionnés de guerre ouvrent droit à certains avantages, comme par exemple le versement de la retraite du combattant.</Paragraphe></Texte></Introduction><QuiPeutMAider ID="R44" sve="non" type="Local personnalisé sur SP"><Titre>Service de l'ONACVG en France, Algérie, Maroc et Tunisie</Titre><PivotLocal>Onac</PivotLocal><RessourceWeb URL="http://www.onac-vg.fr/fr/carte/"/><Source ID="R30730">Office national des anciens combattants et victimes de guerre (ONACVG)</Source></QuiPeutMAider><OuSAdresser ID="R44" sve="non" type="Local personnalisé sur SP"><Titre>Service de l'ONACVG en France, Algérie, Maroc et Tunisie</Titre><PivotLocal>Onac</PivotLocal><RessourceWeb URL="http://www.onac-vg.fr/fr/carte/"/><Source ID="R30730">Office national des anciens combattants et victimes de guerre (ONACVG)</Source></OuSAdresser><ServiceEnLigne ID="R2409" URL="https://www.formulaires.service-public.fr/gf/cerfa_14820.do" audience="Particuliers" format="application/pdf" poids="663.5 KB" numerocerfa="14820*02" type="Formulaire"><Titre>DU OPEX Imprimé d'identification du blessé en OPEX (militaire/civil)</Titre><Source ID="R30691">Caisse nationale militaire de sécurité sociale (CNMSS)</Source></ServiceEnLigne><ServiceEnLigne ID="R58553" URL="https://www.formulaires.service-public.fr/gf/cerfa_15058.do" audience="Particuliers" format="application/pdf" poids="467.7 KB" numerocerfa="15058*02" type="Formulaire"><Titre>DU OPEX Formulaire d'intégration (pour reprise a posteriori des dossiers OPEX anciens)</Titre><Source ID="R30691">Caisse nationale militaire de sécurité sociale (CNMSS)</Source></ServiceEnLigne><ServiceEnLigne ID="R58554" URL="https://www.formulaires.service-public.fr/gf/cerfa_14821.do" audience="Particuliers" format="application/pdf" poids="347.6 KB" numerocerfa="14821*04" type="Formulaire"><Titre>DU OPEX Besoin du bénéficiaire - Bordereau de transmission des pièces justificatives</Titre><Source ID="R30691">Caisse nationale militaire de sécurité sociale (CNMSS)</Source></ServiceEnLigne><ServiceEnLigne ID="R17202" URL="https://www.formulaires.service-public.fr/gf/cerfa_11057.do" audience="Particuliers" format="application/pdf" poids="784.2 KB" numerocerfa="11057*01" type="Formulaire"><Titre>Déclaration de non-séparation de corps</Titre><Source ID="R30701">Ministère chargé de la défense</Source></ServiceEnLigne><ServiceEnLigne ID="R17200" URL="https://www.formulaires.service-public.fr/gf/cerfa_15872.do" audience="Particuliers" format="application/pdf" poids="249.8 KB" numerocerfa="15872*02" type="Formulaire"><Titre>Demande de pension d'ascendants de militaire décédé, de victime civile de guerre décédée ou de victime d'acte de terrorisme décédée</Titre><Source ID="R30701">Ministère chargé de la défense</Source></ServiceEnLigne><ServiceEnLigne ID="R17201" URL="https://www.formulaires.service-public.fr/gf/cerfa_11056.do" audience="Particuliers" format="application/pdf" poids="1.0 MB" type="Téléservice"><Titre>Demande de rétablissement du droit à pension de conjoint survivant</Titre><Source ID="R30701">Ministère chargé de la défense</Source></ServiceEnLigne><ServiceEnLigne ID="R1303" URL="https://www.formulaires.service-public.fr/gf/cerfa_11054.do" audience="Particuliers" format="application/pdf" poids="46.4 KB" numerocerfa="11054*01" type="Formulaire"><Titre>Demande de pension d'orphelins de militaire ou de victime civile</Titre><Source ID="R30701">Ministère chargé de la défense</Source><NoticeLiee ID="R14204" URL="https://www.formulaires.service-public.fr/gf/getNotice.do?cerfaFormulaire=11054*01&amp;cerfaNotice" type="Notice" numerocerfa="50478#01" format="application/pdf" poids="82.9 KB">Notice de la demande de pension d'orphelins de militaire ou de victime civile</NoticeLiee></ServiceEnLigne><ServiceEnLigne ID="R50561" URL="https://www.formulaires.service-public.fr/gf/cerfa_15873.do" audience="Particuliers" format="application/pdf" poids="253.4 KB" numerocerfa="15873*02" type="Formulaire"><Titre>Demande de majoration d'une pension d'invalidité pour enfant adopté ou recueilli, ou atteint d'un handicap</Titre><Source ID="R30701">Ministère chargé de la défense</Source></ServiceEnLigne><ServiceEnLigne ID="R10762" URL="https://www.formulaires.service-public.fr/gf/cerfa_14448.do" audience="Particuliers" format="application/pdf" poids="628.6 KB" numerocerfa="14448*03" type="Formulaire"><Titre>Demande de prise en charge d'hospitalisation - article L212-1 du code des pensions militaires d'invalidité et des victimes de guerre (CPMIVG)</Titre><Source ID="R30691">Caisse nationale militaire de sécurité sociale (CNMSS)</Source><NoticeLiee ID="R12463" URL="https://www.formulaires.service-public.fr/gf/getNotice.do?cerfaNotice=51539&amp;cerfaFormulaire=14448" type="Notice" numerocerfa="51539#03" format="application/pdf" poids="31.9 KB">Notice d'information à l'usage des établissements hospitaliers</NoticeLiee></ServiceEnLigne><ServiceEnLigne ID="R1571" URL="https://www.formulaires.service-public.fr/gf/cerfa_12621.do" audience="Particuliers" format="application/pdf" poids="496.2 KB" numerocerfa="12621*06" type="Formulaire"><Titre>Déclaration de changement de situation à la Caisse nationale militaire de sécurité sociale (CNMSS)</Titre><Source ID="R30691">Caisse nationale militaire de sécurité sociale (CNMSS)</Source></ServiceEnLigne><ServiceEnLigne ID="R51717" URL="https://www.formulaires.service-public.fr/gf/cerfa_15929.do" audience="Particuliers" format="application/pdf" poids="634.6 KB" numerocerfa="15929*01" type="Formulaire"><Titre>Demande de secours ou de prestations complémentaires à la caisse nationale militaire de sécurité sociale (CNMSS)</Titre><Source ID="R30691">Caisse nationale militaire de sécurité sociale (CNMSS)</Source><NoticeLiee ID="R52223" URL="https://www.cnmss.fr/sites/default/files/2022-03/CSPC_cnmss_v2.pdf" type="Notice" format="application/pdf" poids="0">Notice explicative relative à la Commission des secours et des prestations complémentaires</NoticeLiee><ServiceEnLigneAnnexe type="Formulaire" numerocerfa="15931*01" groupe="facultatif"><Titre>Formulaire médical : à faire compléter et signer par le médecin du demandeur, avant de le joindre au formulaire administratif et de l'envoyer sous pli confidentiel médical</Titre><LienWeb URL="https://www.formulaires.service-public.fr/gf/cerfa_15931.do" format="application/pdf" poids="37.7 KB"/></ServiceEnLigneAnnexe></ServiceEnLigne><ServiceEnLigne ID="R12056" URL="https://www.formulaires.service-public.fr/gf/cerfa_13343.do" audience="Particuliers" format="application/pdf" poids="283.5 KB" numerocerfa="13343*11" type="Formulaire"><Titre>Demande d’aide financière médico-sociale auprès de la caisse nationale militaire de sécurité sociale (CNMSS)</Titre><Source ID="R30691">Caisse nationale militaire de sécurité sociale (CNMSS)</Source><ServiceEnLigneAnnexe type="Formulaire" groupe="facultatif"><Titre>Annexe à la demande d’aide financière médico-sociale</Titre><LienWeb URL="https://www.formulaires.service-public.fr/gf/getAnnexe.do?cerfaAnnexe=13343*07&amp;cerfaFormulaire=13343" format="application/pdf" poids="206.2 KB"/></ServiceEnLigneAnnexe></ServiceEnLigne><ServiceEnLigne ID="R12536" URL="https://www.formulaires.service-public.fr/gf/cerfa_13344.do" audience="Particuliers" format="application/pdf" poids="398.3 KB" numerocerfa="13344*11" type="Formulaire"><Titre>Demander une aide ménagère à domicile à la caisse nationale militaire de sécurité sociale (CNMSS)</Titre><Source ID="R30691">Caisse nationale militaire de sécurité sociale (CNMSS)</Source></ServiceEnLigne><ServiceEnLigne ID="R12060" URL="https://www.formulaires.service-public.fr/gf/cerfa_11360.do" audience="Particuliers" format="application/pdf" poids="908.8 KB" numerocerfa="11360*11" type="Formulaire"><Titre>Déclaration d'accident (en dehors d'une mission et hors service) à la Caisse nationale militaire de sécurité sociale (CNMSS)</Titre><Source ID="R30691">Caisse nationale militaire de sécurité sociale (CNMSS)</Source></ServiceEnLigne><ServiceEnLigne ID="R12065" URL="https://www.formulaires.service-public.fr/gf/cerfa_11051.do" audience="Particuliers" format="application/pdf" poids="253.2 KB" numerocerfa="11051*02" type="Formulaire"><Titre>Demande d'attribution du titre d'évadé</Titre><Source ID="R30730">Office national des anciens combattants et victimes de guerre (ONACVG)</Source><ServiceEnLigneAnnexe type="Formulaire" numerocerfa="11052*02" groupe="facultatif"><Titre>Attestation produite pour l'attribution du titre d'évadé</Titre><Introduction><Texte><Paragraphe>Attestation à fournir pour solliciter l'attribution du titre d'évadé</Paragraphe></Texte></Introduction><LienWeb URL="https://www.formulaires.service-public.fr/gf/cerfa_11052.do" format="application/pdf" poids="558.2 KB"/></ServiceEnLigneAnnexe></ServiceEnLigne><ServiceEnLigne ID="R1299" URL="https://www.formulaires.service-public.fr/gf/cerfa_10915.do" audience="Particuliers" format="application/pdf" poids="604.0 KB" numerocerfa="10915*02" type="Formulaire"><Titre>Demande d'attribution du titre de déporté ou interné politique</Titre><Source ID="R30701">Ministère chargé de la défense</Source><NoticeLiee ID="R19917" URL="https://www.formulaires.service-public.fr/gf/getNotice.do?cerfaFormulaire=10915*02&amp;cerfaNotice=50437%2302" type="Notice" numerocerfa="50437#02" format="application/pdf" poids="53.6 KB">Notice de la demande d'attribution du titre de déporté politique, interné politique</NoticeLiee></ServiceEnLigne><ServiceEnLigne ID="R1298" URL="https://www.formulaires.service-public.fr/gf/cerfa_10873.do" audience="Particuliers" format="application/pdf" poids="950.0 KB" numerocerfa="10873*02" type="Formulaire"><Titre>Demande d'attribution du titre de déporté ou interné résistant</Titre><Source ID="R30701">Ministère chargé de la défense</Source><NoticeLiee ID="R2530" URL="https://www.formulaires.service-public.fr/gf/getNotice.do?cerfaFormulaire=10873*02&amp;cerfaNotice=50436%2302" type="Notice" numerocerfa="50436#02" format="application/pdf" poids="267.2 KB">Notice de la demande d'attribution du titre de déporté résistant, interné résistant</NoticeLiee></ServiceEnLigne><ServiceEnLigne ID="R1290" URL="https://www.formulaires.service-public.fr/gf/cerfa_10861.do" audience="Particuliers" format="application/pdf" poids="775.5 KB" numerocerfa="10861*02" type="Formulaire"><Titre>Demande du titre de prisonnier du "Viêt-Minh"</Titre><Source ID="R30730">Office national des anciens combattants et victimes de guerre (ONACVG)</Source><NoticeLiee ID="R2406" URL="https://www.formulaires.service-public.fr/gf/getNotice.do?cerfaFormulaire=10861*02&amp;cerfaNotice=50423" type="Notice" numerocerfa="50423#01" format="application/pdf" poids="372.0 KB">Notice pour la demande de titre de prisonnier du "Viêt-Minh"</NoticeLiee></ServiceEnLigne><ServiceEnLigne ID="R22666" URL="https://www.onac-vg.fr/sites/default/files/2018-08/imprime%20mpf.pdf" audience="Particuliers" format="application/pdf" poids="41.9 KB" type="Formulaire"><Titre>Demande d'attribution de la mention "Mort pour la France"</Titre><Source ID="R30730">Office national des anciens combattants et victimes de guerre (ONACVG)</Source><NoticeLiee ID="R52121" URL="https://www.onac-vg.fr/demarches/mention-mort-pour-la-france" type="Notice">Notice - Attribution de la mention "Mort pour la France"</NoticeLiee></ServiceEnLigne><ServiceEnLigne ID="R51817" URL="https://www.onac-vg.fr/sites/default/files/2018-08/demande%20carte%20de%20veuve.pdf" audience="Particuliers" format="application/pdf" poids="86.7 KB" type="Formulaire"><Titre>Demande de carte de ressortissant de l'ONACGV ("carte de veuve")</Titre><Source ID="R30730">Office national des anciens combattants et victimes de guerre (ONACVG)</Source><NoticeLiee ID="R52122" URL="https://www.onac-vg.fr/demarches/carte-de-veuve" type="Notice">Notice - Demande de "carte de veuve"</NoticeLiee></ServiceEnLigne><ServiceEnLigne ID="R58493" URL="https://www.formulaires.service-public.fr/gf/cerfa_16136.do" audience="Particuliers" format="application/pdf" poids="1.0 MB" numerocerfa="16136*01" type="Formulaire"><Titre>Demande de cure thermale au titre d'une Affection Présumée Imputable au Service (APIAS)</Titre><Source ID="R30691">Caisse nationale militaire de sécurité sociale (CNMSS)</Source></ServiceEnLigne><ServiceEnLigne ID="R60656" URL="https://www.formulaires.service-public.fr/gf/cerfa_14416.do" audience="Particuliers" format="application/pdf" poids="1.4 MB" numerocerfa="14416*04" type="Formulaire"><Titre>Prise en charge de cure thermale au titre de l'article L.212-1 du code des pensions militaires d'invalidité et des victimes de guerre (CPMIVG)</Titre><Source ID="R30691">Caisse nationale militaire de sécurité sociale (CNMSS)</Source></ServiceEnLigne><PourEnSavoirPlus type="Information pratique" ID="R1946" URL="https://www.cnmss.fr/document/livret-pratique-lusage-des-beneficiaires-des-articles-l212-1-et-l213-1-du-code-des" audience="Particuliers" format="application/pdf" poids="2.8 MB"><Titre>Livret pratique sur la pension d'invalidité (pensionné de guerre)</Titre><Source ID="R30691">Caisse nationale militaire de sécurité sociale (CNMSS)</Source></PourEnSavoirPlus><PourEnSavoirPlus type="Information pratique" ID="R41283" URL="https://www.onac-vg.fr/demarches/devenir-pupille-de-la-nation" audience="Particuliers"><Titre>Devenir pupille de la Nation</Titre><Source ID="R30730">Office national des anciens combattants et victimes de guerre (ONACVG)</Source></PourEnSavoirPlus><PourEnSavoirPlus type="Information pratique" ID="R19744" URL="https://www.onac-vg.fr/demarches/mention-mort-pour-le-service-de-la-nation" audience="Particuliers"><Titre>Mention "Mort pour le service de la Nation"</Titre><Source ID="R30730">Office national des anciens combattants et victimes de guerre (ONACVG)</Source></PourEnSavoirPlus></Publication>