<?xml version="1.0" encoding="UTF-8"?><Publication xmlns:dc="http://purl.org/dc/elements/1.1/" xmlns:xsi="http://www.w3.org/2001/XMLSchema-instance" ID="N31002" type="Dossier" xsi:noNamespaceSchemaLocation="../Schemas/3.4/Publication.xsd" spUrl="https://www.service-public.fr/particuliers/vosdroits/N31002"><dc:title>Chômage partiel (activité partielle)</dc:title><dc:creator>Direction de l'information légale et administrative</dc:creator><dc:subject>Social - Santé, Ressources humaines</dc:subject><dc:description>Chômage partiel (activité partielle)</dc:description><dc:publisher>Direction de l'information légale et administrative</dc:publisher><dc:contributor>Direction de l'information légale et administrative (Premier ministre)</dc:contributor><dc:date>modified 2023-10-24</dc:date><dc:type>Dossier</dc:type><dc:format>text/xml</dc:format><dc:identifier>N31002</dc:identifier><dc:language>Fr</dc:language><dc:relation>isPartOf N19811</dc:relation><dc:coverage>France entière</dc:coverage><dc:rights>https://www.service-public.fr/a-propos/mentions-legales</dc:rights><SurTitre>Dossier</SurTitre><Audience>Particuliers</Audience><Audience>Professionnels</Audience><Canal>www.service-public.fr</Canal><FilDAriane><Niveau ID="Particuliers">Accueil particuliers</Niveau><Niveau ID="N19811">Social - Santé</Niveau><Niveau ID="N31002" type="Dossier">Chômage partiel (activité partielle)</Niveau></FilDAriane><Theme ID="N19811"><Titre>Social - Santé</Titre></Theme><SousThemePere ID="N461">Chômage</SousThemePere><Fiche ID="F23503">Démarches de l'employeur</Fiche><Fiche ID="F13898">Rémunération du salarié</Fiche><QuestionReponse ID="F592" audience="Particuliers"><Titre>Quelles sont les incidences du chômage partiel sur le contrat de travail ?</Titre></QuestionReponse><QuestionReponse ID="F35381" audience="Particuliers"><Titre>L'activité partielle de longue durée (APLD)  existe-t-elle toujours ?</Titre></QuestionReponse></Publication>