<?xml version="1.0" encoding="UTF-8"?><Publication xmlns:dc="http://purl.org/dc/elements/1.1/" xmlns:xsi="http://www.w3.org/2001/XMLSchema-instance" ID="N31126" type="Dossier" xsi:noNamespaceSchemaLocation="../Schemas/3.4/Publication.xsd" spUrl="https://www.service-public.fr/particuliers/vosdroits/N31126"><dc:title>Injure - Diffamation - Incitation à la haine</dc:title><dc:creator>Direction de l'information légale et administrative</dc:creator><dc:subject>Justice</dc:subject><dc:description>Injure - Diffamation - Incitation à la haine</dc:description><dc:publisher>Direction de l'information légale et administrative</dc:publisher><dc:contributor>Direction de l'information légale et administrative (Premier ministre)</dc:contributor><dc:date>modified 2018-11-26</dc:date><dc:type>Dossier</dc:type><dc:format>text/xml</dc:format><dc:identifier>N31126</dc:identifier><dc:language>Fr</dc:language><dc:relation>isPartOf N19807</dc:relation><dc:coverage>France entière</dc:coverage><dc:rights>https://www.service-public.fr/a-propos/mentions-legales</dc:rights><SurTitre>Dossier</SurTitre><Audience>Particuliers</Audience><Canal>www.service-public.fr</Canal><FilDAriane><Niveau ID="Particuliers">Accueil particuliers</Niveau><Niveau ID="N19807">Justice</Niveau><Niveau ID="N31126" type="Dossier">Injure - Diffamation - Incitation à la haine</Niveau></FilDAriane><Theme ID="N19807"><Titre>Justice</Titre></Theme><SousThemePere ID="N20326">Infractions</SousThemePere><Fiche ID="F32077">Injure</Fiche><Fiche ID="F32079">Diffamation</Fiche><Fiche ID="F32512">Apologie ou provocation au terrorisme</Fiche><Fiche ID="F32575">Incitation à la haine, à la violence ou à la discrimination</Fiche><Fiche ID="F34550">Outrage sexiste ou sexuel</Fiche><VoirAussi important="non"><Dossier ID="N31138" audience="Particuliers"><Titre>Arnaque sur internet (THESEE, Pharos, ...)</Titre><Theme ID="N19807"><Titre>Justice</Titre></Theme></Dossier><Dossier ID="N31146" audience="Particuliers"><Titre>Harcèlement</Titre><Theme ID="N19807"><Titre>Justice</Titre></Theme></Dossier><Dossier ID="N286" audience="Particuliers"><Titre>Discrimination</Titre><Theme ID="N19807"><Titre>Justice</Titre></Theme></Dossier></VoirAussi><ServiceEnLigne ID="R50509" URL="https://www.service-public.fr/cmi" audience="Particuliers" type="Téléservice"><Titre>Signaler une violence conjugale, sexuelle ou sexiste</Titre><Source ID="R30603">Ministère chargé de l'intérieur</Source></ServiceEnLigne><QuestionReponse ID="F33322" audience="Particuliers"><Titre>Que risque-t-on en cas d'outrage à agent ?</Titre></QuestionReponse><QuestionReponse ID="F31979" audience="Particuliers"><Titre>Comment signaler le contenu illégal d'un site internet ?</Titre></QuestionReponse></Publication>