<?xml version="1.0" encoding="UTF-8"?><Publication xmlns:dc="http://purl.org/dc/elements/1.1/" xmlns:xsi="http://www.w3.org/2001/XMLSchema-instance" ID="N378" type="Dossier" xsi:noNamespaceSchemaLocation="../Schemas/3.4/Publication.xsd" spUrl="https://www.service-public.fr/particuliers/vosdroits/N378"><dc:title>Pension de réversion</dc:title><dc:creator>Direction de l'information légale et administrative</dc:creator><dc:subject>Famille - Scolarité</dc:subject><dc:description>La pension de réversion correspond à une partie de la retraite dont bénéficiait ou aurait pu bénéficier l'assuré décédé (salarié ou fonctionnaire). Elle est versée, si certaines conditions sont remplies, à l'époux (et/ou ex-époux) survivant, et aux orphelins (si le défunt était fonctionnaire). Une pension d'invalidité de veuf(ve) peut être versée sous conditions d'âge et d'invalidité.</dc:description><dc:publisher>Direction de l'information légale et administrative</dc:publisher><dc:contributor>Direction de l'information légale et administrative (Premier ministre)</dc:contributor><dc:date>modified 2021-02-02</dc:date><dc:type>Dossier</dc:type><dc:format>text/xml</dc:format><dc:identifier>N378</dc:identifier><dc:language>Fr</dc:language><dc:relation>isPartOf N19805</dc:relation><dc:coverage>France entière</dc:coverage><dc:rights>https://www.service-public.fr/a-propos/mentions-legales</dc:rights><SurTitre>Dossier</SurTitre><Audience>Particuliers</Audience><Canal>www.service-public.fr</Canal><Cible>Senior</Cible><FilDAriane><Niveau ID="Particuliers">Accueil particuliers</Niveau><Niveau ID="N19805">Famille - Scolarité</Niveau><Niveau ID="N378" type="Dossier">Pension de réversion</Niveau></FilDAriane><Theme ID="N19805"><Titre>Famille - Scolarité</Titre></Theme><SousThemePere ID="N31161">Décès</SousThemePere><SousDossier ID="N378-1"><Titre>Secteur privé</Titre><Fiche ID="F13104">Pension de réversion</Fiche><Fiche ID="F2981">Pension d'invalidité pour la veuve ou le veuf d'un(e) salarié(e) décédé(e)</Fiche></SousDossier><SousDossier ID="N378-2"><Titre>Secteur public</Titre><Fiche ID="F21819">Pension de réversion de l'époux (et/ou ex-époux)</Fiche><Fiche ID="F21820">Pension d'orphelin</Fiche></SousDossier><Introduction><Texte><Paragraphe>La pension de réversion correspond à une partie de la retraite dont bénéficiait ou aurait pu bénéficier l'assuré décédé (salarié ou fonctionnaire). Elle est versée, si certaines conditions sont remplies, à l'époux (et/ou ex-époux) survivant, et aux orphelins (si le défunt était fonctionnaire). Une pension d'invalidité de veuf(ve) peut être versée sous conditions d'âge et d'invalidité.</Paragraphe></Texte></Introduction><RechercheGuidee ID="F35774" audience="Particuliers"><Titre><Paragraphe>Pension de réversion</Paragraphe></Titre></RechercheGuidee><VoirAussi important="non"><Dossier ID="N381" audience="Particuliers"><Titre>Retraite d'un salarié du secteur privé</Titre><Theme ID="N19806"><Titre>Travail - Formation</Titre></Theme></Dossier><Dossier ID="N379" audience="Particuliers"><Titre>Retraite d'un agent public</Titre><Theme ID="N19806"><Titre>Travail - Formation</Titre></Theme></Dossier></VoirAussi><ServiceEnLigne ID="R1392" URL="https://www.lassuranceretraite.fr/portail-info/files/live/sites/pub/files/PDF/demande%20de%20retraite%20de%20r%c3%a9version.pdf" audience="Particuliers" format="application/pdf" poids="693 Ko" autrenumero="S 5136i" type="Formulaire"><Titre>Demande unique de retraite de base de réversion (activité salariée, agricole, libérale, artisanale, commerciale ou cultuelle)</Titre><Source ID="R30670">Caisse nationale d'assurance vieillesse</Source></ServiceEnLigne><ServiceEnLigne ID="R58202" URL="https://www.info-retraite.fr/portail-services/drv" audience="Particuliers" type="Téléservice"><Titre>Demander ma réversion</Titre><Source ID="R64788">Info retraite</Source></ServiceEnLigne><ServiceEnLigne ID="R10692" URL="https://www.formulaires.service-public.fr/gf/cerfa_12231.do" audience="Particuliers" format="application/pdf" poids="633.4 KB" numerocerfa="12231*09" type="Formulaire"><Titre>Fonctionnaire de l'État, magistrat ou militaire décédé en activité - Demande de pension de réversion ou d'orphelin</Titre><Source ID="R30612">Ministère chargé des finances</Source></ServiceEnLigne><ServiceEnLigne ID="R1393" URL="https://www.service-public.fr/simulateur/calcul/11979" audience="Particuliers" numerocerfa="11979*10" type="Formulaire"><Titre>Demande de réversion à la suite du décès d’un fonctionnaire de l’État, d’un magistrat ou d’un militaire retraité</Titre><Source ID="R30612">Ministère chargé des finances</Source></ServiceEnLigne><ServiceEnLigne ID="R15957" URL="https://www.formulaires.service-public.fr/gf/cerfa_12283.do" audience="Particuliers" format="application/pdf" poids="96.3 KB" numerocerfa="12283*03" type="Formulaire"><Titre>Demande de retraite de réversion (employés et clercs de notaires)</Titre><Source ID="R30792">Caisse de retraite et de prévoyance des clercs et employés de notaires</Source></ServiceEnLigne><ServiceEnLigne ID="R1990" URL="https://www.formulaires.service-public.fr/gf/cerfa_10074.do" audience="Particuliers" format="application/pdf" poids="119.2 KB" numerocerfa="10074*08" type="Formulaire"><Titre>Demande d'affiliation d'une veuve (veuf) titulaire d'une pension militaire de réversion</Titre><Source ID="R30701">Ministère chargé de la défense</Source><NoticeLiee ID="R1683" URL="https://www.formulaires.service-public.fr/gf/getNotice.do?cerfaNotice=50015&amp;cerfaFormulaire=10074" type="Notice" numerocerfa="50015#07" format="application/pdf" poids="85.1 KB">Notice pour la demande d'affiliation d'une(e) veuve (veuf) titulaire d'une pension militaire de réversion</NoticeLiee></ServiceEnLigne><ServiceEnLigne ID="R24548" URL="https://www.formulaires.service-public.fr/gf/cerfa_14837.do" audience="Particuliers" format="application/pdf" poids="628.3 KB" numerocerfa="14837*01" type="Formulaire"><Titre>Demande de pension d'invalidité de veuf ou de veuve - personne relevant du régime agricole (MSA)</Titre><Source ID="R30662">Ministère chargé de la santé</Source></ServiceEnLigne><PourEnSavoirPlus type="Information pratique" ID="R64403" URL="https://www.info-retraite.fr/portail-info/sites/PortailInformationnel/home/mes-droits-a-la-retraite/ma-vie-personnelle-1/famille/pension-de-reversion-1.html" audience="Particuliers"><Titre>Droits du conjoint en cas de décès (pension de réversion)</Titre><Source ID="R30827">Groupement d'intérêt public "Union retraite"</Source></PourEnSavoirPlus><PourEnSavoirPlus type="Information pratique" ID="R19594" URL="https://www.lassuranceretraite.fr/portail-info/sites/pub/home/retraite/mes-demarches/demarche-cas-deces.html" audience="Particuliers"><Titre>Mes droits en cas de décès d'un proche retraité</Titre><Source ID="R30670">Caisse nationale d'assurance vieillesse</Source></PourEnSavoirPlus><PourEnSavoirPlus type="Information pratique" ID="R33913" URL="https://www.agirc-arrco.fr/particuliers/demander-retraite/pension-reversion/" audience="Particuliers"><Titre>Agirc-Arrco : pension de réversion de la retraite complémentaire</Titre><Source ID="R30725">Fédération Agirc-Arrco</Source></PourEnSavoirPlus><PourEnSavoirPlus type="Information pratique" ID="R60212" URL="https://retraitesdeletat.gouv.fr/deces/les-demarches/la-pension-de-reversion" audience="Particuliers"><Titre>Comment demander ma pension de réversion au service des retraites de l'Etat?</Titre><Source ID="R30647">Service des retraites de l'État (SRE) - Ministère chargé des finances publiques</Source></PourEnSavoirPlus><QuestionReponse ID="F12394" audience="Particuliers"><Titre>Décès d'un agent public contractuel : quels droits à pension de réversion ?</Titre></QuestionReponse></Publication>