<?xml version="1.0" encoding="UTF-8"?><Publication xmlns:dc="http://purl.org/dc/elements/1.1/" xmlns:xsi="http://www.w3.org/2001/XMLSchema-instance" ID="N558" type="Dossier" xsi:noNamespaceSchemaLocation="../Schemas/3.4/Publication.xsd" spUrl="https://www.service-public.fr/particuliers/vosdroits/N558"><dc:title>Associations sous régime légal spécial</dc:title><dc:creator>Direction de l'information légale et administrative</dc:creator><dc:subject>Associations spécifiques et fondations, Associations</dc:subject><dc:description>Associations cultuelles et associations syndicales de propriétaires sont soumises à des règles dérogatoires de la loi de 1901.</dc:description><dc:publisher>Direction de l'information légale et administrative</dc:publisher><dc:contributor>Direction de l'information légale et administrative (Premier ministre)</dc:contributor><dc:date>modified 2020-10-30</dc:date><dc:type>Dossier</dc:type><dc:format>text/xml</dc:format><dc:identifier>N558</dc:identifier><dc:language>Fr</dc:language><dc:relation>isPartOf N31931</dc:relation><dc:coverage>France entière</dc:coverage><dc:rights>https://www.service-public.fr/a-propos/mentions-legales</dc:rights><SurTitre>Dossier</SurTitre><Audience>Associations</Audience><Audience>Particuliers</Audience><Canal>www.service-public.fr</Canal><FilDAriane><Niveau ID="Particuliers">Accueil particuliers</Niveau><Niveau ID="N31931">Associations</Niveau><Niveau ID="N558" type="Dossier">Associations sous régime légal spécial</Niveau></FilDAriane><Theme ID="N31931"><Titre>Associations</Titre></Theme><SousThemePere ID="N31978">Associations spécifiques et fondations</SousThemePere><Fiche ID="F21925">Association cultuelle</Fiche><Fiche ID="F1319">Association syndicale de propriétaires</Fiche><Introduction><Texte><Paragraphe>Les associations cultuelles sont soumises aux règles générales applicables aux associations et à des dispositions spécifiques. Les associations syndicales de propriétaires peuvent être constituées librement, sur autorisation ou d'office par le préfet.</Paragraphe></Texte></Introduction><OuSAdresser ID="R17216" sve="non" type="Local"><Titre>Point ressource à la vie associative</Titre><RessourceWeb URL="http://www.associations.gouv.fr/les-centres-de-ressources-pour-les-responsables-ou-createurs-d-association.html"/><Source ID="R30678">Ministère chargé de la vie associative</Source></OuSAdresser><QuestionReponse ID="F36412" audience="Particuliers"><Titre>Comment déclarer des financements étrangers du culte ?</Titre></QuestionReponse></Publication>