<?xml version="1.0" encoding="UTF-8"?><ServiceComplementaire xmlns:dc="http://purl.org/dc/elements/1.1/" xmlns:xsi="http://www.w3.org/2001/XMLSchema-instance" ID="R12056" type="Formulaire" xsi:noNamespaceSchemaLocation="../Schemas/3.4/ServiceComplementaire.xsd" spUrl="https://www.service-public.fr/particuliers/vosdroits/R12056"><dc:title>Demande d’aide financière médico-sociale auprès de la caisse nationale militaire de sécurité sociale (CNMSS) (Formulaire 13343*11)</dc:title><dc:creator>Direction de l'information légale et administrative</dc:creator><dc:subject>Papiers - Citoyenneté - Élections</dc:subject><dc:description>Demande d'aide en vue de la prise en charge de soins médicaux ou chirurgicaux destinée aux personnes relevant de la caisse nationale militaire de sécurité sociale. Le formulaire comporte en dernière page la liste des pièces justificatives à fournir.</dc:description><dc:publisher>Direction de l'information légale et administrative</dc:publisher><dc:contributor>Direction de l'information légale et administrative (Premier ministre)</dc:contributor><dc:date>modified 2024-01-29</dc:date><dc:type>Formulaire</dc:type><dc:format>text/xml</dc:format><dc:identifier>R12056</dc:identifier><dc:language>Fr</dc:language><dc:coverage>France entière</dc:coverage><dc:rights>https://www.service-public.fr/a-propos/mentions-legales</dc:rights><SurTitre>Formulaire</SurTitre><Audience>Particuliers</Audience><Canal>www.service-public.fr</Canal><FilDAriane><Niveau ID="Particuliers">Accueil particuliers</Niveau><Niveau ID="servicesEnLigne" type="Liste - Service en ligne">Services en ligne et formulaires</Niveau><Niveau ID="R12056" type="Formulaire">Demande d’aide financière médico-sociale auprès de la caisse nationale militaire de sécurité sociale (CNMSS)</Niveau></FilDAriane><Theme ID="N19810"><Titre>Papiers - Citoyenneté - Élections</Titre><Audience>Particuliers</Audience></Theme><NumeroCerfa>13343*11</NumeroCerfa><Texte><Paragraphe>Demande d'aide en vue de la prise en charge de soins médicaux ou chirurgicaux destinée aux personnes relevant de la caisse nationale militaire de sécurité sociale.</Paragraphe><Paragraphe>Le formulaire comporte en dernière page la liste des pièces justificatives à fournir.</Paragraphe></Texte><LienWeb URL="https://www.formulaires.service-public.fr/gf/cerfa_13343.do" format="application/pdf" poids="283.5 KB"><Source>Caisse nationale militaire de sécurité sociale (CNMSS)</Source></LienWeb><ServiceEnLigneAnnexe type="Formulaire" groupe="facultatif"><Titre>Annexe à la demande d’aide financière médico-sociale</Titre><LienWeb URL="https://www.formulaires.service-public.fr/gf/getAnnexe.do?cerfaAnnexe=13343*07&amp;cerfaFormulaire=13343" format="application/pdf" poids="206.2 KB"/></ServiceEnLigneAnnexe><OuSAdresser ID="R36160" sve="non" type="Centre de contact"><Titre>Caisse nationale militaire de sécurité sociale (CNMSS)</Titre><Texte><Paragraphe>Gestion du risque assurance maladie-maternité et action sanitaire et sociale des assurés relevant du régime militaire</Paragraphe><Chapitre><Titre><Paragraphe>Par téléphone pour les assurés et les professionnels de santé</Paragraphe></Titre><Paragraphe>+33 (0)4 94 16 36 00</Paragraphe><Paragraphe>Ouvert du lundi au vendredi de 8h à 17h</Paragraphe></Chapitre><Chapitre><Titre><Paragraphe>Par téléphone pour les titulaires d'une pension d'invalidité, blessés en service, victimes d'un acte de terrorisme et des professionnels de santé</Paragraphe></Titre><Paragraphe>+ 33 (0)4 94 16 96 20</Paragraphe></Chapitre><Chapitre><Titre><Paragraphe>Par messagerie</Paragraphe></Titre><Paragraphe>Formulaires de contact accessibles sur <LienExterne URL="https://www.cnmss.fr/vos-demarches/contactez-la-cnmss">le site de la CNMSS</LienExterne></Paragraphe></Chapitre><Chapitre><Titre><Paragraphe>Par courrier pour les assurés militaires d'active ou retraités</Paragraphe></Titre><Paragraphe>Caisse nationale militaire de sécurité sociale</Paragraphe><Paragraphe>247 avenue Jacques Cartier</Paragraphe><Paragraphe>83090 TOULON CEDEX 9</Paragraphe><Paragraphe>FRANCE</Paragraphe></Chapitre><Chapitre><Titre><Paragraphe>Par courrier pour les titulaire d'une pension d'invalidité ou blessé en service</Paragraphe></Titre><Paragraphe>Caisse nationale militaire de sécurité sociale</Paragraphe><Paragraphe>Département soins et suivi du blessé et du pensionné</Paragraphe><Paragraphe>TSA 41001</Paragraphe><Paragraphe>83090 TOULON CEDEX 9</Paragraphe><Paragraphe>FRANCE</Paragraphe></Chapitre><Chapitre><Titre><Paragraphe>Par un point d'accueil</Paragraphe></Titre><Paragraphe><LienExterne URL="https://www.cnmss.fr/point-daccueil">Points d'accueil physique de la CNMSS</LienExterne></Paragraphe></Chapitre></Texte></OuSAdresser><Dossier ID="N30"><Titre>Anciens combattants</Titre><Audience>Particuliers</Audience></Dossier></ServiceComplementaire>