<?xml version="1.0" encoding="UTF-8"?><ServiceComplementaire xmlns:dc="http://purl.org/dc/elements/1.1/" xmlns:xsi="http://www.w3.org/2001/XMLSchema-instance" ID="R12259" type="Modèle de document" xsi:noNamespaceSchemaLocation="../Schemas/3.4/ServiceComplementaire.xsd" spUrl="https://www.service-public.fr/particuliers/vosdroits/R12259"><dc:title>Saisir le médiateur en assurances (Modèle de document)</dc:title><dc:creator>Direction de l'information légale et administrative</dc:creator><dc:subject>Argent - Impôts - Consommation</dc:subject><dc:description>Cette lettre permet d'écrire au médiateur dont dépend son assureur, pour le saisir et tenter de trouver une solution à un litige.</dc:description><dc:publisher>Direction de l'information légale et administrative</dc:publisher><dc:contributor>Direction de l'information légale et administrative (Premier ministre)</dc:contributor><dc:date>modified 2018-06-06</dc:date><dc:type>Modèle de document</dc:type><dc:format>text/xml</dc:format><dc:identifier>R12259</dc:identifier><dc:language>Fr</dc:language><dc:coverage>France entière</dc:coverage><dc:rights>https://www.service-public.fr/a-propos/mentions-legales</dc:rights><SurTitre>Modèle de document</SurTitre><Audience>Particuliers</Audience><Canal>www.service-public.fr</Canal><FilDAriane><Niveau ID="Particuliers">Accueil particuliers</Niveau><Niveau ID="servicesEnLigne" type="Liste - Service en ligne">Services en ligne et formulaires</Niveau><Niveau ID="R12259" type="Modèle de document">Saisir le médiateur en assurances</Niveau></FilDAriane><Theme ID="N19803"><Titre>Argent - Impôts - Consommation</Titre><Audience>Particuliers</Audience></Theme><Texte><Paragraphe>Permet d'écrire au médiateur dont dépend son assureur, pour le saisir et tenter de trouver une solution à un litige.</Paragraphe></Texte><LienWeb URL="https://www.inc-conso.fr/content/vous-saisissez-le-mediateur-en-assurances-pour-resoudre-un-litige"><Source>Institut national de la consommation (INC)</Source></LienWeb><FicheLiee ID="F3052" audience="Particuliers" type="Fiche d'information conditionnée"><Titre>Assurance auto (véhicule à moteur) : recours en cas de litiges avec l'assureur</Titre><Dossier ID="N32">Assurance automobile (véhicule)</Dossier></FicheLiee><FicheLiee ID="F3050" audience="Particuliers" type="Fiche d'information conditionnée"><Titre>Assurance habitation : recours en cas de litiges avec l'assureur</Titre><Dossier ID="N44">Assurance habitation</Dossier></FicheLiee><FicheLiee ID="F1362" audience="Particuliers" type="Fiche d'information conditionnée"><Titre>Attestation et certificat d'assurance</Titre><Dossier ID="N32">Assurance automobile (véhicule)</Dossier></FicheLiee></ServiceComplementaire>