<?xml version="1.0" encoding="UTF-8"?><ServiceComplementaire xmlns:dc="http://purl.org/dc/elements/1.1/" xmlns:xsi="http://www.w3.org/2001/XMLSchema-instance" ID="R1279" type="Formulaire" xsi:noNamespaceSchemaLocation="../Schemas/3.4/ServiceComplementaire.xsd" spUrl="https://www.service-public.fr/particuliers/vosdroits/R1279"><dc:title>Demande d'admission préalable à l'inscription en première année de licence dans une université française pour l'année universitaire 2023-2024 (Formulaire)</dc:title><dc:creator>Direction de l'information légale et administrative</dc:creator><dc:subject>Famille - Scolarité</dc:subject><dc:description>Demande d'admission préalable à l'inscription en première année de licence dans une université française pour l'année universitaire 2023-2024 - Formulaire</dc:description><dc:publisher>Direction de l'information légale et administrative</dc:publisher><dc:contributor>Direction de l'information légale et administrative (Premier ministre)</dc:contributor><dc:date>modified 2023-02-21</dc:date><dc:type>Formulaire</dc:type><dc:format>text/xml</dc:format><dc:identifier>R1279</dc:identifier><dc:language>Fr</dc:language><dc:coverage>France entière</dc:coverage><dc:rights>https://www.service-public.fr/a-propos/mentions-legales</dc:rights><SurTitre>Formulaire</SurTitre><Audience>Particuliers</Audience><Canal>www.service-public.fr</Canal><FilDAriane><Niveau ID="Particuliers">Accueil particuliers</Niveau><Niveau ID="servicesEnLigne" type="Liste - Service en ligne">Services en ligne et formulaires</Niveau><Niveau ID="R1279" type="Formulaire">Demande d'admission préalable à l'inscription en première année de licence dans une université française pour l'année universitaire 2023-2024</Niveau></FilDAriane><Theme ID="N19805"><Titre>Famille - Scolarité</Titre><Audience>Particuliers</Audience></Theme><AutreNumero>11443*21</AutreNumero><LienWeb URL="https://www.enseignementsup-recherche.gouv.fr/sites/default/files/2022-09/dossier-blanc-24403.pdf" format="application/pdf" poids="481.3 KB"><Source>Ministère chargé de la culture et de la communication</Source></LienWeb><NoticeLiee ID="R15557" URL="https://www.formulaires.service-public.fr/gf/getNotice.do?cerfaNotice=50845&amp;cerfaFormulaire=11443" type="Notice" numerocerfa="50845#19" format="application/pdf" poids="365.2 KB">Notice - Demande d'admission préalable à l'inscription en première année de licence dans une université française pour l'année universitaire 2021-2022</NoticeLiee><Dossier ID="N58"><Titre>Inscription dans l'enseignement supérieur</Titre><Audience>Particuliers</Audience></Dossier></ServiceComplementaire>