<?xml version="1.0" encoding="UTF-8"?><ServiceComplementaire xmlns:dc="http://purl.org/dc/elements/1.1/" xmlns:xsi="http://www.w3.org/2001/XMLSchema-instance" ID="R13155" type="Modèle de document" xsi:noNamespaceSchemaLocation="../Schemas/3.4/ServiceComplementaire.xsd" spUrl="https://www.service-public.fr/particuliers/vosdroits/R13155"><dc:title>Demander un dédommagement pour fermeture d'un compte bancaire sans préavis (Modèle de document)</dc:title><dc:creator>Direction de l'information légale et administrative</dc:creator><dc:subject>Argent - Impôts - Consommation</dc:subject><dc:description>Permet de saisir sa banque qui a clos unilatéralement son compte sans respecter de préavis pour lui demander le remboursement des frais occasionnés par ce défaut d'information préalable (rejets de prélèvement notamment).</dc:description><dc:publisher>Direction de l'information légale et administrative</dc:publisher><dc:contributor>Direction de l'information légale et administrative (Premier ministre)</dc:contributor><dc:date>modified 2020-01-31</dc:date><dc:type>Modèle de document</dc:type><dc:format>text/xml</dc:format><dc:identifier>R13155</dc:identifier><dc:language>Fr</dc:language><dc:coverage>France entière</dc:coverage><dc:rights>https://www.service-public.fr/a-propos/mentions-legales</dc:rights><SurTitre>Modèle de document</SurTitre><Audience>Particuliers</Audience><Canal>www.service-public.fr</Canal><FilDAriane><Niveau ID="Particuliers">Accueil particuliers</Niveau><Niveau ID="servicesEnLigne" type="Liste - Service en ligne">Services en ligne et formulaires</Niveau><Niveau ID="R13155" type="Modèle de document">Demander un dédommagement pour fermeture d'un compte bancaire sans préavis</Niveau></FilDAriane><Theme ID="N19803"><Titre>Argent - Impôts - Consommation</Titre><Audience>Particuliers</Audience></Theme><Texte><Paragraphe>Permet de saisir sa banque qui a clos unilatéralement son compte sans respecter de préavis pour lui demander le remboursement des frais occasionnés par ce défaut d'information préalable (rejets de prélèvement notamment).</Paragraphe></Texte><LienWeb URL="https://www.inc-conso.fr/content/votre-banque-ferme-votre-compte-bancaire-sans-vous-en-avoir-avertie-vous-protestez"><Source>Institut national de la consommation (INC)</Source></LienWeb><FicheLiee ID="F31456" audience="Particuliers" type="Fiche d'information conditionnée"><Titre>Clôture d'un compte bancaire par la banque</Titre><Dossier ID="N98">Comptes bancaires</Dossier></FicheLiee><Dossier ID="N98"><Titre>Comptes bancaires</Titre><Audience>Particuliers</Audience></Dossier></ServiceComplementaire>