<?xml version="1.0" encoding="UTF-8"?><ServiceComplementaire xmlns:dc="http://purl.org/dc/elements/1.1/" xmlns:xsi="http://www.w3.org/2001/XMLSchema-instance" ID="R13321" type="Modèle de document" xsi:noNamespaceSchemaLocation="../Schemas/3.4/ServiceComplementaire.xsd" spUrl="https://www.service-public.fr/particuliers/vosdroits/R13321"><dc:title>Contester une opération figurant sur son relevé de compte (Modèle de document)</dc:title><dc:creator>Direction de l'information légale et administrative</dc:creator><dc:subject>Argent - Impôts - Consommation</dc:subject><dc:description>Permet de contester un relevé de compte auprès de sa banque en cas d'erreur sur une opération ou de désaccord sur le montant des agios, des frais prélevés ou du décompte des dates de valeur.</dc:description><dc:publisher>Direction de l'information légale et administrative</dc:publisher><dc:contributor>Direction de l'information légale et administrative (Premier ministre)</dc:contributor><dc:date>modified 2024-02-01</dc:date><dc:type>Modèle de document</dc:type><dc:format>text/xml</dc:format><dc:identifier>R13321</dc:identifier><dc:language>Fr</dc:language><dc:coverage>France entière</dc:coverage><dc:rights>https://www.service-public.fr/a-propos/mentions-legales</dc:rights><SurTitre>Modèle de document</SurTitre><Audience>Particuliers</Audience><Canal>www.service-public.fr</Canal><FilDAriane><Niveau ID="Particuliers">Accueil particuliers</Niveau><Niveau ID="servicesEnLigne" type="Liste - Service en ligne">Services en ligne et formulaires</Niveau><Niveau ID="R13321" type="Modèle de document">Contester une opération figurant sur son relevé de compte</Niveau></FilDAriane><Theme ID="N19803"><Titre>Argent - Impôts - Consommation</Titre><Audience>Particuliers</Audience></Theme><Introduction><Texte><Paragraphe>Permet de contester un relevé de compte auprès de sa banque en cas d'erreur sur une opération ou de désaccord sur le montant des agios, des frais prélevés ou du décompte des dates de valeur.</Paragraphe></Texte></Introduction><Texte><Paragraphe>Madame, Monsieur,</Paragraphe><Paragraphe>À la lecture de mon dernier relevé bancaire, daté du <Variable>(...)</Variable>, j'ai constaté une erreur dans le montant débité de mon compte <Variable>(référence du compte)</Variable> en exécution du virement <Variable>(numéro de référence)</Variable> fait en faveur de <Variable>(nom du bénéficiaire)</Variable>. Le montant exact de cette opération était de <Variable>(...)</Variable> euros, comme le prouve l'ordre de virement dont je vous adresse une copie ci-jointe.</Paragraphe><Paragraphe>Je vous prie de bien vouloir recréditer mon compte, dans les plus brefs délais, du montant correspondant à la différence débitée à tort.</Paragraphe><Paragraphe><Variable>(Signature)</Variable></Paragraphe></Texte><FicheLiee ID="F20752" audience="Particuliers" type="Fiche d'information conditionnée"><Titre>Prélèvement bancaire</Titre><Dossier ID="N31675">Opérations bancaires</Dossier></FicheLiee><FicheLiee ID="F2384" audience="Particuliers" type="Fiche d'information conditionnée"><Titre>Virement bancaire</Titre><Dossier ID="N31675">Opérations bancaires</Dossier></FicheLiee><Dossier ID="N98"><Titre>Comptes bancaires</Titre><Audience>Particuliers</Audience></Dossier></ServiceComplementaire>