<?xml version="1.0" encoding="UTF-8"?><ServiceComplementaire xmlns:dc="http://purl.org/dc/elements/1.1/" xmlns:xsi="http://www.w3.org/2001/XMLSchema-instance" ID="R1361" type="Téléservice" xsi:noNamespaceSchemaLocation="../Schemas/3.4/ServiceComplementaire.xsd" spUrl="https://www.service-public.fr/particuliers/vosdroits/R1361"><dc:title>Allocations et prestations familiales - Déclaration de situation (Caf) (Service en ligne)</dc:title><dc:creator>Direction de l'information légale et administrative</dc:creator><dc:subject>Famille - Scolarité, Logement, Social - Santé</dc:subject><dc:description>Permet de déclarer un changement de situation auprès de la Caf : naissance d'un enfant, mise en couple, séparation, chômage, etc.</dc:description><dc:publisher>Direction de l'information légale et administrative</dc:publisher><dc:contributor>Direction de l'information légale et administrative (Premier ministre)</dc:contributor><dc:date>modified 2023-11-10</dc:date><dc:type>Service en ligne</dc:type><dc:format>text/xml</dc:format><dc:identifier>R1361</dc:identifier><dc:language>Fr</dc:language><dc:coverage>France entière</dc:coverage><dc:rights>https://www.service-public.fr/a-propos/mentions-legales</dc:rights><SurTitre>Service en ligne</SurTitre><Audience>Particuliers</Audience><Canal>www.service-public.fr</Canal><FilDAriane><Niveau ID="Particuliers">Accueil particuliers</Niveau><Niveau ID="servicesEnLigne" type="Liste - Service en ligne">Services en ligne et formulaires</Niveau><Niveau ID="R1361" type="Téléservice">Allocations et prestations familiales - Déclaration de situation (Caf)</Niveau></FilDAriane><Theme ID="N19805"><Titre>Famille - Scolarité</Titre><Audience>Particuliers</Audience></Theme><Theme ID="N19808"><Titre>Logement</Titre><Audience>Particuliers</Audience></Theme><Theme ID="N19811"><Titre>Social - Santé</Titre><Audience>Particuliers</Audience></Theme><Texte><Paragraphe>Permet de déclarer un changement de situation auprès de la Caf : naissance d'un enfant, mise en couple, séparation, chômage, etc.</Paragraphe></Texte><LienWeb URL="https://wwwd.caf.fr/wps/myportal/caffr/moncompte/monprofil#/profilcomplet"><Source>Caisse nationale des allocations familiales (Cnaf)</Source></LienWeb><FicheLiee ID="F1878" audience="Particuliers" type="Fiche d'information conditionnée"><Titre>Allocation de rentrée scolaire (ARS)</Titre><Dossier ID="N67">Aides financières pour la scolarité</Dossier></FicheLiee><FicheLiee ID="F15132" audience="Particuliers" type="Fiche d'information conditionnée"><Titre>Allocation journalière de présence parentale (AJPP)</Titre><Dossier ID="N156">Allocations destinées aux familles</Dossier></FicheLiee><FicheLiee ID="F827" audience="Particuliers" type="Fiche Question-réponse conditionnée"><Titre>Allocations familiales : que faire en cas de déménagement, séparation, chômage... ?</Titre><Dossier ID="N156">Allocations destinées aux familles</Dossier></FicheLiee><FicheLiee ID="F13213" audience="Particuliers" type="Fiche d'information conditionnée"><Titre>Allocations familiales (famille de 2 enfants ou plus)</Titre><Dossier ID="N156">Allocations destinées aux familles</Dossier></FicheLiee><FicheLiee ID="F14199" audience="Particuliers" type="Fiche Question-réponse conditionnée"><Titre>Dans quels cas doit-on déclarer ses ressources à la Caf ?</Titre><Dossier ID="N156">Allocations destinées aux familles</Dossier></FicheLiee><FicheLiee ID="F13214" audience="Particuliers" type="Fiche d'information conditionnée"><Titre>Famille de 3 enfants et plus : complément familial</Titre><Dossier ID="N156">Allocations destinées aux familles</Dossier></FicheLiee><FicheLiee ID="F31272" audience="Particuliers" type="Fiche d'information conditionnée"><Titre>Loyers impayés et expulsion du locataire</Titre><Dossier ID="N19424">Location immobilière : obligations du locataire</Dossier></FicheLiee><FicheLiee ID="F13220" audience="Particuliers" type="Fiche d'information conditionnée"><Titre>Prestation d'accueil du jeune enfant (Paje) : prime à l'adoption</Titre><Dossier ID="N156">Allocations destinées aux familles</Dossier></FicheLiee><FicheLiee ID="F2550" audience="Particuliers" type="Fiche d'information conditionnée"><Titre>Prestation d'accueil du jeune enfant (Paje) : prime à la naissance</Titre><Dossier ID="N156">Allocations destinées aux familles</Dossier></FicheLiee><FicheLiee ID="F19778" audience="Particuliers" type="Fiche d'information conditionnée"><Titre>RSA : demandeur de 25 ans et plus</Titre><Dossier ID="N19775">Revenu de solidarité active (RSA)</Dossier></FicheLiee><FicheLiee ID="F286" audience="Particuliers" type="Fiche d'information conditionnée"><Titre>RSA jeune actif </Titre><Dossier ID="N19775">Revenu de solidarité active (RSA)</Dossier></FicheLiee><FicheLiee ID="F15553" audience="Particuliers" type="Fiche d'information conditionnée"><Titre>RSA parent isolé</Titre><Dossier ID="N19775">Revenu de solidarité active (RSA)</Dossier></FicheLiee><OuSAdresserSupport ID="R47027" type="Support" audience="Particuliers"><Titre>Contact support Caf</Titre><Texte><Paragraphe>Accès à la <LienExterne URL="http://www.caf.fr/allocataires/aide">rubrique Aide</LienExterne> du site caf.fr</Paragraphe></Texte></OuSAdresserSupport><Dossier ID="N156"><Titre>Allocations destinées aux familles</Titre><Audience>Particuliers</Audience></Dossier></ServiceComplementaire>