<?xml version="1.0" encoding="UTF-8"?><ServiceComplementaire xmlns:dc="http://purl.org/dc/elements/1.1/" xmlns:xsi="http://www.w3.org/2001/XMLSchema-instance" ID="R14006" type="Formulaire" xsi:noNamespaceSchemaLocation="../Schemas/3.4/ServiceComplementaire.xsd" spUrl="https://www.service-public.fr/particuliers/vosdroits/R14006"><dc:title>Permis de conduire - Avis médical (Formulaire 14880*02)</dc:title><dc:creator>Direction de l'information légale et administrative</dc:creator><dc:subject>Transports - Mobilité</dc:subject><dc:description>Permis de conduire - Avis médical - Formulaire</dc:description><dc:publisher>Direction de l'information légale et administrative</dc:publisher><dc:contributor>Direction de l'information légale et administrative (Premier ministre)</dc:contributor><dc:date>modified 2022-05-10</dc:date><dc:type>Formulaire</dc:type><dc:format>text/xml</dc:format><dc:identifier>R14006</dc:identifier><dc:language>Fr</dc:language><dc:coverage>France entière</dc:coverage><dc:rights>https://www.service-public.fr/a-propos/mentions-legales</dc:rights><SurTitre>Formulaire</SurTitre><Audience>Particuliers</Audience><Audience>Professionnels</Audience><Canal>www.service-public.fr</Canal><FilDAriane><Niveau ID="Particuliers">Accueil particuliers</Niveau><Niveau ID="servicesEnLigne" type="Liste - Service en ligne">Services en ligne et formulaires</Niveau><Niveau ID="R14006" type="Formulaire">Permis de conduire - Avis médical</Niveau></FilDAriane><Theme ID="N19812"><Titre>Transports - Mobilité</Titre><Audience>Particuliers</Audience></Theme><NumeroCerfa>14880*02</NumeroCerfa><LienWeb URL="https://www.service-public.fr/simulateur/calcul/14880"><Source>Ministère chargé de l'intérieur</Source></LienWeb><NoticeLiee ID="R1449" URL="https://www.formulaires.service-public.fr/gf/getNotice.do?cerfaNotice=51676&amp;cerfaFormulaire=14880" type="Notice" numerocerfa="51676*03" format="application/pdf" poids="51.1 KB">Notice - Contrôle médical de l'aptitude à la conduite des conducteurs et des candidats au permis de conduire</NoticeLiee><FicheLiee ID="F21774" audience="Particuliers" type="Fiche d'information conditionnée"><Titre>Annulation judiciaire du permis de conduire après une infraction</Titre><Dossier ID="N18918">Infractions routières</Dossier></FicheLiee><FicheLiee ID="F2890" audience="Particuliers" type="Fiche d'information conditionnée"><Titre>Brevet de sécurité routière (BSR), catégorie AM du permis de conduire</Titre><Dossier ID="N530">Permis de conduire</Dossier></FicheLiee><FicheLiee ID="F1452" audience="Particuliers" type="Fiche Question-réponse conditionnée"><Titre>Comment convertir un brevet de conduite militaire en permis de conduire civil  ?</Titre><Dossier ID="N530">Permis de conduire</Dossier></FicheLiee><FicheLiee ID="F20028" audience="Particuliers" type="Fiche Question-réponse conditionnée"><Titre>Comment faire ajouter une nouvelle catégorie sur votre permis de conduire ?</Titre><Dossier ID="N530">Permis de conduire</Dossier></FicheLiee><FicheLiee ID="F1704" audience="Particuliers" type="Fiche d'information conditionnée"><Titre>Invalidation du permis de conduire (retrait de tous les points)</Titre><Dossier ID="N18918">Infractions routières</Dossier></FicheLiee><FicheLiee ID="F2828" audience="Particuliers" type="Fiche d'information conditionnée"><Titre>Permis B : voiture ou camionnette</Titre><Dossier ID="N530">Permis de conduire</Dossier></FicheLiee><FicheLiee ID="F2833" audience="Particuliers" type="Fiche d'information conditionnée"><Titre>Permis B1 : quadricycle lourd à moteur</Titre><Dossier ID="N530">Permis de conduire</Dossier></FicheLiee><FicheLiee ID="F31121" audience="Particuliers" type="Fiche d'information conditionnée"><Titre>Permis C1 : véhicule compris entre 3,5 et 7,5 tonnes</Titre><Dossier ID="N530">Permis de conduire</Dossier></FicheLiee><FicheLiee ID="F31124" audience="Particuliers" type="Fiche d'information conditionnée"><Titre>Permis C1E : véhicule entre 3,5 et 7,5 tonnes avec remorque de plus de 750 kg</Titre><Dossier ID="N530">Permis de conduire</Dossier></FicheLiee><FicheLiee ID="F2846" audience="Particuliers" type="Fiche d'information conditionnée"><Titre>Permis CE : véhicule de plus de 3,5 tonnes avec remorque de plus de 750 kg</Titre><Dossier ID="N530">Permis de conduire</Dossier></FicheLiee><FicheLiee ID="F2844" audience="Particuliers" type="Fiche d'information conditionnée"><Titre>Permis D : transport de personnes - plus de 8 passagers</Titre><Dossier ID="N530">Permis de conduire</Dossier></FicheLiee><FicheLiee ID="F31128" audience="Particuliers" type="Fiche d'information conditionnée"><Titre>Permis D1 : transport de 16 passagers et longueur de 8 mètres</Titre><Dossier ID="N530">Permis de conduire</Dossier></FicheLiee><FicheLiee ID="F31129" audience="Particuliers" type="Fiche d'information conditionnée"><Titre>Permis D1E : transport de personnes - 16 passagers et remorque de + de 750 kg</Titre><Dossier ID="N530">Permis de conduire</Dossier></FicheLiee><FicheLiee ID="F2848" audience="Particuliers" type="Fiche d'information conditionnée"><Titre>Permis DE : transport de personnes + de 8 passagers et remorque de + de 750 kg</Titre><Dossier ID="N530">Permis de conduire</Dossier></FicheLiee><FicheLiee ID="F2845" audience="Particuliers" type="Fiche d'information conditionnée"><Titre>Permis de conduire BE : voiture avec remorque (voiture + remorque &gt; 4250 kg)</Titre><Dossier ID="N530">Permis de conduire</Dossier></FicheLiee><FicheLiee ID="F2825" audience="Particuliers" type="Fiche d'information conditionnée"><Titre>Permis de conduire de catégorie B en candidat libre</Titre><Dossier ID="N530">Permis de conduire</Dossier></FicheLiee><FicheLiee ID="F2686" audience="Particuliers" type="Fiche d'information conditionnée"><Titre>Permis de conduire et visite médicale pour raisons de santé</Titre><Dossier ID="N530">Permis de conduire</Dossier></FicheLiee><FicheLiee ID="F1255" audience="Particuliers" type="Fiche d'information conditionnée"><Titre>Permis de conduire professionnel : contrôle médical obligatoire</Titre><Dossier ID="N530">Permis de conduire</Dossier></FicheLiee><FicheLiee ID="F2832" audience="Particuliers" type="Fiche d'information conditionnée"><Titre>Permis moto : permis A1 ou permis 125 (moto légère)</Titre><Dossier ID="N530">Permis de conduire</Dossier></FicheLiee><FicheLiee ID="F31083" audience="Particuliers" type="Fiche d'information conditionnée"><Titre>Permis moto : permis A2 (moto de puissance intermédiaire)</Titre><Dossier ID="N530">Permis de conduire</Dossier></FicheLiee><FicheLiee ID="F2843" audience="Particuliers" type="Fiche d'information conditionnée"><Titre>Permis poids lourd de catégorie C  : plus de 3,5 tonnes</Titre><Dossier ID="N530">Permis de conduire</Dossier></FicheLiee><FicheLiee ID="F15076" audience="Particuliers" type="Fiche Question-réponse conditionnée"><Titre>Peut-on être dispensé du port de la ceinture de sécurité ?</Titre><Dossier ID="N18918">Infractions routières</Dossier></FicheLiee><FicheLiee ID="F14836" audience="Particuliers" type="Fiche d'information conditionnée"><Titre>Suspension administrative du permis de conduire</Titre><Dossier ID="N18918">Infractions routières</Dossier></FicheLiee><FicheLiee ID="F21761" audience="Particuliers" type="Fiche d'information conditionnée"><Titre>Suspension judiciaire du permis de conduire</Titre><Dossier ID="N18918">Infractions routières</Dossier></FicheLiee><OuSAdresser ID="R2" sve="non" type="Local personnalisé sur SP"><Titre>Préfecture</Titre><PivotLocal>prefecture</PivotLocal><RessourceWeb URL="http://www.interieur.gouv.fr/Le-ministere/Prefectures"/><Source ID="R30603">Ministère chargé de l'intérieur</Source></OuSAdresser><OuSAdresser ID="R19575" sve="non" type="Local personnalisé sur SP"><Titre>Préfecture de police de Paris - Bureau des permis de conduire</Titre><Complement>À Paris</Complement><PivotLocal>paris_ppp_permis_conduire</PivotLocal><RessourceWeb URL="https://www.prefecturedepolice.interieur.gouv.fr/demarches-et-services-en-ligne/accueil-demarches"/><Source ID="R30800">Préfecture de police de Paris</Source></OuSAdresser><Dossier ID="N530"><Titre>Permis de conduire</Titre><Audience>Particuliers</Audience></Dossier></ServiceComplementaire>