<?xml version="1.0" encoding="UTF-8"?><ServiceComplementaire xmlns:dc="http://purl.org/dc/elements/1.1/" xmlns:xsi="http://www.w3.org/2001/XMLSchema-instance" ID="R1457" type="Formulaire" xsi:noNamespaceSchemaLocation="../Schemas/3.4/ServiceComplementaire.xsd" spUrl="https://www.service-public.fr/particuliers/vosdroits/R1457"><dc:title>Demande de document de circulation (DCEM) pour un étranger mineur (Formulaire 11203*03)</dc:title><dc:creator>Direction de l'information légale et administrative</dc:creator><dc:subject>Étranger - Europe</dc:subject><dc:description>Permet à l'enfant étranger, après un voyage à l'étranger, de rentrer en France ou dans un pays de l'Espace Schengen.</dc:description><dc:publisher>Direction de l'information légale et administrative</dc:publisher><dc:contributor>Direction de l'information légale et administrative (Premier ministre)</dc:contributor><dc:date>modified 2019-05-31</dc:date><dc:type>Formulaire</dc:type><dc:format>text/xml</dc:format><dc:identifier>R1457</dc:identifier><dc:language>Fr</dc:language><dc:coverage>France entière</dc:coverage><dc:rights>https://www.service-public.fr/a-propos/mentions-legales</dc:rights><SurTitre>Formulaire</SurTitre><Audience>Particuliers</Audience><Canal>www.service-public.fr</Canal><FilDAriane><Niveau ID="Particuliers">Accueil particuliers</Niveau><Niveau ID="servicesEnLigne" type="Liste - Service en ligne">Services en ligne et formulaires</Niveau><Niveau ID="R1457" type="Formulaire">Demande de document de circulation (DCEM) pour un étranger mineur</Niveau></FilDAriane><Theme ID="N19804"><Titre>Étranger - Europe</Titre><Audience>Particuliers</Audience></Theme><NumeroCerfa>11203*03</NumeroCerfa><Introduction><Texte><Paragraphe>Permet à l'enfant étranger, après un voyage à l'étranger, de rentrer en France ou dans un pays de l'Espace <Expression>Schengen</Expression>.</Paragraphe></Texte></Introduction><LienWeb URL="https://www.formulaires.service-public.fr/gf/cerfa_11203.do" format="application/pdf" poids="462.4 KB"><Source>Ministère chargé de l'intérieur</Source></LienWeb><FicheLiee ID="F2718" audience="Particuliers" type="Fiche d'information conditionnée"><Titre>Document de circulation pour étranger mineur (DCEM)</Titre><Dossier ID="N110">Titres, carte de séjour et documents de circulation pour étranger en France</Dossier></FicheLiee><OuSAdresser ID="R2" sve="non" type="Local personnalisé sur SP"><Titre>Préfecture</Titre><PivotLocal>prefecture</PivotLocal><RessourceWeb URL="http://www.interieur.gouv.fr/Le-ministere/Prefectures"/><Source ID="R30603">Ministère chargé de l'intérieur</Source></OuSAdresser></ServiceComplementaire>