<?xml version="1.0" encoding="UTF-8"?><ServiceComplementaire xmlns:dc="http://purl.org/dc/elements/1.1/" xmlns:xsi="http://www.w3.org/2001/XMLSchema-instance" ID="R14592" type="Formulaire" xsi:noNamespaceSchemaLocation="../Schemas/3.4/ServiceComplementaire.xsd" spUrl="https://www.service-public.fr/particuliers/vosdroits/R14592" dateDerniereModificationImportante="2021-10-29T00:00:00"><dc:title>Feuille d'accident du travail ou de maladie professionnelle (spécimen) (Formulaire 11383*02)</dc:title><dc:creator>Direction de l'information légale et administrative</dc:creator><dc:subject>Travail - Formation</dc:subject><dc:description>Attention, cette version est un spécimen (fourni uniquement à titre d'information). Pour votre démarche, le formulaire original vous est remis par l'employeur en cas d'accident du travail ou par la CPAM ou la MSA lorsqu'une maladie professionnelle est déclarée.</dc:description><dc:publisher>Direction de l'information légale et administrative</dc:publisher><dc:contributor>Direction de l'information légale et administrative (Premier ministre)</dc:contributor><dc:date>modified 2021-10-26</dc:date><dc:type>Formulaire</dc:type><dc:format>text/xml</dc:format><dc:identifier>R14592</dc:identifier><dc:language>Fr</dc:language><dc:coverage>France entière</dc:coverage><dc:rights>https://www.service-public.fr/a-propos/mentions-legales</dc:rights><SurTitre>Formulaire</SurTitre><Audience>Particuliers</Audience><Canal>www.service-public.fr</Canal><FilDAriane><Niveau ID="Particuliers">Accueil particuliers</Niveau><Niveau ID="servicesEnLigne" type="Liste - Service en ligne">Services en ligne et formulaires</Niveau><Niveau ID="R14592" type="Formulaire">Feuille d'accident du travail ou de maladie professionnelle (spécimen)</Niveau></FilDAriane><Theme ID="N19806"><Titre>Travail - Formation</Titre><Audience>Particuliers</Audience></Theme><NumeroCerfa>11383*02</NumeroCerfa><AutreNumero>S6201c</AutreNumero><Texte><Paragraphe>Attention, cette version est un spécimen (fourni <MiseEnEvidence>uniquement</MiseEnEvidence> à titre d'information).</Paragraphe><Paragraphe>Pour votre démarche, le formulaire original vous est remis par l'employeur en cas d'accident du travail ou par la CPAM ou la MSA lorsqu'une maladie professionnelle est déclarée.</Paragraphe></Texte><LienWeb URL="https://www.ameli.fr/sites/default/files/formualires/190/s6201.pdf" format="application/pdf" poids="86.8 KB"><Source>Caisse nationale d'assurance maladie (Cnam)</Source></LienWeb><FicheLiee ID="F171" audience="Particuliers" type="Fiche d'information conditionnée"><Titre>Accident du travail : démarches à effectuer</Titre><Dossier ID="N526">Maladie ou accident du travail dans le secteur privé</Dossier></FicheLiee><FicheLiee ID="F37556" audience="Particuliers" type="Fiche d'information conditionnée"><Titre>Congé pour accident du travail ou maladie professionnelle de l'agent contractuel de la fonction publique</Titre><Dossier ID="N512">Maladie ou accident du travail dans la fonction publique</Dossier></FicheLiee><FicheLiee ID="F176" audience="Particuliers" type="Fiche d'information conditionnée"><Titre>Maladie professionnelle : démarches à effectuer</Titre><Dossier ID="N526">Maladie ou accident du travail dans le secteur privé</Dossier></FicheLiee><OuSAdresserSupport ID="R47056" type="Support" audience="Particuliers"><Titre>Contact support Ameli pour les entreprises</Titre><Texte><Paragraphe>Accès aux <LienExterne URL="https://www.ameli.fr/employeur">pages de contact</LienExterne></Paragraphe></Texte></OuSAdresserSupport></ServiceComplementaire>