<?xml version="1.0" encoding="UTF-8"?><ServiceComplementaire xmlns:dc="http://purl.org/dc/elements/1.1/" xmlns:xsi="http://www.w3.org/2001/XMLSchema-instance" ID="R14668" type="Téléservice" xsi:noNamespaceSchemaLocation="../Schemas/3.4/ServiceComplementaire.xsd" spUrl="https://www.service-public.fr/particuliers/vosdroits/R14668" profilsPro="tout"><dc:title>Compte fiscal en ligne pour les professionnels (mode EFI) (Service en ligne)</dc:title><dc:creator>Direction de l'information légale et administrative</dc:creator><dc:subject>Argent - Impôts - Consommation, Étranger - Europe, Transports - Mobilité, Fonctionnement de l'entreprise, Fiscalité, Comptabilité - Facturation, Ressources humaines, Pratiques commerciales, Secteurs d'activité, Étapes de vie</dc:subject><dc:description>L'espace abonné permet aux entreprises et aux professionnels d'accéder, avec ou sans certificat, aux démarches fiscales en ligne (mode EFI) suivantes : - Déclaration et paiement de la TVA (ex-TéléTVA) - Paiement de l'impôt sur les sociétés (IS), de la taxe sur les salaires, de la contribution économique et territoriale (CVAE et CFE), de l'imposition forfaitaire sur les entreprises de réseaux (IFER) et de la taxe foncière - Consultation des déclarations fiscales et du compte fiscal de l'entreprise - Dépôt et suivi des demandes de remboursement de crédit de TVA - Demande de remboursement de TVA supportée dans un pays de l'Union européenne - Délivrance d'attestation fiscale demandée pour les marchés publics - Délivrance d'attestation de résidence fiscale en France - Déclaration de résultats pour les entrepreneurs individuels assujettis dans la catégorie BIC au régime simplifié d'imposition (formulaire 2031) - Déclaration et paiement des dividendes Il est possible de créer un espace abonné avec un accès simplifié en 2 étapes : - à partir de la saisie du numéro Siren, adresse électronique et mot de passe, - un code d'activation est alors adressé par voie postale qui permet de finaliser la création de l'espace abonné et saisir les coordonnées bancaires. Il est également possible de créer un espace abonné avec un accès en mode expert si vous agissez pour le compte d'une ou plusieurs entreprises. Vous devez alors saisir les identifiants de ces entreprises (Siren, adresse électronique, mot de passe, coordonnées), choisir les services proposés et transmettre les documents d'adhésion au service des impôts des entreprises pour validation.</dc:description><dc:publisher>Direction de l'information légale et administrative</dc:publisher><dc:contributor>Direction de l'information légale et administrative (Premier ministre)</dc:contributor><dc:date>modified 2019-12-27</dc:date><dc:type>Service en ligne</dc:type><dc:format>text/xml</dc:format><dc:identifier>R14668</dc:identifier><dc:language>Fr</dc:language><dc:coverage>France entière</dc:coverage><dc:rights>https://www.service-public.fr/a-propos/mentions-legales</dc:rights><SurTitre>Service en ligne</SurTitre><Audience>Particuliers</Audience><Audience>Professionnels</Audience><Canal>www.service-public.fr</Canal><FilDAriane><Niveau ID="Particuliers">Accueil particuliers</Niveau><Niveau ID="servicesEnLigne" type="Liste - Service en ligne">Services en ligne et formulaires</Niveau><Niveau ID="R14668" type="Téléservice">Compte fiscal en ligne pour les professionnels (mode EFI)</Niveau></FilDAriane><Theme ID="N19803"><Titre>Argent - Impôts - Consommation</Titre><Audience>Particuliers</Audience></Theme><Theme ID="N19804"><Titre>Étranger - Europe</Titre><Audience>Particuliers</Audience></Theme><Theme ID="N19812"><Titre>Transports - Mobilité</Titre><Audience>Particuliers</Audience></Theme><Theme ID="N32112"><Titre>Fonctionnement de l'entreprise</Titre><Audience>Professionnels</Audience></Theme><Theme ID="N24265"><Titre>Fiscalité</Titre><Audience>Professionnels</Audience></Theme><Theme ID="N24266"><Titre>Comptabilité - Facturation</Titre><Audience>Professionnels</Audience></Theme><Theme ID="N24267"><Titre>Ressources humaines</Titre><Audience>Professionnels</Audience></Theme><Theme ID="N24268"><Titre>Pratiques commerciales</Titre><Audience>Professionnels</Audience></Theme><Theme ID="N24269"><Titre>Secteurs d'activité</Titre><Audience>Professionnels</Audience></Theme><Theme ID="N31900"><Titre>Étapes de vie</Titre><Audience>Professionnels</Audience></Theme><Texte><Paragraphe>L'espace abonné permet aux entreprises et aux professionnels d'accéder, avec ou sans certificat, aux démarches fiscales en ligne (mode EFI) suivantes :</Paragraphe><Liste type="puce"><Item><Paragraphe>Déclaration et paiement de la TVA (ex-TéléTVA)</Paragraphe></Item><Item><Paragraphe>Paiement de l'impôt sur les sociétés (IS), de la taxe sur les salaires, de la contribution économique et territoriale (CVAE et CFE), de l'imposition forfaitaire sur les entreprises de réseaux (IFER) et de la taxe foncière</Paragraphe></Item><Item><Paragraphe>Consultation des déclarations fiscales et du compte fiscal de l'entreprise</Paragraphe></Item><Item><Paragraphe>Dépôt et suivi des demandes de remboursement de crédit de TVA</Paragraphe></Item><Item><Paragraphe>Demande de remboursement de TVA supportée dans un pays de l'Union européenne</Paragraphe></Item><Item><Paragraphe>Délivrance d'attestation fiscale demandée pour les marchés publics</Paragraphe></Item><Item><Paragraphe>Délivrance d'attestation de résidence fiscale en France</Paragraphe></Item><Item><Paragraphe>Déclaration de résultats pour les entrepreneurs individuels assujettis dans la catégorie <LienInterne LienPublication="R24381" type="Sigle">BIC</LienInterne> au régime simplifié d'imposition (formulaire 2031)</Paragraphe></Item><Item><Paragraphe>Déclaration et paiement des <LienIntra LienID="R1005" type="Définition de glossaire">dividendes</LienIntra></Paragraphe></Item></Liste><Paragraphe>Il est possible de créer un espace abonné avec un accès simplifié en 2 étapes :</Paragraphe><Liste type="puce"><Item><Paragraphe>à partir de la saisie du numéro Siren, adresse électronique et mot de passe,</Paragraphe></Item><Item><Paragraphe>un code d'activation est alors adressé par voie postale qui permet de finaliser la création de l'espace abonné et saisir les coordonnées bancaires.</Paragraphe></Item></Liste><Paragraphe>Il est également possible de créer un espace abonné avec un accès en mode expert si vous agissez pour le compte d'une ou plusieurs entreprises. Vous devez alors saisir les identifiants de ces entreprises (Siren, adresse électronique, mot de passe, coordonnées), choisir les services proposés et transmettre les documents d'adhésion au service des impôts des entreprises pour validation.</Paragraphe></Texte><LienWeb URL="https://cfspro.impots.gouv.fr/LoginAccess"><Source>Ministère chargé des finances</Source></LienWeb><FicheLiee ID="F33465" audience="Professionnels" type="Fiche d'information conditionnée"><Titre>Attestation de résidence fiscale pour les professionnels</Titre><Dossier ID="N13442">Impôt sur les sociétés</Dossier></FicheLiee><FicheLiee ID="F32919" audience="Professionnels" type="Fiche d'information conditionnée"><Titre>Bénéfices industriels et commerciaux (BIC) : régime réel d'imposition</Titre><Dossier ID="N23456">Impôt sur le revenu</Dossier></FicheLiee><FicheLiee ID="F32105" audience="Professionnels" type="Fiche d'information conditionnée"><Titre>Bénéfices non commerciaux (BNC) : régime réel d'imposition</Titre><Dossier ID="N23456">Impôt sur le revenu</Dossier></FicheLiee><FicheLiee ID="F23744" audience="Professionnels" type="Fiche d'information conditionnée"><Titre>Cessation d'activité d'une société (dissolution volontaire)</Titre><Dossier ID="N31905">Je clos</Dossier></FicheLiee><FicheLiee ID="F37363" audience="Professionnels" type="Fiche d'information conditionnée"><Titre>Cessation d'activité de l'entrepreneur individuel (fermeture volontaire)</Titre><Dossier ID="N31905">Je clos</Dossier></FicheLiee><FicheLiee ID="F23543" audience="Professionnels" type="Fiche Question-réponse conditionnée"><Titre>Comment transmettre les déclarations fiscales professionnelles : EDI ou EFI ?</Titre><Dossier ID="N13442">Impôt sur les sociétés</Dossier></FicheLiee><FicheLiee ID="F32939" audience="Professionnels" type="Fiche d'information conditionnée"><Titre>Contribution annuelle sur les revenus locatifs (CRL)</Titre><Dossier ID="N22470">Taxes foncières</Dossier></FicheLiee><FicheLiee ID="F31233" audience="Professionnels" type="Fiche d'information conditionnée"><Titre>Cotisations et contributions sociales des professions libérales</Titre><Dossier ID="N10805">Protection sociale d'un travailleur indépendant</Dossier></FicheLiee><FicheLiee ID="F23546" audience="Professionnels" type="Fiche d'information conditionnée"><Titre>Cotisation sur la valeur ajoutée des entreprises (CVAE)</Titre><Dossier ID="N13443">Contribution économique territoriale (CET)</Dossier></FicheLiee><FicheLiee ID="F31461" audience="Professionnels" type="Fiche d'information conditionnée"><Titre>Crédit d'impôt en faveur des métiers d'art</Titre><Dossier ID="N32117">Crédits d'impôts</Dossier></FicheLiee><FicheLiee ID="F31922" audience="Professionnels" type="Fiche d'information conditionnée"><Titre>Crédit d'impôt famille (CIF)</Titre><Dossier ID="N32117">Crédits d'impôts</Dossier></FicheLiee><FicheLiee ID="F35494" audience="Professionnels" type="Fiche d'information conditionnée"><Titre>Crédit d'impôt innovation (CII)</Titre><Dossier ID="N32117">Crédits d'impôts</Dossier></FicheLiee><FicheLiee ID="F23533" audience="Professionnels" type="Fiche d'information conditionnée"><Titre>Crédit d'impôt recherche (CIR)</Titre><Dossier ID="N32117">Crédits d'impôts</Dossier></FicheLiee><FicheLiee ID="F31431" audience="Professionnels" type="Fiche d'information conditionnée"><Titre>Déclaration d'honoraires ou de commissions</Titre><Dossier ID="N23456">Impôt sur le revenu</Dossier></FicheLiee><FicheLiee ID="F23566" audience="Professionnels" type="Fiche d'information conditionnée"><Titre>Déclarer et payer la TVA</Titre><Dossier ID="N13445">Taxe sur la valeur ajoutée (TVA)</Dossier></FicheLiee><FicheLiee ID="F23569" audience="Professionnels" type="Fiche d'information conditionnée"><Titre>Déduction de la TVA sur les achats professionnels</Titre><Dossier ID="N13445">Taxe sur la valeur ajoutée (TVA)</Dossier></FicheLiee><FicheLiee ID="F32963" audience="Professionnels" type="Fiche d'information conditionnée"><Titre>Fiscalité des distributions de dividendes</Titre><Dossier ID="N13442">Impôt sur les sociétés</Dossier></FicheLiee><FicheLiee ID="F23384" audience="Professionnels" type="Fiche d'information conditionnée"><Titre>Fournir des attestations de régularité fiscale et de vigilance dans un marché public</Titre><Dossier ID="N31387">Marchés publics</Dossier></FicheLiee><FicheLiee ID="F21746" audience="Professionnels" type="Fiche d'information conditionnée"><Titre>Franchise en base de TVA</Titre><Dossier ID="N13445">Taxe sur la valeur ajoutée (TVA)</Dossier></FicheLiee><FicheLiee ID="F33167" audience="Professionnels" type="Fiche d'information conditionnée"><Titre>Importations et exportations (hors Union européenne) : règles en matière de TVA</Titre><Dossier ID="N13445">Taxe sur la valeur ajoutée (TVA)</Dossier></FicheLiee><FicheLiee ID="F23510" audience="Professionnels" type="Fiche d'information conditionnée"><Titre>Impôt sur les sociétés (IS) : déclaration et paiement</Titre><Dossier ID="N13442">Impôt sur les sociétés</Dossier></FicheLiee><FicheLiee ID="F23570" audience="Professionnels" type="Fiche d'information conditionnée"><Titre>Numéro de TVA intracommunautaire</Titre><Dossier ID="N13445">Taxe sur la valeur ajoutée (TVA)</Dossier></FicheLiee><FicheLiee ID="F36740" audience="Professionnels" type="Fiche Question-réponse conditionnée"><Titre>Praticiens et auxiliaires médicaux (PAM) : déclaration d'activité et régime social</Titre><Dossier ID="N31901">Je crée</Dossier></FicheLiee><FicheLiee ID="F23458" audience="Professionnels" type="Fiche Question-réponse conditionnée"><Titre>Professions libérales : quel statut juridique et comment déclarer l'activité ?</Titre><Dossier ID="N31901">Je crée</Dossier></FicheLiee><FicheLiee ID="F23890" audience="Professionnels" type="Fiche d'information conditionnée"><Titre>Protection sociale des travailleurs indépendants : contributions et cotisations</Titre><Dossier ID="N10805">Protection sociale d'un travailleur indépendant</Dossier></FicheLiee><FicheLiee ID="F24026" audience="Professionnels" type="Fiche Question-réponse conditionnée"><Titre>Quelles sont les taxes et contributions à payer avec la TVA ?</Titre><Dossier ID="N13445">Taxe sur la valeur ajoutée (TVA)</Dossier></FicheLiee><FicheLiee ID="F32042" audience="Professionnels" type="Fiche d'information conditionnée"><Titre>Régime fiscal d'une société civile de moyens (SCM)</Titre><Dossier ID="N13442">Impôt sur les sociétés</Dossier></FicheLiee><FicheLiee ID="F31673" audience="Professionnels" type="Fiche d'information conditionnée"><Titre>Remboursement de la TVA intracommunautaire</Titre><Dossier ID="N13445">Taxe sur la valeur ajoutée (TVA)</Dossier></FicheLiee><FicheLiee ID="F22576" audience="Professionnels" type="Fiche d'information conditionnée"><Titre>Taxe sur les salaires</Titre><Dossier ID="N13444">Taxes liées aux salaires</Dossier></FicheLiee><FicheLiee ID="F36212" audience="Professionnels" type="Fiche d'information conditionnée"><Titre>Tout ce qu'il faut savoir sur la fiscalité d'une entreprise unipersonnelle à responsabilité limitée (EURL)</Titre><Dossier ID="N31903">Je gère</Dossier></FicheLiee><FicheLiee ID="F36203" audience="Professionnels" type="Fiche d'information conditionnée"><Titre>Tout ce qu'il faut savoir sur la fiscalité d'un entrepreneur individuel (EI)</Titre><Dossier ID="N31903">Je gère</Dossier></FicheLiee><FicheLiee ID="F36210" audience="Professionnels" type="Fiche d'information conditionnée"><Titre>Tout ce qu'il faut savoir sur la fiscalité d'une société anonyme (SA)</Titre><Dossier ID="N31903">Je gère</Dossier></FicheLiee><FicheLiee ID="F36211" audience="Professionnels" type="Fiche d'information conditionnée"><Titre>Tout ce qu'il faut savoir sur la fiscalité d'une société à responsabilité limitée (SARL)</Titre><Dossier ID="N31903">Je gère</Dossier></FicheLiee><FicheLiee ID="F36006" audience="Professionnels" type="Fiche d'information conditionnée"><Titre>Tout ce qu'il faut savoir sur la fiscalité d'une société par actions simplifiée (SAS)</Titre><Dossier ID="N31903">Je gère</Dossier></FicheLiee><FicheLiee ID="F36215" audience="Professionnels" type="Fiche d'information conditionnée"><Titre>Tout ce qu'il faut savoir sur la fiscalité d'une société par actions simplifiée unipersonnelle (SASU)</Titre><Dossier ID="N31903">Je gère</Dossier></FicheLiee><FicheLiee ID="F36244" audience="Professionnels" type="Fiche d'information conditionnée"><Titre>Tout ce qu'il faut savoir sur la fiscalité d'un micro-entrepreneur</Titre><Dossier ID="N31903">Je gère</Dossier></FicheLiee><FicheLiee ID="F36239" audience="Professionnels" type="Fiche d'information conditionnée"><Titre>Tout ce qu'il faut savoir sur les cotisations sociales d'une entreprise unipersonnelle à responsabilité limitée (EURL)</Titre><Dossier ID="N31903">Je gère</Dossier></FicheLiee><FicheLiee ID="F36238" audience="Professionnels" type="Fiche d'information conditionnée"><Titre>Tout ce qu'il faut savoir sur les cotisations sociales d'un entrepreneur individuel</Titre><Dossier ID="N31903">Je gère</Dossier></FicheLiee><FicheLiee ID="F36235" audience="Professionnels" type="Fiche d'information conditionnée"><Titre>Tout ce qu'il faut savoir sur les cotisations sociales d'une société à responsabilité limitée (SARL)</Titre><Dossier ID="N31903">Je gère</Dossier></FicheLiee><FicheLiee ID="F35361" audience="Professionnels" type="Fiche Question-réponse conditionnée"><Titre>TVA : qu'est-ce-que le régime simplifié de l'agriculture ?</Titre><Dossier ID="N13445">Taxe sur la valeur ajoutée (TVA)</Dossier></FicheLiee><FicheLiee ID="F33340" audience="Professionnels" type="Fiche d'information conditionnée"><Titre>TVA applicable aux échanges européens</Titre><Dossier ID="N13445">Taxe sur la valeur ajoutée (TVA)</Dossier></FicheLiee><FicheLiee ID="F24670" audience="Professionnels" type="Fiche Question-réponse conditionnée"><Titre>Une entreprise doit-elle payer la contribution à l'audiovisuel public (ou redevance télé) ?</Titre><Dossier ID="N22250">Taxes diverses</Dossier></FicheLiee><Definition ID="R1005"><Titre>Dividende</Titre><Texte><Paragraphe>Partie des bénéfices d'une société distribuée aux associés ou actionnaires.</Paragraphe></Texte></Definition><Abreviation ID="R24381" type="Sigle"><Titre>BIC</Titre><Texte><Paragraphe>Bénéfices industriels et commerciaux</Paragraphe></Texte></Abreviation></ServiceComplementaire>