<?xml version="1.0" encoding="UTF-8"?><ServiceComplementaire xmlns:dc="http://purl.org/dc/elements/1.1/" xmlns:xsi="http://www.w3.org/2001/XMLSchema-instance" ID="R1481" type="Téléservice" xsi:noNamespaceSchemaLocation="../Schemas/3.4/ServiceComplementaire.xsd" spUrl="https://www.service-public.fr/particuliers/vosdroits/R1481"><dc:title>Espace Particulier-employeur (Service en ligne)</dc:title><dc:creator>Direction de l'information légale et administrative</dc:creator><dc:subject>Travail - Formation</dc:subject><dc:description>Permet à un particulier employeur depuis son espace personnel et sécurisé sur France Travail (anciennement Pôle emploi) de rechercher des candidatures à un emploi à domicile et de créer et obtenir une attestation à remettre à son employé en fin de contrat.</dc:description><dc:publisher>Direction de l'information légale et administrative</dc:publisher><dc:contributor>Direction de l'information légale et administrative (Premier ministre)</dc:contributor><dc:date>modified 2023-07-21</dc:date><dc:type>Service en ligne</dc:type><dc:format>text/xml</dc:format><dc:identifier>R1481</dc:identifier><dc:language>Fr</dc:language><dc:coverage>France entière</dc:coverage><dc:rights>https://www.service-public.fr/a-propos/mentions-legales</dc:rights><SurTitre>Service en ligne</SurTitre><Audience>Particuliers</Audience><Canal>www.service-public.fr</Canal><FilDAriane><Niveau ID="Particuliers">Accueil particuliers</Niveau><Niveau ID="servicesEnLigne" type="Liste - Service en ligne">Services en ligne et formulaires</Niveau><Niveau ID="R1481" type="Téléservice">Espace Particulier-employeur</Niveau></FilDAriane><Theme ID="N19806"><Titre>Travail - Formation</Titre><Audience>Particuliers</Audience></Theme><Texte><Paragraphe>Permet à un particulier employeur depuis son espace personnel et sécurisé sur France Travail (anciennement Pôle emploi) de rechercher des candidatures à un emploi à domicile et de créer et obtenir une attestation à remettre à son employé en fin de contrat.</Paragraphe></Texte><LienWeb URL="https://particulieremployeur.pole-emploi.fr/particulieremployeur/authentification/authentification"><Source>France Travail (anciennement Pôle emploi)</Source></LienWeb><FicheLiee ID="F16841" audience="Particuliers" type="Fiche d'information conditionnée"><Titre>Contrat de travail et formalités d'embauche de l'assistante maternelle</Titre><Dossier ID="N20383">Assistante maternelle</Dossier></FicheLiee><FicheLiee ID="F33164" audience="Particuliers" type="Fiche d'information conditionnée"><Titre>Démission d'une assistante maternelle</Titre><Dossier ID="N20383">Assistante maternelle</Dossier></FicheLiee><FicheLiee ID="F32431" audience="Particuliers" type="Fiche d'information conditionnée"><Titre>Démission du salarié à domicile employé par un particulier</Titre><Dossier ID="N19602">Particulier employeur : aide à domicile (services à la personne)</Dossier></FicheLiee><FicheLiee ID="F1745" audience="Particuliers" type="Fiche d'information conditionnée"><Titre>Licenciement du salarié à domicile employé par un particulier</Titre><Dossier ID="N19602">Particulier employeur : aide à domicile (services à la personne)</Dossier></FicheLiee><FicheLiee ID="F16842" audience="Particuliers" type="Fiche d'information conditionnée"><Titre>Rupture du contrat de travail d'une assistante maternelle par un particulier employeur</Titre><Dossier ID="N20383">Assistante maternelle</Dossier></FicheLiee><OuSAdresserSupport ID="R47030" type="Support" audience="Particuliers"><Titre>Contact support France Travail (anciennement Pôle emploi)</Titre><Source ID="R30668">France Travail (anciennement Pôle emploi)</Source><Texte><Paragraphe>Accès au <LienExterne URL="https://www1.pole-emploi.fr/faq/">formulaire de contact</LienExterne></Paragraphe></Texte></OuSAdresserSupport></ServiceComplementaire>