<?xml version="1.0" encoding="UTF-8"?><ServiceComplementaire xmlns:dc="http://purl.org/dc/elements/1.1/" xmlns:xsi="http://www.w3.org/2001/XMLSchema-instance" ID="R1486" type="Formulaire" xsi:noNamespaceSchemaLocation="../Schemas/3.4/ServiceComplementaire.xsd" spUrl="https://www.service-public.fr/particuliers/vosdroits/R1486"><dc:title>Déclaration de la présence de termites dans un logement ou immeuble (Formulaire 12010*02)</dc:title><dc:creator>Direction de l'information légale et administrative</dc:creator><dc:subject>Logement</dc:subject><dc:description>Permet de déclarer à la mairie la présence de termites dans son logement ou immeuble.</dc:description><dc:publisher>Direction de l'information légale et administrative</dc:publisher><dc:contributor>Direction de l'information légale et administrative (Premier ministre)</dc:contributor><dc:date>modified 2022-01-31</dc:date><dc:type>Formulaire</dc:type><dc:format>text/xml</dc:format><dc:identifier>R1486</dc:identifier><dc:language>Fr</dc:language><dc:coverage>France entière</dc:coverage><dc:rights>https://www.service-public.fr/a-propos/mentions-legales</dc:rights><SurTitre>Formulaire</SurTitre><Audience>Particuliers</Audience><Canal>www.service-public.fr</Canal><FilDAriane><Niveau ID="Particuliers">Accueil particuliers</Niveau><Niveau ID="servicesEnLigne" type="Liste - Service en ligne">Services en ligne et formulaires</Niveau><Niveau ID="R1486" type="Formulaire">Déclaration de la présence de termites dans un logement ou immeuble</Niveau></FilDAriane><Theme ID="N19808"><Titre>Logement</Titre><Audience>Particuliers</Audience></Theme><NumeroCerfa>12010*02</NumeroCerfa><Texte><Paragraphe>Permet de déclarer à la mairie la présence de termites dans son logement ou immeuble.</Paragraphe></Texte><LienWeb URL="https://www.formulaires.service-public.fr/gf/cerfa_12010.do" format="application/pdf" poids="295.9 KB"><Source>Ministère chargé du logement</Source></LienWeb><NoticeLiee ID="R21222" URL="https://www.formulaires.service-public.fr/gf/getNotice.do?cerfaNotice=50924&amp;cerfaFormulaire=12010" type="Notice" numerocerfa="50924#01" format="application/pdf" poids="109.7 KB">Notice explicative pour remplir une déclaration de présence de termites dans un immeuble</NoticeLiee><FicheLiee ID="F285" audience="Particuliers" type="Fiche d'information conditionnée"><Titre>Termites dans l'habitat</Titre><Dossier ID="N20356">Risques sanitaires et sécurité du logement</Dossier></FicheLiee><OuSAdresser ID="R1" sve="non" type="Local personnalisé sur SP"><Titre>Mairie</Titre><PivotLocal>mairie</PivotLocal><RessourceWeb URL="https://lannuaire.service-public.fr/navigation/mairie"/></OuSAdresser></ServiceComplementaire>