<?xml version="1.0" encoding="UTF-8"?><ServiceComplementaire xmlns:dc="http://purl.org/dc/elements/1.1/" xmlns:xsi="http://www.w3.org/2001/XMLSchema-instance" ID="R1488" type="Formulaire" xsi:noNamespaceSchemaLocation="../Schemas/3.4/ServiceComplementaire.xsd" spUrl="https://www.service-public.fr/particuliers/vosdroits/R1488"><dc:title>Déclaration des opérations d'incinération ou de traitement des bois et matériaux contaminés par les termites (Formulaire 12012*02)</dc:title><dc:creator>Direction de l'information légale et administrative</dc:creator><dc:subject>Logement</dc:subject><dc:description>Permet de déclarer en mairie les opérations d'incinération ou traitement des bois contaminés par les termites.</dc:description><dc:publisher>Direction de l'information légale et administrative</dc:publisher><dc:contributor>Direction de l'information légale et administrative (Premier ministre)</dc:contributor><dc:date>modified 2022-01-31</dc:date><dc:type>Formulaire</dc:type><dc:format>text/xml</dc:format><dc:identifier>R1488</dc:identifier><dc:language>Fr</dc:language><dc:coverage>France entière</dc:coverage><dc:rights>https://www.service-public.fr/a-propos/mentions-legales</dc:rights><SurTitre>Formulaire</SurTitre><Audience>Particuliers</Audience><Canal>www.service-public.fr</Canal><FilDAriane><Niveau ID="Particuliers">Accueil particuliers</Niveau><Niveau ID="servicesEnLigne" type="Liste - Service en ligne">Services en ligne et formulaires</Niveau><Niveau ID="R1488" type="Formulaire">Déclaration des opérations d'incinération ou de traitement des bois et matériaux contaminés par les termites</Niveau></FilDAriane><Theme ID="N19808"><Titre>Logement</Titre><Audience>Particuliers</Audience></Theme><NumeroCerfa>12012*02</NumeroCerfa><Texte><Paragraphe>Permet de déclarer en mairie les opérations d'incinération ou traitement des bois contaminés par les termites.</Paragraphe></Texte><LienWeb URL="https://www.formulaires.service-public.fr/gf/cerfa_12012.do" format="application/pdf" poids="283.9 KB"><Source>Ministère chargé du logement</Source></LienWeb><FicheLiee ID="F285" audience="Particuliers" type="Fiche d'information conditionnée"><Titre>Termites dans l'habitat</Titre><Dossier ID="N20356">Risques sanitaires et sécurité du logement</Dossier></FicheLiee><OuSAdresser ID="R1" sve="non" type="Local personnalisé sur SP"><Titre>Mairie</Titre><PivotLocal>mairie</PivotLocal><RessourceWeb URL="https://lannuaire.service-public.fr/navigation/mairie"/></OuSAdresser></ServiceComplementaire>