<?xml version="1.0" encoding="UTF-8"?><ServiceComplementaire xmlns:dc="http://purl.org/dc/elements/1.1/" xmlns:xsi="http://www.w3.org/2001/XMLSchema-instance" ID="R15336" type="Formulaire" xsi:noNamespaceSchemaLocation="../Schemas/3.4/ServiceComplementaire.xsd" spUrl="https://www.service-public.fr/particuliers/vosdroits/R15336"><dc:title>Demande d'allocation journalière de présence parentale (AJPP) (Formulaire 12666*03)</dc:title><dc:creator>Direction de l'information légale et administrative</dc:creator><dc:subject>Famille - Scolarité, Travail - Formation</dc:subject><dc:description>Permet à une personne qui souhaite arrêter temporairement son activité professionnelle pour s'occuper de son enfant gravement malade, accidenté ou handicapé de percevoir une allocation. Pour télécharger le formulaire, cliquez d'abord pour sélectionner votre lieu de résidence. À savoir : ce formulaire vous donne également accès au formulaire cerfa n°11423 de déclaration de situation (à remplir obligatoirement pour effectuer la demande).</dc:description><dc:publisher>Direction de l'information légale et administrative</dc:publisher><dc:contributor>Direction de l'information légale et administrative (Premier ministre)</dc:contributor><dc:date>modified 2021-03-09</dc:date><dc:type>Formulaire</dc:type><dc:format>text/xml</dc:format><dc:identifier>R15336</dc:identifier><dc:language>Fr</dc:language><dc:coverage>France entière</dc:coverage><dc:rights>https://www.service-public.fr/a-propos/mentions-legales</dc:rights><SurTitre>Formulaire</SurTitre><Audience>Particuliers</Audience><Canal>www.service-public.fr</Canal><FilDAriane><Niveau ID="Particuliers">Accueil particuliers</Niveau><Niveau ID="servicesEnLigne" type="Liste - Service en ligne">Services en ligne et formulaires</Niveau><Niveau ID="R15336" type="Formulaire">Demande d'allocation journalière de présence parentale (AJPP)</Niveau></FilDAriane><Theme ID="N19805"><Titre>Famille - Scolarité</Titre><Audience>Particuliers</Audience></Theme><Theme ID="N19806"><Titre>Travail - Formation</Titre><Audience>Particuliers</Audience></Theme><NumeroCerfa>12666*03</NumeroCerfa><AutreNumero>S7152b</AutreNumero><Texte><Paragraphe>Permet à une personne qui souhaite arrêter temporairement son activité professionnelle pour s'occuper de son enfant gravement malade, accidenté ou handicapé de percevoir une allocation.</Paragraphe><Paragraphe>Pour télécharger le formulaire, cliquez d'abord pour sélectionner votre lieu de résidence.</Paragraphe><ASavoir><Titre>À savoir</Titre><Paragraphe>ce formulaire vous donne également accès au formulaire cerfa n°11423 de déclaration de situation (à remplir obligatoirement pour effectuer la demande).</Paragraphe></ASavoir></Texte><LienWeb URL="https://wwwd.caf.fr/wps/portal/caffr/aidesetservices/lesservicesenligne/faireunedemandedeprestation/allocationjournalieredepresenceparentale#/maladieethandicap"><Source>Caisse nationale des allocations familiales (Cnaf)</Source></LienWeb><FicheLiee ID="F15132" audience="Particuliers" type="Fiche d'information conditionnée"><Titre>Allocation journalière de présence parentale (AJPP)</Titre><Dossier ID="N156">Allocations destinées aux familles</Dossier></FicheLiee><FicheLiee ID="F1631" audience="Particuliers" type="Fiche d'information conditionnée"><Titre>Congé de présence parentale du salarié dans le secteur privé</Titre><Dossier ID="N510">Congés dans le secteur privé</Dossier></FicheLiee><OuSAdresser ID="R38" sve="non" type="Local personnalisé sur SP"><Titre>Caisse d'allocations familiales (Caf)</Titre><PivotLocal>caf</PivotLocal><RessourceWeb URL="http://www.caf.fr/allocataires/ma-caf-recherche/"/><Source ID="R30610">Caisse nationale des allocations familiales (Cnaf)</Source></OuSAdresser><OuSAdresserSupport ID="R47027" type="Support" audience="Particuliers"><Titre>Contact support Caf</Titre><Texte><Paragraphe>Accès à la <LienExterne URL="http://www.caf.fr/allocataires/aide">rubrique Aide</LienExterne> du site caf.fr</Paragraphe></Texte></OuSAdresserSupport></ServiceComplementaire>