<?xml version="1.0" encoding="UTF-8"?><ServiceComplementaire xmlns:dc="http://purl.org/dc/elements/1.1/" xmlns:xsi="http://www.w3.org/2001/XMLSchema-instance" ID="R16396" type="Téléservice" xsi:noNamespaceSchemaLocation="../Schemas/3.4/ServiceComplementaire.xsd" spUrl="https://www.service-public.fr/particuliers/vosdroits/R16396" dateDerniereModificationImportante="2024-01-29T00:00:00"><dc:title>Demande d'inscription en ligne sur les listes électorales (Service en ligne)</dc:title><dc:creator>Direction de l'information légale et administrative</dc:creator><dc:subject>Papiers - Citoyenneté - Élections</dc:subject><dc:description>Ce service public gratuit permet au citoyen français et européen de demander son inscription sur les listes électorales pour voter en France.</dc:description><dc:publisher>Direction de l'information légale et administrative</dc:publisher><dc:contributor>Direction de l'information légale et administrative (Premier ministre)</dc:contributor><dc:date>modified 2024-01-29</dc:date><dc:type>Service en ligne</dc:type><dc:format>text/xml</dc:format><dc:identifier>R16396</dc:identifier><dc:language>Fr</dc:language><dc:coverage>France entière</dc:coverage><dc:rights>https://www.service-public.fr/a-propos/mentions-legales</dc:rights><SurTitre>Service en ligne</SurTitre><Audience>Particuliers</Audience><Canal>www.service-public.fr</Canal><FilDAriane><Niveau ID="Particuliers">Accueil particuliers</Niveau><Niveau ID="servicesEnLigne" type="Liste - Service en ligne">Services en ligne et formulaires</Niveau><Niveau ID="R16396" type="Téléservice">Demande d'inscription en ligne sur les listes électorales</Niveau></FilDAriane><Theme ID="N19810"><Titre>Papiers - Citoyenneté - Élections</Titre><Audience>Particuliers</Audience></Theme><Introduction><Texte><Paragraphe>Permet au citoyen français et au citoyen européen de demander son inscription sur les listes électorales d'une mairie pour voter en France. Accessible à condition d'être âgé d'au moins 18 ans.</Paragraphe></Texte></Introduction><Texte><Paragraphe><MiseEnEvidence>L'inscription sur les listes électorales est une démarche gratuite</MiseEnEvidence>. Veillez à ne pas utiliser de sites internet privés, car s'ils ne sont pas raccordés aux services de votre commune : votre demande d'inscription ne sera pas transmise.</Paragraphe></Texte><LienWeb URL="https://www.inscriptionelectorale.service-public.fr"><Source>Ministère chargé de l'intérieur</Source></LienWeb><FicheLiee ID="F1937" audience="Particuliers" type="Fiche d'information conditionnée"><Titre>Élections : droit de vote d'un citoyen européen en France</Titre><Dossier ID="N47">Élections</Dossier></FicheLiee><FicheLiee ID="F34240" audience="Particuliers" type="Fiche Question-réponse conditionnée"><Titre>Elections : peut-on s'inscrire sur la liste électorale d'une mairie et voter la même année ?</Titre><Dossier ID="N47">Élections</Dossier></FicheLiee><FicheLiee ID="F1943" audience="Particuliers" type="Fiche d'information conditionnée"><Titre>Élections législatives</Titre><Dossier ID="N47">Élections</Dossier></FicheLiee><FicheLiee ID="F1372" audience="Particuliers" type="Fiche d'information conditionnée"><Titre>Inscription sur la liste électorale : en cas de déménagement</Titre><Dossier ID="N47">Élections</Dossier></FicheLiee><FicheLiee ID="F1961" audience="Particuliers" type="Fiche d'information conditionnée"><Titre>Liste électorale : inscription d'office à 18 ans</Titre><Dossier ID="N47">Élections</Dossier></FicheLiee><FicheLiee ID="F1367" audience="Particuliers" type="Fiche d'information conditionnée"><Titre>Listes électorales : nouvelle inscription</Titre><Dossier ID="N47">Élections</Dossier></FicheLiee><FicheLiee ID="F35790" audience="Particuliers" type="Fiche Question-réponse conditionnée"><Titre>Militaire, forain, gens du voyage, SDF, marinier : où s'inscrire pour voter ?</Titre><Dossier ID="N47">Élections</Dossier></FicheLiee><FicheLiee ID="F35789" audience="Particuliers" type="Fiche Question-réponse conditionnée"><Titre>Moins de 26 ans : dans quel cas faut-il s'inscrire pour voter ?</Titre><Dossier ID="N47">Élections</Dossier></FicheLiee><FicheLiee ID="F1939" audience="Particuliers" type="Fiche Question-réponse conditionnée"><Titre>Quelles sont les dates des prochaines élections ?</Titre><Dossier ID="N47">Élections</Dossier></FicheLiee><FicheLiee ID="F1965" audience="Particuliers" type="Fiche Question-réponse conditionnée"><Titre>S'inscrire sur la liste électorale en mairie : quel justificatif de domicile ?</Titre><Dossier ID="N47">Élections</Dossier></FicheLiee><FicheLiee ID="F34779" audience="Particuliers" type="Fiche Question-réponse conditionnée"><Titre>S'inscrire sur les listes électorales : avec quel justificatif d'identité ?</Titre><Dossier ID="N47">Élections</Dossier></FicheLiee><FicheLiee ID="F36433" audience="Particuliers" type="Fiche Question-réponse conditionnée"><Titre>Vote d'un citoyen européen : quel justificatif de domicile pour s'inscrire ?</Titre><Dossier ID="N47">Élections</Dossier></FicheLiee><FicheLiee ID="F16904" audience="Particuliers" type="Fiche d'information conditionnée"><Titre>Vote d'un Français installé à l'étranger</Titre><Dossier ID="N47">Élections</Dossier></FicheLiee><OuSAdresserSupport ID="R52575" type="Support" audience="Particuliers"><Titre>Support - Inscription sur la liste électorale</Titre><Texte><Chapitre><Titre><Paragraphe>Par courriel</Paragraphe></Titre><Paragraphe>Si vous rencontrez des difficultés, faites part de votre remarque au <LienExterne URL="https://www.service-public.fr/contact/R51721">service support</LienExterne></Paragraphe></Chapitre></Texte></OuSAdresserSupport><Dossier ID="N47"><Titre>Élections</Titre><Audience>Particuliers</Audience></Dossier></ServiceComplementaire>