<?xml version="1.0" encoding="UTF-8"?><ServiceComplementaire xmlns:dc="http://purl.org/dc/elements/1.1/" xmlns:xsi="http://www.w3.org/2001/XMLSchema-instance" ID="R16639" type="Modèle de document" xsi:noNamespaceSchemaLocation="../Schemas/3.4/ServiceComplementaire.xsd" spUrl="https://www.service-public.fr/particuliers/vosdroits/R16639"><dc:title>Déclarer à son assureur un vol dans son habitation (Modèle de document)</dc:title><dc:creator>Direction de l'information légale et administrative</dc:creator><dc:subject>Argent - Impôts - Consommation</dc:subject><dc:description>Permet de déclarer à votre assureur un cambriolage de votre logement.</dc:description><dc:publisher>Direction de l'information légale et administrative</dc:publisher><dc:contributor>Direction de l'information légale et administrative (Premier ministre)</dc:contributor><dc:date>modified 2020-09-17</dc:date><dc:type>Modèle de document</dc:type><dc:format>text/xml</dc:format><dc:identifier>R16639</dc:identifier><dc:language>Fr</dc:language><dc:coverage>France entière</dc:coverage><dc:rights>https://www.service-public.fr/a-propos/mentions-legales</dc:rights><SurTitre>Modèle de document</SurTitre><Audience>Particuliers</Audience><Canal>www.service-public.fr</Canal><FilDAriane><Niveau ID="Particuliers">Accueil particuliers</Niveau><Niveau ID="servicesEnLigne" type="Liste - Service en ligne">Services en ligne et formulaires</Niveau><Niveau ID="R16639" type="Modèle de document">Déclarer à son assureur un vol dans son habitation</Niveau></FilDAriane><Theme ID="N19803"><Titre>Argent - Impôts - Consommation</Titre><Audience>Particuliers</Audience></Theme><LienWeb URL="https://www.inc-conso.fr/content/victime-dun-vol-dans-votre-habitation-vous-le-declarez-votre-assurance"><Source>Institut national de la consommation (INC)</Source></LienWeb><FicheLiee ID="F2028" audience="Particuliers" type="Fiche d'information conditionnée"><Titre>Assurance habitation : vol et cambriolage</Titre><Dossier ID="N44">Assurance habitation</Dossier></FicheLiee></ServiceComplementaire>