<?xml version="1.0" encoding="UTF-8"?><ServiceComplementaire xmlns:dc="http://purl.org/dc/elements/1.1/" xmlns:xsi="http://www.w3.org/2001/XMLSchema-instance" ID="R17030" type="Téléservice" xsi:noNamespaceSchemaLocation="../Schemas/3.4/ServiceComplementaire.xsd" spUrl="https://www.service-public.fr/particuliers/vosdroits/R17030"><dc:title>Signaler un objet perdu à Paris ou en petite couronne (92, 93 et 94) (Service en ligne)</dc:title><dc:creator>Direction de l'information légale et administrative</dc:creator><dc:subject>Argent - Impôts - Consommation</dc:subject><dc:description>Permet de déclarer à la Préfecture de police de Paris la perte d'un objet dans la rue, un lieu public ou dans les transports, à Paris ou dans l'un des départements limitrophes (92, 93 et 94).</dc:description><dc:publisher>Direction de l'information légale et administrative</dc:publisher><dc:contributor>Direction de l'information légale et administrative (Premier ministre)</dc:contributor><dc:date>modified 2019-11-08</dc:date><dc:type>Service en ligne</dc:type><dc:format>text/xml</dc:format><dc:identifier>R17030</dc:identifier><dc:language>Fr</dc:language><dc:coverage>France entière</dc:coverage><dc:rights>https://www.service-public.fr/a-propos/mentions-legales</dc:rights><SurTitre>Service en ligne</SurTitre><Audience>Particuliers</Audience><Canal>www.service-public.fr</Canal><FilDAriane><Niveau ID="Particuliers">Accueil particuliers</Niveau><Niveau ID="servicesEnLigne" type="Liste - Service en ligne">Services en ligne et formulaires</Niveau><Niveau ID="R17030" type="Téléservice">Signaler un objet perdu à Paris ou en petite couronne (92, 93 et 94)</Niveau></FilDAriane><Theme ID="N19803"><Titre>Argent - Impôts - Consommation</Titre><Audience>Particuliers</Audience></Theme><Texte><Paragraphe>Permet de déclarer à la Préfecture de police de Paris la perte d'un objet dans la rue, un lieu public ou dans les transports, à Paris ou dans l'un des départements limitrophes (92, 93 et 94).</Paragraphe></Texte><LienWeb URL="https://objetstrouvesprefecturedepolice.franceobjetstrouves.fr/"><Source>Ministère chargé de l'intérieur</Source></LienWeb><FicheLiee ID="F19066" audience="Particuliers" type="Fiche d'information conditionnée"><Titre>Perte d'un téléphone portable</Titre><Dossier ID="N20278">Communications électroniques (téléphone, internet, télévision)</Dossier></FicheLiee></ServiceComplementaire>