<?xml version="1.0" encoding="UTF-8"?><ServiceComplementaire xmlns:dc="http://purl.org/dc/elements/1.1/" xmlns:xsi="http://www.w3.org/2001/XMLSchema-instance" ID="R17121" type="Téléservice" xsi:noNamespaceSchemaLocation="../Schemas/3.4/ServiceComplementaire.xsd" spUrl="https://www.service-public.fr/particuliers/vosdroits/R17121" dateDerniereModificationImportante="2023-11-21T00:00:00"><dc:title>Permis de conduire : consulter ses points et ses relevés (Service en ligne)</dc:title><dc:creator>Direction de l'information légale et administrative</dc:creator><dc:subject>Transports - Mobilité</dc:subject><dc:description>Le téléservice Mes points permis permet de consulter gratuitement le nombre de points que vous avez sur votre permis de conduire. Attention : Il y a un décalage entre le temps où l'infraction au code de la route est commise et où Mes points permis enregistre la perte des points. Il y a aussi un décalage entre le temps où les points sont réattribués à la suite d’un stage de sensibilisation à la sécurité routière et où Mes points permis enregistre l’ajout des points. Par contre, la réattribution automatique de points après une période sans infractions est affichée sans délai.  Le téléservice Mes points permis permet aussi de consulter les informations sur la validité et les catégories de votre permis de conduire (relevé d'information restreint). Vous pouvez accéder au téléservice avec FranceConnect. Vous pouvez aussi y accéder avec votre numéro de dossier du permis de conduire (ou NEPH).Savoir où trouver le numéro de dossier NEPH Le numéro de dossier du permis de conduire (ou NEPH) se compose de 5 à 19 caractères et se trouve sur les documents suivants : - Votre permis de conduire - Votre attestation de droits à conduire fournie par l’ANTS à la suite d'une déclaration de perte. Le numéro NEPH est indiqué dans la zone “Caractéristiques du permis de conduire” (N°) - Les lettres que vous avez reçues pour vous informer de la perte ou de la récupération de points sur votre permis. Le numéro NEPH est indiqué en haut à gauche (“Votre n° de dossier”) ou tout en haut - Votre relevé d’information restreint (RIR) ou intégral (RII) si vous en avez déjà fait la demande, par internet ou en préfecture. Le numéro NEPH est indiqué dans la zone “Numéro du permis de conduire”.</dc:description><dc:publisher>Direction de l'information légale et administrative</dc:publisher><dc:contributor>Direction de l'information légale et administrative (Premier ministre)</dc:contributor><dc:date>modified 2023-11-22</dc:date><dc:type>Service en ligne</dc:type><dc:format>text/xml</dc:format><dc:identifier>R17121</dc:identifier><dc:language>Fr</dc:language><dc:coverage>France entière</dc:coverage><dc:rights>https://www.service-public.fr/a-propos/mentions-legales</dc:rights><SurTitre>Service en ligne</SurTitre><Audience>Particuliers</Audience><Canal>www.service-public.fr</Canal><FilDAriane><Niveau ID="Particuliers">Accueil particuliers</Niveau><Niveau ID="servicesEnLigne" type="Liste - Service en ligne">Services en ligne et formulaires</Niveau><Niveau ID="R17121" type="Téléservice">Permis de conduire : consulter ses points et ses relevés</Niveau></FilDAriane><Theme ID="N19812"><Titre>Transports - Mobilité</Titre><Audience>Particuliers</Audience></Theme><Texte><Paragraphe>Le téléservice <MiseEnEvidence><Expression>Mes points permis</Expression></MiseEnEvidence> permet de consulter<MiseEnEvidence> </MiseEnEvidence><MiseEnEvidence>gratuitement </MiseEnEvidence>le <MiseEnEvidence>nombre de points</MiseEnEvidence> que vous avez sur votre <MiseEnEvidence>permis de conduire</MiseEnEvidence>.</Paragraphe><Attention><Titre>Attention</Titre><Paragraphe>Il y a un <MiseEnEvidence>décalage</MiseEnEvidence> entre le temps où l'infraction au code de la route est commise et où<Expression> <LienInterne LienPublication="R17121" type="Téléservice" audience="Particuliers">Mes points permis</LienInterne></Expression> enregistre la perte des points. Il y a aussi un <MiseEnEvidence>décalage</MiseEnEvidence> entre le temps où les points sont réattribués à la suite d’un <LienInterne LienPublication="F14208" type="Fiche d'information conditionnée" audience="Particuliers">stage de sensibilisation à la sécurité routière</LienInterne> et où <Expression>Mes points permis</Expression> enregistre l’ajout des points. Par contre, la réattribution automatique de points après une période sans infractions est affichée sans délai. </Paragraphe></Attention><Paragraphe>Le téléservice <Expression>Mes points permis</Expression> permet aussi de consulter les <MiseEnEvidence>informations</MiseEnEvidence> sur la <MiseEnEvidence>validité</MiseEnEvidence> et les <MiseEnEvidence>catégories</MiseEnEvidence> de votre <MiseEnEvidence>permis de conduire</MiseEnEvidence> (<MiseEnEvidence>relevé d'information restreint</MiseEnEvidence>).</Paragraphe><Paragraphe>Vous pouvez accéder au téléservice avec <LienIntra LienID="R48788" type="Définition de glossaire">FranceConnect</LienIntra>.</Paragraphe><Paragraphe>Vous pouvez aussi y accéder avec votre numéro de dossier du permis de conduire (ou NEPH).</Paragraphe><Complement><Titre>Savoir où trouver le numéro de dossier NEPH</Titre><Paragraphe>Le numéro de dossier du permis de conduire (ou NEPH) se compose de 5 à 19 caractères et se trouve sur les documents suivants :</Paragraphe><Liste type="puce"><Item><Paragraphe>Votre permis de conduire</Paragraphe></Item><Item><Paragraphe>Votre attestation de droits à conduire fournie par l’<LienInterne LienPublication="R50821" type="Sigle">ANTS</LienInterne> à la suite d'une déclaration de perte. Le numéro NEPH est indiqué dans la zone “Caractéristiques du permis de conduire” (N°)</Paragraphe></Item><Item><Paragraphe>Les lettres que vous avez reçues pour vous informer de la perte ou de la récupération de points sur votre permis. Le numéro NEPH est indiqué en haut à gauche (“Votre n° de dossier”) ou tout en haut</Paragraphe></Item><Item><Paragraphe>Votre relevé d’information restreint (RIR) ou intégral (RII) si vous en avez déjà fait la demande, par internet ou en préfecture. Le numéro NEPH est indiqué dans la zone “Numéro du permis de conduire”.</Paragraphe></Item></Liste></Complement></Texte><LienWeb URL="https://mespoints.permisdeconduire.gouv.fr"><Source>Ministère chargé de l'intérieur</Source></LienWeb><FicheLiee ID="F2881" audience="Particuliers" type="Fiche d'information conditionnée"><Titre>Alcool au volant</Titre><Dossier ID="N18918">Infractions routières</Dossier></FicheLiee><FicheLiee ID="F34212" audience="Particuliers" type="Fiche d'information conditionnée"><Titre>Amende pour stationnement interdit (abusif, gênant, très gênant, dangereux)</Titre><Dossier ID="N18918">Infractions routières</Dossier></FicheLiee><FicheLiee ID="F18510" audience="Particuliers" type="Fiche Question-réponse conditionnée"><Titre>Comment contester une amende majorée si vous n'avez pas reçu l'avis de contravention ?</Titre><Dossier ID="N18918">Infractions routières</Dossier></FicheLiee><FicheLiee ID="F34789" audience="Particuliers" type="Fiche Question-réponse conditionnée"><Titre>Comment demander un relevé d'information restreint (RIR) ?</Titre><Dossier ID="N530">Permis de conduire</Dossier></FicheLiee><FicheLiee ID="F364" audience="Particuliers" type="Fiche Question-réponse conditionnée"><Titre>Comment savoir si j'ai un PV après un flash radar ?</Titre><Dossier ID="N18918">Infractions routières</Dossier></FicheLiee><FicheLiee ID="F18509" audience="Particuliers" type="Fiche d'information conditionnée"><Titre>Contravention au code de la route : paiement de l'amende</Titre><Dossier ID="N18918">Infractions routières</Dossier></FicheLiee><FicheLiee ID="F31847" audience="Particuliers" type="Fiche Question-réponse conditionnée"><Titre>Demande de permis de conduire : quel justificatif de domicile ?</Titre><Dossier ID="N530">Permis de conduire</Dossier></FicheLiee><FicheLiee ID="F2886" audience="Particuliers" type="Fiche d'information conditionnée"><Titre>Drogue au volant</Titre><Dossier ID="N18918">Infractions routières</Dossier></FicheLiee><FicheLiee ID="F35345" audience="Particuliers" type="Fiche Question-réponse conditionnée"><Titre>Est-il interdit de faire des appels de phare ?</Titre><Dossier ID="N18918">Infractions routières</Dossier></FicheLiee><FicheLiee ID="F35343" audience="Particuliers" type="Fiche Question-réponse conditionnée"><Titre>Est-il interdit de klaxonner en voiture ?</Titre><Dossier ID="N18918">Infractions routières</Dossier></FicheLiee><FicheLiee ID="F31551" audience="Particuliers" type="Fiche d'information conditionnée"><Titre>Permis de conduire : barème des points retirés par infraction</Titre><Dossier ID="N18918">Infractions routières</Dossier></FicheLiee><FicheLiee ID="F34791" audience="Particuliers" type="Fiche Question-réponse conditionnée"><Titre>Permis de conduire : comment demander un relevé d'information intégral (RII) ?</Titre><Dossier ID="N530">Permis de conduire</Dossier></FicheLiee><FicheLiee ID="F14855" audience="Particuliers" type="Fiche Question-réponse conditionnée"><Titre>Permis de conduire : qu'est-ce que le permis blanc ?</Titre><Dossier ID="N18918">Infractions routières</Dossier></FicheLiee><FicheLiee ID="F35218" audience="Particuliers" type="Fiche Question-réponse conditionnée"><Titre>Permis de conduire à points : comment faire une réclamation ?</Titre><Dossier ID="N18918">Infractions routières</Dossier></FicheLiee><FicheLiee ID="F2830" audience="Particuliers" type="Fiche d'information conditionnée"><Titre>Permis moto : permis A</Titre><Dossier ID="N530">Permis de conduire</Dossier></FicheLiee><FicheLiee ID="F15076" audience="Particuliers" type="Fiche Question-réponse conditionnée"><Titre>Peut-on être dispensé du port de la ceinture de sécurité ?</Titre><Dossier ID="N18918">Infractions routières</Dossier></FicheLiee><FicheLiee ID="F33513" audience="Particuliers" type="Fiche Question-réponse conditionnée"><Titre>Peut-on fumer en voiture ?</Titre><Dossier ID="N18918">Infractions routières</Dossier></FicheLiee><FicheLiee ID="F2390" audience="Particuliers" type="Fiche Question-réponse conditionnée"><Titre>Qu'est-ce que le permis de conduire probatoire ?</Titre><Dossier ID="N530">Permis de conduire</Dossier></FicheLiee><FicheLiee ID="F32927" audience="Particuliers" type="Fiche Question-réponse conditionnée"><Titre>Quelle amende en cas de non respect d'une restriction du permis de conduire (port de lunettes...) ?</Titre><Dossier ID="N530">Permis de conduire</Dossier></FicheLiee><FicheLiee ID="F2794" audience="Particuliers" type="Fiche Question-réponse conditionnée"><Titre>Quels papiers du véhicule sont obligatoires lors d'un contrôle routier ?</Titre><Dossier ID="N530">Permis de conduire</Dossier></FicheLiee><FicheLiee ID="F11861" audience="Particuliers" type="Fiche Question-réponse conditionnée"><Titre>Qui peut avoir des informations sur votre permis de conduire (points, validité...) ?</Titre><Dossier ID="N530">Permis de conduire</Dossier></FicheLiee><FicheLiee ID="F1685" audience="Particuliers" type="Fiche d'information conditionnée"><Titre>Récupération des points du permis de conduire</Titre><Dossier ID="N18918">Infractions routières</Dossier></FicheLiee><FicheLiee ID="F1040" audience="Particuliers" type="Fiche d'information conditionnée"><Titre>Rétention du permis de conduire</Titre><Dossier ID="N18918">Infractions routières</Dossier></FicheLiee><FicheLiee ID="F17970" audience="Particuliers" type="Fiche Question-réponse conditionnée"><Titre>Solde du permis de conduire : comment connaître son nombre de points ?</Titre><Dossier ID="N18918">Infractions routières</Dossier></FicheLiee><FicheLiee ID="F14208" audience="Particuliers" type="Fiche d'information conditionnée"><Titre>Stage de sensibilisation à la sécurité routière</Titre><Dossier ID="N18918">Infractions routières</Dossier></FicheLiee><FicheLiee ID="F19460" audience="Particuliers" type="Fiche d'information conditionnée"><Titre>Vitesse au volant </Titre><Dossier ID="N18918">Infractions routières</Dossier></FicheLiee><Definition ID="R48788"><Titre>Identification avec FranceConnect</Titre><Texte><Paragraphe>Connexion avec l'identifiant et le mot de passe de l'un des comptes suivants : Impots.gouv, Ameli, Iidentitenumerique (laposte), Yris, MSA ou Alicem</Paragraphe></Texte></Definition><Abreviation ID="R50821" type="Sigle"><Titre>ANTS</Titre><Texte><Paragraphe>Agence nationale des titres sécurisés</Paragraphe></Texte></Abreviation><Dossier ID="N530"><Titre>Permis de conduire</Titre><Audience>Particuliers</Audience></Dossier></ServiceComplementaire>