<?xml version="1.0" encoding="UTF-8"?><ServiceComplementaire xmlns:dc="http://purl.org/dc/elements/1.1/" xmlns:xsi="http://www.w3.org/2001/XMLSchema-instance" ID="R1747" type="Modèle de document" xsi:noNamespaceSchemaLocation="../Schemas/3.4/ServiceComplementaire.xsd" spUrl="https://www.service-public.fr/particuliers/vosdroits/R1747"><dc:title>Lettre pour demander au propriétaire des précisions sur le montant annuel des charges locatives (Modèle de document)</dc:title><dc:creator>Direction de l'information légale et administrative</dc:creator><dc:subject>Logement</dc:subject><dc:description>Modèle de lettre permettant au locataire de demander des précisions concernant le montant annuel des charges locatives.</dc:description><dc:publisher>Direction de l'information légale et administrative</dc:publisher><dc:contributor>Direction de l'information légale et administrative (Premier ministre)</dc:contributor><dc:date>modified 2020-09-28</dc:date><dc:type>Modèle de document</dc:type><dc:format>text/xml</dc:format><dc:identifier>R1747</dc:identifier><dc:language>Fr</dc:language><dc:coverage>France entière</dc:coverage><dc:rights>https://www.service-public.fr/a-propos/mentions-legales</dc:rights><SurTitre>Modèle de document</SurTitre><Audience>Particuliers</Audience><Canal>www.service-public.fr</Canal><FilDAriane><Niveau ID="Particuliers">Accueil particuliers</Niveau><Niveau ID="servicesEnLigne" type="Liste - Service en ligne">Services en ligne et formulaires</Niveau><Niveau ID="R1747" type="Modèle de document">Lettre pour demander au propriétaire des précisions sur le montant annuel des charges locatives</Niveau></FilDAriane><Theme ID="N19808"><Titre>Logement</Titre><Audience>Particuliers</Audience></Theme><Texte><Paragraphe>Modèle de lettre permettant au locataire de demander des précisions concernant le montant annuel des charges locatives.</Paragraphe></Texte><LienWeb URL="https://www.inc-conso.fr/content/vous-demandez-des-precisions-sur-le-montant-annuel-des-charges-locatives"><Source>Institut national de la consommation (INC)</Source></LienWeb><FicheLiee ID="F947" audience="Particuliers" type="Fiche d'information conditionnée"><Titre>Charges à payer par le locataire (charges « locatives ou récupérables)</Titre><Dossier ID="N19424">Location immobilière : obligations du locataire</Dossier></FicheLiee></ServiceComplementaire>