<?xml version="1.0" encoding="UTF-8"?><ServiceComplementaire xmlns:dc="http://purl.org/dc/elements/1.1/" xmlns:xsi="http://www.w3.org/2001/XMLSchema-instance" ID="R17947" type="Modèle de document" xsi:noNamespaceSchemaLocation="../Schemas/3.4/ServiceComplementaire.xsd" spUrl="https://www.service-public.fr/particuliers/vosdroits/R17947"><dc:title>Demander à être interdit de jeux (modèle de lettre) (Modèle de document)</dc:title><dc:creator>Direction de l'information légale et administrative</dc:creator><dc:subject>Social - Santé</dc:subject><dc:description>Modèle de lettre pour se faire interdire de casino et de jeux en ligne. À adresser à l'ANj.</dc:description><dc:publisher>Direction de l'information légale et administrative</dc:publisher><dc:contributor>Direction de l'information légale et administrative (Premier ministre)</dc:contributor><dc:date>modified 2023-10-03</dc:date><dc:type>Modèle de document</dc:type><dc:format>text/xml</dc:format><dc:identifier>R17947</dc:identifier><dc:language>Fr</dc:language><dc:coverage>France entière</dc:coverage><dc:rights>https://www.service-public.fr/a-propos/mentions-legales</dc:rights><SurTitre>Modèle de document</SurTitre><Audience>Particuliers</Audience><Canal>www.service-public.fr</Canal><FilDAriane><Niveau ID="Particuliers">Accueil particuliers</Niveau><Niveau ID="servicesEnLigne" type="Liste - Service en ligne">Services en ligne et formulaires</Niveau><Niveau ID="R17947" type="Modèle de document">Demander à être interdit de jeux (modèle de lettre)</Niveau></FilDAriane><Theme ID="N19811"><Titre>Social - Santé</Titre><Audience>Particuliers</Audience></Theme><Introduction><Texte><Paragraphe>Modèle de lettre pour se faire interdire de casino et de jeux en ligne. À adresser à l'ANj.</Paragraphe></Texte></Introduction><Texte/><LienWeb URL="https://anj.fr/sites/default/files/2023-06/Formulaire%20Interdiction%20de%20jeux.pdf" format="application/pdf" poids="222.7 KB"><Source>Autorité nationale des jeux (ANJ)</Source></LienWeb><FicheLiee ID="F15814" audience="Particuliers" type="Fiche d'information conditionnée"><Titre>Interdiction de jeux</Titre><Dossier ID="N437">Addictions</Dossier></FicheLiee><Dossier ID="N437"><Titre>Addictions</Titre><Audience>Particuliers</Audience></Dossier></ServiceComplementaire>