<?xml version="1.0" encoding="UTF-8"?><ServiceComplementaire xmlns:dc="http://purl.org/dc/elements/1.1/" xmlns:xsi="http://www.w3.org/2001/XMLSchema-instance" ID="R18606" type="Formulaire" xsi:noNamespaceSchemaLocation="../Schemas/3.4/ServiceComplementaire.xsd" spUrl="https://www.service-public.fr/particuliers/vosdroits/R18606"><dc:title>Demande de certificat de non-appel (Formulaire 12821*02)</dc:title><dc:creator>Direction de l'information légale et administrative</dc:creator><dc:subject>Justice, Social - Santé</dc:subject><dc:description>Demande de certificat de non-appel - Formulaire</dc:description><dc:publisher>Direction de l'information légale et administrative</dc:publisher><dc:contributor>Direction de l'information légale et administrative (Premier ministre)</dc:contributor><dc:date>modified 2020-11-23</dc:date><dc:type>Formulaire</dc:type><dc:format>text/xml</dc:format><dc:identifier>R18606</dc:identifier><dc:language>Fr</dc:language><dc:coverage>France entière</dc:coverage><dc:rights>https://www.service-public.fr/a-propos/mentions-legales</dc:rights><SurTitre>Formulaire</SurTitre><Audience>Particuliers</Audience><Canal>www.service-public.fr</Canal><FilDAriane><Niveau ID="Particuliers">Accueil particuliers</Niveau><Niveau ID="servicesEnLigne" type="Liste - Service en ligne">Services en ligne et formulaires</Niveau><Niveau ID="R18606" type="Formulaire">Demande de certificat de non-appel</Niveau></FilDAriane><Theme ID="N19807"><Titre>Justice</Titre><Audience>Particuliers</Audience></Theme><Theme ID="N19811"><Titre>Social - Santé</Titre><Audience>Particuliers</Audience></Theme><NumeroCerfa>12821*02</NumeroCerfa><LienWeb URL="https://www.service-public.fr/simulateur/calcul/12821"><Source>Ministère chargé de la justice</Source></LienWeb><NoticeLiee ID="R16928" URL="https://www.formulaires.service-public.fr/gf/getNotice.do?cerfaFormulaire=12821&amp;cerfaNotice=51438" type="Notice" numerocerfa="51438#03" format="application/pdf" poids="91.5 KB">Notice - Demande d'un certificat de non-appel</NoticeLiee><FicheLiee ID="F34100" audience="Particuliers" type="Fiche Question-réponse conditionnée"><Titre>Peut-on vous indemniser avec les biens du condamné qui sont confisqués ?</Titre><Dossier ID="N19679">Indemnisation du préjudice</Dossier></FicheLiee><FicheLiee ID="F34311" audience="Particuliers" type="Fiche d'information conditionnée"><Titre>Préjudice lié à un médicament ou un produit</Titre><Dossier ID="N10253">Préjudice médical</Dossier></FicheLiee></ServiceComplementaire>