<?xml version="1.0" encoding="UTF-8"?><ServiceComplementaire xmlns:dc="http://purl.org/dc/elements/1.1/" xmlns:xsi="http://www.w3.org/2001/XMLSchema-instance" ID="R18759" type="Formulaire" xsi:noNamespaceSchemaLocation="../Schemas/3.4/ServiceComplementaire.xsd" spUrl="https://www.service-public.fr/particuliers/vosdroits/R18759"><dc:title>Demande de consultation du dossier d'assistance éducative au tribunal pour enfants (Formulaire 13483*02)</dc:title><dc:creator>Direction de l'information légale et administrative</dc:creator><dc:subject>Famille - Scolarité</dc:subject><dc:description>Le dossier peut être consulté aux archives départementales, après avis du juge.</dc:description><dc:publisher>Direction de l'information légale et administrative</dc:publisher><dc:contributor>Direction de l'information légale et administrative (Premier ministre)</dc:contributor><dc:date>modified 2021-04-16</dc:date><dc:type>Formulaire</dc:type><dc:format>text/xml</dc:format><dc:identifier>R18759</dc:identifier><dc:language>Fr</dc:language><dc:coverage>France entière</dc:coverage><dc:rights>https://www.service-public.fr/a-propos/mentions-legales</dc:rights><SurTitre>Formulaire</SurTitre><Audience>Particuliers</Audience><Canal>www.service-public.fr</Canal><FilDAriane><Niveau ID="Particuliers">Accueil particuliers</Niveau><Niveau ID="servicesEnLigne" type="Liste - Service en ligne">Services en ligne et formulaires</Niveau><Niveau ID="R18759" type="Formulaire">Demande de consultation du dossier d'assistance éducative au tribunal pour enfants</Niveau></FilDAriane><Theme ID="N19805"><Titre>Famille - Scolarité</Titre><Audience>Particuliers</Audience></Theme><NumeroCerfa>13483*02</NumeroCerfa><Texte><Paragraphe>Le dossier peut être consulté aux archives départementales, après avis du juge.</Paragraphe></Texte><LienWeb URL="https://www.formulaires.service-public.fr/gf/cerfa_13483.do" format="application/pdf" poids="80.7 KB"><Source>Ministère chargé de la justice</Source></LienWeb><FicheLiee ID="F3140" audience="Particuliers" type="Fiche d'information conditionnée"><Titre>Placement d'un enfant sur décision judiciaire</Titre><Dossier ID="N136">Placement d'un enfant</Dossier></FicheLiee><OuSAdresser ID="R38679" sve="non" type="Local personnalisable"><Titre>Archives départementales</Titre><PivotLocal>archives_departementales</PivotLocal><RessourceWeb URL="https://francearchives.fr/fr/annuaire/departements"/><Source ID="R30679">Ministère chargé de la culture et de la communication</Source></OuSAdresser></ServiceComplementaire>