<?xml version="1.0" encoding="UTF-8"?><ServiceComplementaire xmlns:dc="http://purl.org/dc/elements/1.1/" xmlns:xsi="http://www.w3.org/2001/XMLSchema-instance" ID="R1990" type="Formulaire" xsi:noNamespaceSchemaLocation="../Schemas/3.4/ServiceComplementaire.xsd" spUrl="https://www.service-public.fr/particuliers/vosdroits/R1990"><dc:title>Demande d'affiliation d'une veuve (veuf) titulaire d'une pension militaire de réversion (Formulaire 10074*08)</dc:title><dc:creator>Direction de l'information légale et administrative</dc:creator><dc:subject>Famille - Scolarité, Social - Santé</dc:subject><dc:description>À remplir pour demander l'affiliation à la Caisse nationale militaire de sécurité sociale en qualité de titulaire d'une pension militaire de réversion.</dc:description><dc:publisher>Direction de l'information légale et administrative</dc:publisher><dc:contributor>Direction de l'information légale et administrative (Premier ministre)</dc:contributor><dc:date>modified 2019-12-11</dc:date><dc:type>Formulaire</dc:type><dc:format>text/xml</dc:format><dc:identifier>R1990</dc:identifier><dc:language>Fr</dc:language><dc:coverage>France entière</dc:coverage><dc:rights>https://www.service-public.fr/a-propos/mentions-legales</dc:rights><SurTitre>Formulaire</SurTitre><Audience>Particuliers</Audience><Canal>www.service-public.fr</Canal><FilDAriane><Niveau ID="Particuliers">Accueil particuliers</Niveau><Niveau ID="servicesEnLigne" type="Liste - Service en ligne">Services en ligne et formulaires</Niveau><Niveau ID="R1990" type="Formulaire">Demande d'affiliation d'une veuve (veuf) titulaire d'une pension militaire de réversion</Niveau></FilDAriane><Theme ID="N19805"><Titre>Famille - Scolarité</Titre><Audience>Particuliers</Audience></Theme><Theme ID="N19811"><Titre>Social - Santé</Titre><Audience>Particuliers</Audience></Theme><NumeroCerfa>10074*08</NumeroCerfa><Texte><Paragraphe>À remplir pour demander l'affiliation à la Caisse nationale militaire de sécurité sociale en qualité de titulaire d'une pension militaire de réversion.</Paragraphe></Texte><LienWeb URL="https://www.formulaires.service-public.fr/gf/cerfa_10074.do" format="application/pdf" poids="119.2 KB"><Source>Ministère chargé de la défense</Source></LienWeb><NoticeLiee ID="R1683" URL="https://www.formulaires.service-public.fr/gf/getNotice.do?cerfaNotice=50015&amp;cerfaFormulaire=10074" type="Notice" numerocerfa="50015#07" format="application/pdf" poids="85.1 KB">Notice pour la demande d'affiliation d'une(e) veuve (veuf) titulaire d'une pension militaire de réversion</NoticeLiee><OuSAdresser ID="R36160" sve="non" type="Centre de contact"><Titre>Caisse nationale militaire de sécurité sociale (CNMSS)</Titre><Texte><Paragraphe>Gestion du risque assurance maladie-maternité et action sanitaire et sociale des assurés relevant du régime militaire</Paragraphe><Chapitre><Titre><Paragraphe>Par téléphone pour les assurés et les professionnels de santé</Paragraphe></Titre><Paragraphe>+33 (0)4 94 16 36 00</Paragraphe><Paragraphe>Ouvert du lundi au vendredi de 8h à 17h</Paragraphe></Chapitre><Chapitre><Titre><Paragraphe>Par téléphone pour les titulaires d'une pension d'invalidité, blessés en service, victimes d'un acte de terrorisme et des professionnels de santé</Paragraphe></Titre><Paragraphe>+ 33 (0)4 94 16 96 20</Paragraphe></Chapitre><Chapitre><Titre><Paragraphe>Par messagerie</Paragraphe></Titre><Paragraphe>Formulaires de contact accessibles sur <LienExterne URL="https://www.cnmss.fr/vos-demarches/contactez-la-cnmss">le site de la CNMSS</LienExterne></Paragraphe></Chapitre><Chapitre><Titre><Paragraphe>Par courrier pour les assurés militaires d'active ou retraités</Paragraphe></Titre><Paragraphe>Caisse nationale militaire de sécurité sociale</Paragraphe><Paragraphe>247 avenue Jacques Cartier</Paragraphe><Paragraphe>83090 TOULON CEDEX 9</Paragraphe><Paragraphe>FRANCE</Paragraphe></Chapitre><Chapitre><Titre><Paragraphe>Par courrier pour les titulaire d'une pension d'invalidité ou blessé en service</Paragraphe></Titre><Paragraphe>Caisse nationale militaire de sécurité sociale</Paragraphe><Paragraphe>Département soins et suivi du blessé et du pensionné</Paragraphe><Paragraphe>TSA 41001</Paragraphe><Paragraphe>83090 TOULON CEDEX 9</Paragraphe><Paragraphe>FRANCE</Paragraphe></Chapitre><Chapitre><Titre><Paragraphe>Par un point d'accueil</Paragraphe></Titre><Paragraphe><LienExterne URL="https://www.cnmss.fr/point-daccueil">Points d'accueil physique de la CNMSS</LienExterne></Paragraphe></Chapitre></Texte></OuSAdresser><Dossier ID="N378"><Titre>Pension de réversion</Titre><Audience>Particuliers</Audience></Dossier><Dossier ID="N31750"><Titre>Affiliation à la sécurité sociale (assurance maladie)</Titre><Audience>Particuliers</Audience></Dossier></ServiceComplementaire>