<?xml version="1.0" encoding="UTF-8"?><ServiceComplementaire xmlns:dc="http://purl.org/dc/elements/1.1/" xmlns:xsi="http://www.w3.org/2001/XMLSchema-instance" ID="R2000" type="Formulaire" xsi:noNamespaceSchemaLocation="../Schemas/3.4/ServiceComplementaire.xsd" spUrl="https://www.service-public.fr/particuliers/vosdroits/R2000"><dc:title>Déclaration conjointe d'exercice en commun de l'autorité parentale (Formulaire 12785*05)</dc:title><dc:creator>Direction de l'information légale et administrative</dc:creator><dc:subject>Famille - Scolarité</dc:subject><dc:description>Déclaration conjointe d'exercice en commun de l'autorité parentale - Formulaire</dc:description><dc:publisher>Direction de l'information légale et administrative</dc:publisher><dc:contributor>Direction de l'information légale et administrative (Premier ministre)</dc:contributor><dc:date>modified 2022-07-18</dc:date><dc:type>Formulaire</dc:type><dc:format>text/xml</dc:format><dc:identifier>R2000</dc:identifier><dc:language>Fr</dc:language><dc:coverage>France entière</dc:coverage><dc:rights>https://www.service-public.fr/a-propos/mentions-legales</dc:rights><SurTitre>Formulaire</SurTitre><Audience>Particuliers</Audience><Canal>www.service-public.fr</Canal><FilDAriane><Niveau ID="Particuliers">Accueil particuliers</Niveau><Niveau ID="servicesEnLigne" type="Liste - Service en ligne">Services en ligne et formulaires</Niveau><Niveau ID="R2000" type="Formulaire">Déclaration conjointe d'exercice en commun de l'autorité parentale</Niveau></FilDAriane><Theme ID="N19805"><Titre>Famille - Scolarité</Titre><Audience>Particuliers</Audience></Theme><NumeroCerfa>12785*05</NumeroCerfa><LienWeb URL="https://www.formulaires.service-public.fr/gf/cerfa_12785.do" format="application/pdf" poids="1.0 MB"><Source>Ministère chargé de la justice</Source></LienWeb><NoticeLiee ID="R2846" URL="https://www.formulaires.service-public.fr/gf/getNotice.do?cerfaNotice=51143&amp;cerfaFormulaire=12785" type="Notice" numerocerfa="51143#07" format="application/pdf" poids="1.4 MB">Notice - Déclaration conjointe d'exercice en commun de l'autorité parentale</NoticeLiee><FicheLiee ID="F942" audience="Particuliers" type="Fiche Question-réponse conditionnée"><Titre>Enfant reconnu tardivement : quelles conséquences sur l'autorité parentale ?</Titre><Dossier ID="N135">Autorité parentale</Dossier></FicheLiee><OuSAdresser ID="R30" sve="non" type="Local"><Titre>Tribunal judiciaire</Titre><RessourceWeb URL="http://www.annuaires.justice.gouv.fr/"/><Source ID="R30663">Ministère chargé de la justice</Source></OuSAdresser><Dossier ID="N135"><Titre>Autorité parentale</Titre><Audience>Particuliers</Audience></Dossier><Dossier ID="N18775"><Titre>Séparation des parents</Titre><Audience>Particuliers</Audience></Dossier><Dossier ID="N143"><Titre>Union libre</Titre><Audience>Particuliers</Audience></Dossier></ServiceComplementaire>