<?xml version="1.0" encoding="UTF-8"?><ServiceComplementaire xmlns:dc="http://purl.org/dc/elements/1.1/" xmlns:xsi="http://www.w3.org/2001/XMLSchema-instance" ID="R20458" type="Téléservice" xsi:noNamespaceSchemaLocation="../Schemas/3.4/ServiceComplementaire.xsd" spUrl="https://www.service-public.fr/particuliers/vosdroits/R20458" dateDerniereModificationImportante="2023-05-31T00:00:00"><dc:title>Déclaration de mini moto ou de quad (Service en ligne)</dc:title><dc:creator>Direction de l'information légale et administrative</dc:creator><dc:subject>Transports - Mobilité</dc:subject><dc:description>Un vendeur professionnel (entreprise, association) qui vend un engin neuf non homologué (moto cross, pocket bike, pit-bike, dirt bike, quad...) dont la vitesse dépasse 25km/h doit le déclarer dans les 48 heures. L'acquéreur doit ensuite confirmer (ou contester) la déclaration de l'engin. Tout personne qui achète un engin d’occasion non homologué dont la vitesse dépasse 25km/h doit le déclarer dans les 48 heures suivant la date de son acquisition.  Le propriétaire de l'engin doit également déclarer toutes les modifications intervenant après la 1^ère déclaration. La déclaration peut être faite grâce au portail Dicem accessible ci-dessous. La connexion au portail se fait par FranceConnect ou par mail. Il est conseillé de vous connecter via FranceConnect. Vous avez ainsi accès à de nombreuses fonctionnalités : vue des engins vous appartenant, liste des démarches effectuées, accès aux attestations... De plus, vous n'avez pas à joindre de justificatif d'identité. Une fois la démarche en ligne réalisée et validée, une attestation sécurisée de déclaration sera disponible dans votre espace en ligne.</dc:description><dc:publisher>Direction de l'information légale et administrative</dc:publisher><dc:contributor>Direction de l'information légale et administrative (Premier ministre)</dc:contributor><dc:date>modified 2023-05-31</dc:date><dc:type>Service en ligne</dc:type><dc:format>text/xml</dc:format><dc:identifier>R20458</dc:identifier><dc:language>Fr</dc:language><dc:coverage>France entière</dc:coverage><dc:rights>https://www.service-public.fr/a-propos/mentions-legales</dc:rights><SurTitre>Service en ligne</SurTitre><Audience>Particuliers</Audience><Canal>www.service-public.fr</Canal><FilDAriane><Niveau ID="Particuliers">Accueil particuliers</Niveau><Niveau ID="servicesEnLigne" type="Liste - Service en ligne">Services en ligne et formulaires</Niveau><Niveau ID="R20458" type="Téléservice">Déclaration de mini moto ou de quad</Niveau></FilDAriane><Theme ID="N19812"><Titre>Transports - Mobilité</Titre><Audience>Particuliers</Audience></Theme><Texte><Paragraphe>Un vendeur professionnel (entreprise, association) qui vend un <MiseEnEvidence>engin neuf</MiseEnEvidence> non homologué (moto cross, pocket bike, pit-bike, dirt bike, quad...) dont la vitesse dépasse 25km/h doit <MiseEnEvidence>le déclarer dans les 48 heures</MiseEnEvidence>. L'acquéreur doit ensuite <MiseEnEvidence>confirmer</MiseEnEvidence> (ou contester) la déclaration de l'engin.</Paragraphe><Paragraphe>Tout personne qui achète un <MiseEnEvidence>engin d’occasion</MiseEnEvidence> non homologué dont la vitesse dépasse 25km/h doit <MiseEnEvidence>le déclarer dans les 48 heures</MiseEnEvidence> suivant la date de son acquisition. </Paragraphe><Paragraphe>Le propriétaire de l'engin doit également <MiseEnEvidence>déclarer toutes les modifications</MiseEnEvidence> intervenant après la 1<Exposant>ère</Exposant> déclaration.</Paragraphe><Paragraphe>La déclaration peut être faite grâce au <MiseEnEvidence>portail <LienInterne LienPublication="R62650" type="Acronyme">Dicem</LienInterne></MiseEnEvidence> accessible ci-dessous.</Paragraphe><Paragraphe>La connexion au portail se fait par <LienIntra LienID="R48788" type="Définition de glossaire">FranceConnect</LienIntra> ou par mail.</Paragraphe><Paragraphe>Il est conseillé de vous connecter via FranceConnect. Vous avez ainsi accès à de nombreuses fonctionnalités : vue des engins vous appartenant, liste des démarches effectuées, accès aux attestations... De plus, vous n'avez pas à joindre de justificatif d'identité.</Paragraphe><Paragraphe>Une fois la démarche en ligne réalisée et validée, une <MiseEnEvidence>attestation sécurisée de déclaration</MiseEnEvidence> sera disponible<MiseEnEvidence> dans votre espace en ligne</MiseEnEvidence>.</Paragraphe></Texte><LienWeb URL="https://dicem.interieur.gouv.fr"><Source>Direction de l'information légale et administrative (Dila) - Premier ministre</Source></LienWeb><FicheLiee ID="F20634" audience="Particuliers" type="Fiche Question-réponse conditionnée"><Titre>Mini moto, quad : quelles sont les règles (déclaration, conduite...) ?</Titre><Dossier ID="N530">Permis de conduire</Dossier></FicheLiee><Definition ID="R48788"><Titre>Identification avec FranceConnect</Titre><Texte><Paragraphe>Connexion avec l'identifiant et le mot de passe de l'un des comptes suivants : Impots.gouv, Ameli, Iidentitenumerique (laposte), Yris, MSA ou Alicem</Paragraphe></Texte></Definition><Abreviation ID="R62650" type="Acronyme"><Titre>Dicem</Titre><Texte><Paragraphe>Déclaration et identification de certains engins motorisés</Paragraphe></Texte></Abreviation><Dossier ID="N18918"><Titre>Infractions routières</Titre><Audience>Particuliers</Audience></Dossier><Dossier ID="N530"><Titre>Permis de conduire</Titre><Audience>Particuliers</Audience></Dossier></ServiceComplementaire>