<?xml version="1.0" encoding="UTF-8"?><ServiceComplementaire xmlns:dc="http://purl.org/dc/elements/1.1/" xmlns:xsi="http://www.w3.org/2001/XMLSchema-instance" ID="R20741" type="Modèle de document" xsi:noNamespaceSchemaLocation="../Schemas/3.4/ServiceComplementaire.xsd" spUrl="https://www.service-public.fr/particuliers/vosdroits/R20741"><dc:title>Mettre fin à son engagement de caution pour un locataire (Modèle de document)</dc:title><dc:creator>Direction de l'information légale et administrative</dc:creator><dc:subject>Logement</dc:subject><dc:description>Vous vous êtes porté caution pour un locataire et vous souhaitez vous dégager.</dc:description><dc:publisher>Direction de l'information légale et administrative</dc:publisher><dc:contributor>Direction de l'information légale et administrative (Premier ministre)</dc:contributor><dc:date>modified 2020-08-05</dc:date><dc:type>Modèle de document</dc:type><dc:format>text/xml</dc:format><dc:identifier>R20741</dc:identifier><dc:language>Fr</dc:language><dc:coverage>France entière</dc:coverage><dc:rights>https://www.service-public.fr/a-propos/mentions-legales</dc:rights><SurTitre>Modèle de document</SurTitre><Audience>Particuliers</Audience><Canal>www.service-public.fr</Canal><FilDAriane><Niveau ID="Particuliers">Accueil particuliers</Niveau><Niveau ID="servicesEnLigne" type="Liste - Service en ligne">Services en ligne et formulaires</Niveau><Niveau ID="R20741" type="Modèle de document">Mettre fin à son engagement de caution pour un locataire</Niveau></FilDAriane><Theme ID="N19808"><Titre>Logement</Titre><Audience>Particuliers</Audience></Theme><Texte><Paragraphe>Vous vous êtes porté caution pour un locataire et vous souhaitez vous dégager.</Paragraphe></Texte><LienWeb URL="http://www.conso.net/content/vous-vous-etes-portee-caution-pour-un-locataire-dun-logement-et-vous-souhaitez-vous-degager"><Source>Institut national de la consommation (INC)</Source></LienWeb><FicheLiee ID="F31267" audience="Particuliers" type="Fiche d'information conditionnée"><Titre>Caution du locataire (ou colocataire) dans un logement privé</Titre><Dossier ID="N292">Devenir locataire d'un logement privé</Dossier></FicheLiee></ServiceComplementaire>