<?xml version="1.0" encoding="UTF-8"?><ServiceComplementaire xmlns:dc="http://purl.org/dc/elements/1.1/" xmlns:xsi="http://www.w3.org/2001/XMLSchema-instance" ID="R21134" type="Modèle de document" xsi:noNamespaceSchemaLocation="../Schemas/3.4/ServiceComplementaire.xsd" spUrl="https://www.service-public.fr/particuliers/vosdroits/R21134"><dc:title>Dénoncer un compte joint auprès d'un cotitulaire (Modèle de document)</dc:title><dc:creator>Direction de l'information légale et administrative</dc:creator><dc:subject>Argent - Impôts - Consommation</dc:subject><dc:description>À envoyer au cotitulaire par lettre recommandée avec accusé de réception.</dc:description><dc:publisher>Direction de l'information légale et administrative</dc:publisher><dc:contributor>Direction de l'information légale et administrative (Premier ministre)</dc:contributor><dc:date>modified 2023-10-31</dc:date><dc:type>Modèle de document</dc:type><dc:format>text/xml</dc:format><dc:identifier>R21134</dc:identifier><dc:language>Fr</dc:language><dc:coverage>France entière</dc:coverage><dc:rights>https://www.service-public.fr/a-propos/mentions-legales</dc:rights><SurTitre>Modèle de document</SurTitre><Audience>Particuliers</Audience><Canal>www.service-public.fr</Canal><FilDAriane><Niveau ID="Particuliers">Accueil particuliers</Niveau><Niveau ID="servicesEnLigne" type="Liste - Service en ligne">Services en ligne et formulaires</Niveau><Niveau ID="R21134" type="Modèle de document">Dénoncer un compte joint auprès d'un cotitulaire</Niveau></FilDAriane><Theme ID="N19803"><Titre>Argent - Impôts - Consommation</Titre><Audience>Particuliers</Audience></Theme><Introduction><Texte><Paragraphe>À envoyer au cotitulaire par lettre recommandée avec accusé de réception.</Paragraphe></Texte></Introduction><Texte><Paragraphe>Indiquez vos <Variable>nom et prénom, adresse et numéro de compte joint</Variable>.</Paragraphe><Paragraphe>À <Variable>lieu</Variable>, le <Variable>date</Variable></Paragraphe><Paragraphe><Variable>Madame ou Monsieur ou prénom du cotitulaire</Variable>,</Paragraphe><Paragraphe>Par la présente, je tiens à <Variable>t' ou vous</Variable> informer de ma décision de dénoncer, à partir du <Variable>date de retrait du compte joint</Variable> notre compte joint n°<Variable>numéro du compte joint</Variable> auprès de l'agence de<Variable> nom et adresse de la banque</Variable>.</Paragraphe><Paragraphe>J'ai adressé un courrier à l'agence de <Variable>nom de la banque</Variable> afin de l'informer de cette décision.</Paragraphe><Paragraphe>Les autorisations de prélèvement et les ordres de virement permanents qui auraient été émis avant ce jour deviennent caducs.</Paragraphe></Texte><FicheLiee ID="F10412" audience="Particuliers" type="Fiche d'information conditionnée"><Titre>Compte bancaire joint</Titre><Dossier ID="N98">Comptes bancaires</Dossier></FicheLiee></ServiceComplementaire>