<?xml version="1.0" encoding="UTF-8"?><ServiceComplementaire xmlns:dc="http://purl.org/dc/elements/1.1/" xmlns:xsi="http://www.w3.org/2001/XMLSchema-instance" ID="R21844" type="Formulaire" xsi:noNamespaceSchemaLocation="../Schemas/3.4/ServiceComplementaire.xsd" spUrl="https://www.service-public.fr/particuliers/vosdroits/R21844"><dc:title>Carnet de pêche à l'anguille (Formulaire 14358*01)</dc:title><dc:creator>Direction de l'information légale et administrative</dc:creator><dc:subject>Loisirs - Sports - Culture</dc:subject><dc:description>Tout pêcheur en eau douce, professionnel ou de loisir, doit enregistrer ses captures d'anguilles dans un carnet de pêche. Il doit avoir ce carnet sur lui lors de toute activité de pêche. Le carnet de pêche est établi pour une saison de pêche. Il comporte la date, le lot ou le secteur de capture, le stade de développement, le poids pour l'anguille de moins de 12 cm et le poids ou le nombre pour les anguilles jaunes et argentées.</dc:description><dc:publisher>Direction de l'information légale et administrative</dc:publisher><dc:contributor>Direction de l'information légale et administrative (Premier ministre)</dc:contributor><dc:date>modified 2022-03-09</dc:date><dc:type>Formulaire</dc:type><dc:format>text/xml</dc:format><dc:identifier>R21844</dc:identifier><dc:language>Fr</dc:language><dc:coverage>France entière</dc:coverage><dc:rights>https://www.service-public.fr/a-propos/mentions-legales</dc:rights><SurTitre>Formulaire</SurTitre><Audience>Particuliers</Audience><Audience>Professionnels</Audience><Canal>www.service-public.fr</Canal><FilDAriane><Niveau ID="Particuliers">Accueil particuliers</Niveau><Niveau ID="servicesEnLigne" type="Liste - Service en ligne">Services en ligne et formulaires</Niveau><Niveau ID="R21844" type="Formulaire">Carnet de pêche à l'anguille</Niveau></FilDAriane><Theme ID="N19809"><Titre>Loisirs - Sports - Culture</Titre><Audience>Particuliers</Audience></Theme><NumeroCerfa>14358*01</NumeroCerfa><Texte><Paragraphe>Tout pêcheur en eau douce, professionnel ou de loisir, doit enregistrer ses captures d'anguilles dans un carnet de pêche.</Paragraphe><Paragraphe>Il doit avoir ce carnet sur lui lors de toute activité de pêche.</Paragraphe><Paragraphe>Le carnet de pêche est établi pour une saison de pêche.</Paragraphe><Paragraphe>Il comporte la date, le lot ou le secteur de capture, le stade de développement, le poids pour l'anguille de moins de 12 cm et le poids ou le nombre pour les anguilles jaunes et argentées.</Paragraphe></Texte><LienWeb URL="https://www.formulaires.service-public.fr/gf/cerfa_14358.do" format="application/pdf" poids="500.2 KB"><Source>Ministère chargé de la mer et de la pêche</Source></LienWeb><FicheLiee ID="F2117" audience="Particuliers" type="Fiche d'information conditionnée"><Titre>Pêche en eau douce</Titre><Dossier ID="N554">Pêche</Dossier></FicheLiee><OuSAdresser ID="R16" sve="non" type="Local personnalisé sur SP"><Titre>Direction départementale en charge des territoires (DDT ou DDTM)</Titre><PivotLocal>ddt</PivotLocal><RessourceWeb URL="https://umap.openstreetmap.fr/fr/map/les-services-deconcentres-du-ministere-de-la-trans_121720#7/48.118/-1.714"/></OuSAdresser><OuSAdresser ID="R38146" sve="non" type="Local personnalisable"><Titre>Délégations à la mer et au littoral</Titre><PivotLocal>dml</PivotLocal><RessourceWeb URL="https://www.ecologique-solidaire.gouv.fr/coordonnees-des-services-plaisance-immatriculation-et-enregistrement-des-navires-permis-plaisance#e2"/><Source ID="R43570">Ministère chargé de la mer et de la pêche</Source></OuSAdresser></ServiceComplementaire>