<?xml version="1.0" encoding="UTF-8"?><ServiceComplementaire xmlns:dc="http://purl.org/dc/elements/1.1/" xmlns:xsi="http://www.w3.org/2001/XMLSchema-instance" ID="R22608" type="Téléservice" xsi:noNamespaceSchemaLocation="../Schemas/3.4/ServiceComplementaire.xsd" spUrl="https://www.service-public.fr/particuliers/vosdroits/R22608"><dc:title>Postuler sur un emploi à l'international au ministère chargé de l'Europe et des affaires étrangères (Service en ligne)</dc:title><dc:creator>Direction de l'information légale et administrative</dc:creator><dc:subject>Étranger - Europe</dc:subject><dc:description>Le ministère chargé de l'Europe et des affaires étrangères plusieurs organismes placés sous sa tutelle proposent différents emplois à l'étranger. Les profils demandés sont variés et les conditions d'embauche très diverses : agents diplomatiques et consulaires, experts techniques internationaux, volontariat international en administration...</dc:description><dc:publisher>Direction de l'information légale et administrative</dc:publisher><dc:contributor>Direction de l'information légale et administrative (Premier ministre)</dc:contributor><dc:date>modified 2021-05-03</dc:date><dc:type>Service en ligne</dc:type><dc:format>text/xml</dc:format><dc:identifier>R22608</dc:identifier><dc:language>Fr</dc:language><dc:coverage>France entière</dc:coverage><dc:rights>https://www.service-public.fr/a-propos/mentions-legales</dc:rights><SurTitre>Service en ligne</SurTitre><Audience>Particuliers</Audience><Canal>www.service-public.fr</Canal><FilDAriane><Niveau ID="Particuliers">Accueil particuliers</Niveau><Niveau ID="servicesEnLigne" type="Liste - Service en ligne">Services en ligne et formulaires</Niveau><Niveau ID="R22608" type="Téléservice">Postuler sur un emploi à l'international au ministère chargé de l'Europe et des affaires étrangères</Niveau></FilDAriane><Theme ID="N19804"><Titre>Étranger - Europe</Titre><Audience>Particuliers</Audience></Theme><Texte><Paragraphe>Le ministère chargé de l'Europe et des affaires étrangères plusieurs organismes placés sous sa tutelle proposent différents emplois à l'étranger. Les profils demandés sont variés et les conditions d'embauche très diverses : agents diplomatiques et consulaires, experts techniques internationaux, volontariat international en administration...</Paragraphe></Texte><LienWeb URL="https://pastel.diplomatie.gouv.fr/transparenceext/transparence_emplois_reseau_etranger.php"><Source>Ministère chargé de l'Europe et des affaires étrangères</Source></LienWeb><FicheLiee ID="F1683" audience="Particuliers" type="Fiche Question-réponse conditionnée"><Titre>Quels emplois proposent les institutions françaises à l'étranger ?</Titre><Dossier ID="N120">Vivre à l'étranger</Dossier></FicheLiee></ServiceComplementaire>