<?xml version="1.0" encoding="UTF-8"?><ServiceComplementaire xmlns:dc="http://purl.org/dc/elements/1.1/" xmlns:xsi="http://www.w3.org/2001/XMLSchema-instance" ID="R2365" type="Formulaire" xsi:noNamespaceSchemaLocation="../Schemas/3.4/ServiceComplementaire.xsd" spUrl="https://www.service-public.fr/particuliers/vosdroits/R2365"><dc:title>Anah : procuration pour signer les engagements relatif à une demande d'aide financière pour réaliser des travaux (Formulaire 13462*01)</dc:title><dc:creator>Direction de l'information légale et administrative</dc:creator><dc:subject>Logement</dc:subject><dc:description>Permet d'établir une procuration pour signer les engagements relatifs à une demande d'aide financière lorsque le demandeur désigne un mandataire</dc:description><dc:publisher>Direction de l'information légale et administrative</dc:publisher><dc:contributor>Direction de l'information légale et administrative (Premier ministre)</dc:contributor><dc:date>modified 2020-11-09</dc:date><dc:type>Formulaire</dc:type><dc:format>text/xml</dc:format><dc:identifier>R2365</dc:identifier><dc:language>Fr</dc:language><dc:coverage>France entière</dc:coverage><dc:rights>https://www.service-public.fr/a-propos/mentions-legales</dc:rights><SurTitre>Formulaire</SurTitre><Audience>Particuliers</Audience><Canal>www.service-public.fr</Canal><FilDAriane><Niveau ID="Particuliers">Accueil particuliers</Niveau><Niveau ID="servicesEnLigne" type="Liste - Service en ligne">Services en ligne et formulaires</Niveau><Niveau ID="R2365" type="Formulaire">Anah : procuration pour signer les engagements relatif à une demande d'aide financière pour réaliser des travaux</Niveau></FilDAriane><Theme ID="N19808"><Titre>Logement</Titre><Audience>Particuliers</Audience></Theme><NumeroCerfa>13462*01</NumeroCerfa><Introduction><Texte><Paragraphe>Permet d'établir une procuration pour signer les engagements relatifs à une demande d'aide financière lorsque le demandeur désigne un mandataire</Paragraphe></Texte></Introduction><LienWeb URL="https://www.formulaires.service-public.fr/gf/cerfa_13462.do" format="application/pdf" poids="55.1 KB"><Source>Agence nationale de l'habitat (Anah)</Source></LienWeb><OuSAdresser ID="R3025" sve="non" type="Local personnalisé sur SP"><Titre>Agence nationale de l'habitat (Anah)</Titre><PivotLocal>anah</PivotLocal><RessourceWeb URL="http://www.anah.fr/contact/"/><Source ID="R30684">Agence nationale de l'habitat (Anah)</Source></OuSAdresser><Dossier ID="N321"><Titre>Aides et prêts pour l'amélioration et la rénovation énergétique de l'habitat</Titre><Audience>Particuliers</Audience></Dossier></ServiceComplementaire>