<?xml version="1.0" encoding="UTF-8"?><ServiceComplementaire xmlns:dc="http://purl.org/dc/elements/1.1/" xmlns:xsi="http://www.w3.org/2001/XMLSchema-instance" ID="R24071" type="Modèle de document" xsi:noNamespaceSchemaLocation="../Schemas/3.4/ServiceComplementaire.xsd" spUrl="https://www.service-public.fr/particuliers/vosdroits/R24071"><dc:title>Demander à un garagiste ayant mal effectué les réparations de les refaire (Modèle de document)</dc:title><dc:creator>Direction de l'information légale et administrative</dc:creator><dc:subject>Argent - Impôts - Consommation</dc:subject><dc:description>Permet de demander à un garagiste de refaire sur son véhicule des réparations qu'il a mal effectuées.</dc:description><dc:publisher>Direction de l'information légale et administrative</dc:publisher><dc:contributor>Direction de l'information légale et administrative (Premier ministre)</dc:contributor><dc:date>modified 2020-01-21</dc:date><dc:type>Modèle de document</dc:type><dc:format>text/xml</dc:format><dc:identifier>R24071</dc:identifier><dc:language>Fr</dc:language><dc:coverage>France entière</dc:coverage><dc:rights>https://www.service-public.fr/a-propos/mentions-legales</dc:rights><SurTitre>Modèle de document</SurTitre><Audience>Particuliers</Audience><Canal>www.service-public.fr</Canal><FilDAriane><Niveau ID="Particuliers">Accueil particuliers</Niveau><Niveau ID="servicesEnLigne" type="Liste - Service en ligne">Services en ligne et formulaires</Niveau><Niveau ID="R24071" type="Modèle de document">Demander à un garagiste ayant mal effectué les réparations de les refaire</Niveau></FilDAriane><Theme ID="N19803"><Titre>Argent - Impôts - Consommation</Titre><Audience>Particuliers</Audience></Theme><Texte><Paragraphe>Permet de demander à un garagiste de refaire sur son véhicule des réparations qu'il a mal effectuées.</Paragraphe></Texte><LienWeb URL="https://www.inc-conso.fr/content/votre-vehicule-ne-fonctionne-pas-correctement-malgre-les-reparations-effectuees-par-le"><Source>Institut national de la consommation (INC)</Source></LienWeb><Dossier ID="N24253"><Titre>Véhicule</Titre><Audience>Particuliers</Audience></Dossier></ServiceComplementaire>