<?xml version="1.0" encoding="UTF-8"?><ServiceComplementaire xmlns:dc="http://purl.org/dc/elements/1.1/" xmlns:xsi="http://www.w3.org/2001/XMLSchema-instance" ID="R2970" type="Outil de recherche" xsi:noNamespaceSchemaLocation="../Schemas/3.4/ServiceComplementaire.xsd" spUrl="https://www.service-public.fr/particuliers/vosdroits/R2970"><dc:title>Rechercher une convention collective étendue (Outil de recherche)</dc:title><dc:creator>Direction de l'information légale et administrative</dc:creator><dc:subject>Fonctionnement d'une association, Travail - Formation, Papiers - Citoyenneté - Élections, Associations, Ressources humaines, Pratiques commerciales</dc:subject><dc:description>Donne accès au moteur de recherche qui renvoie sur toutes les conventions collectives nationales étendues publiées au Journal officiel. Recherche par activité, mot-clé, IDCC (identifiant d'une convention collective) ou état juridique. Consultation sur internet et téléchargement d'un format pdf. Cette démarche est gratuite.</dc:description><dc:publisher>Direction de l'information légale et administrative</dc:publisher><dc:contributor>Direction de l'information légale et administrative (Premier ministre)</dc:contributor><dc:date>modified 2023-12-06</dc:date><dc:type>Outil de recherche</dc:type><dc:format>text/xml</dc:format><dc:identifier>R2970</dc:identifier><dc:language>Fr</dc:language><dc:coverage>France entière</dc:coverage><dc:rights>https://www.service-public.fr/a-propos/mentions-legales</dc:rights><SurTitre>Outil de recherche</SurTitre><Audience>Associations</Audience><Audience>Particuliers</Audience><Audience>Professionnels</Audience><Canal>www.service-public.fr</Canal><FilDAriane><Niveau ID="Particuliers">Accueil particuliers</Niveau><Niveau ID="servicesEnLigne" type="Liste - Service en ligne">Services en ligne et formulaires</Niveau><Niveau ID="R2970" type="Outil de recherche">Rechercher une convention collective étendue</Niveau></FilDAriane><Theme ID="N31404"><Titre>Fonctionnement d'une association</Titre><Audience>Associations</Audience></Theme><Theme ID="N19806"><Titre>Travail - Formation</Titre><Audience>Particuliers</Audience></Theme><Theme ID="N19810"><Titre>Papiers - Citoyenneté - Élections</Titre><Audience>Particuliers</Audience></Theme><Theme ID="N31931"><Titre>Associations</Titre><Audience>Particuliers</Audience></Theme><Theme ID="N24267"><Titre>Ressources humaines</Titre><Audience>Professionnels</Audience></Theme><Theme ID="N24268"><Titre>Pratiques commerciales</Titre><Audience>Professionnels</Audience></Theme><Texte><Paragraphe>Donne accès au moteur de recherche qui renvoie sur toutes les conventions collectives nationales <MiseEnEvidence>étendues</MiseEnEvidence> publiées au Journal officiel.</Paragraphe><Paragraphe>Recherche par activité, mot-clé, IDCC (identifiant d'une convention collective) ou état juridique.</Paragraphe><Paragraphe>Consultation sur internet et téléchargement d'un format pdf.</Paragraphe><Paragraphe>Cette démarche est gratuite.</Paragraphe></Texte><LienWeb URL="https://www.legifrance.gouv.fr/liste/idcc?init=true"><Source>Direction de l'information légale et administrative (Dila) - Premier ministre</Source></LienWeb><FicheLiee ID="F2395" audience="Particuliers" type="Fiche Question-réponse conditionnée"><Titre>Comment consulter une convention collective ?</Titre><Dossier ID="N492">Conditions de travail dans le secteur privé</Dossier></FicheLiee><FicheLiee ID="F1691" audience="Professionnels" type="Fiche Question-réponse conditionnée"><Titre>Comment se distingue le travailleur indépendant du salarié ?</Titre><Dossier ID="N22781">Recrutement</Dossier></FicheLiee><FicheLiee ID="F78" audience="Particuliers" type="Fiche d'information conditionnée"><Titre>Convention collective</Titre><Dossier ID="N492">Conditions de travail dans le secteur privé</Dossier></FicheLiee><FicheLiee ID="F987" audience="Particuliers" type="Fiche d'information conditionnée"><Titre>Indemnité de licenciement du salarié en CDI</Titre><Dossier ID="N480">Licenciement d'un salarié du secteur privé pour motif personnel</Dossier></FicheLiee><FicheLiee ID="F10" audience="Particuliers" type="Fiche d'information conditionnée"><Titre>Médaille d'honneur du travail</Titre><Dossier ID="N23501">Médailles et décorations officielles</Dossier></FicheLiee><FicheLiee ID="F22606" audience="Professionnels" type="Fiche d'information conditionnée"><Titre>Ouverture d'un commerce le dimanche : quelle réglementation ?</Titre><Dossier ID="N31354">Conditions de vente - Prix</Dossier></FicheLiee><FicheLiee ID="F2212" audience="Particuliers" type="Fiche d'information conditionnée"><Titre>Travail de nuit du salarié du secteur privé</Titre><Dossier ID="N492">Conditions de travail dans le secteur privé</Dossier></FicheLiee><FicheLiee ID="F2607" audience="Particuliers" type="Fiche Question-réponse conditionnée"><Titre>Une association qui emploie un salarié doit-elle appliquer une convention collective ?</Titre><Dossier ID="N22150">Bénévoles, volontaires et salariés d'une association</Dossier></FicheLiee></ServiceComplementaire>