<?xml version="1.0" encoding="UTF-8"?><ServiceComplementaire xmlns:dc="http://purl.org/dc/elements/1.1/" xmlns:xsi="http://www.w3.org/2001/XMLSchema-instance" ID="R31977" type="Modèle de document" xsi:noNamespaceSchemaLocation="../Schemas/3.4/ServiceComplementaire.xsd" spUrl="https://www.service-public.fr/particuliers/vosdroits/R31977"><dc:title>Demande de remboursement d'un acompte versé au vendeur si vous renoncez au crédit affecté dans les 14 jours (Modèle de document)</dc:title><dc:creator>Direction de l'information légale et administrative</dc:creator><dc:subject>Argent - Impôts - Consommation</dc:subject><dc:description>Permet d'obtenir du vendeur d'un bien ou d'une prestation de service le remboursement de l'acompte versé dès la signature du contrat mais avant l'expiration du délai de rétractation.</dc:description><dc:publisher>Direction de l'information légale et administrative</dc:publisher><dc:contributor>Direction de l'information légale et administrative (Premier ministre)</dc:contributor><dc:date>modified 2021-05-25</dc:date><dc:type>Modèle de document</dc:type><dc:format>text/xml</dc:format><dc:identifier>R31977</dc:identifier><dc:language>Fr</dc:language><dc:coverage>France entière</dc:coverage><dc:rights>https://www.service-public.fr/a-propos/mentions-legales</dc:rights><SurTitre>Modèle de document</SurTitre><Audience>Particuliers</Audience><Canal>www.service-public.fr</Canal><FilDAriane><Niveau ID="Particuliers">Accueil particuliers</Niveau><Niveau ID="servicesEnLigne" type="Liste - Service en ligne">Services en ligne et formulaires</Niveau><Niveau ID="R31977" type="Modèle de document">Demande de remboursement d'un acompte versé au vendeur si vous renoncez au crédit affecté dans les 14 jours</Niveau></FilDAriane><Theme ID="N19803"><Titre>Argent - Impôts - Consommation</Titre><Audience>Particuliers</Audience></Theme><Texte><Paragraphe>Permet d'obtenir du vendeur d'un bien ou d'une prestation de service le remboursement de l'acompte versé dès la signature du contrat mais avant l'expiration du délai de rétractation.</Paragraphe></Texte><LienWeb URL="https://www.inc-conso.fr/content/vous-avez-renonce-un-credit-affecte-dans-les-quatorze-jours-vous-demandez-le-remboursement"><Source>Institut national de la consommation (INC)</Source></LienWeb><FicheLiee ID="F2441" audience="Particuliers" type="Fiche Question-réponse conditionnée"><Titre>Crédit à la consommation : qu'est-ce que le droit de rétractation ?</Titre><Dossier ID="N96">Crédit à la consommation</Dossier></FicheLiee></ServiceComplementaire>