<?xml version="1.0" encoding="UTF-8"?><ServiceComplementaire xmlns:dc="http://purl.org/dc/elements/1.1/" xmlns:xsi="http://www.w3.org/2001/XMLSchema-instance" ID="R32326" type="Modèle de document" xsi:noNamespaceSchemaLocation="../Schemas/3.4/ServiceComplementaire.xsd" spUrl="https://www.service-public.fr/particuliers/vosdroits/R32326"><dc:title>Demander le rachat de son contrat d'assurance-vie (Modèle de document)</dc:title><dc:creator>Direction de l'information légale et administrative</dc:creator><dc:subject>Argent - Impôts - Consommation</dc:subject><dc:description>Permet de demander à son assureur un rachat, partiel ou total, de son contrat d'assurance-vie. Si le rachat est total, le contrat est résilié.</dc:description><dc:publisher>Direction de l'information légale et administrative</dc:publisher><dc:contributor>Direction de l'information légale et administrative (Premier ministre)</dc:contributor><dc:date>modified 2019-11-29</dc:date><dc:type>Modèle de document</dc:type><dc:format>text/xml</dc:format><dc:identifier>R32326</dc:identifier><dc:language>Fr</dc:language><dc:coverage>France entière</dc:coverage><dc:rights>https://www.service-public.fr/a-propos/mentions-legales</dc:rights><SurTitre>Modèle de document</SurTitre><Audience>Particuliers</Audience><Canal>www.service-public.fr</Canal><FilDAriane><Niveau ID="Particuliers">Accueil particuliers</Niveau><Niveau ID="servicesEnLigne" type="Liste - Service en ligne">Services en ligne et formulaires</Niveau><Niveau ID="R32326" type="Modèle de document">Demander le rachat de son contrat d'assurance-vie</Niveau></FilDAriane><Theme ID="N19803"><Titre>Argent - Impôts - Consommation</Titre><Audience>Particuliers</Audience></Theme><Texte><Paragraphe>Permet de demander à son assureur un rachat, partiel ou total, de son contrat d'assurance-vie. Si le rachat est total, le contrat est résilié.</Paragraphe></Texte><LienWeb URL="https://www.inc-conso.fr/content/vous-voulez-racheter-votre-contrat-dassurance-vie-ou-de-capitalisation"><Source>Institut national de la consommation (INC)</Source></LienWeb><FicheLiee ID="F15274" audience="Particuliers" type="Fiche d'information conditionnée"><Titre>Contrat d'assurance-vie : fonctionnement</Titre><Dossier ID="N89">Assurance vie</Dossier></FicheLiee><Dossier ID="N89"><Titre>Assurance vie</Titre><Audience>Particuliers</Audience></Dossier></ServiceComplementaire>