<?xml version="1.0" encoding="UTF-8"?><ServiceComplementaire xmlns:dc="http://purl.org/dc/elements/1.1/" xmlns:xsi="http://www.w3.org/2001/XMLSchema-instance" ID="R33638" type="Modèle de document" xsi:noNamespaceSchemaLocation="../Schemas/3.4/ServiceComplementaire.xsd" spUrl="https://www.service-public.fr/particuliers/vosdroits/R33638"><dc:title>Demander l'annulation d'une vente à domicile pour abus de faiblesse (Modèle de document)</dc:title><dc:creator>Direction de l'information légale et administrative</dc:creator><dc:subject>Argent - Impôts - Consommation, Justice</dc:subject><dc:description>Permet de demander l'annulation d'un contrat signé à domicile et manifestement inapproprié lorsque le vendeur a abusé de la faiblesse ou de l'ignorance d'une personne de votre entourage.</dc:description><dc:publisher>Direction de l'information légale et administrative</dc:publisher><dc:contributor>Direction de l'information légale et administrative (Premier ministre)</dc:contributor><dc:date>modified 2018-08-14</dc:date><dc:type>Modèle de document</dc:type><dc:format>text/xml</dc:format><dc:identifier>R33638</dc:identifier><dc:language>Fr</dc:language><dc:coverage>France entière</dc:coverage><dc:rights>https://www.service-public.fr/a-propos/mentions-legales</dc:rights><SurTitre>Modèle de document</SurTitre><Audience>Particuliers</Audience><Canal>www.service-public.fr</Canal><FilDAriane><Niveau ID="Particuliers">Accueil particuliers</Niveau><Niveau ID="servicesEnLigne" type="Liste - Service en ligne">Services en ligne et formulaires</Niveau><Niveau ID="R33638" type="Modèle de document">Demander l'annulation d'une vente à domicile pour abus de faiblesse</Niveau></FilDAriane><Theme ID="N19803"><Titre>Argent - Impôts - Consommation</Titre><Audience>Particuliers</Audience></Theme><Theme ID="N19807"><Titre>Justice</Titre><Audience>Particuliers</Audience></Theme><Texte><Paragraphe>Permet de demander l'annulation d'un contrat signé à domicile et manifestement inapproprié lorsque le vendeur a abusé de la faiblesse ou de l'ignorance d'une personne de votre entourage.</Paragraphe></Texte><LienWeb URL="https://www.inc-conso.fr/content/un-demarcheur-domicile-vendu-une-grande-quantite-de-linge-de-maison-votre-grand-mere-vous"><Source>Institut national de la consommation (INC)</Source></LienWeb><FicheLiee ID="F35140" audience="Particuliers" type="Fiche d'information conditionnée"><Titre>Abus de faiblesse</Titre><Dossier ID="N283">Vol - Vandalisme - Escroquerie</Dossier></FicheLiee><Dossier ID="N24033"><Titre>Information et protection du consommateur</Titre><Audience>Particuliers</Audience></Dossier></ServiceComplementaire>