<?xml version="1.0" encoding="UTF-8"?><ServiceComplementaire xmlns:dc="http://purl.org/dc/elements/1.1/" xmlns:xsi="http://www.w3.org/2001/XMLSchema-instance" ID="R33643" type="Modèle de document" xsi:noNamespaceSchemaLocation="../Schemas/3.4/ServiceComplementaire.xsd" spUrl="https://www.service-public.fr/particuliers/vosdroits/R33643"><dc:title>Résilier son contrat d'assurance à son échéance (Modèle de document)</dc:title><dc:creator>Direction de l'information légale et administrative</dc:creator><dc:subject>Argent - Impôts - Consommation</dc:subject><dc:description>Permet de mettre fin à son contrat d'assurance à sa date d’échéance, après avoir été informé dans les délais par son assureur de la faculté de résilier.</dc:description><dc:publisher>Direction de l'information légale et administrative</dc:publisher><dc:contributor>Direction de l'information légale et administrative (Premier ministre)</dc:contributor><dc:date>modified 2020-09-09</dc:date><dc:type>Modèle de document</dc:type><dc:format>text/xml</dc:format><dc:identifier>R33643</dc:identifier><dc:language>Fr</dc:language><dc:coverage>France entière</dc:coverage><dc:rights>https://www.service-public.fr/a-propos/mentions-legales</dc:rights><SurTitre>Modèle de document</SurTitre><Audience>Particuliers</Audience><Canal>www.service-public.fr</Canal><FilDAriane><Niveau ID="Particuliers">Accueil particuliers</Niveau><Niveau ID="servicesEnLigne" type="Liste - Service en ligne">Services en ligne et formulaires</Niveau><Niveau ID="R33643" type="Modèle de document">Résilier son contrat d'assurance à son échéance</Niveau></FilDAriane><Theme ID="N19803"><Titre>Argent - Impôts - Consommation</Titre><Audience>Particuliers</Audience></Theme><Introduction><Texte><Paragraphe>Permet de mettre fin à son contrat d'assurance à sa date d’échéance, après avoir été informé dans les délais par son assureur de la faculté de résilier.</Paragraphe></Texte></Introduction><LienWeb URL="https://www.inc-conso.fr/content/vous-resiliez-votre-contrat-son-echeance-apres-avoir-ete-informee-dans-les-delais-de-votre"><Source>Institut national de la consommation (INC)</Source></LienWeb><FicheLiee ID="F2659" audience="Particuliers" type="Fiche d'information conditionnée"><Titre>Assurance auto (véhicule à moteur) : résiliation du contrat</Titre><Dossier ID="N32">Assurance automobile (véhicule)</Dossier></FicheLiee><FicheLiee ID="F19083" audience="Particuliers" type="Fiche d'information conditionnée"><Titre>Assurance habitation : résiliation du contrat</Titre><Dossier ID="N44">Assurance habitation</Dossier></FicheLiee></ServiceComplementaire>