<?xml version="1.0" encoding="UTF-8"?><ServiceComplementaire xmlns:dc="http://purl.org/dc/elements/1.1/" xmlns:xsi="http://www.w3.org/2001/XMLSchema-instance" ID="R33769" type="Modèle de document" xsi:noNamespaceSchemaLocation="../Schemas/3.4/ServiceComplementaire.xsd" spUrl="https://www.service-public.fr/particuliers/vosdroits/R33769"><dc:title>Obtenir le remboursement de l'acompte versé au constructeur en cas de refus de son prêt immobilier (Modèle de document)</dc:title><dc:creator>Direction de l'information légale et administrative</dc:creator><dc:subject>Argent - Impôts - Consommation, Logement</dc:subject><dc:description>Permet de demander au constructeur le remboursement de l'acompte versé lors de la signature du contrat de construction en cas de refus de la banque d'accorder un prêt immobilier.</dc:description><dc:publisher>Direction de l'information légale et administrative</dc:publisher><dc:contributor>Direction de l'information légale et administrative (Premier ministre)</dc:contributor><dc:date>modified 2019-06-25</dc:date><dc:type>Modèle de document</dc:type><dc:format>text/xml</dc:format><dc:identifier>R33769</dc:identifier><dc:language>Fr</dc:language><dc:coverage>France entière</dc:coverage><dc:rights>https://www.service-public.fr/a-propos/mentions-legales</dc:rights><SurTitre>Modèle de document</SurTitre><Audience>Particuliers</Audience><Canal>www.service-public.fr</Canal><FilDAriane><Niveau ID="Particuliers">Accueil particuliers</Niveau><Niveau ID="servicesEnLigne" type="Liste - Service en ligne">Services en ligne et formulaires</Niveau><Niveau ID="R33769" type="Modèle de document">Obtenir le remboursement de l'acompte versé au constructeur en cas de refus de son prêt immobilier</Niveau></FilDAriane><Theme ID="N19803"><Titre>Argent - Impôts - Consommation</Titre><Audience>Particuliers</Audience></Theme><Theme ID="N19808"><Titre>Logement</Titre><Audience>Particuliers</Audience></Theme><Texte><Paragraphe>Permet de demander au constructeur le remboursement de l'acompte versé lors de la signature du contrat de construction en cas de refus de la banque d'accorder un prêt immobilier.</Paragraphe></Texte><LienWeb URL="https://www.inc-conso.fr/content/votre-pret-immobilier-est-refuse-vous-demandez-le-remboursement-de-lacompte-verse-au"><Source>Institut national de la consommation (INC)</Source></LienWeb><Dossier ID="N20373"><Titre>Crédit immobilier</Titre><Audience>Particuliers</Audience></Dossier><Dossier ID="N23245"><Titre>Achat ou vente d'un logement</Titre><Audience>Particuliers</Audience></Dossier></ServiceComplementaire>