<?xml version="1.0" encoding="UTF-8"?><ServiceComplementaire xmlns:dc="http://purl.org/dc/elements/1.1/" xmlns:xsi="http://www.w3.org/2001/XMLSchema-instance" ID="R33760" type="Modèle de document" xsi:noNamespaceSchemaLocation="../Schemas/3.4/ServiceComplementaire.xsd" spUrl="https://www.service-public.fr/particuliers/vosdroits/R33760"><dc:title>Notifier le recours contentieux exercé contre l'autorisation d'urbanisme accordée à son voisin (Modèle de document)</dc:title><dc:creator>Direction de l'information légale et administrative</dc:creator><dc:description>Permet d'informer le maire ainsi que le titulaire du permis qu'un recours a été exercé à l'encontre d'une autorisation d'urbanisme</dc:description><dc:publisher>Direction de l'information légale et administrative</dc:publisher><dc:contributor>Direction de l'information légale et administrative (Premier ministre)</dc:contributor><dc:date>modified 2018-07-13</dc:date><dc:type>Modèle de document</dc:type><dc:format>text/xml</dc:format><dc:identifier>R33760</dc:identifier><dc:language>Fr</dc:language><dc:coverage>France entière</dc:coverage><dc:rights>https://www.service-public.fr/a-propos/mentions-legales</dc:rights><SurTitre>Modèle de document</SurTitre><Audience>Particuliers</Audience><Canal>www.service-public.fr</Canal><FilDAriane><Niveau ID="Particuliers">Accueil particuliers</Niveau><Niveau ID="servicesEnLigne" type="Liste - Service en ligne">Services en ligne et formulaires</Niveau><Niveau ID="R33760" type="Modèle de document">Notifier le recours contentieux exercé contre l'autorisation d'urbanisme accordée à son voisin</Niveau></FilDAriane><Texte><Paragraphe>Permet d'informer le maire ainsi que le titulaire du permis qu'un recours a été exercé à l'encontre d'une autorisation d'urbanisme</Paragraphe></Texte><LienWeb URL="https://www.inc-conso.fr/content/vous-exercez-un-recours-lencontre-du-permis-de-construire-accorde-votre-voisin"><Source>Institut national de la consommation (INC)</Source></LienWeb></ServiceComplementaire>