<?xml version="1.0" encoding="UTF-8"?><ServiceComplementaire xmlns:dc="http://purl.org/dc/elements/1.1/" xmlns:xsi="http://www.w3.org/2001/XMLSchema-instance" ID="R33752" type="Modèle de document" xsi:noNamespaceSchemaLocation="../Schemas/3.4/ServiceComplementaire.xsd" spUrl="https://www.service-public.fr/particuliers/vosdroits/R33752"><dc:title>Donner mandat à une personne pour se faire représenter en assemblée générale des copropriétaires (Modèle de document)</dc:title><dc:creator>Direction de l'information légale et administrative</dc:creator><dc:subject>Logement</dc:subject><dc:description>Permet d'informer le syndic de son absence à la prochaine assemblée générale et du nom de son mandataire (représentant).</dc:description><dc:publisher>Direction de l'information légale et administrative</dc:publisher><dc:contributor>Direction de l'information légale et administrative (Premier ministre)</dc:contributor><dc:date>modified 2018-06-06</dc:date><dc:type>Modèle de document</dc:type><dc:format>text/xml</dc:format><dc:identifier>R33752</dc:identifier><dc:language>Fr</dc:language><dc:coverage>France entière</dc:coverage><dc:rights>https://www.service-public.fr/a-propos/mentions-legales</dc:rights><SurTitre>Modèle de document</SurTitre><Audience>Particuliers</Audience><Canal>www.service-public.fr</Canal><FilDAriane><Niveau ID="Particuliers">Accueil particuliers</Niveau><Niveau ID="servicesEnLigne" type="Liste - Service en ligne">Services en ligne et formulaires</Niveau><Niveau ID="R33752" type="Modèle de document">Donner mandat à une personne pour se faire représenter en assemblée générale des copropriétaires</Niveau></FilDAriane><Theme ID="N19808"><Titre>Logement</Titre><Audience>Particuliers</Audience></Theme><Texte><Paragraphe>Permet d'informer le syndic de son absence à la prochaine assemblée générale et du nom de son mandataire (représentant).</Paragraphe></Texte><LienWeb URL="https://www.inc-conso.fr/content/vous-ne-pouvez-etre-presente-lassemblee-generale-et-vous-souhaitez-vous-faire-representer"><Source>Institut national de la consommation (INC)</Source></LienWeb><FicheLiee ID="F2619" audience="Particuliers" type="Fiche d'information conditionnée"><Titre>Déroulement d'une assemblée générale des copropriétaires</Titre><Dossier ID="N31341">Assemblée générale des copropriétaires</Dossier></FicheLiee></ServiceComplementaire>