<?xml version="1.0" encoding="UTF-8"?><ServiceComplementaire xmlns:dc="http://purl.org/dc/elements/1.1/" xmlns:xsi="http://www.w3.org/2001/XMLSchema-instance" ID="R33837" type="Formulaire" xsi:noNamespaceSchemaLocation="../Schemas/3.4/ServiceComplementaire.xsd" spUrl="https://www.service-public.fr/particuliers/vosdroits/R33837"><dc:title>Demande d'Asi par le titulaire d'une pension d'invalidité versée par la Sécurité sociale (Formulaire 11175*05)</dc:title><dc:creator>Direction de l'information légale et administrative</dc:creator><dc:subject>Social - Santé</dc:subject><dc:description>Permet au titulaire d'une pension d'invalidité versée par la Sécurité sociale de faire une demande d'Allocation supplémentaire d'invalidité (Asi). Ce formulaire contient la notice explicative n°51646*02.</dc:description><dc:publisher>Direction de l'information légale et administrative</dc:publisher><dc:contributor>Direction de l'information légale et administrative (Premier ministre)</dc:contributor><dc:date>modified 2020-03-02</dc:date><dc:type>Formulaire</dc:type><dc:format>text/xml</dc:format><dc:identifier>R33837</dc:identifier><dc:language>Fr</dc:language><dc:coverage>France entière</dc:coverage><dc:rights>https://www.service-public.fr/a-propos/mentions-legales</dc:rights><SurTitre>Formulaire</SurTitre><Audience>Particuliers</Audience><Canal>www.service-public.fr</Canal><FilDAriane><Niveau ID="Particuliers">Accueil particuliers</Niveau><Niveau ID="servicesEnLigne" type="Liste - Service en ligne">Services en ligne et formulaires</Niveau><Niveau ID="R33837" type="Formulaire">Demande d'Asi par le titulaire d'une pension d'invalidité versée par la Sécurité sociale</Niveau></FilDAriane><Theme ID="N19811"><Titre>Social - Santé</Titre><Audience>Particuliers</Audience></Theme><NumeroCerfa>11175*05</NumeroCerfa><AutreNumero>S4151f</AutreNumero><Texte><Paragraphe>Permet au titulaire d'une pension d'invalidité versée par la Sécurité sociale de faire une demande d'Allocation supplémentaire d'invalidité (Asi).</Paragraphe><Paragraphe>Ce formulaire contient la notice explicative n°51646*02.</Paragraphe></Texte><LienWeb URL="http://www.ameli.fr/fileadmin/user_upload/formulaires/S4151.pdf" format="application/pdf" poids="1.9 MB"><Source>Caisse nationale d'assurance maladie (Cnam)</Source></LienWeb><FicheLiee ID="F16940" audience="Particuliers" type="Fiche d'information conditionnée"><Titre>Allocation supplémentaire d'invalidité (Asi)</Titre><Dossier ID="N392">Allocations et aides aux personnes âgées</Dossier></FicheLiee><OuSAdresser ID="R40" sve="non" type="Local personnalisé sur SP"><Titre>Caisse primaire d'assurance maladie (CPAM)</Titre><PivotLocal>cpam</PivotLocal><RessourceWeb URL="https://www.ameli.fr/assure/adresses-et-contacts"/><Source ID="R30675">Caisse nationale d'assurance maladie (Cnam)</Source></OuSAdresser><OuSAdresserSupport ID="R47054" type="Support" audience="Particuliers"><Titre>Contact support Ameli Assurés</Titre><Texte><Paragraphe>Accès aux <LienExterne URL="https://www.ameli.fr/assure/adresses-et-contacts">formulaires de contact</LienExterne></Paragraphe></Texte></OuSAdresserSupport><Dossier ID="N392"><Titre>Allocations et aides aux personnes âgées</Titre><Audience>Particuliers</Audience></Dossier></ServiceComplementaire>