<?xml version="1.0" encoding="UTF-8"?><ServiceComplementaire xmlns:dc="http://purl.org/dc/elements/1.1/" xmlns:xsi="http://www.w3.org/2001/XMLSchema-instance" ID="R33870" type="Formulaire" xsi:noNamespaceSchemaLocation="../Schemas/3.4/ServiceComplementaire.xsd" spUrl="https://www.service-public.fr/particuliers/vosdroits/R33870"><dc:title>Demande de permis de conduire international si vous habitez à l'étranger (Formulaire 14881*01)</dc:title><dc:creator>Direction de l'information légale et administrative</dc:creator><dc:subject>Transports - Mobilité</dc:subject><dc:description>Si vous habitez à l'étranger, ce formulaire est à compléter, signer et envoyer au service compétent selon votre lieu de résidence, accompagné de plusieurs pièces justificatives. Attention : le formulaire cerfa n°14881*01 est à utiliser uniquement si vous habitez à l'étranger. Si vous habitez en France, vous devez faire la demande de permis international via un téléservice disponible sur le site de l'ANTS.</dc:description><dc:publisher>Direction de l'information légale et administrative</dc:publisher><dc:contributor>Direction de l'information légale et administrative (Premier ministre)</dc:contributor><dc:date>modified 2022-06-29</dc:date><dc:type>Formulaire</dc:type><dc:format>text/xml</dc:format><dc:identifier>R33870</dc:identifier><dc:language>Fr</dc:language><dc:coverage>France entière</dc:coverage><dc:rights>https://www.service-public.fr/a-propos/mentions-legales</dc:rights><SurTitre>Formulaire</SurTitre><Audience>Particuliers</Audience><Canal>www.service-public.fr</Canal><FilDAriane><Niveau ID="Particuliers">Accueil particuliers</Niveau><Niveau ID="servicesEnLigne" type="Liste - Service en ligne">Services en ligne et formulaires</Niveau><Niveau ID="R33870" type="Formulaire">Demande de permis de conduire international si vous habitez à l'étranger</Niveau></FilDAriane><Theme ID="N19812"><Titre>Transports - Mobilité</Titre><Audience>Particuliers</Audience></Theme><NumeroCerfa>14881*01</NumeroCerfa><Texte><Paragraphe><MiseEnEvidence>Si vous habitez à l'étranger</MiseEnEvidence>, ce formulaire est à compléter, signer et envoyer au service compétent selon votre lieu de résidence, accompagné de plusieurs pièces justificatives.</Paragraphe><Attention><Titre>Attention</Titre><Paragraphe>le formulaire cerfa n°14881*01 est à utiliser <MiseEnEvidence>uniquement si vous habitez à l'étranger</MiseEnEvidence>. Si vous habitez en France, vous devez faire la demande de permis international via un <LienInterne LienPublication="R50828" type="Téléservice" audience="Particuliers">téléservice</LienInterne> disponible sur le site de l'<LienInterne LienPublication="R50821" type="Sigle">ANTS</LienInterne>.</Paragraphe></Attention></Texte><LienWeb URL="https://www.formulaires.service-public.fr/gf/cerfa_14881_01.do" format="application/pdf" poids="1.8 MB"><Source>Ministère chargé de l'intérieur</Source></LienWeb><FicheLiee ID="F11534" audience="Particuliers" type="Fiche d'information conditionnée"><Titre>Permis international pour conduire à l'étranger</Titre><Dossier ID="N31345">Conduire à l'étranger</Dossier></FicheLiee><Abreviation ID="R50821" type="Sigle"><Titre>ANTS</Titre><Texte><Paragraphe>Agence nationale des titres sécurisés</Paragraphe></Texte></Abreviation><OuSAdresser ID="R53072" sve="non" type="National"><Titre>Cert de Cherbourg - Permis de conduire international (PROJET A REVOIR)</Titre><Complement>Si vous habitez à l'étranger</Complement><Texte><Paragraphe>Le Cert de Cherbourg traite les demandes de permis de conduire international <MiseEnEvidence>sauf</MiseEnEvidence> si vous habitez à <MiseEnEvidence>Paris</MiseEnEvidence>.</Paragraphe><Chapitre><Titre><Paragraphe>Cas général</Paragraphe></Titre><Paragraphe>CERT Permis de conduire internationaux</Paragraphe><Paragraphe>CS 20001</Paragraphe><Paragraphe>50653 CHERBOURG EN COTENTIN Cedex</Paragraphe></Chapitre><Chapitre><Titre><Paragraphe>En cas d'urgence professionnelle</Paragraphe></Titre><Paragraphe>CERT Permis de conduire internationaux</Paragraphe><Paragraphe>TSA 90098 URGENCE PROFESSIONNELLE</Paragraphe><Paragraphe>CS 20001</Paragraphe><Paragraphe>50653 CHERBOURG EN COTENTIN Cedex</Paragraphe></Chapitre></Texte></OuSAdresser><OuSAdresser ID="R63459" sve="non" type="National"><Titre>Préfecture de police de Paris - Permis de conduire international</Titre><Complement>Si vous habitez à l'étranger et que votre permis a été délivré par la préfecture de police de Paris</Complement><Texte><Chapitre><Titre><Paragraphe>Par courrier</Paragraphe></Titre><Paragraphe>Préfecture de Police de Paris</Paragraphe><Paragraphe>Direction des usagers et des polices administratives (DUPA)</Paragraphe><Paragraphe>Service des titres et des relations avec les usagers (STRU)</Paragraphe><Paragraphe>Bureau des droits à conduire</Paragraphe><Paragraphe>1 bis rue de Lutèce</Paragraphe><Paragraphe>75 195 Paris Cedex 04</Paragraphe></Chapitre><Chapitre><Titre><Paragraphe>Par téléphone</Paragraphe></Titre><Paragraphe>34 30</Paragraphe><Paragraphe>Numéro non surtaxé, coût d'un appel local, du mardi au jeudi de 9h00 à 12h00.</Paragraphe></Chapitre><Chapitre><Titre><Paragraphe>Par mail</Paragraphe></Titre><Paragraphe>Accès au <LienExterne URL="https://www.prefecturedepolice.interieur.gouv.fr/demarches-et-services-en-ligne/particulier/ecrire-au-bureau-des-permis-de-conduire-particulier">formulaire de contact</LienExterne></Paragraphe></Chapitre></Texte></OuSAdresser><Dossier ID="N31345"><Titre>Conduire à l'étranger</Titre><Audience>Particuliers</Audience></Dossier></ServiceComplementaire>