<?xml version="1.0" encoding="UTF-8"?><ServiceComplementaire xmlns:dc="http://purl.org/dc/elements/1.1/" xmlns:xsi="http://www.w3.org/2001/XMLSchema-instance" ID="R36030" type="Téléservice" xsi:noNamespaceSchemaLocation="../Schemas/3.4/ServiceComplementaire.xsd" spUrl="https://www.service-public.fr/particuliers/vosdroits/R36030"><dc:title>Signal Spam (Service en ligne)</dc:title><dc:creator>Direction de l'information légale et administrative</dc:creator><dc:subject>Justice</dc:subject><dc:description>Signal Spam vous permet de signaler un mail indésirable reçu sur votre messagerie électronique</dc:description><dc:publisher>Direction de l'information légale et administrative</dc:publisher><dc:contributor>Direction de l'information légale et administrative (Premier ministre)</dc:contributor><dc:date>modified 2020-02-13</dc:date><dc:type>Service en ligne</dc:type><dc:format>text/xml</dc:format><dc:identifier>R36030</dc:identifier><dc:language>Fr</dc:language><dc:coverage>France entière</dc:coverage><dc:rights>https://www.service-public.fr/a-propos/mentions-legales</dc:rights><SurTitre>Service en ligne</SurTitre><Audience>Particuliers</Audience><Canal>www.service-public.fr</Canal><FilDAriane><Niveau ID="Particuliers">Accueil particuliers</Niveau><Niveau ID="servicesEnLigne" type="Liste - Service en ligne">Services en ligne et formulaires</Niveau><Niveau ID="R36030" type="Téléservice">Signal Spam</Niveau></FilDAriane><Theme ID="N19807"><Titre>Justice</Titre><Audience>Particuliers</Audience></Theme><Texte><Paragraphe>Signal Spam vous permet de signaler un mail indésirable reçu sur votre messagerie électronique</Paragraphe></Texte><LienWeb URL="https://www.signal-spam.fr"><Source>Association Signal spam</Source></LienWeb><FicheLiee ID="F31979" audience="Particuliers" type="Fiche Question-réponse conditionnée"><Titre>Comment signaler le contenu illégal d'un site internet ?</Titre><Dossier ID="N31126">Injure - Diffamation - Incitation à la haine</Dossier></FicheLiee></ServiceComplementaire>