<?xml version="1.0" encoding="UTF-8"?><ServiceComplementaire xmlns:dc="http://purl.org/dc/elements/1.1/" xmlns:xsi="http://www.w3.org/2001/XMLSchema-instance" ID="R36572" type="Téléservice" xsi:noNamespaceSchemaLocation="../Schemas/3.4/ServiceComplementaire.xsd" spUrl="https://www.service-public.fr/particuliers/vosdroits/R36572"><dc:title>Expertise France : consultez les offres d'emplois par type de profil recherché (Service en ligne)</dc:title><dc:creator>Direction de l'information légale et administrative</dc:creator><dc:subject>Étranger - Europe</dc:subject><dc:description>Expertise France est une agence publique dépendant du ministère des affaires étrangères. Elle recrute des experts techniques internationaux pour des missions de courte, moyenne et longue durées.</dc:description><dc:publisher>Direction de l'information légale et administrative</dc:publisher><dc:contributor>Direction de l'information légale et administrative (Premier ministre)</dc:contributor><dc:date>modified 2021-12-03</dc:date><dc:type>Service en ligne</dc:type><dc:format>text/xml</dc:format><dc:identifier>R36572</dc:identifier><dc:language>Fr</dc:language><dc:coverage>France entière</dc:coverage><dc:rights>https://www.service-public.fr/a-propos/mentions-legales</dc:rights><SurTitre>Service en ligne</SurTitre><Audience>Particuliers</Audience><Canal>www.service-public.fr</Canal><FilDAriane><Niveau ID="Particuliers">Accueil particuliers</Niveau><Niveau ID="servicesEnLigne" type="Liste - Service en ligne">Services en ligne et formulaires</Niveau><Niveau ID="R36572" type="Téléservice">Expertise France : consultez les offres d'emplois par type de profil recherché</Niveau></FilDAriane><Theme ID="N19804"><Titre>Étranger - Europe</Titre><Audience>Particuliers</Audience></Theme><Texte><Paragraphe>Expertise France est une agence publique dépendant du ministère des affaires étrangères.</Paragraphe><Paragraphe>Elle recrute des experts techniques internationaux pour des missions de courte, moyenne et longue durées.</Paragraphe></Texte><LienWeb URL="https://www.expertisefrance.fr/web/guest/collaborer-avec-nous"><Source>Expertise France</Source></LienWeb><FicheLiee ID="F1683" audience="Particuliers" type="Fiche Question-réponse conditionnée"><Titre>Quels emplois proposent les institutions françaises à l'étranger ?</Titre><Dossier ID="N120">Vivre à l'étranger</Dossier></FicheLiee></ServiceComplementaire>