<?xml version="1.0" encoding="UTF-8"?><ServiceComplementaire xmlns:dc="http://purl.org/dc/elements/1.1/" xmlns:xsi="http://www.w3.org/2001/XMLSchema-instance" ID="R39697" type="Modèle de document" xsi:noNamespaceSchemaLocation="../Schemas/3.4/ServiceComplementaire.xsd" spUrl="https://www.service-public.fr/particuliers/vosdroits/R39697"><dc:title>Attestation d'hébergement (Modèle de document)</dc:title><dc:creator>Direction de l'information légale et administrative</dc:creator><dc:subject>Argent - Impôts - Consommation, Étranger - Europe, Transports - Mobilité</dc:subject><dc:description>Attestation d'hébergement - Modèle de document</dc:description><dc:publisher>Direction de l'information légale et administrative</dc:publisher><dc:contributor>Direction de l'information légale et administrative (Premier ministre)</dc:contributor><dc:date>modified 2020-03-05</dc:date><dc:type>Modèle de document</dc:type><dc:format>text/xml</dc:format><dc:identifier>R39697</dc:identifier><dc:language>Fr</dc:language><dc:coverage>France entière</dc:coverage><dc:rights>https://www.service-public.fr/a-propos/mentions-legales</dc:rights><SurTitre>Modèle de document</SurTitre><Audience>Particuliers</Audience><Canal>www.service-public.fr</Canal><FilDAriane><Niveau ID="Particuliers">Accueil particuliers</Niveau><Niveau ID="servicesEnLigne" type="Liste - Service en ligne">Services en ligne et formulaires</Niveau><Niveau ID="R39697" type="Modèle de document">Attestation d'hébergement</Niveau></FilDAriane><Theme ID="N19803"><Titre>Argent - Impôts - Consommation</Titre><Audience>Particuliers</Audience></Theme><Theme ID="N19804"><Titre>Étranger - Europe</Titre><Audience>Particuliers</Audience></Theme><Theme ID="N19812"><Titre>Transports - Mobilité</Titre><Audience>Particuliers</Audience></Theme><LienWeb URL="https://www.service-public.fr/simulateur/calcul/AttestationHebergement"><Source>Direction de l'information légale et administrative (Dila) - Premier ministre</Source></LienWeb><FicheLiee ID="F1028" audience="Particuliers" type="Fiche Question-réponse conditionnée"><Titre>Carte grise : comment justifier de son domicile en France ?</Titre><Dossier ID="N367">Carte grise (certificat d'immatriculation)</Dossier></FicheLiee><FicheLiee ID="F33052" audience="Particuliers" type="Fiche Question-réponse conditionnée"><Titre>Demande de carte de séjour : quel justificatif de domicile ?</Titre><Dossier ID="N110">Titres, carte de séjour et documents de circulation pour étranger en France</Dossier></FicheLiee><FicheLiee ID="F31847" audience="Particuliers" type="Fiche Question-réponse conditionnée"><Titre>Demande de permis de conduire : quel justificatif de domicile ?</Titre><Dossier ID="N530">Permis de conduire</Dossier></FicheLiee></ServiceComplementaire>