<?xml version="1.0" encoding="UTF-8"?><ServiceComplementaire xmlns:dc="http://purl.org/dc/elements/1.1/" xmlns:xsi="http://www.w3.org/2001/XMLSchema-instance" ID="R39725" type="Formulaire" xsi:noNamespaceSchemaLocation="../Schemas/3.4/ServiceComplementaire.xsd" spUrl="https://www.service-public.fr/particuliers/vosdroits/R39725"><dc:title>Demande d'agrément d'assistant(e) familial(e) (Formulaire 13395*02)</dc:title><dc:creator>Direction de l'information légale et administrative</dc:creator><dc:subject>Famille - Scolarité</dc:subject><dc:description>Permet de faire une demande d'agrément ou de renouvellement d'agrément pour exercer la profession d'assistant(e) familial(le)</dc:description><dc:publisher>Direction de l'information légale et administrative</dc:publisher><dc:contributor>Direction de l'information légale et administrative (Premier ministre)</dc:contributor><dc:date>modified 2020-04-01</dc:date><dc:type>Formulaire</dc:type><dc:format>text/xml</dc:format><dc:identifier>R39725</dc:identifier><dc:language>Fr</dc:language><dc:coverage>France entière</dc:coverage><dc:rights>https://www.service-public.fr/a-propos/mentions-legales</dc:rights><SurTitre>Formulaire</SurTitre><Audience>Particuliers</Audience><Canal>www.service-public.fr</Canal><FilDAriane><Niveau ID="Particuliers">Accueil particuliers</Niveau><Niveau ID="servicesEnLigne" type="Liste - Service en ligne">Services en ligne et formulaires</Niveau><Niveau ID="R39725" type="Formulaire">Demande d'agrément d'assistant(e) familial(e)</Niveau></FilDAriane><Theme ID="N19805"><Titre>Famille - Scolarité</Titre><Audience>Particuliers</Audience></Theme><NumeroCerfa>13395*02</NumeroCerfa><Texte><Paragraphe>Permet de faire une demande d'agrément ou de renouvellement d'agrément pour exercer la profession d'assistant(e) familial(le)</Paragraphe></Texte><LienWeb URL="https://www.formulaires.service-public.fr/gf/cerfa_13395.do" format="application/pdf" poids="546.3 KB"><Source>Ministère chargé du travail</Source></LienWeb><FicheLiee ID="F1260" audience="Particuliers" type="Fiche d'information conditionnée"><Titre>Famille d'accueil (assistant familial)</Titre><Dossier ID="N136">Placement d'un enfant</Dossier></FicheLiee><OuSAdresser ID="R3" sve="non" type="Local personnalisé sur SP"><Titre>Services du département</Titre><PivotLocal>cg</PivotLocal><RessourceWeb URL="https://lannuaire.service-public.fr/navigation/cg"/></OuSAdresser></ServiceComplementaire>