<?xml version="1.0" encoding="UTF-8"?><ServiceComplementaire xmlns:dc="http://purl.org/dc/elements/1.1/" xmlns:xsi="http://www.w3.org/2001/XMLSchema-instance" ID="R41686" type="Téléservice" xsi:noNamespaceSchemaLocation="../Schemas/3.4/ServiceComplementaire.xsd" spUrl="https://www.service-public.fr/particuliers/vosdroits/R41686"><dc:title>Demande d'aide mobili-jeune (Service en ligne)</dc:title><dc:creator>Direction de l'information légale et administrative</dc:creator><dc:subject>Logement</dc:subject><dc:description>Permet à un jeune en formation en alternance de faire une demande d'aide au logement.</dc:description><dc:publisher>Direction de l'information légale et administrative</dc:publisher><dc:contributor>Direction de l'information légale et administrative (Premier ministre)</dc:contributor><dc:date>modified 2022-12-08</dc:date><dc:type>Service en ligne</dc:type><dc:format>text/xml</dc:format><dc:identifier>R41686</dc:identifier><dc:language>Fr</dc:language><dc:coverage>France entière</dc:coverage><dc:rights>https://www.service-public.fr/a-propos/mentions-legales</dc:rights><SurTitre>Service en ligne</SurTitre><Audience>Particuliers</Audience><Canal>www.service-public.fr</Canal><FilDAriane><Niveau ID="Particuliers">Accueil particuliers</Niveau><Niveau ID="servicesEnLigne" type="Liste - Service en ligne">Services en ligne et formulaires</Niveau><Niveau ID="R41686" type="Téléservice">Demande d'aide mobili-jeune</Niveau></FilDAriane><Theme ID="N19808"><Titre>Logement</Titre><Audience>Particuliers</Audience></Theme><Texte><Paragraphe>Permet à un jeune en formation en alternance de faire une demande d'aide au logement.</Paragraphe></Texte><LienWeb URL="https://mobilijeune.actionlogement.fr/"><Source>Action logement</Source></LienWeb><FicheLiee ID="F33173" audience="Particuliers" type="Fiche Question-réponse conditionnée"><Titre>Aide au logement : peut-on encore bénéficier de l'aide mobili-jeune ?</Titre><Dossier ID="N20360">Aides personnelles au logement</Dossier></FicheLiee><Dossier ID="N20360"><Titre>Aides personnelles au logement</Titre><Audience>Particuliers</Audience></Dossier></ServiceComplementaire>