<?xml version="1.0" encoding="UTF-8"?><ServiceComplementaire xmlns:dc="http://purl.org/dc/elements/1.1/" xmlns:xsi="http://www.w3.org/2001/XMLSchema-instance" ID="R43963" type="Formulaire" xsi:noNamespaceSchemaLocation="../Schemas/3.4/ServiceComplementaire.xsd" spUrl="https://www.service-public.fr/particuliers/vosdroits/R43963"><dc:title>Études de droits aux prestations hors de France (Formulaire 15529*03)</dc:title><dc:creator>Direction de l'information légale et administrative</dc:creator><dc:subject>Social - Santé</dc:subject><dc:description>Études de droits aux prestations hors de France - Formulaire</dc:description><dc:publisher>Direction de l'information légale et administrative</dc:publisher><dc:contributor>Direction de l'information légale et administrative (Premier ministre)</dc:contributor><dc:date>modified 2023-06-26</dc:date><dc:type>Formulaire</dc:type><dc:format>text/xml</dc:format><dc:identifier>R43963</dc:identifier><dc:language>Fr</dc:language><dc:coverage>France entière</dc:coverage><dc:rights>https://www.service-public.fr/a-propos/mentions-legales</dc:rights><SurTitre>Formulaire</SurTitre><Audience>Particuliers</Audience><Canal>www.service-public.fr</Canal><FilDAriane><Niveau ID="Particuliers">Accueil particuliers</Niveau><Niveau ID="servicesEnLigne" type="Liste - Service en ligne">Services en ligne et formulaires</Niveau><Niveau ID="R43963" type="Formulaire">Études de droits aux prestations hors de France</Niveau></FilDAriane><Theme ID="N19811"><Titre>Social - Santé</Titre><Audience>Particuliers</Audience></Theme><NumeroCerfa>15529*03</NumeroCerfa><LienWeb URL="https://www.formulaires.service-public.fr/gf/cerfa_15529.do" format="application/pdf" poids="335.8 KB"><Source>Caisse nationale militaire de sécurité sociale (CNMSS)</Source></LienWeb><OuSAdresser ID="R36160" sve="non" type="Centre de contact"><Titre>Caisse nationale militaire de sécurité sociale (CNMSS)</Titre><Texte><Paragraphe>Gestion du risque assurance maladie-maternité et action sanitaire et sociale des assurés relevant du régime militaire</Paragraphe><Chapitre><Titre><Paragraphe>Par téléphone pour les assurés et les professionnels de santé</Paragraphe></Titre><Paragraphe>+33 (0)4 94 16 36 00</Paragraphe><Paragraphe>Ouvert du lundi au vendredi de 8h à 17h</Paragraphe></Chapitre><Chapitre><Titre><Paragraphe>Par téléphone pour les titulaires d'une pension d'invalidité, blessés en service, victimes d'un acte de terrorisme et des professionnels de santé</Paragraphe></Titre><Paragraphe>+ 33 (0)4 94 16 96 20</Paragraphe></Chapitre><Chapitre><Titre><Paragraphe>Par messagerie</Paragraphe></Titre><Paragraphe>Formulaires de contact accessibles sur <LienExterne URL="https://www.cnmss.fr/vos-demarches/contactez-la-cnmss">le site de la CNMSS</LienExterne></Paragraphe></Chapitre><Chapitre><Titre><Paragraphe>Par courrier pour les assurés militaires d'active ou retraités</Paragraphe></Titre><Paragraphe>Caisse nationale militaire de sécurité sociale</Paragraphe><Paragraphe>247 avenue Jacques Cartier</Paragraphe><Paragraphe>83090 TOULON CEDEX 9</Paragraphe><Paragraphe>FRANCE</Paragraphe></Chapitre><Chapitre><Titre><Paragraphe>Par courrier pour les titulaire d'une pension d'invalidité ou blessé en service</Paragraphe></Titre><Paragraphe>Caisse nationale militaire de sécurité sociale</Paragraphe><Paragraphe>Département soins et suivi du blessé et du pensionné</Paragraphe><Paragraphe>TSA 41001</Paragraphe><Paragraphe>83090 TOULON CEDEX 9</Paragraphe><Paragraphe>FRANCE</Paragraphe></Chapitre><Chapitre><Titre><Paragraphe>Par un point d'accueil</Paragraphe></Titre><Paragraphe><LienExterne URL="https://www.cnmss.fr/point-daccueil">Points d'accueil physique de la CNMSS</LienExterne></Paragraphe></Chapitre></Texte></OuSAdresser><Dossier ID="N423"><Titre>Assurance maladie et santé d'un Français à l'étranger</Titre><Audience>Particuliers</Audience></Dossier><Dossier ID="N31750"><Titre>Affiliation à la sécurité sociale (assurance maladie)</Titre><Audience>Particuliers</Audience></Dossier></ServiceComplementaire>