<?xml version="1.0" encoding="UTF-8"?><ServiceComplementaire xmlns:dc="http://purl.org/dc/elements/1.1/" xmlns:xsi="http://www.w3.org/2001/XMLSchema-instance" ID="R44058" type="Modèle de document" xsi:noNamespaceSchemaLocation="../Schemas/3.4/ServiceComplementaire.xsd" spUrl="https://www.service-public.fr/particuliers/vosdroits/R44058"><dc:title>Modèle de formulaire de refus de participer à la procédure simplifiée de recouvrement (Modèle de document)</dc:title><dc:creator>Direction de l'information légale et administrative</dc:creator><dc:subject>Justice</dc:subject><dc:description>À l'attention de le commissaire de justice (anciennement huissier de justice et commissaire-priseur judiciaire) insère ici son nom, son adresse géographique et, lorsqu'ils sont disponibles, son numéro de télécopieur et son adresse électronique : Je/ Nous (*) vous notifie/ notifions (*) par la présente ma/ notre (*) refus de participer à la procédure simplifiée de recouvrement d'un montant de montant total réclamé se composant comme suit : -montant total en principal -montant total des intérêts invoquée par Madame, Monsieur ou raison sociale du créancier] sur le fondement de [fondement de la créance : date du contrat ou obligation à caractère statutaire. Signature du (des) destinataire (s) (uniquement en cas de notification du présent formulaire sur papier). (*) Rayez la mention inutile.</dc:description><dc:publisher>Direction de l'information légale et administrative</dc:publisher><dc:contributor>Direction de l'information légale et administrative (Premier ministre)</dc:contributor><dc:date>modified 2022-03-04</dc:date><dc:type>Modèle de document</dc:type><dc:format>text/xml</dc:format><dc:identifier>R44058</dc:identifier><dc:language>Fr</dc:language><dc:coverage>France entière</dc:coverage><dc:rights>https://www.service-public.fr/a-propos/mentions-legales</dc:rights><SurTitre>Modèle de document</SurTitre><Audience>Particuliers</Audience><Canal>www.service-public.fr</Canal><FilDAriane><Niveau ID="Particuliers">Accueil particuliers</Niveau><Niveau ID="servicesEnLigne" type="Liste - Service en ligne">Services en ligne et formulaires</Niveau><Niveau ID="R44058" type="Modèle de document">Modèle de formulaire de refus de participer à la procédure simplifiée de recouvrement</Niveau></FilDAriane><Theme ID="N19807"><Titre>Justice</Titre><Audience>Particuliers</Audience></Theme><Texte><Paragraphe>À l'attention de <Variable>le commissaire de justice (anciennement huissier de justice et commissaire-priseur judiciaire) insère ici son nom, son adresse géographique et, lorsqu'ils sont disponibles, son numéro de télécopieur et son adresse électronique</Variable> :</Paragraphe><Paragraphe>Je/ Nous (*) vous notifie/ notifions (*) par la présente ma/ notre (*) refus de participer à la procédure simplifiée de recouvrement d'un montant de <Variable>montant total réclamé</Variable> se composant comme suit :</Paragraphe><Paragraphe>-<Variable>montant total en principal</Variable></Paragraphe><Paragraphe>-<Variable>montant total des intérêts</Variable></Paragraphe><Paragraphe>invoquée par <Variable>Madame, Monsieur ou raison sociale du créancier] sur le fondement de [fondement de la créance : date du contrat ou obligation à caractère statutaire</Variable>.</Paragraphe><Paragraphe>Signature du (des) destinataire (s) (uniquement en cas de notification du présent formulaire sur papier).</Paragraphe><Paragraphe>(*) Rayez la mention inutile.</Paragraphe></Texte><FicheLiee ID="F1746" audience="Particuliers" type="Fiche d'information conditionnée"><Titre>Recouvrement de dettes en France : injonction de payer et procédure simplifiée</Titre><Dossier ID="N269">Affaire civile</Dossier></FicheLiee></ServiceComplementaire>