<?xml version="1.0" encoding="UTF-8"?><ServiceComplementaire xmlns:dc="http://purl.org/dc/elements/1.1/" xmlns:xsi="http://www.w3.org/2001/XMLSchema-instance" ID="R45003" type="Téléservice" xsi:noNamespaceSchemaLocation="../Schemas/3.4/ServiceComplementaire.xsd" spUrl="https://www.service-public.fr/particuliers/vosdroits/R45003"><dc:title>Demande d'homologation en tant qu'établissement d'enseignement français hors de France (Service en ligne)</dc:title><dc:creator>Direction de l'information légale et administrative</dc:creator><dc:description>Demande d'homologation en tant qu'établissement d'enseignement français hors de France - Service en ligne</dc:description><dc:publisher>Direction de l'information légale et administrative</dc:publisher><dc:contributor>Direction de l'information légale et administrative (Premier ministre)</dc:contributor><dc:date>modified 2021-11-10</dc:date><dc:type>Service en ligne</dc:type><dc:format>text/xml</dc:format><dc:identifier>R45003</dc:identifier><dc:language>Fr</dc:language><dc:coverage>France entière</dc:coverage><dc:rights>https://www.service-public.fr/a-propos/mentions-legales</dc:rights><SurTitre>Service en ligne</SurTitre><Audience>Particuliers</Audience><Canal>www.service-public.fr</Canal><FilDAriane><Niveau ID="Particuliers">Accueil particuliers</Niveau><Niveau ID="servicesEnLigne" type="Liste - Service en ligne">Services en ligne et formulaires</Niveau><Niveau ID="R45003" type="Téléservice">Demande d'homologation en tant qu'établissement d'enseignement français hors de France</Niveau></FilDAriane><LienWeb URL="https://homologation.aefe.fr/"><Source>Agence pour l'enseignement français à l'étranger (AEFE)</Source></LienWeb></ServiceComplementaire>