<?xml version="1.0" encoding="UTF-8"?><ServiceComplementaire xmlns:dc="http://purl.org/dc/elements/1.1/" xmlns:xsi="http://www.w3.org/2001/XMLSchema-instance" ID="R46124" type="Simulateur" xsi:noNamespaceSchemaLocation="../Schemas/3.4/ServiceComplementaire.xsd" spUrl="https://www.service-public.fr/particuliers/vosdroits/R46124"><dc:title>Savoir si votre adresse est située en quartier prioritaire de la politique de la ville (QPV) (Simulateur)</dc:title><dc:creator>Direction de l'information légale et administrative</dc:creator><dc:subject>Travail - Formation, Fiscalité, Ressources humaines</dc:subject><dc:description>Cet outil vous permet de savoir si votre adresse se trouve en quartier prioritaire de la politique de la ville (QPV)</dc:description><dc:publisher>Direction de l'information légale et administrative</dc:publisher><dc:contributor>Direction de l'information légale et administrative (Premier ministre)</dc:contributor><dc:date>modified 2023-06-28</dc:date><dc:type>Simulateur</dc:type><dc:format>text/xml</dc:format><dc:identifier>R46124</dc:identifier><dc:language>Fr</dc:language><dc:coverage>France entière</dc:coverage><dc:rights>https://www.service-public.fr/a-propos/mentions-legales</dc:rights><SurTitre>Simulateur</SurTitre><Audience>Particuliers</Audience><Audience>Professionnels</Audience><Canal>www.service-public.fr</Canal><FilDAriane><Niveau ID="Particuliers">Accueil particuliers</Niveau><Niveau ID="servicesEnLigne" type="Liste - Service en ligne">Services en ligne et formulaires</Niveau><Niveau ID="R46124" type="Simulateur">Savoir si votre adresse est située en quartier prioritaire de la politique de la ville (QPV)</Niveau></FilDAriane><Theme ID="N19806"><Titre>Travail - Formation</Titre><Audience>Particuliers</Audience></Theme><Theme ID="N24265"><Titre>Fiscalité</Titre><Audience>Professionnels</Audience></Theme><Theme ID="N24267"><Titre>Ressources humaines</Titre><Audience>Professionnels</Audience></Theme><Texte><Paragraphe>Cet outil vous permet de savoir si votre adresse se trouve en quartier prioritaire de la politique de la ville (QPV)</Paragraphe></Texte><LienWeb URL="https://sig.ville.gouv.fr/"><Source>Ministère chargé de la ville</Source></LienWeb><FicheLiee ID="F34547" audience="Particuliers" type="Fiche Question-réponse conditionnée"><Titre>Qu'est-ce qu'un emploi franc ?</Titre><Dossier ID="N443">Contrats d'insertion</Dossier></FicheLiee><FicheLiee ID="F34020" audience="Professionnels" type="Fiche d'information conditionnée"><Titre>Quartiers prioritaires de la politique de la ville (QPV) : allègements fiscaux</Titre><Dossier ID="N23663">Aides à l'embauche</Dossier></FicheLiee></ServiceComplementaire>