<?xml version="1.0" encoding="UTF-8"?><ServiceComplementaire xmlns:dc="http://purl.org/dc/elements/1.1/" xmlns:xsi="http://www.w3.org/2001/XMLSchema-instance" ID="R46206" type="Formulaire" xsi:noNamespaceSchemaLocation="../Schemas/3.4/ServiceComplementaire.xsd" spUrl="https://www.service-public.fr/particuliers/vosdroits/R46206"><dc:title>Feuille de soins - Pharmacien (spécimen) (Formulaire 11389*05)</dc:title><dc:creator>Direction de l'information légale et administrative</dc:creator><dc:subject>Social - Santé</dc:subject><dc:description>Modèle de formulaire mis en ligne pour information. Pour votre démarche, vous devez utiliser le formulaire original remis par votre médecin (exceptée télétransmission Vitale). Le formulaire contient une notice n°50652#05.</dc:description><dc:publisher>Direction de l'information légale et administrative</dc:publisher><dc:contributor>Direction de l'information légale et administrative (Premier ministre)</dc:contributor><dc:date>modified 2020-04-01</dc:date><dc:type>Formulaire</dc:type><dc:format>text/xml</dc:format><dc:identifier>R46206</dc:identifier><dc:language>Fr</dc:language><dc:coverage>France entière</dc:coverage><dc:rights>https://www.service-public.fr/a-propos/mentions-legales</dc:rights><SurTitre>Formulaire</SurTitre><Audience>Particuliers</Audience><Canal>www.service-public.fr</Canal><FilDAriane><Niveau ID="Particuliers">Accueil particuliers</Niveau><Niveau ID="servicesEnLigne" type="Liste - Service en ligne">Services en ligne et formulaires</Niveau><Niveau ID="R46206" type="Formulaire">Feuille de soins - Pharmacien (spécimen)</Niveau></FilDAriane><Theme ID="N19811"><Titre>Social - Santé</Titre><Audience>Particuliers</Audience></Theme><NumeroCerfa>11389*05</NumeroCerfa><AutreNumero>S3115h</AutreNumero><Texte><Paragraphe>Modèle de formulaire mis en ligne pour information. Pour votre démarche, vous devez utiliser le formulaire original remis par votre médecin (exceptée télétransmission Vitale).</Paragraphe><Paragraphe>Le formulaire contient une notice n°50652#05.</Paragraphe></Texte><LienWeb URL="https://www.ameli.fr/sites/default/files/formualires/194/s3115_0.pdf" format="application/pdf" poids="519.8 KB"><Source>Caisse nationale d'assurance maladie (Cnam)</Source></LienWeb><FicheLiee ID="F11616" audience="Particuliers" type="Fiche d'information conditionnée"><Titre>Feuille de soins</Titre><Dossier ID="N418">Remboursement des soins par la Sécurité sociale</Dossier></FicheLiee><OuSAdresserSupport ID="R47054" type="Support" audience="Particuliers"><Titre>Contact support Ameli Assurés</Titre><Texte><Paragraphe>Accès aux <LienExterne URL="https://www.ameli.fr/assure/adresses-et-contacts">formulaires de contact</LienExterne></Paragraphe></Texte></OuSAdresserSupport></ServiceComplementaire>