<?xml version="1.0" encoding="UTF-8"?><ServiceComplementaire xmlns:dc="http://purl.org/dc/elements/1.1/" xmlns:xsi="http://www.w3.org/2001/XMLSchema-instance" ID="R46937" type="Téléservice" xsi:noNamespaceSchemaLocation="../Schemas/3.4/ServiceComplementaire.xsd" spUrl="https://www.service-public.fr/particuliers/vosdroits/R46937"><dc:title>Signaler une escroquerie à la petite annonce (faux vendeur) - THESEE (Service en ligne)</dc:title><dc:creator>Direction de l'information légale et administrative</dc:creator><dc:subject>Justice</dc:subject><dc:description>Se munir d'une adresse mail</dc:description><dc:publisher>Direction de l'information légale et administrative</dc:publisher><dc:contributor>Direction de l'information légale et administrative (Premier ministre)</dc:contributor><dc:date>modified 2023-07-21</dc:date><dc:type>Service en ligne</dc:type><dc:format>text/xml</dc:format><dc:identifier>R46937</dc:identifier><dc:language>Fr</dc:language><dc:coverage>France entière</dc:coverage><dc:rights>https://www.service-public.fr/a-propos/mentions-legales</dc:rights><SurTitre>Service en ligne</SurTitre><Audience>Particuliers</Audience><Canal>www.service-public.fr</Canal><FilDAriane><Niveau ID="Particuliers">Accueil particuliers</Niveau><Niveau ID="servicesEnLigne" type="Liste - Service en ligne">Services en ligne et formulaires</Niveau><Niveau ID="R46937" type="Téléservice">Signaler une escroquerie à la petite annonce (faux vendeur) - THESEE</Niveau></FilDAriane><Theme ID="N19807"><Titre>Justice</Titre><Audience>Particuliers</Audience></Theme><Introduction><Texte><Paragraphe>Se munir d'une adresse mail</Paragraphe></Texte></Introduction><LienWeb URL="https://demarches.service-public.fr/mademarche/arnaqueInternet/demarche?action=SIGNALEMENT&amp;type=FV"><Source>Ministère chargé de l'intérieur</Source></LienWeb><FicheLiee ID="F34000" audience="Particuliers" type="Fiche d'information conditionnée"><Titre>Fraude liée à un achat sur internet</Titre><Dossier ID="N31138">Arnaque sur internet (THESEE, Pharos, ...)</Dossier></FicheLiee></ServiceComplementaire>