<?xml version="1.0" encoding="UTF-8"?><ServiceComplementaire xmlns:dc="http://purl.org/dc/elements/1.1/" xmlns:xsi="http://www.w3.org/2001/XMLSchema-instance" ID="R47020" type="Modèle de document" xsi:noNamespaceSchemaLocation="../Schemas/3.4/ServiceComplementaire.xsd" spUrl="https://www.service-public.fr/particuliers/vosdroits/R47020"><dc:title>Modèle de lettre à adresser au voisin bruyant (Modèle de document)</dc:title><dc:creator>Direction de l'information légale et administrative</dc:creator><dc:subject>Logement</dc:subject><dc:description>Lettre à envoyer en recommandé avec avis de réception à l'auteur du bruit si la gêne persiste en dépit de vos démarches (envoi d'un courrier simple notamment)</dc:description><dc:publisher>Direction de l'information légale et administrative</dc:publisher><dc:contributor>Direction de l'information légale et administrative (Premier ministre)</dc:contributor><dc:date>modified 2022-04-14</dc:date><dc:type>Modèle de document</dc:type><dc:format>text/xml</dc:format><dc:identifier>R47020</dc:identifier><dc:language>Fr</dc:language><dc:coverage>France entière</dc:coverage><dc:rights>https://www.service-public.fr/a-propos/mentions-legales</dc:rights><SurTitre>Modèle de document</SurTitre><Audience>Particuliers</Audience><Canal>www.service-public.fr</Canal><FilDAriane><Niveau ID="Particuliers">Accueil particuliers</Niveau><Niveau ID="servicesEnLigne" type="Liste - Service en ligne">Services en ligne et formulaires</Niveau><Niveau ID="R47020" type="Modèle de document">Modèle de lettre à adresser au voisin bruyant</Niveau></FilDAriane><Theme ID="N19808"><Titre>Logement</Titre><Audience>Particuliers</Audience></Theme><Texte><Paragraphe>Lettre à envoyer en recommandé avec avis de réception à l'auteur du bruit si la gêne persiste en dépit de vos démarches (envoi d'un courrier simple notamment)</Paragraphe></Texte><LienWeb URL="https://www.inc-conso.fr/content/vous-avez-des-voisins-bruyants-et-narrivez-pas-regler-la-situation-amiablement"><Source>Institut national de la consommation (INC)</Source></LienWeb><FicheLiee ID="F31522" audience="Particuliers" type="Fiche Question-réponse conditionnée"><Titre>Le propriétaire est-il responsable des nuisances causées par son locataire ?</Titre><Dossier ID="N356">Troubles de voisinage</Dossier></FicheLiee><FicheLiee ID="F612" audience="Particuliers" type="Fiche d'information conditionnée"><Titre>Troubles de voisinage : bruits créés par des comportements anormaux</Titre><Dossier ID="N356">Troubles de voisinage</Dossier></FicheLiee></ServiceComplementaire>