<?xml version="1.0" encoding="UTF-8"?><ServiceComplementaire xmlns:dc="http://purl.org/dc/elements/1.1/" xmlns:xsi="http://www.w3.org/2001/XMLSchema-instance" ID="R47917" type="Téléservice" xsi:noNamespaceSchemaLocation="../Schemas/3.4/ServiceComplementaire.xsd" spUrl="https://www.service-public.fr/particuliers/vosdroits/R47917"><dc:title>Refaire sa carte grise (perte, vol ou détérioration) (Service en ligne)</dc:title><dc:creator>Direction de l'information légale et administrative</dc:creator><dc:subject>Transports - Mobilité</dc:subject><dc:description>Vous devez vous identifier via France Connect. Attention : en cas de vol, avant de faire la démarche en ligne, vous devez déclarer le vol à la police ou gendarmerie.</dc:description><dc:publisher>Direction de l'information légale et administrative</dc:publisher><dc:contributor>Direction de l'information légale et administrative (Premier ministre)</dc:contributor><dc:date>modified 2022-07-05</dc:date><dc:type>Service en ligne</dc:type><dc:format>text/xml</dc:format><dc:identifier>R47917</dc:identifier><dc:language>Fr</dc:language><dc:coverage>France entière</dc:coverage><dc:rights>https://www.service-public.fr/a-propos/mentions-legales</dc:rights><SurTitre>Service en ligne</SurTitre><Audience>Particuliers</Audience><Canal>www.service-public.fr</Canal><FilDAriane><Niveau ID="Particuliers">Accueil particuliers</Niveau><Niveau ID="servicesEnLigne" type="Liste - Service en ligne">Services en ligne et formulaires</Niveau><Niveau ID="R47917" type="Téléservice">Refaire sa carte grise (perte, vol ou détérioration)</Niveau></FilDAriane><Theme ID="N19812"><Titre>Transports - Mobilité</Titre><Audience>Particuliers</Audience></Theme><Texte><Paragraphe>Vous devez vous identifier via <LienIntra LienID="R48788" type="Définition de glossaire">France Connect</LienIntra>.</Paragraphe><Attention><Titre>Attention</Titre><Paragraphe>en cas de vol, avant de faire la démarche en ligne, vous devez déclarer le vol à la police ou gendarmerie.</Paragraphe></Attention></Texte><LienWeb URL="https://immatriculation.ants.gouv.fr/demarches-en-ligne/refaire-votre-certificat-dimmatriculation"><Source>Agence nationale des titres sécurisés (ANTS)</Source></LienWeb><FicheLiee ID="F1726" audience="Particuliers" type="Fiche d'information conditionnée"><Titre>Perte, vol ou détérioration de la carte grise : demande de duplicata</Titre><Dossier ID="N367">Carte grise (certificat d'immatriculation)</Dossier></FicheLiee><FicheLiee ID="F15390" audience="Particuliers" type="Fiche Question-réponse conditionnée"><Titre>Peut-on plastifier une carte grise ?</Titre><Dossier ID="N367">Carte grise (certificat d'immatriculation)</Dossier></FicheLiee><Definition ID="R48788"><Titre>Identification avec FranceConnect</Titre><Texte><Paragraphe>Connexion avec l'identifiant et le mot de passe de l'un des comptes suivants : Impots.gouv, Ameli, Iidentitenumerique (laposte), Yris, MSA ou Alicem</Paragraphe></Texte></Definition><OuSAdresserSupport ID="R46892" type="Support" audience="Particuliers"><Titre>Contact support - ANTS SIV</Titre><Texte><Paragraphe>Accès au <LienExterne URL="https://immatriculation.ants.gouv.fr/aide-et-contact">formulaire de contact</LienExterne></Paragraphe></Texte></OuSAdresserSupport><Dossier ID="N367"><Titre>Carte grise (certificat d'immatriculation)</Titre><Audience>Particuliers</Audience></Dossier></ServiceComplementaire>