<?xml version="1.0" encoding="UTF-8"?><ServiceComplementaire xmlns:dc="http://purl.org/dc/elements/1.1/" xmlns:xsi="http://www.w3.org/2001/XMLSchema-instance" ID="R48459" type="Outil de recherche" xsi:noNamespaceSchemaLocation="../Schemas/3.4/ServiceComplementaire.xsd" spUrl="https://www.service-public.fr/particuliers/vosdroits/R48459"><dc:title>Utiliser vos e-chèques-vacances sur l'application Chèque-vacances connect (Outil de recherche)</dc:title><dc:creator>Direction de l'information légale et administrative</dc:creator><dc:subject>Loisirs - Sports - Culture</dc:subject><dc:description>Utiliser vos e-chèques-vacances sur l'application Chèque-vacances connect - Outil de recherche</dc:description><dc:publisher>Direction de l'information légale et administrative</dc:publisher><dc:contributor>Direction de l'information légale et administrative (Premier ministre)</dc:contributor><dc:date>modified 2022-12-13</dc:date><dc:type>Outil de recherche</dc:type><dc:format>text/xml</dc:format><dc:identifier>R48459</dc:identifier><dc:language>Fr</dc:language><dc:coverage>France entière</dc:coverage><dc:rights>https://www.service-public.fr/a-propos/mentions-legales</dc:rights><SurTitre>Outil de recherche</SurTitre><Audience>Particuliers</Audience><Canal>www.service-public.fr</Canal><FilDAriane><Niveau ID="Particuliers">Accueil particuliers</Niveau><Niveau ID="servicesEnLigne" type="Liste - Service en ligne">Services en ligne et formulaires</Niveau><Niveau ID="R48459" type="Outil de recherche">Utiliser vos e-chèques-vacances sur l'application Chèque-vacances connect</Niveau></FilDAriane><Theme ID="N19809"><Titre>Loisirs - Sports - Culture</Titre><Audience>Particuliers</Audience></Theme><LienWeb URL="https://cheque-vacances-connect.com/collaborateur/aide/mon-application-cheque-vacances/"><Source>Agence nationale des chèques-vacances (ANCV)</Source></LienWeb><FicheLiee ID="F32884" audience="Particuliers" type="Fiche d'information conditionnée"><Titre>Chèques-vacances pour un agent public</Titre><Dossier ID="N31343">Aides aux vacances</Dossier></FicheLiee><FicheLiee ID="F2309" audience="Particuliers" type="Fiche d'information conditionnée"><Titre>Chèques-vacances pour un salarié du secteur privé</Titre><Dossier ID="N31343">Aides aux vacances</Dossier></FicheLiee></ServiceComplementaire>