<?xml version="1.0" encoding="UTF-8"?><ServiceComplementaire xmlns:dc="http://purl.org/dc/elements/1.1/" xmlns:xsi="http://www.w3.org/2001/XMLSchema-instance" ID="R48611" type="Formulaire" xsi:noNamespaceSchemaLocation="../Schemas/3.4/ServiceComplementaire.xsd" spUrl="https://www.service-public.fr/particuliers/vosdroits/R48611"><dc:title>Déclaration via un formulaire par le patient d'événements indésirables liés aux médicaments ou aux produits de santé (Formulaire 15031*04)</dc:title><dc:creator>Direction de l'information légale et administrative</dc:creator><dc:subject>Social - Santé</dc:subject><dc:description>Permet de signaler tout effet secondaire que vous avez noté à la suite de la prise d'un médicament.</dc:description><dc:publisher>Direction de l'information légale et administrative</dc:publisher><dc:contributor>Direction de l'information légale et administrative (Premier ministre)</dc:contributor><dc:date>modified 2021-04-01</dc:date><dc:type>Formulaire</dc:type><dc:format>text/xml</dc:format><dc:identifier>R48611</dc:identifier><dc:language>Fr</dc:language><dc:coverage>France entière</dc:coverage><dc:rights>https://www.service-public.fr/a-propos/mentions-legales</dc:rights><SurTitre>Formulaire</SurTitre><Audience>Particuliers</Audience><Canal>www.service-public.fr</Canal><FilDAriane><Niveau ID="Particuliers">Accueil particuliers</Niveau><Niveau ID="servicesEnLigne" type="Liste - Service en ligne">Services en ligne et formulaires</Niveau><Niveau ID="R48611" type="Formulaire">Déclaration via un formulaire par le patient d'événements indésirables liés aux médicaments ou aux produits de santé</Niveau></FilDAriane><Theme ID="N19811"><Titre>Social - Santé</Titre><Audience>Particuliers</Audience></Theme><NumeroCerfa>15031*04</NumeroCerfa><Texte><Paragraphe>Permet de signaler tout effet secondaire que vous avez noté à la suite de la prise d'un médicament.</Paragraphe></Texte><LienWeb URL="https://www.formulaires.service-public.fr/gf/cerfa_15031.do" format="application/pdf" poids="523.2 KB"><Source>Ministère chargé de la santé</Source></LienWeb><FicheLiee ID="F16033" audience="Particuliers" type="Fiche d'information conditionnée"><Titre>Dossier pharmaceutique</Titre><Dossier ID="N17179">Information du patient : dossier médical, montant des prestations, ...</Dossier></FicheLiee><OuSAdresser ID="R46849" sve="non" type="Local personnalisé sur SP"><Titre>Centre régional de pharmacovigilance</Titre><PivotLocal>crpv</PivotLocal><RessourceWeb URL="https://ansm.sante.fr/page/liste-des-centres-regionaux-de-pharmacovigilance"/><Source ID="R30688">Agence nationale de sécurité du médicament et des produits de santé (ANSM)</Source></OuSAdresser><Dossier ID="N17179"><Titre>Information du patient : dossier médical, montant des prestations, ...</Titre><Audience>Particuliers</Audience></Dossier><Dossier ID="N10253"><Titre>Préjudice médical</Titre><Audience>Particuliers</Audience></Dossier></ServiceComplementaire>