<?xml version="1.0" encoding="UTF-8"?><ServiceComplementaire xmlns:dc="http://purl.org/dc/elements/1.1/" xmlns:xsi="http://www.w3.org/2001/XMLSchema-instance" ID="R48707" type="Téléservice" xsi:noNamespaceSchemaLocation="../Schemas/3.4/ServiceComplementaire.xsd" spUrl="https://www.service-public.fr/particuliers/vosdroits/R48707"><dc:title>Formuler une réclamation vis-à-vis d'un professionnel auprès de l'ACPR (Service en ligne)</dc:title><dc:creator>Direction de l'information légale et administrative</dc:creator><dc:subject>Argent - Impôts - Consommation</dc:subject><dc:description>Formuler une réclamation vis-à-vis d'un professionnel auprès de l'ACPR - Service en ligne</dc:description><dc:publisher>Direction de l'information légale et administrative</dc:publisher><dc:contributor>Direction de l'information légale et administrative (Premier ministre)</dc:contributor><dc:date>modified 2020-10-13</dc:date><dc:type>Service en ligne</dc:type><dc:format>text/xml</dc:format><dc:identifier>R48707</dc:identifier><dc:language>Fr</dc:language><dc:coverage>France entière</dc:coverage><dc:rights>https://www.service-public.fr/a-propos/mentions-legales</dc:rights><SurTitre>Service en ligne</SurTitre><Audience>Particuliers</Audience><Canal>www.service-public.fr</Canal><FilDAriane><Niveau ID="Particuliers">Accueil particuliers</Niveau><Niveau ID="servicesEnLigne" type="Liste - Service en ligne">Services en ligne et formulaires</Niveau><Niveau ID="R48707" type="Téléservice">Formuler une réclamation vis-à-vis d'un professionnel auprès de l'ACPR</Niveau></FilDAriane><Theme ID="N19803"><Titre>Argent - Impôts - Consommation</Titre><Audience>Particuliers</Audience></Theme><LienWeb URL="https://acpr.banque-france.fr/proteger-la-clientele/vous-etes-un-particulier/formuler-une-reclamation-vis-vis-dun-professionnel"><Source>Banque de France</Source></LienWeb><FicheLiee ID="F33881" audience="Particuliers" type="Fiche Question-réponse conditionnée"><Titre>Changer de banque : qu'est-ce que la mobilité bancaire ?</Titre><Dossier ID="N98">Comptes bancaires</Dossier></FicheLiee></ServiceComplementaire>