<?xml version="1.0" encoding="UTF-8"?><ServiceComplementaire xmlns:dc="http://purl.org/dc/elements/1.1/" xmlns:xsi="http://www.w3.org/2001/XMLSchema-instance" ID="R48700" type="Formulaire" xsi:noNamespaceSchemaLocation="../Schemas/3.4/ServiceComplementaire.xsd" spUrl="https://www.service-public.fr/particuliers/vosdroits/R48700"><dc:title>Déclaration d'appel au civil (sans représentation obligatoire) (Formulaire 15774*02)</dc:title><dc:creator>Direction de l'information légale et administrative</dc:creator><dc:subject>Justice</dc:subject><dc:description>Permet de faire appel pour une procédure civile sans représentation obligatoire. Votre déclaration est à adresser à la cour d'appel ou en cas de tutelle au tribunal judiciaire.</dc:description><dc:publisher>Direction de l'information légale et administrative</dc:publisher><dc:contributor>Direction de l'information légale et administrative (Premier ministre)</dc:contributor><dc:date>modified 2019-05-24</dc:date><dc:type>Formulaire</dc:type><dc:format>text/xml</dc:format><dc:identifier>R48700</dc:identifier><dc:language>Fr</dc:language><dc:coverage>France entière</dc:coverage><dc:rights>https://www.service-public.fr/a-propos/mentions-legales</dc:rights><SurTitre>Formulaire</SurTitre><Audience>Particuliers</Audience><Canal>www.service-public.fr</Canal><FilDAriane><Niveau ID="Particuliers">Accueil particuliers</Niveau><Niveau ID="servicesEnLigne" type="Liste - Service en ligne">Services en ligne et formulaires</Niveau><Niveau ID="R48700" type="Formulaire">Déclaration d'appel au civil (sans représentation obligatoire)</Niveau></FilDAriane><Theme ID="N19807"><Titre>Justice</Titre><Audience>Particuliers</Audience></Theme><NumeroCerfa>15774*02</NumeroCerfa><Texte><Paragraphe>Permet de faire appel pour une procédure civile sans représentation obligatoire.</Paragraphe><Paragraphe>Votre déclaration est à adresser à la <MiseEnEvidence>cour d'appel</MiseEnEvidence> ou en cas de tutelle au tribunal judiciaire.</Paragraphe></Texte><LienWeb URL="https://www.formulaires.service-public.fr/gf/cerfa_15774.do" format="application/pdf" poids="93.9 KB"><Source>Direction de l'information légale et administrative (Dila) - Premier ministre</Source></LienWeb><FicheLiee ID="F1384" audience="Particuliers" type="Fiche d'information conditionnée"><Titre>Faire appel d'un jugement civil ou pénal</Titre><Dossier ID="N259">Contestation d'un jugement</Dossier></FicheLiee><OuSAdresser ID="R11624" sve="non" type="Local personnalisable"><Titre>Cour d'appel</Titre><PivotLocal>cour_appel</PivotLocal><RessourceWeb URL="http://www.annuaires.justice.gouv.fr/"/><Source ID="R30663">Ministère chargé de la justice</Source></OuSAdresser><OuSAdresser ID="R30" sve="non" type="Local"><Titre>Tribunal judiciaire</Titre><Complement>Pour certaines procédures</Complement><RessourceWeb URL="http://www.annuaires.justice.gouv.fr/"/><Source ID="R30663">Ministère chargé de la justice</Source></OuSAdresser></ServiceComplementaire>