<?xml version="1.0" encoding="UTF-8"?><ServiceComplementaire xmlns:dc="http://purl.org/dc/elements/1.1/" xmlns:xsi="http://www.w3.org/2001/XMLSchema-instance" ID="R49373" type="Téléservice" xsi:noNamespaceSchemaLocation="../Schemas/3.4/ServiceComplementaire.xsd" spUrl="https://www.service-public.fr/particuliers/vosdroits/R49373"><dc:title>Rechercher un équipement, un site ou un espace sportif (Service en ligne)</dc:title><dc:creator>Direction de l'information légale et administrative</dc:creator><dc:subject>Loisirs - Sports - Culture</dc:subject><dc:description>Vous pouvez entrer vos critères de recherches pour avoir accès à différents type d'équipements, sites et espaces sportifs partout en France</dc:description><dc:publisher>Direction de l'information légale et administrative</dc:publisher><dc:contributor>Direction de l'information légale et administrative (Premier ministre)</dc:contributor><dc:date>modified 2021-11-22</dc:date><dc:type>Service en ligne</dc:type><dc:format>text/xml</dc:format><dc:identifier>R49373</dc:identifier><dc:language>Fr</dc:language><dc:coverage>France entière</dc:coverage><dc:rights>https://www.service-public.fr/a-propos/mentions-legales</dc:rights><SurTitre>Service en ligne</SurTitre><Audience>Particuliers</Audience><Canal>www.service-public.fr</Canal><FilDAriane><Niveau ID="Particuliers">Accueil particuliers</Niveau><Niveau ID="servicesEnLigne" type="Liste - Service en ligne">Services en ligne et formulaires</Niveau><Niveau ID="R49373" type="Téléservice">Rechercher un équipement, un site ou un espace sportif</Niveau></FilDAriane><Theme ID="N19809"><Titre>Loisirs - Sports - Culture</Titre><Audience>Particuliers</Audience></Theme><Texte><Paragraphe>Vous pouvez entrer vos critères de recherches pour avoir accès à différents type d'équipements, sites et espaces sportifs partout en France</Paragraphe></Texte><LienWeb URL="http://www.res.sports.gouv.fr/Rech_Equipement.aspx"><Source>Ministère chargé des sports</Source></LienWeb><Dossier ID="N184"><Titre>Sport</Titre><Audience>Particuliers</Audience></Dossier></ServiceComplementaire>