<?xml version="1.0" encoding="UTF-8"?><ServiceComplementaire xmlns:dc="http://purl.org/dc/elements/1.1/" xmlns:xsi="http://www.w3.org/2001/XMLSchema-instance" ID="R50542" type="Formulaire" xsi:noNamespaceSchemaLocation="../Schemas/3.4/ServiceComplementaire.xsd" spUrl="https://www.service-public.fr/particuliers/vosdroits/R50542"><dc:title>Allocations et prestations familiales - Déclaration de situation (MSA) (Formulaire 11423*06)</dc:title><dc:creator>Direction de l'information légale et administrative</dc:creator><dc:subject>Famille - Scolarité</dc:subject><dc:description>Permet de déclarer un changement de situation auprès de la MSA : naissance d'un enfant, mise en couple, séparation, chômage, etc.</dc:description><dc:publisher>Direction de l'information légale et administrative</dc:publisher><dc:contributor>Direction de l'information légale et administrative (Premier ministre)</dc:contributor><dc:date>modified 2021-02-23</dc:date><dc:type>Formulaire</dc:type><dc:format>text/xml</dc:format><dc:identifier>R50542</dc:identifier><dc:language>Fr</dc:language><dc:coverage>France entière</dc:coverage><dc:rights>https://www.service-public.fr/a-propos/mentions-legales</dc:rights><SurTitre>Formulaire</SurTitre><Audience>Particuliers</Audience><Canal>www.service-public.fr</Canal><FilDAriane><Niveau ID="Particuliers">Accueil particuliers</Niveau><Niveau ID="servicesEnLigne" type="Liste - Service en ligne">Services en ligne et formulaires</Niveau><Niveau ID="R50542" type="Formulaire">Allocations et prestations familiales - Déclaration de situation (MSA)</Niveau></FilDAriane><Theme ID="N19805"><Titre>Famille - Scolarité</Titre><Audience>Particuliers</Audience></Theme><NumeroCerfa>11423*06</NumeroCerfa><Texte><Paragraphe>Permet de déclarer un changement de situation auprès de la MSA : naissance d'un enfant, mise en couple, séparation, chômage, etc.</Paragraphe></Texte><LienWeb URL="https://www.msa.fr/lfy/documents/11566/132715/D%C3%A9claration+de+situation+pour+les+prestations+familiales+et+aides+au+logement.pdf" format="application/pdf" poids="80.5 KB"><Source>Caisse centrale de la mutualité sociale agricole (MSA)</Source></LienWeb><FicheLiee ID="F827" audience="Particuliers" type="Fiche Question-réponse conditionnée"><Titre>Allocations familiales : que faire en cas de déménagement, séparation, chômage... ?</Titre><Dossier ID="N156">Allocations destinées aux familles</Dossier></FicheLiee><OuSAdresser ID="R39" sve="non" type="Local personnalisé sur SP"><Titre>Mutualité sociale agricole (MSA)</Titre><PivotLocal>msa</PivotLocal><RessourceWeb URL="https://www.msa.fr/lfy/web/msa/contact/coordonnees-msa"/><Source ID="R30660">Caisse centrale de la mutualité sociale agricole (MSA)</Source></OuSAdresser></ServiceComplementaire>