<?xml version="1.0" encoding="UTF-8"?><ServiceComplementaire xmlns:dc="http://purl.org/dc/elements/1.1/" xmlns:xsi="http://www.w3.org/2001/XMLSchema-instance" ID="R50537" type="Téléservice" xsi:noNamespaceSchemaLocation="../Schemas/3.4/ServiceComplementaire.xsd" spUrl="https://www.service-public.fr/particuliers/vosdroits/R50537"><dc:title>Postuler à un stage de courte durée au Conseil économique et social européen (Service en ligne)</dc:title><dc:creator>Direction de l'information légale et administrative</dc:creator><dc:subject>Famille - Scolarité</dc:subject><dc:description>Postuler à un stage de courte durée au Conseil économique et social européen - Service en ligne</dc:description><dc:publisher>Direction de l'information légale et administrative</dc:publisher><dc:contributor>Direction de l'information légale et administrative (Premier ministre)</dc:contributor><dc:date>modified 2023-11-14</dc:date><dc:type>Service en ligne</dc:type><dc:format>text/xml</dc:format><dc:identifier>R50537</dc:identifier><dc:language>Fr</dc:language><dc:coverage>France entière</dc:coverage><dc:rights>https://www.service-public.fr/a-propos/mentions-legales</dc:rights><SurTitre>Service en ligne</SurTitre><Audience>Particuliers</Audience><Canal>www.service-public.fr</Canal><FilDAriane><Niveau ID="Particuliers">Accueil particuliers</Niveau><Niveau ID="servicesEnLigne" type="Liste - Service en ligne">Services en ligne et formulaires</Niveau><Niveau ID="R50537" type="Téléservice">Postuler à un stage de courte durée au Conseil économique et social européen</Niveau></FilDAriane><Theme ID="N19805"><Titre>Famille - Scolarité</Titre><Audience>Particuliers</Audience></Theme><LienWeb URL="https://candform.eesc.europa.eu/EN/SHORT/Form/Wizard?step=1"><Source>Conseil économique et social européen</Source></LienWeb><FicheLiee ID="F384" audience="Particuliers" type="Fiche d'information conditionnée"><Titre>Trouver un stage dans un organisme européen</Titre><Dossier ID="N13511">Étudier à l'étranger</Dossier></FicheLiee></ServiceComplementaire>