<?xml version="1.0" encoding="UTF-8"?><ServiceComplementaire xmlns:dc="http://purl.org/dc/elements/1.1/" xmlns:xsi="http://www.w3.org/2001/XMLSchema-instance" ID="R51176" type="Téléservice" xsi:noNamespaceSchemaLocation="../Schemas/3.4/ServiceComplementaire.xsd" spUrl="https://www.service-public.fr/particuliers/vosdroits/R51176" dateDerniereModificationImportante="2023-08-22T00:00:00"><dc:title>Retraité de la fonction publique d'État : signaler une reprise d'activité (Service en ligne)</dc:title><dc:creator>Direction de l'information légale et administrative</dc:creator><dc:subject>Travail - Formation</dc:subject><dc:description>Retraité de la fonction publique d'État : signaler une reprise d'activité - Service en ligne</dc:description><dc:publisher>Direction de l'information légale et administrative</dc:publisher><dc:contributor>Direction de l'information légale et administrative (Premier ministre)</dc:contributor><dc:date>modified 2023-08-22</dc:date><dc:type>Service en ligne</dc:type><dc:format>text/xml</dc:format><dc:identifier>R51176</dc:identifier><dc:language>Fr</dc:language><dc:coverage>France entière</dc:coverage><dc:rights>https://www.service-public.fr/a-propos/mentions-legales</dc:rights><SurTitre>Service en ligne</SurTitre><Audience>Particuliers</Audience><Canal>www.service-public.fr</Canal><FilDAriane><Niveau ID="Particuliers">Accueil particuliers</Niveau><Niveau ID="servicesEnLigne" type="Liste - Service en ligne">Services en ligne et formulaires</Niveau><Niveau ID="R51176" type="Téléservice">Retraité de la fonction publique d'État : signaler une reprise d'activité</Niveau></FilDAriane><Theme ID="N19806"><Titre>Travail - Formation</Titre><Audience>Particuliers</Audience></Theme><LienWeb URL="https://retraitesdeletat.gouv.fr/retraite/formuels?formuel-id=reprise_acti"><Source>Ministère chargé de l'économie</Source></LienWeb><FicheLiee ID="F12402" audience="Particuliers" type="Fiche d'information conditionnée"><Titre>Cumul emploi-retraite du fonctionnaire</Titre><Dossier ID="N379">Retraite d'un agent public</Dossier></FicheLiee></ServiceComplementaire>