<?xml version="1.0" encoding="UTF-8"?><ServiceComplementaire xmlns:dc="http://purl.org/dc/elements/1.1/" xmlns:xsi="http://www.w3.org/2001/XMLSchema-instance" ID="R52172" type="Modèle de document" xsi:noNamespaceSchemaLocation="../Schemas/3.4/ServiceComplementaire.xsd" spUrl="https://www.service-public.fr/particuliers/vosdroits/R52172"><dc:title>Attestation sur l'honneur de l'emprunteur hébergé (à joindre à la demande de PTZ) (Modèle de document)</dc:title><dc:creator>Direction de l'information légale et administrative</dc:creator><dc:subject>Argent - Impôts - Consommation</dc:subject><dc:description>Document à compléter et à joindre au dossier de demande d'un PTZ lorsque l'emprunteur est hébergé chez un tiers.</dc:description><dc:publisher>Direction de l'information légale et administrative</dc:publisher><dc:contributor>Direction de l'information légale et administrative (Premier ministre)</dc:contributor><dc:date>modified 2023-06-06</dc:date><dc:type>Modèle de document</dc:type><dc:format>text/xml</dc:format><dc:identifier>R52172</dc:identifier><dc:language>Fr</dc:language><dc:coverage>France entière</dc:coverage><dc:rights>https://www.service-public.fr/a-propos/mentions-legales</dc:rights><SurTitre>Modèle de document</SurTitre><Audience>Particuliers</Audience><Canal>www.service-public.fr</Canal><FilDAriane><Niveau ID="Particuliers">Accueil particuliers</Niveau><Niveau ID="servicesEnLigne" type="Liste - Service en ligne">Services en ligne et formulaires</Niveau><Niveau ID="R52172" type="Modèle de document">Attestation sur l'honneur de l'emprunteur hébergé (à joindre à la demande de PTZ)</Niveau></FilDAriane><Theme ID="N19803"><Titre>Argent - Impôts - Consommation</Titre><Audience>Particuliers</Audience></Theme><Texte><Paragraphe>Document à compléter et à joindre au dossier de demande d'un PTZ lorsque l'emprunteur est hébergé chez un tiers.</Paragraphe></Texte><LienWeb URL="https://www.legifrance.gouv.fr/loda/article_lc/LEGIARTI000023420261/"><Source>Ministère chargé du logement</Source></LienWeb><FicheLiee ID="F10871" audience="Particuliers" type="Fiche d'information conditionnée"><Titre>Prêt à taux zéro (PTZ ou PTZ+)</Titre><Dossier ID="N20373">Crédit immobilier</Dossier></FicheLiee></ServiceComplementaire>