<?xml version="1.0" encoding="UTF-8"?><ServiceComplementaire xmlns:dc="http://purl.org/dc/elements/1.1/" xmlns:xsi="http://www.w3.org/2001/XMLSchema-instance" ID="R53205" type="Formulaire" xsi:noNamespaceSchemaLocation="../Schemas/3.4/ServiceComplementaire.xsd" spUrl="https://www.service-public.fr/particuliers/vosdroits/R53205"><dc:title>Déclaration de détention d'animaux d'espèces non domestiques (Formulaire 15967*01)</dc:title><dc:creator>Direction de l'information légale et administrative</dc:creator><dc:subject>Loisirs - Sports - Culture</dc:subject><dc:description>Ce formulaire permet d'effectuer la déclaration de détention, dans la limite des effectifs autorisés, d'animaux d'espèces non domestiques figurant à la colonne (b) de l'annexe 2 de l'arrêté fixant les règles générales de détention d'animaux d'espèces non domestiques.</dc:description><dc:publisher>Direction de l'information légale et administrative</dc:publisher><dc:contributor>Direction de l'information légale et administrative (Premier ministre)</dc:contributor><dc:date>modified 2023-11-27</dc:date><dc:type>Formulaire</dc:type><dc:format>text/xml</dc:format><dc:identifier>R53205</dc:identifier><dc:language>Fr</dc:language><dc:coverage>France entière</dc:coverage><dc:rights>https://www.service-public.fr/a-propos/mentions-legales</dc:rights><SurTitre>Formulaire</SurTitre><Audience>Particuliers</Audience><Canal>www.service-public.fr</Canal><FilDAriane><Niveau ID="Particuliers">Accueil particuliers</Niveau><Niveau ID="servicesEnLigne" type="Liste - Service en ligne">Services en ligne et formulaires</Niveau><Niveau ID="R53205" type="Formulaire">Déclaration de détention d'animaux d'espèces non domestiques</Niveau></FilDAriane><Theme ID="N19809"><Titre>Loisirs - Sports - Culture</Titre><Audience>Particuliers</Audience></Theme><NumeroCerfa>15967*01</NumeroCerfa><Texte><Paragraphe>Ce formulaire permet d'effectuer la déclaration de détention, dans la limite des effectifs autorisés, d'animaux d'espèces non domestiques figurant à la colonne (b) de l'annexe 2 de <LienExterne URL="https://www.legifrance.gouv.fr/loda/article_lc/LEGIARTI000043119695">l'arrêté</LienExterne> fixant les règles générales de détention d'animaux d'espèces non domestiques.</Paragraphe></Texte><LienWeb URL="https://www.formulaires.service-public.fr/gf/cerfa_15967.do" format="application/pdf" poids="147.5 KB"><Source>Ministère chargé de l'environnement</Source></LienWeb><ServiceEnLigneAlternatif ID="R53489" audience="Particuliers" type="Téléservice"><Titre>Déclaration de détention d'animaux d'espèces non domestiques</Titre></ServiceEnLigneAlternatif><FicheLiee ID="F31855" audience="Particuliers" type="Fiche Question-réponse conditionnée"><Titre>Faut-il une autorisation pour détenir un animal de compagnie ?</Titre><Dossier ID="N18944">Animal de compagnie</Dossier></FicheLiee><OuSAdresser ID="R2" sve="non" type="Local personnalisé sur SP"><Titre>Préfecture</Titre><PivotLocal>prefecture</PivotLocal><RessourceWeb URL="http://www.interieur.gouv.fr/Le-ministere/Prefectures"/><Source ID="R30603">Ministère chargé de l'intérieur</Source></OuSAdresser><OuSAdresser ID="R42207" sve="non" type="National"><Titre>Préfecture de police de Paris - Pôle en charge de la police animale</Titre><Complement>Si vous habitez à Paris</Complement><Source ID="R30800">Préfecture de police de Paris</Source><Texte><Paragraphe>1 bis, rue de Lutèce</Paragraphe><Paragraphe>75195 Paris Cedex 04</Paragraphe><Paragraphe>Sur rendez-vous uniquement</Paragraphe><Chapitre><Titre><Paragraphe>Téléphone</Paragraphe></Titre><Paragraphe>3430 (0,06 €/min + prix d'un appel)</Paragraphe></Chapitre></Texte></OuSAdresser><Dossier ID="N18944"><Titre>Animal de compagnie</Titre><Audience>Particuliers</Audience></Dossier></ServiceComplementaire>