<?xml version="1.0" encoding="UTF-8"?><ServiceComplementaire xmlns:dc="http://purl.org/dc/elements/1.1/" xmlns:xsi="http://www.w3.org/2001/XMLSchema-instance" ID="R54110" type="Téléservice" xsi:noNamespaceSchemaLocation="../Schemas/3.4/ServiceComplementaire.xsd" spUrl="https://www.service-public.fr/particuliers/vosdroits/R54110"><dc:title>Trouver un identificateur d'équidés (Service en ligne)</dc:title><dc:creator>Direction de l'information légale et administrative</dc:creator><dc:subject>Loisirs - Sports - Culture</dc:subject><dc:description>Retrouvez le ou les vétérinaires identificateurs de votre département</dc:description><dc:publisher>Direction de l'information légale et administrative</dc:publisher><dc:contributor>Direction de l'information légale et administrative (Premier ministre)</dc:contributor><dc:date>modified 2022-09-19</dc:date><dc:type>Service en ligne</dc:type><dc:format>text/xml</dc:format><dc:identifier>R54110</dc:identifier><dc:language>Fr</dc:language><dc:coverage>France entière</dc:coverage><dc:rights>https://www.service-public.fr/a-propos/mentions-legales</dc:rights><SurTitre>Service en ligne</SurTitre><Audience>Particuliers</Audience><Canal>www.service-public.fr</Canal><FilDAriane><Niveau ID="Particuliers">Accueil particuliers</Niveau><Niveau ID="servicesEnLigne" type="Liste - Service en ligne">Services en ligne et formulaires</Niveau><Niveau ID="R54110" type="Téléservice">Trouver un identificateur d'équidés</Niveau></FilDAriane><Theme ID="N19809"><Titre>Loisirs - Sports - Culture</Titre><Audience>Particuliers</Audience></Theme><Texte><Paragraphe>Retrouvez le ou les vétérinaires identificateurs de votre département</Paragraphe></Texte><LienWeb URL="https://www.ifce.fr/ifce/sire-demarches/donnees-sire/annuaire-des-identificateurs/"><Source>Institut français du cheval et de l'équitation (IFCE)</Source></LienWeb><FicheLiee ID="F34986" audience="Particuliers" type="Fiche d'information conditionnée"><Titre>Avoir un équidé : quelles sont les règles ?</Titre><Dossier ID="N18944">Animal de compagnie</Dossier></FicheLiee></ServiceComplementaire>