<?xml version="1.0" encoding="UTF-8"?><ServiceComplementaire xmlns:dc="http://purl.org/dc/elements/1.1/" xmlns:xsi="http://www.w3.org/2001/XMLSchema-instance" ID="R56280" type="Simulateur" xsi:noNamespaceSchemaLocation="../Schemas/3.4/ServiceComplementaire.xsd" spUrl="https://www.service-public.fr/particuliers/vosdroits/R56280"><dc:title>Paris : tester mon loyer (bail signé depuis juillet 2019) (Simulateur)</dc:title><dc:creator>Direction de l'information légale et administrative</dc:creator><dc:subject>Logement</dc:subject><dc:description>Permet de savoir si le loyer de son logement respecte ou non l'encadrement des loyers en vigueur à Paris pour un bail mobilité ou un bail d'habitation (vide ou meublé) signé ou renouvelé depuis le 1^er juillet 2019.</dc:description><dc:publisher>Direction de l'information légale et administrative</dc:publisher><dc:contributor>Direction de l'information légale et administrative (Premier ministre)</dc:contributor><dc:date>modified 2023-08-28</dc:date><dc:type>Simulateur</dc:type><dc:format>text/xml</dc:format><dc:identifier>R56280</dc:identifier><dc:language>Fr</dc:language><dc:coverage>France entière</dc:coverage><dc:rights>https://www.service-public.fr/a-propos/mentions-legales</dc:rights><SurTitre>Simulateur</SurTitre><Audience>Particuliers</Audience><Canal>www.service-public.fr</Canal><FilDAriane><Niveau ID="Particuliers">Accueil particuliers</Niveau><Niveau ID="servicesEnLigne" type="Liste - Service en ligne">Services en ligne et formulaires</Niveau><Niveau ID="R56280" type="Simulateur">Paris : tester mon loyer (bail signé depuis juillet 2019)</Niveau></FilDAriane><Theme ID="N19808"><Titre>Logement</Titre><Audience>Particuliers</Audience></Theme><Texte><Paragraphe>Permet de savoir si le loyer de son logement respecte ou non l'encadrement des loyers en vigueur à Paris pour un bail mobilité ou un bail d'habitation (vide ou meublé) signé ou renouvelé depuis le 1<Exposant>er</Exposant> juillet 2019.</Paragraphe></Texte><LienWeb URL="https://teleservices.paris.fr/encadrementdesloyers/"><Source>Ville de Paris</Source></LienWeb><FicheLiee ID="F1314" audience="Particuliers" type="Fiche Question-réponse conditionnée"><Titre>En quoi consiste l'encadrement des loyers à respecter en zone tendue ?</Titre><Dossier ID="N337">Location immobilière : loyer</Dossier></FicheLiee><FicheLiee ID="F34407" audience="Particuliers" type="Fiche d'information conditionnée"><Titre>Montant du loyer à Paris</Titre><Dossier ID="N337">Location immobilière : loyer</Dossier></FicheLiee></ServiceComplementaire>