<?xml version="1.0" encoding="UTF-8"?><ServiceComplementaire xmlns:dc="http://purl.org/dc/elements/1.1/" xmlns:xsi="http://www.w3.org/2001/XMLSchema-instance" ID="R57002" type="Outil de recherche" xsi:noNamespaceSchemaLocation="../Schemas/3.4/ServiceComplementaire.xsd" spUrl="https://www.service-public.fr/particuliers/vosdroits/R57002"><dc:title>Savoir si un visa est nécessaire pour un transit aéroportuaire (Outil de recherche)</dc:title><dc:creator>Direction de l'information légale et administrative</dc:creator><dc:subject>Étranger - Europe</dc:subject><dc:description>Savoir si un visa est nécessaire pour un transit aéroportuaire - Outil de recherche</dc:description><dc:publisher>Direction de l'information légale et administrative</dc:publisher><dc:contributor>Direction de l'information légale et administrative (Premier ministre)</dc:contributor><dc:date>modified 2023-06-07</dc:date><dc:type>Outil de recherche</dc:type><dc:format>text/xml</dc:format><dc:identifier>R57002</dc:identifier><dc:language>Fr</dc:language><dc:coverage>France entière</dc:coverage><dc:rights>https://www.service-public.fr/a-propos/mentions-legales</dc:rights><SurTitre>Outil de recherche</SurTitre><Audience>Particuliers</Audience><Canal>www.service-public.fr</Canal><FilDAriane><Niveau ID="Particuliers">Accueil particuliers</Niveau><Niveau ID="servicesEnLigne" type="Liste - Service en ligne">Services en ligne et formulaires</Niveau><Niveau ID="R57002" type="Outil de recherche">Savoir si un visa est nécessaire pour un transit aéroportuaire</Niveau></FilDAriane><Theme ID="N19804"><Titre>Étranger - Europe</Titre><Audience>Particuliers</Audience></Theme><LienWeb URL="https://france-visas.gouv.fr/fr/web/france-visas/visa-de-transit-aeroportuaire"><Source>Ministère chargé de l'intérieur</Source></LienWeb><FicheLiee ID="F2672" audience="Particuliers" type="Fiche Question-réponse conditionnée"><Titre>Étranger en transit en France : avez-vous besoin d'un visa ?</Titre><Dossier ID="N105">Entrée d'un étranger en France</Dossier></FicheLiee></ServiceComplementaire>