<?xml version="1.0" encoding="UTF-8"?><ServiceComplementaire xmlns:dc="http://purl.org/dc/elements/1.1/" xmlns:xsi="http://www.w3.org/2001/XMLSchema-instance" ID="R58053" type="Téléservice" xsi:noNamespaceSchemaLocation="../Schemas/3.4/ServiceComplementaire.xsd" spUrl="https://www.service-public.fr/particuliers/vosdroits/R58053"><dc:title>Demande ou renouvellement de prestations Handicap (AAH, PCH, CMI, Hébergement, ...) pour le département du Gers (Service en ligne)</dc:title><dc:creator>Direction de l'information légale et administrative</dc:creator><dc:subject>Famille - Scolarité, Travail - Formation, Social - Santé, Transports - Mobilité</dc:subject><dc:description>Ce service en ligne permet de faire une demande ou renouvellement de prestations Handicap auprès de la MDPH du département du Gers. L'usage de ce service est personnel et son accès est sécurité. Vous devez créer un compte avec vos identifiants MDPH ou avec France Connect. Le téléservice est disponible uniquement en français. La démarche est gratuite. Pour toute demande de prestation, vous devez obligatoirement scanner les justificatifs suivants : - Certificat médical de moins de 1 an - Photocopie recto/verso d'un justificatif d'identité (pièce d'identité ou titre de séjour en cours de validité ou tout autre document d'autorisation de séjour en France) - Photocopie d'un justificatif de domicile (pour les personnes hébergées par un tiers : justificatif de domicile et attestation sur l'honneur de l'hébergeant) - Attestation de jugement en protection juridique si vous êtes sous protection juridique D'autres justificatifs peuvent être réclamés en fonction de votre demande. La nature de ces justificatifs est précisée au moment d'effectuer la démarche en ligne. La réponse à votre demande intervient dans un délai de 4 mois. Si vous ne recevez pas de réponse à la fin d'un délai de 4 mois, votre demande est considérée comme rejetée.</dc:description><dc:publisher>Direction de l'information légale et administrative</dc:publisher><dc:contributor>Direction de l'information légale et administrative (Premier ministre)</dc:contributor><dc:date>modified 2022-06-21</dc:date><dc:type>Service en ligne</dc:type><dc:format>text/xml</dc:format><dc:identifier>R58053</dc:identifier><dc:language>Fr</dc:language><dc:coverage>France entière</dc:coverage><dc:rights>https://www.service-public.fr/a-propos/mentions-legales</dc:rights><SurTitre>Service en ligne</SurTitre><Audience>Particuliers</Audience><Canal>www.service-public.fr</Canal><FilDAriane><Niveau ID="Particuliers">Accueil particuliers</Niveau><Niveau ID="servicesEnLigne" type="Liste - Service en ligne">Services en ligne et formulaires</Niveau><Niveau ID="R58053" type="Téléservice">Demande ou renouvellement de prestations Handicap (AAH, PCH, CMI, Hébergement, ...) pour le département du Gers</Niveau></FilDAriane><Theme ID="N19805"><Titre>Famille - Scolarité</Titre><Audience>Particuliers</Audience></Theme><Theme ID="N19806"><Titre>Travail - Formation</Titre><Audience>Particuliers</Audience></Theme><Theme ID="N19811"><Titre>Social - Santé</Titre><Audience>Particuliers</Audience></Theme><Theme ID="N19812"><Titre>Transports - Mobilité</Titre><Audience>Particuliers</Audience></Theme><Texte><Paragraphe>Ce service en ligne permet de faire une demande ou renouvellement de prestations Handicap auprès de la <LienInterne LienPublication="R62622" type="Sigle">MDPH</LienInterne> du département du Gers.</Paragraphe><Paragraphe>L'usage de ce service est personnel et son accès est sécurité. Vous devez créer un compte avec vos identifiants MDPH ou avec <LienIntra LienID="R48788" type="Définition de glossaire">France Connect</LienIntra>.</Paragraphe><Paragraphe>Le téléservice est disponible uniquement en français.</Paragraphe><Paragraphe>La démarche est gratuite.</Paragraphe><Paragraphe>Pour toute demande de prestation, vous devez obligatoirement scanner les justificatifs suivants :</Paragraphe><Liste type="puce"><Item><Paragraphe>Certificat médical de moins de 1 an</Paragraphe></Item><Item><Paragraphe>Photocopie recto/verso d'un justificatif d'identité (pièce d'identité ou titre de séjour en cours de validité ou tout autre document d'autorisation de séjour en France)</Paragraphe></Item><Item><Paragraphe>Photocopie d'un justificatif de domicile (pour les personnes hébergées par un tiers : justificatif de domicile et attestation sur l'honneur de l'hébergeant)</Paragraphe></Item><Item><Paragraphe>Attestation de jugement en protection juridique si vous êtes sous <LienInterne LienPublication="N155" type="Dossier" audience="Particuliers">protection juridique</LienInterne></Paragraphe></Item></Liste><Paragraphe>D'autres justificatifs peuvent être réclamés en fonction de votre demande. La nature de ces justificatifs est précisée au moment d'effectuer la démarche en ligne.</Paragraphe><Paragraphe>La réponse à votre demande intervient dans un délai de 4 mois. Si vous ne recevez pas de réponse à la fin d'un délai de 4 mois, votre demande est considérée comme rejetée.</Paragraphe></Texte><LienWeb URL="https://mdphenligne.cnsa.fr/mdph/32"><Source>Caisse nationale de solidarité pour l'autonomie (CNSA)</Source></LienWeb><Definition ID="R48788"><Titre>Identification avec FranceConnect</Titre><Texte><Paragraphe>Connexion avec l'identifiant et le mot de passe de l'un des comptes suivants : Impots.gouv, Ameli, Iidentitenumerique (laposte), Yris, MSA ou Alicem</Paragraphe></Texte></Definition><Abreviation ID="R62622" type="Sigle"><Titre>MDPH</Titre><Texte><Paragraphe>Maison départementale pour les personnes handicapées</Paragraphe></Texte></Abreviation><OuSAdresserSupport ID="R14" type="Local personnalisé sur SP" audience="Particuliers"><Titre>Maison départementale des personnes handicapées (MDPH)</Titre><PivotLocal>maison_handicapees</PivotLocal><RessourceWeb URL="https://lannuaire.service-public.fr/recherche?whoWhat=MDPH&amp;where="/></OuSAdresserSupport></ServiceComplementaire>