<?xml version="1.0" encoding="UTF-8"?><ServiceComplementaire xmlns:dc="http://purl.org/dc/elements/1.1/" xmlns:xsi="http://www.w3.org/2001/XMLSchema-instance" ID="R58634" type="Modèle de document" xsi:noNamespaceSchemaLocation="../Schemas/3.4/ServiceComplementaire.xsd" spUrl="https://www.service-public.fr/particuliers/vosdroits/R58634"><dc:title>Relevé d'heures supplémentaires (Modèle de document)</dc:title><dc:creator>Direction de l'information légale et administrative</dc:creator><dc:subject>Travail - Formation</dc:subject><dc:description>Relevé d'heures supplémentaires - Modèle de document</dc:description><dc:publisher>Direction de l'information légale et administrative</dc:publisher><dc:contributor>Direction de l'information légale et administrative (Premier ministre)</dc:contributor><dc:date>modified 2023-05-04</dc:date><dc:type>Modèle de document</dc:type><dc:format>text/xml</dc:format><dc:identifier>R58634</dc:identifier><dc:language>Fr</dc:language><dc:coverage>France entière</dc:coverage><dc:rights>https://www.service-public.fr/a-propos/mentions-legales</dc:rights><SurTitre>Modèle de document</SurTitre><Audience>Particuliers</Audience><Canal>www.service-public.fr</Canal><FilDAriane><Niveau ID="Particuliers">Accueil particuliers</Niveau><Niveau ID="servicesEnLigne" type="Liste - Service en ligne">Services en ligne et formulaires</Niveau><Niveau ID="R58634" type="Modèle de document">Relevé d'heures supplémentaires</Niveau></FilDAriane><Theme ID="N19806"><Titre>Travail - Formation</Titre><Audience>Particuliers</Audience></Theme><LienWeb URL="https://code.travail.gouv.fr/modeles-de-courriers/releve-dheures-supplementaires?src_url=https://service-public.fr/particuliers/vosdroits/F2391"><Source>Ministère chargé du travail</Source></LienWeb><FicheLiee ID="F2391" audience="Particuliers" type="Fiche d'information conditionnée"><Titre>Heures supplémentaires d'un salarié du secteur privé</Titre><Dossier ID="N458">Temps de travail dans le secteur privé</Dossier></FicheLiee></ServiceComplementaire>