<?xml version="1.0" encoding="UTF-8"?><ServiceComplementaire xmlns:dc="http://purl.org/dc/elements/1.1/" xmlns:xsi="http://www.w3.org/2001/XMLSchema-instance" ID="R58786" type="Formulaire" xsi:noNamespaceSchemaLocation="../Schemas/3.4/ServiceComplementaire.xsd" spUrl="https://www.service-public.fr/particuliers/vosdroits/R58786"><dc:title>Déclaration de candidature aux élections régionales - Formulaire à remplir par chaque candidat de la liste (Formulaire 15407*02)</dc:title><dc:creator>Direction de l'information légale et administrative</dc:creator><dc:subject>Papiers - Citoyenneté - Élections</dc:subject><dc:description>Déclaration de candidature aux élections régionales - Formulaire à remplir par chaque candidat de la liste - Formulaire</dc:description><dc:publisher>Direction de l'information légale et administrative</dc:publisher><dc:contributor>Direction de l'information légale et administrative (Premier ministre)</dc:contributor><dc:date>modified 2021-03-23</dc:date><dc:type>Formulaire</dc:type><dc:format>text/xml</dc:format><dc:identifier>R58786</dc:identifier><dc:language>Fr</dc:language><dc:coverage>France entière</dc:coverage><dc:rights>https://www.service-public.fr/a-propos/mentions-legales</dc:rights><SurTitre>Formulaire</SurTitre><Audience>Particuliers</Audience><Canal>www.service-public.fr</Canal><FilDAriane><Niveau ID="Particuliers">Accueil particuliers</Niveau><Niveau ID="servicesEnLigne" type="Liste - Service en ligne">Services en ligne et formulaires</Niveau><Niveau ID="R58786" type="Formulaire">Déclaration de candidature aux élections régionales - Formulaire à remplir par chaque candidat de la liste</Niveau></FilDAriane><Theme ID="N19810"><Titre>Papiers - Citoyenneté - Élections</Titre><Audience>Particuliers</Audience></Theme><NumeroCerfa>15407*02</NumeroCerfa><LienWeb URL="https://www.service-public.fr/simulateur/calcul/15407"><Source>Ministère chargé de l'intérieur</Source></LienWeb><FicheLiee ID="F1958" audience="Particuliers" type="Fiche d'information conditionnée"><Titre>Élections régionales et élections départementales (ex-cantonales)</Titre><Dossier ID="N47">Élections</Dossier></FicheLiee><Dossier ID="N47"><Titre>Élections</Titre><Audience>Particuliers</Audience></Dossier></ServiceComplementaire>