<?xml version="1.0" encoding="UTF-8"?><ServiceComplementaire xmlns:dc="http://purl.org/dc/elements/1.1/" xmlns:xsi="http://www.w3.org/2001/XMLSchema-instance" ID="R58896" type="Formulaire" xsi:noNamespaceSchemaLocation="../Schemas/3.4/ServiceComplementaire.xsd" spUrl="https://www.service-public.fr/particuliers/vosdroits/R58896"><dc:title>Convention d'accueil d'un chercheur ou d'un enseignant étranger (Formulaire 16079*03)</dc:title><dc:creator>Direction de l'information légale et administrative</dc:creator><dc:subject>Famille - Scolarité</dc:subject><dc:description>Permet l'accueil en France d'un chercheur ou enseignant non ressortissant de l'Union européenne, de l'Espace économique européen ou de la Confédération suisse, par un organisme agréé à cet effet.</dc:description><dc:publisher>Direction de l'information légale et administrative</dc:publisher><dc:contributor>Direction de l'information légale et administrative (Premier ministre)</dc:contributor><dc:date>modified 2021-06-24</dc:date><dc:type>Formulaire</dc:type><dc:format>text/xml</dc:format><dc:identifier>R58896</dc:identifier><dc:language>Fr</dc:language><dc:coverage>France entière</dc:coverage><dc:rights>https://www.service-public.fr/a-propos/mentions-legales</dc:rights><SurTitre>Formulaire</SurTitre><Audience>Particuliers</Audience><Canal>www.service-public.fr</Canal><FilDAriane><Niveau ID="Particuliers">Accueil particuliers</Niveau><Niveau ID="servicesEnLigne" type="Liste - Service en ligne">Services en ligne et formulaires</Niveau><Niveau ID="R58896" type="Formulaire">Convention d'accueil d'un chercheur ou d'un enseignant étranger</Niveau></FilDAriane><Theme ID="N19805"><Titre>Famille - Scolarité</Titre><Audience>Particuliers</Audience></Theme><NumeroCerfa>16079*03</NumeroCerfa><Texte><Paragraphe>Permet l'accueil en France d'un chercheur ou enseignant non ressortissant de <LienIntra LienID="R41270" type="Définition de glossaire">l'Union européenne</LienIntra>, de <LienIntra LienID="R42218" type="Définition de glossaire">l'Espace économique européen</LienIntra> ou de la Confédération suisse, par un organisme agréé à cet effet.</Paragraphe></Texte><LienWeb URL="https://www.formulaires.service-public.fr/gf/cerfa_16079.do" format="application/pdf" poids="1008.4 KB"><Source>Ministère chargé de l'enseignement supérieur, de la recherche et de l'innovation</Source></LienWeb><Definition ID="R41270"><Titre>Union européenne (UE)</Titre><Texte><Paragraphe>Allemagne, Autriche, Belgique, Bulgarie, Chypre, Croatie, Danemark, Espagne, Estonie, Finlande, France, Grèce, Hongrie, Irlande, Italie, Lituanie, Lettonie, Luxembourg, Malte, Pays-Bas, Pologne, Portugal, République tchèque, Roumanie, Slovaquie, Slovénie, Suède</Paragraphe></Texte></Definition><Definition ID="R42218"><Titre>Espace économique européen (EEE)</Titre><Texte><Paragraphe>Allemagne, Autriche, Belgique, Bulgarie, Chypre, Croatie, Danemark, Espagne, Estonie, Finlande, France, Grèce, Hongrie, Irlande, Islande, Italie, Lettonie, Liechtenstein, Lituanie, Luxembourg, Malte, Norvège, Pays-Bas, Pologne, Portugal, République tchèque, Roumanie, Slovaquie, Slovénie, Suède</Paragraphe></Texte></Definition><OuSAdresser ID="R2487" sve="non" type="Local personnalisable"><Titre>Établissement d'enseignement supérieur</Titre><PivotLocal>etablissement_enseignement_superieur</PivotLocal><RessourceWeb URL="https://data.enseignementsup-recherche.gouv.fr/explore/dataset/fr-esr-principaux-etablissements-enseignement-superieur/map/?disjunctive.type_d_etablissement&amp;disjunctive.typologie_d_universites_et_assimiles&amp;refine.type_d_etablissement=Universit%C3%A9&amp;location=7,49.05227,1.73035&amp;basemap=e69ab1"/></OuSAdresser><Dossier ID="N31346"><Titre>Étudiant étranger en France</Titre><Audience>Particuliers</Audience></Dossier></ServiceComplementaire>