<?xml version="1.0" encoding="UTF-8"?><ServiceComplementaire xmlns:dc="http://purl.org/dc/elements/1.1/" xmlns:xsi="http://www.w3.org/2001/XMLSchema-instance" ID="R59207" type="Téléservice" xsi:noNamespaceSchemaLocation="../Schemas/3.4/ServiceComplementaire.xsd" spUrl="https://www.service-public.fr/particuliers/vosdroits/R59207"><dc:title>Victime d'acte de terrorisme : faire une demande d'indemnisation auprès du fonds de garantie des victimes (Service en ligne)</dc:title><dc:creator>Direction de l'information légale et administrative</dc:creator><dc:subject>Justice</dc:subject><dc:description>Victime d'acte de terrorisme : faire une demande d'indemnisation auprès du fonds de garantie des victimes - Service en ligne</dc:description><dc:publisher>Direction de l'information légale et administrative</dc:publisher><dc:contributor>Direction de l'information légale et administrative (Premier ministre)</dc:contributor><dc:date>modified 2022-09-27</dc:date><dc:type>Service en ligne</dc:type><dc:format>text/xml</dc:format><dc:identifier>R59207</dc:identifier><dc:language>Fr</dc:language><dc:coverage>France entière</dc:coverage><dc:rights>https://www.service-public.fr/a-propos/mentions-legales</dc:rights><SurTitre>Service en ligne</SurTitre><Audience>Particuliers</Audience><Canal>www.service-public.fr</Canal><FilDAriane><Niveau ID="Particuliers">Accueil particuliers</Niveau><Niveau ID="servicesEnLigne" type="Liste - Service en ligne">Services en ligne et formulaires</Niveau><Niveau ID="R59207" type="Téléservice">Victime d'acte de terrorisme : faire une demande d'indemnisation auprès du fonds de garantie des victimes</Niveau></FilDAriane><Theme ID="N19807"><Titre>Justice</Titre><Audience>Particuliers</Audience></Theme><LienWeb URL="https://www.fondsdegarantie.fr/wp-content/uploads/2018/08/Formulaire_indemnisation_terrorisme_Victime.pdf" format="application/pdf" poids="236.7 KB"><Source>Ministère chargé de la justice</Source></LienWeb><FicheLiee ID="F2313" audience="Particuliers" type="Fiche d'information conditionnée"><Titre>Victime d'infraction : indemnisation par le fonds de garantie des victimes</Titre><Dossier ID="N19679">Indemnisation du préjudice</Dossier></FicheLiee></ServiceComplementaire>