<?xml version="1.0" encoding="UTF-8"?><ServiceComplementaire xmlns:dc="http://purl.org/dc/elements/1.1/" xmlns:xsi="http://www.w3.org/2001/XMLSchema-instance" ID="R59992" type="Outil de recherche" xsi:noNamespaceSchemaLocation="../Schemas/3.4/ServiceComplementaire.xsd" spUrl="https://www.service-public.fr/particuliers/vosdroits/R59992"><dc:title>Consulter les réserves naturelles par région (Outil de recherche)</dc:title><dc:creator>Direction de l'information légale et administrative</dc:creator><dc:subject>Loisirs - Sports - Culture</dc:subject><dc:description>Consulter les réserves naturelles par région - Outil de recherche</dc:description><dc:publisher>Direction de l'information légale et administrative</dc:publisher><dc:contributor>Direction de l'information légale et administrative (Premier ministre)</dc:contributor><dc:date>modified 2023-05-02</dc:date><dc:type>Outil de recherche</dc:type><dc:format>text/xml</dc:format><dc:identifier>R59992</dc:identifier><dc:language>Fr</dc:language><dc:coverage>France entière</dc:coverage><dc:rights>https://www.service-public.fr/a-propos/mentions-legales</dc:rights><SurTitre>Outil de recherche</SurTitre><Audience>Particuliers</Audience><Canal>www.service-public.fr</Canal><FilDAriane><Niveau ID="Particuliers">Accueil particuliers</Niveau><Niveau ID="servicesEnLigne" type="Liste - Service en ligne">Services en ligne et formulaires</Niveau><Niveau ID="R59992" type="Outil de recherche">Consulter les réserves naturelles par région</Niveau></FilDAriane><Theme ID="N19809"><Titre>Loisirs - Sports - Culture</Titre><Audience>Particuliers</Audience></Theme><LienWeb URL="http://www.reserves-naturelles.org/liste-par-region"><Source>Réserves naturelles de France</Source></LienWeb><FicheLiee ID="F2093" audience="Particuliers" type="Fiche d'information conditionnée"><Titre>Achat et détention d'une arme de chasse</Titre><Dossier ID="N553">Chasse</Dossier></FicheLiee><FicheLiee ID="F15819" audience="Particuliers" type="Fiche Question-réponse conditionnée"><Titre>Chasse accompagnée : comment chasser avant d'obtenir son permis ?</Titre><Dossier ID="N553">Chasse</Dossier></FicheLiee><FicheLiee ID="F2088" audience="Particuliers" type="Fiche d'information conditionnée"><Titre>Examen du permis de chasser </Titre><Dossier ID="N553">Chasse</Dossier></FicheLiee><FicheLiee ID="F2091" audience="Particuliers" type="Fiche d'information conditionnée"><Titre>Validation annuelle du permis de chasser</Titre><Dossier ID="N553">Chasse</Dossier></FicheLiee><Dossier ID="N553"><Titre>Chasse</Titre><Audience>Particuliers</Audience></Dossier></ServiceComplementaire>