<?xml version="1.0" encoding="UTF-8"?><ServiceComplementaire xmlns:dc="http://purl.org/dc/elements/1.1/" xmlns:xsi="http://www.w3.org/2001/XMLSchema-instance" ID="R60042" type="Outil de recherche" xsi:noNamespaceSchemaLocation="../Schemas/3.4/ServiceComplementaire.xsd" spUrl="https://www.service-public.fr/particuliers/vosdroits/R60042"><dc:title>Permis de conduire : trouver une école labellisée près de chez vous (Outil de recherche)</dc:title><dc:creator>Direction de l'information légale et administrative</dc:creator><dc:subject>Transports - Mobilité</dc:subject><dc:description>Permis de conduire : trouver une école labellisée près de chez vous - Outil de recherche</dc:description><dc:publisher>Direction de l'information légale et administrative</dc:publisher><dc:contributor>Direction de l'information légale et administrative (Premier ministre)</dc:contributor><dc:date>modified 2022-03-11</dc:date><dc:type>Outil de recherche</dc:type><dc:format>text/xml</dc:format><dc:identifier>R60042</dc:identifier><dc:language>Fr</dc:language><dc:coverage>France entière</dc:coverage><dc:rights>https://www.service-public.fr/a-propos/mentions-legales</dc:rights><SurTitre>Outil de recherche</SurTitre><Audience>Particuliers</Audience><Canal>www.service-public.fr</Canal><FilDAriane><Niveau ID="Particuliers">Accueil particuliers</Niveau><Niveau ID="servicesEnLigne" type="Liste - Service en ligne">Services en ligne et formulaires</Niveau><Niveau ID="R60042" type="Outil de recherche">Permis de conduire : trouver une école labellisée près de chez vous</Niveau></FilDAriane><Theme ID="N19812"><Titre>Transports - Mobilité</Titre><Audience>Particuliers</Audience></Theme><LienWeb URL="https://autoecoles.securite-routiere.gouv.fr/#/"><Source>Ministère chargé de l'intérieur</Source></LienWeb><FicheLiee ID="F2890" audience="Particuliers" type="Fiche d'information conditionnée"><Titre>Brevet de sécurité routière (BSR), catégorie AM du permis de conduire</Titre><Dossier ID="N530">Permis de conduire</Dossier></FicheLiee><FicheLiee ID="F2828" audience="Particuliers" type="Fiche d'information conditionnée"><Titre>Permis B : voiture ou camionnette</Titre><Dossier ID="N530">Permis de conduire</Dossier></FicheLiee><FicheLiee ID="F2833" audience="Particuliers" type="Fiche d'information conditionnée"><Titre>Permis B1 : quadricycle lourd à moteur</Titre><Dossier ID="N530">Permis de conduire</Dossier></FicheLiee><FicheLiee ID="F31121" audience="Particuliers" type="Fiche d'information conditionnée"><Titre>Permis C1 : véhicule compris entre 3,5 et 7,5 tonnes</Titre><Dossier ID="N530">Permis de conduire</Dossier></FicheLiee><FicheLiee ID="F31124" audience="Particuliers" type="Fiche d'information conditionnée"><Titre>Permis C1E : véhicule entre 3,5 et 7,5 tonnes avec remorque de plus de 750 kg</Titre><Dossier ID="N530">Permis de conduire</Dossier></FicheLiee><FicheLiee ID="F2846" audience="Particuliers" type="Fiche d'information conditionnée"><Titre>Permis CE : véhicule de plus de 3,5 tonnes avec remorque de plus de 750 kg</Titre><Dossier ID="N530">Permis de conduire</Dossier></FicheLiee><FicheLiee ID="F2844" audience="Particuliers" type="Fiche d'information conditionnée"><Titre>Permis D : transport de personnes - plus de 8 passagers</Titre><Dossier ID="N530">Permis de conduire</Dossier></FicheLiee><FicheLiee ID="F31128" audience="Particuliers" type="Fiche d'information conditionnée"><Titre>Permis D1 : transport de 16 passagers et longueur de 8 mètres</Titre><Dossier ID="N530">Permis de conduire</Dossier></FicheLiee><FicheLiee ID="F31129" audience="Particuliers" type="Fiche d'information conditionnée"><Titre>Permis D1E : transport de personnes - 16 passagers et remorque de + de 750 kg</Titre><Dossier ID="N530">Permis de conduire</Dossier></FicheLiee><FicheLiee ID="F2848" audience="Particuliers" type="Fiche d'information conditionnée"><Titre>Permis DE : transport de personnes + de 8 passagers et remorque de + de 750 kg</Titre><Dossier ID="N530">Permis de conduire</Dossier></FicheLiee><FicheLiee ID="F2826" audience="Particuliers" type="Fiche d'information conditionnée"><Titre>Permis de conduire : apprentissage anticipé (AAC) à partir de 15 ans</Titre><Dossier ID="N530">Permis de conduire</Dossier></FicheLiee><FicheLiee ID="F33694" audience="Particuliers" type="Fiche Question-réponse conditionnée"><Titre>Permis de conduire : comment passer le code (épreuve théorique commune ou ETG) ?</Titre><Dossier ID="N530">Permis de conduire</Dossier></FicheLiee><FicheLiee ID="F21012" audience="Particuliers" type="Fiche d'information conditionnée"><Titre>Permis de conduire : conduite supervisée à partir de 18 ans</Titre><Dossier ID="N530">Permis de conduire</Dossier></FicheLiee><FicheLiee ID="F2845" audience="Particuliers" type="Fiche d'information conditionnée"><Titre>Permis de conduire BE : voiture avec remorque (voiture + remorque &gt; 4250 kg)</Titre><Dossier ID="N530">Permis de conduire</Dossier></FicheLiee><FicheLiee ID="F2830" audience="Particuliers" type="Fiche d'information conditionnée"><Titre>Permis moto : permis A</Titre><Dossier ID="N530">Permis de conduire</Dossier></FicheLiee><FicheLiee ID="F2832" audience="Particuliers" type="Fiche d'information conditionnée"><Titre>Permis moto : permis A1 ou permis 125 (moto légère)</Titre><Dossier ID="N530">Permis de conduire</Dossier></FicheLiee><FicheLiee ID="F31083" audience="Particuliers" type="Fiche d'information conditionnée"><Titre>Permis moto : permis A2 (moto de puissance intermédiaire)</Titre><Dossier ID="N530">Permis de conduire</Dossier></FicheLiee><FicheLiee ID="F2843" audience="Particuliers" type="Fiche d'information conditionnée"><Titre>Permis poids lourd de catégorie C  : plus de 3,5 tonnes</Titre><Dossier ID="N530">Permis de conduire</Dossier></FicheLiee><FicheLiee ID="F45" audience="Particuliers" type="Fiche Question-réponse conditionnée"><Titre>Peut-on conduire un scooter 3 roues ou une moto 125 avec le permis B ?</Titre><Dossier ID="N530">Permis de conduire</Dossier></FicheLiee><FicheLiee ID="F2390" audience="Particuliers" type="Fiche Question-réponse conditionnée"><Titre>Qu'est-ce que le permis de conduire probatoire ?</Titre><Dossier ID="N530">Permis de conduire</Dossier></FicheLiee><FicheLiee ID="F32927" audience="Particuliers" type="Fiche Question-réponse conditionnée"><Titre>Quelle amende en cas de non respect d'une restriction du permis de conduire (port de lunettes...) ?</Titre><Dossier ID="N530">Permis de conduire</Dossier></FicheLiee><FicheLiee ID="F13609" audience="Particuliers" type="Fiche Question-réponse conditionnée"><Titre>Quelles aides pour financer le permis de conduire ?</Titre><Dossier ID="N530">Permis de conduire</Dossier></FicheLiee><FicheLiee ID="F12096" audience="Particuliers" type="Fiche Question-réponse conditionnée"><Titre>Quel permis pour quelle catégorie de véhicules ?</Titre><Dossier ID="N530">Permis de conduire</Dossier></FicheLiee><Dossier ID="N530"><Titre>Permis de conduire</Titre><Audience>Particuliers</Audience></Dossier></ServiceComplementaire>