<?xml version="1.0" encoding="UTF-8"?><ServiceComplementaire xmlns:dc="http://purl.org/dc/elements/1.1/" xmlns:xsi="http://www.w3.org/2001/XMLSchema-instance" ID="R62916" type="Outil de recherche" xsi:noNamespaceSchemaLocation="../Schemas/3.4/ServiceComplementaire.xsd" spUrl="https://www.service-public.fr/particuliers/vosdroits/R62916"><dc:title>Bordeaux : estimer les loyers de référence (bail signé depuis le 15 juillet 2022) (Outil de recherche)</dc:title><dc:creator>Direction de l'information légale et administrative</dc:creator><dc:subject>Logement</dc:subject><dc:description>Permet d'estimer les loyers de référence (loyer de référence minoré et majoré) pour un logement situé à Bordeaux, lorsque le bail d'habitation a été signé depuis le 15 juillet 2022.</dc:description><dc:publisher>Direction de l'information légale et administrative</dc:publisher><dc:contributor>Direction de l'information légale et administrative (Premier ministre)</dc:contributor><dc:date>modified 2022-07-12</dc:date><dc:type>Outil de recherche</dc:type><dc:format>text/xml</dc:format><dc:identifier>R62916</dc:identifier><dc:language>Fr</dc:language><dc:coverage>France entière</dc:coverage><dc:rights>https://www.service-public.fr/a-propos/mentions-legales</dc:rights><SurTitre>Outil de recherche</SurTitre><Audience>Particuliers</Audience><Canal>www.service-public.fr</Canal><FilDAriane><Niveau ID="Particuliers">Accueil particuliers</Niveau><Niveau ID="servicesEnLigne" type="Liste - Service en ligne">Services en ligne et formulaires</Niveau><Niveau ID="R62916" type="Outil de recherche">Bordeaux : estimer les loyers de référence (bail signé depuis le 15 juillet 2022)</Niveau></FilDAriane><Theme ID="N19808"><Titre>Logement</Titre><Audience>Particuliers</Audience></Theme><Texte><Paragraphe>Permet d'estimer les loyers de référence (loyer de référence minoré et majoré) pour un logement situé à Bordeaux, lorsque le bail d'habitation a été signé depuis le 15 juillet 2022.</Paragraphe></Texte><LienWeb URL="https://geo.bordeaux-metropole.fr/encadrement-des-loyers/"><Source>Métropole de Bordeaux</Source></LienWeb><FicheLiee ID="F34401" audience="Particuliers" type="Fiche Question-réponse conditionnée"><Titre>Complément de loyer : quelles sont les règles ?</Titre><Dossier ID="N337">Location immobilière : loyer</Dossier></FicheLiee><FicheLiee ID="F1314" audience="Particuliers" type="Fiche Question-réponse conditionnée"><Titre>En quoi consiste l'encadrement des loyers à respecter en zone tendue ?</Titre><Dossier ID="N337">Location immobilière : loyer</Dossier></FicheLiee><FicheLiee ID="F36487" audience="Particuliers" type="Fiche d'information conditionnée"><Titre>Montant du loyer à Bordeaux</Titre><Dossier ID="N337">Location immobilière : loyer</Dossier></FicheLiee><FicheLiee ID="F31301" audience="Particuliers" type="Fiche Question-réponse conditionnée"><Titre>Que faire en cas de litige lié à la location d'un logement ?</Titre><Dossier ID="N349">Location immobilière : contrat de location (bail)</Dossier></FicheLiee></ServiceComplementaire>