<?xml version="1.0" encoding="UTF-8"?><ServiceComplementaire xmlns:dc="http://purl.org/dc/elements/1.1/" xmlns:xsi="http://www.w3.org/2001/XMLSchema-instance" ID="R63186" type="Formulaire" xsi:noNamespaceSchemaLocation="../Schemas/3.4/ServiceComplementaire.xsd" spUrl="https://www.service-public.fr/particuliers/vosdroits/R63186"><dc:title>Maladie à déclaration obligatoire - Orthopoxviroses (dont la variole) (Formulaire 12218*03)</dc:title><dc:creator>Direction de l'information légale et administrative</dc:creator><dc:subject>Social - Santé</dc:subject><dc:description>Maladie à déclaration obligatoire - Orthopoxviroses (dont la variole) - Formulaire</dc:description><dc:publisher>Direction de l'information légale et administrative</dc:publisher><dc:contributor>Direction de l'information légale et administrative (Premier ministre)</dc:contributor><dc:date>modified 2022-09-09</dc:date><dc:type>Formulaire</dc:type><dc:format>text/xml</dc:format><dc:identifier>R63186</dc:identifier><dc:language>Fr</dc:language><dc:coverage>France entière</dc:coverage><dc:rights>https://www.service-public.fr/a-propos/mentions-legales</dc:rights><SurTitre>Formulaire</SurTitre><Audience>Particuliers</Audience><Canal>www.service-public.fr</Canal><FilDAriane><Niveau ID="Particuliers">Accueil particuliers</Niveau><Niveau ID="servicesEnLigne" type="Liste - Service en ligne">Services en ligne et formulaires</Niveau><Niveau ID="R63186" type="Formulaire">Maladie à déclaration obligatoire - Orthopoxviroses (dont la variole)</Niveau></FilDAriane><Theme ID="N19811"><Titre>Social - Santé</Titre><Audience>Particuliers</Audience></Theme><NumeroCerfa>12218*03</NumeroCerfa><LienWeb URL="https://www.formulaires.service-public.fr/gf/cerfa_12218.do" format="application/pdf" poids="722.2 KB"><Source>Santé publique France</Source></LienWeb><OuSAdresser ID="R15300" sve="non" type="Local personnalisable"><Titre>Agence régionale de santé (ARS)</Titre><PivotLocal>ars</PivotLocal><RessourceWeb URL="https://www.ars.sante.fr/"/><Source ID="R30662">Ministère chargé de la santé</Source></OuSAdresser><Dossier ID="N434"><Titre>Prévention - Vaccinations</Titre><Audience>Particuliers</Audience></Dossier></ServiceComplementaire>