<?xml version="1.0" encoding="UTF-8"?><ServiceComplementaire xmlns:dc="http://purl.org/dc/elements/1.1/" xmlns:xsi="http://www.w3.org/2001/XMLSchema-instance" ID="R63181" type="Formulaire" xsi:noNamespaceSchemaLocation="../Schemas/3.4/ServiceComplementaire.xsd" spUrl="https://www.service-public.fr/particuliers/vosdroits/R63181"><dc:title>Diagnostic social et financier (Formulaire 16227*01)</dc:title><dc:creator>Direction de l'information légale et administrative</dc:creator><dc:subject>Logement</dc:subject><dc:description>Permet à un intervenant social ou à un juriste qui appartient à un organisme désigné (par exemple : services du département, Caf, Adil), d'établir le diagnostic social et financier relatif au locataire, dans le cadre d'une procédure judiciaire pour expulsion locative en cas d'impayés.</dc:description><dc:publisher>Direction de l'information légale et administrative</dc:publisher><dc:contributor>Direction de l'information légale et administrative (Premier ministre)</dc:contributor><dc:date>modified 2023-08-09</dc:date><dc:type>Formulaire</dc:type><dc:format>text/xml</dc:format><dc:identifier>R63181</dc:identifier><dc:language>Fr</dc:language><dc:coverage>France entière</dc:coverage><dc:rights>https://www.service-public.fr/a-propos/mentions-legales</dc:rights><SurTitre>Formulaire</SurTitre><Audience>Particuliers</Audience><Canal>www.service-public.fr</Canal><FilDAriane><Niveau ID="Particuliers">Accueil particuliers</Niveau><Niveau ID="servicesEnLigne" type="Liste - Service en ligne">Services en ligne et formulaires</Niveau><Niveau ID="R63181" type="Formulaire">Diagnostic social et financier</Niveau></FilDAriane><Theme ID="N19808"><Titre>Logement</Titre><Audience>Particuliers</Audience></Theme><NumeroCerfa>16227*01</NumeroCerfa><Texte><Paragraphe>Permet à un intervenant social ou à un juriste qui appartient à un organisme désigné (par exemple : services du département, Caf, Adil), d'établir le diagnostic social et financier relatif au locataire, dans le cadre d'une procédure judiciaire pour expulsion locative en cas d'impayés.</Paragraphe></Texte><LienWeb URL="https://www.formulaires.service-public.fr/gf/cerfa_16227.do"><Source>Ministère chargé du logement</Source></LienWeb><FicheLiee ID="F31272" audience="Particuliers" type="Fiche d'information conditionnée"><Titre>Loyers impayés et expulsion du locataire</Titre><Dossier ID="N19424">Location immobilière : obligations du locataire</Dossier></FicheLiee></ServiceComplementaire>