<?xml version="1.0" encoding="UTF-8"?><ServiceComplementaire xmlns:dc="http://purl.org/dc/elements/1.1/" xmlns:xsi="http://www.w3.org/2001/XMLSchema-instance" ID="R63415" type="Outil de recherche" xsi:noNamespaceSchemaLocation="../Schemas/3.4/ServiceComplementaire.xsd" spUrl="https://www.service-public.fr/particuliers/vosdroits/R63415"><dc:title>Connaître les services accessibles aux personnes sourdes ou malentendantes (Outil de recherche)</dc:title><dc:creator>Direction de l'information légale et administrative</dc:creator><dc:subject>Travail - Formation, Social - Santé</dc:subject><dc:description>La Fédération française de l'accessibilité recense les établissements publics (État, administrations, collectivités territoriales) et privés qui sont accessibles aux personnes sourdes et malentendantes. Les services sont classés par domaine (par exemple : Emploi, Banque/Assurance, Hôpitaux). Une fois le service sélectionné, vous êtes envoyé vers une page permettant de choisir votre mode de communication ou contact (par exemple : appel, vidéo, langue des signes, tchat). À savoir : certains établissements sont également accessibles aux personnes sourdaveugles et aux personnes ayant des troubles du langage.</dc:description><dc:publisher>Direction de l'information légale et administrative</dc:publisher><dc:contributor>Direction de l'information légale et administrative (Premier ministre)</dc:contributor><dc:date>modified 2023-10-09</dc:date><dc:type>Outil de recherche</dc:type><dc:format>text/xml</dc:format><dc:identifier>R63415</dc:identifier><dc:language>Fr</dc:language><dc:coverage>France entière</dc:coverage><dc:rights>https://www.service-public.fr/a-propos/mentions-legales</dc:rights><SurTitre>Outil de recherche</SurTitre><Audience>Particuliers</Audience><Canal>www.service-public.fr</Canal><FilDAriane><Niveau ID="Particuliers">Accueil particuliers</Niveau><Niveau ID="servicesEnLigne" type="Liste - Service en ligne">Services en ligne et formulaires</Niveau><Niveau ID="R63415" type="Outil de recherche">Connaître les services accessibles aux personnes sourdes ou malentendantes</Niveau></FilDAriane><Theme ID="N19806"><Titre>Travail - Formation</Titre><Audience>Particuliers</Audience></Theme><Theme ID="N19811"><Titre>Social - Santé</Titre><Audience>Particuliers</Audience></Theme><Texte><Paragraphe>La Fédération française de l'accessibilité recense les établissements publics (État, administrations, collectivités territoriales) et privés qui sont accessibles aux personnes sourdes et malentendantes.</Paragraphe><Paragraphe>Les services sont classés par domaine (par exemple : Emploi, Banque/Assurance, Hôpitaux).</Paragraphe><Paragraphe>Une fois le service sélectionné, vous êtes envoyé vers une page permettant de choisir votre mode de communication ou contact (par exemple : appel, vidéo, langue des signes, tchat).</Paragraphe><ASavoir><Titre>À savoir</Titre><Paragraphe>certains établissements sont également accessibles aux personnes sourdaveugles et aux personnes ayant des troubles du langage.</Paragraphe></ASavoir></Texte><LienWeb URL="https://ffaccessibilite.fr/services/"><Source>Fédération française de l'accessibilité</Source></LienWeb><Dossier ID="N12230"><Titre>Handicap : allocations (AAH, AEEH) et aides</Titre><Audience>Particuliers</Audience></Dossier><Dossier ID="N332"><Titre>Hébergement d'une personne en situation de handicap</Titre><Audience>Particuliers</Audience></Dossier><Dossier ID="N198"><Titre>Formation des personnes handicapées</Titre><Audience>Particuliers</Audience></Dossier><Dossier ID="N451"><Titre>Handicap et emploi dans le secteur privé</Titre><Audience>Particuliers</Audience></Dossier></ServiceComplementaire>