<?xml version="1.0" encoding="UTF-8"?><ServiceComplementaire xmlns:dc="http://purl.org/dc/elements/1.1/" xmlns:xsi="http://www.w3.org/2001/XMLSchema-instance" ID="R64184" type="Simulateur" xsi:noNamespaceSchemaLocation="../Schemas/3.4/ServiceComplementaire.xsd" spUrl="https://www.service-public.fr/particuliers/vosdroits/R64184" dateDerniereModificationImportante="2023-01-26T00:00:00"><dc:title>Frais d'état des lieux : estimer la part du locataire (Simulateur)</dc:title><dc:creator>Direction de l'information légale et administrative</dc:creator><dc:subject>Logement</dc:subject><dc:description>Ce simulateur calcule comment partager, entre le locataire et le propriétaire, les frais que l'agence immobilière facture pour un état des lieux d'entrée. Attention : ce simulateur ne concerne pas le partage des autres frais d'agence immobilière (frais de rédaction du bail, de visite du logement, d'ouverture de dossier).</dc:description><dc:publisher>Direction de l'information légale et administrative</dc:publisher><dc:contributor>Direction de l'information légale et administrative (Premier ministre)</dc:contributor><dc:date>modified 2023-01-26</dc:date><dc:type>Simulateur</dc:type><dc:format>text/xml</dc:format><dc:identifier>R64184</dc:identifier><dc:language>Fr</dc:language><dc:coverage>France entière</dc:coverage><dc:rights>https://www.service-public.fr/a-propos/mentions-legales</dc:rights><SurTitre>Simulateur</SurTitre><Audience>Particuliers</Audience><Canal>www.service-public.fr</Canal><FilDAriane><Niveau ID="Particuliers">Accueil particuliers</Niveau><Niveau ID="servicesEnLigne" type="Liste - Service en ligne">Services en ligne et formulaires</Niveau><Niveau ID="R64184" type="Simulateur">Frais d'état des lieux : estimer la part du locataire</Niveau></FilDAriane><Theme ID="N19808"><Titre>Logement</Titre><Audience>Particuliers</Audience></Theme><Texte><Paragraphe>Ce simulateur calcule comment partager, entre le locataire et le propriétaire, les frais que l'agence immobilière facture pour un état des lieux d'entrée.</Paragraphe><Attention><Titre>Attention</Titre><Paragraphe>ce simulateur ne concerne pas le <LienInterne LienPublication="F375" type="Fiche d'information conditionnée" audience="Particuliers">partage des autres frais d'agence immobilière (frais de rédaction du bail, de visite du logement, d'ouverture de dossier)</LienInterne>.</Paragraphe></Attention></Texte><LienWeb URL="https://www.service-public.fr/simulateur/calcul/LocationImmobiliereEtatDesLieux"><Source>Direction de l'information légale et administrative (Dila) - Premier ministre</Source></LienWeb><FicheLiee ID="F375" audience="Particuliers" type="Fiche d'information conditionnée"><Titre>Frais d'agence immobilière à la location d'un logement d'habitation</Titre><Dossier ID="N292">Devenir locataire d'un logement privé</Dossier></FicheLiee><FicheLiee ID="F10696" audience="Particuliers" type="Fiche Question-réponse conditionnée"><Titre>Peut-on faire payer les frais d'état des lieux au locataire ?</Titre><Dossier ID="N349">Location immobilière : contrat de location (bail)</Dossier></FicheLiee></ServiceComplementaire>