<?xml version="1.0" encoding="UTF-8"?><ServiceComplementaire xmlns:dc="http://purl.org/dc/elements/1.1/" xmlns:xsi="http://www.w3.org/2001/XMLSchema-instance" ID="R64294" type="Outil de recherche" xsi:noNamespaceSchemaLocation="../Schemas/3.4/ServiceComplementaire.xsd" spUrl="https://www.service-public.fr/particuliers/vosdroits/R64294"><dc:title>Connaitre les prestations familiales auxquelles vous avez droit en cas de détachement (Outil de recherche)</dc:title><dc:creator>Direction de l'information légale et administrative</dc:creator><dc:subject>Famille - Scolarité</dc:subject><dc:description>Connaitre les prestations familiales auxquelles vous avez droit en cas de détachement - Outil de recherche</dc:description><dc:publisher>Direction de l'information légale et administrative</dc:publisher><dc:contributor>Direction de l'information légale et administrative (Premier ministre)</dc:contributor><dc:date>modified 2023-01-31</dc:date><dc:type>Outil de recherche</dc:type><dc:format>text/xml</dc:format><dc:identifier>R64294</dc:identifier><dc:language>Fr</dc:language><dc:coverage>France entière</dc:coverage><dc:rights>https://www.service-public.fr/a-propos/mentions-legales</dc:rights><SurTitre>Outil de recherche</SurTitre><Audience>Particuliers</Audience><Canal>www.service-public.fr</Canal><FilDAriane><Niveau ID="Particuliers">Accueil particuliers</Niveau><Niveau ID="servicesEnLigne" type="Liste - Service en ligne">Services en ligne et formulaires</Niveau><Niveau ID="R64294" type="Outil de recherche">Connaitre les prestations familiales auxquelles vous avez droit en cas de détachement</Niveau></FilDAriane><Theme ID="N19805"><Titre>Famille - Scolarité</Titre><Audience>Particuliers</Audience></Theme><LienWeb URL="https://www.cleiss.fr/particuliers/venir/travailler/index.html"><Source>Centre des liaisons européennes et internationales de sécurité sociale (Cleiss)</Source></LienWeb><FicheLiee ID="F2787" audience="Particuliers" type="Fiche Question-réponse conditionnée"><Titre>Un étranger peut-il toucher des prestations familiales en France ?</Titre><Dossier ID="N156">Allocations destinées aux familles</Dossier></FicheLiee></ServiceComplementaire>