<?xml version="1.0" encoding="UTF-8"?><ServiceComplementaire xmlns:dc="http://purl.org/dc/elements/1.1/" xmlns:xsi="http://www.w3.org/2001/XMLSchema-instance" ID="R64293" type="Outil de recherche" xsi:noNamespaceSchemaLocation="../Schemas/3.4/ServiceComplementaire.xsd" spUrl="https://www.service-public.fr/particuliers/vosdroits/R64293"><dc:title>Connaître les certifications professionnelles éligibles à la Pro-A par branche (Outil de recherche)</dc:title><dc:creator>Direction de l'information légale et administrative</dc:creator><dc:subject>Travail - Formation</dc:subject><dc:description>Connaître les certifications professionnelles éligibles à la Pro-A par branche - Outil de recherche</dc:description><dc:publisher>Direction de l'information légale et administrative</dc:publisher><dc:contributor>Direction de l'information légale et administrative (Premier ministre)</dc:contributor><dc:date>modified 2023-01-31</dc:date><dc:type>Outil de recherche</dc:type><dc:format>text/xml</dc:format><dc:identifier>R64293</dc:identifier><dc:language>Fr</dc:language><dc:coverage>France entière</dc:coverage><dc:rights>https://www.service-public.fr/a-propos/mentions-legales</dc:rights><SurTitre>Outil de recherche</SurTitre><Audience>Particuliers</Audience><Canal>www.service-public.fr</Canal><FilDAriane><Niveau ID="Particuliers">Accueil particuliers</Niveau><Niveau ID="servicesEnLigne" type="Liste - Service en ligne">Services en ligne et formulaires</Niveau><Niveau ID="R64293" type="Outil de recherche">Connaître les certifications professionnelles éligibles à la Pro-A par branche</Niveau></FilDAriane><Theme ID="N19806"><Titre>Travail - Formation</Titre><Audience>Particuliers</Audience></Theme><LienWeb URL="https://www.centre-inffo.fr/site-droit-formation/actualites-droit/promotion-ou-reconversion-par-alternance-pro-a"><Source>Centre pour le développement de l'information sur la formation (Centre Inffo)</Source></LienWeb><FicheLiee ID="F13516" audience="Particuliers" type="Fiche d'information conditionnée"><Titre>Reconversion ou promotion par alternance (Pro-A)</Titre><Dossier ID="N177">Formation des salariés du secteur privé</Dossier></FicheLiee></ServiceComplementaire>