<?xml version="1.0" encoding="UTF-8"?><ServiceComplementaire xmlns:dc="http://purl.org/dc/elements/1.1/" xmlns:xsi="http://www.w3.org/2001/XMLSchema-instance" ID="R64410" type="Téléservice" xsi:noNamespaceSchemaLocation="../Schemas/3.4/ServiceComplementaire.xsd" spUrl="https://www.service-public.fr/particuliers/vosdroits/R64410"><dc:title>Info retraite - Corriger ma carrière (Service en ligne)</dc:title><dc:creator>Direction de l'information légale et administrative</dc:creator><dc:subject>Travail - Formation, Ressources humaines</dc:subject><dc:description>Ce service vous permet, à partir de 55 ans et avant votre départ à la retraite, de signaler à vos caisses de retraite d'éventuelles anomalies dans votre carrière : oublis, incohérences, etc.</dc:description><dc:publisher>Direction de l'information légale et administrative</dc:publisher><dc:contributor>Direction de l'information légale et administrative (Premier ministre)</dc:contributor><dc:date>modified 2023-02-10</dc:date><dc:type>Service en ligne</dc:type><dc:format>text/xml</dc:format><dc:identifier>R64410</dc:identifier><dc:language>Fr</dc:language><dc:coverage>France entière</dc:coverage><dc:rights>https://www.service-public.fr/a-propos/mentions-legales</dc:rights><SurTitre>Service en ligne</SurTitre><Audience>Particuliers</Audience><Audience>Professionnels</Audience><Canal>www.service-public.fr</Canal><FilDAriane><Niveau ID="Particuliers">Accueil particuliers</Niveau><Niveau ID="servicesEnLigne" type="Liste - Service en ligne">Services en ligne et formulaires</Niveau><Niveau ID="R64410" type="Téléservice">Info retraite - Corriger ma carrière</Niveau></FilDAriane><Theme ID="N19806"><Titre>Travail - Formation</Titre><Audience>Particuliers</Audience></Theme><Theme ID="N24267"><Titre>Ressources humaines</Titre><Audience>Professionnels</Audience></Theme><Texte><Paragraphe>Ce service vous permet, à partir de 55 ans et avant votre départ à la retraite, de signaler à vos caisses de retraite d'éventuelles anomalies dans votre carrière : oublis, incohérences, etc.</Paragraphe></Texte><LienWeb URL="https://www.info-retraite.fr/portail-services/sgc"><Source>Groupement d'intérêt public "Union retraite"</Source></LienWeb><FicheLiee ID="F35063" audience="Particuliers" type="Fiche Question-réponse conditionnée"><Titre>Combien de trimestres un salarié doit-il avoir pour avoir sa retraite à taux plein ?</Titre><Dossier ID="N381">Retraite d'un salarié du secteur privé</Dossier></FicheLiee><FicheLiee ID="F24617" audience="Particuliers" type="Fiche Question-réponse conditionnée"><Titre>Comment s'informer sur sa retraite ?</Titre><Dossier ID="N381">Retraite d'un salarié du secteur privé</Dossier></FicheLiee><FicheLiee ID="F13736" audience="Particuliers" type="Fiche d'information conditionnée"><Titre>Durée d'assurance retraite du fonctionnaire</Titre><Dossier ID="N379">Retraite d'un agent public</Dossier></FicheLiee><FicheLiee ID="F1761" audience="Particuliers" type="Fiche d'information conditionnée"><Titre>Durée d'assurance retraite du salarié du secteur privé</Titre><Dossier ID="N381">Retraite d'un salarié du secteur privé</Dossier></FicheLiee><FicheLiee ID="F1781" audience="Particuliers" type="Fiche d'information conditionnée"><Titre>Pension de retraite à taux plein d'un agent public</Titre><Dossier ID="N379">Retraite d'un agent public</Dossier></FicheLiee><FicheLiee ID="F14044" audience="Particuliers" type="Fiche d'information conditionnée"><Titre>Pension de retraite à taux plein du salarié</Titre><Dossier ID="N381">Retraite d'un salarié du secteur privé</Dossier></FicheLiee><FicheLiee ID="F20349" audience="Particuliers" type="Fiche Question-réponse conditionnée"><Titre>Retraite d'un agent public : qu'est-ce que la décote ?</Titre><Dossier ID="N379">Retraite d'un agent public</Dossier></FicheLiee><FicheLiee ID="F19666" audience="Particuliers" type="Fiche Question-réponse conditionnée"><Titre>Retraite du salarié : qu'est-ce que la décote ?</Titre><Dossier ID="N381">Retraite d'un salarié du secteur privé</Dossier></FicheLiee></ServiceComplementaire>