<?xml version="1.0" encoding="UTF-8"?><ServiceComplementaire xmlns:dc="http://purl.org/dc/elements/1.1/" xmlns:xsi="http://www.w3.org/2001/XMLSchema-instance" ID="R64419" type="Modèle de document" xsi:noNamespaceSchemaLocation="../Schemas/3.4/ServiceComplementaire.xsd" spUrl="https://www.service-public.fr/particuliers/vosdroits/R64419"><dc:title>Convocation à un entretien préalable au licenciement économique de moins de 10 salariés sur une même période de 30 jours (Modèle de document)</dc:title><dc:creator>Direction de l'information légale et administrative</dc:creator><dc:subject>Travail - Formation</dc:subject><dc:description>Convocation à un entretien préalable au licenciement économique de moins de 10 salariés sur une même période de 30 jours - Modèle de document</dc:description><dc:publisher>Direction de l'information légale et administrative</dc:publisher><dc:contributor>Direction de l'information légale et administrative (Premier ministre)</dc:contributor><dc:date>modified 2023-03-17</dc:date><dc:type>Modèle de document</dc:type><dc:format>text/xml</dc:format><dc:identifier>R64419</dc:identifier><dc:language>Fr</dc:language><dc:coverage>France entière</dc:coverage><dc:rights>https://www.service-public.fr/a-propos/mentions-legales</dc:rights><SurTitre>Modèle de document</SurTitre><Audience>Particuliers</Audience><Canal>www.service-public.fr</Canal><FilDAriane><Niveau ID="Particuliers">Accueil particuliers</Niveau><Niveau ID="servicesEnLigne" type="Liste - Service en ligne">Services en ligne et formulaires</Niveau><Niveau ID="R64419" type="Modèle de document">Convocation à un entretien préalable au licenciement économique de moins de 10 salariés sur une même période de 30 jours</Niveau></FilDAriane><Theme ID="N19806"><Titre>Travail - Formation</Titre><Audience>Particuliers</Audience></Theme><LienWeb URL="https://code.travail.gouv.fr/modeles-de-courriers/convocation-a-un-entretien-prealable-au-licenciement-economique-de-moins-de-10-salaries-pendant-30-jours?src_url=https://www.service-public.fr/particuliers/vosdroits/F13782"><Source>Ministère chargé du travail</Source></LienWeb><FicheLiee ID="F13782" audience="Particuliers" type="Fiche d'information conditionnée"><Titre>Licenciement économique : entretien préalable</Titre><Dossier ID="N481">Licenciement économique</Dossier></FicheLiee></ServiceComplementaire>