<?xml version="1.0" encoding="UTF-8"?><ServiceComplementaire xmlns:dc="http://purl.org/dc/elements/1.1/" xmlns:xsi="http://www.w3.org/2001/XMLSchema-instance" ID="R64506" type="Formulaire" xsi:noNamespaceSchemaLocation="../Schemas/3.4/ServiceComplementaire.xsd" spUrl="https://www.service-public.fr/particuliers/vosdroits/R64506"><dc:title>Demande d'agrément d'une structure d'accueil et d'accompagnement des personnes sous main de justice faisant l'objet d'une mesure de placement à l'extérieur - Procédure accélérée (Formulaire 16217*01)</dc:title><dc:creator>Direction de l'information légale et administrative</dc:creator><dc:description>Demande d'agrément d'une structure d'accueil et d'accompagnement des personnes sous main de justice faisant l'objet d'une mesure de placement à l'extérieur - Procédure accélérée - Formulaire</dc:description><dc:publisher>Direction de l'information légale et administrative</dc:publisher><dc:contributor>Direction de l'information légale et administrative (Premier ministre)</dc:contributor><dc:date>modified 2023-02-24</dc:date><dc:type>Formulaire</dc:type><dc:format>text/xml</dc:format><dc:identifier>R64506</dc:identifier><dc:language>Fr</dc:language><dc:coverage>France entière</dc:coverage><dc:rights>https://www.service-public.fr/a-propos/mentions-legales</dc:rights><SurTitre>Formulaire</SurTitre><Audience>Particuliers</Audience><Canal>www.service-public.fr</Canal><FilDAriane><Niveau ID="Particuliers">Accueil particuliers</Niveau><Niveau ID="servicesEnLigne" type="Liste - Service en ligne">Services en ligne et formulaires</Niveau><Niveau ID="R64506" type="Formulaire">Demande d'agrément d'une structure d'accueil et d'accompagnement des personnes sous main de justice faisant l'objet d'une mesure de placement à l'extérieur - Procédure accélérée</Niveau></FilDAriane><NumeroCerfa>16217*01</NumeroCerfa><LienWeb URL="https://www.formulaires.service-public.fr/gf/cerfa_16217.do"><Source>Ministère chargé de la justice</Source></LienWeb></ServiceComplementaire>