<?xml version="1.0" encoding="UTF-8"?><ServiceComplementaire xmlns:dc="http://purl.org/dc/elements/1.1/" xmlns:xsi="http://www.w3.org/2001/XMLSchema-instance" ID="R64941" type="Téléservice" xsi:noNamespaceSchemaLocation="../Schemas/3.4/ServiceComplementaire.xsd" spUrl="https://www.service-public.fr/particuliers/vosdroits/R64941"><dc:title>Comment déterminer l'ancienneté du salarié ? (Service en ligne)</dc:title><dc:creator>Direction de l'information légale et administrative</dc:creator><dc:subject>Travail - Formation</dc:subject><dc:description>Ce service en ligne permet de déterminer l'ancienneté du salarié pour calculer l'indemnité de licenciement. Il prend en compte les dispositions éventuelles de la convention collective applicable au salarié.</dc:description><dc:publisher>Direction de l'information légale et administrative</dc:publisher><dc:contributor>Direction de l'information légale et administrative (Premier ministre)</dc:contributor><dc:date>modified 2023-05-09</dc:date><dc:type>Service en ligne</dc:type><dc:format>text/xml</dc:format><dc:identifier>R64941</dc:identifier><dc:language>Fr</dc:language><dc:coverage>France entière</dc:coverage><dc:rights>https://www.service-public.fr/a-propos/mentions-legales</dc:rights><SurTitre>Service en ligne</SurTitre><Audience>Particuliers</Audience><Canal>www.service-public.fr</Canal><FilDAriane><Niveau ID="Particuliers">Accueil particuliers</Niveau><Niveau ID="servicesEnLigne" type="Liste - Service en ligne">Services en ligne et formulaires</Niveau><Niveau ID="R64941" type="Téléservice">Comment déterminer l'ancienneté du salarié ?</Niveau></FilDAriane><Theme ID="N19806"><Titre>Travail - Formation</Titre><Audience>Particuliers</Audience></Theme><Texte><Paragraphe>Ce service en ligne permet de déterminer l'ancienneté du salarié pour calculer l'indemnité de licenciement. Il prend en compte les dispositions éventuelles de la convention collective applicable au salarié.</Paragraphe></Texte><LienWeb URL="https://code.travail.gouv.fr/contribution/comment-determiner-lanciennete-du-salarie?src_url=https://www.service-public.fr/particuliers/vosdroits/F371"><Source>Ministère chargé du travail</Source></LienWeb><FicheLiee ID="F371" audience="Particuliers" type="Fiche Question-réponse conditionnée"><Titre>Comment calculer l'ancienneté pour le montant de l'indemnité de licenciement ?</Titre><Dossier ID="N480">Licenciement d'un salarié du secteur privé pour motif personnel</Dossier></FicheLiee></ServiceComplementaire>