<?xml version="1.0" encoding="UTF-8"?><ServiceComplementaire xmlns:dc="http://purl.org/dc/elements/1.1/" xmlns:xsi="http://www.w3.org/2001/XMLSchema-instance" ID="R65265" type="Outil de recherche" xsi:noNamespaceSchemaLocation="../Schemas/3.4/ServiceComplementaire.xsd" spUrl="https://www.service-public.fr/particuliers/vosdroits/R65265"><dc:title>Consulter la liste des établissements scolaires proposant un internat (Outil de recherche)</dc:title><dc:creator>Direction de l'information légale et administrative</dc:creator><dc:subject>Famille - Scolarité</dc:subject><dc:description>Ce service en ligne vous permet de consulter la liste des établissements scolaires proposant un internat.</dc:description><dc:publisher>Direction de l'information légale et administrative</dc:publisher><dc:contributor>Direction de l'information légale et administrative (Premier ministre)</dc:contributor><dc:date>modified 2023-06-14</dc:date><dc:type>Outil de recherche</dc:type><dc:format>text/xml</dc:format><dc:identifier>R65265</dc:identifier><dc:language>Fr</dc:language><dc:coverage>France entière</dc:coverage><dc:rights>https://www.service-public.fr/a-propos/mentions-legales</dc:rights><SurTitre>Outil de recherche</SurTitre><Audience>Particuliers</Audience><Canal>www.service-public.fr</Canal><FilDAriane><Niveau ID="Particuliers">Accueil particuliers</Niveau><Niveau ID="servicesEnLigne" type="Liste - Service en ligne">Services en ligne et formulaires</Niveau><Niveau ID="R65265" type="Outil de recherche">Consulter la liste des établissements scolaires proposant un internat</Niveau></FilDAriane><Theme ID="N19805"><Titre>Famille - Scolarité</Titre><Audience>Particuliers</Audience></Theme><Texte><Paragraphe>Ce service en ligne vous permet de consulter la liste des établissements scolaires proposant un internat.</Paragraphe></Texte><LienWeb URL="http://www.internat.education.gouv.fr/ConsultationAnnuaireInternat/"><Source>Ministère chargé de l'éducation</Source></LienWeb><FicheLiee ID="F1867" audience="Particuliers" type="Fiche d'information conditionnée"><Titre>Internat</Titre><Dossier ID="N56">Collège et lycée</Dossier></FicheLiee></ServiceComplementaire>