<?xml version="1.0" encoding="UTF-8"?><ServiceComplementaire xmlns:dc="http://purl.org/dc/elements/1.1/" xmlns:xsi="http://www.w3.org/2001/XMLSchema-instance" ID="R65644" type="Outil de recherche" xsi:noNamespaceSchemaLocation="../Schemas/3.4/ServiceComplementaire.xsd" spUrl="https://www.service-public.fr/particuliers/vosdroits/R65644"><dc:title>Prendre connaissance de la signalétique des programmes (signalétique jeunesse) (Outil de recherche)</dc:title><dc:creator>Direction de l'information légale et administrative</dc:creator><dc:description>Prendre connaissance de la signalétique des programmes (signalétique jeunesse) - Outil de recherche</dc:description><dc:publisher>Direction de l'information légale et administrative</dc:publisher><dc:contributor>Direction de l'information légale et administrative (Premier ministre)</dc:contributor><dc:date>modified 2023-08-08</dc:date><dc:type>Outil de recherche</dc:type><dc:format>text/xml</dc:format><dc:identifier>R65644</dc:identifier><dc:language>Fr</dc:language><dc:coverage>France entière</dc:coverage><dc:rights>https://www.service-public.fr/a-propos/mentions-legales</dc:rights><SurTitre>Outil de recherche</SurTitre><Audience>Particuliers</Audience><Canal>www.service-public.fr</Canal><FilDAriane><Niveau ID="Particuliers">Accueil particuliers</Niveau><Niveau ID="servicesEnLigne" type="Liste - Service en ligne">Services en ligne et formulaires</Niveau><Niveau ID="R65644" type="Outil de recherche">Prendre connaissance de la signalétique des programmes (signalétique jeunesse)</Niveau></FilDAriane><LienWeb URL="https://www.arcom.fr/nos-missions/pluralisme-et-cohesion-sociale/protection-de-la-jeunesse-et-des-mineurs#title-4084"><Source>Autorité de régulation de la communication audiovisuelle et numérique (Arcom)</Source></LienWeb></ServiceComplementaire>