<?xml version="1.0" encoding="UTF-8"?><ServiceComplementaire xmlns:dc="http://purl.org/dc/elements/1.1/" xmlns:xsi="http://www.w3.org/2001/XMLSchema-instance" ID="R66394" type="Téléservice" xsi:noNamespaceSchemaLocation="../Schemas/3.4/ServiceComplementaire.xsd" spUrl="https://www.service-public.fr/particuliers/vosdroits/R66394"><dc:title>DéclareDouane : aide à la préparation des démarches douanières lors d'achats de biens à l'étranger hors UE (Service en ligne)</dc:title><dc:creator>Direction de l'information légale et administrative</dc:creator><dc:subject>Argent - Impôts - Consommation</dc:subject><dc:description>DéclareDouane : aide à la préparation des démarches douanières lors d'achats de biens à l'étranger hors UE - Service en ligne</dc:description><dc:publisher>Direction de l'information légale et administrative</dc:publisher><dc:contributor>Direction de l'information légale et administrative (Premier ministre)</dc:contributor><dc:date>modified 2023-11-14</dc:date><dc:type>Service en ligne</dc:type><dc:format>text/xml</dc:format><dc:identifier>R66394</dc:identifier><dc:language>Fr</dc:language><dc:coverage>France entière</dc:coverage><dc:rights>https://www.service-public.fr/a-propos/mentions-legales</dc:rights><SurTitre>Service en ligne</SurTitre><Audience>Particuliers</Audience><Canal>www.service-public.fr</Canal><FilDAriane><Niveau ID="Particuliers">Accueil particuliers</Niveau><Niveau ID="servicesEnLigne" type="Liste - Service en ligne">Services en ligne et formulaires</Niveau><Niveau ID="R66394" type="Téléservice">DéclareDouane : aide à la préparation des démarches douanières lors d'achats de biens à l'étranger hors UE</Niveau></FilDAriane><Theme ID="N19803"><Titre>Argent - Impôts - Consommation</Titre><Audience>Particuliers</Audience></Theme><LienWeb URL="https://declare-douane.beta.gouv.fr/"><Source>Direction générale des douanes et droits indirects</Source></LienWeb><FicheLiee ID="F50" audience="Particuliers" type="Fiche d'information conditionnée"><Titre>Payez-vous des droits de douane sur vos achats au retour d'un voyage (UE et étranger) ?</Titre><Dossier ID="N230">Douane</Dossier></FicheLiee></ServiceComplementaire>