<?xml version="1.0" encoding="UTF-8"?><ServiceComplementaire xmlns:dc="http://purl.org/dc/elements/1.1/" xmlns:xsi="http://www.w3.org/2001/XMLSchema-instance" ID="R66393" type="Simulateur" xsi:noNamespaceSchemaLocation="../Schemas/3.4/ServiceComplementaire.xsd" spUrl="https://www.service-public.fr/particuliers/vosdroits/R66393"><dc:title>Calculer les droits de douanes sur vos achats à l'étranger, hors UE (Simulateur)</dc:title><dc:creator>Direction de l'information légale et administrative</dc:creator><dc:subject>Argent - Impôts - Consommation</dc:subject><dc:description>Ce service en ligne vous permet d’estimer les éventuels droits et taxes à acquitter, si vous ramenez avec vous certains produits de l’étranger. Ce simulateur effectue le calcul en fonction de l'objet précis, de sa valeur dans la monnaie locale, du moyen de transport, du pays de provenance. Il vous oriente ensuite vers la déclaration à effectuer.</dc:description><dc:publisher>Direction de l'information légale et administrative</dc:publisher><dc:contributor>Direction de l'information légale et administrative (Premier ministre)</dc:contributor><dc:date>modified 2023-11-14</dc:date><dc:type>Simulateur</dc:type><dc:format>text/xml</dc:format><dc:identifier>R66393</dc:identifier><dc:language>Fr</dc:language><dc:coverage>France entière</dc:coverage><dc:rights>https://www.service-public.fr/a-propos/mentions-legales</dc:rights><SurTitre>Simulateur</SurTitre><Audience>Particuliers</Audience><Canal>www.service-public.fr</Canal><FilDAriane><Niveau ID="Particuliers">Accueil particuliers</Niveau><Niveau ID="servicesEnLigne" type="Liste - Service en ligne">Services en ligne et formulaires</Niveau><Niveau ID="R66393" type="Simulateur">Calculer les droits de douanes sur vos achats à l'étranger, hors UE</Niveau></FilDAriane><Theme ID="N19803"><Titre>Argent - Impôts - Consommation</Titre><Audience>Particuliers</Audience></Theme><Texte><Paragraphe>Ce service en ligne vous permet d’<MiseEnEvidence>estimer</MiseEnEvidence> les éventuels droits et <MiseEnEvidence>taxes</MiseEnEvidence> à acquitter, si vous ramenez avec vous certains produits de l’étranger.</Paragraphe><Paragraphe>Ce simulateur effectue le calcul en fonction de l'<MiseEnEvidence>objet précis</MiseEnEvidence>, de sa <MiseEnEvidence>valeur</MiseEnEvidence> dans la monnaie locale, du moyen de <MiseEnEvidence>transport</MiseEnEvidence>, du pays de <MiseEnEvidence>provenance</MiseEnEvidence>.</Paragraphe><Paragraphe>Il vous oriente ensuite vers la <MiseEnEvidence>déclaration</MiseEnEvidence> à effectuer.</Paragraphe></Texte><LienWeb URL="https://declare-douane.beta.gouv.fr/simulateur/configuration/etape1/"><Source>Direction générale des douanes et droits indirects</Source></LienWeb><FicheLiee ID="F50" audience="Particuliers" type="Fiche d'information conditionnée"><Titre>Payez-vous des droits de douane sur vos achats au retour d'un voyage (UE et étranger) ?</Titre><Dossier ID="N230">Douane</Dossier></FicheLiee></ServiceComplementaire>