<?xml version="1.0" encoding="UTF-8"?><ServiceComplementaire xmlns:dc="http://purl.org/dc/elements/1.1/" xmlns:xsi="http://www.w3.org/2001/XMLSchema-instance" ID="R66724" type="Téléservice" xsi:noNamespaceSchemaLocation="../Schemas/3.4/ServiceComplementaire.xsd" spUrl="https://www.service-public.fr/particuliers/vosdroits/R66724"><dc:title>Parcoursup : intégrer le calendrier des dates clés dans votre agenda (Service en ligne)</dc:title><dc:creator>Direction de l'information légale et administrative</dc:creator><dc:subject>Famille - Scolarité</dc:subject><dc:description>La procédure Parcoursup se déroule selon un calendrier au cours duquel vous devez vous informer sur les différentes formations et établissements qui vous intéressent, formuler des vœux et valider les propositions d'admission reçues. Cet outil vous permet d’intégrer le calendrier des dates clés de la procédure Parcoursup dans votre agenda.</dc:description><dc:publisher>Direction de l'information légale et administrative</dc:publisher><dc:contributor>Direction de l'information légale et administrative (Premier ministre)</dc:contributor><dc:date>modified 2023-12-19</dc:date><dc:type>Service en ligne</dc:type><dc:format>text/xml</dc:format><dc:identifier>R66724</dc:identifier><dc:language>Fr</dc:language><dc:coverage>France entière</dc:coverage><dc:rights>https://www.service-public.fr/a-propos/mentions-legales</dc:rights><SurTitre>Service en ligne</SurTitre><Audience>Particuliers</Audience><Canal>www.service-public.fr</Canal><FilDAriane><Niveau ID="Particuliers">Accueil particuliers</Niveau><Niveau ID="servicesEnLigne" type="Liste - Service en ligne">Services en ligne et formulaires</Niveau><Niveau ID="R66724" type="Téléservice">Parcoursup : intégrer le calendrier des dates clés dans votre agenda</Niveau></FilDAriane><Theme ID="N19805"><Titre>Famille - Scolarité</Titre><Audience>Particuliers</Audience></Theme><Introduction><Texte><Paragraphe>La procédure Parcoursup se déroule selon un calendrier au cours duquel vous devez vous informer sur les différentes formations et établissements qui vous intéressent, formuler des vœux et valider les propositions d'admission reçues.</Paragraphe><Paragraphe>Cet outil vous permet d’intégrer le calendrier des dates clés de la procédure Parcoursup dans votre agenda.</Paragraphe></Texte></Introduction><LienWeb URL="https://www.service-public.fr/simulateur/calcul/CalendrierParcoursup"><Source>Direction de l'information légale et administrative (Dila) - Premier ministre</Source></LienWeb><FicheLiee ID="F23476" audience="Particuliers" type="Fiche d'information conditionnée"><Titre>Parcoursup</Titre><Dossier ID="N56">Collège et lycée</Dossier></FicheLiee></ServiceComplementaire>