<?xml version="1.0" encoding="UTF-8"?><ServiceComplementaire xmlns:dc="http://purl.org/dc/elements/1.1/" xmlns:xsi="http://www.w3.org/2001/XMLSchema-instance" ID="R997" type="Modèle de document" xsi:noNamespaceSchemaLocation="../Schemas/3.4/ServiceComplementaire.xsd" spUrl="https://www.service-public.fr/particuliers/vosdroits/R997"><dc:title>Caution pour un crédit à la consommation (Modèle de document)</dc:title><dc:creator>Direction de l'information légale et administrative</dc:creator><dc:subject>Argent - Impôts - Consommation</dc:subject><dc:description>Lorsqu'une personne se porte caution par un acte sous signature privée, elle doit faire précéder sa signature de la mention manuscrite suivante : S'il s'agit d'une caution simple, la mention sera complétée par le paragraphe suivant : "En me portant caution de Nom et prénom de la personne pour qui vous vous portez caution, dans la limite de la somme de somme en euros couvrant le paiement du principal, des intérêts et, le cas échéant, des pénalités ou intérêts de retard et pour la durée de durée en mois ou en années, je m'engage à rembourser au prêteur les sommes dues sur mes revenus et mes biens si Nom et prénom de la personne pour qui vous vous portez caution n'y satisfait pas lui-même." S'il s'agit d'une caution solidaire, la mention sera complétée par le paragraphe suivant : "En renonçant au bénéfice de discussion défini à l'article 2298 du code civil et en m'obligeant solidairement avec Nom et prénom de la personne pour qui vous vous portez caution, je m'engage à rembourser le créancier sans pouvoir exiger qu'il poursuive préalablement Nom et prénom de la personne pour qui vous vous portez caution."</dc:description><dc:publisher>Direction de l'information légale et administrative</dc:publisher><dc:contributor>Direction de l'information légale et administrative (Premier ministre)</dc:contributor><dc:date>modified 2021-06-01</dc:date><dc:type>Modèle de document</dc:type><dc:format>text/xml</dc:format><dc:identifier>R997</dc:identifier><dc:language>Fr</dc:language><dc:coverage>France entière</dc:coverage><dc:rights>https://www.service-public.fr/a-propos/mentions-legales</dc:rights><SurTitre>Modèle de document</SurTitre><Audience>Particuliers</Audience><Canal>www.service-public.fr</Canal><FilDAriane><Niveau ID="Particuliers">Accueil particuliers</Niveau><Niveau ID="servicesEnLigne" type="Liste - Service en ligne">Services en ligne et formulaires</Niveau><Niveau ID="R997" type="Modèle de document">Caution pour un crédit à la consommation</Niveau></FilDAriane><Theme ID="N19803"><Titre>Argent - Impôts - Consommation</Titre><Audience>Particuliers</Audience></Theme><Texte><Paragraphe>Lorsqu'une personne se porte caution par un <LienIntra LienID="R17852" type="Définition de glossaire">acte sous signature privée</LienIntra>, elle doit faire précéder sa signature de la <MiseEnEvidence>mention manuscrite</MiseEnEvidence> suivante :</Paragraphe><Paragraphe>S'il s'agit d'une caution simple, la mention sera complétée par le paragraphe suivant :</Paragraphe><Paragraphe>"En me portant caution de <Variable>Nom et prénom de la personne pour qui vous vous portez caution</Variable>, dans la limite de la somme de <Variable>somme en euros</Variable> couvrant le paiement du principal, des intérêts et, le cas échéant, des pénalités ou intérêts de retard et pour la durée de <Variable>durée en mois ou en années</Variable>, je m'engage à rembourser au prêteur les sommes dues sur mes revenus et mes biens si <Variable>Nom et prénom de la personne pour qui vous vous portez caution</Variable> n'y satisfait pas lui-même."</Paragraphe><Paragraphe>S'il s'agit d'une caution solidaire, la mention sera complétée par le paragraphe suivant :</Paragraphe><Paragraphe>"En renonçant au bénéfice de discussion défini à l'article 2298 du code civil et en m'obligeant solidairement avec <Variable>Nom et prénom de la personne pour qui vous vous portez caution</Variable>, je m'engage à rembourser le créancier sans pouvoir exiger qu'il poursuive préalablement <Variable>Nom et prénom de la personne pour qui vous vous portez caution</Variable>."</Paragraphe></Texte><FicheLiee ID="F16124" audience="Particuliers" type="Fiche Question-réponse conditionnée"><Titre>Faut-il avoir une caution pour obtenir un crédit à la consommation ?</Titre><Dossier ID="N96">Crédit à la consommation</Dossier></FicheLiee><Definition ID="R17852"><Titre>Acte sous signature privée</Titre><Texte><Paragraphe>Acte rédigé et signé par des particuliers, sans la présence d'un notaire (par exemple, un contrat)</Paragraphe></Texte><Reference type="Texte de référence" URL="https://www.legifrance.gouv.fr/codes/id/LEGISCTA000032037833" ID="R2270"><Titre>Code civil : articles 1372 à 1377</Titre></Reference></Definition></ServiceComplementaire>